unicode,seal_radical,trad_radical,simp_radical
19968,一,一,1.0
19969,丁,一,1.0
19970,丂,一,1.0
19971,七,一,1.0
19972,丄,一,1.0
19973,丄,一,1.0
19974,,,1.0
19975,禸,一,1.0
19976,十,一,1.0
19977,三,一,1.0
19978,丄,一,1.0
19979,丄,一,1.0
19980,丌,一,1.0
19981,不,一,1.0
19982,勺,一,1.0
19983,丏,一,1.0
19984,亡,一,1.0
19985,丑,一,1.0
19986,丑,,1.0
19987,寸,寸,1.0
19988,且,一,1.0
19989,一,一,1.0
19990,𠦃,一,1.0
19991,𠦃,十,1.0
19992,丘,一,1.0
19993,丙,一,1.0
19994,丵,木,1.0
19995,丵,又,1.0
19996,東,木,1.0
19997,絲,糸,1.0
19998,廾,一,1.0
19999,,一,1.0
20000,丘,一,1.0
20001,,入,1.0
20002,,一,1.0
20003,酉,一,1.0
20004,㒳,入,1.0
20005,吅,口,1.0
20006,並,一,1.0
20007,哭,口,1.0
20008,丨,丨,2.0
20009,丩,丨,2.0
20010,竹,丨,2.0
20011,,丨,2.0
20012,片,爿,90.0
20013,丨,丨,2.0
20014,丮,丨,2.0
20015,丯,丨,2.0
20016,生,丨,2.0
20017,石,丨,2.0
20018,,丨,2.0
20019,,丨,2.0
20020,臥,臣,2.0
20021,丵,丨,2.0
20022,丶,丶,3.0
20023,,,3.0
20024,丸,丶,3.0
20025,丹,丶,3.0
20026,爪,爪,3.0
20027,丶,丶,3.0
20028,井,丶,3.0
20029,鹿,丶,1.0
20030,手,手,3.0
20031,丿,丿,4.0
20032,丿,丿,4.0
20033,乁,丿,4.0
20034,丿,丿,4.0
20035,乃,丿,4.0
20036,,,4.0
20037,久,丿,4.0
20038,久,丿,4.0
20039,乇,丿,4.0
20040,幺,丿,4.0
20041,我,羊,3.0
20042,,,4.0
20043,之,丿,4.0
20044,烏,火,4.0
20045,亡,丿,4.0
20046,兮,丿,4.0
20047,正,丿,4.0
20048,木,木,4.0
20049,㐺,丿,4.0
20050,,水,4.0
20051,,水,4.0
20052,夭,口,4.0
20053,,虍,4.0
20054,𦫳,丿,4.0
20055,桀,丿,4.0
20056,桀,丿,4.0
20057,乙,乙,5.0
20058,𠃉,,5.0
20059,,,5.0
20060,,乙,5.0
20061,九,乙,5.0
20062,气,乙,5.0
20063,乁,乙,5.0
20064,習,羽,5.0
20065,𨛜,邑,52.0
20066,,乙,46.0
20067,,乙,5.0
20068,,,5.0
20069,,,5.0
20070,聿,曰,5.0
20071,,,5.0
20072,,乙,5.0
20073,,乙,5.0
20074,,,5.0
20075,,,5.0
20076,,,5.0
20077,,,5.0
20078,,,5.0
20079,,,5.0
20080,貝,貝,5.0
20081,乙,乙,5.0
20082,,,5.0
20083,𠃉,乙,5.0
20084,,乙,5.0
20085,,乙,5.0
20086,,,5.0
20087,,,5.0
20088,,,5.0
20089,,乙,5.0
20090,,,5.0
20091,,,5.0
20092,,,5.0
20093,,,5.0
20094,乙,乙,5.0
20095,𠬪,乙,5.0
20096,,,5.0
20097,,乙,5.0
20098,乙,乙,5.0
20099,,乙,5.0
20100,,乙,5.0
20101,亅,亅,6.0
20102,了,亅,6.0
20103,,丨,6.0
20104,予,亅,6.0
20105,𠬪,爪,6.0
20106,,亅,6.0
20107,史,亅,6.0
20108,二,二,7.0
20109,彳,二,7.0
20110,亏,二,7.0
20111,亏,二,7.0
20112,亏,二,1.0
20113,雲,二,7.0
20114,竹,二,7.0
20115,,二,7.0
20116,五,二,7.0
20117,井,二,7.0
20118,四,二,7.0
20119,,二,7.0
20120,二,二,7.0
20121,木,二,7.0
20122,亞,二,7.0
20123,此,二,7.0
20124,亞,二,7.0
20125,齊,二,7.0
20126,亞,二,7.0
20127,二,二,7.0
20128,,亠,8.0
20129,亡,亠,8.0
20130,亢,亠,8.0
20131,亣,亠,8.0
20132,交,亠,8.0
20133,亥,亠,8.0
20134,亦,亠,8.0
20135,生,生,8.0
20136,亯,亠,8.0
20137,田,田,8.0
20138,,,8.0
20139,亯,亠,8.0
20140,京,亠,8.0
20141,高,亠,8.0
20142,儿,亠,8.0
20143,亯,亠,8.0
20144,,亠,8.0
20145,,夕,8.0
20146,見,見,8.0
20147,高,亠,8.0
20148,,亠,8.0
20149,衣,衣,8.0
20150,㐭,亠,8.0
20151,,广,8.0
20152,,口,8.0
20153,,亠,8.0
20154,人,人,9.0
20155,,人,9.0
20156,亼,人,9.0
20157,,,9.0
20158,亡,亠,9.0
20159,人,人,9.0
20160,人,人,9.0
20161,人,人,9.0
20162,手,人,9.0
20163,,人,9.0
20164,厂,人,9.0
20165,人,人,9.0
20166,人,人,9.0
20167,人,人,9.0
20168,,人,9.0
20169,,人,9.0
20170,亼,人,9.0
20171,八,人,9.0
20172,仌,人,9.0
20173,人,人,9.0
20174,从,人,9.0
20175,,人,9.0
20176,十,人,9.0
20177,亼,人,9.0
20178,,,9.0
20179,倉,人,9.0
20180,人,人,9.0
20181,人,人,9.0
20182,人,人,9.0
20183,木,人,9.0
20184,人,人,9.0
20185,人,人,9.0
20186,人,人,9.0
20187,,人,9.0
20188,人,人,9.0
20189,入,人,9.0
20190,人,人,9.0
20191,十,人,9.0
20192,,人,9.0
20193,人,人,9.0
20194,人,人,9.0
20195,人,人,9.0
20196,卩,人,9.0
20197,巳,人,9.0
20198,,人,9.0
20199,長,人,9.0
20200,,,9.0
20201,,人,9.0
20202,人,人,9.0
20203,,,9.0
20204,,人,9.0
20205,人,,9.0
20206,,人,9.0
20207,,人,9.0
20208,人,人,9.0
20209,,人,9.0
20210,人,人,9.0
20211,人,人,9.0
20212,,人,9.0
20213,,人,9.0
20214,人,人,9.0
20215,人,人,9.0
20216,,人,9.0
20217,,人,9.0
20218,倉,人,9.0
20219,人,人,9.0
20220,,人,9.0
20221,人,人,9.0
20222,人,人,9.0
20223,人,人,9.0
20224,人,人,9.0
20225,人,人,9.0
20226,,人,9.0
20227,人,人,9.0
20228,,人,9.0
20229,,人,9.0
20230,,人,9.0
20231,殳,人,9.0
20232,,人,9.0
20233,人,人,9.0
20234,人,人,9.0
20235,人,人,9.0
20236,,人,9.0
20237,人,人,9.0
20238,人,人,9.0
20239,人,人,9.0
20240,人,人,9.0
20241,木,人,9.0
20242,,人,9.0
20243,,人,9.0
20244,,人,9.0
20245,,人,9.0
20246,,人,9.0
20247,㐺,人,9.0
20248,人,人,9.0
20249,多,夕,9.0
20250,會,曰,9.0
20251,人,人,9.0
20252,人,人,9.0
20253,,,9.0
20254,,人,9.0
20255,人,人,9.0
20256,人,人,9.0
20257,,,9.0
20258,,牙,9.0
20259,人,人,9.0
20260,人,人,9.0
20261,人,人,9.0
20262,人,人,9.0
20263,,人,9.0
20264,,彳,9.0
20265,,,9.0
20266,人,人,9.0
20267,人,人,9.0
20268,,,9.0
20269,人,人,9.0
20270,,人,9.0
20271,人,人,9.0
20272,,人,9.0
20273,,人,9.0
20274,,人,9.0
20275,,人,9.0
20276,人,人,9.0
20277,,人,9.0
20278,人,人,9.0
20279,,人,9.0
20280,人,人,9.0
20281,人,人,9.0
20282,人,人,9.0
20283,,人,9.0
20284,人,人,9.0
20285,,人,9.0
20286,人,人,9.0
20287,人,人,9.0
20288,人,人,9.0
20289,人,人,9.0
20290,,人,9.0
20291,人,人,9.0
20292,,人,9.0
20293,,人,9.0
20294,人,人,9.0
20295,人,人,9.0
20296,,人,9.0
20297,,人,9.0
20298,,人,9.0
20299,人,人,9.0
20300,,人,9.0
20301,人,人,9.0
20302,人,人,9.0
20303,,人,9.0
20304,左,人,9.0
20305,口,人,9.0
20306,,人,9.0
20307,骨,人,9.0
20308,,人,9.0
20309,人,人,9.0
20310,人,人,9.0
20311,人,人,9.0
20312,,人,9.0
20313,八,人,9.0
20314,人,人,9.0
20315,人,人,9.0
20316,人,人,9.0
20317,人,人,9.0
20318,女,人,9.0
20319,,人,9.0
20320,,人,9.0
20321,,人,9.0
20322,,人,9.0
20323,人,人,9.0
20324,,,9.0
20325,亼,人,9.0
20326,,,9.0
20327,,,9.0
20328,,,9.0
20329,人,人,9.0
20330,,人,9.0
20331,,人,9.0
20332,,人,9.0
20333,,人,9.0
20334,人,人,9.0
20335,,人,9.0
20336,人,人,9.0
20337,廌,人,9.0
20338,,人,9.0
20339,人,人,9.0
20340,人,人,9.0
20341,人,人,9.0
20342,人,人,9.0
20343,,人,9.0
20344,人,人,9.0
20345,,人,9.0
20346,人,人,9.0
20347,人,人,9.0
20348,人,人,9.0
20349,人,人,9.0
20350,人,人,9.0
20351,人,人,9.0
20352,,人,9.0
20353,人,人,9.0
20354,人,人,9.0
20355,川,人,9.0
20356,女,人,9.0
20357,人,人,9.0
20358,來,人,9.0
20359,,人,9.0
20360,人,人,9.0
20361,人,人,9.0
20362,人,人,9.0
20363,人,人,9.0
20364,雲,人,9.0
20365,人,人,9.0
20366,攴,人,9.0
20367,,人,9.0
20368,人,人,9.0
20369,女,人,9.0
20370,人,人,9.0
20371,,人,9.0
20372,人,人,9.0
20373,,人,9.0
20374,亼,人,9.0
20375,人,人,9.0
20376,,人,9.0
20377,人,人,9.0
20378,人,人,9.0
20379,人,人,9.0
20380,人,人,9.0
20381,人,人,9.0
20382,,人,9.0
20383,,人,9.0
20384,人,人,9.0
20385,,人,9.0
20386,,,9.0
20387,人,人,9.0
20388,,,9.0
20389,人,人,9.0
20390,人,人,9.0
20391,人,人,9.0
20392,人,人,9.0
20393,人,人,9.0
20394,人,人,9.0
20395,,人,9.0
20396,,人,9.0
20397,,人,9.0
20398,人,人,9.0
20399,矢,人,9.0
20400,,人,9.0
20401,,人,9.0
20402,人,人,9.0
20403,人,人,9.0
20404,,人,9.0
20405,人,人,9.0
20406,人,人,9.0
20407,,人,9.0
20408,人,人,9.0
20409,人,人,9.0
20410,,人,9.0
20411,,人,9.0
20412,,人,9.0
20413,,人,9.0
20414,,人,9.0
20415,人,人,9.0
20416,,人,9.0
20417,人,人,9.0
20418,人,人,9.0
20419,人,人,9.0
20420,人,人,9.0
20421,人,人,9.0
20422,人,人,9.0
20423,人,人,9.0
20424,,人,9.0
20425,,人,9.0
20426,人,人,9.0
20427,,人,9.0
20428,人,人,9.0
20429,,人,9.0
20430,且,人,9.0
20431,,人,9.0
20432,,人,9.0
20433,人,人,9.0
20434,人,人,9.0
20435,,人,9.0
20436,人,人,9.0
20437,,人,9.0
20438,,人,9.0
20439,人,人,9.0
20440,人,人,9.0
20441,人,人,9.0
20442,人,人,9.0
20443,頁,人,9.0
20444,人,人,9.0
20445,人,人,9.0
20446,舟,人,9.0
20447,人,人,9.0
20448,人,人,9.0
20449,言,人,9.0
20450,,,9.0
20451,人,人,9.0
20452,,,9.0
20453,,,9.0
20454,人,人,9.0
20455,,,9.0
20456,人,人,9.0
20457,,人,9.0
20458,人,人,9.0
20459,,人,9.0
20460,,,9.0
20461,人,人,9.0
20462,彡,人,9.0
20463,頁,人,9.0
20464,,人,9.0
20465,人,人,9.0
20466,,人,9.0
20467,人,人,9.0
20468,人,人,9.0
20469,,人,9.0
20470,人,人,9.0
20471,,人,9.0
20472,廾,人,9.0
20473,,人,9.0
20474,人,人,9.0
20475,,人,9.0
20476,,人,9.0
20477,,人,9.0
20478,人,人,9.0
20479,,人,9.0
20480,人,人,9.0
20481,,人,9.0
20482,人,人,9.0
20483,人,人,9.0
20484,人,人,9.0
20485,人,人,9.0
20486,,人,9.0
20487,,人,9.0
20488,,人,9.0
20489,倉,人,9.0
20490,,人,9.0
20491,竹,人,9.0
20492,人,人,9.0
20493,人,人,9.0
20494,,人,9.0
20495,犬,人,9.0
20496,犬,人,9.0
20497,,人,9.0
20498,人,人,9.0
20499,人,人,9.0
20500,,人,9.0
20501,,人,9.0
20502,,人,9.0
20503,人,人,9.0
20504,人,人,9.0
20505,人,人,9.0
20506,人,人,9.0
20507,,人,9.0
20508,人,人,9.0
20509,倝,人,9.0
20510,人,人,9.0
20511,人,人,9.0
20512,人,人,9.0
20513,人,人,9.0
20514,人,人,9.0
20515,放,人,9.0
20516,人,人,9.0
20517,,人,9.0
20518,人,人,9.0
20519,,人,9.0
20520,人,人,9.0
20521,人,人,9.0
20522,人,人,9.0
20523,人,人,9.0
20524,人,人,9.0
20525,人,人,9.0
20526,,人,9.0
20527,,人,9.0
20528,,人,9.0
20529,,人,9.0
20530,,人,9.0
20531,,人,9.0
20532,,人,9.0
20533,,人,9.0
20534,人,人,9.0
20535,,,9.0
20536,,目,9.0
20537,,人,9.0
20538,人,人,9.0
20539,,,9.0
20540,人,人,9.0
20541,,,9.0
20542,人,人,9.0
20543,,,9.0
20544,,人,9.0
20545,人,人,9.0
20546,,人,9.0
20547,人,人,9.0
20548,人,人,9.0
20549,,人,9.0
20550,人,人,9.0
20551,人,人,9.0
20552,,人,9.0
20553,人,人,9.0
20554,,人,9.0
20555,人,人,9.0
20556,,人,9.0
20557,,人,9.0
20558,,人,9.0
20559,人,人,9.0
20560,,人,9.0
20561,,人,9.0
20562,,人,9.0
20563,人,人,9.0
20564,,人,9.0
20565,人,人,9.0
20566,,人,9.0
20567,,人,9.0
20568,,人,9.0
20569,,人,9.0
20570,,人,9.0
20571,,人,9.0
20572,人,人,9.0
20573,,人,9.0
20574,人,人,9.0
20575,,人,9.0
20576,,人,9.0
20577,,人,9.0
20578,,人,9.0
20579,,人,9.0
20580,,人,9.0
20581,人,人,9.0
20582,,人,9.0
20583,,人,9.0
20584,,人,9.0
20585,,人,9.0
20586,,人,9.0
20587,人,人,9.0
20588,,人,9.0
20589,人,人,9.0
20590,,人,9.0
20591,,人,9.0
20592,人,人,9.0
20593,,人,9.0
20594,人,人,9.0
20595,,人,9.0
20596,人,人,9.0
20597,人,人,9.0
20598,人,人,9.0
20599,女,人,9.0
20600,,人,9.0
20601,,人,9.0
20602,,口,9.0
20603,人,人,9.0
20604,,人,9.0
20605,人,人,9.0
20606,人,人,9.0
20607,人,人,9.0
20608,人,人,9.0
20609,又,人,9.0
20610,,人,9.0
20611,,人,9.0
20612,,人,9.0
20613,人,人,9.0
20614,人,人,9.0
20615,,人,9.0
20616,,人,9.0
20617,,人,9.0
20618,,人,9.0
20619,,人,9.0
20620,,人,9.0
20621,人,人,9.0
20622,,人,9.0
20623,,人,9.0
20624,,人,9.0
20625,人,人,9.0
20626,,人,9.0
20627,人,人,9.0
20628,人,人,9.0
20629,,人,9.0
20630,,人,9.0
20631,,人,9.0
20632,,人,9.0
20633,人,人,9.0
20634,,人,9.0
20635,人,人,9.0
20636,人,人,9.0
20637,,人,9.0
20638,人,人,9.0
20639,,人,9.0
20640,,人,9.0
20641,,人,9.0
20642,,人,9.0
20643,,,9.0
20644,,,9.0
20645,人,人,9.0
20646,,,9.0
20647,人,人,9.0
20648,人,人,9.0
20649,人,人,9.0
20650,人,人,9.0
20651,,人,9.0
20652,人,人,9.0
20653,人,人,9.0
20654,人,人,9.0
20655,,人,9.0
20656,,人,9.0
20657,,人,9.0
20658,人,人,9.0
20659,人,人,9.0
20660,人,人,9.0
20661,人,人,9.0
20662,,人,9.0
20663,人,人,9.0
20664,,人,9.0
20665,,人,9.0
20666,,人,9.0
20667,,人,9.0
20668,,人,9.0
20669,,人,9.0
20670,人,人,9.0
20671,人,人,9.0
20672,,人,9.0
20673,人,人,9.0
20674,人,人,9.0
20675,人,人,9.0
20676,人,人,9.0
20677,人,人,9.0
20678,,人,9.0
20679,人,人,9.0
20680,,人,9.0
20681,亼,人,9.0
20682,人,人,9.0
20683,,人,9.0
20684,,人,9.0
20685,,,9.0
20686,人,人,9.0
20687,人,人,9.0
20688,人,人,9.0
20689,人,人,9.0
20690,,人,9.0
20691,人,人,9.0
20692,人,人,9.0
20693,菐,人,9.0
20694,人,人,9.0
20695,,人,9.0
20696,,人,9.0
20697,,人,9.0
20698,人,人,9.0
20699,人,人,9.0
20700,,人,9.0
20701,,人,9.0
20702,人,人,9.0
20703,人,人,9.0
20704,,人,9.0
20705,,人,9.0
20706,,人,9.0
20707,人,人,9.0
20708,人,人,9.0
20709,人,人,9.0
20710,人,人,9.0
20711,人,人,9.0
20712,人,人,9.0
20713,人,人,9.0
20714,,人,9.0
20715,,人,9.0
20716,,人,9.0
20717,人,人,9.0
20718,人,人,9.0
20719,辵,人,9.0
20720,人,人,9.0
20721,,隹,9.0
20722,,人,9.0
20723,,,9.0
20724,人,人,9.0
20725,人,人,9.0
20726,,人,9.0
20727,人,人,9.0
20728,,人,9.0
20729,人,人,9.0
20730,,人,9.0
20731,人,人,9.0
20732,,人,9.0
20733,,人,9.0
20734,人,人,9.0
20735,,人,9.0
20736,人,人,9.0
20737,,人,9.0
20738,,人,9.0
20739,人,人,9.0
20740,人,人,9.0
20741,,人,9.0
20742,人,人,9.0
20743,人,人,9.0
20744,人,人,9.0
20745,人,人,9.0
20746,,人,9.0
20747,人,人,9.0
20748,彳,人,9.0
20749,,人,9.0
20750,,,9.0
20751,,,9.0
20752,人,人,9.0
20753,,人,9.0
20754,人,人,9.0
20755,,人,9.0
20756,人,人,9.0
20757,人,人,9.0
20758,,人,9.0
20759,人,人,9.0
20760,,人,9.0
20761,,人,9.0
20762,,人,9.0
20763,,人,9.0
20764,,人,9.0
20765,,人,9.0
20766,,,9.0
20767,人,人,9.0
20768,人,人,9.0
20769,人,人,9.0
20770,,人,9.0
20771,,人,9.0
20772,,人,9.0
20773,人,人,9.0
20774,人,人,9.0
20775,人,人,9.0
20776,,人,9.0
20777,,人,9.0
20778,人,人,9.0
20779,,人,9.0
20780,,人,9.0
20781,,人,9.0
20782,,人,9.0
20783,,人,9.0
20784,,人,9.0
20785,,人,9.0
20786,人,人,9.0
20787,人,人,9.0
20788,,人,9.0
20789,黑,人,9.0
20790,,人,9.0
20791,人,人,9.0
20792,,人,9.0
20793,人,人,9.0
20794,人,人,9.0
20795,人,人,9.0
20796,人,人,9.0
20797,人,人,9.0
20798,,人,9.0
20799,儿,儿,10.0
20800,儿,儿,10.0
20801,儿,儿,10.0
20802,兂,儿,10.0
20803,一,儿,10.0
20804,兄,儿,10.0
20805,儿,儿,10.0
20806,卜,儿,10.0
20807,凶,儿,10.0
20808,先,儿,10.0
20809,火,儿,10.0
20810,儿,儿,10.0
20811,克,儿,10.0
20812,儿,儿,10.0
20813,兔,儿,10.0
20814,,儿,10.0
20815,,儿,10.0
20816,,儿,10.0
20817,儿,儿,10.0
20818,儿,儿,10.0
20819,兂,儿,10.0
20820,兔,儿,10.0
20821,兕,儿,10.0
20822,口,儿,10.0
20823,口,儿,10.0
20824,,儿,10.0
20825,,,10.0
20826,黑,儿,10.0
20827,,,10.0
20828,𠑹,儿,10.0
20829,,,10.0
20830,,,10.0
20831,先,儿,10.0
20832,𠑹,儿,10.0
20833,,,10.0
20834,兄,儿,10.0
20835,,,10.0
20836,,儿,10.0
20837,入,入,11.0
20838,亡,入,11.0
20839,入,入,11.0
20840,入,入,11.0
20841,㒳,入,11.0
20842,舟,入,11.0
20843,八,八,12.0
20844,八,八,12.0
20845,六,八,12.0
20846,兮,八,12.0
20847,,,12.0
20848,艸,艸,12.0
20849,共,八,12.0
20850,,八,12.0
20851,門,門,12.0
20852,舁,臼,12.0
20853,廾,八,12.0
20854,箕,八,12.0
20855,廾,八,12.0
20856,丌,八,12.0
20857,艸,玄,12.0
20858,,,12.0
20859,食,食,12.0
20860,秝,八,12.0
20861,嘼,犬,12.0
20862,,八,12.0
20863,,艸,12.0
20864,北,八,12.0
20865,,口,12.0
20866,冂,冂,13.0
20867,冃,冂,13.0
20868,冉,冂,13.0
20869,入,入,13.0
20870,,囗,13.0
20871,,,13.0
20872,山,山,13.0
20873,冉,冂,13.0
20874,冊,冂,13.0
20875,冂,冂,13.0
20876,冊,,13.0
20877,冓,冂,13.0
20878,冎,冂,13.0
20879,㕯,冂,13.0
20880,,冂,13.0
20881,冃,冂,13.0
20882,冃,冂,13.0
20883,冓,冂,13.0
20884,,冂,13.0
20885,冃,冂,13.0
20886,冖,冖,14.0
20887,宀,冖,14.0
20888,冂,冖,14.0
20889,宀,宀,14.0
20890,,,14.0
20891,車,車,14.0
20892,䢅,辰,14.0
20893,宀,宀,14.0
20894,,冖,14.0
20895,皀,冖,14.0
20896,冖,冖,14.0
20897,𠔼,冖,14.0
20898,勹,冖,14.0
20899,冖,冖,14.0
20900,兔,冖,14.0
20901,冥,冖,14.0
20902,攴,宀,14.0
20903,,,14.0
20904,宀,冖,14.0
20905,宀,宀,14.0
20906,冖,冖,14.0
20907,仌,冫,15.0
20908,仌,冫,15.0
20909,,冫,15.0
20910,,,15.0
20911,馬,馬,15.0
20912,仌,冫,15.0
20913,,冫,15.0
20914,水,冫,15.0
20915,水,冫,15.0
20916,,,15.0
20917,水,冫,15.0
20918,仌,冫,15.0
20919,仌,冫,15.0
20920,,冫,15.0
20921,仌,冫,15.0
20922,,手,15.0
20923,仌,冫,15.0
20924,,冫,15.0
20925,仌,冫,15.0
20926,,冫,15.0
20927,,冫,15.0
20928,水,冫,15.0
20929,,冫,15.0
20930,,水,15.0
20931,,水,15.0
20932,水,冫,15.0
20933,,冫,15.0
20934,水,冫,15.0
20935,,冫,15.0
20936,,冫,15.0
20937,水,冫,15.0
20938,仌,冫,15.0
20939,仌,冫,15.0
20940,仌,冫,15.0
20941,仌,冫,15.0
20942,,,15.0
20943,水,冫,15.0
20944,,冫,15.0
20945,水,水,15.0
20946,,冫,15.0
20947,仌,冫,15.0
20948,仌,冫,15.0
20949,,冫,15.0
20950,水,水,15.0
20951,,冫,15.0
20952,仌,冫,15.0
20953,,冫,15.0
20954,,冫,15.0
20955,仌,冫,15.0
20956,仌,疒,15.0
20957,仌,冫,15.0
20958,,冫,15.0
20959,,水,15.0
20960,几,几,16.0
20961,二,几,16.0
20962,,几,16.0
20963,,几,16.0
20964,鳥,鳥,16.0
20965,几,几,16.0
20966,几,几,16.0
20967,,,16.0
20968,,風,16.0
20969,,,16.0
20970,,,16.0
20971,𠘧,鳥,16.0
20972,風,風,16.0
20973,几,几,16.0
20974,,風,16.0
20975,,几,16.0
20976,,几,16.0
20977,,几,16.0
20978,,几,16.0
20979,,几,16.0
20980,几,几,16.0
20981,凵,凵,17.0
20982,凶,凵,17.0
20983,土,凵,17.0
20984,,凵,17.0
20985,,凵,17.0
20986,出,凵,17.0
20987,手,手,17.0
20988,,,17.0
20989,𢎘,凵,17.0
20990,,凵,17.0
20991,金,金,17.0
20992,刀,刀,18.0
20993,,刀,18.0
20994,,刀,18.0
20995,刃,刀,18.0
20996,刃,刀,18.0
20997,刃,刀,18.0
20998,八,刀,18.0
20999,刀,刀,18.0
21000,丿,刀,18.0
21001,刀,刀,18.0
21002,刀,刀,18.0
21003,刀,刀,18.0
21004,刀,刀,18.0
21005,艸,艸,18.0
21006,刀,刀,18.0
21007,刀,刀,18.0
21008,,刀,18.0
21009,刀,刀,18.0
21010,刀,刀,18.0
21011,刀,刀,18.0
21012,,刀,18.0
21013,,刀,18.0
21014,刀,刀,18.0
21015,刀,刀,18.0
21016,金,刀,18.0
21017,刀,刀,18.0
21018,刀,刀,18.0
21019,刃,刀,18.0
21020,刀,刀,18.0
21021,刀,刀,18.0
21022,,刀,18.0
21023,,刀,18.0
21024,刀,刀,18.0
21025,,刀,18.0
21026,,刀,18.0
21027,,刀,18.0
21028,刀,刀,18.0
21029,冎,刀,18.0
21030,力,刀,18.0
21031,,刀,18.0
21032,,刀,18.0
21033,刀,刀,18.0
21034,刀,刀,18.0
21035,冎,刀,18.0
21036,,刀,18.0
21037,刀,刀,18.0
21038,刀,刀,18.0
21039,,刀,18.0
21040,至,刀,18.0
21041,井,刀,18.0
21042,刀,刀,18.0
21043,刀,刀,18.0
21044,,刀,18.0
21045,刀,刀,18.0
21046,刀,刀,18.0
21047,刀,刀,18.0
21048,刀,刀,18.0
21049,刀,刀,18.0
21050,刀,刀,18.0
21051,刀,刀,18.0
21052,,力,18.0
21053,刀,刀,18.0
21054,,刀,18.0
21055,刀,刀,18.0
21056,刀,刀,18.0
21057,,刀,18.0
21058,刀,刀,18.0
21059,髟,刀,18.0
21060,刀,刀,18.0
21061,,刀,18.0
21062,,刀,18.0
21063,刀,刀,18.0
21064,刀,刀,18.0
21065,刀,刀,18.0
21066,刀,刀,18.0
21067,力,刀,18.0
21068,束,刀,18.0
21069,止,刀,18.0
21070,刀,刀,18.0
21071,,刀,18.0
21072,,刀,18.0
21073,刃,刀,18.0
21074,,刀,18.0
21075,,刀,18.0
21076,刀,刀,18.0
21077,,刀,18.0
21078,刀,刀,18.0
21079,,刀,18.0
21080,,刀,18.0
21081,井,刀,18.0
21082,,刀,18.0
21083,刀,刀,18.0
21084,刀,刀,18.0
21085,刀,刀,18.0
21086,刀,刀,18.0
21087,刀,刀,18.0
21088,,刀,18.0
21089,刀,刀,18.0
21090,,刀,18.0
21091,,刀,18.0
21092,,刀,18.0
21093,刀,刀,18.0
21094,,,18.0
21095,刀,刀,18.0
21096,,刀,18.0
21097,貝,刀,18.0
21098,刀,刀,18.0
21099,刀,刀,18.0
21100,刀,刀,18.0
21101,,刀,18.0
21102,冎,刀,18.0
21103,刀,刀,18.0
21104,,刀,18.0
21105,,刀,18.0
21106,刀,刀,18.0
21107,,刀,18.0
21108,刀,刀,18.0
21109,刃,刀,18.0
21110,,刀,18.0
21111,,刀,18.0
21112,首,刀,18.0
21113,,刀,18.0
21114,刀,刀,18.0
21115,,刀,18.0
21116,,刀,18.0
21117,刀,刀,18.0
21118,,刀,18.0
21119,力,刀,18.0
21120,刀,刀,18.0
21121,,刀,18.0
21122,刀,刀,18.0
21123,刀,刀,18.0
21124,,竹,18.0
21125,,刀,18.0
21126,,刀,18.0
21127,刀,刀,18.0
21128,刀,刀,18.0
21129,金,刀,18.0
21130,刀,刀,18.0
21131,刀,刀,18.0
21132,刀,刀,18.0
21133,刃,刀,18.0
21134,刃,刀,18.0
21135,,,18.0
21136,,刀,18.0
21137,刀,刀,18.0
21138,刃,刀,18.0
21139,刀,刀,18.0
21140,刃,刀,18.0
21141,,刀,18.0
21142,刀,刀,18.0
21143,,刀,18.0
21144,,刀,18.0
21145,,刀,18.0
21146,,刀,18.0
21147,力,力,19.0
21148,,力,19.0
21149,力,力,19.0
21150,力,辛,19.0
21151,力,力,19.0
21152,力,力,19.0
21153,力,力,19.0
21154,力,力,19.0
21155,力,力,19.0
21156,,力,19.0
21157,,力,19.0
21158,劦,力,19.0
21159,,力,19.0
21160,力,力,19.0
21161,力,力,19.0
21162,,力,19.0
21163,力,力,19.0
21164,力,力,19.0
21165,力,力,19.0
21166,,力,19.0
21167,,力,19.0
21168,,力,19.0
21169,力,力,19.0
21170,力,力,19.0
21171,力,力,19.0
21172,,力,19.0
21173,力,力,19.0
21174,,力,19.0
21175,,力,19.0
21176,,力,19.0
21177,,力,19.0
21178,,力,19.0
21179,,力,19.0
21180,力,力,19.0
21181,,力,19.0
21182,力,力,19.0
21183,力,力,19.0
21184,力,力,19.0
21185,力,力,19.0
21186,,力,19.0
21187,力,力,19.0
21188,,力,19.0
21189,攴,力,19.0
21190,,力,19.0
21191,力,力,19.0
21192,力,力,19.0
21193,力,力,19.0
21194,力,刀,19.0
21195,力,力,19.0
21196,,力,19.0
21197,力,力,19.0
21198,,力,19.0
21199,,力,19.0
21200,,力,19.0
21201,力,力,19.0
21202,革,力,19.0
21203,,力,19.0
21204,心,力,19.0
21205,力,力,19.0
21206,力,力,19.0
21207,力,力,72.0
21208,力,力,19.0
21209,力,力,19.0
21210,力,力,19.0
21211,力,力,19.0
21212,,力,19.0
21213,力,力,19.0
21214,力,力,19.0
21215,力,力,19.0
21216,力,力,19.0
21217,力,力,19.0
21218,力,力,19.0
21219,,力,19.0
21220,力,力,19.0
21221,力,力,19.0
21222,力,力,19.0
21223,,力,19.0
21224,力,力,19.0
21225,力,力,19.0
21226,,力,19.0
21227,,力,19.0
21228,,力,19.0
21229,,力,19.0
21230,力,力,19.0
21231,,力,19.0
21232,劦,力,19.0
21233,力,力,19.0
21234,,力,19.0
21235,力,力,19.0
21236,力,力,19.0
21237,力,力,19.0
21238,力,力,19.0
21239,,力,19.0
21240,力,力,19.0
21241,勹,勹,20.0
21242,勺,勹,20.0
21243,勹,勹,20.0
21244,勹,勹,20.0
21245,勹,勹,20.0
21246,句,勹,20.0
21247,勿,勹,20.0
21248,勹,勹,20.0
21249,,,20.0
21250,,一,20.0
21251,亡,勹,20.0
21252,亡,勹,20.0
21253,包,勹,20.0
21254,囪,心,20.0
21255,,心,20.0
21256,勹,勹,20.0
21257,,勹,20.0
21258,勹,勹,20.0
21259,缶,勹,20.0
21260,勹,勹,20.0
21261,勹,勹,20.0
21262,,勹,20.0
21263,包,勹,20.0
21264,勹,勹,20.0
21265,,勹,20.0
21266,,勹,20.0
21267,勹,勹,20.0
21268,,勹,20.0
21269,匕,匕,21.0
21270,𠤎,匕,21.0
21271,北,匕,21.0
21272,匕,匕,21.0
21273,匕,匕,21.0
21274,匚,匚,22.0
21275,匚,匚,22.0
21276,匚,匚,22.0
21277,帀,匚,22.0
21278,,匚,22.0
21279,,匚,22.0
21280,匚,匚,22.0
21281,匚,匚,22.0
21282,匚,匚,22.0
21283,匚,匚,22.0
21284,,匚,22.0
21285,,匚,22.0
21286,竹,匚,22.0
21287,匚,匚,22.0
21288,,匚,22.0
21289,匚,匚,22.0
21290,匚,匚,22.0
21291,匚,匚,22.0
21292,匚,匚,22.0
21293,竹,匚,22.0
21294,匚,匚,22.0
21295,匚,匚,22.0
21296,匚,匚,22.0
21297,匚,匚,22.0
21298,,匚,22.0
21299,竹,匚,22.0
21300,匚,匚,22.0
21301,匚,匚,22.0
21302,匚,匚,22.0
21303,,匚,22.0
21304,匸,匸,23.0
21305,匸,匸,23.0
21306,匸,匸,23.0
21307,匸,匸,23.0
21308,,匸,23.0
21309,匸,匸,23.0
21310,木,匸,23.0
21311,匸,匸,23.0
21312,匸,匸,23.0
21313,十,十,24.0
21314,卂,十,24.0
21315,十,十,24.0
21316,十,十,1.0
21317,𠦃,十,24.0
21318,衣,十,24.0
21319,斗,十,24.0
21320,午,十,24.0
21321,艸,十,24.0
21322,半,十,24.0
21323,𠦃,十,24.0
21324,,十,24.0
21325,,十,24.0
21326,華,艸,24.0
21327,劦,十,24.0
21328,,十,24.0
21329,𠂇,十,24.0
21330,衣,十,24.0
21331,匕,十,24.0
21332,劦,十,24.0
21333,吅,口,24.0
21334,出,貝,24.0
21335,𣎵,十,24.0
21336,,口,24.0
21337,十,十,24.0
21338,十,十,24.0
21339,,十,24.0
21340,卜,卜,25.0
21341,石,卜,25.0
21342,皃,卜,25.0
21343,卜,卜,25.0
21344,卜,卜,25.0
21345,,卜,25.0
21346,皿,皿,25.0
21347,𠧪,卜,25.0
21348,西,卜,25.0
21349,西,卜,25.0
21350,卜,卜,25.0
21351,臥,臣,25.0
21352,,卜,25.0
21353,卩,卩,26.0
21354,卩,卩,26.0
21355,行,行,26.0
21356,匕,卩,26.0
21357,,卩,26.0
21358,卮,卩,26.0
21359,卯,卩,26.0
21360,印,卩,26.0
21361,危,卩,26.0
21362,卩,卩,26.0
21363,皀,卩,26.0
21364,卩,卩,26.0
21365,卵,卩,26.0
21366,卩,卩,26.0
21367,卩,卩,26.0
21368,卩,卩,26.0
21369,血,卩,26.0
21370,己,卩,26.0
21371,卩,卩,26.0
21372,出,卩,26.0
21373,皀,卩,26.0
21374,,卩,26.0
21375,𠨍,卩,26.0
21376,卩,卩,26.0
21377,,,26.0
21378,厂,厂,27.0
21379,厂,厂,27.0
21380,卩,厂,27.0
21381,,广,27.0
21382,止,日,27.0
21383,,厂,27.0
21384,厂,厂,27.0
21385,厂,厂,27.0
21386,,厂,27.0
21387,土,土,27.0
21388,厂,厂,27.0
21389,,厂,27.0
21390,厂,厂,27.0
21391,,厂,27.0
21392,,,27.0
21393,,,27.0
21394,,厂,27.0
21395,厂,厂,27.0
21396,,厂,27.0
21397,广,厂,27.0
21398,厂,厂,27.0
21399,厂,厂,27.0
21400,里,厂,27.0
21401,,厂,27.0
21402,㫗,厂,27.0
21403,,广,27.0
21404,厂,厂,27.0
21405,厂,厂,27.0
21406,厂,厂,27.0
21407,灥,厂,27.0
21408,广,厂,27.0
21409,灥,厂,27.0
21410,广,广,27.0
21411,,厂,27.0
21412,厂,厂,27.0
21413,厂,厂,27.0
21414,广,厂,27.0
21415,,厂,27.0
21416,广,广,27.0
21417,广,厂,27.0
21418,,厂,27.0
21419,,厂,27.0
21420,厂,厂,27.0
21421,厂,厂,27.0
21422,,厂,27.0
21423,止,止,27.0
21424,,广,27.0
21425,厂,厂,27.0
21426,厂,厂,27.0
21427,,口,27.0
21428,,厂,27.0
21429,灥,厂,27.0
21430,厶,厶,28.0
21431,又,厶,28.0
21432,,厶,28.0
21433,禸,厶,28.0
21434,去,厶,28.0
21435,去,厶,28.0
21436,,,28.0
21437,厽,厶,28.0
21438,,豕,28.0
21439,𥄉,糸,28.0
21440,叀,厶,28.0
21441,,一,28.0
21442,晶,厶,28.0
21443,晶,厶,28.0
21444,,厶,28.0
21445,,厶,28.0
21446,,雨,28.0
21447,,雨,28.0
21448,又,又,29.0
21449,又,又,29.0
21450,又,又,29.0
21451,又,又,29.0
21452,雔,又,29.0
21453,又,又,29.0
21454,攴,又,29.0
21455,又,又,29.0
21456,犬,又,29.0
21457,弓,癶,29.0
21458,叒,又,29.0
21459,一,又,29.0
21460,又,又,29.0
21461,叕,又,29.0
21462,又,又,29.0
21463,𠬪,又,29.0
21464,攴,言,29.0
21465,攴,又,29.0
21466,又,又,29.0
21467,半,又,29.0
21468,又,又,29.0
21469,,又,29.0
21470,火,又,29.0
21471,又,又,29.0
21472,晶,,29.0
21473,玉,又,29.0
21474,丵,又,29.0
21475,口,口,30.0
21476,古,口,30.0
21477,句,口,30.0
21478,,口,30.0
21479,冎,口,30.0
21480,食,口,30.0
21481,攴,口,30.0
21482,只,口,30.0
21483,口,口,30.0
21484,口,口,30.0
21485,,口,30.0
21486,,口,30.0
21487,可,口,30.0
21488,口,口,30.0
21489,口,口,30.0
21490,史,口,30.0
21491,口,口,30.0
21492,口,口,30.0
21493,可,口,30.0
21494,劦,口,30.0
21495,号,口,30.0
21496,司,口,30.0
21497,口,口,30.0
21498,,口,30.0
21499,,,30.0
21500,,,30.0
21501,口,口,30.0
21502,,,30.0
21503,,口,30.0
21504,,口,30.0
21505,口,口,30.0
21506,,口,30.0
21507,口,口,30.0
21508,口,口,30.0
21509,吅,口,30.0
21510,,口,30.0
21511,,口,30.0
21512,亼,口,30.0
21513,口,口,30.0
21514,人,口,30.0
21515,,口,30.0
21516,𠔼,口,30.0
21517,口,口,30.0
21518,后,口,30.0
21519,一,口,30.0
21520,口,口,30.0
21521,宀,口,30.0
21522,口,口,30.0
21523,,口,30.0
21524,,口,30.0
21525,呂,口,30.0
21526,,,30.0
21527,,口,30.0
21528,,口,30.0
21529,,口,30.0
21530,口,口,30.0
21531,口,口,30.0
21532,,口,30.0
21533,口,口,30.0
21534,口,口,30.0
21535,口,口,30.0
21536,口,口,30.0
21537,,口,30.0
21538,,口,30.0
21539,,口,30.0
21540,,口,30.0
21541,,口,30.0
21542,口,口,30.0
21543,,口,30.0
21544,,口,30.0
21545,,口,30.0
21546,口,口,30.0
21547,口,口,30.0
21548,口,口,30.0
21549,,口,30.0
21550,口,口,30.0
21551,口,口,30.0
21552,,口,30.0
21553,,口,30.0
21554,,口,30.0
21555,夨,口,30.0
21556,夨,口,30.0
21557,,口,30.0
21558,㕯,口,30.0
21559,㱃,口,30.0
21560,口,口,30.0
21561,口,口,30.0
21562,口,口,30.0
21563,口,口,30.0
21564,,口,30.0
21565,,口,30.0
21566,口,口,30.0
21567,告,口,30.0
21568,口,口,30.0
21569,,口,30.0
21570,呂,口,30.0
21571,口,口,30.0
21572,,口,30.0
21573,,口,30.0
21574,馬,口,30.0
21575,,口,30.0
21576,口,口,30.0
21577,夨,口,30.0
21578,告,口,30.0
21579,,口,30.0
21580,,口,30.0
21581,,,30.0
21582,,肉,30.0
21583,,,30.0
21584,㕯,,30.0
21585,,口,30.0
21586,,口,30.0
21587,㝱,口,30.0
21588,,口,30.0
21589,欠,口,30.0
21590,,口,30.0
21591,,口,30.0
21592,員,口,30.0
21593,口,口,30.0
21594,,,30.0
21595,,口,30.0
21596,烏,口,30.0
21597,口,口,30.0
21598,,口,30.0
21599,,口,30.0
21600,,口,30.0
21601,,口,30.0
21602,,口,30.0
21603,,口,30.0
21604,,口,30.0
21605,,口,30.0
21606,口,口,30.0
21607,口,口,30.0
21608,口,口,30.0
21609,,口,30.0
21610,示,口,30.0
21611,,口,30.0
21612,口,口,30.0
21613,口,口,30.0
21614,,口,30.0
21615,,口,30.0
21616,口,口,30.0
21617,口,口,30.0
21618,,口,30.0
21619,口,口,30.0
21620,欠,口,30.0
21621,丂,口,30.0
21622,口,口,30.0
21623,口,口,30.0
21624,,口,30.0
21625,,口,30.0
21626,,口,30.0
21627,口,口,30.0
21628,口,口,30.0
21629,口,口,30.0
21630,,口,30.0
21631,,口,30.0
21632,口,口,30.0
21633,,口,30.0
21634,,口,30.0
21635,,口,30.0
21636,口,口,30.0
21637,丶,口,30.0
21638,口,口,30.0
21639,,口,30.0
21640,口,口,30.0
21641,,口,30.0
21642,口,口,30.0
21643,,口,30.0
21644,口,口,30.0
21645,口,口,30.0
21646,人,口,30.0
21647,言,口,30.0
21648,,口,30.0
21649,,口,30.0
21650,示,言,30.0
21651,,口,30.0
21652,,口,30.0
21653,,,30.0
21654,,,30.0
21655,,,30.0
21656,,,30.0
21657,口,口,30.0
21658,,,30.0
21659,,口,30.0
21660,,,30.0
21661,,,30.0
21662,,口,30.0
21663,,口,30.0
21664,口,口,30.0
21665,,口,30.0
21666,吅,口,30.0
21667,,口,30.0
21668,口,口,30.0
21669,口,口,30.0
21670,口,口,30.0
21671,,口,30.0
21672,口,口,30.0
21673,羊,口,30.0
21674,,口,30.0
21675,尺,口,30.0
21676,齒,口,30.0
21677,,口,30.0
21678,口,口,30.0
21679,言,口,30.0
21680,,口,30.0
21681,,口,30.0
21682,,口,30.0
21683,口,口,30.0
21684,,口,30.0
21685,,口,30.0
21686,,口,30.0
21687,口,口,30.0
21688,口,口,30.0
21689,,口,30.0
21690,口,口,30.0
21691,,口,30.0
21692,口,口,30.0
21693,口,口,30.0
21694,,口,30.0
21695,,口,30.0
21696,口,口,30.0
21697,品,口,30.0
21698,欠,口,30.0
21699,,口,30.0
21700,鬥,口,30.0
21701,,口,30.0
21702,口,口,30.0
21703,口,口,30.0
21704,,口,30.0
21705,口,口,30.0
21706,,口,30.0
21707,,口,30.0
21708,,口,30.0
21709,音,音,30.0
21710,,口,30.0
21711,,彳,30.0
21712,,,30.0
21713,口,口,30.0
21714,,口,30.0
21715,口,口,30.0
21716,,口,30.0
21717,口,口,30.0
21718,,,30.0
21719,言,口,30.0
21720,,,30.0
21721,口,口,30.0
21722,,,30.0
21723,,,30.0
21724,口,口,30.0
21725,,口,30.0
21726,,,30.0
21727,,,30.0
21728,,口,30.0
21729,員,口,30.0
21730,,口,30.0
21731,,口,30.0
21732,口,口,30.0
21733,可,口,30.0
21734,口,口,30.0
21735,,口,30.0
21736,口,口,30.0
21737,,口,30.0
21738,,口,30.0
21739,,口,30.0
21740,,口,30.0
21741,哭,口,30.0
21742,口,口,30.0
21743,口,口,30.0
21744,,口,30.0
21745,,口,30.0
21746,口,口,30.0
21747,,口,30.0
21748,,口,30.0
21749,,口,30.0
21750,羊,口,30.0
21751,,口,30.0
21752,,口,30.0
21753,,口,30.0
21754,口,口,30.0
21755,,口,30.0
21756,,口,30.0
21757,口,口,30.0
21758,,口,30.0
21759,可,口,30.0
21760,,口,30.0
21761,口,口,30.0
21762,,口,30.0
21763,,口,30.0
21764,,口,30.0
21765,,口,30.0
21766,,口,30.0
21767,口,口,30.0
21768,邑,口,30.0
21769,口,口,30.0
21770,口,口,30.0
21771,,口,30.0
21772,口,口,30.0
21773,,口,30.0
21774,,口,30.0
21775,口,口,30.0
21776,口,口,30.0
21777,,口,30.0
21778,,口,30.0
21779,,口,30.0
21780,,,30.0
21781,,,30.0
21782,口,口,30.0
21783,,,30.0
21784,,口,30.0
21785,,,30.0
21786,,口,30.0
21787,,,30.0
21788,,,30.0
21789,,口,30.0
21790,,,30.0
21791,,,30.0
21792,口,口,30.0
21793,,,30.0
21794,,,30.0
21795,,,30.0
21796,口,口,30.0
21797,,,30.0
21798,,貝,30.0
21799,,口,30.0
21800,,,30.0
21801,,口,30.0
21802,口,口,30.0
21803,口,口,30.0
21804,口,口,30.0
21805,,口,30.0
21806,口,口,30.0
21807,口,口,30.0
21808,,口,30.0
21809,口,口,30.0
21810,,口,30.0
21811,口,口,30.0
21812,口,口,30.0
21813,,口,30.0
21814,言,口,30.0
21815,,口,30.0
21816,口,口,30.0
21817,,口,30.0
21818,,口,30.0
21819,,口,30.0
21820,,口,30.0
21821,,口,30.0
21822,口,口,30.0
21823,,口,30.0
21824,,口,30.0
21825,口,口,30.0
21826,,口,30.0
21827,,口,30.0
21828,口,口,30.0
21829,,口,30.0
21830,㕯,口,30.0
21831,口,口,30.0
21832,,口,30.0
21833,,口,30.0
21834,,口,30.0
21835,,口,30.0
21836,,口,30.0
21837,口,口,30.0
21838,午,口,30.0
21839,口,口,30.0
21840,口,口,30.0
21841,,口,30.0
21842,,口,30.0
21843,攴,口,30.0
21844,,口,30.0
21845,口,口,30.0
21846,口,口,30.0
21847,口,口,30.0
21848,,口,30.0
21849,此,口,30.0
21850,㐭,口,30.0
21851,,口,30.0
21852,口,口,30.0
21853,,口,30.0
21854,口,口,30.0
21855,攴,口,66.0
21856,,口,30.0
21857,,非,30.0
21858,,,30.0
21859,,金,30.0
21860,,,30.0
21861,,,30.0
21862,,口,30.0
21863,口,口,30.0
21864,,靑,30.0
21865,,,30.0
21866,,口,30.0
21867,,,30.0
21868,嗇,口,30.0
21869,,口,30.0
21870,齒,口,30.0
21871,,口,30.0
21872,,口,30.0
21873,,口,30.0
21874,,,30.0
21875,,,30.0
21876,口,口,30.0
21877,,,30.0
21878,,,30.0
21879,,,30.0
21880,口,口,30.0
21881,,,30.0
21882,口,口,30.0
21883,口,口,30.0
21884,口,口,30.0
21885,,口,30.0
21886,口,口,30.0
21887,,口,30.0
21888,,口,30.0
21889,口,口,30.0
21890,,口,30.0
21891,,口,30.0
21892,誩,口,30.0
21893,口,口,30.0
21894,口,口,30.0
21895,,口,30.0
21896,口,口,30.0
21897,口,口,30.0
21898,,口,30.0
21899,,口,30.0
21900,吅,口,30.0
21901,,口,30.0
21902,,口,30.0
21903,,口,30.0
21904,,口,30.0
21905,口,口,30.0
21906,,口,30.0
21907,,口,30.0
21908,口,口,30.0
21909,,口,30.0
21910,,口,30.0
21911,口,口,30.0
21912,口,口,30.0
21913,口,口,30.0
21914,口,口,30.0
21915,,口,30.0
21916,喜,口,30.0
21917,口,口,30.0
21918,,口,30.0
21919,口,口,30.0
21920,,口,30.0
21921,,口,30.0
21922,,口,30.0
21923,,口,30.0
21924,口,口,30.0
21925,,口,30.0
21926,品,口,30.0
21927,口,口,30.0
21928,,口,30.0
21929,言,口,30.0
21930,哭,口,30.0
21931,口,口,30.0
21932,夭,口,30.0
21933,,口,30.0
21934,吅,口,30.0
21935,,口,30.0
21936,,口,30.0
21937,,,30.0
21938,,,30.0
21939,,,30.0
21940,,,30.0
21941,,,30.0
21942,,火,30.0
21943,口,口,30.0
21944,,,30.0
21945,,,30.0
21946,,,30.0
21947,言,口,30.0
21948,,,30.0
21949,,口,30.0
21950,告,口,30.0
21951,品,口,30.0
21952,口,口,30.0
21953,口,口,30.0
21954,口,口,30.0
21955,口,口,30.0
21956,,口,30.0
21957,鼻,口,30.0
21958,,口,30.0
21959,嗇,口,30.0
21960,,口,30.0
21961,,口,30.0
21962,,口,30.0
21963,,口,30.0
21964,口,口,30.0
21965,,口,30.0
21966,,口,30.0
21967,,口,30.0
21968,,口,30.0
21969,口,口,30.0
21970,,口,30.0
21971,,口,30.0
21972,口,口,30.0
21973,,口,30.0
21974,,口,30.0
21975,,口,30.0
21976,,口,30.0
21977,口,口,30.0
21978,烏,口,30.0
21979,口,口,30.0
21980,口,口,30.0
21981,,口,30.0
21982,口,口,30.0
21983,言,口,30.0
21984,,口,30.0
21985,,口,30.0
21986,口,口,30.0
21987,冊,口,30.0
21988,欠,口,30.0
21989,口,豸,30.0
21990,,,30.0
21991,,,30.0
21992,,,30.0
21993,,,30.0
21994,,,30.0
21995,,口,30.0
21996,,,30.0
21997,,,30.0
21998,,,30.0
21999,,,30.0
22000,,,30.0
22001,,,30.0
22002,,,30.0
22003,,口,30.0
22004,,,30.0
22005,,,30.0
22006,,口,30.0
22007,口,口,30.0
22008,口,口,30.0
22009,,口,30.0
22010,,口,30.0
22011,口,口,30.0
22012,口,口,30.0
22013,,口,30.0
22014,口,口,30.0
22015,口,口,30.0
22016,,口,30.0
22017,,口,30.0
22018,㗊,口,30.0
22019,,口,30.0
22020,口,口,30.0
22021,口,口,30.0
22022,口,口,30.0
22023,,口,30.0
22024,,口,30.0
22025,壴,口,30.0
22026,,口,30.0
22027,,口,30.0
22028,口,口,30.0
22029,,口,30.0
22030,,口,30.0
22031,古,口,30.0
22032,口,口,30.0
22033,口,口,30.0
22034,口,口,30.0
22035,,口,30.0
22036,欠,口,30.0
22037,,口,30.0
22038,口,口,30.0
22039,旨,口,30.0
22040,口,口,30.0
22041,,口,30.0
22042,,口,30.0
22043,,口,30.0
22044,,,30.0
22045,,,30.0
22046,,力,30.0
22047,,口,30.0
22048,,口,30.0
22049,,,30.0
22050,,,30.0
22051,,,30.0
22052,口,口,30.0
22053,,,30.0
22054,,,30.0
22055,,,30.0
22056,,口,30.0
22057,,口,30.0
22058,,口,30.0
22059,口,口,30.0
22060,,口,30.0
22061,,口,30.0
22062,口,口,30.0
22063,口,口,30.0
22064,口,口,30.0
22065,,口,30.0
22066,口,口,30.0
22067,口,口,30.0
22068,,口,30.0
22069,口,口,30.0
22070,言,口,30.0
22071,,口,30.0
22072,,口,30.0
22073,,口,30.0
22074,,口,30.0
22075,言,口,30.0
22076,嘼,口,30.0
22077,口,口,30.0
22078,口,口,30.0
22079,犬,口,30.0
22080,水,口,30.0
22081,,口,30.0
22082,口,口,30.0
22083,,口,30.0
22084,,口,30.0
22085,,口,30.0
22086,口,口,30.0
22087,,口,30.0
22088,欠,口,30.0
22089,,口,30.0
22090,口,口,30.0
22091,,口,30.0
22092,,口,30.0
22093,口,口,30.0
22094,口,口,30.0
22095,,口,30.0
22096,,口,30.0
22097,口,口,30.0
22098,,口,30.0
22099,口,口,30.0
22100,,口,30.0
22101,,口,87.0
22102,,口,30.0
22103,,,30.0
22104,,手,30.0
22105,,,30.0
22106,,,30.0
22107,,口,30.0
22108,,口,30.0
22109,,,30.0
22110,口,口,30.0
22111,,口,30.0
22112,,口,30.0
22113,,口,30.0
22114,,口,30.0
22115,口,口,30.0
22116,口,口,30.0
22117,,口,30.0
22118,口,口,30.0
22119,口,口,30.0
22120,㗊,口,30.0
22121,,口,30.0
22122,言,口,30.0
22123,口,口,30.0
22124,口,口,30.0
22125,口,口,30.0
22126,,口,30.0
22127,,口,30.0
22128,,口,30.0
22129,口,口,30.0
22130,口,口,30.0
22131,口,口,30.0
22132,口,口,30.0
22133,,口,30.0
22134,,口,30.0
22135,,口,30.0
22136,,口,30.0
22137,,田,30.0
22138,,,30.0
22139,,,30.0
22140,,,30.0
22141,,口,30.0
22142,,口,30.0
22143,,口,30.0
22144,,口,30.0
22145,,口,30.0
22146,,口,30.0
22147,,口,30.0
22148,,口,30.0
22149,,口,30.0
22150,,口,30.0
22151,,口,30.0
22152,,口,30.0
22153,,口,30.0
22154,,口,30.0
22155,,口,30.0
22156,口,口,30.0
22157,,口,30.0
22158,,口,30.0
22159,口,口,30.0
22160,,,30.0
22161,,,30.0
22162,,麻,30.0
22163,,,30.0
22164,口,口,30.0
22165,,口,30.0
22166,口,口,30.0
22167,,口,30.0
22168,口,口,30.0
22169,,口,30.0
22170,㗊,口,30.0
22171,口,口,30.0
22172,,口,30.0
22173,,口,30.0
22174,口,口,30.0
22175,,口,30.0
22176,,,30.0
22177,,,30.0
22178,,口,30.0
22179,㗊,口,30.0
22180,,,30.0
22181,口,口,30.0
22182,,口,30.0
22183,,口,30.0
22184,口,口,30.0
22185,,口,30.0
22186,,口,30.0
22187,,口,30.0
22188,,口,30.0
22189,喜,口,30.0
22190,,口,30.0
22191,,口,30.0
22192,,,30.0
22193,,口,30.0
22194,,口,30.0
22195,告,口,30.0
22196,吅,口,30.0
22197,口,口,30.0
22198,口,口,30.0
22199,,口,30.0
22200,,,30.0
22201,,,30.0
22202,,,30.0
22203,㗊,口,30.0
22204,口,口,30.0
22205,,口,30.0
22206,口,口,30.0
22207,,口,30.0
22208,,口,30.0
22209,,口,30.0
22210,㗊,口,30.0
22211,,口,30.0
22212,,,30.0
22213,,口,30.0
22214,,口,30.0
22215,,口,30.0
22216,㝱,口,30.0
22217,,口,30.0
22218,㯻,口,30.0
22219,,口,30.0
22220,,,30.0
22221,,,30.0
22222,,,30.0
22223,堇,口,30.0
22224,,口,30.0
22225,,口,30.0
22226,,口,30.0
22227,,口,30.0
22228,,,30.0
22229,,,30.0
22230,,,30.0
22231,囗,囗,31.0
22232,囗,囗,31.0
22233,,囗,31.0
22234,囗,囗,31.0
22235,四,囗,31.0
22236,,囗,31.0
22237,,囗,31.0
22238,囗,囗,31.0
22239,囟,囗,31.0
22240,囗,囗,31.0
22241,,囗,31.0
22242,囗,囗,31.0
22243,,囗,31.0
22244,,囗,31.0
22245,,囗,31.0
22246,水,囗,31.0
22247,囧,囗,31.0
22248,,囗,31.0
22249,囗,囗,31.0
22250,囪,囗,31.0
22251,,囗,31.0
22252,囗,囗,31.0
22253,囗,囗,31.0
22254,囗,囗,31.0
22255,,囗,31.0
22256,囗,囗,31.0
22257,囪,囗,31.0
22258,,囗,31.0
22259,,囗,31.0
22260,囗,囗,31.0
22261,,囗,31.0
22262,,囗,31.0
22263,囗,囗,31.0
22264,,囗,31.0
22265,囗,囗,31.0
22266,囗,囗,31.0
22267,,囗,31.0
22268,,囗,31.0
22269,囗,囗,31.0
22270,囗,囗,31.0
22271,囗,囗,31.0
22272,,囗,31.0
22273,,囗,31.0
22274,囗,囗,31.0
22275,囗,囗,31.0
22276,囗,囗,31.0
22277,𢎘,囗,31.0
22278,囗,囗,31.0
22279,,囗,31.0
22280,囗,囗,31.0
22281,㚔,囗,31.0
22282,,囗,31.0
22283,囗,囗,31.0
22284,,囗,31.0
22285,囗,囗,31.0
22286,囗,囗,31.0
22287,,囗,31.0
22288,,,31.0
22289,,囗,31.0
22290,囗,囗,31.0
22291,囗,囗,31.0
22292,,囗,31.0
22293,,,31.0
22294,囗,囗,31.0
22295,囗,囗,31.0
22296,囗,囗,31.0
22297,,,31.0
22298,,囗,31.0
22299,囗,囗,31.0
22300,囗,囗,31.0
22301,,囗,31.0
22302,,囗,31.0
22303,土,土,32.0
22304,,土,32.0
22305,,土,32.0
22306,,土,32.0
22307,土,土,32.0
22308,土,土,32.0
22309,屮,土,32.0
22310,,,32.0
22311,,土,32.0
22312,土,土,32.0
22313,,土,32.0
22314,土,土,32.0
22315,,土,32.0
22316,木,土,32.0
22317,土,土,32.0
22318,土,酉,32.0
22319,土,土,32.0
22320,土,土,32.0
22321,,土,32.0
22322,,土,32.0
22323,,土,32.0
22324,,土,32.0
22325,,土,32.0
22326,,土,32.0
22327,,,32.0
22328,,,32.0
22329,土,土,32.0
22330,土,土,32.0
22331,土,土,32.0
22332,,土,32.0
22333,,土,32.0
22334,,土,32.0
22335,,土,32.0
22336,阜,土,32.0
22337,土,土,32.0
22338,,土,32.0
22339,,土,32.0
22340,土,土,32.0
22341,,土,32.0
22342,,土,32.0
22343,土,土,32.0
22344,,土,32.0
22345,,土,32.0
22346,土,土,32.0
22347,土,土,32.0
22348,,土,32.0
22349,,土,32.0
22350,土,土,32.0
22351,土,土,32.0
22352,土,土,32.0
22353,阜,土,32.0
22354,土,土,32.0
22355,,土,32.0
22356,,土,32.0
22357,,土,32.0
22358,,土,32.0
22359,土,土,32.0
22360,土,土,32.0
22361,川,土,32.0
22362,臤,土,32.0
22363,土,土,32.0
22364,,土,32.0
22365,,土,32.0
22366,,土,32.0
22367,土,土,32.0
22368,土,土,32.0
22369,土,土,32.0
22370,,土,32.0
22371,土,土,32.0
22372,土,土,32.0
22373,土,土,32.0
22374,土,土,32.0
22375,,土,32.0
22376,,土,32.0
22377,,土,32.0
22378,土,土,32.0
22379,土,土,32.0
22380,,土,32.0
22381,,土,32.0
22382,,土,32.0
22383,土,土,32.0
22384,冂,土,32.0
22385,土,土,32.0
22386,,土,32.0
22387,土,土,32.0
22388,土,土,32.0
22389,丘,土,32.0
22390,土,土,32.0
22391,土,土,32.0
22392,,土,32.0
22393,,土,32.0
22394,土,土,32.0
22395,土,土,32.0
22396,土,土,32.0
22397,,土,32.0
22398,,土,32.0
22399,土,土,32.0
22400,,土,32.0
22401,,土,32.0
22402,土,土,32.0
22403,,,32.0
22404,土,土,32.0
22405,,土,32.0
22406,土,土,32.0
22407,,土,32.0
22408,,土,32.0
22409,,,32.0
22410,,,32.0
22411,土,土,32.0
22412,,土,32.0
22413,土,土,32.0
22414,土,土,32.0
22415,,土,32.0
22416,土,土,32.0
22417,土,土,32.0
22418,厽,土,32.0
22419,土,土,32.0
22420,土,土,32.0
22421,㫗,土,32.0
22422,,土,32.0
22423,土,土,32.0
22424,,土,32.0
22425,,土,32.0
22426,垚,土,32.0
22427,土,土,32.0
22428,土,土,32.0
22429,土,土,32.0
22430,,土,32.0
22431,,土,32.0
22432,土,土,32.0
22433,,土,32.0
22434,土,土,32.0
22435,土,土,32.0
22436,土,土,32.0
22437,,土,32.0
22438,土,土,32.0
22439,,土,32.0
22440,,土,32.0
22441,土,土,32.0
22442,,,32.0
22443,土,土,32.0
22444,,,32.0
22445,,土,32.0
22446,,,32.0
22447,,,32.0
22448,,,32.0
22449,,,32.0
22450,土,土,32.0
22451,,,32.0
22452,匕,,32.0
22453,,土,32.0
22454,土,土,32.0
22455,土,土,32.0
22456,土,土,32.0
22457,,土,32.0
22458,,土,32.0
22459,,土,32.0
22460,,土,32.0
22461,土,土,32.0
22462,,土,32.0
22463,,土,32.0
22464,,土,32.0
22465,,土,32.0
22466,土,土,32.0
22467,土,土,32.0
22468,,土,32.0
22469,阜,土,32.0
22470,,土,32.0
22471,,土,32.0
22472,,土,32.0
22473,,土,32.0
22474,,土,32.0
22475,艸,土,32.0
22476,,土,32.0
22477,土,土,32.0
22478,土,土,32.0
22479,土,土,32.0
22480,土,土,32.0
22481,,土,32.0
22482,土,土,32.0
22483,土,,32.0
22484,,,32.0
22485,,,32.0
22486,,,32.0
22487,,土,32.0
22488,土,土,32.0
22489,土,土,32.0
22490,,土,32.0
22491,,土,32.0
22492,里,土,32.0
22493,,土,32.0
22494,,土,32.0
22495,戈,土,32.0
22496,,土,32.0
22497,,土,32.0
22498,,土,32.0
22499,,土,32.0
22500,土,土,32.0
22501,,土,32.0
22502,,土,32.0
22503,,土,32.0
22504,,土,32.0
22505,土,土,32.0
22506,,土,32.0
22507,,土,32.0
22508,,土,32.0
22509,,土,32.0
22510,,土,32.0
22511,,土,32.0
22512,,土,32.0
22513,土,土,32.0
22514,,土,32.0
22515,,土,32.0
22516,土,土,32.0
22517,土,土,32.0
22518,丮,土,32.0
22519,㚔,土,32.0
22520,土,土,32.0
22521,土,土,32.0
22522,土,土,32.0
22523,土,土,32.0
22524,,土,32.0
22525,土,土,32.0
22526,土,土,32.0
22527,,土,32.0
22528,土,土,32.0
22529,,土,32.0
22530,土,土,32.0
22531,,土,32.0
22532,,土,32.0
22533,臤,土,32.0
22534,𠂤,土,32.0
22535,堇,土,32.0
22536,,土,32.0
22537,,土,32.0
22538,土,土,32.0
22539,土,土,32.0
22540,,土,32.0
22541,,,32.0
22542,,,32.0
22543,,,32.0
22544,,,32.0
22545,土,土,32.0
22546,,,32.0
22547,,,32.0
22548,,,32.0
22549,,土,32.0
22550,匕,肉,32.0
22551,,土,32.0
22552,土,土,32.0
22553,,土,32.0
22554,土,土,32.0
22555,土,土,32.0
22556,,土,32.0
22557,,土,32.0
22558,土,土,32.0
22559,,土,32.0
22560,,土,32.0
22561,,土,32.0
22562,,土,32.0
22563,土,土,32.0
22564,土,土,32.0
22565,,土,32.0
22566,阜,土,32.0
22567,,土,32.0
22568,土,土,32.0
22569,,土,32.0
22570,土,土,32.0
22571,土,土,32.0
22572,,土,32.0
22573,,土,32.0
22574,,土,32.0
22575,垚,土,32.0
22576,,土,32.0
22577,㚔,土,32.0
22578,土,土,32.0
22579,,土,32.0
22580,土,土,32.0
22581,土,土,32.0
22582,,土,32.0
22583,,土,32.0
22584,,土,32.0
22585,,土,32.0
22586,,土,32.0
22587,,土,32.0
22588,,土,32.0
22589,,土,32.0
22590,,土,32.0
22591,,土,32.0
22592,,手,32.0
22593,,土,32.0
22594,,,32.0
22595,,,32.0
22596,,,32.0
22597,,,32.0
22598,,,32.0
22599,,,32.0
22600,土,土,32.0
22601,,土,32.0
22602,土,土,32.0
22603,土,土,32.0
22604,,土,32.0
22605,土,土,32.0
22606,,土,32.0
22607,土,土,32.0
22608,,土,32.0
22609,,土,32.0
22610,土,土,32.0
22611,土,土,32.0
22612,土,土,32.0
22613,,土,32.0
22614,,土,32.0
22615,土,土,32.0
22616,土,土,32.0
22617,土,土,32.0
22618,,土,32.0
22619,,土,32.0
22620,,土,32.0
22621,,土,32.0
22622,土,土,32.0
22623,,土,32.0
22624,,土,32.0
22625,穴,土,32.0
22626,,土,32.0
22627,,土,32.0
22628,,土,32.0
22629,,土,32.0
22630,,土,32.0
22631,,土,32.0
22632,,,32.0
22633,,鹵,32.0
22634,,,32.0
22635,土,土,32.0
22636,,辵,32.0
22637,,,32.0
22638,,,32.0
22639,,土,32.0
22640,,,32.0
22641,,,32.0
22642,,土,32.0
22643,,土,32.0
22644,,土,32.0
22645,麤,土,32.0
22646,,土,32.0
22647,,土,32.0
22648,,土,32.0
22649,土,土,32.0
22650,土,土,32.0
22651,,土,32.0
22652,,土,32.0
22653,,土,32.0
22654,土,土,32.0
22655,土,土,32.0
22656,土,土,32.0
22657,,土,32.0
22658,,土,32.0
22659,土,土,32.0
22660,,土,32.0
22661,,土,32.0
22662,,土,32.0
22663,土,土,32.0
22664,,土,32.0
22665,土,土,32.0
22666,土,土,32.0
22667,,土,32.0
22668,,土,32.0
22669,土,土,32.0
22670,,土,32.0
22671,,土,32.0
22672,土,土,32.0
22673,,土,32.0
22674,,土,32.0
22675,土,土,32.0
22676,,土,32.0
22677,,土,32.0
22678,,土,32.0
22679,,土,32.0
22680,,,32.0
22681,嗇,土,32.0
22682,,,32.0
22683,,,32.0
22684,土,土,32.0
22685,,土,32.0
22686,土,土,32.0
22687,丘,土,32.0
22688,土,土,32.0
22689,,土,32.0
22690,,土,32.0
22691,土,土,32.0
22692,,土,32.0
22693,,土,32.0
22694,,土,32.0
22695,,土,32.0
22696,土,土,203.0
22697,,土,32.0
22698,,土,32.0
22699,士,土,32.0
22700,土,土,32.0
22701,,土,32.0
22702,阜,土,32.0
22703,,土,32.0
22704,,土,32.0
22705,,土,32.0
22706,,土,32.0
22707,土,土,32.0
22708,,土,32.0
22709,,土,32.0
22710,,,32.0
22711,,土,32.0
22712,,,32.0
22713,,,32.0
22714,土,土,32.0
22715,,土,32.0
22716,土,土,32.0
22717,土,土,32.0
22718,土,土,32.0
22719,,土,32.0
22720,,土,32.0
22721,土,土,32.0
22722,,土,32.0
22723,,土,32.0
22724,,土,32.0
22725,隹,土,32.0
22726,,土,32.0
22727,土,土,32.0
22728,,土,32.0
22729,,土,32.0
22730,,土,32.0
22731,,,32.0
22732,,土,32.0
22733,,土,32.0
22734,土,土,32.0
22735,,土,32.0
22736,土,土,32.0
22737,𣦼,土,32.0
22738,土,土,32.0
22739,土,土,32.0
22740,土,土,32.0
22741,,土,32.0
22742,,土,32.0
22743,,,32.0
22744,土,土,32.0
22745,土,土,32.0
22746,土,土,32.0
22747,門,土,32.0
22748,,土,32.0
22749,,土,32.0
22750,土,土,32.0
22751,土,土,32.0
22752,土,土,32.0
22753,𣦼,土,29.0
22754,,土,32.0
22755,,土,32.0
22756,土,土,32.0
22757,,,32.0
22758,,土,32.0
22759,,土,32.0
22760,,土,32.0
22761,,土,32.0
22762,,,32.0
22763,士,士,33.0
22764,壬,士,33.0
22765,,,33.0
22766,士,士,33.0
22767,士,士,33.0
22768,耳,士,33.0
22769,,士,33.0
22770,,貝,33.0
22771,殳,士,33.0
22772,壴,士,33.0
22773,,士,33.0
22774,壺,士,33.0
22775,壺,士,33.0
22776,囗,士,33.0
22777,壹,士,33.0
22778,壺,士,33.0
22779,士,士,33.0
22780,囗,士,33.0
22781,老,士,33.0
22782,,士,33.0
22783,士,士,33.0
22784,老,士,33.0
22785,,士,33.0
22786,夂,夂,34.0
22787,夂,夂,34.0
22788,几,几,34.0
22789,夂,夂,34.0
22790,夂,夂,34.0
22791,人,人,34.0
22792,,夂,34.0
22793,,,35.0
22794,夊,夊,35.0
22795,夊,夊,35.0
22796,夊,夊,35.0
22797,夊,夊,35.0
22798,夊,夊,35.0
22799,夊,夊,35.0
22800,𥄎,夊,35.0
22801,,火,35.0
22802,夊,夊,35.0
22803,夊,,35.0
22804,夊,,35.0
22805,夕,夕,36.0
22806,夕,夕,36.0
22807,夕,夕,36.0
22808,夕,夕,36.0
22809,夕,夕,36.0
22810,多,夕,36.0
22811,,夕,36.0
22812,夕,夕,36.0
22813,夕,夕,36.0
22814,,,36.0
22815,,夕,36.0
22816,,夕,36.0
22817,,夕,36.0
22818,夕,夕,36.0
22819,,夕,36.0
22820,夕,夕,36.0
22821,多,夕,36.0
22822,,夕,36.0
22823,大,大,37.0
22824,夨,大,37.0
22825,一,大,37.0
22826,水,大,37.0
22827,夫,大,37.0
22828,又,大,37.0
22829,夭,大,37.0
22830,冂,大,37.0
22831,,大,37.0
22832,夰,大,37.0
22833,手,大,37.0
22834,夲,大,37.0
22835,水,大,37.0
22836,頁,頁,37.0
22837,,大,37.0
22838,比,大,37.0
22839,大,大,37.0
22840,大,大,37.0
22841,大,大,37.0
22842,奞,大,37.0
22843,,,37.0
22844,,,37.0
22845,大,大,37.0
22846,大,大,37.0
22847,,大,37.0
22848,,大,37.0
22849,竹,大,37.0
22850,廾,大,37.0
22851,大,大,37.0
22852,大,大,37.0
22853,大,大,37.0
22854,,大,37.0
22855,可,大,37.0
22856,木,大,37.0
22857,廾,大,37.0
22858,夨,大,37.0
22859,奞,大,37.0
22860,,黑,37.0
22861,,食,37.0
22862,大,大,37.0
22863,夲,大,37.0
22864,廾,大,37.0
22865,大,大,37.0
22866,,大,37.0
22867,奢,大,37.0
22868,夭,大,37.0
22869,亣,大,37.0
22870,犬,大,37.0
22871,,大,37.0
22872,亣,大,37.0
22873,,大,37.0
22874,亣,大,37.0
22875,,大,37.0
22876,,大,37.0
22877,,大,37.0
22878,奞,大,37.0
22879,,大,37.0
22880,丌,大,37.0
22881,夰,大,37.0
22882,奢,大,37.0
22883,,大,37.0
22884,,大,37.0
22885,宀,大,37.0
22886,,大,37.0
22887,宀,大,37.0
22888,,犬,37.0
22889,竹,大,37.0
22890,奞,大,37.0
22891,,大,37.0
22892,犬,大,37.0
22893,皕,大,37.0
22894,奞,大,37.0
22895,大,大,37.0
22896,亣,大,37.0
22897,𠬜,大,37.0
22898,奢,大,37.0
22899,女,女,38.0
22900,女,女,38.0
22901,,女,38.0
22902,,女,38.0
22903,,女,38.0
22904,女,女,38.0
22905,,女,38.0
22906,女,女,38.0
22907,女,女,38.0
22908,女,女,38.0
22909,女,女,38.0
22910,,女,38.0
22911,丸,女,38.0
22912,女,女,38.0
22913,女,女,38.0
22914,女,女,38.0
22915,女,女,38.0
22916,女,女,38.0
22917,,女,38.0
22918,女,女,38.0
22919,女,女,38.0
22920,,女,38.0
22921,女,女,38.0
22922,女,女,38.0
22923,,女,38.0
22924,女,女,38.0
22925,女,女,38.0
22926,女,女,38.0
22927,,女,38.0
22928,,女,38.0
22929,,女,38.0
22930,女,女,38.0
22931,女,女,38.0
22932,,女,38.0
22933,,女,38.0
22934,示,女,38.0
22935,女,女,38.0
22936,女,女,38.0
22937,目,女,38.0
22938,,女,38.0
22939,,女,38.0
22940,女,女,38.0
22941,女,女,38.0
22942,,女,38.0
22943,女,女,38.0
22944,,女,38.0
22945,,女,38.0
22946,,女,38.0
22947,女,女,38.0
22948,,女,38.0
22949,女,女,38.0
22950,,女,38.0
22951,,女,38.0
22952,女,女,38.0
22953,女,女,38.0
22954,女,女,38.0
22955,女,女,38.0
22956,女,女,38.0
22957,女,女,38.0
22958,,女,38.0
22959,女,女,38.0
22960,,女,38.0
22961,,女,38.0
22962,女,女,38.0
22963,,女,38.0
22964,女,女,38.0
22965,女,女,38.0
22966,,女,38.0
22967,,女,38.0
22968,女,女,38.0
22969,女,女,38.0
22970,,女,38.0
22971,女,女,38.0
22972,,女,38.0
22973,,女,38.0
22974,䇂,女,38.0
22975,女,女,38.0
22976,,女,38.0
22977,女,女,38.0
22978,女,女,38.0
22979,,女,38.0
22980,,女,38.0
22981,女,女,38.0
22982,女,女,38.0
22983,,女,38.0
22984,,女,38.0
22985,女,女,38.0
22986,女,女,38.0
22987,女,女,38.0
22988,女,女,38.0
22989,女,女,38.0
22990,女,女,38.0
22991,,女,38.0
22992,女,女,38.0
22993,女,女,38.0
22994,,女,38.0
22995,女,女,38.0
22996,女,女,38.0
22997,女,女,38.0
22998,,女,38.0
22999,女,女,38.0
23000,女,女,38.0
23001,女,女,38.0
23002,女,女,38.0
23003,女,女,38.0
23004,女,女,38.0
23005,女,女,38.0
23006,女,女,38.0
23007,,女,38.0
23008,,女,38.0
23009,女,女,38.0
23010,女,女,38.0
23011,女,女,38.0
23012,女,女,38.0
23013,,女,38.0
23014,女,女,38.0
23015,,女,38.0
23016,女,女,38.0
23017,,女,38.0
23018,女,女,38.0
23019,,女,38.0
23020,女,女,38.0
23021,,女,38.0
23022,,女,38.0
23023,,女,38.0
23024,女,女,38.0
23025,,女,38.0
23026,,女,38.0
23027,,女,38.0
23028,,女,38.0
23029,,女,38.0
23030,女,女,38.0
23031,女,女,38.0
23032,女,女,38.0
23033,女,女,38.0
23034,女,女,38.0
23035,女,女,38.0
23036,女,女,38.0
23037,女,女,38.0
23038,,女,38.0
23039,女,女,38.0
23040,女,女,38.0
23041,女,女,38.0
23042,,女,38.0
23043,女,女,38.0
23044,女,女,119.0
23045,,女,38.0
23046,女,女,38.0
23047,女,女,38.0
23048,女,女,38.0
23049,女,女,38.0
23050,,女,38.0
23051,女,女,38.0
23052,,女,38.0
23053,,女,38.0
23054,女,女,38.0
23055,,女,38.0
23056,,女,38.0
23057,女,女,38.0
23058,女,女,38.0
23059,女,女,38.0
23060,,女,38.0
23061,女,女,38.0
23062,,女,38.0
23063,女,女,38.0
23064,女,女,38.0
23065,女,女,38.0
23066,,女,38.0
23067,女,女,38.0
23068,,女,38.0
23069,女,女,38.0
23070,,女,38.0
23071,女,女,38.0
23072,女,女,38.0
23073,,女,38.0
23074,,女,38.0
23075,女,女,38.0
23076,,女,38.0
23077,女,女,38.0
23078,,女,38.0
23079,女,女,38.0
23080,,女,38.0
23081,,女,38.0
23082,,女,38.0
23083,,女,38.0
23084,,女,38.0
23085,女,女,38.0
23086,,女,38.0
23087,,女,38.0
23088,,女,38.0
23089,女,女,38.0
23090,女,女,38.0
23091,,,38.0
23092,女,女,38.0
23093,,女,38.0
23094,女,女,38.0
23095,女,女,38.0
23096,女,女,38.0
23097,女,女,38.0
23098,女,女,38.0
23099,,女,38.0
23100,,女,38.0
23101,女,女,38.0
23102,,女,38.0
23103,女,女,38.0
23104,女,女,38.0
23105,女,女,38.0
23106,,女,38.0
23107,,女,38.0
23108,,女,38.0
23109,,女,38.0
23110,女,女,38.0
23111,,女,38.0
23112,,女,38.0
23113,女,女,38.0
23114,,女,38.0
23115,,女,38.0
23116,,女,38.0
23117,,女,38.0
23118,女,女,38.0
23119,兔,女,38.0
23120,女,女,38.0
23121,,女,38.0
23122,,女,38.0
23123,女,女,38.0
23124,女,女,38.0
23125,女,女,38.0
23126,,女,38.0
23127,女,女,38.0
23128,,女,38.0
23129,,女,38.0
23130,女,女,38.0
23131,,女,38.0
23132,女,女,38.0
23133,,女,38.0
23134,女,女,38.0
23135,女,女,38.0
23136,女,女,38.0
23137,,女,38.0
23138,女,女,38.0
23139,女,女,38.0
23140,女,女,38.0
23141,女,女,38.0
23142,女,女,38.0
23143,女,女,38.0
23144,,女,38.0
23145,,女,38.0
23146,女,女,38.0
23147,,女,38.0
23148,女,女,38.0
23149,,女,38.0
23150,,女,38.0
23151,,女,38.0
23152,,女,38.0
23153,女,女,38.0
23154,,,38.0
23155,女,女,38.0
23156,女,女,38.0
23157,女,女,38.0
23158,,女,38.0
23159,,女,38.0
23160,,女,38.0
23161,,女,38.0
23162,女,女,38.0
23163,,女,38.0
23164,女,女,38.0
23165,,女,38.0
23166,女,女,38.0
23167,士,女,38.0
23168,,女,38.0
23169,女,女,38.0
23170,,女,38.0
23171,,女,38.0
23172,女,女,38.0
23173,女,女,38.0
23174,女,女,38.0
23175,,女,38.0
23176,,女,38.0
23177,,女,38.0
23178,女,女,38.0
23179,,女,38.0
23180,女,女,38.0
23181,,女,38.0
23182,,女,38.0
23183,,女,38.0
23184,女,女,38.0
23185,,女,38.0
23186,女,女,38.0
23187,,女,38.0
23188,,女,38.0
23189,女,女,38.0
23190,,女,38.0
23191,,女,38.0
23192,,女,38.0
23193,,女,38.0
23194,女,女,38.0
23195,女,女,38.0
23196,,女,38.0
23197,,女,38.0
23198,女,女,38.0
23199,女,女,38.0
23200,心,女,38.0
23201,,女,38.0
23202,女,女,38.0
23203,女,女,38.0
23204,,女,38.0
23205,女,女,38.0
23206,女,女,38.0
23207,女,女,38.0
23208,女,女,38.0
23209,,女,38.0
23210,女,女,38.0
23211,,女,38.0
23212,,,38.0
23213,女,女,38.0
23214,女,女,38.0
23215,女,女,38.0
23216,女,女,38.0
23217,女,女,38.0
23218,女,女,38.0
23219,,女,38.0
23220,,女,38.0
23221,,女,38.0
23222,,女,38.0
23223,,女,38.0
23224,,女,38.0
23225,,女,38.0
23226,,女,38.0
23227,女,女,38.0
23228,女,女,38.0
23229,,女,38.0
23230,女,女,38.0
23231,女,女,38.0
23232,,女,38.0
23233,女,女,38.0
23234,女,女,38.0
23235,,女,38.0
23236,女,女,38.0
23237,,女,38.0
23238,,女,38.0
23239,女,女,38.0
23240,女,女,38.0
23241,人,女,38.0
23242,,女,38.0
23243,女,女,38.0
23244,女,女,38.0
23245,,女,38.0
23246,,女,38.0
23247,,女,38.0
23248,,女,38.0
23249,,,38.0
23250,,,38.0
23251,,,38.0
23252,女,女,38.0
23253,,女,38.0
23254,女,女,38.0
23255,女,女,38.0
23256,,女,38.0
23257,女,女,38.0
23258,女,女,38.0
23259,女,女,38.0
23260,,女,38.0
23261,,女,38.0
23262,,女,38.0
23263,,女,38.0
23264,女,女,38.0
23265,女,女,38.0
23266,女,女,38.0
23267,女,女,38.0
23268,,女,38.0
23269,女,女,38.0
23270,,女,38.0
23271,女,女,38.0
23272,,女,38.0
23273,女,女,38.0
23274,女,女,38.0
23275,女,女,38.0
23276,,女,38.0
23277,,女,38.0
23278,,女,38.0
23279,女,女,38.0
23280,,女,38.0
23281,女,女,38.0
23282,,女,38.0
23283,女,女,38.0
23284,女,女,38.0
23285,女,女,38.0
23286,,女,38.0
23287,女,女,38.0
23288,女,女,38.0
23289,,女,38.0
23290,女,女,38.0
23291,女,女,38.0
23292,女,女,38.0
23293,女,女,38.0
23294,,女,38.0
23295,女,女,38.0
23296,女,女,38.0
23297,,女,38.0
23298,,女,38.0
23299,女,女,38.0
23300,,女,38.0
23301,,女,38.0
23302,,女,38.0
23303,,女,38.0
23304,女,女,38.0
23305,女,女,38.0
23306,,女,38.0
23307,女,女,38.0
23308,女,女,38.0
23309,,女,38.0
23310,女,女,38.0
23311,,女,38.0
23312,女,女,38.0
23313,,女,38.0
23314,女,女,38.0
23315,,女,38.0
23316,女,女,38.0
23317,,女,38.0
23318,女,女,38.0
23319,女,女,38.0
23320,,女,38.0
23321,女,女,38.0
23322,,女,38.0
23323,女,女,38.0
23324,,女,38.0
23325,,女,38.0
23326,,女,38.0
23327,,女,38.0
23328,,女,38.0
23329,,,38.0
23330,,女,38.0
23331,,女,38.0
23332,,女,38.0
23333,女,女,38.0
23334,,女,38.0
23335,,女,38.0
23336,,女,38.0
23337,女,女,38.0
23338,女,女,38.0
23339,,女,38.0
23340,女,女,38.0
23341,,女,38.0
23342,女,女,38.0
23343,女,女,38.0
23344,女,女,38.0
23345,,女,38.0
23346,,女,38.0
23347,,女,38.0
23348,女,女,38.0
23349,,女,38.0
23350,,,38.0
23351,,女,38.0
23352,,女,38.0
23353,女,女,38.0
23354,,女,38.0
23355,女,女,38.0
23356,,女,38.0
23357,女,女,38.0
23358,女,女,38.0
23359,女,女,38.0
23360,,女,38.0
23361,女,女,38.0
23362,女,女,38.0
23363,女,女,38.0
23364,,女,38.0
23365,女,女,38.0
23366,,女,38.0
23367,,女,38.0
23368,女,女,38.0
23369,,女,38.0
23370,,女,38.0
23371,,女,38.0
23372,女,女,38.0
23373,,女,38.0
23374,女,女,38.0
23375,,女,38.0
23376,子,子,39.0
23377,了,子,39.0
23378,了,子,39.0
23379,了,子,39.0
23380,𠃉,子,39.0
23381,子,子,39.0
23382,,子,39.0
23383,子,子,39.0
23384,子,子,39.0
23385,系,子,39.0
23386,爪,子,39.0
23387,𣎵,子,39.0
23388,攴,子,39.0
23389,老,子,39.0
23390,,子,39.0
23391,子,子,39.0
23392,冊,子,39.0
23393,,子,39.0
23394,,子,39.0
23395,子,子,39.0
23396,子,子,39.0
23397,,子,39.0
23398,教,子,39.0
23399,,,39.0
23400,孨,子,39.0
23401,口,子,39.0
23402,子,子,39.0
23403,系,子,39.0
23404,,子,39.0
23405,,,39.0
23406,,子,39.0
23407,,子,39.0
23408,丮,子,39.0
23409,孨,子,39.0
23410,,子,39.0
23411,子,子,39.0
23412,孨,子,39.0
23413,,子,39.0
23414,子,,39.0
23415,,子,39.0
23416,教,子,39.0
23417,,子,39.0
23418,子,子,39.0
23419,,子,39.0
23420,子,子,39.0
23421,子,子,39.0
23422,,子,39.0
23423,子,子,39.0
23424,宀,宀,40.0
23425,宁,宀,40.0
23426,宀,宀,40.0
23427,它,宀,40.0
23428,宀,宀,40.0
23429,宀,宀,40.0
23430,,宀,40.0
23431,宀,宀,40.0
23432,宀,宀,40.0
23433,宀,宀,40.0
23434,,宀,40.0
23435,宀,宀,40.0
23436,宀,宀,40.0
23437,,宀,40.0
23438,,宀,40.0
23439,宀,宀,40.0
23440,宀,宀,40.0
23441,,宀,40.0
23442,,宀,40.0
23443,宀,宀,40.0
23444,宀,宀,40.0
23445,宀,宀,40.0
23446,宀,宀,40.0
23447,宀,宀,40.0
23448,𠂤,宀,40.0
23449,宀,宀,40.0
23450,宀,宀,40.0
23451,宀,宀,40.0
23452,宀,宀,40.0
23453,宀,宀,40.0
23454,宀,宀,40.0
23455,,宀,40.0
23456,宀,宀,40.0
23457,釆,宀,40.0
23458,宀,宀,40.0
23459,宀,宀,40.0
23460,宀,宀,40.0
23461,宀,宀,40.0
23462,宀,宀,40.0
23463,宀,宀,40.0
23464,,宀,40.0
23465,,宀,40.0
23466,心,宀,40.0
23467,宮,宀,40.0
23468,宀,宀,40.0
23469,宀,宀,40.0
23470,宮,宀,40.0
23471,,宀,40.0
23472,宀,宀,40.0
23473,,宀,40.0
23474,宀,宀,40.0
23475,宀,宀,40.0
23476,宀,宀,40.0
23477,宀,宀,40.0
23478,宀,宀,40.0
23479,釆,宀,40.0
23480,宀,宀,40.0
23481,宀,宀,40.0
23482,,宀,40.0
23483,山,宀,40.0
23484,攴,宀,40.0
23485,宀,宀,40.0
23486,貝,貝,40.0
23487,宀,宀,40.0
23488,宀,宀,40.0
23489,宀,宀,40.0
23490,宀,宀,40.0
23491,,宀,40.0
23492,宀,宀,40.0
23493,寅,宀,40.0
23494,山,宀,40.0
23495,攴,宀,40.0
23496,,宀,40.0
23497,冂,,40.0
23498,,宀,40.0
23499,,宀,40.0
23500,宀,宀,40.0
23501,宀,宀,40.0
23502,㝱,宀,40.0
23503,宀,宀,40.0
23504,㝱,宀,40.0
23505,宀,宀,40.0
23506,宀,宀,40.0
23507,宀,宀,40.0
23508,宀,宀,40.0
23509,丂,宀,40.0
23510,水,宀,40.0
23511,用,宀,40.0
23512,宀,宀,40.0
23513,,宀,40.0
23514,宀,宀,40.0
23515,,宀,40.0
23516,,宀,40.0
23517,㝱,宀,40.0
23518,口,宀,40.0
23519,宀,宀,40.0
23520,宀,宀,40.0
23521,宀,宀,40.0
23522,㝱,宀,40.0
23523,㝱,宀,40.0
23524,㝱,宀,40.0
23525,广,宀,40.0
23526,宀,宀,40.0
23527,丂,宀,40.0
23528,木,宀,40.0
23529,釆,宀,40.0
23530,宀,宀,40.0
23531,宀,宀,40.0
23532,宀,宀,40.0
23533,,宀,40.0
23534,穴,宀,40.0
23535,,宀,40.0
23536,宀,宀,40.0
23537,㝱,宀,40.0
23538,,宀,40.0
23539,宀,宀,40.0
23540,宀,宀,40.0
23541,宀,宀,40.0
23542,宀,宀,40.0
23543,宀,宀,40.0
23544,寸,寸,41.0
23545,丵,寸,41.0
23546,寸,寸,41.0
23547,寸,寸,41.0
23548,寸,寸,41.0
23549,𠬪,寸,41.0
23550,,寸,41.0
23551,老,士,41.0
23552,,寸,41.0
23553,土,寸,41.0
23554,寸,寸,41.0
23555,寸,寸,41.0
23556,矢,寸,41.0
23557,,寸,41.0
23558,寸,寸,41.0
23559,寸,寸,41.0
23560,寸,寸,41.0
23561,火,寸,41.0
23562,酋,寸,41.0
23563,寸,寸,41.0
23564,壴,寸,41.0
23565,丵,寸,41.0
23566,寸,寸,41.0
23567,小,小,42.0
23568,小,小,42.0
23569,小,小,42.0
23570,八,小,42.0
23571,八,小,42.0
23572,八,爻,42.0
23573,,,42.0
23574,金,小,42.0
23575,尗,小,42.0
23576,麤,小,42.0
23577,八,小,42.0
23578,八,小,42.0
23579,,小,42.0
23580,,小,42.0
23581,旨,口,42.0
23582,火,小,42.0
23583,是,小,42.0
23584,是,小,42.0
23585,,,42.0
23586,𡯁,尢,43.0
23587,𡯁,尢,43.0
23588,乙,尢,43.0
23589,𡯁,尢,43.0
23590,𡯁,尢,43.0
23591,垚,土,43.0
23592,犬,尢,43.0
23593,𡯁,尢,43.0
23594,𡯁,尢,43.0
23595,,尢,43.0
23596,𡯁,尢,43.0
23597,,土,43.0
23598,,尢,43.0
23599,,尢,43.0
23600,,尢,43.0
23601,京,尢,43.0
23602,𡯁,尢,43.0
23603,𡯁,尢,43.0
23604,𡯁,尢,43.0
23605,,尢,43.0
23606,𡯁,尢,43.0
23607,𡯁,尢,43.0
23608,尸,尸,44.0
23609,又,尸,4.0
23610,尺,尸,44.0
23611,尸,尸,44.0
23612,尸,尸,44.0
23613,皿,尸,44.0
23614,尾,尸,44.0
23615,尾,尸,44.0
23616,口,尸,44.0
23617,,尸,44.0
23618,尸,尸,44.0
23619,,尸,44.0
23620,,尸,44.0
23621,尸,尸,44.0
23622,尸,尸,44.0
23623,,尸,44.0
23624,尾,尸,44.0
23625,,尸,44.0
23626,尸,尸,44.0
23627,尸,尸,44.0
23628,,尸,44.0
23629,尸,尸,44.0
23630,艸,尸,44.0
23631,尸,尸,44.0
23632,履,尸,44.0
23633,尸,尸,44.0
23634,尸,尸,44.0
23635,,尸,44.0
23636,丘,尸,44.0
23637,尸,尸,44.0
23638,尸,尸,44.0
23639,,,44.0
23640,,,44.0
23641,,尸,44.0
23642,雨,尸,44.0
23643,尸,尸,44.0
23644,,尸,44.0
23645,尸,尸,44.0
23646,尾,尸,44.0
23647,尸,尸,44.0
23648,尸,尸,44.0
23649,尸,尸,44.0
23650,尸,尸,44.0
23651,革,尸,44.0
23652,尸,尸,44.0
23653,履,尸,44.0
23654,履,尸,44.0
23655,尸,尸,44.0
23656,履,尸,44.0
23657,履,尸,44.0
23658,,尸,44.0
23659,,尸,44.0
23660,尾,尸,44.0
23661,,尸,44.0
23662,屮,屮,45.0
23663,屮,屮,45.0
23664,干,屮,45.0
23665,山,山,46.0
23666,,,46.0
23667,,山,46.0
23668,,山,46.0
23669,屵,山,46.0
23670,,曰,46.0
23671,,,46.0
23672,,山,46.0
23673,,山,46.0
23674,山,,46.0
23675,,山,46.0
23676,,山,46.0
23677,,山,46.0
23678,屾,山,46.0
23679,山,山,46.0
23680,出,凵,46.0
23681,步,止,46.0
23682,豈,豆,46.0
23683,,,46.0
23684,,山,46.0
23685,,山,46.0
23686,,山,46.0
23687,,山,46.0
23688,,山,46.0
23689,,山,46.0
23690,山,山,46.0
23691,山,山,46.0
23692,山,山,46.0
23693,,山,46.0
23694,,山,46.0
23695,,山,46.0
23696,邑,山,46.0
23697,山,山,46.0
23698,,山,46.0
23699,,山,46.0
23700,,山,46.0
23701,,山,46.0
23702,阜,山,46.0
23703,山,山,46.0
23704,,山,46.0
23705,,,46.0
23706,山,山,46.0
23707,山,山,46.0
23708,,,46.0
23709,,山,46.0
23710,,山,46.0
23711,,山,46.0
23712,,山,46.0
23713,山,山,46.0
23714,,山,46.0
23715,,山,46.0
23716,,山,46.0
23717,,山,46.0
23718,,山,46.0
23719,,山,46.0
23720,山,山,46.0
23721,品,山,46.0
23722,山,山,46.0
23723,山,山,46.0
23724,,山,46.0
23725,山,山,46.0
23726,,山,46.0
23727,,山,46.0
23728,,山,46.0
23729,山,山,46.0
23730,,山,46.0
23731,山,山,46.0
23732,,山,46.0
23733,山,山,46.0
23734,,山,46.0
23735,山,山,46.0
23736,屵,山,46.0
23737,,山,46.0
23738,,山,46.0
23739,,山,46.0
23740,,,46.0
23741,,,46.0
23742,,,46.0
23743,,山,46.0
23744,邑,山,46.0
23745,,,46.0
23746,,,46.0
23747,山,山,46.0
23748,山,山,46.0
23749,,,46.0
23750,,山,46.0
23751,,山,46.0
23752,,山,46.0
23753,,山,46.0
23754,,山,46.0
23755,山,山,46.0
23756,,山,46.0
23757,,山,46.0
23758,,山,46.0
23759,,山,46.0
23760,,山,46.0
23761,,山,46.0
23762,,山,46.0
23763,,山,46.0
23764,,山,46.0
23765,日,山,46.0
23766,,山,46.0
23767,,山,46.0
23768,,山,46.0
23769,,山,46.0
23770,,山,46.0
23771,,山,46.0
23772,,山,46.0
23773,,山,46.0
23774,,山,46.0
23775,,山,46.0
23776,,,46.0
23777,阜,山,46.0
23778,,,46.0
23779,山,山,46.0
23780,山,山,46.0
23781,山,山,46.0
23782,山,山,46.0
23783,,,46.0
23784,山,山,46.0
23785,山,山,46.0
23786,,山,46.0
23787,,山,46.0
23788,,山,46.0
23789,阜,山,46.0
23790,,山,46.0
23791,山,山,46.0
23792,山,山,46.0
23793,山,山,46.0
23794,,山,46.0
23795,,山,46.0
23796,,山,46.0
23797,,山,46.0
23798,山,山,46.0
23799,,山,46.0
23800,,山,46.0
23801,,山,46.0
23802,,山,46.0
23803,山,山,46.0
23804,山,山,46.0
23805,阜,山,46.0
23806,,山,46.0
23807,,山,46.0
23808,,山,46.0
23809,,,46.0
23810,,山,46.0
23811,,山,46.0
23812,,山,46.0
23813,,,46.0
23814,,山,46.0
23815,山,山,46.0
23816,山,山,46.0
23817,,山,46.0
23818,,山,46.0
23819,山,山,46.0
23820,,山,46.0
23821,,山,46.0
23822,危,山,46.0
23823,山,山,46.0
23824,山,山,46.0
23825,山,山,46.0
23826,山,山,46.0
23827,,山,46.0
23828,山,山,46.0
23829,屵,山,46.0
23830,屵,山,46.0
23831,山,山,46.0
23832,山,山,46.0
23833,山,山,46.0
23834,,山,46.0
23835,山,山,46.0
23836,,山,46.0
23837,山,山,46.0
23838,山,山,46.0
23839,山,山,46.0
23840,,山,46.0
23841,,山,46.0
23842,山,山,46.0
23843,,山,46.0
23844,,山,46.0
23845,,山,46.0
23846,,山,46.0
23847,山,山,46.0
23848,,山,46.0
23849,山,山,46.0
23850,山,山,46.0
23851,,山,46.0
23852,,,46.0
23853,,山,46.0
23854,,,46.0
23855,山,山,46.0
23856,,山,46.0
23857,,山,46.0
23858,,山,46.0
23859,,山,46.0
23860,,山,46.0
23861,山,山,46.0
23862,,山,46.0
23863,,山,46.0
23864,,山,46.0
23865,,山,46.0
23866,,山,46.0
23867,,山,46.0
23868,,山,46.0
23869,,山,46.0
23870,,山,46.0
23871,,山,46.0
23872,,山,46.0
23873,,山,46.0
23874,,山,46.0
23875,,山,46.0
23876,,山,46.0
23877,,山,46.0
23878,山,山,46.0
23879,山,山,46.0
23880,,山,46.0
23881,,山,46.0
23882,,山,46.0
23883,,山,46.0
23884,山,山,46.0
23885,山,山,46.0
23886,山,山,46.0
23887,山,山,46.0
23888,山,山,46.0
23889,,山,46.0
23890,山,山,46.0
23891,,山,46.0
23892,,山,46.0
23893,山,山,46.0
23894,,,46.0
23895,步,止,46.0
23896,山,山,46.0
23897,,,46.0
23898,,山,46.0
23899,,山,46.0
23900,,山,46.0
23901,,山,46.0
23902,屾,山,46.0
23903,屵,山,46.0
23904,,山,46.0
23905,,山,46.0
23906,,山,46.0
23907,,山,46.0
23908,,山,46.0
23909,,山,46.0
23910,,山,46.0
23911,,山,46.0
23912,,山,46.0
23913,山,山,46.0
23914,,山,46.0
23915,,山,46.0
23916,嵬,山,46.0
23917,,山,46.0
23918,,山,46.0
23919,山,山,46.0
23920,,山,46.0
23921,,山,46.0
23922,,山,46.0
23923,山,山,46.0
23924,,山,46.0
23925,,,46.0
23926,,,46.0
23927,,山,46.0
23928,,山,46.0
23929,,山,46.0
23930,,山,46.0
23931,,山,46.0
23932,,山,46.0
23933,,山,46.0
23934,,山,46.0
23935,,山,46.0
23936,,山,46.0
23937,,山,46.0
23938,,山,46.0
23939,,山,46.0
23940,,山,46.0
23941,山,山,46.0
23942,,山,46.0
23943,阜,山,46.0
23944,,山,46.0
23945,,山,46.0
23946,,山,46.0
23947,山,山,46.0
23948,山,山,46.0
23949,,,46.0
23950,,,46.0
23951,屵,山,46.0
23952,,山,46.0
23953,,山,46.0
23954,,山,46.0
23955,,山,46.0
23956,,山,46.0
23957,,山,46.0
23958,,山,46.0
23959,,山,46.0
23960,山,山,46.0
23961,山,山,46.0
23962,,山,46.0
23963,,山,46.0
23964,,山,46.0
23965,,山,46.0
23966,山,山,46.0
23967,,山,46.0
23968,山,山,46.0
23969,,山,46.0
23970,山,山,46.0
23971,,,46.0
23972,山,山,46.0
23973,,,46.0
23974,,山,46.0
23975,山,山,46.0
23976,山,山,46.0
23977,,山,46.0
23978,,山,46.0
23979,,山,46.0
23980,,山,46.0
23981,山,山,46.0
23982,,山,46.0
23983,,山,46.0
23984,,山,46.0
23985,,山,46.0
23986,隹,山,46.0
23987,,山,46.0
23988,,,46.0
23989,,,46.0
23990,,,46.0
23991,山,山,46.0
23992,山,山,46.0
23993,,山,46.0
23994,山,山,46.0
23995,山,山,46.0
23996,山,山,46.0
23997,山,山,46.0
23998,,山,46.0
23999,,,46.0
24000,山,山,46.0
24001,山,山,46.0
24002,隹,隹,46.0
24003,,山,46.0
24004,,,46.0
24005,,山,46.0
24006,,山,46.0
24007,,山,46.0
24008,,山,46.0
24009,,山,46.0
24010,,山,46.0
24011,,山,46.0
24012,,山,46.0
24013,嵬,山,46.0
24014,,山,46.0
24015,,山,46.0
24016,,山,46.0
24017,,山,46.0
24018,山,山,46.0
24019,,山,46.0
24020,,山,46.0
24021,,,46.0
24022,山,山,46.0
24023,山,山,46.0
24024,,山,46.0
24025,,山,46.0
24026,,山,46.0
24027,川,巛,47.0
24028,巜,巛,47.0
24029,川,巛,47.0
24030,川,巛,47.0
24031,川,巛,47.0
24032,川,巛,47.0
24033,辵,巛,162.0
24034,巢,巛,47.0
24035,,巛,47.0
24036,囟,巛,47.0
24037,工,工,48.0
24038,左,工,48.0
24039,工,工,48.0
24040,工,工,48.0
24041,革,工,48.0
24042,,,48.0
24043,巫,工,48.0
24044,,,48.0
24045,,,48.0
24046,左,工,48.0
24047,,,48.0
24048,,,48.0
24049,己,己,49.0
24050,巳,己,49.0
24051,巳,己,49.0
24052,巴,己,49.0
24053,卮,己,49.0
24054,,己,49.0
24055,𨛜,己,49.0
24056,𦣞,己,49.0
24057,己,,49.0
24058,丌,己,49.0
24059,卩,卩,49.0
24060,,,49.0
24061,丌,己,49.0
24062,巾,巾,50.0
24063,巿,巾,50.0
24064,帀,巾,50.0
24065,巾,巾,50.0
24066,冂,巾,50.0
24067,巾,巾,50.0
24068,,巾,50.0
24069,巾,巾,50.0
24070,馬,巾,50.0
24071,𦘒,巾,50.0
24072,帀,巾,50.0
24073,巾,巾,50.0
24074,巾,巾,50.0
24075,,巾,50.0
24076,禾,巾,50.0
24077,,巾,50.0
24078,,巾,50.0
24079,巾,巾,50.0
24080,巾,巾,50.0
24081,巾,巾,50.0
24082,巾,巾,50.0
24083,,巾,50.0
24084,巾,巾,50.0
24085,,巾,50.0
24086,巾,巾,50.0
24087,巾,巾,50.0
24088,竹,巾,50.0
24089,巾,巾,50.0
24090,巾,巾,50.0
24091,帛,巾,50.0
24092,巾,巾,50.0
24093,丄,巾,50.0
24094,,巾,50.0
24095,巾,巾,50.0
24096,,巾,50.0
24097,,巾,50.0
24098,,巾,50.0
24099,巾,巾,50.0
24100,巾,巾,50.0
24101,巾,巾,50.0
24102,巾,巾,50.0
24103,,巾,50.0
24104,巾,巾,50.0
24105,,巾,50.0
24106,,巾,50.0
24107,帀,巾,50.0
24108,巾,巾,50.0
24109,巾,巾,50.0
24110,,巾,50.0
24111,,巾,50.0
24112,,止,50.0
24113,巾,巾,50.0
24114,,巾,50.0
24115,巾,巾,50.0
24116,巾,巾,50.0
24117,,巾,50.0
24118,巾,巾,50.0
24119,巾,巾,50.0
24120,巾,巾,50.0
24121,,巾,50.0
24122,,巾,50.0
24123,巾,巾,50.0
24124,巾,巾,50.0
24125,冃,巾,50.0
24126,,巾,50.0
24127,,巾,50.0
24128,,巾,50.0
24129,,巾,50.0
24130,冖,巾,50.0
24131,巾,巾,50.0
24132,木,巾,50.0
24133,巾,巾,50.0
24134,,巾,50.0
24135,,巾,50.0
24136,,巾,50.0
24137,,,50.0
24138,,巾,50.0
24139,巾,巾,50.0
24140,木,巾,50.0
24141,,巾,50.0
24142,巾,巾,50.0
24143,巾,巾,50.0
24144,巾,肉,130.0
24145,巾,巾,50.0
24146,巾,巾,50.0
24147,,巾,50.0
24148,巾,巾,50.0
24149,巾,巾,50.0
24150,巾,巾,50.0
24151,巾,巾,50.0
24152,巾,巾,50.0
24153,,巾,50.0
24154,,巾,50.0
24155,,,50.0
24156,,巾,50.0
24157,巾,巾,50.0
24158,巾,巾,50.0
24159,巾,巾,50.0
24160,巾,巾,50.0
24161,巾,巾,50.0
24162,巾,巾,50.0
24163,巾,巾,50.0
24164,,巾,50.0
24165,,,50.0
24166,巾,巾,50.0
24167,巾,巾,50.0
24168,,巾,50.0
24169,巾,巾,50.0
24170,巾,巾,50.0
24171,,巾,50.0
24172,巾,巾,50.0
24173,巾,巾,50.0
24174,,巾,50.0
24175,,巾,50.0
24176,巾,巾,50.0
24177,,巾,50.0
24178,干,干,51.0
24179,亏,干,51.0
24180,禾,干,51.0
24181,幵,干,51.0
24182,从,一,51.0
24183,从,干,51.0
24184,夭,干,51.0
24185,木,干,51.0
24186,幺,幺,52.0
24187,予,幺,52.0
24188,幺,幺,52.0
24189,𢆶,幺,52.0
24190,𢆶,幺,52.0
24191,广,广,53.0
24192,,广,53.0
24193,,广,53.0
24194,,广,53.0
24195,,广,53.0
24196,艸,广,53.0
24197,,,53.0
24198,心,心,53.0
24199,广,广,53.0
24200,,广,53.0
24201,广,广,53.0
24202,木,广,53.0
24203,,广,53.0
24204,广,广,53.0
24205,,广,53.0
24206,,广,53.0
24207,广,广,53.0
24208,广,广,53.0
24209,广,广,53.0
24210,,艸,53.0
24211,广,广,53.0
24212,心,心,53.0
24213,广,广,53.0
24214,广,广,53.0
24215,土,广,53.0
24216,,广,53.0
24217,广,广,53.0
24218,庚,广,53.0
24219,,广,53.0
24220,广,广,53.0
24221,,广,53.0
24222,广,龍,53.0
24223,广,广,53.0
24224,广,广,53.0
24225,,广,53.0
24226,广,广,53.0
24227,,广,53.0
24228,广,广,53.0
24229,木,广,53.0
24230,又,广,53.0
24231,,广,53.0
24232,,广,53.0
24233,,广,53.0
24234,广,广,53.0
24235,广,广,53.0
24236,,广,53.0
24237,广,广,53.0
24238,广,广,53.0
24239,,广,53.0
24240,广,广,53.0
24241,广,广,53.0
24242,,广,53.0
24243,广,广,53.0
24244,,广,53.0
24245,,广,53.0
24246,广,广,53.0
24247,禾,广,53.0
24248,用,广,53.0
24249,,广,53.0
24250,,广,53.0
24251,广,广,53.0
24252,高,广,53.0
24253,宀,广,53.0
24254,广,广,53.0
24255,广,广,53.0
24256,,广,53.0
24257,广,广,53.0
24258,广,广,53.0
24259,,广,53.0
24260,广,广,53.0
24261,,广,53.0
24262,,广,53.0
24263,广,广,53.0
24264,广,广,53.0
24265,广,广,53.0
24266,广,广,53.0
24267,,广,53.0
24268,廌,广,53.0
24269,,,53.0
24270,高,广,53.0
24271,广,广,53.0
24272,广,广,53.0
24273,广,广,53.0
24274,,广,53.0
24275,雨,广,53.0
24276,广,广,53.0
24277,,广,53.0
24278,广,广,53.0
24279,,广,53.0
24280,,广,53.0
24281,广,广,53.0
24282,广,广,53.0
24283,广,广,53.0
24284,,广,53.0
24285,,广,53.0
24286,广,广,53.0
24287,广,广,53.0
24288,,广,53.0
24289,广,广,53.0
24290,广,广,53.0
24291,广,广,53.0
24292,,,53.0
24293,广,广,53.0
24294,广,广,53.0
24295,,广,53.0
24296,,广,53.0
24297,㐭,广,53.0
24298,㐭,广,53.0
24299,广,广,53.0
24300,广,广,53.0
24301,,,53.0
24302,广,广,53.0
24303,,广,53.0
24304,,广,53.0
24305,广,广,53.0
24306,,广,53.0
24307,,广,53.0
24308,廴,廴,54.0
24309,,廴,54.0
24310,㢟,廴,54.0
24311,廴,廴,54.0
24312,,辵,54.0
24313,,辵,54.0
24314,廴,廴,54.0
24315,,廴,54.0
24316,乃,,54.0
24317,,廴,54.0
24318,廾,廾,55.0
24319,十,廾,55.0
24320,幵,門,55.0
24321,皃,廾,55.0
24322,廾,廾,55.0
24323,𠦒,廾,55.0
24324,廾,廾,55.0
24325,,廾,55.0
24326,,廾,55.0
24327,廾,廾,55.0
24328,廾,廾,55.0
24329,,大,55.0
24330,㡀,廾,55.0
24331,𠂆,弋,56.0
24332,一,弋,56.0
24333,二,弋,56.0
24334,三,弋,56.0
24335,工,弋,56.0
24336,,,56.0
24337,殺,弋,56.0
24338,殺,弋,56.0
24339,弓,弓,57.0
24340,人,弓,57.0
24341,弓,弓,57.0
24342,,弓,57.0
24343,丿,弓,57.0
24344,弓,弓,57.0
24345,弓,弓,57.0
24346,,弓,57.0
24347,弓,弓,57.0
24348,弜,弓,57.0
24349,,弓,57.0
24350,欠,弓,57.0
24351,弟,弓,57.0
24352,弓,弓,57.0
24353,,弓,57.0
24354,弓,弓,57.0
24355,,弓,57.0
24356,,弓,57.0
24357,長,弓,57.0
24358,弦,弓,57.0
24359,弓,弓,57.0
24360,弓,弓,57.0
24361,弓,弓,57.0
24362,,,57.0
24363,,弓,57.0
24364,,弓,57.0
24365,弓,弓,57.0
24366,,弓,57.0
24367,弓,弓,57.0
24368,,弓,57.0
24369,彡,弓,57.0
24370,弓,弓,57.0
24371,,,57.0
24372,弓,弓,57.0
24373,弓,弓,57.0
24374,,弓,57.0
24375,虫,弓,57.0
24376,弓,弓,57.0
24377,弓,弓,57.0
24378,虫,弓,57.0
24379,弜,弓,57.0
24380,弜,弓,57.0
24381,韋,弓,57.0
24382,,弓,57.0
24383,,弓,57.0
24384,弓,弓,57.0
24385,,,57.0
24386,,癶,57.0
24387,弓,弓,57.0
24388,弓,弓,57.0
24389,,,57.0
24390,弓,弓,57.0
24391,,弓,57.0
24392,弓,弓,57.0
24393,弓,弓,57.0
24394,弓,弓,57.0
24395,,弓,57.0
24396,長,弓,57.0
24397,弓,弓,57.0
24398,弓,弓,57.0
24399,弓,弓,57.0
24400,又,彐,58.0
24401,彑,彐,58.0
24402,止,止,58.0
24403,田,田,58.0
24404,彔,彐,58.0
24405,彔,金,58.0
24406,彑,彐,58.0
24407,又,彐,58.0
24408,彑,彐,58.0
24409,㣇,彐,58.0
24410,𣎵,彐,58.0
24411,,彐,58.0
24412,,彐,58.0
24413,糸,彐,58.0
24414,糸,彐,58.0
24415,,彐,58.0
24416,雈,彐,58.0
24417,彡,彡,59.0
24418,彡,彡,59.0
24419,彣,彡,59.0
24420,丹,彡,59.0
24421,彣,彡,59.0
24422,彣,彡,59.0
24423,有,彡,59.0
24424,,彡,59.0
24425,彡,彡,59.0
24426,虎,彡,141.0
24427,彡,彡,59.0
24428,人,彡,59.0
24429,壴,彡,59.0
24430,,彡,59.0
24431,,彡,59.0
24432,彡,彡,59.0
24433,日,彡,59.0
24434,,彡,59.0
24435,彳,彳,60.0
24436,,彳,60.0
24437,,彳,60.0
24438,彳,彳,60.0
24439,彳,彳,60.0
24440,,彳,60.0
24441,殳,彳,60.0
24442,,彳,60.0
24443,攴,彳,60.0
24444,彳,彳,60.0
24445,,彳,60.0
24446,,彳,60.0
24447,,彳,60.0
24448,彳,彳,60.0
24449,辵,彳,60.0
24450,辵,彳,60.0
24451,彳,彳,60.0
24452,彳,彳,60.0
24453,彳,彳,60.0
24454,,彳,60.0
24455,彳,彳,60.0
24456,彳,彳,60.0
24457,,彳,60.0
24458,,彳,60.0
24459,彳,彳,60.0
24460,彳,彳,60.0
24461,,彳,60.0
24462,彳,彳,60.0
24463,,彳,60.0
24464,彳,彳,60.0
24465,彳,彳,60.0
24466,辵,彳,60.0
24467,,彳,60.0
24468,,彳,60.0
24469,,彳,60.0
24470,,彳,60.0
24471,彳,彳,60.0
24472,衣,彳,60.0
24473,辵,彳,60.0
24474,,,60.0
24475,彳,彳,60.0
24476,,彳,60.0
24477,,彳,60.0
24478,从,彳,60.0
24479,,彳,60.0
24480,,彳,60.0
24481,彳,彳,60.0
24482,,彳,60.0
24483,,彳,60.0
24484,,人,60.0
24485,彳,彳,60.0
24486,彳,彳,60.0
24487,彳,彳,60.0
24488,辵,彳,60.0
24489,彳,彳,60.0
24490,彳,彳,60.0
24491,,彳,60.0
24492,彳,彳,60.0
24493,,彳,60.0
24494,彳,彳,60.0
24495,彳,彳,60.0
24496,,彳,60.0
24497,,彳,60.0
24498,彳,彳,60.0
24499,彳,彳,60.0
24500,𡈼,彳,60.0
24501,𡈼,彳,60.0
24502,,彳,60.0
24503,彳,彳,60.0
24504,,彳,60.0
24505,攴,彳,60.0
24506,,,60.0
24507,,彳,60.0
24508,彳,彳,60.0
24509,糸,彳,60.0
24510,,彳,60.0
24511,,彳,60.0
24512,,彳,60.0
24513,,人,60.0
24514,彳,彳,60.0
24515,心,心,61.0
24516,,心,61.0
24517,八,心,61.0
24518,,心,61.0
24519,,心,61.0
24520,,心,61.0
24521,,心,61.0
24522,,心,61.0
24523,,心,61.0
24524,心,心,61.0
24525,心,心,61.0
24526,人,心,61.0
24527,,心,61.0
24528,,心,61.0
24529,,心,61.0
24530,心,心,61.0
24531,心,心,61.0
24532,,心,61.0
24533,心,心,61.0
24534,心,心,61.0
24535,心,心,61.0
24536,心,心,61.0
24537,,心,61.0
24538,,心,61.0
24539,,心,61.0
24540,,心,61.0
24541,心,心,61.0
24542,心,心,61.0
24543,心,心,61.0
24544,心,心,61.0
24545,心,心,61.0
24546,心,心,61.0
24547,,心,61.0
24548,午,心,61.0
24549,心,心,61.0
24550,心,心,61.0
24551,心,心,61.0
24552,心,心,61.0
24553,囪,心,61.0
24554,,心,61.0
24555,心,心,61.0
24556,,心,61.0
24557,,心,61.0
24558,心,心,61.0
24559,心,心,61.0
24560,心,心,61.0
24561,心,心,61.0
24562,,心,61.0
24563,,心,61.0
24564,,心,61.0
24565,心,心,61.0
24566,,心,61.0
24567,,心,61.0
24568,心,心,61.0
24569,犬,心,61.0
24570,,心,61.0
24571,心,心,61.0
24572,心,心,61.0
24573,心,心,61.0
24574,心,心,61.0
24575,心,心,61.0
24576,心,心,61.0
24577,心,心,61.0
24578,心,心,61.0
24579,心,心,61.0
24580,,心,61.0
24581,心,心,61.0
24582,心,心,61.0
24583,,心,61.0
24584,心,心,61.0
24585,,心,61.0
24586,心,心,61.0
24587,心,心,61.0
24588,,心,61.0
24589,心,心,61.0
24590,,心,61.0
24591,心,心,61.0
24592,,心,61.0
24593,,心,61.0
24594,心,心,61.0
24595,心,心,61.0
24596,,心,61.0
24597,心,心,61.0
24598,心,心,61.0
24599,,心,61.0
24600,,心,61.0
24601,心,心,61.0
24602,心,心,61.0
24603,心,心,61.0
24604,心,心,61.0
24605,思,心,61.0
24606,心,心,61.0
24607,,心,61.0
24608,心,心,61.0
24609,心,心,61.0
24610,,心,61.0
24611,,心,61.0
24612,心,心,61.0
24613,心,心,61.0
24614,,心,61.0
24615,心,心,61.0
24616,心,心,61.0
24617,心,心,61.0
24618,心,心,61.0
24619,心,心,61.0
24620,,心,61.0
24621,,心,61.0
24622,心,心,61.0
24623,犬,心,61.0
24624,,心,61.0
24625,囪,心,61.0
24626,心,心,61.0
24627,心,心,61.0
24628,,心,61.0
24629,心,心,61.0
24630,,心,61.0
24631,,心,61.0
24632,,心,61.0
24633,,人,61.0
24634,,,61.0
24635,糸,糸,61.0
24636,心,心,61.0
24637,,,61.0
24638,,,61.0
24639,心,心,61.0
24640,,心,61.0
24641,心,心,61.0
24642,心,心,61.0
24643,心,心,61.0
24644,,心,61.0
24645,,心,61.0
24646,二,心,61.0
24647,心,心,61.0
24648,,心,61.0
24649,心,心,61.0
24650,劦,心,61.0
24651,女,心,61.0
24652,,心,61.0
24653,心,心,61.0
24654,,心,61.0
24655,,心,61.0
24656,心,心,61.0
24657,心,心,61.0
24658,二,心,61.0
24659,,心,61.0
24660,心,心,61.0
24661,心,心,61.0
24662,思,心,61.0
24663,,心,61.0
24664,,心,61.0
24665,心,心,61.0
24666,心,心,61.0
24667,,心,61.0
24668,,心,61.0
24669,心,心,61.0
24670,,心,61.0
24671,,心,61.0
24672,,心,61.0
24673,口,心,61.0
24674,心,心,61.0
24675,心,心,61.0
24676,心,心,61.0
24677,心,心,61.0
24678,,心,61.0
24679,心,心,61.0
24680,心,心,61.0
24681,心,心,61.0
24682,心,心,61.0
24683,心,心,61.0
24684,心,心,61.0
24685,心,心,61.0
24686,心,心,61.0
24687,心,心,61.0
24688,心,心,61.0
24689,言,心,61.0
24690,,心,61.0
24691,心,心,61.0
24692,,心,61.0
24693,,心,61.0
24694,心,心,61.0
24695,,,61.0
24696,心,心,61.0
24697,心,心,61.0
24698,豈,心,61.0
24699,心,心,61.0
24700,女,心,61.0
24701,心,心,61.0
24702,,心,61.0
24703,力,心,61.0
24704,,心,61.0
24705,心,心,61.0
24706,,心,61.0
24707,心,心,61.0
24708,心,心,61.0
24709,言,心,61.0
24710,心,心,61.0
24711,心,心,61.0
24712,心,心,61.0
24713,釆,心,61.0
24714,心,心,61.0
24715,,心,61.0
24716,心,心,61.0
24717,心,心,61.0
24718,,心,61.0
24719,心,心,61.0
24720,心,心,61.0
24721,心,心,61.0
24722,心,心,61.0
24723,,心,61.0
24724,心,心,61.0
24725,,心,61.0
24726,言,心,61.0
24727,,心,61.0
24728,,心,61.0
24729,,心,61.0
24730,心,心,61.0
24731,心,心,61.0
24732,,心,61.0
24733,心,心,61.0
24734,,心,61.0
24735,心,心,61.0
24736,心,心,61.0
24737,,心,61.0
24738,,心,61.0
24739,心,心,61.0
24740,囪,心,61.0
24741,人,心,61.0
24742,言,心,61.0
24743,,,61.0
24744,,心,61.0
24745,,心,61.0
24746,,心,61.0
24747,心,心,61.0
24748,𥄉,心,61.0
24749,手,心,61.0
24750,,心,61.0
24751,門,心,61.0
24752,心,心,61.0
24753,心,心,61.0
24754,心,心,61.0
24755,心,心,61.0
24756,心,心,61.0
24757,心,心,61.0
24758,心,心,61.0
24759,,心,61.0
24760,心,心,61.0
24761,心,心,61.0
24762,心,心,61.0
24763,,心,61.0
24764,心,心,61.0
24765,心,心,61.0
24766,,心,61.0
24767,,心,61.0
24768,心,心,61.0
24769,心,心,61.0
24770,心,心,61.0
24771,,心,61.0
24772,心,心,61.0
24773,心,心,61.0
24774,心,心,61.0
24775,心,心,61.0
24776,,心,61.0
24777,心,心,61.0
24778,馬,心,61.0
24779,,心,61.0
24780,宀,心,61.0
24781,,心,61.0
24782,心,心,61.0
24783,心,心,61.0
24784,,心,61.0
24785,心,心,61.0
24786,,心,61.0
24787,,心,61.0
24788,心,心,61.0
24789,心,心,61.0
24790,心,心,61.0
24791,,心,61.0
24792,,心,61.0
24793,心,心,61.0
24794,,心,61.0
24795,心,心,61.0
24796,心,心,61.0
24797,,心,61.0
24798,,心,61.0
24799,心,心,61.0
24800,叀,心,61.0
24801,心,心,61.0
24802,惢,心,61.0
24803,,心,61.0
24804,,心,61.0
24805,,心,61.0
24806,,,61.0
24807,心,心,61.0
24808,心,心,61.0
24809,心,心,61.0
24810,心,彳,61.0
24811,心,心,61.0
24812,心,心,61.0
24813,心,心,61.0
24814,心,心,61.0
24815,手,心,61.0
24816,心,心,61.0
24817,女,心,61.0
24818,心,心,61.0
24819,心,心,61.0
24820,心,心,61.0
24821,,心,61.0
24822,心,心,61.0
24823,心,心,61.0
24824,,心,61.0
24825,心,心,61.0
24826,,心,61.0
24827,心,心,61.0
24828,,心,61.0
24829,心,心,61.0
24830,,心,61.0
24831,,心,61.0
24832,,心,61.0
24833,心,心,61.0
24834,,心,61.0
24835,心,心,61.0
24836,,心,61.0
24837,,心,61.0
24838,心,心,61.0
24839,是,心,61.0
24840,疒,心,61.0
24841,心,心,61.0
24842,心,心,61.0
24843,,心,61.0
24844,,心,61.0
24845,心,心,61.0
24846,,心,61.0
24847,心,心,61.0
24848,心,心,61.0
24849,,心,61.0
24850,心,心,61.0
24851,心,心,61.0
24852,,心,61.0
24853,,心,61.0
24854,,心,61.0
24855,,心,61.0
24856,,心,61.0
24857,心,心,61.0
24858,心,心,61.0
24859,夊,心,61.0
24860,心,心,61.0
24861,,心,61.0
24862,心,心,61.0
24863,心,心,61.0
24864,心,心,61.0
24865,,心,61.0
24866,,心,61.0
24867,,目,61.0
24868,心,心,61.0
24869,,,61.0
24870,心,心,61.0
24871,女,心,61.0
24872,心,心,61.0
24873,,心,61.0
24874,心,心,61.0
24875,,心,61.0
24876,言,心,61.0
24877,,心,61.0
24878,,心,61.0
24879,心,心,61.0
24880,,心,61.0
24881,,心,61.0
24882,,心,61.0
24883,心,心,61.0
24884,心,心,61.0
24885,心,心,61.0
24886,,心,61.0
24887,豈,心,61.0
24888,,心,61.0
24889,,心,61.0
24890,,心,61.0
24891,心,心,61.0
24892,心,心,61.0
24893,十,心,61.0
24894,心,心,61.0
24895,心,心,61.0
24896,,心,61.0
24897,心,心,61.0
24898,,心,61.0
24899,,心,61.0
24900,,心,61.0
24901,心,心,61.0
24902,心,心,61.0
24903,心,心,61.0
24904,心,心,61.0
24905,心,心,61.0
24906,心,心,61.0
24907,心,心,61.0
24908,,心,61.0
24909,心,心,61.0
24910,心,心,61.0
24911,,心,61.0
24912,,,61.0
24913,心,心,61.0
24914,心,心,61.0
24915,心,心,61.0
24916,心,心,61.0
24917,心,心,61.0
24918,,心,61.0
24919,,心,61.0
24920,心,心,61.0
24921,心,心,61.0
24922,心,心,61.0
24923,,心,61.0
24924,,心,61.0
24925,,心,61.0
24926,,心,61.0
24927,心,心,61.0
24928,,心,61.0
24929,,心,61.0
24930,心,心,61.0
24931,手,心,61.0
24932,心,心,61.0
24933,,心,61.0
24934,,心,61.0
24935,心,心,61.0
24936,心,心,61.0
24937,心,心,61.0
24938,,心,61.0
24939,心,心,61.0
24940,,心,61.0
24941,心,心,61.0
24942,思,心,61.0
24943,心,心,61.0
24944,心,心,61.0
24945,,心,61.0
24946,心,心,61.0
24947,手,心,61.0
24948,心,心,61.0
24949,心,心,61.0
24950,心,心,61.0
24951,心,心,61.0
24952,心,心,61.0
24953,心,心,61.0
24954,,心,61.0
24955,,心,61.0
24956,心,心,61.0
24957,心,心,61.0
24958,欠,心,61.0
24959,,心,61.0
24960,心,心,61.0
24961,,心,61.0
24962,夊,心,61.0
24963,心,心,61.0
24964,,心,61.0
24965,心,心,61.0
24966,,心,61.0
24967,心,心,61.0
24968,,心,61.0
24969,,心,61.0
24970,心,心,61.0
24971,,心,61.0
24972,心,心,61.0
24973,,心,61.0
24974,心,心,61.0
24975,,心,61.0
24976,心,心,61.0
24977,馬,心,61.0
24978,心,心,61.0
24979,,心,61.0
24980,頁,心,61.0
24981,心,心,61.0
24982,心,心,61.0
24983,,心,61.0
24984,,心,61.0
24985,喜,心,61.0
24986,心,心,61.0
24987,口,心,61.0
24988,心,心,61.0
24989,心,心,61.0
24990,心,心,61.0
24991,,心,61.0
24992,,心,61.0
24993,,心,61.0
24994,,心,61.0
24995,,心,61.0
24996,心,心,61.0
24997,,心,61.0
24998,,心,61.0
24999,心,心,61.0
25000,,心,61.0
25001,心,心,61.0
25002,心,心,61.0
25003,門,心,61.0
25004,心,心,61.0
25005,心,心,61.0
25006,心,心,61.0
25007,心,心,61.0
25008,心,心,61.0
25009,,心,61.0
25010,心,心,61.0
25011,,心,61.0
25012,,心,61.0
25013,,心,61.0
25014,,心,61.0
25015,,心,61.0
25016,心,心,61.0
25017,,心,61.0
25018,心,心,61.0
25019,,心,61.0
25020,心,心,61.0
25021,,心,61.0
25022,,心,61.0
25023,心,心,61.0
25024,,心,61.0
25025,心,心,61.0
25026,,心,61.0
25027,,心,61.0
25028,,心,61.0
25029,,心,61.0
25030,心,心,61.0
25031,心,心,61.0
25032,心,心,61.0
25033,心,心,61.0
25034,,心,61.0
25035,心,心,61.0
25036,心,心,61.0
25037,,心,61.0
25038,,心,61.0
25039,,心,61.0
25040,,心,61.0
25041,心,心,61.0
25042,,女,61.0
25043,,,61.0
25044,,心,61.0
25045,心,心,61.0
25046,心,心,61.0
25047,,心,61.0
25048,心,心,61.0
25049,心,心,61.0
25050,,心,61.0
25051,,心,61.0
25052,心,心,61.0
25053,心,心,61.0
25054,,心,61.0
25055,心,心,61.0
25056,,心,61.0
25057,,心,61.0
25058,,心,61.0
25059,心,心,61.0
25060,,心,61.0
25061,,心,61.0
25062,心,心,61.0
25063,,心,61.0
25064,心,心,61.0
25065,,心,61.0
25066,,心,61.0
25067,至,心,61.0
25068,心,心,61.0
25069,,心,61.0
25070,,心,61.0
25071,,心,61.0
25072,,心,61.0
25073,心,心,61.0
25074,心,心,61.0
25075,,,61.0
25076,,心,61.0
25077,,心,61.0
25078,水,心,61.0
25079,心,心,61.0
25080,𥄉,心,61.0
25081,,心,61.0
25082,,心,61.0
25083,,心,61.0
25084,心,心,61.0
25085,心,心,61.0
25086,心,心,61.0
25087,壹,心,61.0
25088,女,心,61.0
25089,心,心,61.0
25090,,心,61.0
25091,,心,61.0
25092,,心,61.0
25093,,心,61.0
25094,心,心,61.0
25095,心,心,61.0
25096,戈,戈,62.0
25097,戉,戈,62.0
25098,戊,戈,62.0
25099,戈,戈,62.0
25100,戌,戈,62.0
25101,戈,戈,62.0
25102,戈,戈,62.0
25103,戈,戈,62.0
25104,戊,戈,62.0
25105,我,戈,62.0
25106,廾,戈,62.0
25107,,戈,62.0
25108,戈,戈,62.0
25109,戈,戈,62.0
25110,戈,戈,62.0
25111,,戈,62.0
25112,戈,戈,62.0
25113,,戈,62.0
25114,戉,戈,62.0
25115,戈,戈,62.0
25116,戈,戈,62.0
25117,,戈,62.0
25118,戈,戈,62.0
25119,戈,戈,62.0
25120,戈,戈,62.0
25121,戈,戈,62.0
25122,戈,戈,62.0
25123,戈,戈,62.0
25124,,戈,62.0
25125,,,62.0
25126,,戈,62.0
25127,,戈,62.0
25128,,戈,62.0
25129,戈,戈,62.0
25130,戈,戈,62.0
25131,有,戈,62.0
25132,戈,戈,62.0
25133,戈,戈,62.0
25134,戈,戈,62.0
25135,,戈,62.0
25136,戈,戈,62.0
25137,,戈,62.0
25138,戈,戈,62.0
25139,,戈,62.0
25140,異,戈,62.0
25141,金,戈,62.0
25142,戶,戶,63.0
25143,戶,戶,63.0
25144,戶,戶,63.0
25145,戶,戶,63.0
25146,𦣞,戶,63.0
25147,戶,戶,63.0
25148,卯,戶,63.0
25149,,戶,63.0
25150,犬,戶,63.0
25151,戶,戶,63.0
25152,斤,戶,63.0
25153,冊,戶,63.0
25154,,戶,63.0
25155,戶,戶,63.0
25156,,戶,63.0
25157,,戶,63.0
25158,戶,戶,63.0
25159,戶,戶,63.0
25160,邑,戶,63.0
25161,戶,戶,63.0
25162,,戶,63.0
25163,手,手,64.0
25164,,手,64.0
25165,才,手,64.0
25166,,手,64.0
25167,,手,64.0
25168,手,手,64.0
25169,手,手,64.0
25170,,手,64.0
25171,手,手,64.0
25172,手,手,64.0
25173,,手,64.0
25174,,,64.0
25175,土,手,64.0
25176,言,手,64.0
25177,,手,64.0
25178,手,手,64.0
25179,手,手,64.0
25180,手,手,64.0
25181,手,手,64.0
25182,手,手,64.0
25183,手,手,64.0
25184,,手,64.0
25185,手,手,64.0
25186,,手,64.0
25187,手,手,64.0
25188,手,手,64.0
25189,,手,64.0
25190,,手,64.0
25191,㚔,土,64.0
25192,,手,64.0
25193,,手,64.0
25194,手,手,64.0
25195,土,手,64.0
25196,手,手,64.0
25197,,手,64.0
25198,手,手,64.0
25199,,手,64.0
25200,手,手,64.0
25201,手,手,64.0
25202,,手,64.0
25203,,手,64.0
25204,手,手,64.0
25205,,手,64.0
25206,手,手,64.0
25207,,手,64.0
25208,,手,64.0
25209,手,手,64.0
25210,手,手,64.0
25211,,手,64.0
25212,手,手,64.0
25213,,手,64.0
25214,,手,64.0
25215,手,手,64.0
25216,手,手,64.0
25217,,手,64.0
25218,,手,64.0
25219,手,手,64.0
25220,金,手,64.0
25221,句,手,64.0
25222,,手,64.0
25223,,手,64.0
25224,手,手,64.0
25225,手,手,64.0
25226,手,手,64.0
25227,,手,64.0
25228,手,手,64.0
25229,手,手,64.0
25230,手,手,64.0
25231,,手,64.0
25232,,手,64.0
25233,印,手,64.0
25234,手,手,64.0
25235,,手,64.0
25236,,手,64.0
25237,手,手,64.0
25238,,手,64.0
25239,手,手,64.0
25240,艸,手,64.0
25241,,手,64.0
25242,手,手,64.0
25243,手,手,64.0
25244,,手,64.0
25245,手,手,64.0
25246,,手,64.0
25247,手,手,64.0
25248,手,手,64.0
25249,手,手,64.0
25250,木,手,64.0
25251,,,64.0
25252,言,言,64.0
25253,㚔,土,64.0
25254,,手,64.0
25255,手,手,64.0
25256,手,手,64.0
25257,手,手,64.0
25258,手,手,64.0
25259,手,手,64.0
25260,,手,64.0
25261,臼,手,64.0
25262,,手,64.0
25263,手,手,64.0
25264,手,手,64.0
25265,衣,手,64.0
25266,手,手,64.0
25267,,手,64.0
25268,手,手,64.0
25269,手,手,64.0
25270,手,手,64.0
25271,,手,64.0
25272,,手,64.0
25273,,手,64.0
25274,,手,64.0
25275,,手,64.0
25276,,手,64.0
25277,手,手,64.0
25278,,手,64.0
25279,,手,64.0
25280,,手,64.0
25281,,手,64.0
25282,手,手,64.0
25283,,手,64.0
25284,,手,64.0
25285,,手,64.0
25286,,手,64.0
25287,手,手,64.0
25288,手,手,64.0
25289,手,手,64.0
25290,手,手,64.0
25291,手,手,64.0
25292,,手,64.0
25293,手,手,64.0
25294,,手,64.0
25295,手,手,64.0
25296,,手,64.0
25297,手,手,64.0
25298,,手,64.0
25299,手,手,64.0
25300,手,手,64.0
25301,手,手,64.0
25302,手,手,64.0
25303,手,手,64.0
25304,句,手,64.0
25305,手,手,64.0
25306,手,手,64.0
25307,手,手,64.0
25308,手,手,64.0
25309,手,手,64.0
25310,手,手,64.0
25311,手,手,64.0
25312,,手,64.0
25313,,手,64.0
25314,,手,64.0
25315,束,手,64.0
25316,,,64.0
25317,手,手,64.0
25318,,手,64.0
25319,,手,64.0
25320,手,手,64.0
25321,手,手,64.0
25322,辵,手,64.0
25323,,手,64.0
25324,手,手,64.0
25325,巾,手,64.0
25326,手,手,64.0
25327,手,手,64.0
25328,,手,64.0
25329,手,手,64.0
25330,手,手,64.0
25331,手,手,64.0
25332,,手,64.0
25333,,手,64.0
25334,,手,64.0
25335,,手,64.0
25336,,手,64.0
25337,手,手,64.0
25338,,手,64.0
25339,,手,64.0
25340,,手,64.0
25341,手,手,64.0
25342,手,手,64.0
25343,手,手,64.0
25344,,手,64.0
25345,手,手,64.0
25346,手,手,64.0
25347,手,手,64.0
25348,,手,64.0
25349,,手,64.0
25350,,手,64.0
25351,手,手,64.0
25352,手,手,64.0
25353,手,手,64.0
25354,,手,64.0
25355,手,手,64.0
25356,手,手,64.0
25357,,手,64.0
25358,,手,64.0
25359,手,手,64.0
25360,手,手,64.0
25361,手,手,64.0
25362,,手,64.0
25363,,手,64.0
25364,,手,64.0
25365,,手,64.0
25366,,手,64.0
25367,,手,64.0
25368,,,64.0
25369,,,64.0
25370,手,手,64.0
25371,手,手,64.0
25372,,手,64.0
25373,,手,64.0
25374,手,手,64.0
25375,手,手,64.0
25376,手,手,64.0
25377,,手,64.0
25378,手,手,64.0
25379,,手,64.0
25380,手,手,64.0
25381,手,手,64.0
25382,,手,64.0
25383,,,64.0
25384,手,手,64.0
25385,手,手,64.0
25386,,手,64.0
25387,手,手,64.0
25388,,手,64.0
25389,,手,64.0
25390,,手,64.0
25391,手,手,64.0
25392,,手,64.0
25393,,手,64.0
25394,,手,64.0
25395,,手,64.0
25396,,手,64.0
25397,,手,64.0
25398,手,手,64.0
25399,,手,64.0
25400,,手,64.0
25401,手,手,64.0
25402,手,手,64.0
25403,手,手,64.0
25404,手,手,64.0
25405,車,手,64.0
25406,手,手,64.0
25407,,手,64.0
25408,手,手,64.0
25409,,手,64.0
25410,,手,64.0
25411,手,手,64.0
25412,手,手,64.0
25413,,手,64.0
25414,木,手,64.0
25415,手,手,64.0
25416,手,手,64.0
25417,手,手,64.0
25418,手,手,64.0
25419,手,手,64.0
25420,手,手,64.0
25421,手,手,64.0
25422,手,手,64.0
25423,,手,64.0
25424,手,手,64.0
25425,,手,64.0
25426,,手,64.0
25427,,手,64.0
25428,,手,64.0
25429,手,手,64.0
25430,,手,64.0
25431,,手,64.0
25432,手,手,64.0
25433,,手,64.0
25434,,手,64.0
25435,,手,64.0
25436,手,手,64.0
25437,手,手,64.0
25438,,手,64.0
25439,手,手,64.0
25440,,,64.0
25441,手,手,64.0
25442,手,手,64.0
25443,手,手,64.0
25444,,,64.0
25445,,手,64.0
25446,手,手,64.0
25447,廾,手,64.0
25448,手,手,64.0
25449,,手,64.0
25450,手,手,64.0
25451,手,手,64.0
25452,,手,64.0
25453,手,手,64.0
25454,手,手,64.0
25455,,手,64.0
25456,,手,64.0
25457,,手,64.0
25458,手,手,64.0
25459,,手,64.0
25460,,手,64.0
25461,,手,64.0
25462,手,手,64.0
25463,手,手,64.0
25464,,手,64.0
25465,,手,64.0
25466,,手,64.0
25467,手,手,64.0
25468,手,手,64.0
25469,手,手,64.0
25470,手,手,64.0
25471,,手,64.0
25472,手,手,64.0
25473,,手,64.0
25474,,手,64.0
25475,土,手,64.0
25476,手,手,64.0
25477,,手,64.0
25478,,手,64.0
25479,手,手,64.0
25480,手,手,64.0
25481,手,手,64.0
25482,手,手,64.0
25483,,手,64.0
25484,手,手,64.0
25485,手,手,64.0
25486,手,手,64.0
25487,手,手,64.0
25488,手,手,64.0
25489,,手,64.0
25490,手,手,64.0
25491,,手,64.0
25492,手,手,64.0
25493,手,手,64.0
25494,手,手,64.0
25495,,手,64.0
25496,手,手,64.0
25497,,手,64.0
25498,,手,64.0
25499,,手,64.0
25500,,手,64.0
25501,,手,64.0
25502,,手,64.0
25503,,手,64.0
25504,手,手,64.0
25505,,手,64.0
25506,手,手,64.0
25507,,手,64.0
25508,手,手,64.0
25509,手,手,64.0
25510,,手,64.0
25511,手,手,64.0
25512,手,手,64.0
25513,手,手,64.0
25514,手,手,64.0
25515,手,手,64.0
25516,勹,手,64.0
25517,,,64.0
25518,,,64.0
25519,,,64.0
25520,,,64.0
25521,,,64.0
25522,,手,64.0
25523,,手,64.0
25524,,手,64.0
25525,,,64.0
25526,,,64.0
25527,手,手,64.0
25528,手,手,64.0
25529,,,64.0
25530,手,手,64.0
25531,,,64.0
25532,手,手,64.0
25533,,手,64.0
25534,手,手,64.0
25535,,手,64.0
25536,束,手,64.0
25537,,手,64.0
25538,手,手,64.0
25539,手,手,64.0
25540,手,手,64.0
25541,手,手,64.0
25542,手,手,64.0
25543,,手,64.0
25544,手,手,64.0
25545,車,手,64.0
25546,,手,64.0
25547,,手,64.0
25548,,手,64.0
25549,,手,64.0
25550,,手,64.0
25551,,手,64.0
25552,手,手,64.0
25553,,手,64.0
25554,手,手,64.0
25555,,手,64.0
25556,糸,手,64.0
25557,,手,64.0
25558,手,手,64.0
25559,手,手,64.0
25560,,手,64.0
25561,手,手,64.0
25562,手,手,64.0
25563,手,手,64.0
25564,手,手,64.0
25565,,手,64.0
25566,,手,64.0
25567,手,手,64.0
25568,手,手,64.0
25569,手,手,64.0
25570,,手,64.0
25571,手,手,64.0
25572,手,手,64.0
25573,,手,64.0
25574,,手,64.0
25575,,手,64.0
25576,,手,64.0
25577,,手,64.0
25578,手,手,64.0
25579,手,手,64.0
25580,,手,64.0
25581,手,手,64.0
25582,手,手,64.0
25583,手,手,64.0
25584,,手,64.0
25585,手,手,64.0
25586,手,手,64.0
25587,,手,64.0
25588,手,手,64.0
25589,,手,64.0
25590,,手,64.0
25591,,手,64.0
25592,,又,64.0
25593,,肉,64.0
25594,手,手,64.0
25595,,,64.0
25596,,,64.0
25597,手,手,64.0
25598,手,手,64.0
25599,,手,64.0
25600,手,手,64.0
25601,,,64.0
25602,手,手,64.0
25603,,糸,64.0
25604,手,手,64.0
25605,手,手,64.0
25606,,手,64.0
25607,,手,64.0
25608,手,手,64.0
25609,手,手,64.0
25610,,手,64.0
25611,,手,64.0
25612,,手,64.0
25613,手,手,64.0
25614,,手,64.0
25615,手,手,64.0
25616,,手,64.0
25617,手,手,64.0
25618,手,手,64.0
25619,,手,64.0
25620,手,手,64.0
25621,,手,64.0
25622,手,手,64.0
25623,,手,64.0
25624,,手,64.0
25625,,手,64.0
25626,手,手,64.0
25627,,手,64.0
25628,手,手,64.0
25629,,手,64.0
25630,,手,64.0
25631,,手,64.0
25632,,手,64.0
25633,,手,64.0
25634,手,手,64.0
25635,手,手,64.0
25636,手,手,64.0
25637,,手,64.0
25638,手,手,64.0
25639,,手,64.0
25640,,手,64.0
25641,,手,64.0
25642,,手,64.0
25643,手,手,64.0
25644,手,手,64.0
25645,,手,64.0
25646,,手,64.0
25647,手,手,64.0
25648,手,手,64.0
25649,,手,64.0
25650,,手,64.0
25651,手,手,64.0
25652,手,手,64.0
25653,手,手,64.0
25654,木,手,64.0
25655,,手,64.0
25656,,手,64.0
25657,手,手,64.0
25658,手,手,64.0
25659,,手,64.0
25660,,手,64.0
25661,,,64.0
25662,,木,64.0
25663,,,64.0
25664,,手,64.0
25665,,,64.0
25666,,手,64.0
25667,,手,64.0
25668,手,手,64.0
25669,手,手,64.0
25670,手,手,64.0
25671,手,手,64.0
25672,人,手,64.0
25673,,手,64.0
25674,手,手,64.0
25675,,手,64.0
25676,,手,64.0
25677,手,手,64.0
25678,手,手,64.0
25679,,手,64.0
25680,,手,64.0
25681,,手,64.0
25682,,手,64.0
25683,,手,64.0
25684,,手,64.0
25685,手,手,64.0
25686,,手,64.0
25687,,手,64.0
25688,手,手,64.0
25689,,手,64.0
25690,,手,64.0
25691,手,手,64.0
25692,手,手,64.0
25693,,手,64.0
25694,,手,64.0
25695,手,手,64.0
25696,糸,手,64.0
25697,手,手,64.0
25698,,手,64.0
25699,,手,64.0
25700,,手,64.0
25701,,手,64.0
25702,手,手,64.0
25703,手,手,64.0
25704,,手,64.0
25705,手,手,64.0
25706,,手,64.0
25707,,手,64.0
25708,手,手,64.0
25709,手,手,64.0
25710,,手,64.0
25711,手,手,64.0
25712,,手,64.0
25713,,手,64.0
25714,手,手,64.0
25715,手,手,64.0
25716,手,手,64.0
25717,手,手,64.0
25718,手,手,64.0
25719,手,手,64.0
25720,手,手,64.0
25721,手,手,64.0
25722,手,手,64.0
25723,手,手,64.0
25724,手,手,64.0
25725,手,手,64.0
25726,,手,64.0
25727,,手,64.0
25728,,手,64.0
25729,,牛,64.0
25730,,,64.0
25731,,手,64.0
25732,,手,64.0
25733,手,手,64.0
25734,手,手,64.0
25735,手,手,64.0
25736,,手,64.0
25737,,手,64.0
25738,,手,64.0
25739,,手,64.0
25740,,手,64.0
25741,,手,64.0
25742,手,手,64.0
25743,,手,64.0
25744,,手,64.0
25745,,手,64.0
25746,,手,64.0
25747,手,手,64.0
25748,,手,64.0
25749,,手,64.0
25750,,手,64.0
25751,,手,64.0
25752,,手,64.0
25753,刀,手,64.0
25754,手,手,64.0
25755,,手,64.0
25756,手,手,64.0
25757,手,手,64.0
25758,手,手,64.0
25759,手,手,64.0
25760,,手,64.0
25761,,手,64.0
25762,手,手,64.0
25763,手,手,64.0
25764,力,手,64.0
25765,手,手,64.0
25766,,手,64.0
25767,,手,64.0
25768,,手,64.0
25769,手,手,64.0
25770,,手,64.0
25771,手,手,64.0
25772,,手,64.0
25773,手,手,64.0
25774,手,手,64.0
25775,,手,64.0
25776,言,手,64.0
25777,,手,64.0
25778,手,手,64.0
25779,,欠,64.0
25780,,手,64.0
25781,,,64.0
25782,,刀,64.0
25783,衣,手,64.0
25784,,手,64.0
25785,手,手,64.0
25786,,手,64.0
25787,手,手,64.0
25788,手,手,64.0
25789,手,手,64.0
25790,,手,64.0
25791,手,手,64.0
25792,,手,64.0
25793,手,手,64.0
25794,,手,64.0
25795,,手,64.0
25796,,手,64.0
25797,手,手,64.0
25798,,手,64.0
25799,手,手,64.0
25800,手,手,64.0
25801,,手,64.0
25802,手,手,64.0
25803,,手,64.0
25804,,手,64.0
25805,手,手,64.0
25806,,手,64.0
25807,,手,64.0
25808,手,手,64.0
25809,,手,64.0
25810,,手,64.0
25811,,手,64.0
25812,,手,64.0
25813,,手,64.0
25814,手,手,64.0
25815,手,手,64.0
25816,手,手,64.0
25817,,手,64.0
25818,手,手,64.0
25819,,手,64.0
25820,,手,64.0
25821,,,64.0
25822,,手,64.0
25823,,手,64.0
25824,手,手,64.0
25825,,手,64.0
25826,手,手,64.0
25827,手,手,64.0
25828,,手,64.0
25829,手,手,64.0
25830,,手,64.0
25831,手,手,64.0
25832,,手,64.0
25833,手,手,64.0
25834,手,手,64.0
25835,手,手,64.0
25836,手,手,64.0
25837,手,手,64.0
25838,,手,64.0
25839,人,手,64.0
25840,,手,64.0
25841,,門,64.0
25842,手,手,64.0
25843,,手,64.0
25844,,手,64.0
25845,,手,64.0
25846,,手,64.0
25847,衣,手,64.0
25848,手,手,64.0
25849,,手,64.0
25850,手,手,64.0
25851,,手,64.0
25852,,手,64.0
25853,手,手,64.0
25854,手,手,64.0
25855,手,手,64.0
25856,𠬜,手,64.0
25857,,手,64.0
25858,,手,64.0
25859,,手,64.0
25860,手,手,64.0
25861,,手,64.0
25862,,石,64.0
25863,,手,64.0
25864,手,手,64.0
25865,,手,64.0
25866,,手,64.0
25867,,手,64.0
25868,,手,64.0
25869,,手,64.0
25870,手,手,64.0
25871,,手,64.0
25872,手,手,64.0
25873,,手,64.0
25874,,手,64.0
25875,,手,64.0
25876,,手,64.0
25877,手,手,64.0
25878,,手,64.0
25879,,手,64.0
25880,手,手,64.0
25881,手,手,64.0
25882,,,64.0
25883,,手,64.0
25884,手,手,64.0
25885,手,手,64.0
25886,,手,64.0
25887,手,手,64.0
25888,手,手,64.0
25889,,手,64.0
25890,,手,64.0
25891,手,手,64.0
25892,手,手,64.0
25893,,手,64.0
25894,,手,64.0
25895,,,64.0
25896,,手,64.0
25897,手,手,64.0
25898,手,手,64.0
25899,手,手,64.0
25900,手,手,64.0
25901,,手,64.0
25902,,手,64.0
25903,支,支,65.0
25904,,力,65.0
25905,,支,65.0
25906,支,支,65.0
25907,,支,65.0
25908,攴,攴,66.0
25909,攴,攴,66.0
25910,攴,攴,66.0
25911,攴,攴,66.0
25912,攴,攴,66.0
25913,攴,攴,66.0
25914,攴,攴,66.0
25915,攴,攴,66.0
25916,攴,攴,66.0
25917,攴,攴,66.0
25918,放,攴,66.0
25919,攴,攴,66.0
25920,攴,攴,66.0
25921,,攴,66.0
25922,攴,攴,66.0
25923,攴,攴,66.0
25924,攴,攴,66.0
25925,攴,攴,66.0
25926,攴,攴,66.0
25927,攴,攴,66.0
25928,攴,攴,66.0
25929,攴,攴,66.0
25930,尗,攴,66.0
25931,,手,66.0
25932,攴,舌,66.0
25933,攴,攴,66.0
25934,教,攴,66.0
25935,攴,攴,66.0
25936,,攴,66.0
25937,攴,攴,66.0
25938,攴,攴,66.0
25939,攴,攴,66.0
25940,攴,攴,66.0
25941,攴,攴,66.0
25942,放,攴,66.0
25943,攴,攴,66.0
25944,攴,攴,66.0
25945,教,攴,66.0
25946,攴,攴,66.0
25947,攴,攴,66.0
25948,攴,攴,66.0
25949,㡀,攴,66.0
25950,攴,攴,66.0
25951,攴,攴,66.0
25952,,攴,66.0
25953,攴,攴,66.0
25954,𠬪,攴,66.0
25955,肉,攴,66.0
25956,攴,攴,66.0
25957,,攴,66.0
25958,攴,攴,66.0
25959,,攴,66.0
25960,,攴,66.0
25961,,,66.0
25962,,,66.0
25963,放,攴,66.0
25964,茍,攴,66.0
25965,,攴,66.0
25966,,攴,66.0
25967,攴,,66.0
25968,攴,攴,66.0
25969,攴,攴,66.0
25970,攴,攴,66.0
25971,攴,,66.0
25972,攴,心,66.0
25973,攴,攴,66.0
25974,攴,攴,66.0
25975,攴,攴,66.0
25976,攴,攴,66.0
25977,攴,攴,66.0
25978,馬,攴,66.0
25979,𥄎,夊,66.0
25980,,攴,66.0
25981,攴,攴,66.0
25982,,,66.0
25983,攴,攴,66.0
25984,攴,攴,66.0
25985,攴,攴,66.0
25986,攴,攴,66.0
25987,犬,攴,66.0
25988,犛,攴,66.0
25989,教,攴,66.0
25990,教,攴,66.0
25991,文,文,67.0
25992,,,67.0
25993,齊,齊,67.0
25994,,文,67.0
25995,示,文,67.0
25996,人,文,67.0
25997,,見,67.0
25998,,齊,67.0
25999,,,67.0
26000,文,文,67.0
26001,文,文,67.0
26002,,文,67.0
26003,,文,67.0
26004,,文,67.0
26005,,文,67.0
26006,,文,67.0
26007,斗,斗,68.0
26008,,斗,68.0
26009,斗,斗,68.0
26010,斗,斗,68.0
26011,斗,斗,68.0
26012,斗,斗,68.0
26013,斗,斗,68.0
26014,斗,斗,68.0
26015,斗,斗,68.0
26016,斗,斗,68.0
26017,斗,斗,68.0
26018,,斗,68.0
26019,斗,斗,68.0
26020,斤,斤,69.0
26021,广,斤,69.0
26022,斤,斤,69.0
26023,斤,斤,69.0
26024,斤,斤,69.0
26025,車,斤,69.0
26026,斤,斤,69.0
26027,斤,斤,69.0
26028,車,斤,69.0
26029,斤,斤,69.0
26030,斤,斤,69.0
26031,斤,斤,69.0
26032,斤,斤,69.0
26033,,斤,69.0
26034,斤,斤,69.0
26035,,斤,69.0
26036,,斤,69.0
26037,斤,斤,69.0
26038,,斤,69.0
26039,斤,斤,69.0
26040,斤,斤,69.0
26041,方,方,70.0
26042,,方,70.0
26043,方,方,70.0
26044,烏,方,70.0
26045,㫃,方,70.0
26046,㫃,方,70.0
26047,,方,70.0
26048,,,70.0
26049,丄,方,70.0
26050,㫃,方,70.0
26051,㫃,方,70.0
26052,㫃,方,70.0
26053,㫃,方,70.0
26054,㫃,方,70.0
26055,㫃,方,70.0
26056,,方,70.0
26057,寸,方,70.0
26058,,方,70.0
26059,㫃,方,70.0
26060,㫃,方,70.0
26061,,方,70.0
26062,,方,70.0
26063,㫃,方,70.0
26064,㫃,方,70.0
26065,,方,70.0
26066,,方,70.0
26067,,方,70.0
26068,,方,70.0
26069,,,70.0
26070,㫃,方,70.0
26071,㫃,方,70.0
26072,,方,70.0
26073,,,70.0
26074,㫃,方,70.0
26075,㫃,方,70.0
26076,㫃,方,70.0
26077,㫃,方,70.0
26078,㫃,方,70.0
26079,㫃,方,70.0
26080,亡,无,71.0
26081,旡,无,71.0
26082,皀,无,71.0
26083,皀,无,71.0
26084,旡,无,71.0
26085,日,日,72.0
26086,旦,日,72.0
26087,雈,臼,72.0
26088,旨,日,72.0
26089,日,日,72.0
26090,劦,日,72.0
26091,,日,72.0
26092,勹,日,72.0
26093,日,日,72.0
26094,,日,72.0
26095,,,72.0
26096,日,日,72.0
26097,日,日,72.0
26098,,日,72.0
26099,日,日,72.0
26100,,日,72.0
26101,,日,72.0
26102,日,日,72.0
26103,日,日,72.0
26104,日,日,72.0
26105,日,日,72.0
26106,日,日,72.0
26107,日,日,72.0
26108,,日,72.0
26109,,日,72.0
26110,艸,日,72.0
26111,,日,72.0
26112,,日,72.0
26113,,日,72.0
26114,日,日,72.0
26115,日,日,72.0
26116,日,日,72.0
26117,,日,72.0
26118,日,日,72.0
26119,日,日,72.0
26120,日,日,72.0
26121,日,日,72.0
26122,夰,日,72.0
26123,,日,72.0
26124,日,日,72.0
26125,,日,72.0
26126,明,日,72.0
26127,日,日,72.0
26128,,日,72.0
26129,,日,72.0
26130,日,日,72.0
26131,易,日,72.0
26132,日,日,72.0
26133,日,日,72.0
26134,,日,72.0
26135,日,日,72.0
26136,,日,72.0
26137,日,日,72.0
26138,心,日,72.0
26139,,日,72.0
26140,勿,日,72.0
26141,曰,日,72.0
26142,,日,72.0
26143,晶,日,72.0
26144,日,日,72.0
26145,,日,72.0
26146,,日,72.0
26147,,日,72.0
26148,,日,72.0
26149,艸,日,72.0
26150,夰,日,72.0
26151,日,日,72.0
26152,日,日,72.0
26153,,日,72.0
26154,日,日,72.0
26155,日,日,72.0
26156,日,日,72.0
26157,日,日,72.0
26158,,日,72.0
26159,是,日,72.0
26160,是,日,72.0
26161,日,日,72.0
26162,,日,72.0
26163,日,日,72.0
26164,日,日,72.0
26165,日,日,72.0
26166,日,日,72.0
26167,皿,日,72.0
26168,仌,日,72.0
26169,,日,72.0
26170,,日,72.0
26171,日,日,72.0
26172,畫,日,72.0
26173,日,日,72.0
26174,頁,頁,72.0
26175,,日,72.0
26176,,日,72.0
26177,黽,日,72.0
26178,日,日,72.0
26179,日,日,72.0
26180,日,日,72.0
26181,,日,72.0
26182,,日,72.0
26183,,日,72.0
26184,,日,72.0
26185,日,日,72.0
26186,,日,72.0
26187,日,日,72.0
26188,,日,72.0
26189,,日,72.0
26190,,日,72.0
26191,日,日,72.0
26192,日,日,72.0
26193,,日,72.0
26194,日,日,72.0
26195,日,日,72.0
26196,日,日,72.0
26197,日,日,72.0
26198,日,日,72.0
26199,,日,72.0
26200,,日,72.0
26201,日,日,72.0
26202,日,日,72.0
26203,日,日,72.0
26204,弟,日,72.0
26205,畫,日,72.0
26206,日,日,72.0
26207,日,日,72.0
26208,日,日,72.0
26209,,日,72.0
26210,日,日,72.0
26211,日,日,72.0
26212,日,日,72.0
26213,,日,72.0
26214,日,日,72.0
26215,日,日,72.0
26216,晶,日,72.0
26217,日,日,72.0
26218,,日,72.0
26219,,日,72.0
26220,日,日,72.0
26221,,日,72.0
26222,日,日,72.0
26223,日,日,72.0
26224,日,日,72.0
26225,,日,72.0
26226,,日,72.0
26227,白,日,72.0
26228,夕,日,72.0
26229,日,日,72.0
26230,晶,日,72.0
26231,日,日,72.0
26232,,日,72.0
26233,日,日,72.0
26234,𪞶,日,72.0
26235,日,日,72.0
26236,,日,72.0
26237,,日,72.0
26238,,日,72.0
26239,,日,72.0
26240,日,日,72.0
26241,,日,72.0
26242,日,日,72.0
26243,,,72.0
26244,火,日,72.0
26245,,日,72.0
26246,日,日,72.0
26247,日,日,72.0
26248,日,日,72.0
26249,日,日,72.0
26250,,日,72.0
26251,攴,日,72.0
26252,,日,72.0
26253,日,日,72.0
26254,日,日,72.0
26255,日,日,72.0
26256,,日,72.0
26257,日,日,72.0
26258,,日,72.0
26259,,日,72.0
26260,,日,72.0
26261,,日,72.0
26262,火,日,72.0
26263,日,日,72.0
26264,日,日,72.0
26265,,日,72.0
26266,,日,72.0
26267,,日,72.0
26268,日,日,72.0
26269,,日,72.0
26270,,日,72.0
26271,,日,72.0
26272,,日,72.0
26273,,日,72.0
26274,田,日,72.0
26275,,日,72.0
26276,日,日,72.0
26277,,日,72.0
26278,日,日,72.0
26279,,日,72.0
26280,旦,日,72.0
26281,,日,72.0
26282,,日,72.0
26283,日,日,72.0
26284,日,日,72.0
26285,日,日,72.0
26286,茻,日,72.0
26287,,日,72.0
26288,,日,72.0
26289,日,日,72.0
26290,,日,72.0
26291,,日,72.0
26292,日,日,72.0
26293,日,日,72.0
26294,,日,72.0
26295,,日,72.0
26296,,日,72.0
26297,,日,72.0
26298,,日,72.0
26299,,日,72.0
26300,,日,72.0
26301,,日,72.0
26302,,日,72.0
26303,,日,72.0
26304,日,日,72.0
26305,旦,日,72.0
26306,,日,72.0
26307,,日,72.0
26308,日,日,72.0
26309,日,日,72.0
26310,日,日,72.0
26311,日,日,72.0
26312,日,日,72.0
26313,日,日,72.0
26314,,日,72.0
26315,,日,72.0
26316,,日,72.0
26317,日,白,72.0
26318,,日,72.0
26319,日,日,72.0
26320,晶,日,72.0
26321,晶,日,72.0
26322,,日,72.0
26323,夲,日,72.0
26324,,日,72.0
26325,,日,72.0
26326,,日,72.0
26327,,日,72.0
26328,,日,72.0
26329,日,日,72.0
26330,,日,72.0
26331,,日,72.0
26332,火,日,72.0
26333,日,日,72.0
26334,,日,72.0
26335,晶,日,72.0
26336,日,日,72.0
26337,晶,田,72.0
26338,,,72.0
26339,日,日,72.0
26340,,日,72.0
26341,,日,72.0
26342,日,日,72.0
26343,,日,72.0
26344,日,日,72.0
26345,日,日,72.0
26346,,日,72.0
26347,日,日,72.0
26348,日,日,72.0
26349,,日,72.0
26350,,日,72.0
26351,,日,72.0
26352,曰,曰,73.0
26353,,曰,73.0
26354,曲,曰,73.0
26355,申,曰,73.0
26356,攴,曰,73.0
26357,,曰,73.0
26358,曰,曰,73.0
26359,曰,曰,73.0
26360,聿,曰,73.0
26361,曰,曰,73.0
26362,,曰,73.0
26363,,,73.0
26364,又,曰,73.0
26365,八,曰,72.0
26366,八,曰,73.0
26367,並,曰,73.0
26368,冃,曰,13.0
26369,曰,曰,73.0
26370,,力,73.0
26371,會,曰,73.0
26372,申,曰,73.0
26373,去,曰,73.0
26374,,,73.0
26375,會,曰,73.0
26376,月,月,74.0
26377,有,月,74.0
26378,,月,74.0
26379,鳥,月,74.0
26380,,月,74.0
26381,舟,月,74.0
26382,,月,74.0
26383,月,月,74.0
26384,肉,月,74.0
26385,,,74.0
26386,月,月,74.0
26387,月,月,74.0
26388,月,月,74.0
26389,舟,月,74.0
26390,月,月,74.0
26391,月,月,74.0
26392,肉,月,74.0
26393,明,月,74.0
26394,明,月,74.0
26395,亡,月,74.0
26396,,月,74.0
26397,倝,月,74.0
26398,月,月,74.0
26399,月,月,74.0
26400,,月,74.0
26401,,肉,74.0
26402,𡈼,月,74.0
26403,,月,74.0
26404,,月,74.0
26405,,,74.0
26406,月,月,74.0
26407,月,月,74.0
26408,木,木,75.0
26409,𣎳,木,75.0
26410,未,木,75.0
26411,木,木,75.0
26412,木,木,75.0
26413,木,木,75.0
26414,禾,木,75.0
26415,禾,禾,75.0
26416,,,75.0
26417,木,木,75.0
26418,,木,75.0
26419,手,木,75.0
26420,木,木,75.0
26421,木,木,75.0
26422,木,木,75.0
26423,,木,75.0
26424,木,木,75.0
26425,竹,木,75.0
26426,木,木,75.0
26427,木,木,75.0
26428,,木,75.0
26429,歹,木,75.0
26430,木,木,75.0
26431,朿,木,75.0
26432,殺,殳,75.0
26433,,,75.0
26434,衣,隹,75.0
26435,木,木,75.0
26436,,木,75.0
26437,木,木,75.0
26438,,木,75.0
26439,木,木,75.0
26440,木,木,75.0
26441,木,木,75.0
26442,,木,75.0
26443,,木,75.0
26444,,木,75.0
26445,木,木,75.0
26446,木,木,75.0
26447,木,木,75.0
26448,木,木,75.0
26449,邑,木,75.0
26450,木,木,75.0
26451,木,木,75.0
26452,,木,75.0
26453,木,木,75.0
26454,木,木,75.0
26455,木,木,75.0
26456,木,木,75.0
26457,木,木,75.0
26458,木,木,75.0
26459,,木,75.0
26460,木,木,75.0
26461,木,木,75.0
26462,木,木,75.0
26463,束,木,75.0
26464,木,木,75.0
26465,木,木,75.0
26466,,,75.0
26467,,,75.0
26468,,,75.0
26469,來,人,75.0
26470,,,75.0
26471,,艸,75.0
26472,木,木,75.0
26473,,木,75.0
26474,木,木,75.0
26475,,木,75.0
26476,,木,75.0
26477,手,木,75.0
26478,木,木,75.0
26479,木,木,75.0
26480,人,木,75.0
26481,東,木,75.0
26482,木,木,75.0
26483,木,木,75.0
26484,,木,75.0
26485,木,木,75.0
26486,木,木,75.0
26487,木,木,75.0
26488,殳,木,75.0
26489,,木,75.0
26490,,木,75.0
26491,木,木,75.0
26492,木,木,75.0
26493,木,木,75.0
26494,木,木,75.0
26495,片,木,75.0
26496,木,木,75.0
26497,木,木,75.0
26498,,木,75.0
26499,,木,75.0
26500,木,木,75.0
26501,木,木,75.0
26502,,木,75.0
26503,木,木,75.0
26504,,木,75.0
26505,木,木,75.0
26506,木,木,75.0
26507,木,木,75.0
26508,木,木,75.0
26509,,木,75.0
26510,木,木,75.0
26511,木,木,75.0
26512,木,木,75.0
26513,木,木,75.0
26514,木,木,75.0
26515,木,木,75.0
26516,,木,75.0
26517,木,木,75.0
26518,木,木,75.0
26519,林,木,75.0
26520,,木,75.0
26521,,木,75.0
26522,木,木,75.0
26523,,木,75.0
26524,木,木,75.0
26525,木,木,75.0
26526,木,木,75.0
26527,,木,75.0
26528,,木,75.0
26529,,,75.0
26530,木,木,75.0
26531,朿,木,75.0
26532,,,75.0
26533,木,木,75.0
26534,,戶,75.0
26535,,木,75.0
26536,木,木,75.0
26537,,木,75.0
26538,木,木,75.0
26539,木,木,75.0
26540,,,75.0
26541,木,木,75.0
26542,木,木,75.0
26543,木,木,75.0
26544,木,木,75.0
26545,木,木,75.0
26546,𣎳,木,75.0
26547,木,木,75.0
26548,,木,75.0
26549,木,木,75.0
26550,木,木,75.0
26551,木,木,75.0
26552,木,木,75.0
26553,木,木,75.0
26554,,木,75.0
26555,,木,75.0
26556,木,木,75.0
26557,木,木,75.0
26558,木,木,75.0
26559,,木,75.0
26560,木,木,75.0
26561,,木,75.0
26562,,木,75.0
26563,木,木,75.0
26564,木,木,75.0
26565,木,木,75.0
26566,木,木,75.0
26567,,木,75.0
26568,,木,75.0
26569,,木,75.0
26570,,木,75.0
26571,,木,75.0
26572,,木,75.0
26573,木,木,75.0
26574,木,木,75.0
26575,木,木,75.0
26576,木,木,75.0
26577,,木,75.0
26578,水,木,75.0
26579,水,木,75.0
26580,木,木,75.0
26581,,木,75.0
26582,木,木,75.0
26583,,木,75.0
26584,木,木,75.0
26585,木,木,75.0
26586,木,木,75.0
26587,,木,75.0
26588,木,木,75.0
26589,木,木,75.0
26590,木,木,75.0
26591,木,木,75.0
26592,木,木,75.0
26593,,木,75.0
26594,木,木,75.0
26595,,木,75.0
26596,木,木,75.0
26597,木,木,75.0
26598,,木,75.0
26599,木,木,75.0
26600,,木,75.0
26601,匚,木,75.0
26602,,木,75.0
26603,木,木,75.0
26604,束,木,75.0
26605,木,木,75.0
26606,木,木,75.0
26607,木,木,75.0
26608,木,木,75.0
26609,木,木,75.0
26610,木,木,75.0
26611,木,木,75.0
26612,木,木,75.0
26613,木,木,75.0
26614,木,木,75.0
26615,木,木,75.0
26616,,木,75.0
26617,木,,75.0
26618,,木,75.0
26619,,木,75.0
26620,,木,75.0
26621,木,木,75.0
26622,,木,75.0
26623,木,木,75.0
26624,木,木,75.0
26625,木,木,75.0
26626,,木,75.0
26627,,木,75.0
26628,,木,75.0
26629,木,木,75.0
26630,,木,75.0
26631,木,木,75.0
26632,木,木,75.0
26633,木,木,75.0
26634,木,木,75.0
26635,木,木,75.0
26636,木,木,75.0
26637,,,75.0
26638,木,木,75.0
26639,木,木,75.0
26640,,木,75.0
26641,木,木,75.0
26642,,木,75.0
26643,,木,75.0
26644,㓞,木,75.0
26645,,木,75.0
26646,尸,木,75.0
26647,𠧪,木,75.0
26648,木,木,75.0
26649,木,木,75.0
26650,木,木,75.0
26651,,木,75.0
26652,木,木,75.0
26653,木,木,75.0
26654,木,木,75.0
26655,木,木,75.0
26656,木,木,75.0
26657,木,木,75.0
26658,木,木,75.0
26659,木,木,75.0
26660,,木,75.0
26661,,木,75.0
26662,,木,75.0
26663,,木,75.0
26664,,木,75.0
26665,木,木,75.0
26666,木,木,75.0
26667,木,木,75.0
26668,,木,75.0
26669,木,木,75.0
26670,,木,75.0
26671,,木,75.0
26672,,木,75.0
26673,手,木,75.0
26674,木,木,75.0
26675,,木,75.0
26676,,木,75.0
26677,木,木,75.0
26678,,木,75.0
26679,木,木,75.0
26680,木,木,75.0
26681,木,木,75.0
26682,,木,75.0
26683,,木,75.0
26684,木,木,75.0
26685,木,木,75.0
26686,木,木,75.0
26687,,木,75.0
26688,桀,木,75.0
26689,,木,75.0
26690,木,木,75.0
26691,木,木,75.0
26692,木,木,75.0
26693,木,木,75.0
26694,,木,75.0
26695,,木,75.0
26696,木,木,75.0
26697,木,木,75.0
26698,木,木,75.0
26699,木,木,75.0
26700,,木,75.0
26701,,木,75.0
26702,木,木,75.0
26703,木,木,75.0
26704,木,木,75.0
26705,叒,木,75.0
26706,,,75.0
26707,木,木,75.0
26708,木,木,75.0
26709,,木,75.0
26710,,木,75.0
26711,,木,75.0
26712,,木,75.0
26713,,木,75.0
26714,,木,75.0
26715,,,75.0
26716,,木,75.0
26717,,,75.0
26718,,,75.0
26719,,木,75.0
26720,,木,75.0
26721,木,木,75.0
26722,木,木,75.0
26723,,木,75.0
26724,木,木,75.0
26725,木,木,75.0
26726,,木,75.0
26727,木,木,75.0
26728,,木,75.0
26729,木,木,75.0
26730,,木,75.0
26731,,木,75.0
26732,,木,75.0
26733,,木,75.0
26734,木,木,75.0
26735,木,木,75.0
26736,木,木,75.0
26737,木,木,75.0
26738,,木,75.0
26739,,木,75.0
26740,木,木,75.0
26741,木,木,75.0
26742,木,木,75.0
26743,木,木,75.0
26744,,木,75.0
26745,木,木,75.0
26746,木,木,75.0
26747,,木,75.0
26748,桼,木,75.0
26749,,木,75.0
26750,,木,75.0
26751,,木,75.0
26752,木,木,75.0
26753,木,木,75.0
26754,木,木,75.0
26755,木,木,75.0
26756,,木,75.0
26757,木,木,75.0
26758,,木,75.0
26759,木,木,75.0
26760,,木,75.0
26761,,木,75.0
26762,,木,75.0
26763,,木,75.0
26764,,木,75.0
26765,,木,75.0
26766,,木,75.0
26767,木,木,75.0
26768,木,木,75.0
26769,,木,75.0
26770,,木,75.0
26771,木,木,75.0
26772,木,木,75.0
26773,,木,75.0
26774,,木,75.0
26775,木,木,75.0
26776,,木,75.0
26777,,木,75.0
26778,,木,75.0
26779,,木,75.0
26780,木,木,75.0
26781,木,木,75.0
26782,,木,75.0
26783,木,木,75.0
26784,木,木,75.0
26785,木,木,75.0
26786,木,木,75.0
26787,木,木,75.0
26788,木,木,75.0
26789,木,木,75.0
26790,夕,木,75.0
26791,木,木,75.0
26792,木,木,75.0
26793,木,木,75.0
26794,豆,木,75.0
26795,木,木,75.0
26796,木,木,75.0
26797,木,木,75.0
26798,木,木,75.0
26799,木,木,75.0
26800,木,木,75.0
26801,木,木,75.0
26802,木,木,75.0
26803,木,木,75.0
26804,木,木,75.0
26805,林,木,75.0
26806,,木,75.0
26807,,木,75.0
26808,木,木,75.0
26809,,木,75.0
26810,,,75.0
26811,,,75.0
26812,木,木,75.0
26813,,,75.0
26814,,木,75.0
26815,木,木,75.0
26816,木,木,75.0
26817,木,木,75.0
26818,木,木,75.0
26819,木,木,75.0
26820,𠦒,木,75.0
26821,木,木,75.0
26822,木,木,75.0
26823,,木,75.0
26824,,木,75.0
26825,,木,75.0
26826,木,木,75.0
26827,木,木,75.0
26828,,木,75.0
26829,,木,75.0
26830,,木,75.0
26831,,木,75.0
26832,木,木,75.0
26833,,木,75.0
26834,木,木,75.0
26835,木,木,75.0
26836,,木,75.0
26837,木,木,75.0
26838,木,木,75.0
26839,朿,木,75.0
26840,朿,木,75.0
26841,,木,75.0
26842,木,木,75.0
26843,,木,75.0
26844,,木,75.0
26845,木,木,75.0
26846,,木,75.0
26847,木,木,75.0
26848,木,木,75.0
26849,,木,75.0
26850,,木,75.0
26851,木,木,75.0
26852,,木,75.0
26853,爻,木,75.0
26854,,木,75.0
26855,木,木,75.0
26856,木,木,75.0
26857,,木,75.0
26858,木,木,75.0
26859,木,木,75.0
26860,,木,75.0
26861,,木,75.0
26862,林,木,75.0
26863,,木,75.0
26864,竹,木,75.0
26865,木,木,75.0
26866,西,木,75.0
26867,木,木,75.0
26868,,木,75.0
26869,,木,75.0
26870,,木,75.0
26871,木,木,75.0
26872,,木,75.0
26873,木,木,75.0
26874,木,木,75.0
26875,木,木,75.0
26876,林,木,75.0
26877,林,木,75.0
26878,,木,75.0
26879,車,木,75.0
26880,皿,木,75.0
26881,木,木,75.0
26882,,木,75.0
26883,木,木,75.0
26884,木,木,75.0
26885,木,木,75.0
26886,木,木,75.0
26887,木,木,75.0
26888,,木,75.0
26889,桀,木,75.0
26890,,木,75.0
26891,木,木,75.0
26892,木,木,75.0
26893,木,木,75.0
26894,木,木,75.0
26895,,木,75.0
26896,木,木,75.0
26897,木,木,75.0
26898,艸,木,75.0
26899,木,木,75.0
26900,,木,75.0
26901,,木,75.0
26902,,木,75.0
26903,,石,75.0
26904,,木,75.0
26905,,,75.0
26906,,,75.0
26907,,,75.0
26908,,木,75.0
26909,,木,75.0
26910,,手,75.0
26911,木,木,75.0
26912,木,木,75.0
26913,,,75.0
26914,木,木,75.0
26915,,,75.0
26916,,木,75.0
26917,,,75.0
26918,,木,75.0
26919,,,75.0
26920,,,75.0
26921,,,75.0
26922,,,75.0
26923,木,木,75.0
26924,,,75.0
26925,木,木,75.0
26926,木,木,75.0
26927,木,木,75.0
26928,木,木,75.0
26929,木,木,75.0
26930,木,木,75.0
26931,木,木,75.0
26932,,木,75.0
26933,木,木,75.0
26934,木,木,75.0
26935,木,木,75.0
26936,木,木,75.0
26937,艸,木,75.0
26938,,木,75.0
26939,,木,75.0
26940,,木,75.0
26941,木,木,75.0
26942,,木,75.0
26943,木,木,75.0
26944,木,木,75.0
26945,,木,75.0
26946,木,木,75.0
26947,木,木,75.0
26948,木,木,75.0
26949,木,木,75.0
26950,,木,75.0
26951,木,木,75.0
26952,木,木,75.0
26953,,木,75.0
26954,木,木,75.0
26955,木,木,75.0
26956,,木,75.0
26957,木,木,75.0
26958,木,木,75.0
26959,,木,75.0
26960,,木,75.0
26961,木,木,75.0
26962,,木,75.0
26963,木,木,75.0
26964,木,木,75.0
26965,,木,75.0
26966,,木,75.0
26967,木,木,75.0
26968,木,木,75.0
26969,林,木,75.0
26970,林,木,75.0
26971,木,木,75.0
26972,,木,75.0
26973,木,木,75.0
26974,,木,75.0
26975,,木,75.0
26976,木,木,75.0
26977,木,木,75.0
26978,木,木,75.0
26979,木,木,75.0
26980,,木,75.0
26981,木,木,75.0
26982,,木,75.0
26983,,木,75.0
26984,木,木,75.0
26985,,木,75.0
26986,,木,75.0
26987,木,木,75.0
26988,木,木,75.0
26989,丵,木,75.0
26990,木,木,75.0
26991,木,木,75.0
26992,木,木,75.0
26993,,木,75.0
26994,木,木,75.0
26995,木,木,75.0
26996,,木,75.0
26997,木,木,75.0
26998,木,木,75.0
26999,木,木,75.0
27000,木,木,75.0
27001,木,木,75.0
27002,,木,75.0
27003,,木,75.0
27004,木,木,75.0
27005,,木,75.0
27006,,,75.0
27007,,,75.0
27008,,,75.0
27009,,,75.0
27010,木,木,75.0
27011,,,75.0
27012,,木,75.0
27013,,木,75.0
27014,木,木,75.0
27015,木,木,75.0
27016,,木,75.0
27017,,木,75.0
27018,,,75.0
27019,,,75.0
27020,,,75.0
27021,木,木,75.0
27022,,木,75.0
27023,,木,75.0
27024,,木,75.0
27025,木,木,75.0
27026,,木,75.0
27027,,木,75.0
27028,,木,75.0
27029,,木,75.0
27030,木,木,75.0
27031,木,木,75.0
27032,工,木,75.0
27033,木,木,75.0
27034,,木,75.0
27035,木,木,75.0
27036,木,木,75.0
27037,木,木,75.0
27038,,木,75.0
27039,木,木,75.0
27040,,木,75.0
27041,,木,75.0
27042,,木,75.0
27043,木,木,75.0
27044,,木,75.0
27045,,木,75.0
27046,木,木,75.0
27047,,木,75.0
27048,,木,75.0
27049,,木,75.0
27050,,木,75.0
27051,,木,75.0
27052,,木,75.0
27053,木,木,75.0
27054,木,木,75.0
27055,,木,75.0
27056,木,木,75.0
27057,木,木,75.0
27058,,木,75.0
27059,,木,75.0
27060,,木,75.0
27061,,木,75.0
27062,,木,75.0
27063,木,木,75.0
27064,,木,75.0
27065,木,木,75.0
27066,木,木,75.0
27067,木,木,75.0
27068,木,木,75.0
27069,,木,75.0
27070,,木,75.0
27071,木,木,75.0
27072,木,木,75.0
27073,木,木,75.0
27074,,木,75.0
27075,木,木,75.0
27076,,木,75.0
27077,木,木,75.0
27078,,木,75.0
27079,木,木,75.0
27080,木,木,75.0
27081,,木,75.0
27082,木,木,75.0
27083,木,木,75.0
27084,木,木,75.0
27085,木,木,75.0
27086,木,木,75.0
27087,木,木,75.0
27088,木,木,75.0
27089,木,木,75.0
27090,,木,75.0
27091,,木,75.0
27092,木,木,75.0
27093,,木,75.0
27094,㯻,木,75.0
27095,,木,75.0
27096,木,木,75.0
27097,木,木,75.0
27098,木,木,75.0
27099,木,木,75.0
27100,,木,75.0
27101,,,75.0
27102,,木,75.0
27103,,木,75.0
27104,,木,75.0
27105,,木,75.0
27106,木,木,75.0
27107,,木,75.0
27108,木,木,75.0
27109,木,木,75.0
27110,,木,75.0
27111,木,木,75.0
27112,木,木,75.0
27113,木,木,75.0
27114,木,木,75.0
27115,,木,75.0
27116,,木,75.0
27117,木,木,75.0
27118,木,木,75.0
27119,,木,75.0
27120,,木,75.0
27121,木,木,75.0
27122,,木,75.0
27123,,木,75.0
27124,,木,75.0
27125,,木,75.0
27126,木,木,75.0
27127,木,木,75.0
27128,木,木,75.0
27129,木,木,75.0
27130,,木,75.0
27131,,木,75.0
27132,,木,75.0
27133,木,木,75.0
27134,木,木,75.0
27135,,木,75.0
27136,木,木,75.0
27137,木,木,75.0
27138,木,木,75.0
27139,,木,75.0
27140,,木,75.0
27141,木,木,75.0
27142,,木,75.0
27143,,木,75.0
27144,,木,75.0
27145,,木,75.0
27146,𠬜,木,75.0
27147,,木,75.0
27148,,木,75.0
27149,,木,75.0
27150,,木,75.0
27151,木,木,75.0
27152,木,木,75.0
27153,,木,75.0
27154,,木,75.0
27155,木,木,75.0
27156,木,木,75.0
27157,木,木,75.0
27158,,木,75.0
27159,木,木,75.0
27160,木,木,75.0
27161,木,木,75.0
27162,,木,75.0
27163,木,木,75.0
27164,木,木,75.0
27165,木,木,75.0
27166,木,木,75.0
27167,,木,75.0
27168,木,木,75.0
27169,木,木,75.0
27170,艸,木,75.0
27171,木,木,75.0
27172,,木,75.0
27173,,木,75.0
27174,,木,75.0
27175,木,木,75.0
27176,,木,75.0
27177,,木,75.0
27178,木,木,75.0
27179,,,75.0
27180,,木,75.0
27181,,,75.0
27182,,,75.0
27183,,木,75.0
27184,,,75.0
27185,木,木,75.0
27186,木,木,75.0
27187,,木,75.0
27188,木,木,75.0
27189,木,木,75.0
27190,,木,75.0
27191,,木,75.0
27192,木,木,75.0
27193,木,木,75.0
27194,,木,75.0
27195,木,木,75.0
27196,,木,75.0
27197,酋,木,75.0
27198,,木,75.0
27199,木,木,75.0
27200,,木,75.0
27201,木,木,75.0
27202,,木,75.0
27203,木,木,75.0
27204,,木,75.0
27205,,木,75.0
27206,林,木,75.0
27207,,木,75.0
27208,木,木,75.0
27209,,木,75.0
27210,,木,75.0
27211,木,木,75.0
27212,木,木,75.0
27213,,木,75.0
27214,木,木,75.0
27215,,木,75.0
27216,㯻,木,75.0
27217,木,木,75.0
27218,,木,75.0
27219,,木,75.0
27220,,木,75.0
27221,木,木,75.0
27222,,木,75.0
27223,,木,75.0
27224,木,木,75.0
27225,木,木,75.0
27226,木,木,75.0
27227,木,木,75.0
27228,木,木,75.0
27229,木,木,75.0
27230,木,木,75.0
27231,木,木,75.0
27232,,木,75.0
27233,,木,75.0
27234,木,木,75.0
27235,,木,75.0
27236,惢,木,75.0
27237,,木,75.0
27238,木,木,75.0
27239,,木,75.0
27240,,木,75.0
27241,,木,75.0
27242,木,木,75.0
27243,木,木,75.0
27244,,木,75.0
27245,,木,75.0
27246,,木,75.0
27247,,木,75.0
27248,木,,75.0
27249,,广,75.0
27250,,,75.0
27251,,,75.0
27252,,,75.0
27253,,,75.0
27254,,,75.0
27255,,,75.0
27256,,,75.0
27257,木,木,75.0
27258,木,木,75.0
27259,,,75.0
27260,,木,75.0
27261,,木,75.0
27262,木,木,75.0
27263,木,木,75.0
27264,木,木,75.0
27265,,木,75.0
27266,,木,75.0
27267,木,木,75.0
27268,木,木,75.0
27269,,木,75.0
27270,木,木,75.0
27271,木,木,75.0
27272,木,木,75.0
27273,木,木,75.0
27274,,木,75.0
27275,,木,75.0
27276,,木,75.0
27277,木,木,75.0
27278,,木,75.0
27279,木,木,75.0
27280,木,木,75.0
27281,,木,75.0
27282,,木,75.0
27283,,木,75.0
27284,,木,75.0
27285,木,木,75.0
27286,木,木,75.0
27287,木,木,75.0
27288,木,木,75.0
27289,,木,75.0
27290,,木,75.0
27291,竹,木,75.0
27292,木,木,75.0
27293,,木,75.0
27294,,木,75.0
27295,木,木,75.0
27296,木,木,75.0
27297,,木,75.0
27298,木,木,75.0
27299,,木,75.0
27300,,木,75.0
27301,木,木,75.0
27302,,木,75.0
27303,,木,75.0
27304,,,75.0
27305,,木,75.0
27306,,木,75.0
27307,,木,75.0
27308,,木,75.0
27309,,木,75.0
27310,木,木,75.0
27311,,木,75.0
27312,,木,75.0
27313,,木,75.0
27314,,木,75.0
27315,,木,75.0
27316,木,木,75.0
27317,木,木,75.0
27318,,木,75.0
27319,木,木,75.0
27320,,木,75.0
27321,木,木,75.0
27322,,木,75.0
27323,木,木,75.0
27324,木,木,75.0
27325,,木,75.0
27326,𣏟,木,75.0
27327,木,木,75.0
27328,,木,75.0
27329,,木,75.0
27330,木,木,75.0
27331,匚,木,75.0
27332,木,木,75.0
27333,木,木,75.0
27334,,木,75.0
27335,,木,75.0
27336,,几,75.0
27337,,,75.0
27338,,,75.0
27339,木,木,75.0
27340,木,木,75.0
27341,木,木,75.0
27342,木,木,75.0
27343,,木,75.0
27344,,木,75.0
27345,木,木,75.0
27346,,木,75.0
27347,木,木,75.0
27348,,木,75.0
27349,木,木,75.0
27350,,木,75.0
27351,,木,75.0
27352,,木,75.0
27353,,木,75.0
27354,,木,75.0
27355,木,木,75.0
27356,㯻,木,75.0
27357,木,木,75.0
27358,,木,75.0
27359,木,木,75.0
27360,,木,75.0
27361,木,木,75.0
27362,,木,75.0
27363,,,75.0
27364,,,75.0
27365,,,75.0
27366,,,75.0
27367,,木,75.0
27368,木,木,75.0
27369,,木,75.0
27370,木,木,75.0
27371,,木,75.0
27372,木,木,75.0
27373,,木,75.0
27374,,木,75.0
27375,,木,75.0
27376,,木,75.0
27377,木,木,75.0
27378,,木,75.0
27379,木,木,75.0
27380,,木,75.0
27381,,,75.0
27382,,,75.0
27383,,,75.0
27384,,木,75.0
27385,,木,75.0
27386,木,木,75.0
27387,木,木,75.0
27388,木,木,75.0
27389,木,木,75.0
27390,木,木,75.0
27391,,木,75.0
27392,,木,75.0
27393,,木,75.0
27394,木,木,75.0
27395,,木,75.0
27396,木,木,75.0
27397,,木,75.0
27398,,木,75.0
27399,木,木,75.0
27400,,木,75.0
27401,,木,75.0
27402,木,木,75.0
27403,,木,75.0
27404,,,75.0
27405,,,75.0
27406,,,75.0
27407,,木,75.0
27408,,木,75.0
27409,木,木,75.0
27410,木,木,75.0
27411,,木,75.0
27412,,木,75.0
27413,,,75.0
27414,,木,75.0
27415,,木,75.0
27416,木,木,75.0
27417,木,木,75.0
27418,木,木,75.0
27419,,木,75.0
27420,,木,75.0
27421,,木,75.0
27422,,木,75.0
27423,,,75.0
27424,欠,欠,76.0
27425,欠,欠,76.0
27426,欠,欠,76.0
27427,欠,欠,76.0
27428,欠,欠,76.0
27429,欠,欠,76.0
27430,欠,欠,76.0
27431,欠,欠,76.0
27432,欠,欠,76.0
27433,,欠,76.0
27434,欠,欠,76.0
27435,,欠,76.0
27436,欠,欠,76.0
27437,欠,欠,76.0
27438,疒,欠,76.0
27439,欠,欠,76.0
27440,,欠,76.0
27441,欠,欠,76.0
27442,欠,欠,76.0
27443,,欠,76.0
27444,,欠,76.0
27445,,欠,76.0
27446,欠,欠,76.0
27447,欠,欠,76.0
27448,欠,欠,76.0
27449,支,欠,76.0
27450,欠,欠,76.0
27451,欠,欠,76.0
27452,,欠,76.0
27453,欠,欠,76.0
27454,欠,欠,76.0
27455,欠,欠,76.0
27456,欠,欠,76.0
27457,欠,欠,76.0
27458,欠,欠,76.0
27459,欠,欠,76.0
27460,,欠,76.0
27461,,欠,76.0
27462,欠,欠,76.0
27463,欠,欠,76.0
27464,欠,欠,76.0
27465,欠,欠,76.0
27466,欠,欠,76.0
27467,欠,欠,76.0
27468,欠,欠,76.0
27469,欠,欠,76.0
27470,欠,欠,76.0
27471,,欠,76.0
27472,欠,欠,76.0
27473,欠,欠,76.0
27474,,欠,76.0
27475,,欠,76.0
27476,欠,欠,76.0
27477,欠,欠,76.0
27478,喜,欠,76.0
27479,欠,欠,76.0
27480,,欠,76.0
27481,欠,欠,76.0
27482,,,76.0
27483,,欠,76.0
27484,欠,欠,76.0
27485,,欠,76.0
27486,,欠,76.0
27487,欠,欠,76.0
27488,㱃,欠,76.0
27489,欠,欠,76.0
27490,止,止,77.0
27491,正,止,77.0
27492,此,止,77.0
27493,步,止,77.0
27494,戈,止,77.0
27495,,止,77.0
27496,步,止,77.0
27497,步,,77.0
27498,立,止,77.0
27499,止,止,77.0
27500,止,止,77.0
27501,止,止,77.0
27502,,止,77.0
27503,,齒,77.0
27504,止,止,77.0
27505,止,止,77.0
27506,步,止,77.0
27507,步,止,77.0
27508,止,止,77.0
27509,,止,77.0
27510,,禸,77.0
27511,止,止,77.0
27512,止,止,77.0
27513,歹,歹,78.0
27514,歹,歹,78.0
27515,死,歹,78.0
27516,歹,歹,78.0
27517,,歹,78.0
27518,歹,歹,78.0
27519,歹,歹,78.0
27520,,歹,78.0
27521,歹,歹,78.0
27522,歹,歹,78.0
27523,歹,歹,78.0
27524,歹,歹,78.0
27525,,歹,78.0
27526,歹,歹,78.0
27527,歹,歹,78.0
27528,,歹,78.0
27529,,歹,78.0
27530,歹,歹,78.0
27531,歹,歹,78.0
27532,,歹,78.0
27533,,歹,78.0
27534,,歹,78.0
27535,,歹,78.0
27536,,歹,78.0
27537,,歹,78.0
27538,,歹,78.0
27539,,歹,78.0
27540,歹,歹,78.0
27541,,歹,78.0
27542,歹,歹,78.0
27543,,歹,78.0
27544,歹,歹,78.0
27545,歹,歹,78.0
27546,歹,歹,78.0
27547,歹,歹,78.0
27548,,歹,78.0
27549,,歹,78.0
27550,,歹,78.0
27551,歹,歹,78.0
27552,歹,歹,78.0
27553,歹,歹,78.0
27554,,歹,78.0
27555,歹,歹,78.0
27556,歹,歹,78.0
27557,,歹,78.0
27558,,歹,78.0
27559,,歹,78.0
27560,歹,歹,78.0
27561,,歹,78.0
27562,歹,歹,78.0
27563,歹,歹,78.0
27564,歹,歹,78.0
27565,,歹,78.0
27566,,歹,78.0
27567,歹,歹,78.0
27568,歹,歹,78.0
27569,,歹,78.0
27570,歹,歹,78.0
27571,殳,殳,79.0
27572,殳,殳,79.0
27573,殳,殳,79.0
27574,,殳,79.0
27575,㐆,殳,79.0
27576,石,殳,79.0
27577,殳,殳,79.0
27578,殺,殳,79.0
27579,,士,79.0
27580,殳,殳,79.0
27581,殳,殳,79.0
27582,,殳,79.0
27583,殳,殳,79.0
27584,土,殳,79.0
27585,土,殳,79.0
27586,車,車,79.0
27587,殳,殳,79.0
27588,殳,殳,79.0
27589,殳,殳,79.0
27590,殳,殳,79.0
27591,毇,殳,79.0
27592,卵,殳,79.0
27593,酉,殳,79.0
27594,,殳,79.0
27595,毋,毋,80.0
27596,毌,毋,80.0
27597,女,毋,80.0
27598,,毋,80.0
27599,屮,毋,80.0
27600,毋,毋,80.0
27601,,毋,80.0
27602,屮,毋,80.0
27603,𠫓,毋,80.0
27604,比,比,81.0
27605,𠦒,田,81.0
27606,比,比,81.0
27607,囟,比,81.0
27608,囟,比,81.0
27609,犬,攴,81.0
27610,㲋,比,81.0
27611,毛,毛,82.0
27612,,,82.0
27613,,,82.0
27614,,毛,82.0
27615,,,82.0
27616,,毛,82.0
27617,毛,毛,82.0
27618,,毛,82.0
27619,,毛,82.0
27620,,毛,82.0
27621,,毛,82.0
27622,毛,毛,82.0
27623,,毛,82.0
27624,毛,毛,82.0
27625,,毛,82.0
27626,,,82.0
27627,㣇,毛,82.0
27628,毛,毛,82.0
27629,,毛,82.0
27630,,,82.0
27631,糸,毛,82.0
27632,,毛,82.0
27633,,毛,82.0
27634,,毛,82.0
27635,毳,毛,82.0
27636,,尸,82.0
27637,,毛,82.0
27638,,,82.0
27639,,毛,82.0
27640,,毛,82.0
27641,毛,毛,82.0
27642,毛,毛,82.0
27643,,毛,82.0
27644,,毛,82.0
27645,,毛,82.0
27646,毛,毛,82.0
27647,,毛,82.0
27648,,毛,82.0
27649,,毛,82.0
27650,犛,毛,82.0
27651,,毛,82.0
27652,毛,毛,82.0
27653,毛,毛,82.0
27654,,毛,82.0
27655,,毛,82.0
27656,毛,毛,82.0
27657,,毛,82.0
27658,毛,毛,82.0
27659,,毛,82.0
27660,,毛,82.0
27661,毛,毛,82.0
27662,,毛,82.0
27663,氏,氏,83.0
27664,氐,氏,83.0
27665,民,氏,83.0
27666,氏,氏,83.0
27667,民,氏,83.0
27668,气,气,84.0
27669,,,84.0
27670,,,84.0
27671,,气,84.0
27672,,,84.0
27673,,,84.0
27674,,,84.0
27675,气,气,84.0
27676,,气,84.0
27677,,,84.0
27678,,,84.0
27679,,,84.0
27680,,,84.0
27681,,,84.0
27682,,,84.0
27683,米,气,84.0
27684,壹,气,84.0
27685,,,84.0
27686,,气,84.0
27687,,食,84.0
27688,,,84.0
27689,,,84.0
27690,,,84.0
27691,,,84.0
27692,,,84.0
27693,,,84.0
27694,,水,84.0
27695,,,84.0
27696,,,84.0
27697,,,84.0
27698,壺,气,84.0
27699,壺,气,84.0
27700,水,水,85.0
27701,,水,85.0
27702,,水,85.0
27703,,水,85.0
27704,永,水,85.0
27705,,,85.0
27706,水,,85.0
27707,,水,85.0
27708,水,水,85.0
27709,,水,11.0
27710,水,水,85.0
27711,水,水,85.0
27712,水,水,85.0
27713,水,水,85.0
27714,裘,水,85.0
27715,水,水,85.0
27716,,水,85.0
27717,,水,85.0
27718,,,85.0
27719,匚,匚,85.0
27720,,,85.0
27721,水,水,85.0
27722,,水,85.0
27723,水,水,85.0
27724,,水,85.0
27725,水,水,85.0
27726,水,水,85.0
27727,水,水,85.0
27728,,水,85.0
27729,,水,85.0
27730,,水,85.0
27731,水,水,85.0
27732,水,水,85.0
27733,水,水,85.0
27734,𣎳,水,85.0
27735,水,水,85.0
27736,水,水,85.0
27737,水,水,85.0
27738,水,水,85.0
27739,水,水,85.0
27740,水,水,85.0
27741,水,水,85.0
27742,,水,85.0
27743,水,水,85.0
27744,水,水,85.0
27745,水,水,85.0
27746,,,85.0
27747,,,85.0
27748,水,水,85.0
27749,水,水,85.0
27750,水,水,85.0
27751,水,水,85.0
27752,水,水,85.0
27753,水,水,85.0
27754,水,水,85.0
27755,,水,85.0
27756,井,水,85.0
27757,水,水,85.0
27758,,水,85.0
27759,,水,85.0
27760,水,水,85.0
27761,,水,85.0
27762,水,水,85.0
27763,水,水,85.0
27764,水,水,85.0
27765,水,水,85.0
27766,水,水,85.0
27767,水,水,85.0
27768,方,水,85.0
27769,水,水,85.0
27770,水,水,85.0
27771,水,水,85.0
27772,,水,85.0
27773,水,水,85.0
27774,水,水,85.0
27775,,水,85.0
27776,,水,85.0
27777,水,水,85.0
27778,水,水,85.0
27779,水,水,85.0
27780,水,水,85.0
27781,水,水,85.0
27782,水,水,85.0
27783,水,水,85.0
27784,水,水,85.0
27785,水,水,85.0
27786,,水,85.0
27787,水,水,85.0
27788,,水,85.0
27789,,水,85.0
27790,,水,85.0
27791,,水,85.0
27792,水,水,85.0
27793,水,水,85.0
27794,水,水,85.0
27795,曰,水,85.0
27796,水,水,85.0
27797,,水,85.0
27798,水,水,85.0
27799,,水,85.0
27800,,水,85.0
27801,水,水,85.0
27802,水,水,85.0
27803,水,水,85.0
27804,,水,85.0
27805,沝,水,85.0
27806,,水,85.0
27807,水,水,85.0
27808,,水,85.0
27809,水,水,85.0
27810,,水,85.0
27811,,水,85.0
27812,水,水,85.0
27813,水,水,85.0
27814,水,水,85.0
27815,水,水,85.0
27816,,水,85.0
27817,,水,85.0
27818,,水,85.0
27819,水,水,85.0
27820,水,水,85.0
27821,水,水,85.0
27822,水,水,85.0
27823,,水,85.0
27824,,水,85.0
27825,水,水,85.0
27826,水,水,85.0
27827,水,水,85.0
27828,水,水,85.0
27829,水,水,85.0
27830,,水,85.0
27831,,水,85.0
27832,水,水,85.0
27833,水,水,85.0
27834,,水,85.0
27835,水,水,85.0
27836,水,水,85.0
27837,水,水,85.0
27838,水,水,85.0
27839,水,水,85.0
27840,,水,85.0
27841,水,水,85.0
27842,水,水,85.0
27843,,水,85.0
27844,水,水,85.0
27845,水,水,85.0
27846,水,水,85.0
27847,,水,85.0
27848,水,水,85.0
27849,泉,水,85.0
27850,水,水,85.0
27851,,水,85.0
27852,水,水,85.0
27853,,水,85.0
27854,,水,85.0
27855,水,水,85.0
27856,水,水,85.0
27857,水,水,85.0
27858,水,水,85.0
27859,水,水,85.0
27860,水,水,85.0
27861,廌,水,85.0
27862,,水,85.0
27863,水,水,85.0
27864,,水,85.0
27865,水,水,85.0
27866,水,水,85.0
27867,水,水,85.0
27868,水,水,85.0
27869,水,水,85.0
27870,水,水,85.0
27871,赤,水,85.0
27872,水,水,85.0
27873,水,水,85.0
27874,水,水,85.0
27875,水,水,85.0
27876,,水,85.0
27877,水,水,85.0
27878,,水,85.0
27879,水,水,85.0
27880,水,水,85.0
27881,,水,85.0
27882,,水,85.0
27883,水,水,85.0
27884,水,水,85.0
27885,水,水,85.0
27886,水,水,85.0
27887,水,水,85.0
27888,水,水,85.0
27889,水,水,85.0
27890,水,水,85.0
27891,水,水,85.0
27892,,水,85.0
27893,,水,112.0
27894,水,水,85.0
27895,水,水,85.0
27896,水,水,85.0
27897,,,85.0
27898,水,水,85.0
27899,,水,85.0
27900,,水,85.0
27901,水,水,85.0
27902,水,水,85.0
27903,,水,85.0
27904,,水,85.0
27905,水,水,85.0
27906,,水,85.0
27907,,水,85.0
27908,水,水,85.0
27909,水,水,85.0
27910,,水,85.0
27911,水,水,85.0
27912,水,水,85.0
27913,,水,85.0
27914,,水,85.0
27915,水,水,85.0
27916,水,水,85.0
27917,水,水,85.0
27918,水,水,85.0
27919,水,水,85.0
27920,水,水,85.0
27921,,水,85.0
27922,水,水,85.0
27923,水,水,85.0
27924,水,水,85.0
27925,,水,85.0
27926,,水,85.0
27927,水,水,85.0
27928,,水,85.0
27929,水,水,85.0
27930,水,水,85.0
27931,水,水,85.0
27932,,水,85.0
27933,水,水,85.0
27934,水,水,85.0
27935,水,水,85.0
27936,,水,85.0
27937,,水,85.0
27938,,水,85.0
27939,,水,85.0
27940,,水,85.0
27941,水,水,85.0
27942,水,水,85.0
27943,水,水,85.0
27944,水,水,85.0
27945,水,水,85.0
27946,水,水,85.0
27947,水,水,85.0
27948,,水,85.0
27949,水,水,85.0
27950,水,水,85.0
27951,,水,85.0
27952,,水,85.0
27953,,水,85.0
27954,川,水,85.0
27955,,水,85.0
27956,,水,85.0
27957,水,水,85.0
27958,水,水,85.0
27959,,水,85.0
27960,水,水,85.0
27961,水,水,85.0
27962,水,水,85.0
27963,水,水,85.0
27964,水,水,85.0
27965,水,水,85.0
27966,水,水,85.0
27967,水,水,85.0
27968,,水,85.0
27969,沝,水,85.0
27970,,水,85.0
27971,水,水,85.0
27972,,水,85.0
27973,水,水,85.0
27974,水,水,85.0
27975,水,水,85.0
27976,水,水,85.0
27977,,水,85.0
27978,水,水,85.0
27979,水,水,85.0
27980,,,85.0
27981,水,水,85.0
27982,水,水,85.0
27983,水,水,85.0
27984,水,水,85.0
27985,水,水,85.0
27986,水,水,85.0
27987,水,水,85.0
27988,水,水,85.0
27989,,水,85.0
27990,,水,85.0
27991,,水,85.0
27992,,水,85.0
27993,水,水,85.0
27994,水,水,85.0
27995,,水,85.0
27996,,水,85.0
27997,水,水,85.0
27998,水,水,85.0
27999,,水,85.0
28000,,水,85.0
28001,,水,85.0
28002,,水,85.0
28003,水,水,85.0
28004,,水,85.0
28005,水,水,85.0
28006,水,水,85.0
28007,,水,85.0
28008,,水,85.0
28009,水,水,85.0
28010,水,水,85.0
28011,,水,85.0
28012,,水,85.0
28013,,水,85.0
28014,水,水,85.0
28015,水,水,85.0
28016,,水,85.0
28017,,水,85.0
28018,水,水,85.0
28019,,水,85.0
28020,水,水,85.0
28021,,水,85.0
28022,,水,85.0
28023,水,水,85.0
28024,水,水,85.0
28025,水,水,85.0
28026,,水,85.0
28027,,水,85.0
28028,水,水,85.0
28029,,水,85.0
28030,赤,水,85.0
28031,水,水,85.0
28032,,水,85.0
28033,,水,85.0
28034,水,水,85.0
28035,水,水,85.0
28036,,水,85.0
28037,水,水,85.0
28038,,水,85.0
28039,水,水,85.0
28040,水,水,85.0
28041,沝,水,85.0
28042,,水,85.0
28043,,水,85.0
28044,水,水,85.0
28045,,水,85.0
28046,㳄,水,85.0
28047,,水,85.0
28048,水,水,85.0
28049,水,水,85.0
28050,水,水,85.0
28051,水,水,85.0
28052,水,水,85.0
28053,水,水,85.0
28054,,水,85.0
28055,水,水,85.0
28056,水,水,85.0
28057,,水,85.0
28058,水,水,85.0
28059,水,水,85.0
28060,,水,85.0
28061,水,水,85.0
28062,水,水,85.0
28063,水,水,85.0
28064,水,水,85.0
28065,水,水,85.0
28066,水,水,85.0
28067,水,水,85.0
28068,水,水,85.0
28069,,,85.0
28070,水,水,85.0
28071,水,石,85.0
28072,,水,85.0
28073,止,水,85.0
28074,水,水,85.0
28075,水,水,85.0
28076,,水,85.0
28077,,水,85.0
28078,,水,85.0
28079,水,水,85.0
28080,,水,85.0
28081,,水,85.0
28082,水,水,85.0
28083,水,水,85.0
28084,,水,85.0
28085,水,水,85.0
28086,水,水,85.0
28087,水,水,85.0
28088,水,水,85.0
28089,,水,85.0
28090,水,水,85.0
28091,水,水,85.0
28092,水,水,85.0
28093,,水,85.0
28094,水,水,85.0
28095,水,水,85.0
28096,水,水,85.0
28097,水,水,85.0
28098,,水,85.0
28099,,水,85.0
28100,,水,85.0
28101,水,水,85.0
28102,,水,85.0
28103,水,水,85.0
28104,水,水,85.0
28105,水,水,85.0
28106,水,水,85.0
28107,水,水,85.0
28108,,水,85.0
28109,,水,85.0
28110,,水,85.0
28111,,水,85.0
28112,水,水,85.0
28113,水,水,85.0
28114,水,水,85.0
28115,,水,85.0
28116,水,水,85.0
28117,,水,85.0
28118,水,水,85.0
28119,,水,85.0
28120,,水,85.0
28121,水,水,85.0
28122,,水,85.0
28123,水,水,85.0
28124,水,水,85.0
28125,,水,85.0
28126,,水,85.0
28127,,水,85.0
28128,水,水,85.0
28129,水,水,85.0
28130,水,水,85.0
28131,,水,85.0
28132,水,水,85.0
28133,水,水,85.0
28134,水,水,85.0
28135,,水,85.0
28136,水,水,85.0
28137,水,水,85.0
28138,水,水,85.0
28139,水,水,85.0
28140,水,水,85.0
28141,,水,85.0
28142,水,水,85.0
28143,水,水,85.0
28144,水,水,85.0
28145,水,水,85.0
28146,水,水,85.0
28147,水,水,85.0
28148,,水,85.0
28149,水,水,85.0
28150,水,水,85.0
28151,水,水,85.0
28152,水,水,85.0
28153,水,水,85.0
28154,水,水,85.0
28155,水,水,85.0
28156,水,水,85.0
28157,,水,85.0
28158,,水,85.0
28159,,水,85.0
28160,,水,85.0
28161,,水,85.0
28162,,水,85.0
28163,,水,85.0
28164,,水,85.0
28165,水,囗,85.0
28166,,水,85.0
28167,,水,85.0
28168,,水,85.0
28169,,,85.0
28170,水,水,85.0
28171,,水,85.0
28172,水,水,85.0
28173,水,水,85.0
28174,水,水,85.0
28175,,,85.0
28176,水,水,85.0
28177,,水,85.0
28178,,,85.0
28179,,水,85.0
28180,𩺰,水,85.0
28181,,水,85.0
28182,,水,85.0
28183,水,水,85.0
28184,,水,85.0
28185,水,水,85.0
28186,水,水,85.0
28187,水,水,85.0
28188,水,水,85.0
28189,水,水,85.0
28190,,水,85.0
28191,,水,85.0
28192,水,水,85.0
28193,水,水,85.0
28194,,水,85.0
28195,,水,85.0
28196,邑,水,85.0
28197,水,水,85.0
28198,水,水,85.0
28199,,水,85.0
28200,水,水,85.0
28201,水,水,85.0
28202,,水,85.0
28203,水,水,85.0
28204,水,水,85.0
28205,水,水,85.0
28206,水,水,85.0
28207,水,水,85.0
28208,水,水,85.0
28209,,水,85.0
28210,,水,85.0
28211,水,水,85.0
28212,水,水,85.0
28213,,水,85.0
28214,,水,85.0
28215,,水,85.0
28216,㫃,水,85.0
28217,,水,85.0
28218,水,水,85.0
28219,水,水,85.0
28220,,水,85.0
28221,,水,85.0
28222,水,水,85.0
28223,水,水,85.0
28224,水,水,85.0
28225,水,水,85.0
28226,,水,85.0
28227,,水,85.0
28228,水,水,85.0
28229,水,水,85.0
28230,水,水,85.0
28231,,水,85.0
28232,,水,85.0
28233,,水,85.0
28234,水,水,85.0
28235,水,水,85.0
28236,食,水,85.0
28237,水,水,85.0
28238,水,水,85.0
28239,水,水,85.0
28240,,水,85.0
28241,水,水,85.0
28242,水,水,85.0
28243,,水,85.0
28244,水,水,85.0
28245,,水,85.0
28246,水,水,85.0
28247,,水,85.0
28248,水,水,85.0
28249,,水,85.0
28250,,水,85.0
28251,水,水,85.0
28252,水,水,85.0
28253,水,水,85.0
28254,水,水,85.0
28255,水,水,85.0
28256,,水,85.0
28257,水,水,85.0
28258,,水,85.0
28259,,水,85.0
28260,,水,85.0
28261,,水,85.0
28262,,水,85.0
28263,,水,85.0
28264,,水,85.0
28265,水,水,85.0
28266,,水,85.0
28267,水,水,85.0
28268,水,水,85.0
28269,,水,85.0
28270,水,水,85.0
28271,水,水,85.0
28272,,水,85.0
28273,,水,85.0
28274,水,水,85.0
28275,水,水,85.0
28276,,水,85.0
28277,,水,85.0
28278,,水,85.0
28279,,水,85.0
28280,,水,85.0
28281,,水,85.0
28282,,水,85.0
28283,,水,85.0
28284,水,水,85.0
28285,,水,85.0
28286,,水,85.0
28287,水,水,85.0
28288,,水,85.0
28289,,水,85.0
28290,,,85.0
28291,水,水,85.0
28292,,,85.0
28293,,水,85.0
28294,水,水,85.0
28295,水,水,85.0
28296,,水,85.0
28297,水,手,85.0
28298,,,85.0
28299,,,85.0
28300,,水,85.0
28301,,水,85.0
28302,,水,85.0
28303,,水,85.0
28304,灥,水,85.0
28305,水,水,85.0
28306,,水,85.0
28307,水,水,85.0
28308,,水,85.0
28309,,水,85.0
28310,水,水,85.0
28311,,水,85.0
28312,水,水,85.0
28313,,水,85.0
28314,,水,85.0
28315,,水,85.0
28316,水,水,85.0
28317,水,水,85.0
28318,,水,85.0
28319,水,水,85.0
28320,水,水,85.0
28321,,水,85.0
28322,水,水,85.0
28323,,水,85.0
28324,,水,85.0
28325,水,水,85.0
28326,水,水,85.0
28327,水,水,85.0
28328,,水,85.0
28329,,水,85.0
28330,谷,水,85.0
28331,水,水,85.0
28332,,水,85.0
28333,,水,85.0
28334,,水,85.0
28335,水,水,85.0
28336,,水,85.0
28337,水,水,85.0
28338,水,水,85.0
28339,水,水,85.0
28340,,水,85.0
28341,,水,85.0
28342,水,水,85.0
28343,水,水,85.0
28344,,水,85.0
28345,,水,85.0
28346,水,水,85.0
28347,,水,85.0
28348,水,水,85.0
28349,水,水,85.0
28350,,水,85.0
28351,,水,85.0
28352,,水,85.0
28353,水,水,85.0
28354,水,水,85.0
28355,水,水,85.0
28356,水,水,85.0
28357,水,水,85.0
28358,,水,85.0
28359,水,水,85.0
28360,水,水,85.0
28361,,水,85.0
28362,,水,85.0
28363,水,水,85.0
28364,水,水,85.0
28365,水,水,85.0
28366,水,水,85.0
28367,,水,85.0
28368,,水,85.0
28369,水,水,85.0
28370,水,水,85.0
28371,水,水,85.0
28372,水,水,85.0
28373,水,水,85.0
28374,,水,85.0
28375,,水,85.0
28376,,,85.0
28377,匚,匚,85.0
28378,,水,85.0
28379,,,85.0
28380,,水,85.0
28381,,水,85.0
28382,水,水,85.0
28383,,水,85.0
28384,,水,85.0
28385,水,水,85.0
28386,,水,85.0
28387,水,水,85.0
28388,,水,85.0
28389,水,水,85.0
28390,,水,85.0
28391,,,85.0
28392,瀕,水,85.0
28393,水,水,85.0
28394,,水,85.0
28395,水,水,85.0
28396,,水,85.0
28397,,水,85.0
28398,,水,85.0
28399,水,水,85.0
28400,水,水,85.0
28401,水,水,85.0
28402,水,水,85.0
28403,,水,85.0
28404,水,水,85.0
28405,,水,85.0
28406,水,水,85.0
28407,,水,85.0
28408,水,水,85.0
28409,,水,85.0
28410,,水,85.0
28411,水,水,85.0
28412,,水,85.0
28413,,水,85.0
28414,,水,85.0
28415,水,水,85.0
28416,水,水,85.0
28417,𩺰,水,85.0
28418,水,水,85.0
28419,,水,85.0
28420,,水,85.0
28421,,水,85.0
28422,水,水,85.0
28423,,水,85.0
28424,,水,85.0
28425,水,水,85.0
28426,水,水,85.0
28427,,水,85.0
28428,水,水,85.0
28429,,水,85.0
28430,,水,85.0
28431,水,水,85.0
28432,,水,85.0
28433,水,水,85.0
28434,,水,85.0
28435,,水,85.0
28436,水,水,85.0
28437,水,水,85.0
28438,,水,85.0
28439,,水,85.0
28440,水,水,85.0
28441,水,水,85.0
28442,水,水,85.0
28443,,水,85.0
28444,,水,85.0
28445,,水,85.0
28446,,水,85.0
28447,,水,85.0
28448,水,水,85.0
28449,,水,85.0
28450,水,水,85.0
28451,水,水,85.0
28452,,水,85.0
28453,水,水,85.0
28454,水,水,85.0
28455,,水,85.0
28456,,水,85.0
28457,水,水,85.0
28458,,水,85.0
28459,,水,85.0
28460,水,水,85.0
28461,,水,85.0
28462,水,水,85.0
28463,水,水,85.0
28464,,水,85.0
28465,水,水,85.0
28466,,水,85.0
28467,水,水,85.0
28468,,水,85.0
28469,水,水,85.0
28470,,水,85.0
28471,水,水,85.0
28472,水,水,85.0
28473,水,水,85.0
28474,,水,85.0
28475,水,水,85.0
28476,水,水,85.0
28477,,水,85.0
28478,水,水,85.0
28479,水,水,85.0
28480,水,水,85.0
28481,水,水,85.0
28482,,水,85.0
28483,,水,85.0
28484,,水,85.0
28485,,水,85.0
28486,,水,85.0
28487,水,水,85.0
28488,,水,85.0
28489,,,85.0
28490,水,水,85.0
28491,,水,85.0
28492,,,85.0
28493,水,水,85.0
28494,水,水,85.0
28495,水,水,85.0
28496,水,水,85.0
28497,,水,85.0
28498,水,水,85.0
28499,水,水,85.0
28500,水,水,85.0
28501,水,水,85.0
28502,,水,85.0
28503,,水,85.0
28504,水,水,85.0
28505,,水,85.0
28506,水,水,85.0
28507,水,水,85.0
28508,水,水,85.0
28509,水,水,85.0
28510,水,水,85.0
28511,,水,85.0
28512,水,水,85.0
28513,,水,85.0
28514,水,水,85.0
28515,水,水,85.0
28516,水,水,85.0
28517,,水,85.0
28518,水,水,85.0
28519,水,水,85.0
28520,水,水,85.0
28521,水,水,85.0
28522,,水,85.0
28523,,水,85.0
28524,,水,85.0
28525,水,水,85.0
28526,水,水,85.0
28527,水,水,85.0
28528,水,水,85.0
28529,,水,85.0
28530,,水,85.0
28531,,水,85.0
28532,水,水,85.0
28533,,水,85.0
28534,,水,85.0
28535,,水,85.0
28536,水,水,85.0
28537,,水,85.0
28538,水,水,85.0
28539,,水,85.0
28540,水,水,85.0
28541,,水,85.0
28542,,水,85.0
28543,水,水,85.0
28544,止,水,85.0
28545,,水,85.0
28546,水,水,85.0
28547,,水,85.0
28548,水,水,85.0
28549,,水,85.0
28550,水,水,85.0
28551,水,水,85.0
28552,,水,85.0
28553,,水,85.0
28554,,水,85.0
28555,,水,85.0
28556,水,水,85.0
28557,水,水,85.0
28558,,水,85.0
28559,,水,85.0
28560,水,水,85.0
28561,水,水,85.0
28562,水,水,85.0
28563,,水,85.0
28564,,水,85.0
28565,,水,85.0
28566,,水,85.0
28567,水,水,85.0
28568,水,水,85.0
28569,,水,85.0
28570,,,85.0
28571,,水,85.0
28572,水,水,85.0
28573,,水,85.0
28574,,水,85.0
28575,,水,85.0
28576,,水,85.0
28577,水,水,85.0
28578,,水,85.0
28579,水,水,85.0
28580,水,水,85.0
28581,水,水,85.0
28582,,水,85.0
28583,水,水,85.0
28584,水,水,85.0
28585,水,水,85.0
28586,,水,85.0
28587,,水,85.0
28588,水,水,85.0
28589,水,水,85.0
28590,水,水,85.0
28591,,水,85.0
28592,,水,85.0
28593,水,水,85.0
28594,,水,85.0
28595,水,水,85.0
28596,,水,85.0
28597,,水,85.0
28598,水,水,85.0
28599,,水,85.0
28600,,水,85.0
28601,水,水,85.0
28602,水,水,85.0
28603,,水,85.0
28604,,水,85.0
28605,,水,85.0
28606,,水,85.0
28607,,水,85.0
28608,水,水,85.0
28609,水,水,85.0
28610,水,水,85.0
28611,水,水,85.0
28612,水,水,85.0
28613,水,水,85.0
28614,水,水,85.0
28615,水,水,85.0
28616,水,水,85.0
28617,,水,85.0
28618,水,水,85.0
28619,,水,85.0
28620,,水,85.0
28621,,水,85.0
28622,,水,85.0
28623,,水,85.0
28624,,水,85.0
28625,水,水,85.0
28626,瀕,水,85.0
28627,,水,85.0
28628,水,水,85.0
28629,水,水,85.0
28630,,水,85.0
28631,,水,85.0
28632,水,水,85.0
28633,,水,85.0
28634,,水,85.0
28635,水,水,85.0
28636,,水,85.0
28637,,水,85.0
28638,水,水,85.0
28639,水,水,85.0
28640,,水,85.0
28641,水,水,85.0
28642,水,水,85.0
28643,,水,85.0
28644,水,水,85.0
28645,水,水,85.0
28646,水,水,85.0
28647,,水,85.0
28648,,水,85.0
28649,水,水,85.0
28650,,水,85.0
28651,水,水,85.0
28652,谷,水,85.0
28653,,水,85.0
28654,水,水,85.0
28655,水,水,85.0
28656,水,水,85.0
28657,瀕,水,85.0
28658,,水,85.0
28659,水,水,85.0
28660,,水,85.0
28661,瀕,水,85.0
28662,,門,85.0
28663,,水,85.0
28664,,水,85.0
28665,,,85.0
28666,,水,85.0
28667,,水,85.0
28668,水,水,85.0
28669,水,水,85.0
28670,,水,85.0
28671,水,水,85.0
28672,水,水,85.0
28673,水,水,85.0
28674,,水,85.0
28675,,水,85.0
28676,,水,85.0
28677,,水,85.0
28678,水,水,85.0
28679,,水,85.0
28680,,水,85.0
28681,,水,85.0
28682,,水,85.0
28683,水,水,85.0
28684,水,水,85.0
28685,,水,85.0
28686,水,水,85.0
28687,水,水,85.0
28688,,水,85.0
28689,水,水,85.0
28690,水,水,85.0
28691,,水,85.0
28692,,水,85.0
28693,瀕,水,85.0
28694,,水,85.0
28695,,水,85.0
28696,水,水,85.0
28697,水,水,85.0
28698,,水,85.0
28699,水,水,85.0
28700,,水,85.0
28701,水,水,85.0
28702,水,水,85.0
28703,水,水,85.0
28704,,水,85.0
28705,,水,85.0
28706,,水,85.0
28707,水,水,85.0
28708,水,水,85.0
28709,,水,85.0
28710,水,水,85.0
28711,水,水,85.0
28712,水,水,85.0
28713,,水,85.0
28714,,水,85.0
28715,,水,85.0
28716,,水,85.0
28717,,,85.0
28718,,,85.0
28719,,水,85.0
28720,,水,85.0
28721,水,水,85.0
28722,,水,85.0
28723,水,水,85.0
28724,,水,85.0
28725,水,水,85.0
28726,水,水,85.0
28727,水,水,85.0
28728,水,水,85.0
28729,水,水,85.0
28730,,水,85.0
28731,,水,85.0
28732,水,水,85.0
28733,,水,85.0
28734,水,水,85.0
28735,,水,85.0
28736,,水,85.0
28737,,水,85.0
28738,水,水,85.0
28739,,水,85.0
28740,,水,85.0
28741,水,水,85.0
28742,艸,水,85.0
28743,,水,85.0
28744,水,水,85.0
28745,水,水,85.0
28746,水,水,85.0
28747,廌,水,85.0
28748,水,水,85.0
28749,,水,85.0
28750,,水,85.0
28751,水,水,85.0
28752,,,85.0
28753,水,水,85.0
28754,水,水,85.0
28755,水,水,85.0
28756,,水,85.0
28757,,水,85.0
28758,,水,85.0
28759,,水,85.0
28760,水,水,85.0
28761,,水,85.0
28762,,水,85.0
28763,,水,85.0
28764,,,85.0
28765,水,水,85.0
28766,,水,85.0
28767,,水,85.0
28768,,水,85.0
28769,水,水,85.0
28770,,水,85.0
28771,,水,85.0
28772,,水,85.0
28773,灥,水,85.0
28774,,水,85.0
28775,,水,85.0
28776,,水,85.0
28777,,水,85.0
28778,,水,85.0
28779,火,火,86.0
28780,,火,86.0
28781,水,水,86.0
28782,火,火,86.0
28783,金,火,86.0
28784,火,火,86.0
28785,,火,86.0
28786,,火,86.0
28787,,火,86.0
28788,,火,86.0
28789,玉,火,86.0
28790,穴,火,86.0
28791,,火,86.0
28792,火,火,86.0
28793,,火,86.0
28794,火,火,86.0
28795,赤,火,86.0
28796,火,火,86.0
28797,火,火,86.0
28798,火,火,86.0
28799,火,火,86.0
28800,火,火,86.0
28801,,火,86.0
28802,,火,86.0
28803,,火,86.0
28804,,火,86.0
28805,火,火,86.0
28806,,火,86.0
28807,,火,86.0
28808,,火,86.0
28809,金,火,86.0
28810,火,火,86.0
28811,,火,86.0
28812,,火,86.0
28813,,火,86.0
28814,炎,火,86.0
28815,,火,86.0
28816,,火,86.0
28817,,火,86.0
28818,䰜,火,86.0
28819,,火,86.0
28820,,火,86.0
28821,火,火,86.0
28822,,火,86.0
28823,火,火,86.0
28824,,火,86.0
28825,炙,火,86.0
28826,,火,86.0
28827,,火,86.0
28828,火,火,86.0
28829,,,86.0
28830,,,86.0
28831,火,火,86.0
28832,,火,86.0
28833,,火,86.0
28834,,火,86.0
28835,,火,86.0
28836,,火,86.0
28837,火,火,86.0
28838,火,火,86.0
28839,火,火,86.0
28840,火,火,86.0
28841,,火,86.0
28842,火,火,86.0
28843,火,火,86.0
28844,艸,火,86.0
28845,火,火,86.0
28846,火,火,86.0
28847,火,火,86.0
28848,火,火,86.0
28849,火,火,86.0
28850,火,火,86.0
28851,火,火,86.0
28852,,火,86.0
28853,,火,86.0
28854,,火,86.0
28855,丶,火,86.0
28856,,,86.0
28857,黑,黑,86.0
28858,爪,爪,86.0
28859,,,86.0
28860,火,火,86.0
28861,火,火,86.0
28862,,,86.0
28863,,,86.0
28864,,,86.0
28865,火,火,86.0
28866,火,火,86.0
28867,,火,86.0
28868,火,火,86.0
28869,,火,86.0
28870,,火,86.0
28871,,火,86.0
28872,火,火,86.0
28873,,火,86.0
28874,,火,86.0
28875,,火,86.0
28876,,火,86.0
28877,,火,86.0
28878,,火,86.0
28879,烏,火,86.0
28880,,火,86.0
28881,,火,86.0
28882,,火,86.0
28883,火,火,86.0
28884,,火,86.0
28885,火,火,86.0
28886,火,火,86.0
28887,,火,86.0
28888,火,火,86.0
28889,火,火,86.0
28890,,火,86.0
28891,火,火,86.0
28892,火,火,86.0
28893,火,火,86.0
28894,,火,86.0
28895,火,火,86.0
28896,,火,86.0
28897,,火,86.0
28898,,火,86.0
28899,,火,86.0
28900,,木,86.0
28901,,,86.0
28902,頁,火,86.0
28903,火,火,86.0
28904,火,,86.0
28905,,,86.0
28906,,,86.0
28907,,火,86.0
28908,火,火,86.0
28909,火,火,86.0
28910,火,火,86.0
28911,,火,86.0
28912,火,火,86.0
28913,,火,86.0
28914,,火,86.0
28915,,火,86.0
28916,,火,86.0
28917,,火,86.0
28918,,火,86.0
28919,,火,86.0
28920,,火,86.0
28921,亯,火,86.0
28922,,火,86.0
28923,,火,86.0
28924,,火,86.0
28925,火,火,86.0
28926,赤,火,86.0
28927,,火,86.0
28928,,火,86.0
28929,,火,86.0
28930,犬,火,86.0
28931,,火,86.0
28932,,火,86.0
28933,火,火,86.0
28934,火,火,86.0
28935,,火,86.0
28936,,火,86.0
28937,烏,火,86.0
28938,金,火,86.0
28939,,火,86.0
28940,火,火,86.0
28941,,火,86.0
28942,,火,86.0
28943,,火,86.0
28944,,,86.0
28945,,,86.0
28946,,,86.0
28947,,,86.0
28948,,火,86.0
28949,火,火,86.0
28950,,,86.0
28951,,,86.0
28952,火,火,86.0
28953,,火,86.0
28954,火,火,86.0
28955,火,火,86.0
28956,火,火,86.0
28957,,火,86.0
28958,火,火,86.0
28959,,火,86.0
28960,火,火,86.0
28961,亡,火,86.0
28962,,火,86.0
28963,,火,86.0
28964,,火,86.0
28965,,火,86.0
28966,火,火,86.0
28967,,火,86.0
28968,,火,86.0
28969,,火,86.0
28970,,火,86.0
28971,,火,86.0
28972,,火,86.0
28973,,火,86.0
28974,,火,86.0
28975,火,火,86.0
28976,火,火,86.0
28977,焱,火,86.0
28978,,火,86.0
28979,,火,86.0
28980,,火,86.0
28981,,火,86.0
28982,火,火,86.0
28983,,火,86.0
28984,,火,86.0
28985,,,86.0
28986,,火,86.0
28987,,火,86.0
28988,,火,86.0
28989,,,86.0
28990,,,86.0
28991,,,86.0
28992,,,86.0
28993,火,火,86.0
28994,,火,86.0
28995,,火,86.0
28996,,火,86.0
28997,,火,86.0
28998,,火,86.0
28999,火,火,86.0
29000,,火,86.0
29001,火,火,86.0
29002,,火,86.0
29003,,火,86.0
29004,火,火,86.0
29005,,火,86.0
29006,火,火,86.0
29007,,火,86.0
29008,,火,86.0
29009,䰜,火,86.0
29010,火,火,86.0
29011,,火,86.0
29012,炎,火,86.0
29013,火,火,86.0
29014,火,火,86.0
29015,火,火,86.0
29016,,火,86.0
29017,火,火,86.0
29018,,火,86.0
29019,,目,86.0
29020,火,火,86.0
29021,,火,86.0
29022,,火,86.0
29023,,火,86.0
29024,,火,86.0
29025,,火,86.0
29026,卂,火,86.0
29027,火,火,86.0
29028,,火,86.0
29029,火,火,86.0
29030,火,火,86.0
29031,火,火,86.0
29032,火,火,86.0
29033,頁,火,86.0
29034,,火,86.0
29035,,火,86.0
29036,火,火,86.0
29037,火,火,86.0
29038,䰜,鬲,86.0
29039,,火,86.0
29040,,火,86.0
29041,,火,86.0
29042,,缶,86.0
29043,,米,86.0
29044,火,火,86.0
29045,,,86.0
29046,,,86.0
29047,,火,86.0
29048,,,86.0
29049,,火,86.0
29050,,火,86.0
29051,,火,86.0
29052,䰜,火,86.0
29053,火,火,86.0
29054,,火,86.0
29055,,火,86.0
29056,,火,86.0
29057,,火,86.0
29058,,火,86.0
29059,,火,86.0
29060,火,火,86.0
29061,火,火,86.0
29062,,火,86.0
29063,火,火,86.0
29064,火,火,86.0
29065,,火,86.0
29066,熊,火,86.0
29067,熊,火,86.0
29068,,火,86.0
29069,,火,86.0
29070,,火,86.0
29071,屮,火,86.0
29072,,火,86.0
29073,火,火,86.0
29074,焱,火,86.0
29075,,火,86.0
29076,,金,86.0
29077,,,86.0
29078,,,86.0
29079,,口,86.0
29080,,,86.0
29081,火,火,86.0
29082,火,火,86.0
29083,火,火,86.0
29084,火,火,86.0
29085,,火,86.0
29086,,火,86.0
29087,丮,火,86.0
29088,火,火,86.0
29089,,火,86.0
29090,火,火,86.0
29091,,火,86.0
29092,,火,86.0
29093,,火,86.0
29094,,火,86.0
29095,,火,86.0
29096,火,火,86.0
29097,,火,86.0
29098,,火,86.0
29099,,火,86.0
29100,火,火,86.0
29101,火,火,86.0
29102,火,火,86.0
29103,火,火,86.0
29104,,火,86.0
29105,火,火,86.0
29106,火,火,86.0
29107,,,86.0
29108,,,86.0
29109,,,86.0
29110,,火,86.0
29111,火,火,86.0
29112,,火,86.0
29113,火,火,86.0
29114,,火,86.0
29115,,火,86.0
29116,,火,86.0
29117,,火,86.0
29118,火,火,86.0
29119,,火,86.0
29120,火,火,86.0
29121,火,火,86.0
29122,火,火,86.0
29123,火,火,86.0
29124,炎,火,86.0
29125,炎,火,86.0
29126,,火,86.0
29127,,火,86.0
29128,金,火,86.0
29129,,火,86.0
29130,焱,火,86.0
29131,火,火,86.0
29132,,火,86.0
29133,,火,86.0
29134,火,火,86.0
29135,,火,86.0
29136,炎,火,86.0
29137,,火,86.0
29138,火,火,86.0
29139,火,火,86.0
29140,火,火,86.0
29141,燕,火,86.0
29142,,火,86.0
29143,火,火,86.0
29144,,火,86.0
29145,,火,86.0
29146,,火,86.0
29147,,火,86.0
29148,,,86.0
29149,,,86.0
29150,,,86.0
29151,宮,火,86.0
29152,火,火,86.0
29153,,火,86.0
29154,,火,86.0
29155,,火,86.0
29156,,火,86.0
29157,火,火,86.0
29158,火,火,86.0
29159,𨺅,火,86.0
29160,,火,86.0
29161,,火,86.0
29162,,火,86.0
29163,,火,86.0
29164,火,火,86.0
29165,火,火,86.0
29166,又,火,86.0
29167,,火,86.0
29168,,火,86.0
29169,,火,86.0
29170,,火,86.0
29171,,火,86.0
29172,,,86.0
29173,,,86.0
29174,,,86.0
29175,,火,86.0
29176,,火,86.0
29177,火,火,86.0
29178,,火,86.0
29179,,火,86.0
29180,火,火,86.0
29181,火,火,86.0
29182,火,火,86.0
29183,火,火,86.0
29184,,火,86.0
29185,,火,86.0
29186,,火,86.0
29187,,火,86.0
29188,,火,86.0
29189,,火,86.0
29190,火,火,86.0
29191,火,火,86.0
29192,,火,86.0
29193,,火,86.0
29194,,火,86.0
29195,,,86.0
29196,,火,86.0
29197,火,火,86.0
29198,,,86.0
29199,,火,86.0
29200,金,火,86.0
29201,,火,86.0
29202,炙,火,86.0
29203,火,火,86.0
29204,,火,86.0
29205,,火,86.0
29206,,火,86.0
29207,火,,86.0
29208,,,86.0
29209,,火,86.0
29210,火,火,86.0
29211,火,火,86.0
29212,,火,86.0
29213,火,火,86.0
29214,火,火,86.0
29215,火,火,86.0
29216,,,86.0
29217,,火,86.0
29218,火,火,86.0
29219,,火,86.0
29220,火,火,86.0
29221,,火,86.0
29222,,,86.0
29223,,火,86.0
29224,爨,火,86.0
29225,,火,86.0
29226,爪,爪,87.0
29227,,爪,87.0
29228,,爪,87.0
29229,𠬪,爪,87.0
29230,,爪,87.0
29231,冓,爪,87.0
29232,𠬪,爪,87.0
29233,夊,心,87.0
29234,爪,爪,87.0
29235,,,87.0
29236,,爪,87.0
29237,鬯,爪,87.0
29238,又,父,88.0
29239,,父,88.0
29240,,父,88.0
29241,,父,88.0
29242,,父,88.0
29243,爻,爻,89.0
29244,且,爻,89.0
29245,㸚,,89.0
29246,㸚,爻,89.0
29247,,爿,90.0
29248,木,爿,90.0
29249,,爿,90.0
29250,羊,爿,90.0
29251,,爿,90.0
29252,倉,爿,90.0
29253,,爿,90.0
29254,嗇,爿,90.0
29255,片,片,91.0
29256,片,片,91.0
29257,,片,91.0
29258,,片,91.0
29259,竹,片,91.0
29260,,片,91.0
29261,片,片,91.0
29262,,片,91.0
29263,片,片,91.0
29264,,片,91.0
29265,片,片,91.0
29266,片,片,91.0
29267,木,片,91.0
29268,,片,91.0
29269,,片,91.0
29270,片,片,91.0
29271,,,91.0
29272,片,片,91.0
29273,牙,牙,92.0
29274,,牙,92.0
29275,牛,牛,93.0
29276,,牛,93.0
29277,牛,牛,93.0
29278,,牛,93.0
29279,牛,牛,93.0
29280,,牛,93.0
29281,牛,牛,93.0
29282,牛,牛,93.0
29283,牛,牛,93.0
29284,,,93.0
29285,,牛,93.0
29286,犛,牛,93.0
29287,攴,牛,93.0
29288,,牛,93.0
29289,牛,牛,93.0
29290,,牛,93.0
29291,,牛,93.0
29292,牛,牛,93.0
29293,牛,牛,93.0
29294,,牛,93.0
29295,,牛,93.0
29296,,牛,93.0
29297,,牛,93.0
29298,牛,牛,93.0
29299,,牛,93.0
29300,牛,牛,93.0
29301,牛,牛,93.0
29302,,牛,93.0
29303,牛,牛,93.0
29304,,牛,93.0
29305,牛,牛,93.0
29306,牛,牛,93.0
29307,牛,牛,93.0
29308,牛,牛,93.0
29309,牛,牛,93.0
29310,,牛,93.0
29311,牛,牛,93.0
29312,牛,牛,93.0
29313,牛,牛,93.0
29314,牛,牛,93.0
29315,,牛,93.0
29316,,牛,93.0
29317,牛,牛,93.0
29318,,牛,93.0
29319,,牛,93.0
29320,,牛,93.0
29321,牛,牛,93.0
29322,牛,牛,93.0
29323,,,93.0
29324,,牛,93.0
29325,牛,牛,93.0
29326,,牛,93.0
29327,,牛,93.0
29328,,牛,93.0
29329,,牛,93.0
29330,,牛,93.0
29331,牛,牛,93.0
29332,,牛,93.0
29333,牛,牛,93.0
29334,牛,牛,93.0
29335,牛,牛,93.0
29336,,牛,93.0
29337,牛,牛,93.0
29338,,牛,93.0
29339,犛,牛,93.0
29340,,牛,93.0
29341,牛,牛,93.0
29342,,牛,93.0
29343,,力,93.0
29344,,牛,93.0
29345,牛,牛,93.0
29346,牛,牛,93.0
29347,,牛,93.0
29348,,牛,93.0
29349,牛,牛,93.0
29350,,牛,93.0
29351,牛,牛,93.0
29352,牛,牛,93.0
29353,,牛,93.0
29354,,牛,93.0
29355,牛,牛,93.0
29356,犬,犬,94.0
29357,,犬,94.0
29358,犬,犬,94.0
29359,犬,犬,94.0
29360,,犬,94.0
29361,,犬,94.0
29362,豸,犬,94.0
29363,豸,犬,94.0
29364,豸,犬,94.0
29365,,犬,94.0
29366,犬,犬,94.0
29367,犬,犬,94.0
29368,,犬,94.0
29369,犬,犬,94.0
29370,犬,犬,94.0
29371,犬,犬,94.0
29372,,犬,94.0
29373,,犬,94.0
29374,犾,犬,94.0
29375,,犬,94.0
29376,犬,犬,94.0
29377,,犬,94.0
29378,犬,犬,94.0
29379,犬,犬,94.0
29380,犬,犬,94.0
29381,,犬,94.0
29382,,犬,94.0
29383,,,94.0
29384,,犬,94.0
29385,,犬,94.0
29386,犬,犬,94.0
29387,犬,犬,94.0
29388,,犬,94.0
29389,,犬,94.0
29390,犬,犬,94.0
29391,,犬,94.0
29392,犬,犬,94.0
29393,,犬,94.0
29394,禸,犬,94.0
29395,,犬,94.0
29396,,犬,94.0
29397,,犬,94.0
29398,豸,犬,94.0
29399,犬,犬,94.0
29400,犬,犬,94.0
29401,犬,犬,94.0
29402,,犬,94.0
29403,犬,犬,94.0
29404,,,94.0
29405,犬,犬,94.0
29406,,犬,94.0
29407,犬,犬,94.0
29408,犬,犬,94.0
29409,犬,犬,94.0
29410,豸,犬,94.0
29411,,犬,94.0
29412,,犬,94.0
29413,,犬,94.0
29414,犬,犬,94.0
29415,犬,犬,94.0
29416,,犬,94.0
29417,犬,犬,94.0
29418,,犬,94.0
29419,,犬,94.0
29420,犬,犬,94.0
29421,阜,犬,94.0
29422,,犬,94.0
29423,犬,犬,94.0
29424,,犬,94.0
29425,㹜,犬,94.0
29426,,犬,94.0
29427,,犬,94.0
29428,,犬,94.0
29429,,犬,94.0
29430,豕,犬,94.0
29431,犬,犬,94.0
29432,豸,犬,94.0
29433,阜,犬,94.0
29434,,犬,94.0
29435,犬,犬,94.0
29436,犬,犬,94.0
29437,,犬,94.0
29438,犬,犬,94.0
29439,,犬,94.0
29440,,,94.0
29441,,,94.0
29442,豸,心,94.0
29443,犬,犬,94.0
29444,,犬,94.0
29445,,犬,94.0
29446,,犬,94.0
29447,,犬,94.0
29448,犬,犬,94.0
29449,,犬,94.0
29450,,犬,94.0
29451,犬,犬,94.0
29452,犬,犬,94.0
29453,,犬,94.0
29454,犬,犬,94.0
29455,,犬,94.0
29456,,犬,94.0
29457,,犬,94.0
29458,甘,犬,94.0
29459,,犬,94.0
29460,,犬,94.0
29461,,犬,94.0
29462,,犬,94.0
29463,犬,犬,94.0
29464,,犬,94.0
29465,,犬,94.0
29466,隹,犬,94.0
29467,犬,犬,94.0
29468,犬,犬,94.0
29469,犬,犬,94.0
29470,,,94.0
29471,,犬,94.0
29472,,,94.0
29473,,犬,94.0
29474,,犬,94.0
29475,,犬,94.0
29476,,犬,94.0
29477,犬,犬,94.0
29478,,犬,94.0
29479,,犬,94.0
29480,虫,犬,94.0
29481,犬,犬,94.0
29482,豕,犬,94.0
29483,豸,犬,94.0
29484,㣇,犬,94.0
29485,,犬,94.0
29486,犬,犬,94.0
29487,豸,犬,94.0
29488,犬,犬,94.0
29489,夊,犬,94.0
29490,犬,犬,94.0
29491,豕,犬,94.0
29492,犬,犬,94.0
29493,犬,犬,94.0
29494,犬,犬,94.0
29495,犬,犬,94.0
29496,,犬,94.0
29497,,,94.0
29498,,犬,94.0
29499,,犬,94.0
29500,,犬,94.0
29501,,犬,94.0
29502,,犬,94.0
29503,虫,犬,94.0
29504,犬,犬,94.0
29505,,犬,94.0
29506,豕,犬,94.0
29507,,犬,94.0
29508,㹜,犬,94.0
29509,,犬,94.0
29510,口,犬,94.0
29511,,,94.0
29512,,犬,94.0
29513,,,94.0
29514,,,94.0
29515,,犬,94.0
29516,犬,犬,94.0
29517,,犬,94.0
29518,犬,犬,94.0
29519,豸,犬,94.0
29520,,犬,94.0
29521,,犬,94.0
29522,犬,犬,94.0
29523,,犬,94.0
29524,口,犬,94.0
29525,,,94.0
29526,豕,犬,94.0
29527,,犬,94.0
29528,犬,犬,94.0
29529,,犬,94.0
29530,,犬,94.0
29531,,犬,94.0
29532,犬,犬,94.0
29533,,犬,94.0
29534,,犬,94.0
29535,犬,犬,94.0
29536,犬,犬,94.0
29537,犬,,94.0
29538,犬,犬,94.0
29539,,犬,94.0
29540,,,94.0
29541,,犬,94.0
29542,,犬,94.0
29543,犬,犬,94.0
29544,犬,犬,94.0
29545,,犬,94.0
29546,犬,犬,94.0
29547,犬,犬,94.0
29548,,犬,94.0
29549,犬,犬,94.0
29550,犬,犬,94.0
29551,,犬,94.0
29552,,犬,94.0
29553,犬,犬,94.0
29554,犬,犬,94.0
29555,犬,犬,94.0
29556,,犬,94.0
29557,犬,犬,94.0
29558,夊,犬,94.0
29559,犬,犬,94.0
29560,嘼,犬,94.0
29561,,犬,94.0
29562,犬,犬,94.0
29563,犬,犬,94.0
29564,,犬,94.0
29565,,犬,94.0
29566,豸,犬,94.0
29567,犬,犬,94.0
29568,,犬,94.0
29569,,犬,94.0
29570,,犬,94.0
29571,犬,犬,94.0
29572,玄,玄,95.0
29573,弦,玄,95.0
29574,玄,玄,95.0
29575,率,玄,95.0
29576,玄,玄,95.0
29577,玉,玉,96.0
29578,玉,玉,96.0
29579,王,玉,96.0
29580,,玉,96.0
29581,,,96.0
29582,玉,玉,96.0
29583,玉,玉,96.0
29584,,玉,96.0
29585,玉,玉,96.0
29586,玉,玉,96.0
29587,玉,玉,96.0
29588,,玉,96.0
29589,玉,玉,96.0
29590,玉,玉,96.0
29591,玉,玉,96.0
29592,玉,玉,96.0
29593,玉,玉,96.0
29594,玉,玉,96.0
29595,,玉,96.0
29596,,玉,96.0
29597,,玉,96.0
29598,,玉,96.0
29599,玉,玉,96.0
29600,玉,玉,96.0
29601,,玉,96.0
29602,,玉,96.0
29603,,玉,96.0
29604,玉,玉,96.0
29605,玉,玉,96.0
29606,玉,玉,96.0
29607,玉,玉,96.0
29608,玨,玉,96.0
29609,玉,玉,96.0
29610,玉,玉,96.0
29611,玉,玉,96.0
29612,,玉,96.0
29613,玉,玉,96.0
29614,,玉,96.0
29615,玉,玉,96.0
29616,,玉,96.0
29617,玉,玉,96.0
29618,玉,玉,96.0
29619,,玉,96.0
29620,,玉,96.0
29621,,玉,96.0
29622,,玉,96.0
29623,刀,玉,96.0
29624,,玉,96.0
29625,,玉,96.0
29626,土,玉,96.0
29627,,玉,96.0
29628,玉,玉,96.0
29629,玉,玉,96.0
29630,,玉,96.0
29631,,玉,96.0
29632,,玉,96.0
29633,,玉,96.0
29634,玉,玉,96.0
29635,,玉,96.0
29636,,玉,96.0
29637,,玉,96.0
29638,,玉,96.0
29639,玉,玉,96.0
29640,玉,玉,96.0
29641,玉,玉,96.0
29642,玉,玉,96.0
29643,玉,玉,96.0
29644,玉,玉,96.0
29645,玉,玉,96.0
29646,,玉,96.0
29647,玨,玉,96.0
29648,,,96.0
29649,玉,玉,96.0
29650,,玉,96.0
29651,,玉,96.0
29652,,玉,96.0
29653,玉,玉,96.0
29654,,玉,96.0
29655,,玉,96.0
29656,,玉,96.0
29657,玉,玉,96.0
29658,,玉,96.0
29659,玉,玉,96.0
29660,,玉,96.0
29661,玉,玉,96.0
29662,,玉,96.0
29663,,玉,96.0
29664,玉,玉,96.0
29665,琴,玉,96.0
29666,玉,玉,96.0
29667,玉,玉,96.0
29668,,玉,96.0
29669,玉,玉,96.0
29670,玉,玉,96.0
29671,玉,玉,96.0
29672,,玉,96.0
29673,玉,玉,96.0
29674,土,玉,96.0
29675,,玉,96.0
29676,,玉,96.0
29677,玨,玉,96.0
29678,人,玉,96.0
29679,,玉,96.0
29680,玉,玉,96.0
29681,,玉,96.0
29682,,玉,96.0
29683,,玉,96.0
29684,,玉,96.0
29685,,玉,96.0
29686,,玉,96.0
29687,,玉,96.0
29688,,玉,96.0
29689,,玉,96.0
29690,,玉,96.0
29691,,玉,96.0
29692,,玉,96.0
29693,玉,玉,96.0
29694,,玉,96.0
29695,,玉,96.0
29696,玉,玉,96.0
29697,玉,玉,96.0
29698,玉,玉,96.0
29699,玉,玉,96.0
29700,,玉,96.0
29701,玉,玉,96.0
29702,玉,玉,96.0
29703,玉,玉,96.0
29704,,玉,96.0
29705,,玉,96.0
29706,邑,玉,96.0
29707,,玉,96.0
29708,,玉,96.0
29709,,玉,96.0
29710,玉,玉,96.0
29711,木,玉,96.0
29712,玉,玉,96.0
29713,,,96.0
29714,,,96.0
29715,,,96.0
29716,,玉,96.0
29717,,玉,96.0
29718,玉,玉,96.0
29719,,玉,96.0
29720,,玉,96.0
29721,,玉,96.0
29722,玉,玉,96.0
29723,玉,玉,96.0
29724,玉,玉,96.0
29725,,玉,96.0
29726,,玉,96.0
29727,玉,玉,96.0
29728,玉,玉,96.0
29729,玉,玉,96.0
29730,玉,玉,96.0
29731,,玉,96.0
29732,玉,玉,96.0
29733,玉,玉,96.0
29734,,玉,96.0
29735,,玉,96.0
29736,玉,玉,96.0
29737,,玉,96.0
29738,,玉,96.0
29739,玉,玉,96.0
29740,玉,玉,96.0
29741,,玉,96.0
29742,玉,玉,96.0
29743,竹,玉,96.0
29744,玉,玉,96.0
29745,玉,玉,96.0
29746,玉,玉,96.0
29747,玉,玉,96.0
29748,琴,玉,96.0
29749,琴,玉,96.0
29750,琴,玉,96.0
29751,,玉,96.0
29752,,玉,96.0
29753,,玉,96.0
29754,,,96.0
29755,,,96.0
29756,玉,玉,96.0
29757,,玉,96.0
29758,,玉,96.0
29759,,玉,96.0
29760,玉,玉,96.0
29761,玉,玉,96.0
29762,玉,玉,96.0
29763,,玉,96.0
29764,玉,玉,96.0
29765,,玉,96.0
29766,,玉,96.0
29767,,玉,96.0
29768,玉,玉,96.0
29769,,玉,96.0
29770,,玉,96.0
29771,,玉,96.0
29772,,玉,96.0
29773,,玉,96.0
29774,玉,玉,96.0
29775,,玉,96.0
29776,,玉,96.0
29777,玉,玉,96.0
29778,玉,玉,96.0
29779,,玉,96.0
29780,,玉,96.0
29781,玉,玉,96.0
29782,,玉,96.0
29783,玉,玉,96.0
29784,,玉,96.0
29785,,玉,96.0
29786,玉,玉,96.0
29787,玉,玉,96.0
29788,玉,玉,96.0
29789,玉,玉,96.0
29790,玉,玉,96.0
29791,琴,玉,96.0
29792,,玉,96.0
29793,,玉,96.0
29794,,玉,96.0
29795,玉,玉,96.0
29796,玉,玉,96.0
29797,,玉,96.0
29798,玉,玉,96.0
29799,,玉,96.0
29800,,玉,96.0
29801,玉,玉,96.0
29802,,玉,96.0
29803,,玉,96.0
29804,玉,玉,96.0
29805,,玉,96.0
29806,玉,玉,96.0
29807,,玉,96.0
29808,玉,玉,96.0
29809,玉,玉,96.0
29810,玉,玉,96.0
29811,玉,玉,96.0
29812,玨,玉,96.0
29813,玉,玉,96.0
29814,玉,玉,96.0
29815,,玉,96.0
29816,,玉,96.0
29817,,玉,96.0
29818,,玉,96.0
29819,玉,玉,96.0
29820,,玉,96.0
29821,,玉,96.0
29822,玉,玉,96.0
29823,,玉,96.0
29824,玉,玉,96.0
29825,玉,玉,96.0
29826,玉,玉,96.0
29827,,玉,96.0
29828,,玉,96.0
29829,玉,玉,96.0
29830,玉,玉,96.0
29831,玉,玉,96.0
29832,,玉,96.0
29833,木,玉,96.0
29834,玉,玉,96.0
29835,玉,玉,96.0
29836,,玉,96.0
29837,,,96.0
29838,,玉,96.0
29839,玉,玉,96.0
29840,玉,玉,96.0
29841,玉,玉,96.0
29842,玉,玉,96.0
29843,玉,玉,96.0
29844,,玉,96.0
29845,,玉,96.0
29846,,玉,96.0
29847,玉,玉,96.0
29848,,玉,96.0
29849,玉,玉,96.0
29850,玉,玉,96.0
29851,,玉,96.0
29852,玉,玉,96.0
29853,,玉,96.0
29854,,玉,96.0
29855,,玉,96.0
29856,玉,玉,96.0
29857,玉,玉,96.0
29858,,玉,96.0
29859,玉,玉,96.0
29860,,,96.0
29861,玉,玉,96.0
29862,,玉,96.0
29863,玉,玉,96.0
29864,玉,玉,96.0
29865,玉,玉,96.0
29866,玉,玉,96.0
29867,玉,玉,96.0
29868,玉,玉,96.0
29869,,玉,96.0
29870,,玉,96.0
29871,,玉,96.0
29872,玉,玉,96.0
29873,玉,玉,96.0
29874,,玉,96.0
29875,,玉,96.0
29876,,,96.0
29877,玉,玉,96.0
29878,玉,玉,96.0
29879,,玉,96.0
29880,,玉,96.0
29881,玉,玉,96.0
29882,,玉,96.0
29883,,玉,96.0
29884,,玉,96.0
29885,土,玉,96.0
29886,,玉,96.0
29887,玉,玉,96.0
29888,,玉,96.0
29889,,玉,96.0
29890,,玉,96.0
29891,玉,玉,96.0
29892,,玉,96.0
29893,玉,玉,96.0
29894,,玉,96.0
29895,玉,玉,96.0
29896,,玉,96.0
29897,玉,玉,96.0
29898,玉,玉,96.0
29899,,玉,96.0
29900,人,玉,96.0
29901,,玉,96.0
29902,,玉,96.0
29903,玉,玉,96.0
29904,,玉,96.0
29905,,玉,96.0
29906,玉,玉,96.0
29907,,玉,96.0
29908,,玉,96.0
29909,弓,玉,96.0
29910,,玉,96.0
29911,玉,玉,96.0
29912,玉,玉,96.0
29913,,玉,96.0
29914,玉,玉,96.0
29915,玉,玉,96.0
29916,瓜,瓜,97.0
29917,,瓜,97.0
29918,瓜,瓜,97.0
29919,,瓜,97.0
29920,瓠,瓜,97.0
29921,,瓜,97.0
29922,瓠,瓜,97.0
29923,瓜,瓜,97.0
29924,,瓜,97.0
29925,,瓜,97.0
29926,瓦,瓦,98.0
29927,,,98.0
29928,瓦,瓦,98.0
29929,,,98.0
29930,瓦,瓦,98.0
29931,,瓦,98.0
29932,瓦,瓦,98.0
29933,,瓦,98.0
29934,瓦,瓦,98.0
29935,瓦,瓦,98.0
29936,,,98.0
29937,,,98.0
29938,,,98.0
29939,,瓦,98.0
29940,瓦,瓦,98.0
29941,瓦,瓦,98.0
29942,缶,瓦,98.0
29943,瓦,瓦,98.0
29944,,,98.0
29945,,瓦,98.0
29946,,瓦,98.0
29947,瓦,瓦,98.0
29948,,,98.0
29949,瓦,瓦,98.0
29950,,瓦,98.0
29951,瓦,瓦,98.0
29952,,瓦,98.0
29953,缶,瓦,98.0
29954,瓦,瓦,98.0
29955,瓦,瓦,98.0
29956,瓦,瓦,98.0
29957,,,98.0
29958,,瓦,98.0
29959,,瓦,98.0
29960,瓦,瓦,98.0
29961,,瓦,98.0
29962,,瓦,98.0
29963,,瓦,98.0
29964,瓦,瓦,98.0
29965,瓦,瓦,98.0
29966,,瓦,98.0
29967,,瓦,98.0
29968,,瓦,98.0
29969,瓦,瓦,98.0
29970,,瓦,98.0
29971,瓦,瓦,98.0
29972,,瓦,98.0
29973,缶,瓦,98.0
29974,,瓦,98.0
29975,瓦,瓦,98.0
29976,甘,甘,99.0
29977,,酉,99.0
29978,甘,甘,99.0
29979,甘,甘,99.0
29980,甘,甘,99.0
29981,,甘,99.0
29982,旨,甘,99.0
29983,生,生,100.0
29984,,生,100.0
29985,生,生,100.0
29986,生,生,100.0
29987,生,生,100.0
29988,生,生,100.0
29989,男,生,100.0
29990,,生,100.0
29991,,生,100.0
29992,用,用,101.0
29993,,,101.0
29994,,用,101.0
29995,用,用,101.0
29996,𢎘,用,101.0
29997,,木,101.0
29998,,,101.0
29999,用,用,101.0
30000,田,田,102.0
30001,𢎘,田,102.0
30002,甲,田,102.0
30003,申,田,102.0
30004,,田,102.0
30005,雨,雨,102.0
30006,甶,田,102.0
30007,男,田,102.0
30008,田,田,102.0
30009,丂,田,102.0
30010,田,田,102.0
30011,畫,田,102.0
30012,田,田,102.0
30013,𡿨,田,102.0
30014,甾,田,102.0
30015,田,田,102.0
30016,丌,田,102.0
30017,丌,田,102.0
30018,,田,102.0
30019,,田,102.0
30020,,田,102.0
30021,田,日,102.0
30022,,田,102.0
30023,,田,102.0
30024,,田,102.0
30025,,田,102.0
30026,,田,102.0
30027,攴,田,102.0
30028,田,田,102.0
30029,田,田,102.0
30030,𡿨,田,102.0
30031,甶,田,102.0
30032,畐,田,102.0
30033,,,102.0
30034,,田,102.0
30035,,,102.0
30036,田,田,102.0
30037,畕,田,102.0
30038,,田,102.0
30039,畐,田,102.0
30040,,田,102.0
30041,田,田,102.0
30042,甾,田,102.0
30043,田,田,102.0
30044,田,田,102.0
30045,田,田,102.0
30046,田,田,102.0
30047,夊,田,102.0
30048,,田,106.0
30049,,田,102.0
30050,𠦒,田,102.0
30051,,田,102.0
30052,田,田,102.0
30053,田,田,102.0
30054,田,田,102.0
30055,田,田,102.0
30056,釆,田,119.0
30057,,,102.0
30058,釆,田,102.0
30059,畫,田,102.0
30060,田,田,102.0
30061,田,田,102.0
30062,田,田,102.0
30063,田,田,102.0
30064,異,田,102.0
30065,田,田,102.0
30066,田,人,102.0
30067,,田,102.0
30068,田,田,102.0
30069,畫,田,102.0
30070,田,田,102.0
30071,田,田,102.0
30072,田,田,102.0
30073,田,田,102.0
30074,畕,田,102.0
30075,土,田,102.0
30076,田,田,102.0
30077,,田,102.0
30078,,田,102.0
30079,田,田,102.0
30080,甾,田,102.0
30081,田,田,102.0
30082,,田,102.0
30083,田,田,102.0
30084,田,田,102.0
30085,,田,102.0
30086,畕,田,102.0
30087,田,田,102.0
30088,刀,田,102.0
30089,晶,田,102.0
30090,晶,田,102.0
30091,疋,疋,103.0
30092,止,疋,103.0
30093,,,103.0
30094,𠫓,疋,103.0
30095,𠫓,疋,103.0
30096,叀,疋,103.0
30097,子,疋,103.0
30098,疒,疒,104.0
30099,,疒,104.0
30100,,疒,104.0
30101,疒,疒,104.0
30102,,疒,104.0
30103,疒,疒,104.0
30104,,疒,104.0
30105,,疒,104.0
30106,宀,疒,104.0
30107,疒,疒,104.0
30108,,疒,104.0
30109,疒,疒,104.0
30110,,疒,104.0
30111,疒,疒,104.0
30112,疒,疒,104.0
30113,疒,疒,104.0
30114,疒,疒,104.0
30115,頁,疒,104.0
30116,,疒,104.0
30117,疒,疒,104.0
30118,疒,疒,104.0
30119,疒,疒,104.0
30120,,疒,104.0
30121,,疒,104.0
30122,,疒,104.0
30123,疒,疒,104.0
30124,,疒,104.0
30125,,疒,104.0
30126,刃,疒,104.0
30127,,疒,104.0
30128,,疒,104.0
30129,皮,疒,104.0
30130,疒,疒,104.0
30131,,疒,104.0
30132,疒,疒,104.0
30133,疒,疒,104.0
30134,,疒,104.0
30135,,疒,104.0
30136,疒,疒,104.0
30137,肉,疒,104.0
30138,,疒,104.0
30139,疒,疒,104.0
30140,,疒,104.0
30141,疒,疒,104.0
30142,疒,疒,104.0
30143,,疒,104.0
30144,疒,疒,104.0
30145,疒,疒,104.0
30146,疒,疒,104.0
30147,,疒,104.0
30148,,疒,104.0
30149,疒,疒,104.0
30150,,疒,104.0
30151,,疒,104.0
30152,疒,疒,104.0
30153,疒,疒,104.0
30154,,疒,104.0
30155,疒,疒,104.0
30156,,疒,104.0
30157,疒,疒,104.0
30158,疒,疒,104.0
30159,疒,疒,104.0
30160,,疒,104.0
30161,疒,疒,104.0
30162,疒,疒,104.0
30163,,疒,104.0
30164,疒,疒,104.0
30165,疒,疒,104.0
30166,口,疒,104.0
30167,,疒,104.0
30168,,疒,104.0
30169,疒,疒,104.0
30170,,疒,104.0
30171,疒,疒,104.0
30172,,疒,104.0
30173,,疒,104.0
30174,疒,疒,104.0
30175,疒,疒,104.0
30176,,疒,104.0
30177,疒,疒,104.0
30178,,疒,104.0
30179,,疒,104.0
30180,疒,疒,104.0
30181,疒,疒,104.0
30182,,疒,104.0
30183,,,104.0
30184,疒,疒,104.0
30185,,疒,104.0
30186,,疒,104.0
30187,疒,疒,104.0
30188,疒,疒,104.0
30189,,疒,104.0
30190,,疒,104.0
30191,,疒,104.0
30192,,疒,104.0
30193,疒,疒,104.0
30194,疒,疒,104.0
30195,疒,疒,104.0
30196,疒,疒,104.0
30197,疒,疒,104.0
30198,,疒,104.0
30199,,疒,104.0
30200,,疒,104.0
30201,疒,疒,104.0
30202,,疒,104.0
30203,,疒,104.0
30204,疒,疒,104.0
30205,隹,疒,104.0
30206,疒,疒,104.0
30207,疒,疒,104.0
30208,疒,疒,104.0
30209,,疒,104.0
30210,口,疒,104.0
30211,疒,疒,104.0
30212,,疒,104.0
30213,疒,疒,104.0
30214,,疒,104.0
30215,,疒,104.0
30216,,疒,104.0
30217,疒,疒,104.0
30218,,疒,104.0
30219,,疒,104.0
30220,疒,疒,104.0
30221,疒,疒,104.0
30222,,疒,104.0
30223,疒,疒,104.0
30224,,疒,104.0
30225,,疒,104.0
30226,,疒,104.0
30227,,疒,104.0
30228,,疒,104.0
30229,疒,疒,104.0
30230,疒,疒,104.0
30231,土,疒,104.0
30232,疒,疒,104.0
30233,,疒,104.0
30234,疒,疒,104.0
30235,疒,疒,104.0
30236,疒,疒,104.0
30237,,疒,104.0
30238,土,疒,104.0
30239,,疒,104.0
30240,,疒,104.0
30241,刃,疒,104.0
30242,疒,疒,104.0
30243,疒,疒,104.0
30244,疒,疒,104.0
30245,疒,疒,104.0
30246,疒,疒,104.0
30247,疒,疒,104.0
30248,疒,疒,104.0
30249,,疒,104.0
30250,,疒,104.0
30251,,疒,104.0
30252,,疒,104.0
30253,,疒,104.0
30254,,疒,104.0
30255,疒,疒,104.0
30256,,疒,104.0
30257,心,疒,104.0
30258,疒,疒,104.0
30259,疒,疒,104.0
30260,,疒,104.0
30261,疒,疒,104.0
30262,,疒,104.0
30263,,疒,104.0
30264,,疒,104.0
30265,,疒,104.0
30266,,疒,104.0
30267,疒,疒,104.0
30268,疒,疒,104.0
30269,疒,疒,104.0
30270,,疒,104.0
30271,疒,疒,104.0
30272,,疒,104.0
30273,,疒,104.0
30274,疒,疒,104.0
30275,疒,疒,104.0
30276,,疒,104.0
30277,疒,疒,104.0
30278,疒,疒,104.0
30279,疒,疒,104.0
30280,疒,疒,104.0
30281,疒,疒,104.0
30282,,疒,104.0
30283,,疒,104.0
30284,,山,104.0
30285,,,104.0
30286,疒,疒,104.0
30287,,疒,104.0
30288,,疒,104.0
30289,疒,疒,104.0
30290,,疒,104.0
30291,,疒,104.0
30292,,疒,104.0
30293,疒,疒,104.0
30294,,疒,104.0
30295,,疒,104.0
30296,疒,疒,104.0
30297,,疒,104.0
30298,,疒,104.0
30299,仌,疒,104.0
30300,,疒,104.0
30301,,疒,104.0
30302,,疒,104.0
30303,,疒,104.0
30304,,疒,104.0
30305,疒,疒,104.0
30306,虫,虫,104.0
30307,疒,疒,104.0
30308,,疒,104.0
30309,,疒,104.0
30310,,,104.0
30311,,疒,104.0
30312,,疒,104.0
30313,,疒,104.0
30314,,,104.0
30315,,疒,104.0
30316,疒,疒,104.0
30317,疒,疒,104.0
30318,,疒,104.0
30319,,疒,104.0
30320,疒,疒,104.0
30321,,疒,104.0
30322,,疒,104.0
30323,,疒,104.0
30324,,疒,104.0
30325,,疒,104.0
30326,癶,癶,105.0
30327,,,105.0
30328,癸,癶,105.0
30329,癶,癶,105.0
30330,,癶,105.0
30331,癶,癶,105.0
30332,弓,癶,105.0
30333,白,白,106.0
30334,𪞶,白,106.0
30335,,白,106.0
30336,皀,白,106.0
30337,艸,白,106.0
30338,艸,白,106.0
30339,皃,白,106.0
30340,日,白,106.0
30341,白,白,106.0
30342,𪞶,白,106.0
30343,王,白,106.0
30344,,白,106.0
30345,,白,106.0
30346,,白,106.0
30347,夲,白,106.0
30348,,白,106.0
30349,皀,白,106.0
30350,白,白,106.0
30351,,白,106.0
30352,夲,白,106.0
30353,白,白,106.0
30354,,白,106.0
30355,日,白,106.0
30356,,白,106.0
30357,皕,白,106.0
30358,,白,106.0
30359,,白,106.0
30360,,白,106.0
30361,白,白,106.0
30362,白,白,106.0
30363,白,白,106.0
30364,,白,106.0
30365,,白,106.0
30366,日,白,106.0
30367,,白,106.0
30368,,白,106.0
30369,日,白,106.0
30370,白,白,106.0
30371,華,白,106.0
30372,白,白,106.0
30373,日,白,106.0
30374,白,白,106.0
30375,,白,106.0
30376,,白,106.0
30377,,白,106.0
30378,,白,106.0
30379,,白,106.0
30380,白,白,106.0
30381,,白,106.0
30382,皮,皮,107.0
30383,皮,皮,107.0
30384,皮,皮,107.0
30385,,皮,107.0
30386,皮,皮,107.0
30387,,皮,107.0
30388,皮,皮,107.0
30389,,皮,107.0
30390,,皮,107.0
30391,鼓,皮,107.0
30392,皮,皮,107.0
30393,皮,皮,107.0
30394,,皮,107.0
30395,,皮,107.0
30396,,,107.0
30397,,皮,107.0
30398,,皮,107.0
30399,皿,皿,108.0
30400,,皿,108.0
30401,,皿,108.0
30402,皿,皿,108.0
30403,,皿,108.0
30404,皿,皿,108.0
30405,皿,皿,108.0
30406,皿,皿,108.0
30407,血,皿,108.0
30408,皿,皿,108.0
30409,皿,皿,108.0
30410,皿,皿,108.0
30411,皿,皿,108.0
30412,皿,皿,108.0
30413,血,皿,108.0
30414,皿,皿,108.0
30415,玉,皿,108.0
30416,鹽,鹵,108.0
30417,臥,皿,108.0
30418,,皿,108.0
30419,,皿,108.0
30420,,皿,108.0
30421,,皿,108.0
30422,艸,皿,108.0
30423,㳄,皿,108.0
30424,木,木,108.0
30425,,皿,108.0
30426,,皿,108.0
30427,皿,皿,108.0
30428,㳄,皿,108.0
30429,,皿,108.0
30430,玉,皿,108.0
30431,囧,皿,108.0
30432,,皿,108.0
30433,皿,皿,108.0
30434,,皿,108.0
30435,臥,皿,108.0
30436,木,皿,108.0
30437,皿,皿,108.0
30438,皿,皿,108.0
30439,皿,皿,108.0
30440,皿,皿,108.0
30441,㚔,皿,108.0
30442,皿,皿,108.0
30443,,皿,108.0
30444,鹽,皿,108.0
30445,弦,皿,108.0
30446,目,目,109.0
30447,,目,109.0
30448,目,目,109.0
30449,目,目,109.0
30450,目,目,109.0
30451,,目,109.0
30452,𠃊,目,109.0
30453,,目,109.0
30454,,目,109.0
30455,,目,109.0
30456,目,目,109.0
30457,,目,109.0
30458,,目,109.0
30459,目,目,109.0
30460,目,目,109.0
30461,,目,109.0
30462,盾,目,109.0
30463,,目,109.0
30464,明,目,109.0
30465,眉,目,109.0
30466,目,目,109.0
30467,,目,109.0
30468,目,目,109.0
30469,目,目,109.0
30470,,目,109.0
30471,目,目,109.0
30472,目,目,109.0
30473,眉,目,109.0
30474,目,目,109.0
30475,目,目,109.0
30476,𥄉,糸,109.0
30477,,目,109.0
30478,見,目,109.0
30479,,目,109.0
30480,,目,109.0
30481,,目,109.0
30482,,目,109.0
30483,目,目,109.0
30484,目,目,109.0
30485,目,目,109.0
30486,,目,109.0
30487,,目,109.0
30488,心,目,109.0
30489,目,目,109.0
30490,目,目,109.0
30491,目,目,109.0
30492,目,目,109.0
30493,目,目,109.0
30494,𠤎,目,109.0
30495,𠤎,目,109.0
30496,目,目,109.0
30497,見,目,109.0
30498,目,目,109.0
30499,目,目,109.0
30500,,目,109.0
30501,目,目,109.0
30502,目,目,109.0
30503,,目,109.0
30504,目,目,109.0
30505,目,目,109.0
30506,,目,109.0
30507,,目,109.0
30508,,,109.0
30509,目,目,109.0
30510,目,目,109.0
30511,目,目,109.0
30512,,目,109.0
30513,,目,109.0
30514,,目,109.0
30515,,目,109.0
30516,目,目,109.0
30517,目,目,109.0
30518,,目,109.0
30519,目,目,109.0
30520,目,目,109.0
30521,目,目,109.0
30522,目,目,109.0
30523,,目,109.0
30524,目,目,109.0
30525,目,目,109.0
30526,㐺,目,109.0
30527,目,目,109.0
30528,竹,艸,109.0
30529,,目,109.0
30530,眉,目,109.0
30531,,目,109.0
30532,,目,109.0
30533,目,目,109.0
30534,目,目,109.0
30535,目,目,109.0
30536,,目,109.0
30537,目,目,109.0
30538,目,目,109.0
30539,,目,109.0
30540,目,目,109.0
30541,目,目,109.0
30542,目,目,109.0
30543,,囗,109.0
30544,目,目,109.0
30545,目,目,109.0
30546,目,目,109.0
30547,,目,109.0
30548,目,目,109.0
30549,,目,109.0
30550,,目,109.0
30551,目,目,109.0
30552,目,目,109.0
30553,,目,109.0
30554,目,目,109.0
30555,,目,109.0
30556,,目,109.0
30557,,目,109.0
30558,目,目,109.0
30559,,目,109.0
30560,,目,109.0
30561,目,目,109.0
30562,目,目,109.0
30563,目,目,109.0
30564,,目,109.0
30565,,目,109.0
30566,目,目,109.0
30567,,目,109.0
30568,目,目,109.0
30569,目,目,109.0
30570,㚔,目,109.0
30571,目,目,109.0
30572,,目,109.0
30573,,目,109.0
30574,,目,109.0
30575,,目,109.0
30576,,目,109.0
30577,,目,109.0
30578,,目,109.0
30579,,目,109.0
30580,目,目,109.0
30581,,目,109.0
30582,,目,109.0
30583,,目,109.0
30584,,目,109.0
30585,目,目,109.0
30586,,目,109.0
30587,,目,109.0
30588,目,目,109.0
30589,目,目,109.0
30590,㚔,目,109.0
30591,𣦼,目,109.0
30592,目,目,109.0
30593,,目,109.0
30594,盾,目,109.0
30595,,目,109.0
30596,,,109.0
30597,,,109.0
30598,,目,109.0
30599,,目,109.0
30600,,目,109.0
30601,,目,109.0
30602,,目,109.0
30603,目,目,109.0
30604,,目,109.0
30605,目,目,109.0
30606,,目,109.0
30607,目,目,109.0
30608,,目,109.0
30609,目,目,109.0
30610,目,目,109.0
30611,,,109.0
30612,,目,109.0
30613,,目,109.0
30614,,目,109.0
30615,目,目,109.0
30616,,目,109.0
30617,,目,109.0
30618,目,目,109.0
30619,,目,109.0
30620,,目,109.0
30621,,目,109.0
30622,目,目,109.0
30623,目,目,109.0
30624,,目,109.0
30625,,目,109.0
30626,𥄕,目,109.0
30627,,,109.0
30628,目,目,109.0
30629,目,目,109.0
30630,目,目,109.0
30631,,目,109.0
30632,,目,109.0
30633,,目,109.0
30634,目,目,109.0
30635,目,目,109.0
30636,目,目,109.0
30637,,目,109.0
30638,,目,109.0
30639,目,目,109.0
30640,,目,109.0
30641,,目,109.0
30642,,目,109.0
30643,,目,109.0
30644,目,目,109.0
30645,目,目,109.0
30646,,目,109.0
30647,目,目,109.0
30648,,目,109.0
30649,,目,109.0
30650,,目,109.0
30651,目,目,109.0
30652,目,目,109.0
30653,目,目,109.0
30654,,目,109.0
30655,瞿,目,109.0
30656,,目,109.0
30657,,,109.0
30658,,,109.0
30659,,目,109.0
30660,,目,109.0
30661,,目,109.0
30662,目,目,109.0
30663,目,目,109.0
30664,,目,109.0
30665,目,目,109.0
30666,,目,109.0
30667,,,109.0
30668,,目,109.0
30669,瞿,目,109.0
30670,,目,109.0
30671,目,目,109.0
30672,,目,109.0
30673,,目,109.0
30674,,目,109.0
30675,,,109.0
30676,目,目,109.0
30677,目,目,109.0
30678,,目,109.0
30679,,目,109.0
30680,目,目,109.0
30681,,目,109.0
30682,,目,109.0
30683,矛,矛,110.0
30684,矛,矛,110.0
30685,矛,矛,110.0
30686,㕯,矛,110.0
30687,,矛,110.0
30688,矛,矛,110.0
30689,,矛,110.0
30690,矢,矢,111.0
30691,矢,矢,111.0
30692,矢,矢,111.0
30693,矢,矢,111.0
30694,矢,矢,111.0
30695,矢,矢,111.0
30696,,矢,111.0
30697,工,矢,111.0
30698,,矢,111.0
30699,矢,矢,111.0
30700,,矢,111.0
30701,矢,矢,111.0
30702,矢,矢,111.0
30703,矢,矢,111.0
30704,矢,矢,111.0
30705,,矢,111.0
30706,,矢,111.0
30707,石,石,112.0
30708,,石,112.0
30709,,石,112.0
30710,石,石,112.0
30711,,石,112.0
30712,,石,112.0
30713,,石,112.0
30714,,石,112.0
30715,,石,112.0
30716,,石,112.0
30717,,石,112.0
30718,,石,112.0
30719,石,石,112.0
30720,石,石,112.0
30721,,石,112.0
30722,,石,112.0
30723,,石,112.0
30724,,石,112.0
30725,水,石,112.0
30726,,石,112.0
30727,,石,112.0
30728,,石,112.0
30729,,石,112.0
30730,,石,112.0
30731,,石,112.0
30732,石,石,112.0
30733,,石,112.0
30734,,石,112.0
30735,,石,112.0
30736,,石,112.0
30737,,石,112.0
30738,,石,112.0
30739,,石,112.0
30740,石,石,112.0
30741,石,石,112.0
30742,,石,112.0
30743,,石,112.0
30744,,,112.0
30745,,,112.0
30746,石,石,112.0
30747,,,112.0
30748,,,112.0
30749,,石,112.0
30750,,石,112.0
30751,,石,112.0
30752,,石,112.0
30753,,石,112.0
30754,石,石,112.0
30755,,石,112.0
30756,,石,112.0
30757,厂,石,112.0
30758,,石,112.0
30759,石,石,112.0
30760,,石,112.0
30761,,石,112.0
30762,,石,112.0
30763,,石,112.0
30764,,石,112.0
30765,石,石,112.0
30766,石,石,112.0
30767,,石,112.0
30768,,石,112.0
30769,,石,112.0
30770,,石,112.0
30771,,石,112.0
30772,石,石,112.0
30773,,石,112.0
30774,,石,112.0
30775,,,112.0
30776,,手,112.0
30777,,,112.0
30778,石,石,112.0
30779,石,石,112.0
30780,,,112.0
30781,,,112.0
30782,石,石,112.0
30783,,石,112.0
30784,石,石,112.0
30785,,石,112.0
30786,,石,112.0
30787,,石,112.0
30788,,石,112.0
30789,,石,112.0
30790,,石,112.0
30791,,石,112.0
30792,石,石,112.0
30793,,石,112.0
30794,,石,112.0
30795,,石,112.0
30796,,石,112.0
30797,石,石,112.0
30798,,石,112.0
30799,石,石,112.0
30800,,石,112.0
30801,,石,112.0
30802,,,112.0
30803,,,112.0
30804,,谷,112.0
30805,頁,石,112.0
30806,,石,112.0
30807,石,石,112.0
30808,,,112.0
30809,石,石,112.0
30810,,,112.0
30811,,,112.0
30812,石,石,112.0
30813,,石,112.0
30814,石,石,112.0
30815,石,石,112.0
30816,石,石,112.0
30817,,石,112.0
30818,,石,112.0
30819,,石,112.0
30820,,石,112.0
30821,,石,112.0
30822,,石,112.0
30823,,石,112.0
30824,,石,112.0
30825,石,石,112.0
30826,石,石,112.0
30827,,石,112.0
30828,,石,112.0
30829,,石,112.0
30830,石,石,112.0
30831,石,石,112.0
30832,,石,112.0
30833,,石,112.0
30834,,山,112.0
30835,,,112.0
30836,,,112.0
30837,,石,112.0
30838,,石,112.0
30839,鹽,鹵,112.0
30840,,石,112.0
30841,,石,112.0
30842,,石,112.0
30843,石,石,112.0
30844,,石,112.0
30845,,石,112.0
30846,石,石,112.0
30847,,石,112.0
30848,,石,112.0
30849,木,石,112.0
30850,,石,112.0
30851,,石,112.0
30852,,石,112.0
30853,,石,112.0
30854,,石,112.0
30855,,石,112.0
30856,,石,112.0
30857,,石,112.0
30858,,石,112.0
30859,,石,112.0
30860,石,石,112.0
30861,石,石,112.0
30862,石,石,112.0
30863,石,石,112.0
30864,,石,112.0
30865,石,石,112.0
30866,,石,112.0
30867,石,石,112.0
30868,,石,112.0
30869,,石,112.0
30870,,石,112.0
30871,皿,土,112.0
30872,,,112.0
30873,,石,112.0
30874,,,112.0
30875,石,石,112.0
30876,,石,112.0
30877,石,石,112.0
30878,石,石,112.0
30879,,石,112.0
30880,,石,112.0
30881,,石,112.0
30882,,石,112.0
30883,石,石,112.0
30884,,石,112.0
30885,,石,112.0
30886,,石,112.0
30887,玉,石,112.0
30888,,石,112.0
30889,頁,石,112.0
30890,,石,112.0
30891,石,石,112.0
30892,石,石,112.0
30893,石,石,112.0
30894,,石,112.0
30895,,石,112.0
30896,,髟,112.0
30897,,鹵,112.0
30898,,,112.0
30899,,,112.0
30900,,,112.0
30901,,,112.0
30902,,,112.0
30903,,,112.0
30904,,,112.0
30905,,,112.0
30906,石,石,112.0
30907,石,石,112.0
30908,,石,112.0
30909,,石,112.0
30910,,石,112.0
30911,,石,112.0
30912,,石,112.0
30913,瓦,石,112.0
30914,,石,112.0
30915,,石,112.0
30916,,石,112.0
30917,,石,112.0
30918,,石,112.0
30919,,石,112.0
30920,,石,112.0
30921,,石,112.0
30922,石,石,112.0
30923,,石,112.0
30924,,石,112.0
30925,,石,112.0
30926,,石,112.0
30927,石,石,112.0
30928,,石,112.0
30929,石,石,112.0
30930,石,石,112.0
30931,,石,112.0
30932,桀,石,112.0
30933,石,石,112.0
30934,,石,112.0
30935,,,112.0
30936,,,112.0
30937,,,112.0
30938,,石,112.0
30939,石,石,112.0
30940,,石,112.0
30941,,石,112.0
30942,,石,112.0
30943,,石,112.0
30944,,石,112.0
30945,,石,112.0
30946,,石,112.0
30947,,石,112.0
30948,,石,112.0
30949,,石,112.0
30950,,石,112.0
30951,石,石,112.0
30952,石,石,112.0
30953,,石,112.0
30954,,石,112.0
30955,,石,112.0
30956,石,石,112.0
30957,,石,112.0
30958,,,112.0
30959,石,石,112.0
30960,,石,112.0
30961,,石,112.0
30962,,石,112.0
30963,,石,112.0
30964,,石,112.0
30965,,石,112.0
30966,,石,112.0
30967,炎,石,112.0
30968,,石,112.0
30969,,石,112.0
30970,石,石,112.0
30971,石,石,112.0
30972,,石,112.0
30973,石,石,112.0
30974,,石,112.0
30975,石,石,112.0
30976,,,112.0
30977,,山,112.0
30978,,,112.0
30979,,,112.0
30980,,,112.0
30981,,石,112.0
30982,,石,112.0
30983,,石,112.0
30984,石,石,112.0
30985,,石,112.0
30986,石,石,112.0
30987,,石,112.0
30988,,石,112.0
30989,,石,112.0
30990,石,石,112.0
30991,,石,112.0
30992,石,石,112.0
30993,,石,112.0
30994,,石,112.0
30995,,石,112.0
30996,,石,112.0
30997,,石,112.0
30998,石,,112.0
30999,,石,112.0
31000,,石,112.0
31001,石,石,112.0
31002,,石,112.0
31003,,石,112.0
31004,石,石,112.0
31005,,石,112.0
31006,,石,112.0
31007,,石,112.0
31008,,石,112.0
31009,,,112.0
31010,,,112.0
31011,,石,112.0
31012,,石,112.0
31013,,石,112.0
31014,石,石,112.0
31015,,石,112.0
31016,,石,112.0
31017,石,石,112.0
31018,石,石,112.0
31019,石,石,112.0
31020,,石,112.0
31021,,石,112.0
31022,,石,112.0
31023,,石,112.0
31024,,石,112.0
31025,石,石,112.0
31026,石,,112.0
31027,,,112.0
31028,,石,112.0
31029,,,112.0
31030,,缶,112.0
31031,,,112.0
31032,,石,112.0
31033,石,石,112.0
31034,示,示,113.0
31035,,示,113.0
31036,示,示,113.0
31037,,示,113.0
31038,示,示,113.0
31039,示,示,113.0
31040,示,示,113.0
31041,邑,示,113.0
31042,,,113.0
31043,示,示,113.0
31044,,示,113.0
31045,示,示,113.0
31046,示,示,113.0
31047,示,示,113.0
31048,示,示,113.0
31049,示,示,113.0
31050,示,示,113.0
31051,殳,示,113.0
31052,,示,113.0
31053,,,113.0
31054,,示,113.0
31055,示,示,113.0
31056,示,示,113.0
31057,,示,113.0
31058,,示,113.0
31059,示,示,113.0
31060,示,示,113.0
31061,示,示,113.0
31062,示,示,113.0
31063,示,示,113.0
31064,示,示,113.0
31065,,,113.0
31066,示,示,113.0
31067,衣,示,113.0
31068,示,示,113.0
31069,示,示,113.0
31070,示,示,113.0
31071,示,示,113.0
31072,示,示,113.0
31073,示,示,113.0
31074,示,示,113.0
31075,,示,113.0
31076,,示,113.0
31077,示,示,113.0
31078,,示,113.0
31079,示,示,113.0
31080,火,示,113.0
31081,,示,113.0
31082,示,示,113.0
31083,示,示,113.0
31084,,示,113.0
31085,示,示,113.0
31086,,示,113.0
31087,示,示,113.0
31088,示,示,113.0
31089,,示,113.0
31090,示,示,113.0
31091,示,示,113.0
31092,示,示,113.0
31093,,示,113.0
31094,,示,113.0
31095,示,示,113.0
31096,示,示,113.0
31097,,示,113.0
31098,示,示,113.0
31099,,示,113.0
31100,示,示,113.0
31101,,示,113.0
31102,,示,113.0
31103,示,示,113.0
31104,㐭,示,113.0
31105,示,示,113.0
31106,示,示,113.0
31107,,示,113.0
31108,示,示,113.0
31109,示,示,113.0
31110,,衣,113.0
31111,,示,113.0
31112,,示,113.0
31113,,示,113.0
31114,,示,113.0
31115,示,示,113.0
31116,,示,113.0
31117,示,示,113.0
31118,示,示,113.0
31119,示,示,113.0
31120,,示,113.0
31121,,示,113.0
31122,,示,113.0
31123,示,示,113.0
31124,示,示,113.0
31125,,示,113.0
31126,示,示,113.0
31127,,示,113.0
31128,示,示,113.0
31129,,,113.0
31130,,示,113.0
31131,示,示,113.0
31132,示,示,113.0
31133,,示,113.0
31134,,示,113.0
31135,,示,113.0
31136,示,示,113.0
31137,示,示,113.0
31138,,,113.0
31139,,,113.0
31140,,示,113.0
31141,示,示,113.0
31142,示,示,113.0
31143,示,示,113.0
31144,,示,113.0
31145,示,示,113.0
31146,示,示,113.0
31147,示,示,113.0
31148,示,示,113.0
31149,,示,113.0
31150,示,示,113.0
31151,,示,113.0
31152,示,示,113.0
31153,示,示,113.0
31154,,示,113.0
31155,示,示,113.0
31156,,示,113.0
31157,,示,113.0
31158,,示,113.0
31159,示,示,113.0
31160,禸,禸,114.0
31161,禸,禸,114.0
31162,甶,禸,114.0
31163,禸,禸,114.0
31164,禸,禸,114.0
31165,禸,禸,114.0
31166,禾,禾,115.0
31167,禿,禾,115.0
31168,禾,禾,115.0
31169,禾,禾,115.0
31170,禾,禾,115.0
31171,禿,禾,115.0
31172,禾,禾,115.0
31173,禾,禾,115.0
31174,禾,禾,115.0
31175,,禾,115.0
31176,,禾,115.0
31177,又,禾,115.0
31178,禾,禾,115.0
31179,禾,禾,115.0
31180,禾,禾,115.0
31181,禾,禾,115.0
31182,,禾,115.0
31183,禾,禾,115.0
31184,,禾,115.0
31185,禾,禾,115.0
31186,禾,禾,115.0
31187,,禾,115.0
31188,禾,禾,115.0
31189,禾,禾,115.0
31190,,禾,115.0
31191,,禾,115.0
31192,示,禾,115.0
31193,,禾,115.0
31194,,禾,115.0
31195,,禾,115.0
31196,禾,禾,115.0
31197,秝,禾,115.0
31198,,禾,115.0
31199,禾,禾,115.0
31200,禾,禾,115.0
31201,,禾,115.0
31202,,禾,115.0
31203,食,禾,115.0
31204,禾,禾,115.0
31205,,禾,115.0
31206,禾,禾,115.0
31207,禾,禾,115.0
31208,禾,禾,115.0
31209,禾,禾,115.0
31210,,禾,115.0
31211,禾,禾,115.0
31212,鬯,禾,115.0
31213,禾,禾,115.0
31214,,禾,115.0
31215,禾,禾,115.0
31216,禾,禾,115.0
31217,,禾,115.0
31218,,禾,115.0
31219,禾,禾,115.0
31220,,禾,115.0
31221,,禾,115.0
31222,禾,禾,115.0
31223,,禾,115.0
31224,禾,禾,115.0
31225,,禾,115.0
31226,,禾,115.0
31227,禾,禾,115.0
31228,,禾,115.0
31229,艸,禾,115.0
31230,,禾,115.0
31231,,禾,115.0
31232,禾,禾,115.0
31233,,禾,115.0
31234,艸,禾,115.0
31235,禾,禾,115.0
31236,,禾,115.0
31237,禾,禾,115.0
31238,,禾,115.0
31239,,禾,115.0
31240,禾,禾,115.0
31241,禾,禾,115.0
31242,艸,禾,115.0
31243,禾,禾,115.0
31244,禾,禾,115.0
31245,禾,禾,115.0
31246,禾,禾,115.0
31247,,禾,115.0
31248,,禾,115.0
31249,禾,禾,115.0
31250,,禾,115.0
31251,,禾,115.0
31252,禾,禾,115.0
31253,禾,禾,115.0
31254,,禾,115.0
31255,禾,禾,115.0
31256,禾,禾,115.0
31257,禾,禾,115.0
31258,禾,禾,115.0
31259,禾,禾,115.0
31260,,禾,115.0
31261,,禾,115.0
31262,禾,禾,115.0
31263,㐭,禾,115.0
31264,禾,禾,115.0
31265,,禾,115.0
31266,,禾,115.0
31267,禾,禾,115.0
31268,,,115.0
31269,,,115.0
31270,,禾,115.0
31271,,禾,115.0
31272,,禾,115.0
31273,,禾,115.0
31274,,禾,115.0
31275,,禾,115.0
31276,禾,禾,115.0
31277,禾,禾,115.0
31278,禾,禾,115.0
31279,禾,禾,115.0
31280,,禾,115.0
31281,禾,禾,115.0
31282,,禾,115.0
31283,禾,禾,115.0
31284,禾,禾,115.0
31285,,禾,115.0
31286,,禾,115.0
31287,禾,禾,115.0
31288,,禾,115.0
31289,禾,禾,115.0
31290,禾,禾,115.0
31291,禾,禾,115.0
31292,禾,禾,115.0
31293,稽,禾,115.0
31294,禾,禾,115.0
31295,禾,禾,115.0
31296,禾,禾,115.0
31297,,禾,115.0
31298,,禾,115.0
31299,,木,115.0
31300,禾,禾,115.0
31301,禾,禾,115.0
31302,禾,禾,115.0
31303,,禾,115.0
31304,,禾,115.0
31305,禾,禾,115.0
31306,禾,禾,115.0
31307,禾,禾,115.0
31308,禾,禾,115.0
31309,禾,禾,115.0
31310,禾,禾,115.0
31311,,禾,115.0
31312,禾,,115.0
31313,禾,禾,115.0
31314,,,115.0
31315,,禾,115.0
31316,,禾,115.0
31317,,禾,115.0
31318,禾,禾,115.0
31319,禾,禾,115.0
31320,,禾,115.0
31321,,禾,115.0
31322,,禾,115.0
31323,米,禾,115.0
31324,禾,禾,115.0
31325,,,115.0
31326,,禾,115.0
31327,禾,禾,115.0
31328,,禾,115.0
31329,禾,禾,115.0
31330,艸,禾,115.0
31331,,禾,115.0
31332,,禾,115.0
31333,,禾,115.0
31334,,禾,115.0
31335,禾,禾,115.0
31336,禿,禾,115.0
31337,禾,禾,115.0
31338,,禾,115.0
31339,禾,禾,115.0
31340,禾,禾,115.0
31341,,禾,115.0
31342,禾,禾,115.0
31343,,禾,115.0
31344,禾,禾,115.0
31345,,禾,115.0
31346,,禾,115.0
31347,,禾,115.0
31348,穴,穴,116.0
31349,穴,穴,116.0
31350,穴,穴,116.0
31351,穴,穴,116.0
31352,穴,穴,116.0
31353,穴,穴,116.0
31354,穴,穴,116.0
31355,,穴,116.0
31356,穴,穴,116.0
31357,井,穴,116.0
31358,,穴,116.0
31359,穴,穴,116.0
31360,穴,穴,116.0
31361,穴,穴,116.0
31362,,穴,116.0
31363,米,穴,116.0
31364,竹,穴,116.0
31365,目,穴,116.0
31366,穴,穴,116.0
31367,,穴,116.0
31368,穴,穴,116.0
31369,,穴,116.0
31370,穴,穴,116.0
31371,穴,穴,116.0
31372,穴,穴,116.0
31373,穴,穴,116.0
31374,穴,穴,116.0
31375,,穴,116.0
31376,穴,穴,116.0
31377,穴,穴,116.0
31378,穴,穴,116.0
31379,,穴,116.0
31380,穴,穴,116.0
31381,穴,穴,116.0
31382,穴,穴,116.0
31383,囪,穴,116.0
31384,穴,穴,116.0
31385,,穴,116.0
31386,,穴,116.0
31387,,穴,116.0
31388,穴,穴,116.0
31389,,穴,116.0
31390,穴,穴,116.0
31391,土,穴,116.0
31392,穴,穴,116.0
31393,穴,穴,116.0
31394,,穴,116.0
31395,穴,穴,116.0
31396,,穴,116.0
31397,穴,穴,116.0
31398,穴,穴,116.0
31399,,,116.0
31400,穴,穴,116.0
31401,,穴,116.0
31402,穴,穴,116.0
31403,,穴,116.0
31404,穴,穴,116.0
31405,,穴,116.0
31406,穴,穴,116.0
31407,穴,穴,116.0
31408,穴,穴,116.0
31409,穴,穴,116.0
31410,,穴,116.0
31411,穴,穴,116.0
31412,穴,穴,116.0
31413,穴,穴,116.0
31414,,穴,116.0
31415,,穴,116.0
31416,,穴,116.0
31417,,穴,116.0
31418,穴,穴,116.0
31419,穴,穴,116.0
31420,,穴,116.0
31421,,穴,116.0
31422,,穴,116.0
31423,,穴,116.0
31424,穴,穴,116.0
31425,穴,穴,116.0
31426,穴,穴,116.0
31427,,穴,116.0
31428,穴,穴,116.0
31429,穴,穴,116.0
31430,穴,穴,116.0
31431,穴,穴,116.0
31432,穴,穴,116.0
31433,,穴,116.0
31434,米,穴,116.0
31435,立,立,117.0
31436,,立,117.0
31437,,,117.0
31438,,立,117.0
31439,,,117.0
31440,,立,117.0
31441,,立,117.0
31442,可,大,117.0
31443,,,117.0
31444,,,117.0
31445,,,117.0
31446,臤,立,117.0
31447,,女,117.0
31448,立,立,117.0
31449,,立,117.0
31450,宁,立,117.0
31451,,立,117.0
31452,,立,117.0
31453,並,立,117.0
31454,誩,立,117.0
31455,音,立,180.0
31456,音,立,180.0
31457,,,117.0
31458,立,立,117.0
31459,立,立,117.0
31460,,立,117.0
31461,䇂,立,117.0
31462,立,立,117.0
31463,,立,117.0
31464,,立,117.0
31465,,立,117.0
31466,,立,117.0
31467,立,立,117.0
31468,,立,117.0
31469,立,立,117.0
31470,,立,117.0
31471,立,立,117.0
31472,,,117.0
31473,立,立,117.0
31474,立,立,117.0
31475,,立,117.0
31476,,立,117.0
31477,立,立,117.0
31478,誩,立,117.0
31479,夊,立,117.0
31480,,立,117.0
31481,竹,竹,118.0
31482,二,竹,118.0
31483,,竹,118.0
31484,,竹,118.0
31485,竹,竹,118.0
31486,,竹,118.0
31487,竹,竹,118.0
31488,,竹,118.0
31489,,竹,118.0
31490,,,118.0
31491,馬,竹,118.0
31492,竹,竹,118.0
31493,,竹,118.0
31494,,竹,118.0
31495,,竹,118.0
31496,,竹,118.0
31497,,竹,118.0
31498,,竹,118.0
31499,竹,竹,118.0
31500,,竹,118.0
31501,竹,竹,118.0
31502,,竹,118.0
31503,竹,竹,118.0
31504,竹,竹,118.0
31505,竹,竹,118.0
31506,,竹,118.0
31507,,竹,118.0
31508,聿,竹,118.0
31509,,竹,118.0
31510,,竹,118.0
31511,,竹,118.0
31512,竹,竹,118.0
31513,竹,竹,118.0
31514,,竹,118.0
31515,竹,竹,118.0
31516,,竹,118.0
31517,,竹,118.0
31518,竹,竹,118.0
31519,,竹,118.0
31520,竹,竹,118.0
31521,,竹,118.0
31522,竹,竹,118.0
31523,,竹,118.0
31524,,竹,118.0
31525,竹,竹,118.0
31526,竹,竹,118.0
31527,冊,竹,118.0
31528,竹,竹,118.0
31529,,竹,118.0
31530,竹,竹,118.0
31531,竹,竹,118.0
31532,竹,竹,118.0
31533,竹,竹,118.0
31534,竹,竹,118.0
31535,竹,竹,118.0
31536,,竹,118.0
31537,句,竹,118.0
31538,,竹,118.0
31539,,竹,118.0
31540,,竹,118.0
31541,竹,竹,118.0
31542,,竹,118.0
31543,,竹,118.0
31544,,竹,118.0
31545,,,118.0
31546,竹,竹,118.0
31547,,竹,118.0
31548,竹,竹,118.0
31549,,,118.0
31550,竹,竹,118.0
31551,竹,竹,118.0
31552,,竹,118.0
31553,,竹,118.0
31554,,竹,118.0
31555,,竹,118.0
31556,,竹,118.0
31557,,竹,118.0
31558,聿,竹,118.0
31559,,竹,118.0
31560,,竹,118.0
31561,竹,竹,118.0
31562,竹,竹,118.0
31563,筋,竹,118.0
31564,艸,竹,118.0
31565,竹,竹,118.0
31566,,竹,118.0
31567,木,竹,118.0
31568,匚,竹,118.0
31569,竹,竹,118.0
31570,竹,竹,118.0
31571,竹,竹,118.0
31572,艸,竹,118.0
31573,,竹,118.0
31574,竹,竹,118.0
31575,,竹,118.0
31576,,竹,118.0
31577,,,118.0
31578,竹,竹,118.0
31579,,竹,118.0
31580,,竹,118.0
31581,竹,竹,118.0
31582,竹,竹,118.0
31583,竹,竹,118.0
31584,竹,竹,118.0
31585,竹,竹,118.0
31586,,竹,118.0
31587,,竹,118.0
31588,竹,竹,118.0
31589,竹,竹,118.0
31590,竹,竹,118.0
31591,,竹,118.0
31592,,竹,118.0
31593,竹,竹,118.0
31594,,竹,118.0
31595,,竹,118.0
31596,,竹,118.0
31597,竹,竹,118.0
31598,竹,竹,118.0
31599,,竹,118.0
31600,竹,竹,118.0
31601,竹,竹,118.0
31602,,竹,118.0
31603,竹,竹,118.0
31604,,竹,118.0
31605,竹,竹,118.0
31606,,竹,118.0
31607,,心,118.0
31608,,,118.0
31609,竹,竹,118.0
31610,,,118.0
31611,,,118.0
31612,,竹,118.0
31613,,,118.0
31614,竹,竹,118.0
31615,,竹,118.0
31616,竹,竹,118.0
31617,竹,竹,118.0
31618,,竹,118.0
31619,,竹,118.0
31620,竹,竹,118.0
31621,竹,竹,118.0
31622,,竹,118.0
31623,竹,竹,118.0
31624,,竹,118.0
31625,,竹,118.0
31626,,竹,118.0
31627,竹,竹,118.0
31628,,竹,118.0
31629,,竹,118.0
31630,龠,竹,118.0
31631,竹,竹,118.0
31632,,竹,118.0
31633,竹,竹,118.0
31634,,竹,118.0
31635,竹,竹,118.0
31636,艸,竹,118.0
31637,箕,竹,118.0
31638,,竹,118.0
31639,竹,竹,118.0
31640,竹,竹,118.0
31641,竹,竹,118.0
31642,,竹,118.0
31643,竹,竹,118.0
31644,,竹,118.0
31645,竹,竹,118.0
31646,,竹,118.0
31647,,竹,118.0
31648,竹,竹,118.0
31649,竹,竹,118.0
31650,,竹,118.0
31651,,竹,118.0
31652,,竹,118.0
31653,,竹,118.0
31654,竹,竹,118.0
31655,匚,竹,118.0
31656,,竹,118.0
31657,,竹,118.0
31658,竹,竹,118.0
31659,竹,竹,118.0
31660,竹,竹,118.0
31661,竹,竹,118.0
31662,,竹,118.0
31663,竹,竹,118.0
31664,,竹,118.0
31665,竹,竹,118.0
31666,,竹,118.0
31667,,竹,118.0
31668,竹,竹,118.0
31669,,竹,118.0
31670,,竹,118.0
31671,,竹,118.0
31672,竹,竹,118.0
31673,竹,竹,118.0
31674,,竹,118.0
31675,,竹,118.0
31676,,竹,118.0
31677,,竹,118.0
31678,竹,竹,118.0
31679,,竹,118.0
31680,竹,竹,118.0
31681,竹,竹,118.0
31682,,竹,118.0
31683,,竹,118.0
31684,車,竹,118.0
31685,竹,竹,118.0
31686,竹,竹,118.0
31687,竹,竹,118.0
31688,,竹,118.0
31689,木,竹,118.0
31690,,竹,118.0
31691,匚,竹,118.0
31692,,竹,118.0
31693,竹,竹,118.0
31694,竹,竹,118.0
31695,,山,118.0
31696,,,118.0
31697,,竹,118.0
31698,,,118.0
31699,竹,竹,118.0
31700,,竹,118.0
31701,,竹,118.0
31702,,竹,118.0
31703,竹,竹,118.0
31704,,竹,118.0
31705,竹,竹,118.0
31706,竹,竹,118.0
31707,,竹,118.0
31708,,竹,118.0
31709,竹,竹,118.0
31710,,竹,118.0
31711,,竹,118.0
31712,竹,竹,118.0
31713,厶,竹,118.0
31714,,竹,118.0
31715,,竹,118.0
31716,馬,竹,118.0
31717,,竹,118.0
31718,竹,竹,118.0
31719,竹,竹,118.0
31720,竹,竹,118.0
31721,,竹,118.0
31722,龠,竹,118.0
31723,,竹,118.0
31724,,竹,118.0
31725,,竹,118.0
31726,竹,竹,118.0
31727,,竹,118.0
31728,竹,竹,118.0
31729,,竹,118.0
31730,又,竹,118.0
31731,竹,竹,118.0
31732,,竹,118.0
31733,,竹,118.0
31734,,竹,118.0
31735,,竹,118.0
31736,竹,竹,118.0
31737,,竹,118.0
31738,,竹,118.0
31739,,竹,118.0
31740,竹,竹,118.0
31741,竹,竹,118.0
31742,,竹,118.0
31743,竹,竹,118.0
31744,竹,竹,118.0
31745,竹,竹,118.0
31746,,竹,118.0
31747,竹,竹,118.0
31748,,竹,118.0
31749,,竹,118.0
31750,,竹,118.0
31751,,竹,118.0
31752,,竹,118.0
31753,,竹,118.0
31754,,竹,118.0
31755,竹,竹,118.0
31756,,竹,118.0
31757,竹,竹,118.0
31758,手,竹,118.0
31759,竹,竹,118.0
31760,,竹,118.0
31761,,竹,118.0
31762,,竹,118.0
31763,,,118.0
31764,,竹,118.0
31765,,,118.0
31766,,,118.0
31767,,,118.0
31768,,竹,118.0
31769,竹,竹,118.0
31770,,竹,118.0
31771,,竹,118.0
31772,竹,竹,118.0
31773,竹,竹,118.0
31774,竹,竹,118.0
31775,竹,竹,118.0
31776,竹,竹,118.0
31777,竹,竹,118.0
31778,,竹,118.0
31779,,竹,118.0
31780,,竹,118.0
31781,,竹,118.0
31782,竹,竹,118.0
31783,竹,竹,118.0
31784,,竹,118.0
31785,,竹,118.0
31786,兂,竹,118.0
31787,竹,竹,118.0
31788,竹,竹,118.0
31789,口,竹,118.0
31790,兂,竹,118.0
31791,,,118.0
31792,,竹,118.0
31793,,,118.0
31794,,,118.0
31795,,竹,118.0
31796,,竹,118.0
31797,竹,竹,118.0
31798,,竹,118.0
31799,木,竹,118.0
31800,箕,竹,118.0
31801,,竹,118.0
31802,竹,竹,118.0
31803,竹,竹,118.0
31804,,竹,118.0
31805,,竹,118.0
31806,竹,竹,118.0
31807,,竹,118.0
31808,竹,竹,118.0
31809,竹,竹,118.0
31810,,,118.0
31811,竹,竹,118.0
31812,,竹,118.0
31813,,竹,118.0
31814,竹,竹,118.0
31815,,竹,118.0
31816,,竹,118.0
31817,,竹,118.0
31818,,竹,118.0
31819,竹,竹,118.0
31820,竹,竹,118.0
31821,竹,竹,118.0
31822,,,118.0
31823,,,118.0
31824,,竹,118.0
31825,食,食,118.0
31826,竹,竹,118.0
31827,竹,竹,118.0
31828,竹,竹,118.0
31829,,竹,118.0
31830,,竹,118.0
31831,竹,竹,118.0
31832,,竹,118.0
31833,,竹,118.0
31834,竹,竹,118.0
31835,,竹,118.0
31836,,竹,118.0
31837,,竹,118.0
31838,,竹,118.0
31839,竹,竹,118.0
31840,竹,竹,118.0
31841,,,118.0
31842,竹,竹,118.0
31843,竹,竹,118.0
31844,竹,竹,118.0
31845,竹,竹,118.0
31846,,竹,118.0
31847,竹,竹,118.0
31848,,,118.0
31849,竹,竹,118.0
31850,,斤,118.0
31851,竹,竹,118.0
31852,,竹,118.0
31853,竹,竹,118.0
31854,,竹,118.0
31855,竹,竹,118.0
31856,竹,竹,118.0
31857,竹,竹,118.0
31858,頁,竹,118.0
31859,米,米,119.0
31860,入,米,119.0
31861,,米,119.0
31862,,米,119.0
31863,,米,119.0
31864,,米,119.0
31865,米,米,119.0
31866,,米,119.0
31867,犬,米,119.0
31868,,米,119.0
31869,,米,119.0
31870,,米,119.0
31871,,,119.0
31872,,,119.0
31873,,,119.0
31874,,齊,119.0
31875,禾,米,119.0
31876,,米,119.0
31877,,米,119.0
31878,,米,119.0
31879,,米,119.0
31880,米,米,119.0
31881,米,米,119.0
31882,米,米,119.0
31883,米,米,119.0
31884,,,119.0
31885,,,119.0
31886,,,119.0
31887,,,119.0
31888,,,119.0
31889,,,119.0
31890,米,米,119.0
31891,,米,119.0
31892,米,米,119.0
31893,米,米,119.0
31894,䰜,米,119.0
31895,米,米,119.0
31896,黍,米,119.0
31897,,米,119.0
31898,,米,119.0
31899,,米,119.0
31900,出,米,119.0
31901,,米,119.0
31902,,米,119.0
31903,𠧪,米,119.0
31904,,米,119.0
31905,,米,119.0
31906,食,米,119.0
31907,,米,119.0
31908,亏,米,119.0
31909,䰜,米,119.0
31910,炎,米,119.0
31911,,米,119.0
31912,,,119.0
31913,,,119.0
31914,𠦒,米,119.0
31915,,,119.0
31916,,,119.0
31917,,,119.0
31918,米,米,119.0
31919,,米,119.0
31920,,米,119.0
31921,米,米,119.0
31922,米,米,119.0
31923,禾,米,119.0
31924,,,119.0
31925,亏,米,119.0
31926,,米,119.0
31927,,米,119.0
31928,,米,119.0
31929,米,米,119.0
31930,米,米,119.0
31931,米,米,119.0
31932,巜,米,119.0
31933,米,米,119.0
31934,米,米,119.0
31935,禾,米,119.0
31936,,,119.0
31937,米,米,119.0
31938,米,米,119.0
31939,,米,119.0
31940,,米,119.0
31941,米,米,119.0
31942,,米,119.0
31943,食,米,119.0
31944,米,米,119.0
31945,米,米,119.0
31946,食,米,119.0
31947,,米,119.0
31948,,,119.0
31949,食,,119.0
31950,,,119.0
31951,,米,119.0
31952,,米,119.0
31953,,米,119.0
31954,米,米,119.0
31955,,米,119.0
31956,,米,119.0
31957,禾,米,119.0
31958,米,米,119.0
31959,米,米,119.0
31960,,,119.0
31961,,米,119.0
31962,,米,119.0
31963,,米,119.0
31964,米,米,119.0
31965,米,米,119.0
31966,𠦒,米,119.0
31967,米,米,119.0
31968,禾,米,119.0
31969,,米,119.0
31970,,,119.0
31971,米,米,119.0
31972,,米,119.0
31973,,米,119.0
31974,食,米,119.0
31975,米,米,119.0
31976,,米,119.0
31977,,米,119.0
31978,米,米,119.0
31979,,米,119.0
31980,,,119.0
31981,米,米,119.0
31982,,米,119.0
31983,,米,119.0
31984,,米,119.0
31985,米,米,119.0
31986,,米,119.0
31987,毇,,119.0
31988,入,米,119.0
31989,米,米,119.0
31990,出,米,119.0
31991,,米,119.0
31992,糸,糸,120.0
31993,,糸,120.0
31994,,糸,120.0
31995,系,糸,120.0
31996,,糸,120.0
31997,,糸,120.0
31998,丩,糸,120.0
31999,,糸,120.0
32000,糸,糸,120.0
32001,,糸,120.0
32002,糸,糸,120.0
32003,糸,糸,120.0
32004,糸,糸,120.0
32005,糸,糸,120.0
32006,糸,糸,120.0
32007,糸,糸,120.0
32008,糸,糸,120.0
32009,糸,糸,120.0
32010,糸,糸,120.0
32011,,糸,120.0
32012,,糸,120.0
32013,糸,糸,120.0
32014,,糸,120.0
32015,,糸,120.0
32016,糸,糸,120.0
32017,糸,糸,120.0
32018,,糸,120.0
32019,糸,糸,120.0
32020,糸,糸,120.0
32021,糸,糸,120.0
32022,糸,糸,120.0
32023,,糸,120.0
32024,糸,糸,120.0
32025,糸,糸,120.0
32026,糸,糸,120.0
32027,糸,糸,120.0
32028,員,糸,120.0
32029,糸,糸,120.0
32030,糸,糸,120.0
32031,糸,糸,120.0
32032,素,糸,120.0
32033,糸,糸,120.0
32034,𣎵,糸,120.0
32035,,糸,120.0
32036,,糸,120.0
32037,,糸,120.0
32038,,,120.0
32039,臤,糸,120.0
32040,糸,糸,120.0
32041,糸,糸,120.0
32042,,糸,120.0
32043,糸,糸,120.0
32044,糸,糸,120.0
32045,糸,糸,120.0
32046,,糸,120.0
32047,厽,糸,120.0
32048,糸,糸,120.0
32049,巿,糸,120.0
32050,糸,糸,120.0
32051,糸,糸,120.0
32052,糸,糸,120.0
32053,糸,糸,120.0
32054,,糸,120.0
32055,,糸,120.0
32056,,糸,120.0
32057,糸,糸,120.0
32058,糸,糸,120.0
32059,糸,糸,120.0
32060,糸,糸,120.0
32061,,糸,120.0
32062,糸,糸,120.0
32063,糸,糸,120.0
32064,糸,糸,120.0
32065,糸,糸,120.0
32066,糸,糸,120.0
32067,弦,糸,120.0
32068,糸,糸,120.0
32069,糸,糸,120.0
32070,糸,糸,120.0
32071,糸,糸,120.0
32072,,糸,120.0
32073,,糸,120.0
32074,,糸,120.0
32075,,糸,120.0
32076,糸,糸,120.0
32077,糸,糸,120.0
32078,,糸,120.0
32079,糸,糸,120.0
32080,糸,糸,120.0
32081,糸,糸,120.0
32082,,糸,120.0
32083,糸,糸,120.0
32084,,糸,120.0
32085,糸,糸,120.0
32086,糸,糸,120.0
32087,,糸,120.0
32088,糸,糸,120.0
32089,糸,糸,120.0
32090,,糸,120.0
32091,糸,糸,120.0
32092,糸,糸,120.0
32093,糸,糸,120.0
32094,交,糸,120.0
32095,糸,糸,120.0
32096,糸,糸,120.0
32097,糸,糸,120.0
32098,糸,糸,120.0
32099,糸,糸,120.0
32100,,糸,120.0
32101,糸,糸,120.0
32102,糸,糸,120.0
32103,,糸,120.0
32104,,糸,120.0
32105,糸,糸,120.0
32106,壹,糸,120.0
32107,厽,糸,120.0
32108,糸,糸,120.0
32109,糸,糸,120.0
32110,糸,糸,120.0
32111,,糸,120.0
32112,糸,糸,120.0
32113,糸,糸,120.0
32114,絲,糸,120.0
32115,糸,糸,120.0
32116,,糸,120.0
32117,,糸,120.0
32118,糸,糸,120.0
32119,馬,糸,120.0
32120,糸,糸,120.0
32121,糸,糸,120.0
32122,糸,糸,120.0
32123,冃,糸,120.0
32124,,糸,120.0
32125,,糸,120.0
32126,,糸,120.0
32127,糸,糸,120.0
32128,糸,糸,120.0
32129,,糸,120.0
32130,糸,糸,120.0
32131,糸,糸,120.0
32132,,糸,120.0
32133,糸,糸,120.0
32134,糸,糸,120.0
32135,,糸,120.0
32136,糸,糸,120.0
32137,,糸,120.0
32138,糸,糸,120.0
32139,,糸,120.0
32140,糸,糸,120.0
32141,,糸,120.0
32142,糸,糸,120.0
32143,糸,糸,120.0
32144,,糸,120.0
32145,,糸,120.0
32146,,糸,120.0
32147,糸,糸,120.0
32148,,糸,120.0
32149,,糸,120.0
32150,,糸,120.0
32151,,糸,120.0
32152,,糸,120.0
32153,,糸,120.0
32154,,糸,120.0
32155,,,120.0
32156,糸,糸,120.0
32157,糸,糸,120.0
32158,,糸,120.0
32159,糸,糸,120.0
32160,糸,糸,120.0
32161,,糸,120.0
32162,糸,糸,120.0
32163,糸,糸,120.0
32164,糸,糸,120.0
32165,糸,糸,120.0
32166,糸,糸,120.0
32167,,糸,120.0
32168,,糸,120.0
32169,,糸,120.0
32170,糸,糸,120.0
32171,糸,糸,120.0
32172,糸,糸,120.0
32173,糸,糸,120.0
32174,糸,糸,120.0
32175,,糸,120.0
32176,糸,糸,120.0
32177,糸,糸,120.0
32178,网,糸,120.0
32179,,糸,120.0
32180,叕,糸,120.0
32181,,糸,120.0
32182,,糸,120.0
32183,,糸,120.0
32184,糸,糸,120.0
32185,糸,糸,120.0
32186,糸,糸,120.0
32187,衣,糸,120.0
32188,,糸,120.0
32189,素,糸,120.0
32190,糸,糸,120.0
32191,系,糸,120.0
32192,糸,糸,120.0
32193,糸,糸,120.0
32194,糸,糸,120.0
32195,糸,糸,120.0
32196,糸,糸,120.0
32197,糸,糸,120.0
32198,糸,糸,120.0
32199,糸,糸,120.0
32200,糸,糸,120.0
32201,糸,糸,120.0
32202,臤,糸,120.0
32203,糸,糸,120.0
32204,糸,糸,120.0
32205,糸,糸,120.0
32206,,糸,120.0
32207,,糸,120.0
32208,糸,糸,120.0
32209,糸,糸,120.0
32210,糸,糸,120.0
32211,,,120.0
32212,,,120.0
32213,,,120.0
32214,糸,糸,120.0
32215,糸,糸,120.0
32216,糸,糸,120.0
32217,,糸,120.0
32218,糸,糸,120.0
32219,糸,糸,120.0
32220,系,糸,120.0
32221,糸,糸,120.0
32222,韋,糸,120.0
32223,糸,糸,120.0
32224,糸,糸,120.0
32225,糸,糸,120.0
32226,糸,糸,120.0
32227,糸,糸,120.0
32228,糸,糸,120.0
32229,糸,糸,120.0
32230,糸,糸,120.0
32231,糸,糸,120.0
32232,糸,糸,120.0
32233,素,糸,120.0
32234,糸,糸,120.0
32235,糸,糸,120.0
32236,糸,糸,120.0
32237,糸,糸,120.0
32238,,糸,120.0
32239,糸,糸,120.0
32240,糸,糸,120.0
32241,糸,糸,120.0
32242,,糸,120.0
32243,,糸,120.0
32244,糸,糸,120.0
32245,,糸,120.0
32246,糸,糸,120.0
32247,糸,糸,120.0
32248,,糸,120.0
32249,糸,糸,120.0
32250,糸,糸,120.0
32251,糸,糸,120.0
32252,糸,糸,120.0
32253,,糸,120.0
32254,,糸,120.0
32255,,糸,120.0
32256,,,120.0
32257,糸,糸,120.0
32258,,糸,120.0
32259,,,120.0
32260,,糸,120.0
32261,,,120.0
32262,糸,糸,120.0
32263,,,120.0
32264,糸,糸,120.0
32265,糸,糸,120.0
32266,糸,糸,120.0
32267,糸,糸,120.0
32268,糸,糸,120.0
32269,,糸,120.0
32270,糸,糸,120.0
32271,,糸,120.0
32272,糸,糸,120.0
32273,糸,糸,120.0
32274,糸,糸,120.0
32275,糸,糸,120.0
32276,,糸,120.0
32277,糸,糸,120.0
32278,,糸,120.0
32279,糸,糸,120.0
32280,,糸,120.0
32281,,糸,120.0
32282,,糸,120.0
32283,糸,糸,120.0
32284,糸,糸,120.0
32285,,糸,120.0
32286,糸,糸,120.0
32287,糸,糸,120.0
32288,糸,糸,120.0
32289,糸,糸,120.0
32290,糸,糸,120.0
32291,𥄉,糸,120.0
32292,,糸,120.0
32293,,糸,120.0
32294,,糸,120.0
32295,,糸,120.0
32296,,,120.0
32297,,糸,120.0
32298,糸,糸,120.0
32299,糸,糸,120.0
32300,,糸,120.0
32301,糸,糸,120.0
32302,糸,糸,120.0
32303,,糸,120.0
32304,,糸,120.0
32305,糸,糸,120.0
32306,,糸,120.0
32307,糸,糸,120.0
32308,,糸,120.0
32309,糸,糸,120.0
32310,馬,糸,120.0
32311,糸,糸,120.0
32312,,糸,120.0
32313,糸,糸,120.0
32314,,糸,120.0
32315,糸,糸,120.0
32316,糸,糸,120.0
32317,糸,糸,120.0
32318,糸,糸,120.0
32319,糸,糸,120.0
32320,糸,糸,120.0
32321,糸,糸,120.0
32322,素,糸,120.0
32323,糸,糸,120.0
32324,糸,糸,120.0
32325,糸,糸,120.0
32326,糸,糸,120.0
32327,系,糸,120.0
32328,糸,糸,120.0
32329,,糸,120.0
32330,,糸,120.0
32331,,糸,120.0
32332,,,120.0
32333,,糸,120.0
32334,糸,糸,120.0
32335,,糸,120.0
32336,糸,糸,120.0
32337,糸,糸,120.0
32338,糸,糸,120.0
32339,,糸,120.0
32340,糸,糸,120.0
32341,糸,糸,120.0
32342,糸,糸,120.0
32343,,糸,120.0
32344,糸,糸,120.0
32345,糸,糸,120.0
32346,糸,糸,120.0
32347,素,糸,120.0
32348,糸,糸,120.0
32349,,糸,120.0
32350,糸,糸,120.0
32351,糸,糸,120.0
32352,惢,糸,120.0
32353,糸,糸,120.0
32354,糸,糸,120.0
32355,,糸,120.0
32356,,糸,120.0
32357,,糸,120.0
32358,糸,糸,120.0
32359,,,120.0
32360,,,120.0
32361,糸,糸,120.0
32362,糸,糸,120.0
32363,糸,糸,120.0
32364,,糸,120.0
32365,糸,糸,120.0
32366,糸,糸,120.0
32367,糸,糸,120.0
32368,糸,糸,120.0
32369,糸,糸,120.0
32370,,糸,120.0
32371,糸,糸,120.0
32372,糸,糸,120.0
32373,,糸,120.0
32374,,糸,120.0
32375,,糸,120.0
32376,,糸,120.0
32377,糸,糸,120.0
32378,,糸,120.0
32379,糸,糸,120.0
32380,糸,糸,120.0
32381,,糸,120.0
32382,糸,糸,120.0
32383,,糸,120.0
32384,糸,糸,120.0
32385,糸,糸,120.0
32386,糸,糸,120.0
32387,,,120.0
32388,,,120.0
32389,糸,糸,120.0
32390,糸,糸,120.0
32391,糸,糸,120.0
32392,,糸,120.0
32393,糸,糸,120.0
32394,糸,糸,120.0
32395,,糸,120.0
32396,糸,糸,120.0
32397,糸,糸,120.0
32398,,糸,120.0
32399,糸,糸,120.0
32400,,,120.0
32401,糸,糸,120.0
32402,,糸,120.0
32403,糸,糸,120.0
32404,糸,糸,120.0
32405,糸,糸,120.0
32406,糸,糸,120.0
32407,糸,糸,120.0
32408,糸,糸,120.0
32409,,糸,120.0
32410,糸,糸,120.0
32411,羽,糸,120.0
32412,,糸,120.0
32413,,糸,120.0
32414,,糸,120.0
32415,糸,糸,120.0
32416,丩,糸,120.0
32417,糸,糸,120.0
32418,糸,糸,120.0
32419,糸,糸,120.0
32420,糸,糸,120.0
32421,糸,糸,120.0
32422,糸,糸,120.0
32423,糸,糸,120.0
32424,糸,糸,120.0
32425,糸,糸,120.0
32426,糸,糸,120.0
32427,糸,糸,120.0
32428,糸,糸,120.0
32429,員,糸,120.0
32430,糸,糸,120.0
32431,糸,糸,120.0
32432,糸,糸,120.0
32433,,糸,120.0
32434,糸,糸,120.0
32435,糸,糸,120.0
32436,糸,糸,120.0
32437,糸,糸,120.0
32438,糸,糸,120.0
32439,糸,糸,120.0
32440,糸,糸,120.0
32441,,糸,120.0
32442,糸,糸,120.0
32443,糸,糸,120.0
32444,糸,糸,120.0
32445,糸,糸,120.0
32446,糸,糸,120.0
32447,糸,糸,120.0
32448,糸,糸,120.0
32449,糸,糸,120.0
32450,巿,糸,120.0
32451,糸,糸,120.0
32452,糸,糸,120.0
32453,糸,糸,120.0
32454,糸,糸,120.0
32455,糸,糸,120.0
32456,糸,糸,120.0
32457,糸,糸,120.0
32458,糸,糸,120.0
32459,糸,糸,120.0
32460,糸,糸,120.0
32461,糸,糸,120.0
32462,糸,糸,120.0
32463,糸,糸,120.0
32464,糸,糸,120.0
32465,,糸,120.0
32466,,糸,120.0
32467,糸,糸,120.0
32468,糸,糸,120.0
32469,糸,糸,120.0
32470,糸,糸,120.0
32471,,糸,120.0
32472,糸,糸,120.0
32473,糸,糸,120.0
32474,糸,糸,120.0
32475,糸,糸,120.0
32476,糸,糸,120.0
32477,糸,糸,120.0
32478,交,糸,120.0
32479,糸,糸,120.0
32480,糸,糸,120.0
32481,糸,糸,120.0
32482,糸,糸,120.0
32483,糸,糸,120.0
32484,糸,糸,120.0
32485,糸,糸,120.0
32486,糸,糸,120.0
32487,糸,糸,120.0
32488,糸,糸,120.0
32489,糸,糸,120.0
32490,糸,,120.0
32491,糸,糸,120.0
32492,,,120.0
32493,糸,糸,120.0
32494,糸,糸,120.0
32495,糸,糸,120.0
32496,素,糸,120.0
32497,,革,120.0
32498,糸,糸,120.0
32499,糸,糸,120.0
32500,糸,糸,120.0
32501,系,糸,120.0
32502,糸,糸,120.0
32503,糸,糸,120.0
32504,糸,糸,120.0
32505,,糸,120.0
32506,糸,糸,120.0
32507,糸,糸,120.0
32508,糸,糸,120.0
32509,衣,糸,120.0
32510,糸,糸,120.0
32511,糸,糸,120.0
32512,叕,糸,120.0
32513,糸,糸,120.0
32514,,糸,120.0
32515,糸,糸,120.0
32516,糸,糸,120.0
32517,糸,糸,120.0
32518,,糸,120.0
32519,糸,糸,120.0
32520,,糸,120.0
32521,糸,糸,120.0
32522,糸,糸,120.0
32523,糸,糸,120.0
32524,糸,糸,120.0
32525,,糸,120.0
32526,韋,糸,120.0
32527,糸,糸,120.0
32528,,糸,120.0
32529,糸,糸,120.0
32530,糸,糸,120.0
32531,素,糸,120.0
32532,糸,糸,120.0
32533,糸,糸,120.0
32534,糸,糸,120.0
32535,糸,糸,120.0
32536,糸,糸,120.0
32537,糸,糸,120.0
32538,糸,糸,120.0
32539,糸,糸,120.0
32540,,糸,120.0
32541,糸,糸,120.0
32542,糸,糸,120.0
32543,糸,糸,120.0
32544,糸,糸,120.0
32545,糸,糸,120.0
32546,糸,糸,120.0
32547,糸,糸,120.0
32548,,糸,120.0
32549,糸,糸,120.0
32550,糸,糸,120.0
32551,,糸,120.0
32552,糸,糸,120.0
32553,糸,糸,120.0
32554,糸,糸,120.0
32555,糸,糸,120.0
32556,,糸,120.0
32557,糸,糸,120.0
32558,糸,糸,120.0
32559,糸,糸,120.0
32560,糸,糸,120.0
32561,糸,糸,120.0
32562,糸,糸,120.0
32563,糸,糸,120.0
32564,糸,糸,120.0
32565,糸,糸,120.0
32566,缶,缶,121.0
32567,,卩,121.0
32568,缶,缶,121.0
32569,火,缶,121.0
32570,缶,缶,121.0
32571,缶,缶,121.0
32572,,,121.0
32573,,金,121.0
32574,缶,缶,121.0
32575,缶,缶,121.0
32576,,,121.0
32577,,缶,121.0
32578,缶,缶,121.0
32579,缶,缶,121.0
32580,缶,缶,121.0
32581,缶,缶,121.0
32582,,缶,121.0
32583,酋,缶,121.0
32584,,土,121.0
32585,,,121.0
32586,缶,缶,121.0
32587,缶,缶,121.0
32588,缶,缶,121.0
32589,木,缶,121.0
32590,,缶,121.0
32591,甾,缶,121.0
32592,缶,缶,121.0
32593,网,网,122.0
32594,,目,122.0
32595,,,122.0
32596,网,网,122.0
32597,网,网,122.0
32598,,,122.0
32599,网,网,122.0
32600,网,网,122.0
32601,穴,冖,122.0
32602,刀,网,122.0
32603,网,网,122.0
32604,网,网,122.0
32605,网,网,122.0
32606,,网,122.0
32607,网,网,122.0
32608,网,网,122.0
32609,,网,122.0
32610,网,网,122.0
32611,,网,122.0
32612,,目,122.0
32613,,网,122.0
32614,网,网,122.0
32615,网,网,122.0
32616,网,网,122.0
32617,网,网,122.0
32618,网,网,122.0
32619,,网,122.0
32620,网,网,122.0
32621,网,网,122.0
32622,网,网,122.0
32623,网,网,122.0
32624,刀,网,122.0
32625,,网,122.0
32626,网,网,122.0
32627,网,网,122.0
32628,熊,网,122.0
32629,网,网,122.0
32630,网,网,122.0
32631,网,网,122.0
32632,刀,网,122.0
32633,网,网,122.0
32634,,网,122.0
32635,网,网,122.0
32636,,田,122.0
32637,网,网,122.0
32638,网,网,122.0
32639,网,网,122.0
32640,网,网,122.0
32641,网,网,122.0
32642,,网,122.0
32643,,网,122.0
32644,,网,122.0
32645,网,网,122.0
32646,熊,网,122.0
32647,网,网,122.0
32648,网,网,122.0
32649,,网,122.0
32650,羊,羊,123.0
32651,羊,羊,123.0
32652,羊,羊,123.0
32653,羊,羊,123.0
32654,羊,羊,123.0
32655,,羊,123.0
32656,羊,羊,123.0
32657,羊,羊,123.0
32658,羊,羊,123.0
32659,,羊,123.0
32660,羊,羊,123.0
32661,永,羊,123.0
32662,羊,羊,123.0
32663,,羊,123.0
32664,,羊,123.0
32665,羊,羊,123.0
32666,,羊,123.0
32667,我,羊,123.0
32668,羊,羊,123.0
32669,羊,羊,123.0
32670,丑,羊,123.0
32671,羊,羊,123.0
32672,羊,羊,123.0
32673,㳄,羊,123.0
32674,,羊,123.0
32675,羊,羊,123.0
32676,羊,羊,123.0
32677,羊,羊,123.0
32678,,羊,123.0
32679,,羊,123.0
32680,㳄,羊,123.0
32681,我,羊,123.0
32682,,,123.0
32683,,羊,123.0
32684,,羊,123.0
32685,羊,羊,123.0
32686,䰜,羊,123.0
32687,羊,羊,123.0
32688,,,123.0
32689,萈,羊,123.0
32690,兮,羊,123.0
32691,羊,羊,123.0
32692,羴,羊,123.0
32693,,羊,123.0
32694,羴,羊,123.0
32695,,羊,123.0
32696,羊,羊,123.0
32697,䰜,羊,123.0
32698,,羊,123.0
32699,,羊,123.0
32700,羴,羊,123.0
32701,羽,羽,124.0
32702,羽,羽,124.0
32703,羽,羽,124.0
32704,,羽,124.0
32705,羽,羽,124.0
32706,,羽,124.0
32707,,羽,124.0
32708,羽,羽,124.0
32709,羽,羽,124.0
32710,羽,羽,124.0
32711,羽,羽,124.0
32712,,羽,124.0
32713,,羽,124.0
32714,羽,羽,124.0
32715,,羽,124.0
32716,羽,羽,124.0
32717,,羽,124.0
32718,羽,羽,124.0
32719,羽,羽,124.0
32720,,羽,124.0
32721,羽,羽,124.0
32722,習,羽,124.0
32723,,羽,124.0
32724,羽,羽,124.0
32725,羽,羽,124.0
32726,羽,羽,124.0
32727,,羽,124.0
32728,羽,羽,124.0
32729,羽,羽,124.0
32730,羽,羽,124.0
32731,,羽,124.0
32732,羽,羽,124.0
32733,,羽,124.0
32734,,羽,124.0
32735,羽,羽,124.0
32736,羽,羽,124.0
32737,羽,羽,124.0
32738,,羽,124.0
32739,羽,羽,124.0
32740,,羽,124.0
32741,羽,羽,124.0
32742,羽,羽,124.0
32743,,羽,124.0
32744,羽,羽,124.0
32745,羽,羽,124.0
32746,,羽,124.0
32747,習,羽,124.0
32748,羽,羽,124.0
32749,羽,羽,124.0
32750,羽,羽,124.0
32751,羽,羽,124.0
32752,羽,羽,124.0
32753,羽,羽,124.0
32754,,羽,124.0
32755,羽,羽,124.0
32756,,羽,124.0
32757,,羽,124.0
32758,羽,,124.0
32759,,羽,124.0
32760,,羽,124.0
32761,羽,羽,124.0
32762,羽,羽,124.0
32763,羽,羽,124.0
32764,飛,羽,124.0
32765,羽,羽,124.0
32766,羽,羽,124.0
32767,羽,羽,124.0
32768,火,羽,124.0
32769,老,老,125.0
32770,,,125.0
32771,老,老,125.0
32772,老,老,125.0
32773,𪞶,老,125.0
32774,老,老,125.0
32775,老,老,125.0
32776,老,老,125.0
32777,老,老,125.0
32778,老,老,125.0
32779,老,老,125.0
32780,而,而,126.0
32781,,而,126.0
32782,亣,而,126.0
32783,而,而,126.0
32784,而,而,126.0
32785,耑,而,126.0
32786,耒,耒,127.0
32787,,耒,127.0
32788,,耒,127.0
32789,耒,耒,127.0
32790,,耒,127.0
32791,禾,耒,127.0
32792,耒,耒,127.0
32793,,耒,127.0
32794,,耒,127.0
32795,,耒,127.0
32796,木,耒,127.0
32797,,耒,127.0
32798,,耒,127.0
32799,,耒,127.0
32800,,耒,127.0
32801,耒,耒,127.0
32802,,耒,127.0
32803,,耒,127.0
32804,耒,耒,127.0
32805,,,127.0
32806,耒,耒,127.0
32807,,耒,127.0
32808,木,耒,127.0
32809,,耒,127.0
32810,,,127.0
32811,,耒,127.0
32812,,耒,127.0
32813,,耒,127.0
32814,,耒,127.0
32815,,耒,127.0
32816,木,耒,127.0
32817,,耒,127.0
32818,,,127.0
32819,耳,耳,128.0
32820,耳,耳,128.0
32821,,耳,128.0
32822,,耳,128.0
32823,,耳,128.0
32824,耳,耳,128.0
32825,耳,耳,128.0
32826,,耳,128.0
32827,心,耳,128.0
32828,耳,耳,128.0
32829,耳,耳,128.0
32830,,耳,128.0
32831,耳,耳,128.0
32832,,耳,128.0
32833,,,128.0
32834,耳,耳,128.0
32835,耳,耳,128.0
32836,,耳,128.0
32837,耳,耳,128.0
32838,耳,耳,128.0
32839,,耳,128.0
32840,,耳,128.0
32841,耳,耳,128.0
32842,耳,耳,128.0
32843,耳,耳,128.0
32844,耳,耳,128.0
32845,,耳,128.0
32846,,耳,128.0
32847,心,耳,128.0
32848,,耳,128.0
32849,耳,耳,128.0
32850,耳,耳,128.0
32851,,女,128.0
32852,耳,耳,128.0
32853,,耳,128.0
32854,耳,耳,128.0
32855,,耳,128.0
32856,耳,耳,128.0
32857,,耳,128.0
32858,㐺,耳,128.0
32859,,耳,128.0
32860,,耳,128.0
32861,耳,耳,128.0
32862,耳,耳,128.0
32863,,耳,128.0
32864,,耳,128.0
32865,,耳,128.0
32866,,,128.0
32867,,,128.0
32868,,耳,128.0
32869,耳,耳,128.0
32870,耳,耳,128.0
32871,,耳,128.0
32872,耳,耳,128.0
32873,耳,耳,128.0
32874,耳,耳,128.0
32875,耳,耳,128.0
32876,,耳,128.0
32877,,耳,128.0
32878,耳,耳,128.0
32879,耳,耳,128.0
32880,耳,耳,128.0
32881,耳,耳,128.0
32882,耳,耳,128.0
32883,耳,耳,128.0
32884,,耳,128.0
32885,耳,耳,128.0
32886,耳,耳,128.0
32887,耳,耳,128.0
32888,耳,耳,128.0
32889,,耳,128.0
32890,,耳,128.0
32891,,耳,128.0
32892,,,128.0
32893,耳,耳,128.0
32894,耳,耳,128.0
32895,聿,聿,129.0
32896,,,129.0
32897,戶,聿,129.0
32898,,聿,129.0
32899,𦘒,聿,129.0
32900,𦘒,聿,129.0
32901,𦘒,聿,129.0
32902,長,聿,129.0
32903,攴,聿,129.0
32904,戈,聿,129.0
32905,肉,肉,130.0
32906,肉,肉,130.0
32907,肉,肉,130.0
32908,肉,肉,130.0
32909,肉,肉,130.0
32910,肉,肉,130.0
32911,,,130.0
32912,,肉,130.0
32913,筋,肉,130.0
32914,肉,肉,130.0
32915,肉,肉,130.0
32916,,肉,130.0
32917,,肉,130.0
32918,肉,肉,130.0
32919,,肉,130.0
32920,肉,肉,130.0
32921,肉,肉,130.0
32922,,肉,130.0
32923,,肉,130.0
32924,,肉,130.0
32925,肉,肉,130.0
32926,,肉,130.0
32927,,,130.0
32928,肉,肉,130.0
32929,肉,肉,130.0
32930,肉,肉,130.0
32931,𢎘,肉,130.0
32932,肉,肉,130.0
32933,肉,肉,130.0
32934,,肉,130.0
32935,肉,肉,130.0
32936,,肉,130.0
32937,肉,肉,130.0
32938,肉,肉,130.0
32939,肉,肉,130.0
32940,肉,肉,130.0
32941,月,肉,130.0
32942,,肉,130.0
32943,肉,肉,130.0
32944,肉,肉,130.0
32945,又,肉,130.0
32946,𠫓,肉,130.0
32947,,肉,130.0
32948,肉,肉,130.0
32949,,肉,130.0
32950,肉,肉,130.0
32951,,肉,130.0
32952,十,肉,130.0
32953,十,肉,130.0
32954,肉,肉,130.0
32955,,肉,130.0
32956,,,130.0
32957,,肉,130.0
32958,肉,肉,130.0
32959,肉,肉,130.0
32960,,肉,130.0
32961,肉,肉,130.0
32962,肉,肉,130.0
32963,肉,肉,130.0
32964,肉,肉,130.0
32965,肉,肉,130.0
32966,肉,肉,130.0
32967,,肉,130.0
32968,,肉,130.0
32969,,肉,130.0
32970,肉,肉,130.0
32971,,肉,130.0
32972,肉,肉,130.0
32973,,肉,130.0
32974,肉,肉,130.0
32975,肉,肉,130.0
32976,,肉,130.0
32977,肉,肉,130.0
32978,,肉,130.0
32979,,肉,130.0
32980,骨,肉,130.0
32981,,肉,130.0
32982,半,肉,130.0
32983,肉,肉,130.0
32984,肉,肉,130.0
32985,肉,肉,130.0
32986,肉,肉,130.0
32987,,肉,130.0
32988,肉,肉,130.0
32989,肉,肉,130.0
32990,包,肉,130.0
32991,,肉,130.0
32992,肉,肉,130.0
32993,肉,肉,130.0
32994,,肉,130.0
32995,,肉,130.0
32996,肉,肉,130.0
32997,肉,肉,130.0
32998,,肉,130.0
32999,月,月,130.0
33000,,肉,130.0
33001,,,130.0
33002,肉,肉,130.0
33003,肉,肉,130.0
33004,,,130.0
33005,,肉,130.0
33006,,肉,130.0
33007,肉,肉,130.0
33008,,肉,130.0
33009,,肉,130.0
33010,肉,肉,130.0
33011,肉,肉,130.0
33012,,肉,130.0
33013,肉,肉,130.0
33014,肉,肉,130.0
33015,勹,肉,130.0
33016,勹,肉,130.0
33017,肉,肉,130.0
33018,,肉,130.0
33019,肉,肉,130.0
33020,骨,肉,130.0
33021,能,肉,130.0
33022,肉,肉,130.0
33023,,肉,130.0
33024,肉,肉,130.0
33025,肉,肉,130.0
33026,肉,肉,130.0
33027,肉,肉,130.0
33028,,肉,130.0
33029,肉,肉,130.0
33030,肉,肉,130.0
33031,肉,肉,130.0
33032,𠂢,肉,130.0
33033,𠂢,肉,130.0
33034,𠦬,肉,130.0
33035,,肉,130.0
33036,,,130.0
33037,肉,肉,130.0
33038,,,130.0
33039,,肉,130.0
33040,肉,肉,130.0
33041,匕,肉,130.0
33042,,,130.0
33043,血,肉,130.0
33044,肉,肉,130.0
33045,,肉,130.0
33046,,肉,130.0
33047,口,肉,130.0
33048,肉,肉,130.0
33049,肉,肉,130.0
33050,肉,肉,130.0
33051,肉,肉,130.0
33052,𦣻,肉,130.0
33053,,肉,130.0
33054,目,肉,130.0
33055,肉,肉,130.0
33056,肉,肉,130.0
33057,,肉,130.0
33058,肉,肉,130.0
33059,肉,肉,130.0
33060,示,肉,130.0
33061,,肉,130.0
33062,,肉,130.0
33063,肉,肉,130.0
33064,,肉,130.0
33065,肉,肉,130.0
33066,肉,肉,130.0
33067,肉,肉,130.0
33068,肉,肉,130.0
33069,,肉,130.0
33070,,肉,130.0
33071,肉,肉,130.0
33072,肉,肉,130.0
33073,肉,肉,130.0
33074,,,130.0
33075,,肉,130.0
33076,,疒,130.0
33077,,,130.0
33078,,肉,130.0
33079,,,130.0
33080,,肉,130.0
33081,,肉,130.0
33082,,肉,130.0
33083,,肉,130.0
33084,肉,肉,130.0
33085,肉,肉,130.0
33086,肉,肉,130.0
33087,,肉,130.0
33088,,肉,130.0
33089,骨,肉,130.0
33090,,肉,130.0
33091,,肉,130.0
33092,肉,肉,130.0
33093,,肉,130.0
33094,肉,肉,130.0
33095,,肉,130.0
33096,,肉,130.0
33097,,肉,130.0
33098,日,肉,130.0
33099,亦,肉,130.0
33100,肉,肉,130.0
33101,,肉,130.0
33102,肉,肉,130.0
33103,肉,肉,130.0
33104,肉,肉,130.0
33105,广,肉,130.0
33106,肉,肉,130.0
33107,肉,肉,130.0
33108,肉,肉,130.0
33109,手,肉,130.0
33110,,肉,130.0
33111,,肉,130.0
33112,,肉,130.0
33113,,,130.0
33114,,,130.0
33115,,肉,130.0
33116,肉,肉,130.0
33117,肉,肉,130.0
33118,,肉,130.0
33119,,肉,130.0
33120,,肉,130.0
33121,,肉,130.0
33122,,肉,130.0
33123,,肉,130.0
33124,,肉,130.0
33125,肉,肉,130.0
33126,匕,肉,130.0
33127,,肉,130.0
33128,肉,肉,130.0
33129,,肉,130.0
33130,,肉,130.0
33131,肉,肉,130.0
33132,肉,肉,130.0
33133,,肉,130.0
33134,,肉,130.0
33135,肉,肉,130.0
33136,𦥑,肉,130.0
33137,筋,肉,130.0
33138,,肉,130.0
33139,肉,肉,130.0
33140,肉,肉,130.0
33141,,肉,130.0
33142,,肉,130.0
33143,,肉,130.0
33144,肉,肉,130.0
33145,肉,肉,130.0
33146,,,130.0
33147,肉,肉,130.0
33148,面,面,130.0
33149,,肉,130.0
33150,馬,馬,130.0
33151,,肉,130.0
33152,肉,肉,130.0
33153,,肉,130.0
33154,呂,肉,130.0
33155,,肉,130.0
33156,,肉,130.0
33157,,肉,130.0
33158,,肉,130.0
33159,,肉,130.0
33160,,肉,130.0
33161,,肉,130.0
33162,肉,肉,130.0
33163,肉,肉,130.0
33164,肉,肉,130.0
33165,肉,肉,130.0
33166,肉,肉,130.0
33167,肉,肉,130.0
33168,呂,肉,130.0
33169,骨,肉,130.0
33170,,肉,130.0
33171,肉,肉,130.0
33172,,肉,130.0
33173,,肉,130.0
33174,,肉,130.0
33175,,肉,130.0
33176,肉,肉,130.0
33177,,肉,130.0
33178,肉,肉,130.0
33179,,肉,130.0
33180,肉,肉,130.0
33181,卩,肉,130.0
33182,肉,肉,130.0
33183,肉,肉,130.0
33184,肉,肉,130.0
33185,,肉,130.0
33186,肉,肉,130.0
33187,,肉,130.0
33188,,,74.0
33189,,,130.0
33190,,肉,130.0
33191,,肉,130.0
33192,,肉,130.0
33193,肉,肉,130.0
33194,,肉,130.0
33195,肉,肉,130.0
33196,肉,肉,130.0
33197,,肉,130.0
33198,肉,肉,130.0
33199,,肉,130.0
33200,炙,肉,130.0
33201,,肉,130.0
33202,,肉,130.0
33203,肉,肉,130.0
33204,肉,肉,130.0
33205,,,130.0
33206,,,130.0
33207,,肉,130.0
33208,,肉,130.0
33209,肉,肉,130.0
33210,肉,肉,130.0
33211,肉,肉,130.0
33212,,肉,130.0
33213,肉,肉,130.0
33214,肉,肉,130.0
33215,血,肉,130.0
33216,尸,肉,130.0
33217,,肉,130.0
33218,肉,肉,130.0
33219,,肉,130.0
33220,𧮫,肉,130.0
33221,,肉,130.0
33222,肉,肉,130.0
33223,肉,肉,130.0
33224,,肉,130.0
33225,,肉,130.0
33226,肉,肉,130.0
33227,,肉,130.0
33228,,,130.0
33229,肉,肉,130.0
33230,,肉,130.0
33231,骨,肉,130.0
33232,,肉,130.0
33233,肉,肉,130.0
33234,,肉,130.0
33235,,肉,130.0
33236,,肉,130.0
33237,,肉,130.0
33238,,肉,130.0
33239,,肉,130.0
33240,肉,肉,130.0
33241,,肉,130.0
33242,肉,肉,130.0
33243,,肉,130.0
33244,,肉,130.0
33245,,肉,130.0
33246,肉,肉,130.0
33247,,肉,130.0
33248,肉,肉,130.0
33249,肉,肉,130.0
33250,,肉,130.0
33251,臣,臣,131.0
33252,臤,臣,131.0
33253,臥,臣,131.0
33254,臣,臣,131.0
33255,臣,臣,131.0
33256,臥,臣,131.0
33257,夰,臣,131.0
33258,自,自,132.0
33259,,自,132.0
33260,木,自,132.0
33261,犬,自,132.0
33262,㐺,自,132.0
33263,夲,自,132.0
33264,歹,自,132.0
33265,自,自,132.0
33266,刀,自,132.0
33267,至,至,133.0
33268,夊,至,133.0
33269,,至,133.0
33270,,至,133.0
33271,,至,133.0
33272,至,至,133.0
33273,,至,133.0
33274,至,至,133.0
33275,至,至,133.0
33276,臼,臼,134.0
33277,臼,臼,134.0
33278,申,臼,134.0
33279,臼,臼,134.0
33280,臼,臼,134.0
33281,舁,臼,134.0
33282,臼,臼,134.0
33283,烏,臼,134.0
33284,烏,水,134.0
33285,男,臼,134.0
33286,車,車,134.0
33287,舁,臼,134.0
33288,舁,臼,134.0
33289,手,手,134.0
33290,雈,臼,134.0
33291,,臼,134.0
33292,舌,舌,135.0
33293,亼,舌,135.0
33294,亼,舌,135.0
33295,,舌,135.0
33296,舌,舌,135.0
33297,,舌,135.0
33298,予,舌,135.0
33299,舌,舌,135.0
33300,,舌,135.0
33301,,舌,135.0
33302,,金,135.0
33303,,,135.0
33304,,舌,135.0
33305,,舌,135.0
33306,,舌,135.0
33307,舛,舛,136.0
33308,舜,舛,136.0
33309,舛,舛,136.0
33310,舛,舛,136.0
33311,舟,舟,137.0
33312,,舟,137.0
33313,,舟,137.0
33314,,,137.0
33315,,舟,137.0
33316,,舟,137.0
33317,,舟,137.0
33318,,舟,137.0
33319,,舟,137.0
33320,,舟,137.0
33321,舟,舟,137.0
33322,方,舟,137.0
33323,舟,舟,137.0
33324,舟,舟,137.0
33325,,舟,137.0
33326,,,137.0
33327,,,137.0
33328,,舟,137.0
33329,,白,137.0
33330,,舟,137.0
33331,舟,舟,137.0
33332,,舟,137.0
33333,,舟,137.0
33334,,舟,137.0
33335,,舟,137.0
33336,舟,舟,137.0
33337,舟,舟,137.0
33338,,舟,137.0
33339,舟,舟,137.0
33340,,舟,137.0
33341,,舟,137.0
33342,,,137.0
33343,,,137.0
33344,,舟,137.0
33345,辵,舟,137.0
33346,,舟,137.0
33347,,舟,137.0
33348,,舟,137.0
33349,舟,舟,137.0
33350,,舟,137.0
33351,舟,舟,137.0
33352,,,137.0
33353,,,137.0
33354,,舟,137.0
33355,,舟,137.0
33356,,舟,137.0
33357,,,137.0
33358,舟,舟,137.0
33359,,舟,137.0
33360,舟,舟,137.0
33361,,舟,137.0
33362,,舟,137.0
33363,,舟,137.0
33364,,,137.0
33365,,舟,137.0
33366,,舟,137.0
33367,,舟,137.0
33368,木,舟,137.0
33369,,人,137.0
33370,,舟,137.0
33371,,舟,137.0
33372,,舟,137.0
33373,,,137.0
33374,,舟,137.0
33375,,舟,137.0
33376,,,137.0
33377,,舟,137.0
33378,,舟,137.0
33379,,舟,137.0
33380,,舟,137.0
33381,,舟,137.0
33382,,舟,137.0
33383,,舟,137.0
33384,,舟,137.0
33385,,舟,137.0
33386,,舟,137.0
33387,舟,舟,137.0
33388,,舟,137.0
33389,,舟,137.0
33390,匕,艮,138.0
33391,畐,艮,138.0
33392,堇,艮,138.0
33393,堇,艮,138.0
33394,色,色,139.0
33395,豐,色,139.0
33396,色,色,139.0
33397,色,色,139.0
33398,,色,139.0
33399,豐,色,139.0
33400,艸,艸,140.0
33401,艸,艸,140.0
33402,丮,艸,140.0
33403,,艸,140.0
33404,艸,艸,140.0
33405,艸,艸,140.0
33406,艸,艸,140.0
33407,艸,艸,140.0
33408,艸,艸,140.0
33409,,艸,140.0
33410,竹,竹,140.0
33411,艸,艸,140.0
33412,艸,艸,140.0
33413,,艸,140.0
33414,,艸,140.0
33415,𦫳,艸,140.0
33416,羊,羊,140.0
33417,,艸,140.0
33418,艸,艸,140.0
33419,艸,艸,140.0
33420,艸,艸,140.0
33421,艸,艸,140.0
33422,艸,艸,140.0
33423,,艸,140.0
33424,艸,艸,140.0
33425,艸,艸,140.0
33426,艸,艸,140.0
33427,艸,艸,140.0
33428,艸,艸,140.0
33429,,艸,140.0
33430,,艸,140.0
33431,艸,艸,140.0
33432,艸,艸,140.0
33433,艸,艸,140.0
33434,,艸,140.0
33435,艸,艸,140.0
33436,艸,艸,140.0
33437,艸,艸,140.0
33438,艸,艸,140.0
33439,艸,艸,140.0
33440,,艸,140.0
33441,艸,艸,140.0
33442,,艸,140.0
33443,艸,艸,140.0
33444,,艸,140.0
33445,艸,艸,140.0
33446,艸,艸,140.0
33447,艸,艸,140.0
33448,艸,艸,140.0
33449,艸,艸,140.0
33450,艸,艸,140.0
33451,艸,艸,140.0
33452,屮,艸,140.0
33453,,艸,140.0
33454,艸,艸,140.0
33455,,艸,140.0
33456,艸,艸,140.0
33457,𠌶,艸,140.0
33458,,艸,140.0
33459,艸,艸,140.0
33460,艸,艸,140.0
33461,,艸,140.0
33462,艸,艸,140.0
33463,,艸,140.0
33464,艸,艸,140.0
33465,艸,艸,140.0
33466,艸,艸,140.0
33467,艸,艸,140.0
33468,艸,艸,140.0
33469,艸,艸,140.0
33470,,艸,140.0
33471,,艸,140.0
33472,,艸,140.0
33473,,艸,140.0
33474,,艸,140.0
33475,,艸,140.0
33476,,,140.0
33477,,刀,140.0
33478,,,140.0
33479,艸,艸,140.0
33480,,艸,140.0
33481,,,140.0
33482,,,140.0
33483,艸,艸,140.0
33484,艸,艸,140.0
33485,艸,艸,140.0
33486,,艸,140.0
33487,艸,艸,140.0
33488,,艸,140.0
33489,艸,艸,140.0
33490,,艸,140.0
33491,艸,艸,140.0
33492,艸,艸,140.0
33493,艸,艸,140.0
33494,艸,艸,140.0
33495,艸,艸,140.0
33496,𣏟,艸,140.0
33497,,艸,140.0
33498,,艸,140.0
33499,艸,艸,140.0
33500,,艸,140.0
33501,,艸,140.0
33502,艸,艸,140.0
33503,艸,艸,140.0
33504,,艸,140.0
33505,艸,艸,140.0
33506,艸,艸,140.0
33507,艸,艸,140.0
33508,艸,艸,140.0
33509,艸,艸,140.0
33510,艸,艸,140.0
33511,,艸,140.0
33512,,艸,140.0
33513,,艸,140.0
33514,,艸,140.0
33515,艸,艸,140.0
33516,,艸,140.0
33517,,艸,140.0
33518,,艸,140.0
33519,,艸,140.0
33520,,艸,140.0
33521,艸,艸,140.0
33522,,艸,140.0
33523,艸,艸,140.0
33524,艸,艸,140.0
33525,艸,艸,140.0
33526,艸,艸,140.0
33527,艸,艸,140.0
33528,,艸,140.0
33529,艸,艸,140.0
33530,艸,艸,140.0
33531,,艸,140.0
33532,,艸,140.0
33533,艸,艸,140.0
33534,艸,艸,140.0
33535,,艸,140.0
33536,艸,艸,140.0
33537,艸,艸,140.0
33538,艸,艸,140.0
33539,艸,艸,140.0
33540,艸,艸,140.0
33541,艸,艸,140.0
33542,艸,艸,140.0
33543,艸,艸,140.0
33544,艸,艸,140.0
33545,,艸,140.0
33546,,艸,140.0
33547,,艸,140.0
33548,,艸,140.0
33549,茍,艸,140.0
33550,艸,艸,140.0
33551,艸,艸,140.0
33552,,艸,140.0
33553,艸,艸,140.0
33554,,,140.0
33555,,,140.0
33556,土,土,140.0
33557,卂,火,140.0
33558,艸,艸,140.0
33559,艸,艸,140.0
33560,,艸,140.0
33561,,艸,140.0
33562,,艸,140.0
33563,,艸,140.0
33564,艸,艸,140.0
33565,艸,艸,140.0
33566,艸,艸,140.0
33567,,艸,140.0
33568,蓐,艸,140.0
33569,,艸,140.0
33570,艸,艸,140.0
33571,,艸,140.0
33572,艸,艸,140.0
33573,艸,艸,140.0
33574,艸,艸,140.0
33575,糸,艸,140.0
33576,艸,艸,140.0
33577,艸,艸,140.0
33578,,艸,140.0
33579,,艸,140.0
33580,艸,艸,140.0
33581,艸,艸,140.0
33582,艸,艸,140.0
33583,糸,艸,140.0
33584,艸,艸,140.0
33585,艸,艸,140.0
33586,艸,艸,140.0
33587,,艸,140.0
33588,,艸,140.0
33589,艸,艸,140.0
33590,,艸,140.0
33591,艸,艸,140.0
33592,艸,艸,140.0
33593,艸,艸,140.0
33594,,艸,140.0
33595,茻,艸,140.0
33596,,艸,140.0
33597,,艸,140.0
33598,,艸,140.0
33599,艸,艸,140.0
33600,艸,艸,140.0
33601,,艸,140.0
33602,𠌶,艸,140.0
33603,艸,艸,140.0
33604,艸,艸,140.0
33605,艸,艸,140.0
33606,艸,艸,140.0
33607,艸,艸,140.0
33608,,艸,140.0
33609,艸,艸,140.0
33610,艸,艸,140.0
33611,艸,艸,140.0
33612,艸,艸,140.0
33613,艸,艸,140.0
33614,艸,艸,140.0
33615,艸,艸,140.0
33616,艸,艸,140.0
33617,艸,艸,140.0
33618,艸,艸,140.0
33619,艸,艸,140.0
33620,艸,艸,140.0
33621,,艸,140.0
33622,,艸,140.0
33623,,艸,140.0
33624,,艸,140.0
33625,,艸,140.0
33626,艸,艸,140.0
33627,艸,艸,140.0
33628,,艸,140.0
33629,艸,艸,140.0
33630,,艸,140.0
33631,艸,艸,140.0
33632,艸,艸,140.0
33633,水,艸,140.0
33634,,,140.0
33635,木,木,140.0
33636,艸,艸,140.0
33637,水,水,140.0
33638,牛,牛,140.0
33639,焱,火,140.0
33640,艸,艸,140.0
33641,艸,艸,140.0
33642,艸,艸,140.0
33643,艸,艸,140.0
33644,,艸,140.0
33645,,艸,140.0
33646,,艸,140.0
33647,艸,艸,140.0
33648,,艸,140.0
33649,,艸,140.0
33650,艸,艸,140.0
33651,,艸,140.0
33652,,艸,140.0
33653,艸,艸,140.0
33654,,艸,140.0
33655,艸,艸,140.0
33656,,艸,140.0
33657,艸,艸,140.0
33658,艸,艸,140.0
33659,,艸,140.0
33660,艸,艸,140.0
33661,,艸,140.0
33662,,艸,140.0
33663,,艸,140.0
33664,,艸,140.0
33665,,艸,140.0
33666,,艸,140.0
33667,艸,艸,140.0
33668,,艸,140.0
33669,,艸,140.0
33670,艸,艸,140.0
33671,,艸,140.0
33672,,艸,140.0
33673,,艸,140.0
33674,艸,艸,140.0
33675,艸,艸,140.0
33676,,艸,140.0
33677,艸,艸,140.0
33678,艸,艸,140.0
33679,,艸,140.0
33680,,艸,140.0
33681,艸,艸,140.0
33682,艸,艸,140.0
33683,屮,艸,140.0
33684,艸,艸,140.0
33685,艸,艸,140.0
33686,艸,艸,140.0
33687,,艸,140.0
33688,,艸,140.0
33689,艸,艸,140.0
33690,,艸,140.0
33691,艸,艸,140.0
33692,艸,艸,140.0
33693,艸,艸,140.0
33694,艸,艸,140.0
33695,,艸,140.0
33696,艸,艸,140.0
33697,,艸,140.0
33698,艸,艸,140.0
33699,艸,艸,140.0
33700,酉,艸,140.0
33701,艸,艸,140.0
33702,艸,艸,140.0
33703,艸,艸,140.0
33704,艸,艸,140.0
33705,艸,艸,140.0
33706,艸,艸,140.0
33707,茻,艸,140.0
33708,,艸,140.0
33709,,艸,140.0
33710,,艸,140.0
33711,,艸,140.0
33712,,,140.0
33713,艸,艸,140.0
33714,艸,艸,140.0
33715,艸,艸,140.0
33716,,艸,140.0
33717,,艸,140.0
33718,艸,艸,140.0
33719,犬,犬,140.0
33720,艸,艸,140.0
33721,玉,玉,140.0
33722,鳥,鳥,140.0
33723,,,140.0
33724,艸,艸,140.0
33725,茻,艸,140.0
33726,茻,艸,140.0
33727,艸,艸,140.0
33728,艸,艸,140.0
33729,艸,艸,140.0
33730,,艸,140.0
33731,,艸,140.0
33732,,艸,140.0
33733,艸,艸,140.0
33734,艸,艸,140.0
33735,,艸,140.0
33736,,艸,140.0
33737,艸,艸,140.0
33738,艸,艸,140.0
33739,艸,艸,140.0
33740,艸,艸,140.0
33741,,艸,140.0
33742,艸,艸,140.0
33743,水,艸,140.0
33744,菐,艸,140.0
33745,艸,艸,140.0
33746,,艸,140.0
33747,,艸,140.0
33748,艸,艸,140.0
33749,,艸,140.0
33750,,艸,140.0
33751,,艸,140.0
33752,,艸,140.0
33753,,艸,140.0
33754,,艸,140.0
33755,,艸,140.0
33756,艸,艸,140.0
33757,,艸,140.0
33758,,艸,140.0
33759,,艸,140.0
33760,,艸,140.0
33761,艸,艸,140.0
33762,,艸,140.0
33763,艸,艸,140.0
33764,,艸,140.0
33765,,艸,140.0
33766,艸,艸,140.0
33767,,艸,140.0
33768,艸,艸,140.0
33769,艸,艸,140.0
33770,,艸,140.0
33771,,艸,140.0
33772,艸,艸,140.0
33773,艸,艸,140.0
33774,,艸,140.0
33775,華,艸,140.0
33776,艸,艸,140.0
33777,艸,艸,140.0
33778,艸,艸,140.0
33779,艸,艸,140.0
33780,,艸,140.0
33781,,艸,140.0
33782,艸,艸,140.0
33783,,艸,140.0
33784,艸,艸,140.0
33785,艸,艸,140.0
33786,,艸,140.0
33787,艸,艸,140.0
33788,艸,艸,140.0
33789,艸,艸,140.0
33790,,艸,140.0
33791,艸,艸,140.0
33792,,艸,140.0
33793,艸,艸,140.0
33794,,艸,140.0
33795,艸,艸,140.0
33796,艸,艸,140.0
33797,艸,艸,140.0
33798,艸,艸,140.0
33799,艸,艸,140.0
33800,萈,艸,140.0
33801,艸,艸,140.0
33802,艸,艸,140.0
33803,艸,艸,140.0
33804,艸,艸,140.0
33805,水,艸,140.0
33806,艸,艸,140.0
33807,艸,艸,140.0
33808,艸,艸,140.0
33809,艸,艸,140.0
33810,,艸,140.0
33811,,艸,140.0
33812,,艸,140.0
33813,,艸,140.0
33814,,艸,140.0
33815,,艸,140.0
33816,,,140.0
33817,,,140.0
33818,艸,艸,140.0
33819,,自,140.0
33820,,,140.0
33821,艸,艸,140.0
33822,,,140.0
33823,丮,,140.0
33824,,,140.0
33825,,,140.0
33826,,,140.0
33827,,,140.0
33828,,虫,140.0
33829,宮,火,140.0
33830,糸,糸,140.0
33831,艸,艸,140.0
33832,,艸,140.0
33833,艸,艸,140.0
33834,,艸,140.0
33835,,艸,140.0
33836,禸,艸,114.0
33837,艸,艸,140.0
33838,,艸,140.0
33839,艸,艸,140.0
33840,,艸,140.0
33841,艸,艸,140.0
33842,,艸,140.0
33843,,艸,140.0
33844,艸,艸,140.0
33845,,艸,140.0
33846,艸,艸,140.0
33847,,艸,140.0
33848,艸,艸,140.0
33849,艸,艸,140.0
33850,艸,艸,140.0
33851,,艸,140.0
33852,,艸,140.0
33853,艸,艸,140.0
33854,,艸,140.0
33855,,艸,140.0
33856,,艸,140.0
33857,,艸,140.0
33858,,艸,140.0
33859,,艸,140.0
33860,,艸,140.0
33861,,艸,140.0
33862,艸,艸,140.0
33863,,艸,140.0
33864,,艸,140.0
33865,艸,艸,140.0
33866,,艸,140.0
33867,,艸,140.0
33868,艸,艸,140.0
33869,艸,艸,140.0
33870,艸,艸,140.0
33871,艸,艸,140.0
33872,,艸,140.0
33873,艸,艸,140.0
33874,,艸,140.0
33875,,艸,140.0
33876,,艸,140.0
33877,,艸,140.0
33878,,艸,140.0
33879,竹,艸,140.0
33880,艸,艸,140.0
33881,,艸,140.0
33882,艸,艸,140.0
33883,艸,艸,140.0
33884,,艸,140.0
33885,,艸,140.0
33886,,艸,140.0
33887,舜,艸,140.0
33888,艸,艸,140.0
33889,,艸,140.0
33890,艸,皿,140.0
33891,艸,艸,140.0
33892,,艸,140.0
33893,艸,艸,140.0
33894,艸,艸,140.0
33895,,艸,140.0
33896,,艸,140.0
33897,艸,艸,140.0
33898,,艸,140.0
33899,,艸,140.0
33900,茻,艸,140.0
33901,艸,艸,140.0
33902,,艸,140.0
33903,,艸,140.0
33904,艸,艸,140.0
33905,艸,艸,140.0
33906,,艸,140.0
33907,,艸,140.0
33908,艸,艸,140.0
33909,艸,艸,140.0
33910,,艸,140.0
33911,艸,艸,140.0
33912,,艸,140.0
33913,,艸,140.0
33914,艸,艸,140.0
33915,艸,艸,140.0
33916,艸,艸,140.0
33917,艸,艸,140.0
33918,,艸,140.0
33919,,艸,140.0
33920,,艸,140.0
33921,艸,艸,140.0
33922,艸,艸,140.0
33923,,艸,140.0
33924,,艸,140.0
33925,,,140.0
33926,,,140.0
33927,艸,艸,140.0
33928,,,140.0
33929,艸,艸,140.0
33930,,,140.0
33931,艸,艸,140.0
33932,艸,艸,140.0
33933,艸,艸,140.0
33934,,,140.0
33935,,,140.0
33936,艸,艸,140.0
33937,,艸,140.0
33938,,艸,140.0
33939,艸,艸,140.0
33940,艸,艸,140.0
33941,,艸,140.0
33942,,艸,140.0
33943,,艸,140.0
33944,,艸,140.0
33945,艸,艸,140.0
33946,艸,艸,140.0
33947,,艸,140.0
33948,艸,艸,140.0
33949,艸,艸,140.0
33950,,艸,140.0
33951,艸,艸,140.0
33952,,艸,140.0
33953,,艸,140.0
33954,艸,艸,140.0
33955,,艸,140.0
33956,,艸,140.0
33957,,艸,140.0
33958,雈,艸,140.0
33959,,艸,140.0
33960,,艸,140.0
33961,艸,艸,140.0
33962,,艸,140.0
33963,,艸,140.0
33964,艸,艸,140.0
33965,艸,艸,140.0
33966,艸,艸,140.0
33967,艸,艸,140.0
33968,,艸,140.0
33969,,艸,140.0
33970,艸,艸,140.0
33971,,艸,140.0
33972,,艸,140.0
33973,,艸,140.0
33974,,艸,140.0
33975,,艸,140.0
33976,艸,艸,86.0
33977,艸,艸,140.0
33978,,艸,140.0
33979,艸,艸,140.0
33980,艸,艸,140.0
33981,,艸,140.0
33982,,艸,140.0
33983,艸,艸,140.0
33984,艸,艸,140.0
33985,艸,艸,140.0
33986,艸,艸,140.0
33987,,艸,140.0
33988,艸,艸,140.0
33989,,艸,140.0
33990,艸,艸,140.0
33991,,艸,140.0
33992,艸,艸,140.0
33993,艸,艸,140.0
33994,,艸,140.0
33995,艸,艸,140.0
33996,,艸,140.0
33997,艸,艸,140.0
33998,,艸,140.0
33999,艸,艸,140.0
34000,蓐,艸,140.0
34001,衣,艸,140.0
34002,,艸,140.0
34003,,艸,140.0
34004,,艸,140.0
34005,,艸,140.0
34006,艸,艸,140.0
34007,,艸,140.0
34008,,艸,140.0
34009,,,140.0
34010,艸,,140.0
34011,艸,艸,140.0
34012,,,140.0
34013,艸,艸,140.0
34014,,,140.0
34015,艸,艸,140.0
34016,艸,艸,140.0
34017,艸,艸,140.0
34018,,,140.0
34019,,艸,140.0
34020,,艸,140.0
34021,金,金,140.0
34022,馬,馬,140.0
34023,艸,艸,140.0
34024,艸,艸,140.0
34025,艸,艸,140.0
34026,,艸,140.0
34027,,艸,140.0
34028,艸,艸,140.0
34029,,艸,140.0
34030,艸,艸,140.0
34031,,艸,140.0
34032,,艸,140.0
34033,艸,艸,140.0
34034,艸,艸,140.0
34035,艸,艸,140.0
34036,艸,艸,140.0
34037,,艸,140.0
34038,艸,艸,140.0
34039,艸,艸,140.0
34040,艸,艸,140.0
34041,,艸,140.0
34042,丮,艸,140.0
34043,艸,艸,140.0
34044,艸,艸,140.0
34045,,艸,140.0
34046,艸,艸,140.0
34047,,艸,140.0
34048,,艸,140.0
34049,艸,艸,140.0
34050,,艸,140.0
34051,,艸,140.0
34052,,艸,140.0
34053,,艸,140.0
34054,艸,艸,140.0
34055,艸,艸,140.0
34056,艸,艸,140.0
34057,,艸,140.0
34058,,艸,140.0
34059,,艸,140.0
34060,,艸,140.0
34061,,艸,140.0
34062,艸,艸,140.0
34063,,艸,140.0
34064,,艸,140.0
34065,𥄕,艸,140.0
34066,,艸,140.0
34067,艸,艸,140.0
34068,,艸,140.0
34069,艸,艸,140.0
34070,,艸,140.0
34071,艸,艸,140.0
34072,,艸,140.0
34073,,艸,140.0
34074,艸,艸,140.0
34075,,艸,140.0
34076,,艸,140.0
34077,,艸,140.0
34078,艸,艸,140.0
34079,艸,艸,140.0
34080,,艸,140.0
34081,艸,艸,140.0
34082,,艸,140.0
34083,艸,艸,140.0
34084,艸,艸,140.0
34085,艸,艸,140.0
34086,艸,艸,140.0
34087,,艸,140.0
34088,,艸,140.0
34089,艸,艸,140.0
34090,艸,艸,140.0
34091,艸,艸,140.0
34092,艸,艸,140.0
34093,艸,艸,140.0
34094,,艸,140.0
34095,,艸,140.0
34096,,艸,140.0
34097,,艸,140.0
34098,,,140.0
34099,,艸,140.0
34100,,麻,140.0
34101,,艸,140.0
34102,,,140.0
34103,艸,艸,140.0
34104,,儿,140.0
34105,艸,艸,140.0
34106,艸,艸,140.0
34107,,艸,140.0
34108,言,艸,140.0
34109,艸,艸,140.0
34110,,艸,140.0
34111,艸,艸,140.0
34112,,艸,140.0
34113,艸,艸,140.0
34114,,艸,140.0
34115,艸,艸,140.0
34116,,艸,140.0
34117,艸,艸,140.0
34118,艸,艸,140.0
34119,艸,艸,140.0
34120,艸,艸,140.0
34121,艸,艸,140.0
34122,惢,艸,140.0
34123,,艸,140.0
34124,,艸,140.0
34125,,艸,140.0
34126,,艸,140.0
34127,,艸,140.0
34128,華,艸,140.0
34129,,艸,140.0
34130,,艸,140.0
34131,,艸,140.0
34132,,艸,140.0
34133,艸,艸,140.0
34134,,艸,140.0
34135,,艸,140.0
34136,艸,艸,140.0
34137,,艸,140.0
34138,,艸,140.0
34139,艸,艸,140.0
34140,,艸,140.0
34141,艸,艸,140.0
34142,,艸,140.0
34143,,艸,140.0
34144,,艸,140.0
34145,艸,艸,140.0
34146,艸,艸,140.0
34147,艸,艸,140.0
34148,艸,艸,140.0
34149,,艸,140.0
34150,,艸,140.0
34151,艸,艸,140.0
34152,艸,艸,140.0
34153,水,艸,140.0
34154,艸,艸,140.0
34155,艸,艸,140.0
34156,,艸,140.0
34157,艸,艸,140.0
34158,,艸,140.0
34159,,艸,140.0
34160,艸,艸,140.0
34161,,,140.0
34162,艸,艸,140.0
34163,,艸,140.0
34164,艸,艸,140.0
34165,,,140.0
34166,,艸,140.0
34167,,艸,140.0
34168,,艸,140.0
34169,,艸,140.0
34170,,艸,140.0
34171,,艸,140.0
34172,艸,艸,140.0
34173,,艸,140.0
34174,,艸,140.0
34175,艸,艸,140.0
34176,艸,艸,140.0
34177,艸,艸,140.0
34178,,艸,140.0
34179,,艸,140.0
34180,艸,艸,140.0
34181,蓐,艸,140.0
34182,,艸,140.0
34183,艸,艸,140.0
34184,艸,艸,140.0
34185,艸,艸,140.0
34186,艸,艸,140.0
34187,艸,艸,140.0
34188,艸,艸,140.0
34189,艸,艸,140.0
34190,,艸,140.0
34191,艸,艸,140.0
34192,,艸,140.0
34193,艸,艸,140.0
34194,,艸,140.0
34195,艸,艸,140.0
34196,艸,艸,140.0
34197,艸,艸,140.0
34198,艸,竹,140.0
34199,,艸,140.0
34200,,艸,140.0
34201,艸,艸,140.0
34202,,艸,140.0
34203,艸,艸,140.0
34204,艸,艸,140.0
34205,,艸,140.0
34206,,艸,140.0
34207,艸,艸,140.0
34208,艸,艸,140.0
34209,,,140.0
34210,艸,艸,140.0
34211,,艸,140.0
34212,韭,艸,140.0
34213,,艸,140.0
34214,廌,艸,140.0
34215,死,艸,140.0
34216,死,艸,140.0
34217,,艸,140.0
34218,艸,艸,140.0
34219,,,140.0
34220,,,140.0
34221,,,140.0
34222,艸,艸,140.0
34223,艸,艸,140.0
34224,艸,艸,140.0
34225,,艸,140.0
34226,艸,艸,140.0
34227,艸,艸,140.0
34228,艸,艸,140.0
34229,,艸,140.0
34230,艸,艸,140.0
34231,,艸,140.0
34232,,艸,140.0
34233,,艸,140.0
34234,艸,艸,140.0
34235,艸,艸,140.0
34236,,艸,140.0
34237,艸,艸,140.0
34238,艸,艸,140.0
34239,艸,艸,140.0
34240,,艸,140.0
34241,,艸,140.0
34242,,艸,140.0
34243,艸,艸,140.0
34244,艸,艸,140.0
34245,,艸,140.0
34246,,艸,140.0
34247,,艸,140.0
34248,,艸,140.0
34249,艸,艸,140.0
34250,,艸,140.0
34251,艸,艸,140.0
34252,艸,艸,140.0
34253,艸,艸,140.0
34254,艸,艸,140.0
34255,艸,艸,140.0
34256,艸,艸,140.0
34257,艸,艸,140.0
34258,艸,艸,140.0
34259,,艸,140.0
34260,,,140.0
34261,艸,艸,140.0
34262,,艸,140.0
34263,艸,艸,140.0
34264,,艸,140.0
34265,艸,艸,140.0
34266,艸,艸,140.0
34267,,艸,140.0
34268,艸,艸,140.0
34269,丮,艸,140.0
34270,,艸,140.0
34271,艸,艸,140.0
34272,,艸,140.0
34273,,艸,140.0
34274,,艸,140.0
34275,艸,艸,140.0
34276,糸,艸,140.0
34277,艸,艸,140.0
34278,,艸,140.0
34279,,艸,140.0
34280,艸,艸,140.0
34281,艸,艸,140.0
34282,艸,艸,140.0
34283,,艸,140.0
34284,,艸,140.0
34285,艸,艸,140.0
34286,,艸,140.0
34287,,艸,140.0
34288,,艸,140.0
34289,,艸,140.0
34290,,,140.0
34291,,禾,140.0
34292,艸,艸,140.0
34293,,,140.0
34294,,艸,140.0
34295,艸,艸,140.0
34296,艸,艸,140.0
34297,言,艸,140.0
34298,艸,艸,140.0
34299,艸,艸,140.0
34300,艸,艸,140.0
34301,,艸,140.0
34302,,艸,140.0
34303,艸,艸,140.0
34304,艸,艸,140.0
34305,,艸,140.0
34306,,艸,140.0
34307,,艸,140.0
34308,艸,艸,140.0
34309,,艸,140.0
34310,艸,艸,140.0
34311,艸,艸,140.0
34312,,艸,140.0
34313,,艸,140.0
34314,艸,艸,140.0
34315,艸,艸,140.0
34316,,艸,140.0
34317,,艸,140.0
34318,,艸,140.0
34319,,艸,140.0
34320,,,140.0
34321,,,140.0
34322,,,140.0
34323,艸,,140.0
34324,,,140.0
34325,,,140.0
34326,木,艸,140.0
34327,,艸,140.0
34328,艸,艸,140.0
34329,,艸,140.0
34330,,艸,140.0
34331,,艸,140.0
34332,艸,艸,140.0
34333,,艸,140.0
34334,艸,艸,140.0
34335,,艸,140.0
34336,艸,艸,140.0
34337,,艸,140.0
34338,艸,艸,140.0
34339,,艸,140.0
34340,,艸,140.0
34341,艸,艸,140.0
34342,艸,艸,140.0
34343,艸,艸,140.0
34344,艸,艸,140.0
34345,艸,艸,140.0
34346,艸,艸,140.0
34347,艸,艸,140.0
34348,艸,艸,140.0
34349,艸,艸,140.0
34350,,艸,140.0
34351,,艸,140.0
34352,,,140.0
34353,,艸,140.0
34354,,艸,140.0
34355,艸,艸,140.0
34356,,艸,140.0
34357,,艸,140.0
34358,,艸,140.0
34359,,,140.0
34360,艸,艸,140.0
34361,,艸,140.0
34362,艸,艸,140.0
34363,艸,艸,140.0
34364,艸,艸,140.0
34365,木,艸,140.0
34366,,艸,140.0
34367,艸,艸,140.0
34368,,艸,140.0
34369,,,140.0
34370,,艸,140.0
34371,,艸,140.0
34372,,,140.0
34373,,,140.0
34374,,艸,140.0
34375,,艸,140.0
34376,艸,艸,140.0
34377,,艸,140.0
34378,,艸,140.0
34379,艸,艸,140.0
34380,,艸,140.0
34381,虍,虍,141.0
34382,虎,虍,141.0
34383,毌,虍,141.0
34384,虍,虍,141.0
34385,思,虍,141.0
34386,虎,虍,27.0
34387,虎,虍,141.0
34388,虍,虍,141.0
34389,几,虍,141.0
34390,虍,虍,141.0
34391,丘,虍,141.0
34392,虍,虍,141.0
34393,虍,虍,141.0
34394,丘,虍,141.0
34395,丘,虍,141.0
34396,毌,虍,141.0
34397,虎,虍,141.0
34398,虍,虍,141.0
34399,号,虍,141.0
34400,,虍,141.0
34401,虍,虍,141.0
34402,虎,虍,141.0
34403,虎,虍,141.0
34404,虤,虍,141.0
34405,虎,虍,141.0
34406,虎,虍,141.0
34407,亏,虍,141.0
34408,虍,虍,141.0
34409,虎,虍,141.0
34410,虎,虍,141.0
34411,虫,虫,142.0
34412,虫,虫,142.0
34413,,虫,142.0
34414,虫,虫,142.0
34415,虫,虫,142.0
34416,,虫,142.0
34417,䖵,虫,142.0
34418,,,142.0
34419,,虫,142.0
34420,虫,虫,142.0
34421,它,虫,142.0
34422,,虫,142.0
34423,,虫,142.0
34424,,虫,142.0
34425,虫,虫,142.0
34426,虫,虫,142.0
34427,䖵,虫,142.0
34428,,虫,142.0
34429,虫,隹,142.0
34430,虫,虫,142.0
34431,虫,虫,142.0
34432,虫,虫,142.0
34433,虫,虫,142.0
34434,,虫,142.0
34435,,,142.0
34436,,虫,142.0
34437,,虫,142.0
34438,,虫,142.0
34439,,虫,142.0
34440,,虫,142.0
34441,䖵,虫,142.0
34442,䖵,虫,142.0
34443,虫,虫,142.0
34444,虫,虫,142.0
34445,蟲,虫,142.0
34446,,虫,142.0
34447,,虫,142.0
34448,,虫,142.0
34449,虫,虫,142.0
34450,,虫,142.0
34451,虫,虫,142.0
34452,虫,虫,142.0
34453,䖵,虫,142.0
34454,虫,虫,142.0
34455,虫,虫,142.0
34456,,虫,142.0
34457,,虫,142.0
34458,虫,虫,142.0
34459,,虫,142.0
34460,,虫,142.0
34461,,虫,142.0
34462,,虫,142.0
34463,,虫,142.0
34464,鼠,虫,142.0
34465,鼠,虫,142.0
34466,,虫,142.0
34467,虫,虫,142.0
34468,䖵,虫,142.0
34469,,虫,142.0
34470,虫,虫,142.0
34471,,虫,142.0
34472,虫,虫,142.0
34473,虫,虫,142.0
34474,,虫,142.0
34475,,虫,142.0
34476,虫,虫,142.0
34477,,虫,142.0
34478,,虫,142.0
34479,,虫,142.0
34480,,虫,142.0
34481,虫,虫,142.0
34482,,虫,142.0
34483,虫,虫,142.0
34484,,虫,142.0
34485,,虫,142.0
34486,,虫,142.0
34487,䖵,虫,142.0
34488,,虫,142.0
34489,,虫,142.0
34490,虫,虫,142.0
34491,,虫,142.0
34492,虫,虫,142.0
34493,,虫,142.0
34494,,虫,142.0
34495,,虫,142.0
34496,,虫,142.0
34497,虫,虫,142.0
34498,,虫,142.0
34499,,虫,142.0
34500,虫,虫,142.0
34501,虫,虫,142.0
34502,,虫,142.0
34503,它,虫,142.0
34504,,虫,142.0
34505,虫,虫,142.0
34506,蟲,虫,142.0
34507,,虫,142.0
34508,,虫,142.0
34509,,虫,142.0
34510,虫,虫,142.0
34511,,虫,142.0
34512,,虫,142.0
34513,蟲,虫,142.0
34514,,虫,142.0
34515,虫,虫,142.0
34516,虫,虫,142.0
34517,虫,虫,142.0
34518,,虫,142.0
34519,,虫,142.0
34520,虫,虫,142.0
34521,黽,虫,142.0
34522,虫,虫,142.0
34523,黽,虫,142.0
34524,虫,虫,142.0
34525,,虫,142.0
34526,,虫,142.0
34527,虫,虫,142.0
34528,,虫,142.0
34529,,虫,142.0
34530,虫,虫,142.0
34531,虫,虫,142.0
34532,虫,虫,142.0
34533,,虫,142.0
34534,,虫,142.0
34535,虫,虫,142.0
34536,,虫,142.0
34537,虫,虫,142.0
34538,,虫,142.0
34539,虫,虫,142.0
34540,,虫,142.0
34541,虫,虫,142.0
34542,虫,虫,142.0
34543,,,142.0
34544,虫,虫,142.0
34545,虫,虫,142.0
34546,虫,虫,142.0
34547,,虫,142.0
34548,虫,虫,142.0
34549,虫,虫,142.0
34550,虫,虫,142.0
34551,䖵,虫,142.0
34552,虫,虫,142.0
34553,虫,虫,142.0
34554,虫,虫,142.0
34555,虫,虫,142.0
34556,,虫,142.0
34557,,虫,142.0
34558,虫,虫,142.0
34559,,虫,142.0
34560,虫,虫,142.0
34561,,虫,142.0
34562,䖵,虫,142.0
34563,虫,虫,142.0
34564,虫,虫,142.0
34565,,虫,142.0
34566,虫,虫,142.0
34567,,虫,142.0
34568,,虫,142.0
34569,䖵,虫,142.0
34570,,虫,142.0
34571,虫,虫,142.0
34572,,虫,142.0
34573,,虫,142.0
34574,虫,虫,142.0
34575,,虫,142.0
34576,,虫,142.0
34577,虫,虫,142.0
34578,虫,虫,142.0
34579,虫,虫,142.0
34580,,虫,142.0
34581,虫,虫,142.0
34582,,虫,142.0
34583,虫,虫,142.0
34584,黽,虫,142.0
34585,虫,虫,142.0
34586,蟲,虫,142.0
34587,,虫,142.0
34588,䖵,虫,142.0
34589,,虫,142.0
34590,,虫,142.0
34591,,虫,142.0
34592,,虫,142.0
34593,虫,虫,142.0
34594,虫,虫,142.0
34595,,虫,142.0
34596,,虫,142.0
34597,虫,虫,142.0
34598,虫,虫,142.0
34599,虫,虫,142.0
34600,虫,虫,142.0
34601,虫,虫,142.0
34602,,虫,142.0
34603,,虫,142.0
34604,,虫,142.0
34605,虫,虫,142.0
34606,虫,虫,142.0
34607,,虫,142.0
34608,虫,虫,142.0
34609,䖵,虫,142.0
34610,,虫,142.0
34611,,虫,142.0
34612,易,虫,142.0
34613,,虫,142.0
34614,,虫,142.0
34615,,虫,142.0
34616,,虫,142.0
34617,虫,虫,142.0
34618,虫,虫,142.0
34619,虫,虫,142.0
34620,虫,虫,142.0
34621,虫,虫,142.0
34622,虫,虫,142.0
34623,,虫,142.0
34624,虫,虫,142.0
34625,虫,虫,142.0
34626,,虫,142.0
34627,,虫,142.0
34628,虫,虫,142.0
34629,,虫,142.0
34630,,虫,142.0
34631,黽,虫,142.0
34632,虫,虫,142.0
34633,虫,虫,142.0
34634,,,142.0
34635,,,142.0
34636,,虫,142.0
34637,,虫,142.0
34638,虫,虫,142.0
34639,,虫,142.0
34640,,虫,142.0
34641,虫,虫,142.0
34642,虫,虫,142.0
34643,虫,虫,142.0
34644,,虫,142.0
34645,虫,虫,142.0
34646,,虫,142.0
34647,虫,虫,142.0
34648,虫,虫,142.0
34649,虫,虫,142.0
34650,虫,虫,142.0
34651,,虫,142.0
34652,,虫,142.0
34653,虫,虫,142.0
34654,,虫,142.0
34655,㣇,虫,142.0
34656,虫,虫,142.0
34657,虫,虫,142.0
34658,,虫,142.0
34659,,虫,142.0
34660,虫,虫,142.0
34661,虫,虫,142.0
34662,虫,虫,142.0
34663,,虫,142.0
34664,䖵,虫,142.0
34665,,虫,142.0
34666,,虫,142.0
34667,,虫,142.0
34668,,虫,142.0
34669,,虫,142.0
34670,虫,虫,142.0
34671,虫,虫,142.0
34672,,虫,142.0
34673,䖵,虫,142.0
34674,,虫,142.0
34675,,虫,142.0
34676,,虫,142.0
34677,,虫,142.0
34678,虫,虫,142.0
34679,,虫,142.0
34680,虫,虫,142.0
34681,,虫,142.0
34682,,虫,142.0
34683,,,142.0
34684,虫,虫,142.0
34685,䖵,足,142.0
34686,,虫,142.0
34687,,虫,142.0
34688,,虫,142.0
34689,,,142.0
34690,,虫,142.0
34691,,虫,142.0
34692,,虫,142.0
34693,,虫,142.0
34694,,虫,142.0
34695,虫,虫,142.0
34696,,虫,142.0
34697,虫,虫,142.0
34698,虫,虫,142.0
34699,,虫,142.0
34700,虫,虫,142.0
34701,鬲,虫,142.0
34702,,虫,142.0
34703,,虫,142.0
34704,,虫,142.0
34705,,虫,142.0
34706,,虫,142.0
34707,,虫,142.0
34708,,虫,142.0
34709,虫,虫,142.0
34710,,虫,142.0
34711,,虫,142.0
34712,虫,虫,142.0
34713,䖵,虫,142.0
34714,,虫,142.0
34715,,虫,142.0
34716,,虫,142.0
34717,虫,虫,142.0
34718,,虫,142.0
34719,虫,虫,142.0
34720,,虫,142.0
34721,,虫,142.0
34722,,虫,142.0
34723,虫,虫,142.0
34724,,虫,142.0
34725,,,142.0
34726,,,142.0
34727,,,142.0
34728,,,142.0
34729,,,142.0
34730,,虫,142.0
34731,虫,虫,142.0
34732,䖵,虫,142.0
34733,虫,虫,142.0
34734,虫,虫,142.0
34735,,虫,142.0
34736,,虫,142.0
34737,,虫,142.0
34738,,虫,142.0
34739,虫,虫,142.0
34740,,虫,142.0
34741,,虫,142.0
34742,䖵,虫,142.0
34743,虫,虫,142.0
34744,虫,虫,142.0
34745,虫,虫,142.0
34746,,虫,142.0
34747,虫,虫,142.0
34748,虫,虫,142.0
34749,䖵,虫,142.0
34750,虫,虫,142.0
34751,,虫,142.0
34752,虫,虫,142.0
34753,䖵,虫,142.0
34754,,虫,142.0
34755,,虫,142.0
34756,虫,虫,142.0
34757,虫,虫,142.0
34758,虫,虫,142.0
34759,虫,虫,142.0
34760,虫,虫,142.0
34761,虫,虫,142.0
34762,䖵,虫,142.0
34763,虫,虫,142.0
34764,,虫,142.0
34765,,虫,142.0
34766,,,142.0
34767,虫,虫,142.0
34768,,,142.0
34769,,,142.0
34770,,虫,142.0
34771,,虫,142.0
34772,,虫,142.0
34773,,虫,142.0
34774,,虫,142.0
34775,,虫,142.0
34776,虫,虫,142.0
34777,,虫,142.0
34778,,虫,142.0
34779,,虫,142.0
34780,虫,虫,142.0
34781,,虫,142.0
34782,,虫,142.0
34783,,虫,142.0
34784,虫,虫,142.0
34785,辵,虫,142.0
34786,,虫,142.0
34787,虫,虫,142.0
34788,,虫,142.0
34789,虫,虫,142.0
34790,,虫,142.0
34791,,虫,142.0
34792,虫,虫,142.0
34793,,虫,142.0
34794,虫,虫,142.0
34795,虫,虫,142.0
34796,虫,虫,142.0
34797,,虫,142.0
34798,虫,虫,142.0
34799,虫,虫,142.0
34800,虫,虫,142.0
34801,,虫,142.0
34802,蟲,虫,142.0
34803,,虫,142.0
34804,,虫,142.0
34805,,,142.0
34806,,虫,142.0
34807,虫,虫,142.0
34808,,虫,142.0
34809,虫,虫,142.0
34810,虫,虫,142.0
34811,虫,虫,142.0
34812,,虫,142.0
34813,,虫,142.0
34814,,虫,142.0
34815,,虫,142.0
34816,,虫,142.0
34817,虫,虫,142.0
34818,,虫,142.0
34819,虫,虫,142.0
34820,,虫,142.0
34821,黽,虫,142.0
34822,虫,虫,142.0
34823,虫,虫,142.0
34824,,虫,142.0
34825,虫,虫,142.0
34826,,虫,142.0
34827,,虫,142.0
34828,,虫,142.0
34829,,虫,142.0
34830,,虫,142.0
34831,虫,虫,142.0
34832,虫,虫,142.0
34833,,虫,142.0
34834,,虫,142.0
34835,虫,虫,142.0
34836,,虫,142.0
34837,,虫,142.0
34838,虫,虫,142.0
34839,虫,虫,142.0
34840,,虫,142.0
34841,玉,玉,142.0
34842,虫,虫,142.0
34843,虫,虫,142.0
34844,虫,虫,142.0
34845,,虫,142.0
34846,,虫,142.0
34847,,虫,142.0
34848,,虫,142.0
34849,䖵,虫,142.0
34850,䖵,虫,142.0
34851,虫,虫,142.0
34852,,虫,142.0
34853,虫,虫,142.0
34854,,虫,142.0
34855,䖵,虫,142.0
34856,虫,虫,142.0
34857,,虫,142.0
34858,虫,虫,142.0
34859,,虫,142.0
34860,虫,,142.0
34861,䖵,虫,142.0
34862,,虫,142.0
34863,虫,虫,142.0
34864,虫,虫,142.0
34865,蟲,虫,142.0
34866,虫,虫,142.0
34867,,虫,142.0
34868,,,142.0
34869,虫,虫,142.0
34870,䖵,虫,142.0
34871,,虫,142.0
34872,虫,虫,142.0
34873,䖵,虫,142.0
34874,䖵,虫,142.0
34875,虫,虫,142.0
34876,,虫,142.0
34877,䖵,虫,142.0
34878,,虫,142.0
34879,䖵,虫,142.0
34880,血,血,143.0
34881,血,血,143.0
34882,血,血,143.0
34883,血,血,143.0
34884,血,血,143.0
34885,爨,血,143.0
34886,㐺,血,143.0
34887,𠂢,血,143.0
34888,,血,143.0
34889,,血,143.0
34890,血,血,143.0
34891,血,血,143.0
34892,行,行,144.0
34893,水,行,144.0
34894,行,行,144.0
34895,,行,144.0
34896,,,144.0
34897,,行,144.0
34898,行,行,144.0
34899,行,行,144.0
34900,金,金,144.0
34901,行,行,144.0
34902,,行,144.0
34903,行,行,144.0
34904,,行,144.0
34905,行,行,144.0
34906,,行,144.0
34907,行,行,144.0
34908,,行,144.0
34909,行,行,144.0
34910,行,行,144.0
34911,,行,144.0
34912,,行,144.0
34913,角,行,144.0
34914,行,行,144.0
34915,衣,衣,145.0
34916,,衣,145.0
34917,衣,衣,145.0
34918,衣,衣,145.0
34919,衣,衣,145.0
34920,衣,衣,145.0
34921,,衣,145.0
34922,衣,衣,145.0
34923,衣,衣,145.0
34924,,衣,145.0
34925,衣,衣,145.0
34926,衣,衣,145.0
34927,衣,衣,145.0
34928,衣,衣,145.0
34929,,衣,145.0
34930,,衣,145.0
34931,,衣,145.0
34932,,衣,145.0
34933,衣,衣,145.0
34934,,衣,145.0
34935,衣,衣,145.0
34936,衣,衣,145.0
34937,糸,衣,145.0
34938,衣,衣,145.0
34939,,衣,145.0
34940,,衣,145.0
34941,衣,衣,145.0
34942,衣,衣,145.0
34943,糸,衣,145.0
34944,衣,衣,145.0
34945,衣,衣,145.0
34946,衣,衣,145.0
34947,,衣,145.0
34948,衣,衣,145.0
34949,女,衣,145.0
34950,衣,衣,145.0
34951,,衣,145.0
34952,,衣,145.0
34953,衣,衣,145.0
34954,,衣,145.0
34955,巾,衣,145.0
34956,衣,衣,145.0
34957,衣,衣,145.0
34958,,衣,145.0
34959,,衣,145.0
34960,,衣,145.0
34961,衣,衣,145.0
34962,衣,衣,145.0
34963,衣,衣,145.0
34964,,衣,145.0
34965,,衣,145.0
34966,衣,衣,145.0
34967,衣,衣,145.0
34968,衣,衣,145.0
34969,,衣,145.0
34970,衣,衣,145.0
34971,衣,衣,145.0
34972,韋,衣,145.0
34973,,衣,145.0
34974,衣,衣,145.0
34975,巾,衣,145.0
34976,巾,衣,145.0
34977,,衣,145.0
34978,衣,衣,145.0
34979,,衣,145.0
34980,衣,衣,145.0
34981,衣,衣,145.0
34982,,衣,145.0
34983,,衣,145.0
34984,衣,衣,145.0
34985,,衣,145.0
34986,衣,衣,145.0
34987,衣,衣,145.0
34988,,衣,145.0
34989,衣,衣,145.0
34990,,衣,145.0
34991,,衣,145.0
34992,,,145.0
34993,,衣,145.0
34994,衣,衣,145.0
34995,衣,衣,145.0
34996,,衣,145.0
34997,,衣,145.0
34998,,衣,145.0
34999,衣,衣,145.0
35000,,衣,145.0
35001,,衣,145.0
35002,衣,衣,145.0
35003,,衣,145.0
35004,,衣,145.0
35005,,衣,145.0
35006,衣,衣,145.0
35007,,衣,145.0
35008,,衣,145.0
35009,衣,衣,145.0
35010,衣,衣,145.0
35011,,,145.0
35012,,,145.0
35013,衣,衣,145.0
35014,,衣,145.0
35015,,,145.0
35016,,衣,145.0
35017,,,145.0
35018,衣,衣,145.0
35019,衣,衣,145.0
35020,衣,衣,145.0
35021,,衣,145.0
35022,衣,衣,145.0
35023,衣,衣,145.0
35024,,衣,145.0
35025,,衣,145.0
35026,衣,衣,145.0
35027,,衣,145.0
35028,衣,衣,145.0
35029,衣,衣,145.0
35030,衣,衣,145.0
35031,,衣,145.0
35032,裘,衣,145.0
35033,巾,衣,145.0
35034,,衣,145.0
35035,衣,衣,145.0
35036,衣,衣,145.0
35037,衣,衣,145.0
35038,衣,衣,145.0
35039,,衣,145.0
35040,巾,衣,145.0
35041,衣,衣,145.0
35042,,,145.0
35043,,衣,145.0
35044,,衣,145.0
35045,,衣,145.0
35046,,衣,145.0
35047,,衣,145.0
35048,衣,衣,145.0
35049,,衣,145.0
35050,,衣,145.0
35051,,衣,145.0
35052,,衣,145.0
35053,,衣,145.0
35054,,衣,145.0
35055,衣,衣,145.0
35056,,衣,145.0
35057,,衣,145.0
35058,,衣,145.0
35059,巾,衣,145.0
35060,衣,衣,145.0
35061,衣,衣,145.0
35062,衣,衣,145.0
35063,,衣,145.0
35064,衣,衣,145.0
35065,衣,衣,145.0
35066,衣,衣,145.0
35067,衣,衣,145.0
35068,衣,衣,145.0
35069,衣,衣,145.0
35070,衣,衣,145.0
35071,,衣,145.0
35072,,衣,145.0
35073,,衣,145.0
35074,,衣,145.0
35075,,,145.0
35076,,,145.0
35077,衣,衣,145.0
35078,衣,衣,145.0
35079,衣,衣,145.0
35080,,衣,145.0
35081,,衣,145.0
35082,衣,衣,145.0
35083,衣,衣,145.0
35084,巾,衣,145.0
35085,衣,衣,145.0
35086,衣,衣,145.0
35087,衣,衣,145.0
35088,衣,衣,145.0
35089,,衣,145.0
35090,衣,衣,145.0
35091,衣,衣,145.0
35092,,衣,145.0
35093,衣,衣,145.0
35094,,衣,145.0
35095,衣,衣,145.0
35096,衣,衣,145.0
35097,,衣,145.0
35098,衣,衣,145.0
35099,衣,衣,145.0
35100,,,145.0
35101,,衣,145.0
35102,,衣,145.0
35103,,衣,145.0
35104,,衣,145.0
35105,,衣,145.0
35106,衣,衣,145.0
35107,,衣,145.0
35108,,衣,145.0
35109,,衣,145.0
35110,,衣,145.0
35111,衣,衣,145.0
35112,,衣,145.0
35113,,衣,145.0
35114,,衣,145.0
35115,衣,衣,145.0
35116,,衣,145.0
35117,衣,衣,145.0
35118,衣,衣,145.0
35119,,衣,145.0
35120,衣,衣,145.0
35121,衣,衣,145.0
35122,,,145.0
35123,,,145.0
35124,衣,衣,145.0
35125,,衣,145.0
35126,,衣,145.0
35127,,衣,145.0
35128,衣,衣,145.0
35129,,衣,145.0
35130,衣,衣,145.0
35131,衣,衣,145.0
35132,,衣,145.0
35133,衣,衣,145.0
35134,,衣,145.0
35135,衣,衣,145.0
35136,,衣,145.0
35137,衣,衣,145.0
35138,,衣,145.0
35139,衣,衣,145.0
35140,衣,衣,145.0
35141,,,145.0
35142,,衣,145.0
35143,,衣,145.0
35144,,衣,145.0
35145,,衣,145.0
35146,,衣,145.0
35147,衣,衣,145.0
35148,衣,衣,145.0
35149,衣,衣,145.0
35150,,衣,145.0
35151,,衣,145.0
35152,衣,衣,145.0
35153,衣,衣,145.0
35154,,衣,145.0
35155,,衣,145.0
35156,,,145.0
35157,,衣,145.0
35158,衣,衣,145.0
35159,衣,衣,145.0
35160,衣,衣,145.0
35161,,衣,145.0
35162,衣,衣,145.0
35163,衣,衣,145.0
35164,衣,衣,145.0
35165,,衣,145.0
35166,衣,衣,145.0
35167,,衣,145.0
35168,,衣,145.0
35169,衣,衣,145.0
35170,衣,衣,145.0
35171,,衣,145.0
35172,衣,衣,145.0
35173,,衣,145.0
35174,衣,衣,145.0
35175,,衣,145.0
35176,,,145.0
35177,衣,衣,145.0
35178,韋,衣,145.0
35179,,衣,145.0
35180,,衣,145.0
35181,衣,衣,145.0
35182,衣,衣,145.0
35183,,衣,145.0
35184,,衣,145.0
35185,衣,衣,145.0
35186,衣,衣,145.0
35187,,衣,145.0
35188,,衣,145.0
35189,,衣,145.0
35190,,衣,145.0
35191,,,145.0
35192,,衣,145.0
35193,,衣,145.0
35194,衣,衣,145.0
35195,,衣,145.0
35196,,衣,145.0
35197,,,145.0
35198,襾,襾,146.0
35199,西,襾,146.0
35200,,襾,146.0
35201,𦥑,襾,146.0
35202,襾,襾,146.0
35203,㫗,襾,146.0
35204,,襾,146.0
35205,,,146.0
35206,襾,襾,146.0
35207,,襾,146.0
35208,襾,襾,146.0
35209,网,襾,146.0
35210,,襾,146.0
35211,見,見,147.0
35212,,見,147.0
35213,皃,見,147.0
35214,,見,147.0
35215,夫,見,147.0
35216,,見,147.0
35217,,見,147.0
35218,見,見,147.0
35219,𠂢,見,147.0
35220,,見,147.0
35221,見,見,147.0
35222,見,見,113.0
35223,,見,147.0
35224,見,見,147.0
35225,,見,147.0
35226,,見,147.0
35227,𠂢,見,147.0
35228,見,見,147.0
35229,見,見,147.0
35230,覞,見,147.0
35231,,見,147.0
35232,,見,147.0
35233,巫,見,147.0
35234,見,見,147.0
35235,見,見,147.0
35236,,見,147.0
35237,,見,147.0
35238,見,見,147.0
35239,,見,147.0
35240,,見,147.0
35241,目,見,147.0
35242,見,見,147.0
35243,,見,147.0
35244,見,見,147.0
35245,見,見,147.0
35246,,見,147.0
35247,見,見,147.0
35248,見,見,147.0
35249,,見,147.0
35250,見,見,147.0
35251,,見,147.0
35252,,見,147.0
35253,,見,147.0
35254,見,見,147.0
35255,見,見,147.0
35256,,見,147.0
35257,見,見,147.0
35258,見,見,147.0
35259,見,見,147.0
35260,,見,147.0
35261,見,見,147.0
35262,,見,147.0
35263,見,見,147.0
35264,見,見,147.0
35265,見,見,147.0
35266,見,見,147.0
35267,,見,147.0
35268,夫,見,147.0
35269,𠂢,見,147.0
35270,見,見,113.0
35271,見,見,147.0
35272,見,見,147.0
35273,見,見,147.0
35274,見,見,147.0
35275,巫,見,147.0
35276,見,見,147.0
35277,,見,147.0
35278,見,見,147.0
35279,見,見,147.0
35280,見,見,147.0
35281,見,見,147.0
35282,角,角,148.0
35283,角,角,148.0
35284,,角,148.0
35285,角,角,148.0
35286,,角,148.0
35287,角,角,148.0
35288,,角,148.0
35289,,角,148.0
35290,角,角,148.0
35291,角,角,148.0
35292,角,角,148.0
35293,,角,148.0
35294,角,角,148.0
35295,角,角,148.0
35296,角,角,148.0
35297,角,角,148.0
35298,角,角,148.0
35299,角,角,148.0
35300,角,角,148.0
35301,角,角,148.0
35302,角,角,148.0
35303,,角,148.0
35304,,角,148.0
35305,,角,148.0
35306,角,角,148.0
35307,,角,148.0
35308,角,角,148.0
35309,角,角,148.0
35310,,角,148.0
35311,角,角,148.0
35312,角,角,148.0
35313,角,角,148.0
35314,角,角,148.0
35315,角,角,148.0
35316,角,角,148.0
35317,角,角,148.0
35318,角,角,148.0
35319,角,角,148.0
35320,角,角,148.0
35321,角,角,148.0
35322,,角,148.0
35323,角,角,148.0
35324,角,角,148.0
35325,角,角,148.0
35326,,角,148.0
35327,角,角,148.0
35328,言,言,149.0
35329,,言,149.0
35330,言,言,149.0
35331,走,言,149.0
35332,言,言,149.0
35333,言,言,149.0
35334,言,言,149.0
35335,言,言,149.0
35336,言,言,149.0
35337,,言,149.0
35338,言,言,149.0
35339,,言,149.0
35340,言,言,149.0
35341,,言,149.0
35342,言,言,149.0
35343,言,言,149.0
35344,言,言,149.0
35345,言,言,149.0
35346,言,言,149.0
35347,言,言,149.0
35348,,言,149.0
35349,言,言,149.0
35350,言,言,149.0
35351,言,言,149.0
35352,言,言,149.0
35353,,言,149.0
35354,言,言,149.0
35355,言,言,149.0
35356,,言,149.0
35357,言,言,149.0
35358,,言,149.0
35359,言,言,149.0
35360,,言,149.0
35361,口,言,149.0
35362,言,言,149.0
35363,言,言,149.0
35364,,言,149.0
35365,言,言,149.0
35366,言,言,149.0
35367,言,言,149.0
35368,言,言,149.0
35369,言,言,149.0
35370,言,言,149.0
35371,言,言,149.0
35372,言,言,149.0
35373,言,言,149.0
35374,言,言,149.0
35375,,言,149.0
35376,,言,149.0
35377,言,言,149.0
35378,言,言,149.0
35379,,言,149.0
35380,言,言,149.0
35381,,言,149.0
35382,言,言,149.0
35383,,言,149.0
35384,,言,149.0
35385,言,言,149.0
35386,言,言,149.0
35387,,言,149.0
35388,言,言,149.0
35389,言,言,149.0
35390,言,言,149.0
35391,言,言,149.0
35392,,言,149.0
35393,言,言,149.0
35394,,言,149.0
35395,,言,149.0
35396,言,言,149.0
35397,,言,149.0
35398,言,言,149.0
35399,言,言,149.0
35400,网,言,149.0
35401,,言,149.0
35402,,言,149.0
35403,,言,149.0
35404,,言,149.0
35405,言,言,149.0
35406,言,言,149.0
35407,,言,149.0
35408,言,言,149.0
35409,言,言,149.0
35410,言,言,149.0
35411,,言,149.0
35412,言,言,149.0
35413,,言,149.0
35414,言,言,149.0
35415,言,言,149.0
35416,言,言,149.0
35417,,言,149.0
35418,,言,149.0
35419,言,言,149.0
35420,,言,149.0
35421,,言,149.0
35422,司,言,149.0
35423,言,言,149.0
35424,言,言,149.0
35425,言,言,149.0
35426,言,言,149.0
35427,言,言,149.0
35428,言,言,149.0
35429,言,言,149.0
35430,言,言,149.0
35431,言,言,149.0
35432,,言,149.0
35433,言,言,149.0
35434,言,言,149.0
35435,,言,149.0
35436,言,言,149.0
35437,言,言,149.0
35438,言,言,149.0
35439,言,言,149.0
35440,言,言,149.0
35441,言,言,149.0
35442,言,言,149.0
35443,言,言,149.0
35444,,言,149.0
35445,言,言,149.0
35446,言,言,149.0
35447,言,言,149.0
35448,,言,149.0
35449,八,言,149.0
35450,,言,149.0
35451,言,言,149.0
35452,,言,149.0
35453,言,言,149.0
35454,言,言,149.0
35455,言,言,149.0
35456,,言,149.0
35457,,言,149.0
35458,言,言,149.0
35459,言,言,149.0
35460,言,言,149.0
35461,言,言,149.0
35462,,言,149.0
35463,言,言,149.0
35464,,言,149.0
35465,言,言,149.0
35466,言,言,149.0
35467,言,言,149.0
35468,言,言,149.0
35469,,言,149.0
35470,言,言,149.0
35471,,言,149.0
35472,言,言,149.0
35473,言,言,149.0
35474,言,言,149.0
35475,言,言,149.0
35476,,言,149.0
35477,言,言,149.0
35478,言,言,149.0
35479,,言,149.0
35480,厶,言,149.0
35481,,言,149.0
35482,言,言,149.0
35483,,言,149.0
35484,,言,149.0
35485,,言,149.0
35486,言,言,149.0
35487,,言,149.0
35488,言,言,149.0
35489,言,言,149.0
35490,,言,149.0
35491,言,言,149.0
35492,言,言,149.0
35493,言,言,149.0
35494,言,言,149.0
35495,言,言,149.0
35496,言,言,149.0
35497,誩,言,149.0
35498,言,言,149.0
35499,,言,149.0
35500,言,言,149.0
35501,,言,149.0
35502,,,149.0
35503,,言,149.0
35504,言,言,149.0
35505,,言,149.0
35506,言,言,149.0
35507,言,言,149.0
35508,,言,149.0
35509,,言,149.0
35510,言,言,149.0
35511,,言,149.0
35512,,言,149.0
35513,言,言,149.0
35514,,言,149.0
35515,言,言,149.0
35516,言,言,149.0
35517,言,言,149.0
35518,言,言,149.0
35519,言,言,149.0
35520,,言,149.0
35521,,言,149.0
35522,言,言,149.0
35523,,言,149.0
35524,言,言,149.0
35525,言,言,149.0
35526,言,言,149.0
35527,言,言,149.0
35528,言,言,149.0
35529,言,言,149.0
35530,,言,149.0
35531,言,言,149.0
35532,,言,149.0
35533,言,言,149.0
35534,言,言,149.0
35535,言,言,149.0
35536,心,言,149.0
35537,,言,149.0
35538,言,言,149.0
35539,言,言,149.0
35540,宀,言,149.0
35541,言,言,149.0
35542,言,言,149.0
35543,言,言,149.0
35544,,言,149.0
35545,,言,149.0
35546,,言,149.0
35547,言,言,149.0
35548,言,言,149.0
35549,言,言,149.0
35550,言,言,149.0
35551,言,言,149.0
35552,,言,149.0
35553,言,言,149.0
35554,,言,149.0
35555,言,言,149.0
35556,,言,149.0
35557,,言,149.0
35558,言,言,149.0
35559,言,言,149.0
35560,,言,149.0
35561,,言,149.0
35562,,言,149.0
35563,言,言,149.0
35564,,言,149.0
35565,言,言,149.0
35566,,言,149.0
35567,言,言,149.0
35568,言,言,149.0
35569,言,言,149.0
35570,,言,149.0
35571,言,言,149.0
35572,言,言,149.0
35573,,言,149.0
35574,言,言,149.0
35575,言,言,149.0
35576,言,言,149.0
35577,,言,149.0
35578,言,言,149.0
35579,,言,149.0
35580,言,言,149.0
35581,言,言,149.0
35582,言,言,149.0
35583,,言,149.0
35584,言,言,149.0
35585,言,言,149.0
35586,言,言,149.0
35587,,,149.0
35588,言,言,149.0
35589,,言,149.0
35590,,言,149.0
35591,,言,149.0
35592,言,言,149.0
35593,,言,149.0
35594,,言,149.0
35595,,言,149.0
35596,欠,言,149.0
35597,言,言,149.0
35598,言,言,149.0
35599,言,言,149.0
35600,言,言,149.0
35601,言,言,149.0
35602,,言,149.0
35603,言,言,149.0
35604,言,言,149.0
35605,,言,149.0
35606,,言,149.0
35607,言,言,149.0
35608,言,言,149.0
35609,言,言,149.0
35610,言,言,149.0
35611,言,言,149.0
35612,言,言,149.0
35613,言,言,149.0
35614,,言,149.0
35615,,言,149.0
35616,言,言,149.0
35617,言,言,149.0
35618,,言,149.0
35619,言,言,149.0
35620,,言,149.0
35621,,言,149.0
35622,言,言,149.0
35623,言,言,149.0
35624,言,言,149.0
35625,言,言,149.0
35626,,言,149.0
35627,言,言,149.0
35628,言,言,149.0
35629,,言,149.0
35630,口,言,149.0
35631,言,言,149.0
35632,言,言,149.0
35633,言,言,149.0
35634,言,言,149.0
35635,言,言,149.0
35636,,言,149.0
35637,言,言,149.0
35638,,言,149.0
35639,言,言,149.0
35640,言,言,149.0
35641,言,言,149.0
35642,言,言,149.0
35643,,言,149.0
35644,言,言,149.0
35645,,言,149.0
35646,言,言,149.0
35647,口,言,149.0
35648,言,言,149.0
35649,言,言,149.0
35650,,言,149.0
35651,,言,149.0
35652,言,言,149.0
35653,,言,149.0
35654,言,言,149.0
35655,言,言,149.0
35656,,言,149.0
35657,言,言,149.0
35658,言,言,149.0
35659,言,言,149.0
35660,言,言,149.0
35661,言,言,149.0
35662,言,言,149.0
35663,言,言,149.0
35664,,言,149.0
35665,,言,149.0
35666,言,言,149.0
35667,,言,149.0
35668,言,言,149.0
35669,,言,149.0
35670,言,言,149.0
35671,,言,149.0
35672,言,言,149.0
35673,言,言,149.0
35674,邑,言,149.0
35675,言,,149.0
35676,言,言,149.0
35677,,言,149.0
35678,言,言,149.0
35679,言,言,149.0
35680,,言,149.0
35681,,言,149.0
35682,,言,149.0
35683,言,言,149.0
35684,言,言,149.0
35685,言,言,149.0
35686,言,言,149.0
35687,,言,149.0
35688,,言,149.0
35689,,言,149.0
35690,言,言,149.0
35691,,言,149.0
35692,言,言,149.0
35693,,言,149.0
35694,言,言,149.0
35695,言,言,149.0
35696,言,言,149.0
35697,誩,言,149.0
35698,,言,149.0
35699,,言,149.0
35700,言,言,149.0
35701,,言,149.0
35702,言,言,149.0
35703,言,言,149.0
35704,言,言,149.0
35705,,言,149.0
35706,言,言,149.0
35707,言,言,149.0
35708,,言,149.0
35709,言,言,149.0
35710,,言,149.0
35711,,言,149.0
35712,言,言,149.0
35713,,言,149.0
35714,言,言,149.0
35715,,言,149.0
35716,言,言,149.0
35717,,宀,149.0
35718,,心,149.0
35719,言,言,149.0
35720,,言,149.0
35721,,言,149.0
35722,攴,言,149.0
35723,言,言,149.0
35724,燕,言,149.0
35725,,言,149.0
35726,言,言,149.0
35727,,言,149.0
35728,言,言,149.0
35729,,言,149.0
35730,言,言,149.0
35731,言,言,149.0
35732,,言,149.0
35733,言,言,149.0
35734,言,言,149.0
35735,言,言,149.0
35736,言,言,149.0
35737,言,言,149.0
35738,,言,149.0
35739,,言,149.0
35740,言,言,149.0
35741,,言,149.0
35742,,言,149.0
35743,誩,言,149.0
35744,,言,149.0
35745,言,言,149.0
35746,言,言,149.0
35747,走,言,149.0
35748,,言,149.0
35749,言,言,149.0
35750,言,言,149.0
35751,言,言,149.0
35752,言,言,149.0
35753,言,言,149.0
35754,言,言,149.0
35755,言,言,149.0
35756,言,言,149.0
35757,言,言,149.0
35758,言,言,149.0
35759,言,言,149.0
35760,言,言,149.0
35761,言,言,149.0
35762,言,言,149.0
35763,言,言,149.0
35764,言,言,149.0
35765,言,言,149.0
35766,言,言,149.0
35767,言,言,149.0
35768,言,言,149.0
35769,言,言,149.0
35770,言,言,149.0
35771,言,言,149.0
35772,言,言,149.0
35773,言,言,149.0
35774,言,言,149.0
35775,言,言,149.0
35776,言,言,149.0
35777,言,言,149.0
35778,言,言,149.0
35779,言,言,149.0
35780,,言,149.0
35781,言,言,149.0
35782,言,言,149.0
35783,言,言,149.0
35784,言,言,149.0
35785,言,言,149.0
35786,言,言,149.0
35787,言,言,149.0
35788,,言,149.0
35789,司,言,149.0
35790,言,言,149.0
35791,言,言,149.0
35792,言,言,149.0
35793,言,言,149.0
35794,言,言,149.0
35795,,言,149.0
35796,言,言,149.0
35797,言,言,149.0
35798,言,言,149.0
35799,言,言,149.0
35800,言,言,149.0
35801,,言,149.0
35802,言,言,149.0
35803,言,言,149.0
35804,言,言,149.0
35805,言,言,149.0
35806,言,言,149.0
35807,言,言,149.0
35808,言,言,149.0
35809,言,言,149.0
35810,言,言,149.0
35811,言,言,149.0
35812,言,言,149.0
35813,言,言,149.0
35814,言,言,149.0
35815,,言,149.0
35816,,言,149.0
35817,言,言,149.0
35818,言,言,149.0
35819,言,言,149.0
35820,言,言,149.0
35821,言,言,149.0
35822,言,言,149.0
35823,言,言,149.0
35824,言,言,149.0
35825,厶,厶,149.0
35826,言,言,149.0
35827,言,言,149.0
35828,言,言,149.0
35829,言,言,149.0
35830,言,言,149.0
35831,言,言,149.0
35832,言,言,149.0
35833,言,言,149.0
35834,言,言,149.0
35835,言,言,149.0
35836,,言,149.0
35837,言,言,149.0
35838,言,言,149.0
35839,言,言,149.0
35840,言,言,149.0
35841,言,言,149.0
35842,言,言,149.0
35843,言,言,149.0
35844,言,言,149.0
35845,言,言,149.0
35846,言,言,149.0
35847,言,言,149.0
35848,言,言,149.0
35849,,,149.0
35850,言,言,149.0
35851,言,言,149.0
35852,言,言,149.0
35853,言,言,149.0
35854,,言,149.0
35855,言,言,149.0
35856,言,言,149.0
35857,言,言,149.0
35858,言,言,149.0
35859,言,言,149.0
35860,,言,149.0
35861,言,言,149.0
35862,言,言,149.0
35863,言,言,149.0
35864,,言,149.0
35865,言,言,149.0
35866,言,言,149.0
35867,言,言,149.0
35868,言,言,149.0
35869,言,言,149.0
35870,言,言,149.0
35871,言,言,149.0
35872,言,言,149.0
35873,,言,149.0
35874,言,言,149.0
35875,言,言,149.0
35876,言,言,149.0
35877,言,言,149.0
35878,言,言,149.0
35879,言,言,149.0
35880,言,言,149.0
35881,言,言,149.0
35882,言,言,149.0
35883,,言,149.0
35884,言,言,149.0
35885,邑,言,149.0
35886,言,言,149.0
35887,言,言,149.0
35888,言,言,149.0
35889,言,言,149.0
35890,言,言,149.0
35891,,言,149.0
35892,言,言,149.0
35893,,言,149.0
35894,言,言,149.0
35895,谷,谷,150.0
35896,谷,谷,150.0
35897,谷,谷,150.0
35898,,谷,150.0
35899,丮,谷,150.0
35900,,谷,150.0
35901,,谷,150.0
35902,,谷,150.0
35903,谷,谷,150.0
35904,谷,谷,150.0
35905,谷,谷,150.0
35906,谷,谷,150.0
35907,,谷,150.0
35908,阜,谷,150.0
35909,谷,谷,150.0
35910,豆,豆,151.0
35911,,豆,151.0
35912,豈,豆,151.0
35913,尗,豆,151.0
35914,豊,豆,151.0
35915,豆,豆,151.0
35916,,豆,151.0
35917,,豆,151.0
35918,臤,豆,151.0
35919,,豆,151.0
35920,豐,豆,151.0
35921,豊,豆,151.0
35922,豊,豆,151.0
35923,豐,豆,151.0
35924,豐,豆,151.0
35925,豕,豕,152.0
35926,豕,豕,152.0
35927,,豕,152.0
35928,,豕,152.0
35929,豕,豕,152.0
35930,豚,豕,152.0
35931,豕,豕,152.0
35932,豕,豕,152.0
35933,豕,豕,152.0
35934,,豕,152.0
35935,,豕,152.0
35936,豕,豕,152.0
35937,象,豕,152.0
35938,豕,豕,152.0
35939,豕,豕,152.0
35940,豕,豕,152.0
35941,豕,豕,152.0
35942,豕,豕,152.0
35943,豕,豕,152.0
35944,豕,豕,152.0
35945,豕,豕,152.0
35946,㣇,豕,152.0
35947,象,豕,152.0
35948,豕,豕,152.0
35949,豕,豕,152.0
35950,豕,豕,152.0
35951,豕,豕,152.0
35952,豕,豕,152.0
35953,,豕,152.0
35954,豕,豕,152.0
35955,邑,豕,152.0
35956,,豕,152.0
35957,豕,豕,152.0
35958,豕,豕,152.0
35959,豕,豕,152.0
35960,豸,豸,153.0
35961,豸,豸,153.0
35962,豸,豸,153.0
35963,豸,豸,153.0
35964,豸,豸,153.0
35965,豸,豸,153.0
35966,,豸,153.0
35967,,豸,153.0
35968,豸,豸,153.0
35969,豸,豸,153.0
35970,豸,豸,153.0
35971,,豸,153.0
35972,,豸,153.0
35973,,豸,153.0
35974,豸,豸,153.0
35975,,豸,153.0
35976,豸,豸,153.0
35977,豸,豸,153.0
35978,豸,豸,153.0
35979,豸,豸,153.0
35980,皃,豸,153.0
35981,豸,豸,153.0
35982,,豸,153.0
35983,,豸,153.0
35984,豸,豸,153.0
35985,,豸,153.0
35986,豸,豸,153.0
35987,豸,豸,153.0
35988,豸,豸,153.0
35989,,豸,153.0
35990,鼠,豸,153.0
35991,,豸,153.0
35992,豸,豸,153.0
35993,豸,豸,153.0
35994,豸,豸,153.0
35995,豸,豸,153.0
35996,豸,豸,153.0
35997,貝,貝,154.0
35998,卜,貝,154.0
35999,員,貝,154.0
36000,貝,貝,154.0
36001,貝,貝,154.0
36002,貝,貝,154.0
36003,貝,貝,154.0
36004,貝,貝,154.0
36005,,貝,154.0
36006,玉,貝,154.0
36007,貝,貝,154.0
36008,貝,貝,154.0
36009,貝,貝,154.0
36010,貝,貝,154.0
36011,毌,貝,154.0
36012,貝,貝,154.0
36013,,貝,154.0
36014,,貝,154.0
36015,貝,貝,154.0
36016,貝,貝,154.0
36017,貝,貝,154.0
36018,貝,貝,154.0
36019,貝,貝,154.0
36020,貝,貝,154.0
36021,,貝,154.0
36022,貝,貝,154.0
36023,貝,貝,154.0
36024,貝,貝,154.0
36025,,貝,154.0
36026,貝,貝,154.0
36027,貝,貝,154.0
36028,貝,貝,154.0
36029,貝,貝,154.0
36030,,貝,154.0
36031,貝,貝,154.0
36032,貝,貝,154.0
36033,貝,貝,154.0
36034,貝,貝,154.0
36035,貝,貝,154.0
36036,貝,貝,154.0
36037,,貝,154.0
36038,,貝,154.0
36039,貝,貝,154.0
36040,貝,貝,154.0
36041,,貝,154.0
36042,戈,貝,154.0
36043,,貝,154.0
36044,,貝,154.0
36045,,臣,154.0
36046,,貝,154.0
36047,貝,貝,154.0
36048,,貝,154.0
36049,貝,貝,154.0
36050,貝,貝,154.0
36051,貝,貝,154.0
36052,貝,貝,154.0
36053,貝,貝,154.0
36054,貝,貝,154.0
36055,,,154.0
36056,,臣,154.0
36057,,貝,154.0
36058,貝,貝,154.0
36059,貝,貝,154.0
36060,貝,貝,154.0
36061,,貝,154.0
36062,貝,貝,154.0
36063,,貝,154.0
36064,,貝,154.0
36065,糸,貝,154.0
36066,貝,貝,154.0
36067,出,貝,154.0
36068,貝,貝,154.0
36069,,貝,154.0
36070,貝,貝,154.0
36071,,貝,154.0
36072,貝,貝,154.0
36073,貝,貝,154.0
36074,貝,貝,154.0
36075,,貝,154.0
36076,,巾,154.0
36077,貝,貝,154.0
36078,貝,貝,154.0
36079,,貝,154.0
36080,,貝,154.0
36081,,貝,154.0
36082,,貝,154.0
36083,,貝,154.0
36084,貝,貝,154.0
36085,貝,貝,154.0
36086,,貝,154.0
36087,,貝,154.0
36088,貝,貝,154.0
36089,,貝,154.0
36090,貝,貝,154.0
36091,貝,貝,154.0
36092,貝,貝,154.0
36093,貝,貝,154.0
36094,,貝,154.0
36095,,貝,154.0
36096,,貝,154.0
36097,攴,貝,66.0
36098,,貝,154.0
36099,,貝,154.0
36100,手,貝,154.0
36101,貝,貝,154.0
36102,,貝,154.0
36103,,貝,154.0
36104,貝,貝,154.0
36105,,貝,154.0
36106,貝,貝,154.0
36107,,人,154.0
36108,,,154.0
36109,貝,貝,154.0
36110,貝,貝,154.0
36111,貝,貝,154.0
36112,貝,貝,154.0
36113,,貝,154.0
36114,,貝,154.0
36115,,貝,154.0
36116,亣,貝,154.0
36117,,貝,154.0
36118,貝,貝,154.0
36119,,貝,154.0
36120,,,154.0
36121,虤,貝,154.0
36122,,貝,154.0
36123,貝,貝,154.0
36124,,貝,154.0
36125,貝,貝,154.0
36126,卜,貝,154.0
36127,貝,貝,154.0
36128,,口,154.0
36129,貝,貝,154.0
36130,貝,貝,154.0
36131,貝,貝,154.0
36132,貝,貝,154.0
36133,攴,攴,154.0
36134,,,154.0
36135,貝,貝,154.0
36136,貝,貝,154.0
36137,貝,貝,154.0
36138,貝,貝,154.0
36139,貝,貝,154.0
36140,貝,貝,154.0
36141,貝,貝,154.0
36142,貝,貝,154.0
36143,毌,貝,154.0
36144,貝,貝,154.0
36145,貝,貝,154.0
36146,貝,貝,154.0
36147,貝,貝,154.0
36148,貝,貝,154.0
36149,貝,貝,154.0
36150,貝,貝,154.0
36151,貝,貝,154.0
36152,貝,貝,154.0
36153,貝,貝,154.0
36154,貝,貝,154.0
36155,貝,貝,154.0
36156,戈,貝,154.0
36157,手,貝,154.0
36158,貝,貝,154.0
36159,貝,貝,154.0
36160,貝,貝,154.0
36161,貝,貝,154.0
36162,貝,貝,154.0
36163,,貝,154.0
36164,貝,貝,154.0
36165,,日,154.0
36166,貝,貝,154.0
36167,貝,貝,154.0
36168,貝,貝,154.0
36169,貝,貝,154.0
36170,貝,貝,154.0
36171,貝,貝,154.0
36172,貝,貝,154.0
36173,貝,貝,154.0
36174,貝,貝,154.0
36175,貝,貝,154.0
36176,貝,貝,154.0
36177,,貝,154.0
36178,,貝,154.0
36179,糸,糸,154.0
36180,,貝,154.0
36181,,貝,154.0
36182,貝,貝,154.0
36183,貝,貝,154.0
36184,貝,貝,154.0
36185,貝,貝,154.0
36186,貝,貝,154.0
36187,貝,貝,154.0
36188,,貝,154.0
36189,,貝,154.0
36190,貝,貝,154.0
36191,,貝,154.0
36192,貝,貝,154.0
36193,貝,貝,154.0
36194,貝,貝,154.0
36195,貝,貝,154.0
36196,赤,赤,155.0
36197,,赤,155.0
36198,攴,赤,155.0
36199,赤,赤,155.0
36200,赤,虫,155.0
36201,赤,赤,155.0
36202,赤,赤,155.0
36203,赤,赤,155.0
36204,赤,赤,155.0
36205,赤,赤,155.0
36206,赤,赤,155.0
36207,,赤,155.0
36208,走,走,156.0
36209,,走,156.0
36210,,走,156.0
36211,走,走,156.0
36212,走,走,156.0
36213,走,走,156.0
36214,走,走,156.0
36215,走,走,156.0
36216,,走,156.0
36217,走,走,156.0
36218,,走,156.0
36219,,走,156.0
36220,走,走,156.0
36221,走,走,156.0
36222,走,走,156.0
36223,,走,156.0
36224,走,走,156.0
36225,走,走,156.0
36226,,走,156.0
36227,,走,156.0
36228,走,走,156.0
36229,走,走,156.0
36230,走,走,156.0
36231,,走,156.0
36232,,走,156.0
36233,走,走,156.0
36234,走,走,156.0
36235,走,走,156.0
36236,走,走,156.0
36237,走,走,156.0
36238,,走,156.0
36239,,走,156.0
36240,,走,156.0
36241,走,走,156.0
36242,走,走,156.0
36243,,身,156.0
36244,,走,156.0
36245,走,走,156.0
36246,走,走,156.0
36247,,走,156.0
36248,,走,156.0
36249,走,走,156.0
36250,,走,156.0
36251,走,走,156.0
36252,走,走,156.0
36253,,走,156.0
36254,走,走,156.0
36255,,走,156.0
36256,走,走,156.0
36257,走,走,156.0
36258,走,走,156.0
36259,走,走,156.0
36260,,走,156.0
36261,走,走,156.0
36262,走,走,156.0
36263,走,走,156.0
36264,走,走,156.0
36265,走,走,156.0
36266,,走,156.0
36267,走,走,156.0
36268,走,走,156.0
36269,,走,156.0
36270,走,走,156.0
36271,走,走,156.0
36272,,,156.0
36273,,走,156.0
36274,,走,156.0
36275,足,足,157.0
36276,,,157.0
36277,,足,157.0
36278,,足,157.0
36279,,,157.0
36280,,足,157.0
36281,足,足,157.0
36282,,足,157.0
36283,,足,157.0
36284,足,足,157.0
36285,足,足,157.0
36286,,足,157.0
36287,足,足,157.0
36288,足,足,157.0
36289,,足,157.0
36290,足,足,157.0
36291,足,足,157.0
36292,足,足,157.0
36293,,足,157.0
36294,,足,157.0
36295,足,足,157.0
36296,,足,157.0
36297,,足,157.0
36298,,足,157.0
36299,足,足,157.0
36300,足,足,157.0
36301,,足,157.0
36302,足,足,157.0
36303,,足,157.0
36304,,足,157.0
36305,,足,157.0
36306,,足,157.0
36307,,足,157.0
36308,足,足,157.0
36309,,足,157.0
36310,足,足,157.0
36311,,足,157.0
36312,,足,157.0
36313,,足,157.0
36314,,足,157.0
36315,足,足,157.0
36316,,足,157.0
36317,足,足,157.0
36318,走,足,157.0
36319,足,足,157.0
36320,,足,157.0
36321,辵,足,157.0
36322,,足,157.0
36323,足,足,157.0
36324,,足,157.0
36325,,足,157.0
36326,,足,157.0
36327,足,足,157.0
36328,足,足,157.0
36329,足,足,157.0
36330,足,足,157.0
36331,,足,157.0
36332,走,足,157.0
36333,,足,157.0
36334,,足,157.0
36335,足,足,157.0
36336,,足,157.0
36337,,足,157.0
36338,足,足,157.0
36339,足,足,157.0
36340,,足,157.0
36341,足,足,157.0
36342,,足,157.0
36343,,足,157.0
36344,走,足,157.0
36345,,足,157.0
36346,,足,157.0
36347,足,足,157.0
36348,,足,157.0
36349,足,足,157.0
36350,足,足,157.0
36351,,足,157.0
36352,,足,157.0
36353,,足,157.0
36354,,足,157.0
36355,,足,157.0
36356,足,足,157.0
36357,,足,157.0
36358,,足,157.0
36359,,足,157.0
36360,𠫓,足,157.0
36361,,足,157.0
36362,足,足,157.0
36363,,足,157.0
36364,,足,157.0
36365,,骨,157.0
36366,,,157.0
36367,足,足,157.0
36368,足,足,157.0
36369,,足,157.0
36370,足,足,157.0
36371,走,足,157.0
36372,足,足,157.0
36373,,足,157.0
36374,足,足,157.0
36375,,足,157.0
36376,,足,157.0
36377,,足,157.0
36378,,足,157.0
36379,,足,157.0
36380,,足,157.0
36381,足,足,157.0
36382,足,足,157.0
36383,,足,157.0
36384,,足,157.0
36385,,足,157.0
36386,,足,157.0
36387,足,足,157.0
36388,足,足,157.0
36389,,足,157.0
36390,足,足,157.0
36391,足,足,157.0
36392,,足,157.0
36393,,足,157.0
36394,車,足,157.0
36395,,足,157.0
36396,足,足,157.0
36397,,,157.0
36398,,,157.0
36399,足,足,157.0
36400,足,足,157.0
36401,,足,157.0
36402,,足,157.0
36403,舛,足,157.0
36404,足,足,157.0
36405,足,足,157.0
36406,足,足,157.0
36407,,足,157.0
36408,足,足,157.0
36409,,足,157.0
36410,,足,157.0
36411,,足,157.0
36412,足,足,157.0
36413,足,足,157.0
36414,,足,157.0
36415,,足,157.0
36416,,足,157.0
36417,足,足,157.0
36418,禸,足,157.0
36419,,足,157.0
36420,足,足,157.0
36421,,,157.0
36422,,足,157.0
36423,足,足,157.0
36424,足,足,157.0
36425,足,足,157.0
36426,彳,足,157.0
36427,足,足,157.0
36428,足,足,157.0
36429,,足,157.0
36430,足,足,157.0
36431,足,足,157.0
36432,足,足,157.0
36433,足,足,157.0
36434,,足,157.0
36435,,水,157.0
36436,日,足,157.0
36437,走,足,157.0
36438,,足,157.0
36439,,足,157.0
36440,,足,157.0
36441,足,足,157.0
36442,,足,157.0
36443,足,足,157.0
36444,,足,157.0
36445,,足,157.0
36446,,足,157.0
36447,辵,足,157.0
36448,足,足,157.0
36449,足,足,157.0
36450,足,足,157.0
36451,,足,157.0
36452,車,足,157.0
36453,,足,157.0
36454,,,157.0
36455,,,157.0
36456,,足,157.0
36457,足,足,157.0
36458,,足,157.0
36459,,足,157.0
36460,足,足,157.0
36461,足,足,157.0
36462,足,足,157.0
36463,釆,足,157.0
36464,,足,157.0
36465,,足,157.0
36466,足,足,157.0
36467,足,足,157.0
36468,足,足,157.0
36469,足,足,157.0
36470,足,足,157.0
36471,足,足,157.0
36472,足,足,157.0
36473,,足,157.0
36474,,足,157.0
36475,足,足,157.0
36476,,足,157.0
36477,,,157.0
36478,,,157.0
36479,,,157.0
36480,,,157.0
36481,走,足,157.0
36482,,足,157.0
36483,,足,157.0
36484,,足,157.0
36485,足,足,157.0
36486,,足,157.0
36487,,足,157.0
36488,,足,157.0
36489,,足,157.0
36490,,足,157.0
36491,足,足,157.0
36492,,足,157.0
36493,足,足,157.0
36494,,足,157.0
36495,,足,157.0
36496,,足,157.0
36497,足,足,157.0
36498,走,足,157.0
36499,足,足,157.0
36500,足,足,157.0
36501,,足,157.0
36502,足,足,157.0
36503,足,足,157.0
36504,,足,157.0
36505,,足,157.0
36506,,足,157.0
36507,足,足,157.0
36508,,足,157.0
36509,,足,157.0
36510,,足,157.0
36511,,足,157.0
36512,,足,157.0
36513,足,足,157.0
36514,,足,157.0
36515,足,足,157.0
36516,,足,157.0
36517,,穴,157.0
36518,,足,157.0
36519,足,足,157.0
36520,,足,157.0
36521,足,足,157.0
36522,,足,157.0
36523,身,身,158.0
36524,呂,身,158.0
36525,,身,158.0
36526,,,158.0
36527,身,身,158.0
36528,,身,158.0
36529,,身,158.0
36530,,身,158.0
36531,呂,身,158.0
36532,,身,158.0
36533,,,158.0
36534,,身,158.0
36535,,身,158.0
36536,,身,158.0
36537,,身,158.0
36538,,人,158.0
36539,,,158.0
36540,,,158.0
36541,,身,158.0
36542,,,158.0
36543,,身,158.0
36544,身,身,158.0
36545,,身,158.0
36546,,身,158.0
36547,,身,158.0
36548,,身,158.0
36549,,,158.0
36550,,身,158.0
36551,,身,158.0
36552,,,158.0
36553,,身,158.0
36554,車,車,159.0
36555,車,車,159.0
36556,車,車,159.0
36557,車,車,159.0
36558,車,車,159.0
36559,車,車,159.0
36560,,車,159.0
36561,車,車,159.0
36562,車,車,159.0
36563,車,車,159.0
36564,車,車,159.0
36565,,,159.0
36566,車,車,159.0
36567,,車,159.0
36568,車,車,159.0
36569,,車,159.0
36570,,車,159.0
36571,車,車,159.0
36572,車,車,159.0
36573,車,車,159.0
36574,,車,159.0
36575,女,車,159.0
36576,,車,159.0
36577,,車,159.0
36578,,車,159.0
36579,,,159.0
36580,,車,159.0
36581,車,車,159.0
36582,,車,159.0
36583,車,車,159.0
36584,車,車,159.0
36585,,車,159.0
36586,,車,159.0
36587,車,車,159.0
36588,,車,159.0
36589,車,車,159.0
36590,,車,159.0
36591,,車,159.0
36592,,車,159.0
36593,,車,159.0
36594,,車,159.0
36595,,車,159.0
36596,,車,159.0
36597,車,車,159.0
36598,車,車,159.0
36599,車,車,159.0
36600,車,車,159.0
36601,車,車,159.0
36602,車,車,159.0
36603,車,車,159.0
36604,車,車,159.0
36605,,車,159.0
36606,車,車,159.0
36607,車,車,159.0
36608,車,車,159.0
36609,,車,159.0
36610,車,車,159.0
36611,車,車,159.0
36612,,車,159.0
36613,車,車,159.0
36614,,車,159.0
36615,車,車,159.0
36616,車,車,159.0
36617,車,車,159.0
36618,,車,159.0
36619,,田,159.0
36620,,車,159.0
36621,,車,159.0
36622,,車,159.0
36623,,車,159.0
36624,,車,159.0
36625,車,車,159.0
36626,車,車,159.0
36627,車,車,159.0
36628,車,車,159.0
36629,車,車,159.0
36630,車,車,159.0
36631,車,車,159.0
36632,,車,159.0
36633,,車,159.0
36634,,車,159.0
36635,,車,159.0
36636,車,車,159.0
36637,日,車,159.0
36638,,車,159.0
36639,車,車,159.0
36640,,車,159.0
36641,,車,159.0
36642,車,車,159.0
36643,車,車,159.0
36644,,車,159.0
36645,車,車,159.0
36646,車,車,159.0
36647,車,車,159.0
36648,車,車,159.0
36649,車,車,159.0
36650,車,車,159.0
36651,,車,159.0
36652,車,車,159.0
36653,女,車,159.0
36654,車,車,159.0
36655,車,車,159.0
36656,,車,159.0
36657,,車,159.0
36658,,車,159.0
36659,,車,159.0
36660,,車,159.0
36661,,車,159.0
36662,車,車,159.0
36663,,車,159.0
36664,車,車,159.0
36665,車,車,159.0
36666,車,車,159.0
36667,車,車,159.0
36668,車,車,159.0
36669,,車,159.0
36670,,車,159.0
36671,車,車,159.0
36672,車,車,159.0
36673,,車,159.0
36674,車,車,159.0
36675,車,車,159.0
36676,車,車,159.0
36677,車,車,159.0
36678,,車,159.0
36679,,車,159.0
36680,車,車,159.0
36681,車,車,159.0
36682,車,車,159.0
36683,,車,159.0
36684,,,159.0
36685,車,車,159.0
36686,,車,159.0
36687,車,車,159.0
36688,車,車,159.0
36689,車,車,159.0
36690,車,車,159.0
36691,,車,159.0
36692,車,車,159.0
36693,,車,159.0
36694,車,車,159.0
36695,,車,159.0
36696,車,車,159.0
36697,車,車,159.0
36698,車,車,159.0
36699,車,車,159.0
36700,,車,159.0
36701,,車,159.0
36702,,車,159.0
36703,車,車,159.0
36704,,車,159.0
36705,絲,車,159.0
36706,車,車,159.0
36707,,車,159.0
36708,,車,159.0
36709,,車,159.0
36710,車,車,159.0
36711,車,車,159.0
36712,車,車,159.0
36713,車,車,159.0
36714,車,車,159.0
36715,車,車,159.0
36716,車,車,159.0
36717,車,車,159.0
36718,車,車,159.0
36719,女,車,159.0
36720,車,車,159.0
36721,,車,159.0
36722,車,車,159.0
36723,,車,159.0
36724,車,車,159.0
36725,車,車,159.0
36726,車,車,159.0
36727,,車,159.0
36728,車,車,159.0
36729,車,車,159.0
36730,車,車,159.0
36731,車,車,159.0
36732,車,車,159.0
36733,車,車,159.0
36734,,車,159.0
36735,,車,159.0
36736,車,車,159.0
36737,車,車,159.0
36738,車,車,159.0
36739,車,車,159.0
36740,車,車,159.0
36741,車,車,159.0
36742,,車,159.0
36743,車,車,159.0
36744,車,車,159.0
36745,,火,159.0
36746,車,車,159.0
36747,,車,159.0
36748,車,車,159.0
36749,車,車,159.0
36750,車,車,159.0
36751,,車,159.0
36752,車,車,159.0
36753,車,車,159.0
36754,,車,159.0
36755,車,車,159.0
36756,絲,車,159.0
36757,車,車,159.0
36758,車,車,159.0
36759,,車,159.0
36760,,車,159.0
36761,車,車,159.0
36762,車,車,159.0
36763,辛,辛,160.0
36764,辛,辛,160.0
36765,辛,辛,160.0
36766,辛,辛,160.0
36767,辟,辛,160.0
36768,辛,辛,160.0
36769,辡,辛,160.0
36770,,辛,160.0
36771,,辛,160.0
36772,辛,辛,160.0
36773,辛,辛,160.0
36774,力,辛,160.0
36775,刀,辛,160.0
36776,刀,辛,160.0
36777,辡,辛,160.0
36778,,,160.0
36779,糸,糸,160.0
36780,文,辛,160.0
36781,辛,辛,160.0
36782,糸,糸,160.0
36783,辡,辛,160.0
36784,辰,辰,161.0
36785,辰,辰,161.0
36786,䢅,辰,161.0
36787,䢅,辰,161.0
36788,,辰,161.0
36789,辵,辵,162.0
36790,,辵,162.0
36791,,,162.0
36792,,辵,162.0
36793,辵,辵,162.0
36794,,辵,162.0
36795,,,162.0
36796,,辵,162.0
36797,辵,辵,162.0
36798,辵,辵,162.0
36799,,辵,162.0
36800,辵,辵,162.0
36801,辵,辵,162.0
36802,辵,辵,162.0
36803,辵,辵,162.0
36804,辵,辵,162.0
36805,辵,辵,162.0
36806,辵,辵,162.0
36807,辵,辵,162.0
36808,辵,辵,162.0
36809,,,162.0
36810,,辵,162.0
36811,辵,辵,162.0
36812,,辵,162.0
36813,,辵,162.0
36814,辵,辵,162.0
36815,,辵,162.0
36816,辵,辵,162.0
36817,辵,辵,162.0
36818,辵,辵,162.0
36819,言,辵,162.0
36820,辵,辵,162.0
36821,,辵,162.0
36822,,辵,162.0
36823,,辵,162.0
36824,辵,辵,162.0
36825,,辵,162.0
36826,,,162.0
36827,辵,辵,162.0
36828,辵,辵,162.0
36829,辵,辵,162.0
36830,辵,辵,162.0
36831,辵,辵,162.0
36832,,辵,162.0
36833,,辵,162.0
36834,辵,辵,162.0
36835,辵,辵,162.0
36836,辵,辵,162.0
36837,辵,辵,162.0
36838,,辵,162.0
36839,,辵,162.0
36840,隶,辵,162.0
36841,辵,辵,162.0
36842,辵,辵,162.0
36843,辵,辵,162.0
36844,彳,辵,162.0
36845,辵,辵,162.0
36846,辵,辵,162.0
36847,,辵,162.0
36848,辵,辵,162.0
36849,,辵,162.0
36850,,辵,162.0
36851,,辵,162.0
36852,囗,辵,162.0
36853,辵,辵,162.0
36854,,辵,162.0
36855,辵,辵,162.0
36856,辵,辵,162.0
36857,辵,辵,162.0
36858,乃,辵,162.0
36859,辵,辵,162.0
36860,,辵,162.0
36861,辵,辵,162.0
36862,辵,辵,162.0
36863,,辵,162.0
36864,彳,辵,162.0
36865,辵,辵,162.0
36866,辵,辵,162.0
36867,辵,辵,162.0
36868,,辵,162.0
36869,辵,辵,162.0
36870,辵,辵,162.0
36871,,辵,162.0
36872,,辵,162.0
36873,辵,辵,162.0
36874,辵,辵,162.0
36875,辵,辵,162.0
36876,乃,辵,162.0
36877,辵,辵,162.0
36878,辵,辵,162.0
36879,辵,辵,162.0
36880,辵,辵,162.0
36881,辵,辵,162.0
36882,辵,辵,162.0
36883,,辵,162.0
36884,土,辵,162.0
36885,,辵,162.0
36886,辵,辵,162.0
36887,辵,辵,162.0
36888,,辵,162.0
36889,,辵,162.0
36890,辵,辵,162.0
36891,,辵,162.0
36892,,辵,162.0
36893,辵,辵,162.0
36894,辵,辵,162.0
36895,辵,辵,162.0
36896,辵,辵,162.0
36897,辵,辵,162.0
36898,辵,辵,162.0
36899,辵,辵,162.0
36900,,辵,162.0
36901,,,162.0
36902,辵,辵,162.0
36903,,,162.0
36904,,辵,162.0
36905,,辵,162.0
36906,辵,辵,162.0
36907,,辵,162.0
36908,辵,辵,162.0
36909,辵,辵,162.0
36910,辵,辵,162.0
36911,辵,辵,162.0
36912,,辵,162.0
36913,勹,辵,162.0
36914,辵,辵,162.0
36915,,辵,162.0
36916,辵,辵,162.0
36917,九,辵,162.0
36918,辵,辵,162.0
36919,辵,辵,162.0
36920,兔,辵,162.0
36921,辵,辵,162.0
36922,辵,辵,162.0
36923,辵,辵,162.0
36924,辵,辵,162.0
36925,,辵,162.0
36926,辵,辵,162.0
36927,,辵,162.0
36928,,辵,162.0
36929,辵,辵,162.0
36930,辵,辵,162.0
36931,,辵,162.0
36932,辵,辵,162.0
36933,,辵,162.0
36934,,辵,162.0
36935,辵,辵,162.0
36936,,辵,162.0
36937,,辵,162.0
36938,㫃,辵,162.0
36939,辵,辵,162.0
36940,辵,辵,162.0
36941,彳,辵,162.0
36942,辵,辵,162.0
36943,辵,辵,162.0
36944,辵,辵,162.0
36945,辵,辵,162.0
36946,辵,辵,162.0
36947,辵,辵,162.0
36948,辵,辵,162.0
36949,辵,辵,162.0
36950,,,162.0
36951,辵,辵,162.0
36952,辵,辵,162.0
36953,辵,辵,162.0
36954,,辵,162.0
36955,,辵,162.0
36956,辵,辵,162.0
36957,辵,辵,162.0
36958,辵,辵,162.0
36959,辵,辵,162.0
36960,辵,辵,162.0
36961,水,辵,162.0
36962,,辵,162.0
36963,辵,辵,162.0
36964,,,162.0
36965,辵,辵,162.0
36966,辵,辵,162.0
36967,,辵,162.0
36968,放,辵,162.0
36969,辵,辵,162.0
36970,,辵,162.0
36971,,辵,162.0
36972,辵,辵,162.0
36973,辵,辵,162.0
36974,辵,辵,162.0
36975,辵,辵,162.0
36976,辵,辵,162.0
36977,辵,辵,162.0
36978,辵,辵,162.0
36979,,辵,162.0
36980,辵,辵,162.0
36981,辵,辵,162.0
36982,,辵,162.0
36983,辵,辵,162.0
36984,辵,辵,162.0
36985,辵,辵,162.0
36986,辵,辵,162.0
36987,辵,辵,162.0
36988,辵,辵,162.0
36989,辵,辵,162.0
36990,,辵,162.0
36991,辵,辵,162.0
36992,,辵,162.0
36993,辵,辵,162.0
36994,辵,辵,162.0
36995,穴,辵,162.0
36996,辵,辵,162.0
36997,,辵,162.0
36998,,辵,162.0
36999,辵,辵,162.0
37000,辵,辵,162.0
37001,,,162.0
37002,辵,辵,162.0
37003,辵,辵,162.0
37004,辵,辵,162.0
37005,辵,辵,162.0
37006,辵,辵,162.0
37007,辵,辵,162.0
37008,辵,辵,162.0
37009,邑,邑,163.0
37010,,邑,163.0
37011,邑,邑,163.0
37012,邑,邑,163.0
37013,川,邑,163.0
37014,邑,邑,163.0
37015,邑,邑,163.0
37016,邑,邑,163.0
37017,邑,邑,163.0
37018,邑,邑,163.0
37019,邑,邑,163.0
37020,卯,卩,163.0
37021,,邑,163.0
37022,邑,邑,163.0
37023,邑,邑,163.0
37024,邑,邑,163.0
37025,邑,邑,163.0
37026,邑,邑,163.0
37027,邑,邑,163.0
37028,,邑,163.0
37029,,邑,163.0
37030,邑,邑,163.0
37031,邑,邑,163.0
37032,邑,邑,163.0
37033,邑,邑,163.0
37034,邑,邑,163.0
37035,邑,邑,163.0
37036,邑,邑,163.0
37037,邑,邑,163.0
37038,邑,邑,163.0
37039,邑,邑,163.0
37040,邑,邑,163.0
37041,邑,邑,163.0
37042,邑,邑,163.0
37043,邑,邑,163.0
37044,邑,邑,163.0
37045,邑,邑,163.0
37046,邑,邑,163.0
37047,,邑,163.0
37048,邑,邑,163.0
37049,邑,邑,163.0
37050,邑,邑,163.0
37051,邑,邑,163.0
37052,邑,邑,163.0
37053,邑,邑,163.0
37054,邑,邑,163.0
37055,邑,邑,163.0
37056,,邑,163.0
37057,邑,邑,163.0
37058,邑,邑,163.0
37059,邑,邑,163.0
37060,邑,邑,163.0
37061,邑,邑,163.0
37062,,邑,163.0
37063,邑,邑,163.0
37064,邑,邑,163.0
37065,邑,邑,163.0
37066,邑,邑,163.0
37067,邑,邑,163.0
37068,邑,邑,163.0
37069,,邑,163.0
37070,邑,邑,163.0
37071,邑,邑,163.0
37072,邑,邑,163.0
37073,邑,邑,163.0
37074,邑,邑,163.0
37075,邑,邑,163.0
37076,邑,邑,163.0
37077,邑,邑,163.0
37078,邑,邑,163.0
37079,邑,邑,163.0
37080,,邑,163.0
37081,邑,邑,163.0
37082,邑,邑,163.0
37083,邑,邑,163.0
37084,邑,邑,163.0
37085,邑,邑,163.0
37086,邑,邑,163.0
37087,邑,邑,163.0
37088,邑,邑,163.0
37089,邑,邑,163.0
37090,邑,邑,163.0
37091,邑,邑,163.0
37092,邑,邑,163.0
37093,,邑,163.0
37094,邑,邑,163.0
37095,邑,邑,163.0
37096,邑,邑,163.0
37097,,邑,163.0
37098,邑,邑,163.0
37099,邑,邑,163.0
37100,,邑,163.0
37101,邑,邑,163.0
37102,,邑,163.0
37103,邑,邑,163.0
37104,邑,邑,163.0
37105,邑,邑,163.0
37106,,邑,163.0
37107,邑,邑,163.0
37108,邑,邑,163.0
37109,邑,邑,163.0
37110,邑,邑,163.0
37111,𨛜,邑,163.0
37112,邑,邑,163.0
37113,邑,邑,163.0
37114,,邑,163.0
37115,,邑,163.0
37116,,邑,163.0
37117,邑,邑,163.0
37118,邑,邑,163.0
37119,邑,邑,163.0
37120,,邑,163.0
37121,,邑,163.0
37122,邑,邑,163.0
37123,邑,邑,163.0
37124,邑,邑,163.0
37125,邑,邑,163.0
37126,邑,邑,163.0
37127,邑,邑,163.0
37128,邑,邑,163.0
37129,𨛜,邑,163.0
37130,,,163.0
37131,邑,邑,163.0
37132,,邑,163.0
37133,邑,邑,163.0
37134,邑,邑,163.0
37135,邑,邑,163.0
37136,邑,邑,163.0
37137,邑,邑,163.0
37138,邑,邑,163.0
37139,,邑,163.0
37140,邑,邑,163.0
37141,𨛜,邑,163.0
37142,邑,邑,163.0
37143,邑,邑,163.0
37144,邑,邑,163.0
37145,邑,邑,163.0
37146,邑,邑,163.0
37147,邑,邑,163.0
37148,邑,邑,163.0
37149,邑,邑,163.0
37150,邑,邑,163.0
37151,,邑,163.0
37152,邑,邑,163.0
37153,邑,邑,163.0
37154,邑,邑,163.0
37155,邑,邑,163.0
37156,邑,邑,163.0
37157,,邑,163.0
37158,邑,邑,163.0
37159,邑,邑,163.0
37160,邑,邑,163.0
37161,邑,邑,163.0
37162,,邑,163.0
37163,邑,邑,163.0
37164,邑,邑,163.0
37165,邑,邑,163.0
37166,邑,邑,163.0
37167,邑,邑,163.0
37168,邑,邑,163.0
37169,邑,邑,163.0
37170,邑,邑,163.0
37171,邑,邑,163.0
37172,邑,邑,163.0
37173,,邑,163.0
37174,邑,邑,163.0
37175,邑,邑,163.0
37176,,邑,163.0
37177,,邑,163.0
37178,,邑,163.0
37179,邑,邑,163.0
37180,邑,邑,163.0
37181,,邑,163.0
37182,邑,邑,163.0
37183,艸,邑,163.0
37184,邑,邑,163.0
37185,邑,邑,163.0
37186,邑,邑,163.0
37187,邑,邑,163.0
37188,邑,邑,163.0
37189,邑,邑,163.0
37190,邑,邑,163.0
37191,邑,邑,163.0
37192,邑,邑,163.0
37193,酉,酉,164.0
37194,酉,酉,164.0
37195,酋,酉,164.0
37196,酉,酉,164.0
37197,酉,酉,164.0
37198,酉,酉,164.0
37199,酉,酉,164.0
37200,,酉,164.0
37201,,酉,164.0
37202,酉,酉,164.0
37203,酉,酉,164.0
37204,酉,酉,164.0
37205,,酉,164.0
37206,酉,酉,164.0
37207,酉,酉,164.0
37208,,酉,164.0
37209,,酉,164.0
37210,,,164.0
37211,,,164.0
37212,,,164.0
37213,酉,酉,164.0
37214,,,164.0
37215,,酉,164.0
37216,,酉,164.0
37217,,酉,164.0
37218,酉,酉,164.0
37219,酉,酉,164.0
37220,酉,酉,164.0
37221,,酉,164.0
37222,,酉,164.0
37223,,酉,164.0
37224,酉,酉,164.0
37225,酉,酉,164.0
37226,酉,酉,164.0
37227,,酉,164.0
37228,酉,酉,164.0
37229,,酉,164.0
37230,,酉,164.0
37231,,,164.0
37232,皿,酉,164.0
37233,酉,酉,164.0
37234,酉,酉,164.0
37235,,酉,164.0
37236,酉,酉,164.0
37237,,酉,164.0
37238,,酉,164.0
37239,酉,酉,164.0
37240,酉,酉,164.0
37241,酉,酉,164.0
37242,酉,酉,164.0
37243,,酉,164.0
37244,,酉,164.0
37245,酉,酉,164.0
37246,酉,酉,164.0
37247,酉,酉,164.0
37248,,酉,164.0
37249,,酉,164.0
37250,,酉,164.0
37251,,酉,164.0
37252,,酉,164.0
37253,酉,酉,164.0
37254,酉,酉,164.0
37255,酉,酉,164.0
37256,,酉,164.0
37257,酉,酉,164.0
37258,,酉,164.0
37259,酉,酉,164.0
37260,,,164.0
37261,酉,酉,164.0
37262,,酉,164.0
37263,,酉,164.0
37264,酉,酉,164.0
37265,,酉,164.0
37266,酉,酉,164.0
37267,肉,酉,164.0
37268,,酉,164.0
37269,,酉,164.0
37270,酉,酉,164.0
37271,,酉,164.0
37272,,酉,164.0
37273,,酉,164.0
37274,,酉,164.0
37275,,酉,164.0
37276,鬼,酉,164.0
37277,,酉,164.0
37278,酉,酉,164.0
37279,酉,酉,164.0
37280,酉,酉,164.0
37281,,酉,164.0
37282,酉,酉,164.0
37283,,,164.0
37284,,酉,164.0
37285,,酉,164.0
37286,,酉,164.0
37287,酉,酉,164.0
37288,酉,酉,164.0
37289,米,酉,164.0
37290,酉,酉,164.0
37291,酉,酉,164.0
37292,酉,酉,164.0
37293,,酉,164.0
37294,酉,酉,164.0
37295,皿,酉,164.0
37296,酉,酉,164.0
37297,,酉,164.0
37298,酉,酉,164.0
37299,,酉,164.0
37300,酉,酉,164.0
37301,酉,酉,164.0
37302,酉,酉,164.0
37303,,酉,164.0
37304,,酉,164.0
37305,酉,酉,164.0
37306,酉,酉,164.0
37307,酉,酉,164.0
37308,燕,酉,164.0
37309,,酉,164.0
37310,,酉,164.0
37311,,酉,164.0
37312,酉,酉,164.0
37313,爨,酉,164.0
37314,酉,酉,164.0
37315,酉,酉,164.0
37316,,酉,164.0
37317,酉,酉,164.0
37318,釆,釆,165.0
37319,木,釆,165.0
37320,,釆,165.0
37321,,釆,165.0
37322,釆,釆,165.0
37323,釆,釆,165.0
37324,里,里,166.0
37325,重,里,166.0
37326,里,里,166.0
37327,重,里,166.0
37328,里,里,166.0
37329,金,金,167.0
37330,,金,167.0
37331,,金,167.0
37332,,,167.0
37333,,金,167.0
37334,刀,金,167.0
37335,刀,金,167.0
37336,金,金,167.0
37337,,金,167.0
37338,,金,167.0
37339,,金,167.0
37340,鬲,金,167.0
37341,金,金,167.0
37342,,金,167.0
37343,,金,167.0
37344,,金,167.0
37345,鬲,金,167.0
37346,,,167.0
37347,金,金,167.0
37348,,金,167.0
37349,,金,167.0
37350,金,金,167.0
37351,金,金,167.0
37352,,金,167.0
37353,,金,167.0
37354,木,金,167.0
37355,木,金,167.0
37356,金,金,167.0
37357,金,金,167.0
37358,,金,167.0
37359,,金,167.0
37360,,金,167.0
37361,金,金,167.0
37362,,金,167.0
37363,金,金,167.0
37364,,金,167.0
37365,金,金,167.0
37366,金,金,167.0
37367,,,167.0
37368,,,167.0
37369,,,167.0
37370,,,167.0
37371,,,167.0
37372,,金,167.0
37373,金,金,167.0
37374,金,金,167.0
37375,斤,金,167.0
37376,金,金,167.0
37377,金,金,167.0
37378,金,金,167.0
37379,金,金,167.0
37380,,金,167.0
37381,,金,167.0
37382,金,金,167.0
37383,金,金,167.0
37384,,金,167.0
37385,,金,167.0
37386,,金,167.0
37387,金,金,167.0
37388,金,金,167.0
37389,金,金,167.0
37390,句,金,167.0
37391,金,金,167.0
37392,金,金,167.0
37393,,金,167.0
37394,金,金,167.0
37395,,金,167.0
37396,金,金,167.0
37397,金,金,167.0
37398,,金,167.0
37399,金,金,167.0
37400,,金,167.0
37401,攴,金,167.0
37402,,金,167.0
37403,,金,167.0
37404,,金,167.0
37405,,金,167.0
37406,金,金,167.0
37407,,金,167.0
37408,,金,167.0
37409,,金,167.0
37410,,玉,167.0
37411,,,167.0
37412,,,167.0
37413,,,167.0
37414,,,167.0
37415,,,167.0
37416,,,167.0
37417,,,167.0
37418,,,167.0
37419,,,167.0
37420,,金,167.0
37421,金,金,167.0
37422,,金,167.0
37423,,金,167.0
37424,,金,167.0
37425,,金,167.0
37426,,金,167.0
37427,,金,167.0
37428,金,金,167.0
37429,,金,167.0
37430,木,金,167.0
37431,,金,167.0
37432,,金,167.0
37433,金,金,167.0
37434,,金,167.0
37435,,金,167.0
37436,,金,167.0
37437,,金,167.0
37438,,金,167.0
37439,金,金,167.0
37440,,金,167.0
37441,,金,167.0
37442,,金,167.0
37443,,金,167.0
37444,,金,167.0
37445,金,金,167.0
37446,金,金,167.0
37447,金,金,167.0
37448,金,金,167.0
37449,金,金,167.0
37450,金,金,167.0
37451,,金,167.0
37452,,金,167.0
37453,,金,167.0
37454,,金,167.0
37455,金,金,167.0
37456,,金,167.0
37457,,金,167.0
37458,,金,167.0
37459,,金,167.0
37460,,金,167.0
37461,,金,167.0
37462,,金,167.0
37463,金,金,167.0
37464,,金,167.0
37465,,金,167.0
37466,,金,167.0
37467,金,金,167.0
37468,,金,167.0
37469,,金,167.0
37470,金,金,167.0
37471,,金,167.0
37472,,金,167.0
37473,,金,167.0
37474,皿,金,167.0
37475,金,金,167.0
37476,句,金,167.0
37477,金,金,167.0
37478,金,金,167.0
37479,,金,167.0
37480,,金,167.0
37481,,金,167.0
37482,,金,167.0
37483,,金,167.0
37484,,,167.0
37485,,,167.0
37486,,,167.0
37487,,,167.0
37488,,,167.0
37489,,金,167.0
37490,,,167.0
37491,,,167.0
37492,金,金,167.0
37493,金,金,167.0
37494,金,金,167.0
37495,,金,167.0
37496,,金,167.0
37497,金,金,167.0
37498,,金,167.0
37499,金,金,167.0
37500,,金,167.0
37501,,金,167.0
37502,,金,167.0
37503,,金,167.0
37504,金,金,167.0
37505,金,金,167.0
37506,,金,167.0
37507,,金,167.0
37508,,金,167.0
37509,金,金,167.0
37510,,金,167.0
37511,,金,167.0
37512,,金,167.0
37513,,金,167.0
37514,,金,167.0
37515,,金,167.0
37516,,金,167.0
37517,金,金,167.0
37518,金,金,167.0
37519,,金,167.0
37520,,金,167.0
37521,金,金,167.0
37522,金,金,167.0
37523,金,金,167.0
37524,,金,167.0
37525,金,金,167.0
37526,金,金,167.0
37527,,金,167.0
37528,金,金,167.0
37529,,金,167.0
37530,金,金,167.0
37531,金,金,167.0
37532,金,金,167.0
37533,,金,167.0
37534,金,金,167.0
37535,,金,167.0
37536,,金,167.0
37537,,金,167.0
37538,,金,167.0
37539,,金,167.0
37540,,,167.0
37541,,,167.0
37542,,,167.0
37543,,,167.0
37544,,,167.0
37545,,,167.0
37546,,,167.0
37547,,,167.0
37548,,,167.0
37549,,金,167.0
37550,金,金,167.0
37551,,,167.0
37552,,,167.0
37553,,,167.0
37554,金,金,167.0
37555,金,金,167.0
37556,金,金,167.0
37557,,金,167.0
37558,,金,167.0
37559,金,金,167.0
37560,金,金,167.0
37561,,金,167.0
37562,,金,167.0
37563,金,金,167.0
37564,金,金,167.0
37565,金,金,167.0
37566,,金,167.0
37567,金,金,167.0
37568,,金,167.0
37569,,金,167.0
37570,金,金,167.0
37571,金,金,167.0
37572,,金,167.0
37573,,金,167.0
37574,,金,167.0
37575,,金,167.0
37576,金,金,167.0
37577,,金,167.0
37578,金,金,167.0
37579,金,金,167.0
37580,金,金,167.0
37581,,金,167.0
37582,,金,167.0
37583,金,金,167.0
37584,,金,167.0
37585,,金,167.0
37586,金,金,167.0
37587,,金,167.0
37588,,金,167.0
37589,,金,167.0
37590,,金,167.0
37591,金,金,167.0
37592,木,金,167.0
37593,金,金,167.0
37594,金,金,167.0
37595,,金,167.0
37596,,金,167.0
37597,金,金,167.0
37598,金,金,167.0
37599,,金,167.0
37600,,金,167.0
37601,,金,167.0
37602,,金,167.0
37603,金,金,167.0
37604,耒,金,167.0
37605,,金,167.0
37606,,金,167.0
37607,,金,167.0
37608,,金,167.0
37609,,金,167.0
37610,金,金,167.0
37611,,金,167.0
37612,,金,167.0
37613,金,金,167.0
37614,,,167.0
37615,,,167.0
37616,,,167.0
37617,,,167.0
37618,,,167.0
37619,,金,167.0
37620,,,167.0
37621,,,167.0
37622,,,167.0
37623,,金,167.0
37624,金,金,167.0
37625,,金,167.0
37626,,金,167.0
37627,金,金,167.0
37628,,金,167.0
37629,,金,167.0
37630,,金,167.0
37631,,金,167.0
37632,,金,167.0
37633,,金,167.0
37634,,金,167.0
37635,,金,167.0
37636,金,金,167.0
37637,,金,167.0
37638,,金,167.0
37639,,金,167.0
37640,,金,167.0
37641,金,金,167.0
37642,,金,167.0
37643,,金,167.0
37644,,金,167.0
37645,金,金,167.0
37646,,金,167.0
37647,金,金,167.0
37648,金,金,167.0
37649,,金,167.0
37650,,金,167.0
37651,,金,167.0
37652,金,金,167.0
37653,,金,167.0
37654,,金,167.0
37655,金,金,167.0
37656,金,金,167.0
37657,金,金,167.0
37658,金,金,167.0
37659,,金,167.0
37660,,金,167.0
37661,,金,167.0
37662,金,金,167.0
37663,金,金,167.0
37664,金,金,167.0
37665,金,金,167.0
37666,金,金,167.0
37667,,金,167.0
37668,,金,167.0
37669,,金,167.0
37670,帛,金,167.0
37671,,金,167.0
37672,,金,167.0
37673,,金,167.0
37674,金,金,167.0
37675,金,金,167.0
37676,,金,167.0
37677,金,金,167.0
37678,金,金,167.0
37679,金,金,167.0
37680,,金,167.0
37681,,金,167.0
37682,金,金,167.0
37683,,,167.0
37684,,,167.0
37685,,,167.0
37686,,衣,167.0
37687,,,167.0
37688,,,167.0
37689,,,167.0
37690,,,167.0
37691,,,167.0
37692,,,167.0
37693,,金,167.0
37694,金,金,167.0
37695,,,167.0
37696,,,167.0
37697,,木,167.0
37698,,,167.0
37699,,,167.0
37700,,,167.0
37701,,,167.0
37702,,,167.0
37703,金,金,167.0
37704,,金,167.0
37705,,金,167.0
37706,金,金,167.0
37707,,金,167.0
37708,,金,167.0
37709,,金,167.0
37710,,金,167.0
37711,,金,167.0
37712,,金,167.0
37713,金,金,167.0
37714,金,金,167.0
37715,金,金,167.0
37716,刀,金,167.0
37717,,金,167.0
37718,,金,167.0
37719,,金,167.0
37720,,金,167.0
37721,,金,167.0
37722,金,金,167.0
37723,金,金,167.0
37724,金,金,167.0
37725,,金,167.0
37726,,金,167.0
37727,,金,167.0
37728,金,金,167.0
37729,金,金,167.0
37730,,金,167.0
37731,,金,167.0
37732,金,金,167.0
37733,金,金,167.0
37734,,金,167.0
37735,,金,167.0
37736,,金,167.0
37737,,金,167.0
37738,金,金,167.0
37739,斗,金,167.0
37740,,金,167.0
37741,金,金,167.0
37742,,金,167.0
37743,金,金,167.0
37744,金,金,167.0
37745,金,金,167.0
37746,金,金,167.0
37747,,金,167.0
37748,,金,167.0
37749,金,金,167.0
37750,,金,167.0
37751,,金,167.0
37752,,金,167.0
37753,,金,167.0
37754,,金,167.0
37755,,金,167.0
37756,金,金,167.0
37757,,金,167.0
37758,金,金,167.0
37759,金,金,167.0
37760,,金,167.0
37761,,金,167.0
37762,,,167.0
37763,,,167.0
37764,,,167.0
37765,,,167.0
37766,,,167.0
37767,,,167.0
37768,,金,167.0
37769,,金,167.0
37770,,金,167.0
37771,,金,167.0
37772,金,金,167.0
37773,,金,167.0
37774,金,金,167.0
37775,,金,167.0
37776,,金,167.0
37777,,金,167.0
37778,木,金,167.0
37779,,金,167.0
37780,金,金,167.0
37781,金,金,167.0
37782,金,金,167.0
37783,金,金,167.0
37784,,金,167.0
37785,,金,167.0
37786,,金,167.0
37787,金,金,167.0
37788,木,金,167.0
37789,,金,167.0
37790,,金,167.0
37791,,金,167.0
37792,,金,167.0
37793,鼎,金,167.0
37794,,金,167.0
37795,金,金,167.0
37796,,金,167.0
37797,,金,167.0
37798,金,金,167.0
37799,金,金,167.0
37800,,金,167.0
37801,金,金,167.0
37802,金,金,167.0
37803,,金,167.0
37804,金,金,167.0
37805,金,金,167.0
37806,金,金,167.0
37807,,金,167.0
37808,,金,167.0
37809,,金,167.0
37810,,,167.0
37811,,,167.0
37812,,,167.0
37813,,,167.0
37814,,,167.0
37815,,,167.0
37816,金,金,167.0
37817,,,167.0
37818,,,167.0
37819,金,金,167.0
37820,,,167.0
37821,,,167.0
37822,,,167.0
37823,,,167.0
37824,,金,167.0
37825,,金,167.0
37826,,金,167.0
37827,金,金,167.0
37828,,金,167.0
37829,,金,167.0
37830,,金,167.0
37831,金,金,167.0
37832,金,金,167.0
37833,金,金,167.0
37834,,金,167.0
37835,,金,167.0
37836,金,金,167.0
37837,,金,167.0
37838,,金,167.0
37839,金,金,167.0
37840,金,金,167.0
37841,金,金,167.0
37842,,金,167.0
37843,金,金,167.0
37844,,金,167.0
37845,,金,167.0
37846,,金,167.0
37847,,金,167.0
37848,,金,167.0
37849,,金,167.0
37850,,金,167.0
37851,,金,167.0
37852,金,金,167.0
37853,金,金,167.0
37854,金,金,167.0
37855,金,金,167.0
37856,金,金,167.0
37857,金,金,167.0
37858,金,金,167.0
37859,,金,167.0
37860,金,金,167.0
37861,,金,167.0
37862,金,金,167.0
37863,,金,167.0
37864,金,金,167.0
37865,,金,167.0
37866,,金,167.0
37867,,金,167.0
37868,,金,167.0
37869,,,167.0
37870,,,167.0
37871,,,167.0
37872,,,167.0
37873,,,167.0
37874,,,167.0
37875,,金,167.0
37876,,金,167.0
37877,木,金,167.0
37878,金,金,167.0
37879,,金,167.0
37880,,金,167.0
37881,,金,167.0
37882,金,金,167.0
37883,,金,167.0
37884,,金,167.0
37885,,金,167.0
37886,,金,167.0
37887,,金,167.0
37888,,金,167.0
37889,,金,167.0
37890,金,金,167.0
37891,金,金,167.0
37892,,金,167.0
37893,金,金,167.0
37894,金,金,167.0
37895,,金,167.0
37896,金,金,167.0
37897,金,金,167.0
37898,金,金,167.0
37899,,金,167.0
37900,,金,167.0
37901,角,金,167.0
37902,金,金,167.0
37903,金,金,167.0
37904,金,金,167.0
37905,,金,167.0
37906,,金,167.0
37907,金,金,167.0
37908,金,金,167.0
37909,金,金,167.0
37910,,金,167.0
37911,金,金,167.0
37912,金,金,167.0
37913,金,金,167.0
37914,,金,167.0
37915,,金,167.0
37916,金,金,167.0
37917,,,167.0
37918,,金,167.0
37919,,金,167.0
37920,,,167.0
37921,金,金,167.0
37922,,,167.0
37923,,,167.0
37924,,鼎,167.0
37925,,,167.0
37926,,,167.0
37927,金,金,167.0
37928,,,167.0
37929,金,金,167.0
37930,金,金,167.0
37931,金,金,167.0
37932,金,金,167.0
37933,,金,167.0
37934,,金,167.0
37935,,金,167.0
37936,,金,167.0
37937,,金,167.0
37938,金,金,167.0
37939,,金,167.0
37940,,金,167.0
37941,金,金,167.0
37942,,金,167.0
37943,,金,167.0
37944,金,金,167.0
37945,,金,167.0
37946,金,金,167.0
37947,虍,金,167.0
37948,金,金,167.0
37949,,金,167.0
37950,,金,167.0
37951,,,167.0
37952,,,167.0
37953,,金,167.0
37954,,金,167.0
37955,,金,167.0
37956,金,金,167.0
37957,,金,167.0
37958,,金,167.0
37959,,金,167.0
37960,,金,167.0
37961,,金,167.0
37962,金,金,167.0
37963,金,金,167.0
37964,,金,167.0
37965,,金,167.0
37966,,金,167.0
37967,,金,167.0
37968,,金,167.0
37969,金,金,167.0
37970,金,金,167.0
37971,,,167.0
37972,,,167.0
37973,,金,167.0
37974,,金,167.0
37975,金,金,167.0
37976,,金,167.0
37977,,金,167.0
37978,金,金,167.0
37979,石,金,167.0
37980,,金,167.0
37981,,金,167.0
37982,,金,167.0
37983,,金,167.0
37984,金,金,167.0
37985,,金,167.0
37986,金,金,167.0
37987,金,金,167.0
37988,,刀,167.0
37989,,,167.0
37990,,,167.0
37991,,,167.0
37992,,金,167.0
37993,,金,167.0
37994,金,金,167.0
37995,,金,167.0
37996,,金,167.0
37997,,金,167.0
37998,金,金,167.0
37999,金,金,167.0
38000,,金,167.0
38001,金,金,167.0
38002,金,金,167.0
38003,,金,167.0
38004,金,金,167.0
38005,,金,167.0
38006,,金,167.0
38007,,金,167.0
38008,金,金,167.0
38009,,金,167.0
38010,金,金,167.0
38011,,金,167.0
38012,,金,167.0
38013,金,金,167.0
38014,金,金,167.0
38015,金,金,167.0
38016,車,金,167.0
38017,金,金,167.0
38018,,,167.0
38019,,金,167.0
38020,,,167.0
38021,,金,167.0
38022,,金,167.0
38023,,,167.0
38024,金,金,167.0
38025,金,金,167.0
38026,刀,金,167.0
38027,,金,167.0
38028,,金,167.0
38029,,,167.0
38030,,,167.0
38031,金,金,167.0
38032,,金,167.0
38033,金,金,167.0
38034,,金,167.0
38035,金,金,167.0
38036,,,167.0
38037,,,167.0
38038,金,金,167.0
38039,金,金,167.0
38040,金,金,167.0
38041,,,167.0
38042,,金,167.0
38043,,,167.0
38044,金,金,167.0
38045,金,金,167.0
38046,金,金,167.0
38047,金,金,167.0
38048,,金,167.0
38049,,金,167.0
38050,,金,167.0
38051,,金,167.0
38052,金,金,167.0
38053,,金,167.0
38054,欠,欠,167.0
38055,金,金,167.0
38056,,金,167.0
38057,句,金,167.0
38058,,,167.0
38059,金,金,167.0
38060,,,167.0
38061,,金,167.0
38062,金,金,167.0
38063,金,金,167.0
38064,,金,167.0
38065,金,金,167.0
38066,金,金,167.0
38067,金,金,167.0
38068,,金,167.0
38069,皿,金,167.0
38070,,金,167.0
38071,,金,167.0
38072,,金,167.0
38073,,金,167.0
38074,金,金,167.0
38075,金,金,167.0
38076,,,167.0
38077,,,167.0
38078,,金,167.0
38079,金,金,167.0
38080,,金,167.0
38081,金,金,167.0
38082,,金,167.0
38083,金,金,167.0
38084,金,金,167.0
38085,金,金,167.0
38086,,金,167.0
38087,,金,167.0
38088,,金,167.0
38089,金,金,167.0
38090,金,金,167.0
38091,,金,167.0
38092,,金,167.0
38093,金,金,167.0
38094,金,金,167.0
38095,金,金,167.0
38096,,,167.0
38097,,金,167.0
38098,,金,167.0
38099,,金,167.0
38100,金,金,167.0
38101,,,167.0
38102,,,167.0
38103,金,金,167.0
38104,金,金,167.0
38105,金,金,167.0
38106,金,金,167.0
38107,金,金,167.0
38108,金,金,167.0
38109,,金,167.0
38110,,,167.0
38111,,,167.0
38112,金,金,167.0
38113,,金,167.0
38114,金,金,167.0
38115,金,金,167.0
38116,金,金,167.0
38117,,,167.0
38118,金,金,167.0
38119,木,金,167.0
38120,金,金,167.0
38121,金,金,167.0
38122,,金,167.0
38123,金,金,167.0
38124,金,金,167.0
38125,金,金,167.0
38126,金,金,167.0
38127,,,167.0
38128,,金,167.0
38129,,,167.0
38130,金,金,167.0
38131,,金,167.0
38132,,金,167.0
38133,,,167.0
38134,金,金,167.0
38135,,金,167.0
38136,金,金,167.0
38137,,金,167.0
38138,金,金,167.0
38139,,金,167.0
38140,,,167.0
38141,,,167.0
38142,金,金,167.0
38143,,金,167.0
38144,金,金,167.0
38145,金,金,167.0
38146,,,167.0
38147,,金,167.0
38148,,金,167.0
38149,,金,167.0
38150,,,167.0
38151,,金,167.0
38152,,金,167.0
38153,金,金,167.0
38154,金,金,167.0
38155,金,金,167.0
38156,,金,167.0
38157,,,167.0
38158,,,167.0
38159,金,金,167.0
38160,金,金,167.0
38161,金,金,167.0
38162,金,金,167.0
38163,,金,167.0
38164,,金,167.0
38165,,金,167.0
38166,,金,167.0
38167,,金,167.0
38168,,金,167.0
38169,金,金,167.0
38170,,金,167.0
38171,,金,167.0
38172,金,金,167.0
38173,,,167.0
38174,,金,167.0
38175,,金,167.0
38176,,金,167.0
38177,金,金,167.0
38178,金,金,167.0
38179,,金,167.0
38180,金,金,167.0
38181,金,金,167.0
38182,帛,金,167.0
38183,,金,167.0
38184,,木,167.0
38185,,金,167.0
38186,,,167.0
38187,,金,167.0
38188,金,金,167.0
38189,金,金,167.0
38190,金,金,167.0
38191,金,金,167.0
38192,,,167.0
38193,金,金,167.0
38194,金,金,167.0
38195,,金,167.0
38196,金,金,167.0
38197,,金,167.0
38198,,金,167.0
38199,刀,刀,167.0
38200,金,金,167.0
38201,,金,167.0
38202,,金,167.0
38203,金,金,167.0
38204,金,金,167.0
38205,金,金,167.0
38206,金,金,167.0
38207,,,167.0
38208,,金,167.0
38209,,,167.0
38210,金,金,167.0
38211,鼎,金,167.0
38212,,,167.0
38213,,,167.0
38214,金,金,167.0
38215,金,金,167.0
38216,金,金,167.0
38217,,金,167.0
38218,,金,167.0
38219,,,167.0
38220,金,金,167.0
38221,,,167.0
38222,,,167.0
38223,金,金,167.0
38224,金,金,167.0
38225,,金,167.0
38226,,金,167.0
38227,,,167.0
38228,,金,167.0
38229,金,金,167.0
38230,金,金,167.0
38231,金,金,167.0
38232,金,金,167.0
38233,,金,167.0
38234,,,167.0
38235,金,金,167.0
38236,金,金,167.0
38237,金,金,167.0
38238,金,金,167.0
38239,金,金,167.0
38240,金,金,167.0
38241,金,金,167.0
38242,,金,167.0
38243,金,金,167.0
38244,,金,167.0
38245,,,167.0
38246,金,金,167.0
38247,,金,167.0
38248,,,167.0
38249,,金,167.0
38250,,金,167.0
38251,金,金,167.0
38252,金,金,167.0
38253,,金,167.0
38254,,金,167.0
38255,金,金,167.0
38256,金,金,167.0
38257,,,167.0
38258,,,167.0
38259,金,金,167.0
38260,,金,167.0
38261,金,金,167.0
38262,金,金,167.0
38263,長,長,168.0
38264,長,長,168.0
38265,,長,168.0
38266,,長,168.0
38267,長,長,168.0
38268,,長,168.0
38269,,長,168.0
38270,長,長,168.0
38271,長,長,168.0
38272,門,門,169.0
38273,,門,169.0
38274,,門,169.0
38275,門,門,169.0
38276,,門,169.0
38277,,門,169.0
38278,,門,169.0
38279,,門,169.0
38280,門,門,169.0
38281,門,門,169.0
38282,,,169.0
38283,門,門,169.0
38284,門,門,169.0
38285,,門,169.0
38286,門,門,169.0
38287,王,門,169.0
38288,,門,169.0
38289,門,門,169.0
38290,門,門,169.0
38291,門,門,169.0
38292,門,門,169.0
38293,,門,169.0
38294,,門,169.0
38295,,鬥,169.0
38296,門,門,169.0
38297,鬥,門,169.0
38298,,門,169.0
38299,,門,169.0
38300,門,門,169.0
38301,,門,169.0
38302,門,門,169.0
38303,門,門,169.0
38304,,門,169.0
38305,門,門,169.0
38306,,門,169.0
38307,門,門,169.0
38308,門,門,169.0
38309,門,門,169.0
38310,,門,169.0
38311,鬥,門,169.0
38312,門,門,169.0
38313,虫,門,169.0
38314,,,169.0
38315,,門,169.0
38316,門,門,169.0
38317,門,門,169.0
38318,,門,169.0
38319,,門,169.0
38320,,門,169.0
38321,門,門,169.0
38322,門,門,169.0
38323,,門,169.0
38324,,門,169.0
38325,隹,門,169.0
38326,門,門,169.0
38327,,門,169.0
38328,,門,169.0
38329,門,門,169.0
38330,,門,169.0
38331,門,門,169.0
38332,門,門,169.0
38333,門,門,169.0
38334,門,門,169.0
38335,𥄎,門,169.0
38336,,門,169.0
38337,,門,169.0
38338,,門,169.0
38339,門,門,169.0
38340,,門,169.0
38341,𥄎,門,169.0
38342,,門,169.0
38343,門,門,169.0
38344,門,門,169.0
38345,門,門,169.0
38346,門,門,169.0
38347,門,門,169.0
38348,門,門,169.0
38349,門,門,169.0
38350,,,169.0
38351,,,169.0
38352,門,門,169.0
38353,門,門,169.0
38354,門,門,169.0
38355,門,門,169.0
38356,門,門,169.0
38357,門,門,169.0
38358,門,門,169.0
38359,,門,169.0
38360,,鬥,169.0
38361,,門,169.0
38362,門,門,169.0
38363,門,門,169.0
38364,門,門,169.0
38365,,門,169.0
38366,門,門,169.0
38367,,門,169.0
38368,門,門,169.0
38369,門,門,169.0
38370,門,門,169.0
38371,,門,169.0
38372,門,門,169.0
38373,門,門,169.0
38374,,門,169.0
38375,,,169.0
38376,門,門,169.0
38377,,門,169.0
38378,門,門,169.0
38379,,門,169.0
38380,門,門,169.0
38381,門,門,169.0
38382,口,口,169.0
38383,門,門,169.0
38384,王,門,169.0
38385,門,門,169.0
38386,門,門,169.0
38387,門,門,169.0
38388,門,門,169.0
38389,門,門,169.0
38390,門,門,169.0
38391,心,,169.0
38392,門,門,169.0
38393,鬥,鬥,169.0
38394,門,門,169.0
38395,耳,耳,169.0
38396,門,門,169.0
38397,虫,門,169.0
38398,門,門,169.0
38399,門,門,169.0
38400,門,門,169.0
38401,門,門,169.0
38402,門,門,169.0
38403,,門,169.0
38404,鬥,鬥,169.0
38405,門,門,169.0
38406,門,門,169.0
38407,門,門,169.0
38408,門,門,169.0
38409,門,門,169.0
38410,門,門,169.0
38411,鬥,鬥,169.0
38412,𥄎,門,169.0
38413,門,門,169.0
38414,門,門,169.0
38415,門,門,169.0
38416,門,門,169.0
38417,門,門,169.0
38418,門,門,169.0
38419,門,門,169.0
38420,門,門,169.0
38421,門,門,169.0
38422,門,門,169.0
38423,門,門,169.0
38424,門,門,169.0
38425,門,門,169.0
38426,門,門,169.0
38427,門,門,169.0
38428,阜,阜,170.0
38429,,阜,170.0
38430,阜,阜,170.0
38431,阜,阜,170.0
38432,阜,阜,170.0
38433,阜,阜,170.0
38434,阜,阜,170.0
38435,,阜,170.0
38436,阜,阜,170.0
38437,,阜,170.0
38438,,阜,170.0
38439,,阜,170.0
38440,阜,阜,170.0
38441,,阜,170.0
38442,阜,阜,170.0
38443,,阜,170.0
38444,阜,阜,170.0
38445,阜,阜,170.0
38446,阜,阜,170.0
38447,阜,阜,170.0
38448,,阜,170.0
38449,井,阜,170.0
38450,阜,阜,170.0
38451,阜,阜,170.0
38452,阜,阜,170.0
38453,攴,阜,170.0
38454,阜,阜,170.0
38455,,阜,170.0
38456,阜,阜,170.0
38457,阜,阜,170.0
38458,阜,阜,170.0
38459,阜,阜,170.0
38460,阜,阜,170.0
38461,阜,阜,170.0
38462,,阜,170.0
38463,阜,阜,170.0
38464,,阜,170.0
38465,,阜,170.0
38466,阜,阜,170.0
38467,,阜,170.0
38468,阜,阜,170.0
38469,阜,阜,170.0
38470,阜,阜,170.0
38471,阜,阜,170.0
38472,阜,阜,170.0
38473,阜,阜,170.0
38474,阜,阜,170.0
38475,阜,阜,170.0
38476,,阜,170.0
38477,阜,阜,170.0
38478,,阜,170.0
38479,,阜,170.0
38480,阜,阜,170.0
38481,,阜,170.0
38482,土,阜,170.0
38483,,阜,170.0
38484,阜,阜,170.0
38485,阜,阜,170.0
38486,阜,阜,170.0
38487,阜,阜,170.0
38488,阜,阜,170.0
38489,阜,阜,170.0
38490,阜,阜,170.0
38491,阜,阜,170.0
38492,阜,阜,170.0
38493,阜,阜,170.0
38494,,阜,170.0
38495,阜,阜,170.0
38496,,阜,170.0
38497,,阜,170.0
38498,阜,阜,170.0
38499,攴,阜,170.0
38500,阜,阜,170.0
38501,,阜,170.0
38502,,阜,170.0
38503,阜,阜,170.0
38504,阜,阜,170.0
38505,阜,阜,170.0
38506,阜,阜,170.0
38507,,阜,170.0
38508,阜,阜,170.0
38509,阜,阜,170.0
38510,阜,阜,170.0
38511,阜,阜,170.0
38512,阜,阜,170.0
38513,,阜,170.0
38514,阜,阜,170.0
38515,阜,阜,170.0
38516,阜,阜,170.0
38517,阜,阜,170.0
38518,阜,阜,170.0
38519,阜,阜,170.0
38520,阜,阜,170.0
38521,,阜,170.0
38522,,阜,170.0
38523,土,阜,170.0
38524,阜,阜,170.0
38525,阜,阜,170.0
38526,阜,阜,170.0
38527,,阜,170.0
38528,,阜,170.0
38529,,阜,170.0
38530,阜,阜,170.0
38531,阜,阜,170.0
38532,阜,阜,170.0
38533,阜,阜,170.0
38534,生,阜,170.0
38535,,阜,170.0
38536,阜,阜,170.0
38537,阜,阜,170.0
38538,阜,阜,170.0
38539,肉,阜,170.0
38540,,阜,170.0
38541,阜,阜,170.0
38542,阜,阜,170.0
38543,辵,阜,170.0
38544,阜,阜,170.0
38545,,阜,170.0
38546,阜,阜,170.0
38547,阜,阜,170.0
38548,阜,阜,170.0
38549,阜,阜,170.0
38550,阜,阜,170.0
38551,阜,阜,170.0
38552,𨺅,阜,170.0
38553,阜,阜,170.0
38554,,阜,170.0
38555,阜,阜,170.0
38556,阜,阜,170.0
38557,,阜,170.0
38558,,阜,170.0
38559,阜,阜,170.0
38560,,,170.0
38561,,,170.0
38562,,阜,170.0
38563,,阜,170.0
38564,阜,阜,170.0
38565,阜,阜,170.0
38566,,阜,170.0
38567,,阜,170.0
38568,辵,阜,170.0
38569,阜,阜,170.0
38570,阜,阜,170.0
38571,,阜,170.0
38572,,阜,170.0
38573,,阜,170.0
38574,,阜,170.0
38575,,阜,170.0
38576,阜,阜,170.0
38577,阜,阜,170.0
38578,,馬,170.0
38579,阜,阜,170.0
38580,阜,阜,170.0
38581,,阜,170.0
38582,隶,隶,171.0
38583,隶,隶,171.0
38584,隶,隶,171.0
38585,隹,隹,172.0
38586,冂,隹,172.0
38587,隹,隹,172.0
38588,鳥,隹,172.0
38589,隹,隹,172.0
38590,鳥,隹,172.0
38591,隹,隹,172.0
38592,隹,隹,172.0
38593,隹,隹,172.0
38594,隹,隹,172.0
38595,隹,隹,172.0
38596,隹,隹,172.0
38597,隹,隹,172.0
38598,雥,隹,172.0
38599,隹,隹,172.0
38600,雈,,172.0
38601,隹,隹,172.0
38602,隹,隹,172.0
38603,隹,隹,172.0
38604,隹,隹,172.0
38605,隹,隹,172.0
38606,,隹,172.0
38607,隹,隹,172.0
38608,隹,隹,172.0
38609,,隹,172.0
38610,隹,隹,172.0
38611,,隹,172.0
38612,雔,隹,172.0
38613,隹,隹,172.0
38614,虫,隹,172.0
38615,隹,隹,172.0
38616,丹,隹,172.0
38617,雔,隹,172.0
38618,雈,隹,172.0
38619,隹,隹,172.0
38620,衣,隹,172.0
38621,隹,隹,172.0
38622,隹,隹,172.0
38623,隹,隹,172.0
38624,言,言,172.0
38625,隹,隹,172.0
38626,隹,隹,172.0
38627,鳥,隹,172.0
38628,鳥,隹,172.0
38629,雥,隹,172.0
38630,,隹,172.0
38631,雥,隹,172.0
38632,雨,雨,173.0
38633,雨,雨,173.0
38634,雨,雨,173.0
38635,,雨,173.0
38636,,雨,173.0
38637,,雨,173.0
38638,,雨,173.0
38639,,雨,173.0
38640,气,雨,173.0
38641,丄,雨,173.0
38642,雲,雨,173.0
38643,,雨,173.0
38644,,雨,173.0
38645,,雨,173.0
38646,雨,雨,173.0
38647,雨,雨,173.0
38648,,雨,173.0
38649,雨,雨,173.0
38650,雨,雨,173.0
38651,雨,雨,173.0
38652,,雨,173.0
38653,,雨,173.0
38654,雨,雨,173.0
38655,,雨,173.0
38656,雨,雨,173.0
38657,雨,雨,173.0
38658,雨,雨,173.0
38659,雨,雨,173.0
38660,雨,雨,173.0
38661,雨,雨,173.0
38662,雨,雨,173.0
38663,雨,雨,173.0
38664,水,雨,173.0
38665,黑,雨,173.0
38666,,,173.0
38667,雨,雨,173.0
38668,,雨,173.0
38669,雔,雨,173.0
38670,雨,雨,173.0
38671,雨,雨,173.0
38672,,雨,173.0
38673,雨,雨,173.0
38674,雲,雨,173.0
38675,雨,雨,173.0
38676,,雨,173.0
38677,,雨,173.0
38678,雨,雨,173.0
38679,,雨,173.0
38680,,雨,173.0
38681,,雨,173.0
38682,雨,雨,173.0
38683,,雨,173.0
38684,雨,雨,173.0
38685,雨,雨,173.0
38686,雨,雨,173.0
38687,,雨,173.0
38688,雲,雨,173.0
38689,雨,雨,173.0
38690,雨,雨,173.0
38691,雨,雨,173.0
38692,雨,雨,173.0
38693,,雨,173.0
38694,,雨,173.0
38695,雨,雨,173.0
38696,,雨,173.0
38697,雨,雨,173.0
38698,,雨,173.0
38699,,雨,173.0
38700,,雨,173.0
38701,雨,雨,173.0
38702,,雨,173.0
38703,,雨,173.0
38704,雨,雨,173.0
38705,,雨,173.0
38706,雨,雨,173.0
38707,,雨,173.0
38708,,雨,173.0
38709,,雨,173.0
38710,水,雨,173.0
38711,,雨,173.0
38712,月,雨,173.0
38713,,雨,173.0
38714,,雨,173.0
38715,,,173.0
38716,,雨,173.0
38717,雨,雨,173.0
38718,雨,雨,173.0
38719,雨,雨,173.0
38720,水,雨,173.0
38721,雨,雨,173.0
38722,,雨,173.0
38723,雔,雨,173.0
38724,雨,雨,173.0
38725,,雨,173.0
38726,,雨,173.0
38727,,雨,173.0
38728,玉,雨,173.0
38729,,雨,173.0
38730,,雨,173.0
38731,,雨,173.0
38732,,雨,173.0
38733,,,173.0
38734,,,173.0
38735,,,173.0
38736,,雨,173.0
38737,青,靑,174.0
38738,青,靑,174.0
38739,見,靑,174.0
38740,,大,174.0
38741,,靑,174.0
38742,立,靑,174.0
38743,,靑,174.0
38744,,靑,174.0
38745,青,靑,174.0
38746,見,靑,174.0
38747,,靑,174.0
38748,青,靑,174.0
38749,,靑,174.0
38750,非,非,175.0
38751,,非,175.0
38752,非,非,175.0
38753,非,非,175.0
38754,面,面,176.0
38755,面,面,176.0
38756,,面,176.0
38757,面,面,176.0
38758,面,面,176.0
38759,,面,176.0
38760,面,面,176.0
38761,革,革,177.0
38762,革,革,177.0
38763,,革,177.0
38764,革,革,177.0
38765,,革,177.0
38766,革,革,177.0
38767,,革,177.0
38768,,,177.0
38769,,革,177.0
38770,革,革,177.0
38771,革,革,177.0
38772,革,革,177.0
38773,,革,177.0
38774,革,革,177.0
38775,革,革,177.0
38776,革,革,177.0
38777,,革,177.0
38778,,革,177.0
38779,,革,177.0
38780,革,革,177.0
38781,,革,177.0
38782,,革,177.0
38783,,革,177.0
38784,革,革,177.0
38785,革,革,177.0
38786,,禾,177.0
38787,革,革,177.0
38788,革,革,177.0
38789,革,革,177.0
38790,,,177.0
38791,艸,革,177.0
38792,革,革,177.0
38793,革,革,177.0
38794,,革,177.0
38795,革,革,177.0
38796,革,革,177.0
38797,革,革,177.0
38798,革,革,177.0
38799,革,革,177.0
38800,,,177.0
38801,,革,177.0
38802,,革,177.0
38803,,革,177.0
38804,革,革,177.0
38805,,革,177.0
38806,,革,177.0
38807,,革,177.0
38808,革,革,177.0
38809,革,革,177.0
38810,,革,177.0
38811,,革,177.0
38812,,革,177.0
38813,,革,177.0
38814,革,革,177.0
38815,革,革,177.0
38816,革,革,177.0
38817,,,177.0
38818,,革,177.0
38819,革,革,177.0
38820,,革,177.0
38821,革,革,177.0
38822,,革,177.0
38823,,革,177.0
38824,,革,177.0
38825,,革,177.0
38826,革,革,177.0
38827,㚔,革,177.0
38828,革,革,177.0
38829,革,革,177.0
38830,革,革,177.0
38831,革,革,177.0
38832,,,177.0
38833,,革,177.0
38834,,革,177.0
38835,,革,177.0
38836,韋,革,177.0
38837,革,革,177.0
38838,革,革,177.0
38839,,革,177.0
38840,,革,177.0
38841,革,革,177.0
38842,,革,177.0
38843,,革,177.0
38844,革,革,177.0
38845,,革,177.0
38846,革,革,177.0
38847,,革,177.0
38848,,革,177.0
38849,糸,革,177.0
38850,,革,177.0
38851,,革,177.0
38852,革,革,177.0
38853,革,革,177.0
38854,,革,177.0
38855,革,革,177.0
38856,韋,革,177.0
38857,革,革,177.0
38858,,革,177.0
38859,韋,韋,178.0
38860,韋,韋,178.0
38861,巿,韋,178.0
38862,韋,韋,178.0
38863,韋,韋,178.0
38864,巿,韋,178.0
38865,,韋,178.0
38866,,韋,178.0
38867,韋,韋,178.0
38868,韋,韋,178.0
38869,,韋,178.0
38870,,韋,178.0
38871,革,韋,178.0
38872,韋,韋,178.0
38873,是,韋,178.0
38874,,韋,178.0
38875,,韋,178.0
38876,韋,韋,178.0
38877,韋,韋,178.0
38878,,韋,178.0
38879,,木,178.0
38880,韋,韋,178.0
38881,𠌶,韋,178.0
38882,韋,韋,178.0
38883,韋,韋,178.0
38884,韋,韋,178.0
38885,,韋,178.0
38886,韋,韋,178.0
38887,韋,韋,178.0
38888,巿,巾,178.0
38889,韋,韋,178.0
38890,是,韋,178.0
38891,,韋,178.0
38892,韋,韋,178.0
38893,韭,韭,179.0
38894,,韭,179.0
38895,,韭,179.0
38896,,韭,179.0
38897,韭,韭,179.0
38898,韭,韭,179.0
38899,音,音,180.0
38900,,音,180.0
38901,音,音,180.0
38902,音,音,180.0
38903,,音,180.0
38904,,音,180.0
38905,,音,180.0
38906,,音,180.0
38907,音,音,180.0
38908,,音,180.0
38909,音,音,180.0
38910,,音,180.0
38911,音,音,180.0
38912,,音,180.0
38913,頁,頁,181.0
38914,頁,頁,181.0
38915,匕,頁,181.0
38916,頁,頁,181.0
38917,頁,頁,181.0
38918,頁,頁,181.0
38919,,頁,181.0
38920,須,頁,181.0
38921,,頁,181.0
38922,頁,頁,181.0
38923,,頁,181.0
38924,頁,頁,181.0
38925,頁,頁,181.0
38926,頁,頁,181.0
38927,亢,頁,181.0
38928,頁,頁,181.0
38929,頁,頁,181.0
38930,頁,頁,181.0
38931,頁,頁,181.0
38932,,頁,181.0
38933,,頁,181.0
38934,,頁,181.0
38935,頁,頁,181.0
38936,頁,頁,181.0
38937,,頁,181.0
38938,,頁,181.0
38939,頁,頁,181.0
38940,頁,頁,181.0
38941,,頁,181.0
38942,頁,頁,181.0
38943,頁,頁,181.0
38944,頁,頁,181.0
38945,頁,頁,181.0
38946,頁,頁,181.0
38947,頁,頁,181.0
38948,𦣞,頁,181.0
38949,𦣞,頁,181.0
38950,頁,頁,181.0
38951,,頁,181.0
38952,頁,頁,181.0
38953,,頁,181.0
38954,頁,頁,181.0
38955,頁,頁,181.0
38956,,頁,181.0
38957,頁,頁,181.0
38958,,頁,181.0
38959,頁,頁,181.0
38960,頁,頁,181.0
38961,,頁,181.0
38962,頁,頁,181.0
38963,赤,頁,181.0
38964,,頁,181.0
38965,頁,頁,181.0
38966,,頁,181.0
38967,頁,頁,181.0
38968,頁,頁,181.0
38969,禿,頁,181.0
38970,,頁,181.0
38971,瀕,頁,181.0
38972,,貝,181.0
38973,禿,頁,181.0
38974,須,頁,181.0
38975,須,頁,181.0
38976,頁,頁,181.0
38977,,頁,181.0
38978,,頁,181.0
38979,,頁,181.0
38980,頁,頁,181.0
38981,頁,頁,181.0
38982,頁,頁,181.0
38983,頁,頁,181.0
38984,,頁,181.0
38985,頁,頁,181.0
38986,,頁,181.0
38987,,頁,181.0
38988,頁,頁,181.0
38989,頁,頁,181.0
38990,,頁,181.0
38991,頁,頁,181.0
38992,,頁,181.0
38993,頁,頁,181.0
38994,頁,頁,181.0
38995,頁,頁,181.0
38996,頁,頁,181.0
38997,,頁,181.0
38998,,頁,181.0
38999,頁,頁,181.0
39000,頁,頁,181.0
39001,頁,頁,181.0
39002,頁,頁,181.0
39003,頁,頁,181.0
39004,,頁,181.0
39005,頁,頁,181.0
39006,犬,頁,181.0
39007,,頁,181.0
39008,,頁,181.0
39009,頁,頁,181.0
39010,,頁,181.0
39011,,頁,181.0
39012,頁,頁,181.0
39013,頁,頁,181.0
39014,頁,頁,181.0
39015,頁,頁,181.0
39016,丌,頁,181.0
39017,頁,頁,181.0
39018,,頁,181.0
39019,頁,頁,181.0
39020,,頁,181.0
39021,,頁,181.0
39022,,頁,181.0
39023,頁,頁,181.0
39024,瀕,頁,181.0
39025,頁,頁,181.0
39026,頁,頁,181.0
39027,,頁,181.0
39028,,頁,181.0
39029,頁,頁,181.0
39030,頁,頁,181.0
39031,匕,頁,181.0
39032,,頁,181.0
39033,頁,頁,181.0
39034,頁,頁,181.0
39035,須,頁,181.0
39036,頁,頁,181.0
39037,頁,頁,181.0
39038,頁,頁,181.0
39039,頁,頁,181.0
39040,頁,頁,181.0
39041,頁,頁,181.0
39042,頁,頁,181.0
39043,亢,頁,181.0
39044,頁,頁,181.0
39045,頁,頁,181.0
39046,頁,頁,181.0
39047,頁,頁,181.0
39048,頁,頁,181.0
39049,頁,頁,181.0
39050,頁,頁,181.0
39051,頁,頁,181.0
39052,頁,頁,181.0
39053,水,水,181.0
39054,火,火,181.0
39055,頁,頁,181.0
39056,𦣞,頁,181.0
39057,瀕,水,181.0
39058,,水,181.0
39059,禿,,181.0
39060,頁,頁,181.0
39061,,頁,181.0
39062,禾,禾,181.0
39063,頁,頁,181.0
39064,頁,頁,181.0
39065,頁,頁,181.0
39066,,頁,181.0
39067,頁,頁,181.0
39068,頁,頁,181.0
39069,頁,頁,181.0
39070,,頁,181.0
39071,,頁,181.0
39072,頁,頁,181.0
39073,頁,頁,181.0
39074,頁,頁,181.0
39075,糸,糸,181.0
39076,頁,頁,181.0
39077,,頁,181.0
39078,瀕,頁,181.0
39079,,頁,181.0
39080,風,風,182.0
39081,,風,182.0
39082,,,182.0
39083,,風,182.0
39084,,風,182.0
39085,風,風,182.0
39086,風,風,182.0
39087,風,風,182.0
39088,,風,182.0
39089,,,182.0
39090,風,風,182.0
39091,,風,182.0
39092,,風,182.0
39093,,風,182.0
39094,,風,182.0
39095,,風,182.0
39096,風,風,182.0
39097,,風,182.0
39098,風,風,182.0
39099,,風,182.0
39100,風,風,182.0
39101,,風,182.0
39102,,風,182.0
39103,馬,風,182.0
39104,,風,182.0
39105,,風,182.0
39106,風,風,182.0
39107,風,風,182.0
39108,風,風,182.0
39109,,風,182.0
39110,風,風,182.0
39111,風,風,182.0
39112,,風,182.0
39113,,風,182.0
39114,,風,182.0
39115,,風,182.0
39116,,風,182.0
39117,,風,182.0
39118,風,風,182.0
39119,風,風,182.0
39120,風,風,182.0
39121,風,風,182.0
39122,風,風,182.0
39123,,風,182.0
39124,風,風,182.0
39125,風,風,182.0
39126,,風,182.0
39127,,風,182.0
39128,風,風,182.0
39129,風,風,182.0
39130,,風,182.0
39131,飛,飛,183.0
39132,羽,飛,183.0
39133,,飛,183.0
39134,飛,飛,183.0
39135,食,食,184.0
39136,,食,184.0
39137,,食,184.0
39138,食,食,184.0
39139,,食,184.0
39140,食,食,184.0
39141,,食,184.0
39142,䰜,食,184.0
39143,食,食,184.0
39144,食,食,184.0
39145,,食,184.0
39146,食,食,184.0
39147,食,食,184.0
39148,,食,184.0
39149,力,食,184.0
39150,㱃,食,184.0
39151,食,食,184.0
39152,,食,184.0
39153,食,食,184.0
39154,㱃,欠,184.0
39155,,食,184.0
39156,食,食,184.0
39157,食,食,184.0
39158,食,食,184.0
39159,,食,184.0
39160,,食,184.0
39161,,食,184.0
39162,,食,184.0
39163,食,食,184.0
39164,,食,184.0
39165,食,食,184.0
39166,巾,食,184.0
39167,,食,184.0
39168,食,食,184.0
39169,食,食,184.0
39170,,食,184.0
39171,,食,184.0
39172,,食,184.0
39173,食,食,184.0
39174,,食,184.0
39175,,食,184.0
39176,食,食,184.0
39177,食,食,184.0
39178,食,食,184.0
39179,,食,184.0
39180,䰜,食,184.0
39181,甘,食,184.0
39182,,,184.0
39183,,,184.0
39184,食,食,184.0
39185,,食,184.0
39186,食,食,184.0
39187,食,食,184.0
39188,食,食,184.0
39189,食,食,184.0
39190,,食,184.0
39191,䰜,食,184.0
39192,食,食,184.0
39193,,食,184.0
39194,,食,184.0
39195,,食,184.0
39196,,食,184.0
39197,,食,184.0
39198,食,食,184.0
39199,食,食,184.0
39200,食,食,184.0
39201,,食,184.0
39202,,食,184.0
39203,,食,184.0
39204,,食,184.0
39205,食,食,184.0
39206,,食,184.0
39207,食,食,184.0
39208,食,食,184.0
39209,,食,184.0
39210,,食,184.0
39211,食,食,184.0
39212,食,食,184.0
39213,,食,184.0
39214,食,食,184.0
39215,,食,184.0
39216,䰜,食,184.0
39217,食,食,184.0
39218,食,食,184.0
39219,食,食,184.0
39220,食,食,184.0
39221,,食,184.0
39222,,食,184.0
39223,,,184.0
39224,,辵,184.0
39225,,食,184.0
39226,,食,184.0
39227,食,食,184.0
39228,米,食,184.0
39229,食,食,184.0
39230,食,食,184.0
39231,,食,184.0
39232,,食,184.0
39233,食,食,184.0
39234,,,184.0
39235,,,184.0
39236,,食,184.0
39237,,食,184.0
39238,,食,184.0
39239,,食,184.0
39240,,食,184.0
39241,食,食,184.0
39242,食,食,184.0
39243,食,食,184.0
39244,食,食,184.0
39245,,食,184.0
39246,食,食,184.0
39247,,食,184.0
39248,食,食,184.0
39249,食,食,184.0
39250,食,食,184.0
39251,,食,184.0
39252,食,食,184.0
39253,食,食,184.0
39254,食,食,184.0
39255,食,食,184.0
39256,食,食,184.0
39257,食,食,184.0
39258,,食,184.0
39259,食,食,184.0
39260,甘,食,184.0
39261,,食,184.0
39262,,食,184.0
39263,食,食,184.0
39264,,食,184.0
39265,食,食,184.0
39266,,食,184.0
39267,,食,184.0
39268,,食,184.0
39269,食,食,184.0
39270,,食,184.0
39271,食,食,184.0
39272,,食,184.0
39273,米,气,184.0
39274,食,食,184.0
39275,食,食,184.0
39276,力,食,184.0
39277,食,食,184.0
39278,㱃,食,184.0
39279,食,食,184.0
39280,巾,食,184.0
39281,食,食,184.0
39282,,食,184.0
39283,,食,184.0
39284,食,食,184.0
39285,䰜,食,184.0
39286,食,食,184.0
39287,食,食,184.0
39288,,食,184.0
39289,,,184.0
39290,,食,184.0
39291,,,184.0
39292,食,食,184.0
39293,,食,184.0
39294,,食,184.0
39295,食,食,184.0
39296,食,人,184.0
39297,食,食,184.0
39298,食,食,184.0
39299,,食,184.0
39300,,食,184.0
39301,,食,184.0
39302,食,食,184.0
39303,,,184.0
39304,食,食,184.0
39305,,食,184.0
39306,,食,184.0
39307,,食,184.0
39308,食,食,184.0
39309,,食,184.0
39310,,食,184.0
39311,食,食,184.0
39312,,食,184.0
39313,食,食,184.0
39314,,食,184.0
39315,食,食,184.0
39316,食,食,184.0
39317,食,衣,184.0
39318,首,首,185.0
39319,九,首,185.0
39320,耳,首,185.0
39321,香,香,186.0
39322,,香,186.0
39323,,香,186.0
39324,,香,186.0
39325,,香,186.0
39326,,香,186.0
39327,,香,186.0
39328,,香,186.0
39329,,香,186.0
39330,,香,186.0
39331,,香,186.0
39332,,香,186.0
39333,香,香,186.0
39334,,香,186.0
39335,,香,186.0
39336,香,香,186.0
39337,,香,186.0
39338,,香,186.0
39339,,香,186.0
39340,馬,馬,187.0
39341,彳,馬,187.0
39342,馬,馬,187.0
39343,馬,馬,187.0
39344,馬,馬,187.0
39345,馬,馬,187.0
39346,,馬,187.0
39347,馬,馬,187.0
39348,馬,馬,187.0
39349,馬,馬,187.0
39350,馬,馬,187.0
39351,,馬,187.0
39352,,馬,187.0
39353,馬,馬,187.0
39354,馬,馬,187.0
39355,,馬,187.0
39356,馬,馬,187.0
39357,馬,馬,187.0
39358,,馬,187.0
39359,,馬,187.0
39360,,馬,187.0
39361,馬,馬,187.0
39362,,馬,187.0
39363,馬,馬,187.0
39364,,馬,187.0
39365,,馬,187.0
39366,,馬,187.0
39367,,,187.0
39368,,馬,187.0
39369,馬,馬,187.0
39370,馬,馬,187.0
39371,,馬,187.0
39372,,馬,187.0
39373,,馬,187.0
39374,,馬,187.0
39375,,馬,187.0
39376,馬,馬,187.0
39377,,馬,187.0
39378,馬,馬,187.0
39379,馬,馬,187.0
39380,馬,馬,187.0
39381,馬,馬,187.0
39382,,馬,187.0
39383,馬,馬,187.0
39384,馬,馬,187.0
39385,馬,馬,187.0
39386,,馬,187.0
39387,,馬,187.0
39388,馬,馬,187.0
39389,人,馬,187.0
39390,人,馬,187.0
39391,馬,馬,187.0
39392,,馬,187.0
39393,,馬,187.0
39394,馬,馬,187.0
39395,,馬,187.0
39396,馬,馬,187.0
39397,馬,馬,187.0
39398,,馬,187.0
39399,馬,馬,187.0
39400,,馬,187.0
39401,,馬,187.0
39402,馬,馬,187.0
39403,馬,馬,187.0
39404,,馬,187.0
39405,馬,馬,187.0
39406,馬,馬,187.0
39407,,馬,187.0
39408,馬,馬,187.0
39409,馬,馬,187.0
39410,,,187.0
39411,,馬,187.0
39412,,馬,187.0
39413,馬,馬,187.0
39414,,馬,187.0
39415,,馬,187.0
39416,馬,馬,187.0
39417,馬,馬,187.0
39418,,馬,187.0
39419,馬,馬,187.0
39420,馬,馬,187.0
39421,馬,馬,187.0
39422,馬,馬,187.0
39423,馬,馬,187.0
39424,馬,馬,187.0
39425,馬,馬,187.0
39426,馬,馬,187.0
39427,馬,馬,187.0
39428,,馬,187.0
39429,馬,馬,187.0
39430,,馬,187.0
39431,,馬,187.0
39432,馬,馬,187.0
39433,,馬,187.0
39434,馬,馬,187.0
39435,馬,馬,187.0
39436,,馬,187.0
39437,,馬,187.0
39438,馬,馬,187.0
39439,馬,馬,187.0
39440,,馬,187.0
39441,馬,馬,187.0
39442,,馬,187.0
39443,,馬,187.0
39444,,馬,187.0
39445,,馬,187.0
39446,馬,馬,187.0
39447,,馬,187.0
39448,馬,馬,187.0
39449,,馬,187.0
39450,,馬,187.0
39451,馬,馬,187.0
39452,,馬,187.0
39453,,馬,187.0
39454,,馬,187.0
39455,,馬,187.0
39456,馬,馬,187.0
39457,,馬,187.0
39458,馬,馬,187.0
39459,馬,馬,187.0
39460,馬,馬,187.0
39461,,馬,187.0
39462,,馬,187.0
39463,馬,馬,187.0
39464,,馬,187.0
39465,馬,馬,187.0
39466,,馬,187.0
39467,馬,馬,187.0
39468,馬,馬,187.0
39469,馬,馬,187.0
39470,馬,馬,187.0
39471,馬,馬,187.0
39472,馬,馬,187.0
39473,馬,馬,187.0
39474,,馬,187.0
39475,,馬,187.0
39476,,馬,187.0
39477,,馬,187.0
39478,馬,馬,187.0
39479,馬,馬,187.0
39480,,馬,187.0
39481,,馬,187.0
39482,馬,馬,187.0
39483,,馬,187.0
39484,,馬,187.0
39485,馬,馬,187.0
39486,馬,馬,187.0
39487,,馬,187.0
39488,馬,馬,187.0
39489,馬,馬,187.0
39490,馬,馬,187.0
39491,馬,馬,187.0
39492,馬,馬,187.0
39493,馬,馬,187.0
39494,,馬,187.0
39495,馬,馬,187.0
39496,馬,馬,187.0
39497,,馬,187.0
39498,,馬,187.0
39499,,馬,187.0
39500,,馬,187.0
39501,馬,馬,187.0
39502,,馬,187.0
39503,,馬,187.0
39504,,馬,187.0
39505,馬,馬,187.0
39506,馬,馬,187.0
39507,,馬,187.0
39508,馬,馬,187.0
39509,馬,馬,187.0
39510,馬,馬,187.0
39511,馬,馬,187.0
39512,馬,馬,187.0
39513,馬,馬,187.0
39514,馬,馬,187.0
39515,馬,馬,187.0
39516,,馬,187.0
39517,,馬,187.0
39518,,馬,187.0
39519,馬,馬,187.0
39520,馬,馬,187.0
39521,,馬,187.0
39522,馬,馬,187.0
39523,,馬,187.0
39524,馬,馬,187.0
39525,馬,馬,187.0
39526,,馬,187.0
39527,馬,馬,187.0
39528,,馬,187.0
39529,馬,馬,187.0
39530,馬,馬,187.0
39531,馬,馬,187.0
39532,馬,馬,187.0
39533,彳,馬,187.0
39534,馬,馬,187.0
39535,馬,馬,187.0
39536,馬,馬,187.0
39537,馬,馬,187.0
39538,馬,馬,187.0
39539,馬,馬,187.0
39540,馬,馬,187.0
39541,馬,馬,187.0
39542,,馬,187.0
39543,馬,馬,187.0
39544,馬,馬,187.0
39545,馬,馬,187.0
39546,馬,馬,187.0
39547,馬,馬,187.0
39548,人,馬,187.0
39549,,馬,187.0
39550,馬,馬,187.0
39551,馬,馬,187.0
39552,馬,馬,187.0
39553,馬,馬,187.0
39554,网,网,187.0
39555,馬,馬,187.0
39556,馬,馬,187.0
39557,,馬,187.0
39558,馬,馬,187.0
39559,馬,馬,187.0
39560,馬,馬,187.0
39561,馬,馬,187.0
39562,馬,馬,187.0
39563,馬,馬,187.0
39564,馬,馬,187.0
39565,,馬,187.0
39566,馬,馬,187.0
39567,馬,馬,187.0
39568,馬,馬,187.0
39569,馬,馬,187.0
39570,,馬,187.0
39571,馬,馬,187.0
39572,,馬,187.0
39573,,馬,187.0
39574,馬,馬,187.0
39575,,馬,187.0
39576,馬,馬,187.0
39577,馬,馬,187.0
39578,馬,馬,187.0
39579,馬,馬,187.0
39580,馬,馬,187.0
39581,馬,馬,187.0
39582,馬,馬,187.0
39583,,馬,187.0
39584,馬,馬,187.0
39585,馬,馬,187.0
39586,馬,馬,187.0
39587,,馬,187.0
39588,馬,馬,187.0
39589,馬,馬,187.0
39590,,馬,187.0
39591,馬,馬,187.0
39592,骨,骨,188.0
39593,骨,骨,188.0
39594,骨,骨,188.0
39595,骨,骨,188.0
39596,,骨,188.0
39597,骨,骨,188.0
39598,,骨,188.0
39599,,骨,188.0
39600,,骨,188.0
39601,,骨,188.0
39602,,骨,188.0
39603,,骨,188.0
39604,骨,骨,188.0
39605,,骨,188.0
39606,,骨,188.0
39607,,骨,188.0
39608,骨,骨,188.0
39609,骨,骨,188.0
39610,,骨,188.0
39611,,骨,188.0
39612,骨,骨,188.0
39613,,骨,188.0
39614,骨,骨,188.0
39615,骨,骨,188.0
39616,骨,骨,188.0
39617,骨,骨,188.0
39618,骨,骨,188.0
39619,骨,骨,188.0
39620,,骨,188.0
39621,骨,骨,188.0
39622,骨,骨,188.0
39623,,骨,188.0
39624,肉,骨,188.0
39625,,骨,188.0
39626,骨,骨,188.0
39627,骨,骨,188.0
39628,骨,骨,188.0
39629,骨,骨,188.0
39630,,骨,188.0
39631,骨,骨,188.0
39632,,骨,188.0
39633,骨,骨,188.0
39634,,骨,188.0
39635,骨,骨,188.0
39636,骨,骨,188.0
39637,骨,骨,188.0
39638,骨,骨,188.0
39639,,骨,188.0
39640,高,高,189.0
39641,高,高,189.0
39642,,高,189.0
39643,,高,189.0
39644,,高,189.0
39645,,高,189.0
39646,,高,189.0
39647,髟,髟,190.0
39648,髟,髟,190.0
39649,髟,髟,190.0
39650,髟,髟,190.0
39651,,髟,190.0
39652,,髟,190.0
39653,須,髟,190.0
39654,髟,髟,190.0
39655,糸,髟,190.0
39656,髟,髟,190.0
39657,,髟,190.0
39658,,髟,190.0
39659,髟,髟,190.0
39660,,髟,190.0
39661,須,髟,190.0
39662,髟,髟,190.0
39663,須,髟,190.0
39664,,髟,190.0
39665,,髟,190.0
39666,髟,髟,190.0
39667,髟,髟,190.0
39668,髟,髟,190.0
39669,而,髟,190.0
39670,髟,髟,190.0
39671,,髟,190.0
39672,,髟,190.0
39673,,髟,190.0
39674,髟,髟,190.0
39675,髟,髟,190.0
39676,,髟,190.0
39677,髟,髟,190.0
39678,,髟,190.0
39679,,髟,190.0
39680,髟,髟,190.0
39681,,,190.0
39682,,髟,190.0
39683,馬,髟,190.0
39684,髟,髟,190.0
39685,,髟,190.0
39686,,髟,190.0
39687,,髟,190.0
39688,髟,髟,190.0
39689,,髟,190.0
39690,髟,髟,190.0
39691,髟,髟,190.0
39692,髟,髟,190.0
39693,,肉,190.0
39694,,,190.0
39695,,,190.0
39696,髟,髟,190.0
39697,髟,髟,190.0
39698,彡,髟,190.0
39699,髟,髟,190.0
39700,,髟,190.0
39701,髟,髟,190.0
39702,,髟,190.0
39703,髟,髟,190.0
39704,,髟,190.0
39705,,髟,190.0
39706,須,髟,190.0
39707,髟,髟,190.0
39708,髟,髟,190.0
39709,髟,髟,190.0
39710,,髟,190.0
39711,髟,髟,190.0
39712,,髟,190.0
39713,,髟,190.0
39714,髟,髟,190.0
39715,髟,髟,190.0
39716,,髟,190.0
39717,鬥,鬥,191.0
39718,,鬥,191.0
39719,鬥,鬥,191.0
39720,鬥,鬥,191.0
39721,鬥,鬥,191.0
39722,,鬥,191.0
39723,,鬥,191.0
39724,鬥,鬥,191.0
39725,鬥,鬥,191.0
39726,鬥,鬥,191.0
39727,鬯,鬯,192.0
39728,,鬯,192.0
39729,林,鬯,192.0
39730,鬲,鬲,193.0
39731,鬲,鬲,193.0
39732,鬲,鬲,193.0
39733,鬲,鬲,193.0
39734,鬲,鬲,193.0
39735,鬲,鬲,193.0
39736,,鬲,193.0
39737,鬲,鬲,193.0
39738,,鬲,193.0
39739,䰜,鬲,193.0
39740,鬼,鬼,194.0
39741,鬼,鬼,194.0
39742,鬼,鬼,194.0
39743,,鬼,194.0
39744,,鬼,194.0
39745,斗,鬼,194.0
39746,鬼,鬼,194.0
39747,鬼,鬼,194.0
39748,鬼,鬼,194.0
39749,鬼,鬼,194.0
39750,,鬼,194.0
39751,鬼,鬼,194.0
39752,,鬼,194.0
39753,虫,虫,194.0
39754,,鬼,194.0
39755,隹,鬼,194.0
39756,,鬼,194.0
39757,虫,,194.0
39758,,鬼,194.0
39759,,鬼,194.0
39760,,鬼,194.0
39761,鬼,鬼,194.0
39762,,鬼,194.0
39763,,鬼,194.0
39764,鬼,鬼,194.0
39765,鬼,鬼,194.0
39766,鬼,鬼,194.0
39767,,鬼,194.0
39768,鬼,鬼,194.0
39769,,鬼,194.0
39770,魚,魚,195.0
39771,,魚,195.0
39772,,魚,195.0
39773,刀,魚,195.0
39774,,,195.0
39775,,魚,195.0
39776,魚,魚,195.0
39777,,魚,195.0
39778,,,195.0
39779,,魚,195.0
39780,,魚,195.0
39781,,魚,195.0
39782,魚,魚,195.0
39783,魚,魚,195.0
39784,,魚,195.0
39785,,魚,195.0
39786,,魚,195.0
39787,,魚,195.0
39788,,魚,195.0
39789,,魚,195.0
39790,魚,魚,195.0
39791,𪞶,魚,195.0
39792,,魚,195.0
39793,,魚,195.0
39794,,魚,195.0
39795,,魚,195.0
39796,魚,魚,195.0
39797,魚,魚,195.0
39798,魚,魚,195.0
39799,,魚,195.0
39800,,,195.0
39801,,,195.0
39802,,魚,195.0
39803,,魚,195.0
39804,魚,魚,195.0
39805,,魚,195.0
39806,魚,魚,195.0
39807,魚,魚,195.0
39808,魚,魚,195.0
39809,魚,魚,195.0
39810,,魚,195.0
39811,,魚,195.0
39812,,魚,195.0
39813,魚,魚,195.0
39814,魚,魚,195.0
39815,,魚,195.0
39816,,魚,195.0
39817,,魚,195.0
39818,魚,魚,195.0
39819,,魚,195.0
39820,,魚,195.0
39821,魚,魚,195.0
39822,魚,魚,195.0
39823,魚,魚,195.0
39824,魚,魚,195.0
39825,魚,魚,195.0
39826,魚,魚,195.0
39827,,魚,195.0
39828,,魚,195.0
39829,,魚,195.0
39830,,,195.0
39831,,,195.0
39832,,,195.0
39833,,魚,195.0
39834,魚,魚,195.0
39835,,魚,195.0
39836,,魚,195.0
39837,,魚,195.0
39838,魚,魚,195.0
39839,,魚,195.0
39840,,魚,195.0
39841,魚,魚,195.0
39842,,魚,195.0
39843,,魚,195.0
39844,,魚,195.0
39845,魚,魚,195.0
39846,魚,魚,195.0
39847,魚,魚,195.0
39848,魚,魚,195.0
39849,,魚,195.0
39850,魚,魚,195.0
39851,魚,魚,195.0
39852,,魚,195.0
39853,,魚,195.0
39854,魚,魚,195.0
39855,,魚,195.0
39856,,,195.0
39857,,,195.0
39858,,,195.0
39859,,魚,195.0
39860,,,195.0
39861,,魚,195.0
39862,,魚,195.0
39863,魚,魚,195.0
39864,魚,魚,195.0
39865,,魚,195.0
39866,魚,魚,195.0
39867,,魚,195.0
39868,,魚,195.0
39869,,魚,195.0
39870,,魚,195.0
39871,,魚,195.0
39872,魚,魚,195.0
39873,魚,魚,195.0
39874,,魚,195.0
39875,,魚,195.0
39876,,,195.0
39877,,魚,195.0
39878,,魚,195.0
39879,魚,魚,195.0
39880,魚,魚,195.0
39881,魚,魚,195.0
39882,魚,魚,195.0
39883,,魚,195.0
39884,,魚,195.0
39885,魚,魚,195.0
39886,,,195.0
39887,,,195.0
39888,,,195.0
39889,,,195.0
39890,,,195.0
39891,,,195.0
39892,,魚,195.0
39893,魚,魚,195.0
39894,,魚,195.0
39895,,魚,195.0
39896,,魚,195.0
39897,,魚,195.0
39898,,魚,195.0
39899,魚,魚,195.0
39900,魚,魚,195.0
39901,,魚,195.0
39902,,魚,195.0
39903,,魚,195.0
39904,,魚,195.0
39905,,魚,195.0
39906,魚,魚,195.0
39907,,魚,195.0
39908,,魚,195.0
39909,,魚,195.0
39910,魚,魚,195.0
39911,,魚,195.0
39912,魚,魚,195.0
39913,,魚,195.0
39914,,魚,195.0
39915,魚,魚,195.0
39916,,魚,195.0
39917,,魚,195.0
39918,,魚,195.0
39919,,魚,195.0
39920,,魚,195.0
39921,,,195.0
39922,,,195.0
39923,,,195.0
39924,,,195.0
39925,,魚,195.0
39926,魚,魚,195.0
39927,魚,魚,195.0
39928,魚,魚,195.0
39929,魚,魚,195.0
39930,,魚,195.0
39931,,魚,195.0
39932,,魚,195.0
39933,魚,魚,195.0
39934,魚,魚,195.0
39935,魚,魚,195.0
39936,魚,魚,195.0
39937,,魚,195.0
39938,魚,魚,195.0
39939,,魚,195.0
39940,,魚,195.0
39941,魚,魚,195.0
39942,,魚,195.0
39943,,魚,195.0
39944,魚,魚,195.0
39945,,魚,195.0
39946,,魚,195.0
39947,魚,魚,195.0
39948,魚,魚,195.0
39949,魚,魚,195.0
39950,,魚,195.0
39951,,魚,195.0
39952,虫,魚,195.0
39953,,魚,195.0
39954,魚,魚,195.0
39955,,魚,195.0
39956,,魚,195.0
39957,魚,魚,195.0
39958,,魚,195.0
39959,,魚,195.0
39960,,,195.0
39961,,,195.0
39962,,,195.0
39963,,,195.0
39964,魚,,195.0
39965,魚,,195.0
39966,,魚,195.0
39967,魚,魚,195.0
39968,,魚,195.0
39969,,魚,195.0
39970,,魚,195.0
39971,,魚,195.0
39972,,魚,195.0
39973,魚,魚,195.0
39974,,魚,195.0
39975,,魚,195.0
39976,魚,魚,195.0
39977,魚,魚,195.0
39978,,魚,195.0
39979,魚,魚,195.0
39980,,魚,195.0
39981,,魚,195.0
39982,,魚,195.0
39983,,,195.0
39984,,,195.0
39985,魚,魚,195.0
39986,黽,魚,195.0
39987,,魚,195.0
39988,,魚,195.0
39989,,魚,195.0
39990,,魚,195.0
39991,,魚,195.0
39992,魚,魚,195.0
39993,,魚,195.0
39994,,魚,195.0
39995,魚,魚,195.0
39996,魚,魚,195.0
39997,,魚,195.0
39998,,魚,195.0
39999,,魚,195.0
40000,,魚,195.0
40001,,魚,195.0
40002,,魚,195.0
40003,,魚,195.0
40004,魚,魚,195.0
40005,魚,魚,195.0
40006,,魚,195.0
40007,,,195.0
40008,,,195.0
40009,黽,魚,195.0
40010,,魚,195.0
40011,,魚,195.0
40012,,魚,195.0
40013,,魚,195.0
40014,,魚,195.0
40015,魚,魚,195.0
40016,,魚,195.0
40017,,魚,195.0
40018,魚,魚,195.0
40019,魚,魚,195.0
40020,魚,魚,195.0
40021,,魚,195.0
40022,魚,魚,195.0
40023,魚,魚,195.0
40024,魚,魚,195.0
40025,,魚,195.0
40026,,,195.0
40027,,,195.0
40028,,,195.0
40029,,魚,195.0
40030,,魚,195.0
40031,,魚,195.0
40032,,魚,195.0
40033,,魚,195.0
40034,魚,魚,195.0
40035,魚,魚,195.0
40036,,魚,195.0
40037,,魚,195.0
40038,,魚,195.0
40039,魚,魚,195.0
40040,魚,魚,195.0
40041,,,195.0
40042,,,195.0
40043,,,195.0
40044,,魚,195.0
40045,,魚,195.0
40046,魚,魚,195.0
40047,魚,魚,195.0
40048,,,195.0
40049,,,195.0
40050,,魚,195.0
40051,,魚,195.0
40052,,魚,195.0
40053,,魚,195.0
40054,,魚,195.0
40055,,魚,195.0
40056,,魚,195.0
40057,,魚,195.0
40058,魚,魚,195.0
40059,魚,魚,195.0
40060,魚,魚,195.0
40061,,魚,195.0
40062,,,195.0
40063,,魚,195.0
40064,,魚,195.0
40065,𪞶,魚,195.0
40066,魚,魚,195.0
40067,,,195.0
40068,,魚,195.0
40069,魚,魚,195.0
40070,,魚,195.0
40071,魚,魚,195.0
40072,,魚,195.0
40073,,魚,195.0
40074,,魚,195.0
40075,魚,魚,195.0
40076,魚,魚,195.0
40077,魚,魚,195.0
40078,,魚,195.0
40079,魚,魚,195.0
40080,魚,魚,195.0
40081,,魚,195.0
40082,魚,魚,195.0
40083,,,195.0
40084,魚,魚,195.0
40085,魚,魚,195.0
40086,魚,魚,195.0
40087,魚,魚,195.0
40088,,魚,195.0
40089,,魚,195.0
40090,,魚,195.0
40091,魚,魚,195.0
40092,魚,魚,195.0
40093,魚,魚,195.0
40094,,魚,195.0
40095,魚,魚,195.0
40096,魚,魚,195.0
40097,魚,魚,195.0
40098,魚,魚,195.0
40099,,魚,195.0
40100,魚,魚,195.0
40101,,魚,195.0
40102,,魚,195.0
40103,魚,魚,195.0
40104,魚,魚,195.0
40105,魚,魚,195.0
40106,,魚,195.0
40107,魚,魚,195.0
40108,,,195.0
40109,,魚,195.0
40110,,魚,195.0
40111,魚,魚,195.0
40112,魚,魚,195.0
40113,,魚,195.0
40114,,魚,195.0
40115,,魚,195.0
40116,,魚,195.0
40117,魚,魚,195.0
40118,,,195.0
40119,魚,魚,195.0
40120,魚,,195.0
40121,,魚,195.0
40122,,,195.0
40123,,魚,195.0
40124,,魚,195.0
40125,魚,魚,195.0
40126,,魚,195.0
40127,魚,魚,195.0
40128,,魚,195.0
40129,,魚,195.0
40130,,魚,195.0
40131,,魚,195.0
40132,,魚,195.0
40133,魚,魚,195.0
40134,魚,魚,195.0
40135,,魚,195.0
40136,,魚,195.0
40137,,魚,195.0
40138,魚,魚,195.0
40139,,魚,195.0
40140,黽,魚,195.0
40141,,魚,195.0
40142,魚,魚,195.0
40143,魚,魚,195.0
40144,魚,魚,195.0
40145,魚,魚,195.0
40146,魚,魚,195.0
40147,,魚,195.0
40148,,魚,195.0
40149,,,195.0
40150,黽,魚,195.0
40151,魚,魚,195.0
40152,,魚,195.0
40153,魚,魚,195.0
40154,,魚,195.0
40155,魚,魚,195.0
40156,魚,魚,195.0
40157,魚,魚,195.0
40158,魚,魚,195.0
40159,魚,魚,195.0
40160,魚,魚,195.0
40161,,魚,195.0
40162,魚,魚,195.0
40163,魚,魚,195.0
40164,,,195.0
40165,鳥,鳥,196.0
40166,𠃉,鳥,196.0
40167,𠘧,鳥,196.0
40168,,鳥,196.0
40169,鳥,鳥,196.0
40170,,鳥,196.0
40171,,鳥,196.0
40172,𠘧,鳥,196.0
40173,,鳥,196.0
40174,,隹,196.0
40175,,鳥,196.0
40176,,,196.0
40177,,鳥,196.0
40178,,鳥,196.0
40179,鳥,鳥,196.0
40180,鳥,鳥,196.0
40181,,鳥,196.0
40182,鳥,鳥,196.0
40183,,鳥,196.0
40184,隹,鳥,196.0
40185,隹,鳥,196.0
40186,,鳥,196.0
40187,鳥,鳥,196.0
40188,,鳥,196.0
40189,鳥,鳥,196.0
40190,,鳥,196.0
40191,,鳥,196.0
40192,,鳥,196.0
40193,鳥,鳥,196.0
40194,鳥,鳥,196.0
40195,,鳥,196.0
40196,,鳥,196.0
40197,,鳥,196.0
40198,鳥,鳥,196.0
40199,鳥,鳥,196.0
40200,鳥,鳥,196.0
40201,隹,鳥,196.0
40202,,鳥,196.0
40203,鳥,鳥,196.0
40204,,鳥,196.0
40205,,鳥,196.0
40206,,鳥,196.0
40207,,鳥,196.0
40208,,鳥,196.0
40209,隹,鳥,196.0
40210,,鳥,196.0
40211,,鳥,196.0
40212,鳥,鳥,196.0
40213,,鳥,196.0
40214,鳥,鳥,196.0
40215,鳥,鳥,196.0
40216,,鳥,196.0
40217,,鳥,196.0
40218,鳥,鳥,196.0
40219,鳥,鳥,196.0
40220,鳥,鳥,196.0
40221,鳥,鳥,196.0
40222,鳥,鳥,196.0
40223,隹,鳥,196.0
40224,鳥,鳥,196.0
40225,鳥,鳥,196.0
40226,,鳥,196.0
40227,鳥,鳥,196.0
40228,,鳥,196.0
40229,鳥,鳥,196.0
40230,鳥,鳥,196.0
40231,鳥,鳥,196.0
40232,鳥,鳥,196.0
40233,鳥,鳥,196.0
40234,鳥,鳥,196.0
40235,,,196.0
40236,鳥,鳥,196.0
40237,,鳥,196.0
40238,,鳥,196.0
40239,,鳥,196.0
40240,鳥,鳥,196.0
40241,,鳥,196.0
40242,鳥,鳥,196.0
40243,鳥,鳥,196.0
40244,,鳥,196.0
40245,,鳥,196.0
40246,,鳥,196.0
40247,,鳥,196.0
40248,,鳥,196.0
40249,,鳥,196.0
40250,鳥,鳥,196.0
40251,鳥,鳥,196.0
40252,,鳥,196.0
40253,隹,鳥,196.0
40254,,鳥,196.0
40255,鳥,鳥,196.0
40256,,鳥,196.0
40257,鳥,鳥,196.0
40258,雈,鳥,196.0
40259,鳥,鳥,196.0
40260,,鳥,196.0
40261,鳥,鳥,196.0
40262,,,196.0
40263,,,196.0
40264,,,196.0
40265,,鳥,196.0
40266,,鳥,196.0
40267,,鳥,196.0
40268,,鳥,196.0
40269,,鳥,196.0
40270,,鳥,196.0
40271,,鳥,196.0
40272,,鳥,196.0
40273,,鳥,196.0
40274,鳥,鳥,196.0
40275,,鳥,196.0
40276,鳥,鳥,196.0
40277,鳥,鳥,196.0
40278,鳥,鳥,196.0
40279,,鳥,196.0
40280,,鳥,196.0
40281,,鳥,196.0
40282,,鳥,196.0
40283,,鳥,196.0
40284,鳥,鳥,196.0
40285,鳥,鳥,196.0
40286,鳥,鳥,196.0
40287,,鳥,196.0
40288,鳥,鳥,196.0
40289,鳥,鳥,196.0
40290,,鳥,196.0
40291,,鳥,196.0
40292,,,148.0
40293,,,196.0
40294,,鳥,196.0
40295,,鳥,196.0
40296,,鳥,196.0
40297,,鳥,196.0
40298,,鳥,196.0
40299,,鳥,196.0
40300,鳥,鳥,196.0
40301,,鳥,196.0
40302,,鳥,196.0
40303,,鳥,196.0
40304,隹,鳥,196.0
40305,鳥,鳥,196.0
40306,烏,鳥,196.0
40307,,鳥,196.0
40308,鳥,鳥,196.0
40309,,鳥,196.0
40310,,鳥,196.0
40311,,鳥,196.0
40312,,鳥,196.0
40313,隹,鳥,196.0
40314,,鳥,196.0
40315,鳥,鳥,196.0
40316,,鳥,196.0
40317,鳥,鳥,196.0
40318,,鳥,196.0
40319,,鳥,196.0
40320,,鳥,196.0
40321,,鳥,196.0
40322,鳥,鳥,196.0
40323,鳥,鳥,196.0
40324,鳥,鳥,196.0
40325,,鳥,196.0
40326,,鳥,196.0
40327,,鳥,196.0
40328,,鳥,196.0
40329,鳥,鳥,196.0
40330,,鳥,196.0
40331,,鳥,196.0
40332,鳥,鳥,196.0
40333,,,196.0
40334,,,196.0
40335,,隹,196.0
40336,,鳥,196.0
40337,,鳥,196.0
40338,,鳥,196.0
40339,,鳥,196.0
40340,,鳥,196.0
40341,,鳥,196.0
40342,鳥,鳥,196.0
40343,,鳥,196.0
40344,,鳥,196.0
40345,鳥,鳥,196.0
40346,,鳥,196.0
40347,,鳥,196.0
40348,,鳥,196.0
40349,,鳥,196.0
40350,,鳥,196.0
40351,,鳥,196.0
40352,鳥,鳥,196.0
40353,鳥,鳥,196.0
40354,,鳥,196.0
40355,,鳥,196.0
40356,鳥,鳥,196.0
40357,,鳥,196.0
40358,,鳥,196.0
40359,,鳥,196.0
40360,鳥,鳥,196.0
40361,鳥,鳥,196.0
40362,鳥,鳥,196.0
40363,,,196.0
40364,鳥,鳥,196.0
40365,鳥,鳥,196.0
40366,,鳥,196.0
40367,鳥,鳥,196.0
40368,,鳥,196.0
40369,鳥,鳥,196.0
40370,,鳥,196.0
40371,,鳥,196.0
40372,鳥,鳥,196.0
40373,隹,鳥,196.0
40374,,鳥,196.0
40375,,鳥,196.0
40376,,鳥,196.0
40377,鳥,鳥,196.0
40378,,鳥,196.0
40379,鳥,鳥,196.0
40380,,鳥,196.0
40381,,鳥,196.0
40382,鳥,鳥,196.0
40383,鳥,鳥,196.0
40384,鳥,鳥,196.0
40385,,鳥,196.0
40386,鳥,鳥,196.0
40387,鳥,鳥,196.0
40388,隹,鳥,196.0
40389,,鳥,196.0
40390,,鳥,196.0
40391,鳥,鳥,196.0
40392,鳥,鳥,196.0
40393,鳥,鳥,196.0
40394,鳥,鳥,196.0
40395,,鳥,196.0
40396,,鳥,196.0
40397,,鳥,196.0
40398,,鳥,196.0
40399,,鳥,196.0
40400,鳥,鳥,196.0
40401,,鳥,196.0
40402,,鳥,196.0
40403,鳥,鳥,196.0
40404,,鳥,196.0
40405,鳥,鳥,196.0
40406,鳥,鳥,196.0
40407,鳥,鳥,196.0
40408,,鳥,196.0
40409,鳥,鳥,196.0
40410,鳥,鳥,196.0
40411,鳥,鳥,196.0
40412,,鳥,196.0
40413,,鳥,196.0
40414,鳥,鳥,196.0
40415,鳥,鳥,196.0
40416,,鳥,195.0
40417,,鳥,196.0
40418,鳥,鳥,196.0
40419,,鳥,196.0
40420,,鳥,196.0
40421,,鳥,196.0
40422,鳥,鳥,196.0
40423,鳥,鳥,196.0
40424,,鳥,196.0
40425,鳥,鳥,196.0
40426,,鳥,196.0
40427,鳥,鳥,196.0
40428,,鳥,196.0
40429,,鳥,196.0
40430,鳥,鳥,196.0
40431,鳥,鳥,196.0
40432,燕,鳥,196.0
40433,,鳥,196.0
40434,鳥,鳥,196.0
40435,鳥,鳥,196.0
40436,鳥,鳥,196.0
40437,,鳥,196.0
40438,,鳥,196.0
40439,,鳥,196.0
40440,鳥,鳥,196.0
40441,隹,鳥,196.0
40442,鳥,鳥,196.0
40443,鳥,鳥,196.0
40444,鳥,鳥,196.0
40445,鳥,鳥,196.0
40446,,鳥,196.0
40447,鳥,鳥,196.0
40448,,鳥,196.0
40449,,鳥,196.0
40450,,鳥,196.0
40451,鳥,鳥,196.0
40452,,鳥,196.0
40453,,鳥,196.0
40454,,鳥,196.0
40455,鳥,鳥,196.0
40456,,鳥,196.0
40457,,鳥,196.0
40458,鳥,鳥,196.0
40459,,鳥,196.0
40460,,鳥,196.0
40461,,鳥,196.0
40462,,鳥,196.0
40463,鳥,鳥,196.0
40464,,鳥,196.0
40465,鳥,鳥,196.0
40466,鳥,鳥,196.0
40467,鳥,鳥,196.0
40468,鳥,鳥,196.0
40469,鳥,鳥,196.0
40470,,鳥,196.0
40471,,鳥,196.0
40472,鳥,鳥,196.0
40473,,鳥,196.0
40474,鳥,鳥,196.0
40475,鳥,鳥,196.0
40476,,鳥,196.0
40477,,鳥,196.0
40478,鳥,鳥,196.0
40479,鳥,鳥,196.0
40480,鳥,鳥,196.0
40481,隹,隹,196.0
40482,鳥,鳥,196.0
40483,鳥,鳥,196.0
40484,,鳥,196.0
40485,鳥,鳥,196.0
40486,隹,鳥,196.0
40487,鳥,鳥,196.0
40488,鳥,鳥,196.0
40489,鳥,鳥,196.0
40490,鳥,鳥,196.0
40491,,鳥,196.0
40492,鳥,鳥,196.0
40493,鳥,鳥,196.0
40494,鳥,鳥,196.0
40495,鳥,鳥,196.0
40496,,鳥,196.0
40497,隹,隹,196.0
40498,鳥,鳥,196.0
40499,鳥,鳥,196.0
40500,,鳥,196.0
40501,,鳥,196.0
40502,,鳥,196.0
40503,鳥,鳥,196.0
40504,,鳥,196.0
40505,鳥,鳥,196.0
40506,雈,鳥,196.0
40507,,鳥,196.0
40508,鳥,鳥,196.0
40509,鳥,鳥,196.0
40510,鳥,鳥,196.0
40511,鳥,鳥,196.0
40512,,鳥,196.0
40513,,鳥,196.0
40514,,鳥,196.0
40515,,鳥,196.0
40516,鳥,鳥,196.0
40517,鳥,鳥,196.0
40518,鳥,鳥,196.0
40519,鳥,鳥,196.0
40520,鳥,鳥,196.0
40521,鳥,鳥,196.0
40522,烏,鳥,196.0
40523,,鳥,196.0
40524,,鳥,196.0
40525,,鳥,196.0
40526,,鳥,196.0
40527,鳥,鳥,196.0
40528,,鳥,196.0
40529,鳥,鳥,196.0
40530,,鳥,196.0
40531,,鳥,196.0
40532,鳥,鳥,196.0
40533,,鳥,196.0
40534,鳥,鳥,196.0
40535,,鳥,196.0
40536,鳥,鳥,196.0
40537,鳥,鳥,196.0
40538,鳥,鳥,196.0
40539,,鳥,196.0
40540,鳥,鳥,196.0
40541,,鳥,196.0
40542,鳥,鳥,196.0
40543,,鳥,196.0
40544,鳥,鳥,196.0
40545,,鳥,196.0
40546,,鳥,196.0
40547,,鳥,196.0
40548,鳥,鳥,196.0
40549,鳥,鳥,196.0
40550,鳥,鳥,196.0
40551,鳥,鳥,196.0
40552,鳥,鳥,196.0
40553,鳥,鳥,196.0
40554,鳥,鳥,196.0
40555,鳥,鳥,196.0
40556,鳥,鳥,196.0
40557,鳥,鳥,196.0
40558,,鳥,196.0
40559,鳥,鳥,196.0
40560,隹,鳥,196.0
40561,,鳥,196.0
40562,,鳥,196.0
40563,鳥,鳥,196.0
40564,,鳥,196.0
40565,鹵,鹵,197.0
40566,,鹵,197.0
40567,,鹵,197.0
40568,,鹵,197.0
40569,鹵,鹵,197.0
40570,鹵,鹵,197.0
40571,,鹵,197.0
40572,鹽,鹵,197.0
40573,鹽,鹵,197.0
40574,鹵,鹵,197.0
40575,鹿,鹿,198.0
40576,鹿,鹿,198.0
40577,麤,鹿,198.0
40578,鹿,鹿,198.0
40579,鹿,鹿,198.0
40580,麤,鹿,198.0
40581,,鹿,198.0
40582,,鹿,198.0
40583,鹿,鹿,198.0
40584,鹿,鹿,198.0
40585,鹿,鹿,198.0
40586,,鹿,198.0
40587,鹿,鹿,198.0
40588,,鹿,198.0
40589,,鹿,198.0
40590,鹿,鹿,198.0
40591,,鹿,198.0
40592,鹿,鹿,198.0
40593,鹿,鹿,198.0
40594,鹿,鹿,198.0
40595,林,鹿,198.0
40596,鹿,鹿,198.0
40597,鹿,鹿,198.0
40598,鹿,鹿,198.0
40599,鹿,鹿,198.0
40600,,鹿,198.0
40601,鹿,鹿,198.0
40602,鹿,鹿,198.0
40603,鹿,鹿,198.0
40604,,鹿,198.0
40605,鹿,鹿,198.0
40606,鹿,鹿,198.0
40607,鹿,鹿,198.0
40608,鹿,鹿,198.0
40609,,鹿,198.0
40610,鹿,鹿,198.0
40611,,鹿,198.0
40612,麤,鹿,198.0
40613,麥,麥,199.0
40614,麥,麥,199.0
40615,麥,麥,199.0
40616,,麥,199.0
40617,麥,麥,199.0
40618,麥,麥,199.0
40619,麥,麥,199.0
40620,,麥,199.0
40621,,麥,199.0
40622,麥,麥,199.0
40623,,麥,199.0
40624,麥,麥,199.0
40625,麥,麥,199.0
40626,,麥,199.0
40627,,麥,199.0
40628,,麥,199.0
40629,麥,麥,199.0
40630,,,199.0
40631,麥,麥,199.0
40632,麥,麥,199.0
40633,,麥,199.0
40634,,麥,199.0
40635,麻,麻,200.0
40636,幺,麻,200.0
40637,幺,麻,200.0
40638,手,麻,200.0
40639,,,200.0
40640,麻,麻,200.0
40641,,麻,200.0
40642,艸,麻,200.0
40643,黃,黃,201.0
40644,黃,黃,201.0
40645,,黃,201.0
40646,,黃,201.0
40647,黃,黃,201.0
40648,,黃,201.0
40649,,黃,201.0
40650,黃,黃,201.0
40651,,黃,201.0
40652,,黃,201.0
40653,黍,黍,202.0
40654,黍,黍,202.0
40655,黍,黍,202.0
40656,,黍,202.0
40657,黑,黑,203.0
40658,黑,黑,203.0
40659,,黑,203.0
40660,黑,黑,203.0
40661,黑,黑,203.0
40662,,黑,203.0
40663,黑,黑,203.0
40664,犬,黑,203.0
40665,犬,黑,86.0
40666,黑,黑,203.0
40667,黑,黑,203.0
40668,黑,黑,203.0
40669,黑,黑,203.0
40670,黑,黑,203.0
40671,黑,黑,203.0
40672,黑,黑,203.0
40673,黑,黑,203.0
40674,,黑,203.0
40675,,黑,203.0
40676,黑,黑,203.0
40677,黑,黑,203.0
40678,黑,黑,203.0
40679,,黑,203.0
40680,黑,黑,203.0
40681,黑,黑,203.0
40682,黑,黑,203.0
40683,,黑,203.0
40684,,黑,203.0
40685,黑,黑,203.0
40686,黑,黑,203.0
40687,黑,黑,203.0
40688,,黑,203.0
40689,黑,黑,203.0
40690,黑,黑,203.0
40691,黑,黑,203.0
40692,黑,黑,203.0
40693,黑,黑,203.0
40694,黑,黑,203.0
40695,黑,黑,203.0
40696,黑,黑,203.0
40697,黹,黹,204.0
40698,黹,黹,204.0
40699,黹,黹,204.0
40700,黹,黹,204.0
40701,黽,黽,205.0
40702,黽,黽,205.0
40703,黽,黽,205.0
40704,黽,黽,205.0
40705,,黽,205.0
40706,黽,黽,205.0
40707,黽,黽,205.0
40708,黽,黽,205.0
40709,黽,黽,205.0
40710,冥,黽,205.0
40711,黽,黽,205.0
40712,黽,黽,205.0
40713,黽,黽,205.0
40714,,黽,205.0
40715,黽,黽,205.0
40716,黽,日,205.0
40717,黽,黽,205.0
40718,鼎,鼎,206.0
40719,鼎,鼎,206.0
40720,鼎,鼎,206.0
40721,鼎,鼎,206.0
40722,鼎,鼎,206.0
40723,鼓,鼓,207.0
40724,攴,鼓,207.0
40725,,鼓,207.0
40726,鼓,鼓,207.0
40727,革,鼓,207.0
40728,鼓,鼓,207.0
40729,鼓,鼓,207.0
40730,,鼓,207.0
40731,鼓,鼓,207.0
40732,壴,鼓,207.0
40733,鼓,鼓,207.0
40734,鼓,鼓,207.0
40735,,鼓,207.0
40736,鼠,鼠,208.0
40737,,,208.0
40738,鼠,鼠,208.0
40739,,鼠,208.0
40740,,鼠,208.0
40741,,鼠,208.0
40742,,鼠,208.0
40743,,鼠,208.0
40744,鼠,鼠,208.0
40745,鼠,鼠,208.0
40746,,鼠,208.0
40747,鼠,鼠,208.0
40748,鼠,鼠,208.0
40749,,鼠,208.0
40750,,鼠,208.0
40751,,鼠,208.0
40752,,鼠,208.0
40753,,鼠,208.0
40754,鼠,鼠,208.0
40755,,鼠,208.0
40756,,鼠,208.0
40757,,鼠,208.0
40758,鼠,鼠,208.0
40759,鼠,鼠,208.0
40760,鼠,鼠,208.0
40761,,鼠,208.0
40762,鳥,鼠,208.0
40763,鼻,鼻,209.0
40764,,鼻,209.0
40765,鼻,鼻,209.0
40766,鼻,鼻,209.0
40767,,鼻,209.0
40768,,鼻,209.0
40769,,鼻,209.0
40770,鼻,鼻,209.0
40771,頁,鼻,209.0
40772,,鼻,209.0
40773,鼻,鼻,209.0
40774,,鼻,209.0
40775,,鼻,209.0
40776,,鼻,209.0
40777,,人,209.0
40778,齊,齊,210.0
40779,示,齊,210.0
40780,火,齊,210.0
40781,皿,齊,210.0
40782,貝,齊,210.0
40783,韭,齊,210.0
40784,齊,齊,210.0
40785,韭,齊,210.0
40786,齒,齒,211.0
40787,,齒,211.0
40788,齒,齒,211.0
40789,齒,齒,211.0
40790,,齒,211.0
40791,齒,齒,211.0
40792,齒,齒,211.0
40793,,齒,211.0
40794,齒,齒,211.0
40795,齒,齒,211.0
40796,齒,齒,211.0
40797,齒,齒,211.0
40798,齒,齒,211.0
40799,齒,齒,211.0
40800,,齒,211.0
40801,齒,齒,211.0
40802,,齒,211.0
40803,,齒,211.0
40804,齒,齒,211.0
40805,齒,齒,211.0
40806,齒,齒,211.0
40807,齒,齒,211.0
40808,齒,齒,211.0
40809,齒,齒,211.0
40810,,齒,211.0
40811,,齒,211.0
40812,齒,齒,211.0
40813,齒,齒,211.0
40814,齒,齒,211.0
40815,齒,齒,211.0
40816,齒,齒,211.0
40817,齒,齒,211.0
40818,牙,齒,211.0
40819,齒,齒,211.0
40820,,齒,211.0
40821,齒,齒,211.0
40822,,齒,211.0
40823,,齒,211.0
40824,齒,齒,211.0
40825,齒,齒,211.0
40826,齒,齒,211.0
40827,,齒,211.0
40828,齒,齒,211.0
40829,,齒,211.0
40830,齒,齒,211.0
40831,齒,齒,211.0
40832,齒,齒,211.0
40833,齒,齒,211.0
40834,齒,齒,211.0
40835,齒,齒,211.0
40836,齒,齒,211.0
40837,,齒,211.0
40838,,齒,211.0
40839,齒,齒,211.0
40840,齒,齒,211.0
40841,齒,齒,211.0
40842,,齒,211.0
40843,牙,牙,211.0
40844,,齒,211.0
40845,龍,龍,212.0
40846,,龍,212.0
40847,廾,龍,212.0
40848,广,龍,53.0
40849,,龍,212.0
40850,,龍,212.0
40851,有,龍,212.0
40852,共,龍,212.0
40853,龍,龍,212.0
40854,龍,龍,212.0
40855,龍,龍,212.0
40856,,龍,212.0
40857,龍,龍,212.0
40858,共,龍,212.0
40859,龍,龍,212.0
40860,龜,龜,213.0
40861,禾,龜,213.0
40862,,龜,213.0
40863,龜,龜,213.0
40864,龠,龠,214.0
40865,龠,龠,214.0
40866,龠,龠,214.0
40867,,龠,214.0
40868,龠,龠,214.0
40869,,龠,214.0
40870,,,86.0
40871,,日,72.0
40872,,,22.0
40873,,,140.0
40874,,,156.0
40875,,,159.0
40876,,,167.0
40877,,,187.0
40878,,,187.0
40879,,,167.0
40880,,,77.0
40881,,,31.0
40882,,,167.0
40883,,,32.0
40884,,,5.0
40885,,,64.0
40886,,,32.0
40887,,,140.0
40888,,,42.0
40889,,廾,12.0
40890,,,24.0
40891,,,149.0
40892,,,32.0
40893,,,86.0
40894,,,107.0
40895,,,140.0
40896,,,140.0
40897,,,149.0
40898,,,159.0
40899,,目,109.0
40900,,,75.0
40901,,,113.0
40902,,,113.0
40903,,,9.0
40904,,,60.0
40905,,,60.0
40906,,,140.0
40907,,,145.0
40908,,,85.0
40909,,,
40910,,,
40911,,,
40912,,,
40913,,,
40914,,,
40915,,,
40916,,,
40917,,,
40918,,,
40919,,,
40920,,,
40921,,,
40922,,,
40923,,,
40924,,,
40925,,,
40926,,,
40927,,,
40928,,,
40929,,,
40930,,,
40931,,,
40932,,,
40933,,,
40934,,,
40935,,,
40936,,,
40937,,,
40938,,,
40939,,,
40940,,,
40941,,,
40942,,,
40943,,,
40944,,,
40945,,,
40946,,,
40947,,,
40948,,,
40949,,,
40950,,,
40951,,,
40952,,,
40953,,,
40954,,,
40955,,,
40956,,,
40957,,,
40958,,,
40959,,,
13312,丘,一,1.0
13313,𧮫,一,1.0
13314,,,1.0
13315,,,2.0
13316,夂,丨,2.0
13317,五,丿,4.0
13318,㐆,丿,4.0
13319,,,5.0
13320,,,5.0
13321,,,5.0
13322,,,5.0
13323,,,5.0
13324,,乙,5.0
13325,,羊,5.0
13326,,,5.0
13327,,,5.0
13328,,,5.0
13329,,,5.0
13330,,,5.0
13331,,,5.0
13332,克,,5.0
13333,,,5.0
13334,,乙,5.0
13335,,,5.0
13336,,,5.0
13337,,,5.0
13338,,,5.0
13339,,,5.0
13340,,乙,5.0
13341,,,5.0
13342,,,5.0
13343,,,5.0
13344,,,5.0
13345,,乙,5.0
13346,,,5.0
13347,,,5.0
13348,,乙,5.0
13349,,,5.0
13350,,,5.0
13351,,,6.0
13352,,亅,6.0
13353,,廾,7.0
13354,,,8.0
13355,,,8.0
13356,𠫓,亠,8.0
13357,㐭,亠,8.0
13358,,衣,8.0
13359,,亠,8.0
13360,言,人,9.0
13361,彡,人,9.0
13362,,人,9.0
13363,,人,9.0
13364,,人,9.0
13365,,人,9.0
13366,,人,9.0
13367,,人,9.0
13368,,人,9.0
13369,人,人,9.0
13370,㐺,人,9.0
13371,,人,9.0
13372,,人,9.0
13373,,,9.0
13374,,,9.0
13375,,,9.0
13376,,,9.0
13377,,人,9.0
13378,人,人,9.0
13379,,人,9.0
13380,人,人,9.0
13381,人,人,9.0
13382,,,9.0
13383,,人,9.0
13384,,人,9.0
13385,,人,9.0
13386,,人,9.0
13387,,人,9.0
13388,,人,9.0
13389,,人,9.0
13390,,人,9.0
13391,,人,9.0
13392,,人,9.0
13393,,口,9.0
13394,,人,9.0
13395,,人,9.0
13396,,人,9.0
13397,,,9.0
13398,,,9.0
13399,人,人,9.0
13400,,人,9.0
13401,,人,9.0
13402,,人,9.0
13403,,人,9.0
13404,,人,9.0
13405,,人,9.0
13406,人,人,9.0
13407,,人,9.0
13408,,,9.0
13409,,,9.0
13410,人,,9.0
13411,,人,9.0
13412,,人,9.0
13413,人,人,9.0
13414,,人,9.0
13415,,人,9.0
13416,,人,9.0
13417,,人,9.0
13418,,人,9.0
13419,,,9.0
13420,,,9.0
13421,,,9.0
13422,人,人,9.0
13423,,人,9.0
13424,,人,9.0
13425,,人,9.0
13426,,田,9.0
13427,,人,9.0
13428,人,人,9.0
13429,人,人,9.0
13430,,人,9.0
13431,心,人,9.0
13432,,人,9.0
13433,會,曰,9.0
13434,,人,9.0
13435,,人,9.0
13436,,人,9.0
13437,,人,9.0
13438,人,人,9.0
13439,,人,9.0
13440,,人,9.0
13441,,人,9.0
13442,,人,9.0
13443,,人,9.0
13444,人,人,9.0
13445,,人,9.0
13446,,人,9.0
13447,,人,9.0
13448,,人,9.0
13449,,人,9.0
13450,,人,9.0
13451,,人,9.0
13452,,人,9.0
13453,人,,9.0
13454,,人,9.0
13455,,,9.0
13456,,,9.0
13457,,人,9.0
13458,菐,人,9.0
13459,,人,9.0
13460,,人,9.0
13461,,人,9.0
13462,,人,9.0
13463,,人,9.0
13464,,,9.0
13465,,人,9.0
13466,,人,9.0
13467,,人,9.0
13468,,人,9.0
13469,,人,9.0
13470,,人,9.0
13471,,人,9.0
13472,,人,9.0
13473,,人,9.0
13474,,,9.0
13475,,,9.0
13476,人,人,9.0
13477,,人,9.0
13478,,人,9.0
13479,,人,9.0
13480,人,人,9.0
13481,,人,9.0
13482,,人,9.0
13483,旡,儿,10.0
13484,,,10.0
13485,,儿,10.0
13486,,,10.0
13487,,,10.0
13488,入,入,11.0
13489,,,11.0
13490,,入,11.0
13491,㒳,入,11.0
13492,,入,11.0
13493,皃,八,12.0
13494,,八,12.0
13495,,臼,12.0
13496,八,八,12.0
13497,,八,12.0
13498,网,网,13.0
13499,冃,冂,13.0
13500,㒳,冂,13.0
13501,,冂,13.0
13502,,冂,13.0
13503,,冂,13.0
13504,,,14.0
13505,,,14.0
13506,,宀,14.0
13507,冖,冖,14.0
13508,,冖,14.0
13509,,冫,15.0
13510,,,15.0
13511,,水,15.0
13512,,冫,15.0
13513,,冫,15.0
13514,,冫,15.0
13515,,冫,15.0
13516,,冫,15.0
13517,,,15.0
13518,,冫,15.0
13519,,冫,15.0
13520,,冫,15.0
13521,,冫,15.0
13522,,,15.0
13523,,冫,15.0
13524,,冫,15.0
13525,,水,15.0
13526,仌,冫,15.0
13527,,冫,15.0
13528,,几,16.0
13529,,,17.0
13530,,刀,18.0
13531,,力,18.0
13532,,幺,18.0
13533,井,刀,18.0
13534,㓞,刀,18.0
13535,,刀,18.0
13536,刀,刀,18.0
13537,刀,刀,18.0
13538,,刀,18.0
13539,,刀,18.0
13540,,刀,18.0
13541,,,18.0
13542,,,18.0
13543,,刀,18.0
13544,,刀,18.0
13545,,刀,18.0
13546,月,刀,18.0
13547,,,18.0
13548,,刀,18.0
13549,,刀,18.0
13550,,刀,18.0
13551,,刀,18.0
13552,,刀,18.0
13553,,刀,18.0
13554,,刀,18.0
13555,,刀,18.0
13556,,刀,18.0
13557,刀,刀,18.0
13558,金,刀,18.0
13559,刀,刀,18.0
13560,,刀,18.0
13561,金,刀,18.0
13562,,刀,18.0
13563,,刀,18.0
13564,刀,刀,18.0
13565,,刀,18.0
13566,,刀,18.0
13567,,,18.0
13568,,刀,18.0
13569,,刀,18.0
13570,,刀,18.0
13571,,刀,18.0
13572,,刀,18.0
13573,,刀,18.0
13574,,刀,18.0
13575,,刀,18.0
13576,,,18.0
13577,,刀,18.0
13578,,刀,18.0
13579,,刀,18.0
13580,,刀,18.0
13581,,刀,18.0
13582,刀,刀,18.0
13583,,刀,18.0
13584,,刀,18.0
13585,刀,刀,18.0
13586,,刀,18.0
13587,,力,19.0
13588,,,19.0
13589,,力,19.0
13590,,,19.0
13591,,力,19.0
13592,,黑,19.0
13593,,力,19.0
13594,,力,19.0
13595,,,19.0
13596,,力,19.0
13597,,力,19.0
13598,,力,19.0
13599,,力,19.0
13600,,力,19.0
13601,,力,19.0
13602,,力,19.0
13603,力,力,19.0
13604,,力,19.0
13605,,力,19.0
13606,,力,19.0
13607,,力,19.0
13608,,勹,20.0
13609,,勹,20.0
13610,,勹,20.0
13611,,工,21.0
13612,匕,匕,21.0
13613,匕,匕,21.0
13614,,肉,130.0
13615,,匚,22.0
13616,二,匸,22.0
13617,,匚,22.0
13618,竹,竹,22.0
13619,竹,匚,22.0
13620,匚,匚,22.0
13621,,匚,22.0
13622,匚,匚,22.0
13623,匸,匸,23.0
13624,,匸,23.0
13625,十,十,24.0
13626,𠦃,十,24.0
13627,一,十,24.0
13628,,十,24.0
13629,,卜,25.0
13630,𢎘,卩,26.0
13631,卩,卩,26.0
13632,𢎘,,26.0
13633,卩,卩,26.0
13634,,厂,27.0
13635,,厂,27.0
13636,,厂,27.0
13637,,厂,27.0
13638,厂,厂,27.0
13639,厂,厂,27.0
13640,,厂,27.0
13641,,厂,27.0
13642,厂,厂,27.0
13643,厂,厂,27.0
13644,,厂,27.0
13645,,厂,27.0
13646,,厂,27.0
13647,,厂,27.0
13648,,厂,27.0
13649,广,广,27.0
13650,厂,厂,27.0
13651,,广,27.0
13652,,广,27.0
13653,,厶,28.0
13654,,厶,28.0
13655,厶,厶,28.0
13656,,厶,28.0
13657,兔,厶,28.0
13658,又,又,29.0
13659,又,又,29.0
13660,史,又,29.0
13661,,亅,29.0
13662,又,又,29.0
13663,,又,29.0
13664,,隹,29.0
13665,𣦼,又,29.0
13666,𣦼,貝,154.0
13667,口,口,30.0
13668,,口,30.0
13669,,口,30.0
13670,,口,30.0
13671,口,口,30.0
13672,,口,30.0
13673,,口,30.0
13674,,口,30.0
13675,,口,30.0
13676,,口,30.0
13677,,口,30.0
13678,,口,30.0
13679,㕯,口,30.0
13680,,口,30.0
13681,,口,30.0
13682,,口,30.0
13683,,口,30.0
13684,,口,30.0
13685,,口,30.0
13686,,,30.0
13687,,口,30.0
13688,,口,30.0
13689,口,口,30.0
13690,,口,30.0
13691,丶,口,30.0
13692,,口,30.0
13693,,口,30.0
13694,,,30.0
13695,,,30.0
13696,,口,30.0
13697,,口,30.0
13698,口,口,30.0
13699,后,口,30.0
13700,,口,30.0
13701,,口,30.0
13702,,口,30.0
13703,,口,30.0
13704,,,30.0
13705,,,30.0
13706,,,30.0
13707,,,30.0
13708,,,30.0
13709,,,30.0
13710,,,30.0
13711,,口,30.0
13712,,口,30.0
13713,,口,30.0
13714,,口,30.0
13715,,口,30.0
13716,,口,30.0
13717,,口,30.0
13718,口,口,30.0
13719,,口,30.0
13720,,口,30.0
13721,,,30.0
13722,,,30.0
13723,,,30.0
13724,,,30.0
13725,,,30.0
13726,,口,30.0
13727,,口,30.0
13728,,口,30.0
13729,,口,30.0
13730,,口,30.0
13731,,口,30.0
13732,,口,30.0
13733,,口,30.0
13734,,口,30.0
13735,,口,30.0
13736,,口,30.0
13737,,口,30.0
13738,,口,30.0
13739,,口,30.0
13740,,,30.0
13741,,舌,30.0
13742,,,30.0
13743,,,30.0
13744,,,30.0
13745,,,30.0
13746,,,30.0
13747,,,30.0
13748,,,30.0
13749,,,30.0
13750,,口,30.0
13751,,口,30.0
13752,,口,30.0
13753,,口,30.0
13754,,口,30.0
13755,,口,30.0
13756,,口,30.0
13757,,口,30.0
13758,吅,口,30.0
13759,,口,30.0
13760,,口,30.0
13761,,口,30.0
13762,,口,30.0
13763,,口,30.0
13764,,口,30.0
13765,,口,30.0
13766,,口,30.0
13767,,口,30.0
13768,,口,30.0
13769,刀,口,30.0
13770,㗊,口,30.0
13771,口,口,30.0
13772,,口,30.0
13773,,口,30.0
13774,,,30.0
13775,,,30.0
13776,口,口,30.0
13777,,口,30.0
13778,,,30.0
13779,,口,30.0
13780,,口,30.0
13781,,口,30.0
13782,,口,30.0
13783,冎,口,30.0
13784,口,口,30.0
13785,,口,30.0
13786,,口,30.0
13787,,口,30.0
13788,,口,30.0
13789,,,30.0
13790,,,30.0
13791,,,30.0
13792,,,30.0
13793,,,30.0
13794,,口,30.0
13795,,口,30.0
13796,,口,30.0
13797,,口,30.0
13798,,口,30.0
13799,,口,30.0
13800,,口,30.0
13801,,口,30.0
13802,,口,30.0
13803,,口,30.0
13804,多,口,30.0
13805,,口,30.0
13806,,,30.0
13807,,,30.0
13808,,,30.0
13809,口,口,30.0
13810,,口,30.0
13811,,口,30.0
13812,,口,30.0
13813,,口,30.0
13814,,口,30.0
13815,,,30.0
13816,,金,30.0
13817,,,30.0
13818,,,30.0
13819,,口,30.0
13820,,口,30.0
13821,,口,30.0
13822,,口,30.0
13823,,口,30.0
13824,,口,30.0
13825,,口,30.0
13826,,口,30.0
13827,,,30.0
13828,,,30.0
13829,,口,30.0
13830,,口,30.0
13831,,口,30.0
13832,口,口,30.0
13833,,口,30.0
13834,,口,30.0
13835,,口,30.0
13836,,口,30.0
13837,,口,30.0
13838,,,30.0
13839,,,30.0
13840,,口,30.0
13841,,口,30.0
13842,,,30.0
13843,,口,30.0
13844,,,30.0
13845,,口,30.0
13846,,口,30.0
13847,,,30.0
13848,,,30.0
13849,口,口,30.0
13850,,,30.0
13851,,口,30.0
13852,,口,30.0
13853,囗,囗,31.0
13854,,力,19.0
13855,,,31.0
13856,,囗,31.0
13857,木,囗,31.0
13858,,囗,31.0
13859,囗,囗,31.0
13860,,囗,31.0
13861,囗,囗,31.0
13862,,土,32.0
13863,,土,32.0
13864,,土,32.0
13865,,土,32.0
13866,,土,32.0
13867,,土,32.0
13868,,土,32.0
13869,土,土,32.0
13870,,,32.0
13871,,土,32.0
13872,,,32.0
13873,,土,32.0
13874,,土,32.0
13875,丘,土,32.0
13876,,土,32.0
13877,,,32.0
13878,,土,32.0
13879,,土,32.0
13880,,土,32.0
13881,,土,32.0
13882,,土,32.0
13883,,土,32.0
13884,,,32.0
13885,,木,32.0
13886,,,32.0
13887,,土,32.0
13888,,土,32.0
13889,土,土,32.0
13890,,土,32.0
13891,,土,32.0
13892,,土,32.0
13893,,土,32.0
13894,,,32.0
13895,,土,32.0
13896,,土,32.0
13897,,土,32.0
13898,,土,32.0
13899,,,32.0
13900,,,32.0
13901,,,32.0
13902,,土,32.0
13903,,土,32.0
13904,,土,32.0
13905,,土,32.0
13906,里,土,32.0
13907,,土,32.0
13908,,土,32.0
13909,,土,32.0
13910,,,32.0
13911,,,32.0
13912,,,32.0
13913,水,土,32.0
13914,土,土,32.0
13915,,土,32.0
13916,,至,32.0
13917,,土,32.0
13918,,土,32.0
13919,,,32.0
13920,土,土,32.0
13921,,土,32.0
13922,,土,32.0
13923,,土,32.0
13924,土,土,32.0
13925,,土,32.0
13926,,,32.0
13927,,土,32.0
13928,,土,32.0
13929,土,土,32.0
13930,土,土,32.0
13931,,土,32.0
13932,,土,32.0
13933,,,32.0
13934,,,32.0
13935,,艸,32.0
13936,,土,32.0
13937,,土,32.0
13938,,土,32.0
13939,,土,32.0
13940,,土,32.0
13941,,土,32.0
13942,土,土,32.0
13943,土,土,32.0
13944,,土,32.0
13945,,土,32.0
13946,,土,32.0
13947,,土,32.0
13948,,土,32.0
13949,,,32.0
13950,,土,32.0
13951,,,32.0
13952,,土,32.0
13953,,土,32.0
13954,,土,32.0
13955,壺,士,33.0
13956,,疋,33.0
13957,,夂,34.0
13958,夊,夊,35.0
13959,夊,夊,35.0
13960,斗,十,36.0
13961,,夕,36.0
13962,,夕,36.0
13963,,夕,36.0
13964,多,夕,36.0
13965,,夕,36.0
13966,去,厶,37.0
13967,,大,37.0
13968,,大,37.0
13969,,,37.0
13970,亦,大,37.0
13971,,大,37.0
13972,㚔,大,37.0
13973,大,大,37.0
13974,亣,大,37.0
13975,,大,37.0
13976,夫,大,37.0
13977,,大,37.0
13978,,大,37.0
13979,,,37.0
13980,,大,37.0
13981,,大,37.0
13982,,大,37.0
13983,㲋,大,37.0
13984,,大,37.0
13985,,口,37.0
13986,女,女,38.0
13987,,女,38.0
13988,女,女,38.0
13989,,女,38.0
13990,,女,38.0
13991,,女,38.0
13992,,,38.0
13993,女,女,38.0
13994,,女,38.0
13995,,女,38.0
13996,,女,38.0
13997,,女,38.0
13998,,女,38.0
13999,,女,38.0
14000,,女,38.0
14001,,女,38.0
14002,女,女,38.0
14003,女,女,38.0
14004,,女,38.0
14005,,女,38.0
14006,,女,38.0
14007,,女,38.0
14008,,女,38.0
14009,,女,38.0
14010,,女,38.0
14011,,女,38.0
14012,,女,38.0
14013,,女,38.0
14014,,女,38.0
14015,,,38.0
14016,,女,38.0
14017,,女,38.0
14018,女,女,38.0
14019,,女,38.0
14020,女,女,38.0
14021,女,女,38.0
14022,女,女,38.0
14023,,,38.0
14024,,,38.0
14025,,,38.0
14026,女,女,38.0
14027,,,38.0
14028,,,38.0
14029,女,女,38.0
14030,,女,38.0
14031,,女,38.0
14032,,女,38.0
14033,,女,38.0
14034,,女,38.0
14035,,女,38.0
14036,,女,38.0
14037,,女,38.0
14038,,女,38.0
14039,女,女,38.0
14040,,女,38.0
14041,,女,38.0
14042,,女,38.0
14043,,女,38.0
14044,,女,38.0
14045,,女,38.0
14046,,女,38.0
14047,,,38.0
14048,,,38.0
14049,,,38.0
14050,,,38.0
14051,,女,38.0
14052,,女,38.0
14053,女,女,38.0
14054,,女,38.0
14055,,女,38.0
14056,,女,38.0
14057,,女,38.0
14058,女,女,38.0
14059,,女,38.0
14060,,女,38.0
14061,,女,38.0
14062,女,女,38.0
14063,,女,38.0
14064,女,女,38.0
14065,,女,38.0
14066,,女,38.0
14067,,女,38.0
14068,女,女,38.0
14069,,女,38.0
14070,,女,38.0
14071,,女,38.0
14072,,女,38.0
14073,,女,38.0
14074,,女,38.0
14075,,女,38.0
14076,女,女,38.0
14077,,女,38.0
14078,,女,38.0
14079,,,38.0
14080,,女,38.0
14081,,,38.0
14082,,女,38.0
14083,,女,38.0
14084,,女,38.0
14085,女,女,38.0
14086,,女,38.0
14087,女,女,38.0
14088,,女,38.0
14089,,女,38.0
14090,,女,38.0
14091,,女,38.0
14092,,女,38.0
14093,,女,38.0
14094,女,女,38.0
14095,女,女,38.0
14096,,女,38.0
14097,,女,38.0
14098,,女,38.0
14099,,,38.0
14100,,,38.0
14101,,辵,38.0
14102,,女,38.0
14103,女,女,38.0
14104,女,女,38.0
14105,,女,38.0
14106,,女,38.0
14107,,女,38.0
14108,女,女,38.0
14109,女,女,38.0
14110,,女,38.0
14111,,,38.0
14112,,女,38.0
14113,,女,38.0
14114,,,38.0
14115,女,女,38.0
14116,女,女,38.0
14117,,女,38.0
14118,,女,38.0
14119,,女,38.0
14120,,,38.0
14121,,女,38.0
14122,,女,38.0
14123,,女,38.0
14124,,,38.0
14125,,,38.0
14126,女,女,38.0
14127,,女,38.0
14128,,女,38.0
14129,,女,38.0
14130,,女,38.0
14131,,女,38.0
14132,,女,38.0
14133,,女,38.0
14134,,,38.0
14135,,女,38.0
14136,,女,38.0
14137,,女,38.0
14138,女,女,38.0
14139,,女,38.0
14140,,女,38.0
14141,子,子,39.0
14142,,子,39.0
14143,,子,39.0
14144,女,子,39.0
14145,,子,39.0
14146,,子,39.0
14147,子,子,39.0
14148,,子,39.0
14149,子,子,39.0
14150,,,39.0
14151,,子,39.0
14152,子,子,39.0
14153,,,40.0
14154,,宀,40.0
14155,,宀,40.0
14156,宀,宀,40.0
14157,,宀,40.0
14158,,宀,40.0
14159,,宀,40.0
14160,宀,宀,40.0
14161,,宀,40.0
14162,,宀,40.0
14163,,宀,40.0
14164,宀,宀,40.0
14165,,宀,40.0
14166,,宀,40.0
14167,宀,宀,40.0
14168,,宀,40.0
14169,夕,宀,40.0
14170,,宀,40.0
14171,宀,宀,40.0
14172,,宀,40.0
14173,,宀,40.0
14174,,宀,40.0
14175,,宀,40.0
14176,,冖,40.0
14177,,曰,40.0
14178,宀,宀,40.0
14179,宀,宀,40.0
14180,,宀,40.0
14181,㝱,宀,40.0
14182,,宀,40.0
14183,,宀,40.0
14184,,宀,40.0
14185,宀,宀,40.0
14186,宀,宀,40.0
14187,,宀,40.0
14188,,,40.0
14189,,宀,40.0
14190,宀,宀,40.0
14191,,宀,40.0
14192,宀,宀,40.0
14193,㝱,宀,40.0
14194,㝱,宀,40.0
14195,,,41.0
14196,,寸,41.0
14197,彳,寸,41.0
14198,彳,寸,41.0
14199,,,41.0
14200,皃,小,42.0
14201,,小,42.0
14202,,小,42.0
14203,,小,42.0
14204,𡯁,尢,43.0
14205,,,43.0
14206,𡯁,尢,43.0
14207,𡯁,尢,43.0
14208,,尢,43.0
14209,𡯁,尢,43.0
14210,,尢,43.0
14211,,尢,43.0
14212,,尢,43.0
14213,,尢,43.0
14214,,尢,43.0
14215,,尢,43.0
14216,,尢,43.0
14217,,尢,43.0
14218,,尢,43.0
14219,尸,尸,44.0
14220,,尸,44.0
14221,,,44.0
14222,,,44.0
14223,尸,尸,44.0
14224,,尸,44.0
14225,尾,尸,44.0
14226,尸,尸,44.0
14227,尸,尸,44.0
14228,,尸,44.0
14229,尸,尸,44.0
14230,,尸,44.0
14231,,尸,44.0
14232,,尸,44.0
14233,尾,尸,44.0
14234,尸,尸,44.0
14235,,尸,44.0
14236,,尸,44.0
14237,,,44.0
14238,,,44.0
14239,尸,尸,44.0
14240,,尸,44.0
14241,尸,尸,44.0
14242,之,屮,45.0
14243,屮,屮,45.0
14244,,山,46.0
14245,入,山,46.0
14246,山,山,46.0
14247,,山,46.0
14248,,山,46.0
14249,,山,46.0
14250,,山,46.0
14251,,山,46.0
14252,,山,46.0
14253,,山,46.0
14254,,凵,46.0
14255,山,山,46.0
14256,,山,46.0
14257,,山,46.0
14258,,山,46.0
14259,,山,46.0
14260,,山,46.0
14261,,山,46.0
14262,山,山,46.0
14263,之,屮,45.0
14264,,止,46.0
14265,,山,46.0
14266,,山,46.0
14267,,山,46.0
14268,廾,山,46.0
14269,,山,46.0
14270,,山,46.0
14271,,山,46.0
14272,,山,46.0
14273,,山,46.0
14274,,,46.0
14275,,,46.0
14276,,山,46.0
14277,,山,46.0
14278,,山,46.0
14279,,山,46.0
14280,,山,46.0
14281,,山,46.0
14282,,山,46.0
14283,,山,46.0
14284,,山,46.0
14285,,山,46.0
14286,,山,46.0
14287,,山,46.0
14288,,山,46.0
14289,,山,46.0
14290,,山,46.0
14291,,山,46.0
14292,,山,46.0
14293,,,46.0
14294,,,46.0
14295,,山,46.0
14296,,山,46.0
14297,,山,46.0
14298,邑,山,46.0
14299,,山,46.0
14300,,山,46.0
14301,,山,46.0
14302,山,山,46.0
14303,,山,46.0
14304,,山,46.0
14305,,,46.0
14306,,,46.0
14307,,,46.0
14308,,,46.0
14309,,,46.0
14310,,山,46.0
14311,,山,46.0
14312,,山,46.0
14313,,山,46.0
14314,,山,46.0
14315,,山,46.0
14316,,,46.0
14317,山,山,46.0
14318,,山,46.0
14319,,山,46.0
14320,,山,46.0
14321,,山,46.0
14322,,山,46.0
14323,,山,46.0
14324,嵬,山,46.0
14325,,山,46.0
14326,,山,46.0
14327,,,46.0
14328,,山,46.0
14329,,山,46.0
14330,,山,46.0
14331,,山,46.0
14332,山,山,46.0
14333,,山,46.0
14334,,山,46.0
14335,,山,46.0
14336,山,山,46.0
14337,,山,46.0
14338,山,,46.0
14339,,,46.0
14340,,,46.0
14341,,山,46.0
14342,,山,46.0
14343,,山,46.0
14344,,山,46.0
14345,,山,46.0
14346,,山,46.0
14347,,山,46.0
14348,,山,46.0
14349,,山,46.0
14350,,山,46.0
14351,,山,46.0
14352,山,山,46.0
14353,,山,46.0
14354,,山,46.0
14355,,山,46.0
14356,,山,46.0
14357,,山,46.0
14358,,山,46.0
14359,,,46.0
14360,山,,46.0
14361,,山,46.0
14362,,山,46.0
14363,,山,46.0
14364,山,山,46.0
14365,,山,46.0
14366,,,46.0
14367,,,46.0
14368,,山,46.0
14369,,山,46.0
14370,,山,46.0
14371,,,46.0
14372,,,46.0
14373,,山,46.0
14374,,山,46.0
14375,,山,46.0
14376,,山,46.0
14377,川,巛,47.0
14378,工,工,48.0
14379,,,48.0
14380,,,48.0
14381,㠭,工,48.0
14382,,工,48.0
14383,巳,己,49.0
14384,,,49.0
14385,己,己,49.0
14386,巾,巾,50.0
14387,,,50.0
14388,巾,巾,50.0
14389,,巾,50.0
14390,,巾,50.0
14391,巾,巾,50.0
14392,,巾,50.0
14393,,巾,50.0
14394,,巾,50.0
14395,,巾,50.0
14396,,巾,50.0
14397,,巾,50.0
14398,巾,巾,50.0
14399,,巾,50.0
14400,㡀,巾,50.0
14401,,巾,50.0
14402,,巾,50.0
14403,巾,巾,50.0
14404,巾,巾,50.0
14405,,巾,50.0
14406,巾,,50.0
14407,巾,巾,50.0
14408,,巾,50.0
14409,巾,巾,50.0
14410,,巾,50.0
14411,,巾,50.0
14412,,,50.0
14413,,,50.0
14414,,巾,50.0
14415,巾,巾,50.0
14416,巾,巾,50.0
14417,,巾,50.0
14418,巾,巾,50.0
14419,巾,巾,50.0
14420,巾,巾,50.0
14421,,巾,50.0
14422,,巾,50.0
14423,,巾,50.0
14424,巾,巾,50.0
14425,,巾,50.0
14426,,巾,50.0
14427,,巾,50.0
14428,巾,巾,50.0
14429,,巾,50.0
14430,,巾,50.0
14431,,巾,50.0
14432,,巾,50.0
14433,,巾,50.0
14434,巾,巾,50.0
14435,龍,巾,50.0
14436,巾,,50.0
14437,,巾,50.0
14438,,巾,50.0
14439,,巾,50.0
14440,巾,巾,50.0
14441,,巾,50.0
14442,巾,巾,50.0
14443,弦,幺,52.0
14444,,幺,52.0
14445,糸,幺,52.0
14446,,幺,52.0
14447,宀,广,53.0
14448,,广,53.0
14449,,广,53.0
14450,广,广,53.0
14451,,广,53.0
14452,,广,53.0
14453,,广,53.0
14454,,广,53.0
14455,,广,53.0
14456,,广,53.0
14457,广,广,53.0
14458,,广,53.0
14459,,广,53.0
14460,,广,53.0
14461,,广,53.0
14462,,广,53.0
14463,广,广,53.0
14464,,广,53.0
14465,广,广,53.0
14466,,广,53.0
14467,,广,53.0
14468,,广,53.0
14469,,广,53.0
14470,,广,53.0
14471,,,53.0
14472,广,广,53.0
14473,广,广,53.0
14474,,广,53.0
14475,广,广,53.0
14476,,疒,53.0
14477,,广,53.0
14478,,广,53.0
14479,,广,53.0
14480,,尸,53.0
14481,,广,53.0
14482,,广,53.0
14483,,广,53.0
14484,,广,53.0
14485,广,广,53.0
14486,,广,53.0
14487,,广,53.0
14488,广,广,53.0
14489,,广,53.0
14490,广,广,53.0
14491,,广,53.0
14492,,广,53.0
14493,,广,53.0
14494,,广,53.0
14495,㢟,廴,54.0
14496,,辵,54.0
14497,,廾,55.0
14498,,巾,55.0
14499,,廾,55.0
14500,,口,56.0
14501,,弋,56.0
14502,,弋,56.0
14503,勺,弓,57.0
14504,,弓,57.0
14505,,弓,57.0
14506,弓,弓,57.0
14507,,,57.0
14508,,弓,57.0
14509,,弓,57.0
14510,弓,弓,57.0
14511,,弓,57.0
14512,,弓,57.0
14513,,,57.0
14514,丌,弓,57.0
14515,,弓,57.0
14516,西,弓,57.0
14517,,弓,57.0
14518,,弓,57.0
14519,,,57.0
14520,弜,弓,57.0
14521,,,57.0
14522,,弓,57.0
14523,,弓,57.0
14524,,弓,57.0
14525,䰜,弓,57.0
14526,,弓,57.0
14527,,,57.0
14528,,弓,57.0
14529,,弓,57.0
14530,,弓,57.0
14531,,弓,57.0
14532,,弓,57.0
14533,,弓,57.0
14534,弓,弓,57.0
14535,㣇,彐,58.0
14536,㣇,彐,58.0
14537,工,彡,59.0
14538,,,59.0
14539,丹,彡,59.0
14540,,彡,59.0
14541,,彡,59.0
14542,彡,彡,59.0
14543,,彡,59.0
14544,,彡,59.0
14545,,彡,59.0
14546,,彡,59.0
14547,,彡,59.0
14548,,彳,60.0
14549,,,60.0
14550,,,60.0
14551,,,60.0
14552,足,彳,60.0
14553,彳,彳,60.0
14554,,彳,60.0
14555,會,彳,60.0
14556,,彳,60.0
14557,,彳,60.0
14558,,彳,60.0
14559,,彳,60.0
14560,,彳,60.0
14561,,,60.0
14562,,彳,60.0
14563,,彳,60.0
14564,彳,彳,60.0
14565,人,彳,60.0
14566,,彳,60.0
14567,,肉,60.0
14568,,,60.0
14569,,,60.0
14570,,彳,60.0
14571,彳,彳,60.0
14572,,彳,60.0
14573,,彳,60.0
14574,,,60.0
14575,,彳,60.0
14576,,彳,60.0
14577,,彳,60.0
14578,,彳,60.0
14579,,,60.0
14580,,,60.0
14581,,彳,60.0
14582,,彳,60.0
14583,,彳,60.0
14584,,,60.0
14585,,,60.0
14586,,,61.0
14587,心,心,61.0
14588,,心,61.0
14589,心,心,61.0
14590,,心,61.0
14591,,心,61.0
14592,心,心,61.0
14593,心,心,61.0
14594,心,心,61.0
14595,,心,61.0
14596,心,心,61.0
14597,心,心,61.0
14598,,心,61.0
14599,,心,61.0
14600,,心,61.0
14601,,心,61.0
14602,,心,61.0
14603,,心,61.0
14604,,心,61.0
14605,,心,61.0
14606,,心,61.0
14607,,心,61.0
14608,,心,61.0
14609,,心,61.0
14610,,心,61.0
14611,,心,61.0
14612,,心,61.0
14613,,心,61.0
14614,,心,61.0
14615,,水,61.0
14616,,心,61.0
14617,,心,61.0
14618,,心,61.0
14619,,心,61.0
14620,,心,61.0
14621,,心,61.0
14622,,心,61.0
14623,,心,61.0
14624,,心,61.0
14625,,心,61.0
14626,,心,61.0
14627,,心,61.0
14628,,心,61.0
14629,心,心,61.0
14630,,心,61.0
14631,,心,61.0
14632,心,心,61.0
14633,心,心,61.0
14634,,心,61.0
14635,,心,61.0
14636,心,心,61.0
14637,,心,61.0
14638,心,心,61.0
14639,,心,61.0
14640,,心,61.0
14641,,心,61.0
14642,心,心,61.0
14643,,心,61.0
14644,,心,61.0
14645,,心,61.0
14646,,心,61.0
14647,,心,61.0
14648,,心,61.0
14649,,心,61.0
14650,,心,61.0
14651,,心,61.0
14652,,,61.0
14653,,心,61.0
14654,,心,61.0
14655,,心,61.0
14656,,心,61.0
14657,心,心,61.0
14658,,心,61.0
14659,心,心,61.0
14660,,心,61.0
14661,,心,61.0
14662,心,心,61.0
14663,,心,61.0
14664,,心,61.0
14665,,心,61.0
14666,,心,61.0
14667,心,心,61.0
14668,,心,61.0
14669,心,心,61.0
14670,,心,61.0
14671,心,心,61.0
14672,,心,61.0
14673,心,心,61.0
14674,心,心,61.0
14675,,心,61.0
14676,,心,61.0
14677,,心,61.0
14678,,心,61.0
14679,,,61.0
14680,,,61.0
14681,,,61.0
14682,,心,61.0
14683,心,心,61.0
14684,,心,61.0
14685,心,心,61.0
14686,心,心,61.0
14687,心,心,61.0
14688,心,心,61.0
14689,,心,61.0
14690,,心,61.0
14691,,心,61.0
14692,,心,61.0
14693,心,心,61.0
14694,心,心,61.0
14695,,心,61.0
14696,,心,61.0
14697,,心,61.0
14698,,心,61.0
14699,,心,61.0
14700,,心,61.0
14701,,心,61.0
14702,,心,61.0
14703,心,心,61.0
14704,,心,61.0
14705,心,心,61.0
14706,,心,61.0
14707,,心,61.0
14708,心,心,61.0
14709,心,心,61.0
14710,心,心,61.0
14711,,心,61.0
14712,門,心,61.0
14713,,心,61.0
14714,,心,61.0
14715,,,61.0
14716,,心,61.0
14717,,心,61.0
14718,,心,61.0
14719,,心,61.0
14720,,心,61.0
14721,心,心,61.0
14722,,心,61.0
14723,,心,61.0
14724,,心,61.0
14725,,心,61.0
14726,,心,61.0
14727,,心,61.0
14728,,心,61.0
14729,,心,61.0
14730,,心,61.0
14731,,心,61.0
14732,心,心,61.0
14733,,心,61.0
14734,,心,61.0
14735,,心,61.0
14736,,心,61.0
14737,,心,61.0
14738,,心,61.0
14739,,心,61.0
14740,心,心,61.0
14741,,心,61.0
14742,,心,61.0
14743,,心,61.0
14744,心,心,61.0
14745,,,61.0
14746,心,心,61.0
14747,心,心,61.0
14748,,心,61.0
14749,心,心,61.0
14750,,心,61.0
14751,,心,61.0
14752,,,61.0
14753,,心,61.0
14754,,心,61.0
14755,心,心,61.0
14756,壹,心,61.0
14757,,心,61.0
14758,,心,61.0
14759,心,心,61.0
14760,,心,61.0
14761,,心,61.0
14762,,心,61.0
14763,,心,61.0
14764,,心,61.0
14765,,心,61.0
14766,,,62.0
14767,,戈,62.0
14768,戈,戈,62.0
14769,,戈,62.0
14770,,口,62.0
14771,,,62.0
14772,,戈,62.0
14773,,戈,62.0
14774,,戈,62.0
14775,,戈,62.0
14776,戈,戈,62.0
14777,,戈,62.0
14778,,戈,62.0
14779,,戈,62.0
14780,,戈,62.0
14781,有,戈,62.0
14782,,戶,63.0
14783,戶,戶,63.0
14784,,戶,63.0
14785,戶,戶,63.0
14786,,戶,63.0
14787,,手,64.0
14788,,手,64.0
14789,,手,64.0
14790,,手,64.0
14791,,手,64.0
14792,,手,64.0
14793,,手,64.0
14794,手,手,64.0
14795,,手,64.0
14796,,手,64.0
14797,,手,64.0
14798,,手,64.0
14799,,手,64.0
14800,,手,64.0
14801,,手,64.0
14802,臼,手,64.0
14803,,手,64.0
14804,,手,64.0
14805,,手,64.0
14806,手,手,64.0
14807,手,手,64.0
14808,手,手,64.0
14809,,手,64.0
14810,,手,64.0
14811,,手,64.0
14812,,,64.0
14813,,,64.0
14814,,手,64.0
14815,,手,64.0
14816,,,64.0
14817,,手,64.0
14818,手,手,64.0
14819,,手,64.0
14820,,手,64.0
14821,,手,64.0
14822,,手,64.0
14823,,手,64.0
14824,,手,64.0
14825,,手,64.0
14826,,手,64.0
14827,,手,64.0
14828,手,手,64.0
14829,,手,64.0
14830,,手,64.0
14831,,手,64.0
14832,,手,64.0
14833,,手,64.0
14834,,手,64.0
14835,,手,64.0
14836,,手,64.0
14837,,手,64.0
14838,,手,64.0
14839,,手,64.0
14840,,手,64.0
14841,,手,64.0
14842,手,手,64.0
14843,,手,64.0
14844,,手,64.0
14845,,手,64.0
14846,,手,64.0
14847,,手,64.0
14848,,手,64.0
14849,,手,64.0
14850,,手,64.0
14851,,手,64.0
14852,,手,64.0
14853,,手,64.0
14854,,手,64.0
14855,,手,64.0
14856,,手,64.0
14857,手,手,64.0
14858,,手,64.0
14859,,手,64.0
14860,,手,64.0
14861,,手,64.0
14862,手,手,64.0
14863,,手,64.0
14864,手,手,64.0
14865,,手,64.0
14866,,手,64.0
14867,,手,64.0
14868,手,手,64.0
14869,,手,64.0
14870,手,手,64.0
14871,,手,64.0
14872,,手,64.0
14873,,手,64.0
14874,,手,64.0
14875,,手,64.0
14876,手,手,64.0
14877,,手,64.0
14878,,手,64.0
14879,,手,64.0
14880,,手,64.0
14881,手,手,64.0
14882,,手,64.0
14883,,手,64.0
14884,,手,64.0
14885,,手,64.0
14886,,手,64.0
14887,,手,64.0
14888,手,手,64.0
14889,,手,64.0
14890,,日,64.0
14891,,手,64.0
14892,,,64.0
14893,,手,64.0
14894,,手,64.0
14895,,手,64.0
14896,,手,64.0
14897,,手,64.0
14898,,手,64.0
14899,,手,64.0
14900,,手,64.0
14901,,手,64.0
14902,,手,64.0
14903,手,手,64.0
14904,,手,64.0
14905,,手,64.0
14906,,手,64.0
14907,手,手,64.0
14908,,手,64.0
14909,,手,64.0
14910,木,手,64.0
14911,,手,64.0
14912,,手,64.0
14913,手,手,64.0
14914,,,64.0
14915,手,手,64.0
14916,,手,64.0
14917,手,手,64.0
14918,,手,64.0
14919,,手,64.0
14920,,手,64.0
14921,,手,64.0
14922,,手,64.0
14923,,手,64.0
14924,,手,64.0
14925,,手,64.0
14926,,手,64.0
14927,,,64.0
14928,,,64.0
14929,,,64.0
14930,手,手,64.0
14931,手,手,64.0
14932,,手,64.0
14933,,手,64.0
14934,,手,64.0
14935,手,手,64.0
14936,,手,64.0
14937,,土,64.0
14938,,手,64.0
14939,,手,64.0
14940,手,手,64.0
14941,,手,64.0
14942,,手,64.0
14943,,,64.0
14944,,手,64.0
14945,,手,64.0
14946,,手,64.0
14947,,手,64.0
14948,,手,64.0
14949,,手,64.0
14950,,手,64.0
14951,,手,64.0
14952,,手,64.0
14953,,手,64.0
14954,,手,64.0
14955,,,64.0
14956,,手,64.0
14957,,手,64.0
14958,手,手,64.0
14959,,手,64.0
14960,,手,64.0
14961,,手,64.0
14962,,手,64.0
14963,,手,64.0
14964,手,手,64.0
14965,,手,64.0
14966,,手,64.0
14967,,手,64.0
14968,,手,64.0
14969,,,64.0
14970,,支,65.0
14971,危,支,65.0
14972,,支,65.0
14973,,支,65.0
14974,,支,65.0
14975,,攴,66.0
14976,,攴,66.0
14977,,攴,66.0
14978,,攴,66.0
14979,,攴,66.0
14980,,攴,66.0
14981,攴,攴,66.0
14982,,攴,66.0
14983,,攴,66.0
14984,攴,攴,66.0
14985,攴,口,66.0
14986,攴,攴,66.0
14987,攴,攴,66.0
14988,,攴,66.0
14989,,攴,66.0
14990,,攴,66.0
14991,攴,攴,66.0
14992,,攴,66.0
14993,,攴,66.0
14994,攴,攴,66.0
14995,,攴,66.0
14996,𣏟,攴,66.0
14997,,攴,66.0
14998,,攴,66.0
14999,,攴,66.0
15000,,攴,66.0
15001,攴,攴,66.0
15002,,攴,66.0
15003,,攴,66.0
15004,,攴,66.0
15005,,攴,66.0
15006,,攴,66.0
15007,攴,攴,66.0
15008,,攴,66.0
15009,,攴,66.0
15010,,攴,66.0
15011,攴,攴,66.0
15012,攴,攴,66.0
15013,,攴,66.0
15014,,攴,66.0
15015,,攴,66.0
15016,,攴,66.0
15017,,攴,66.0
15018,,韭,66.0
15019,,攴,66.0
15020,,攴,66.0
15021,,攴,66.0
15022,,攴,66.0
15023,,,67.0
15024,,文,67.0
15025,,文,67.0
15026,,,68.0
15027,,,68.0
15028,,斗,68.0
15029,斗,斗,68.0
15030,,斗,68.0
15031,,斗,68.0
15032,,斗,68.0
15033,,斗,68.0
15034,斗,斗,68.0
15035,斗,斗,68.0
15036,,斤,69.0
15037,,斤,69.0
15038,,斤,69.0
15039,艸,手,69.0
15040,,斤,69.0
15041,,斤,69.0
15042,,斤,69.0
15043,㫃,方,70.0
15044,丄,方,70.0
15045,,方,70.0
15046,,,70.0
15047,,,70.0
15048,,,70.0
15049,,,70.0
15050,,方,70.0
15051,,方,70.0
15052,,,70.0
15053,㫃,方,70.0
15054,,方,70.0
15055,㫃,方,70.0
15056,日,日,72.0
15057,,日,72.0
15058,,日,72.0
15059,,日,72.0
15060,匕,日,72.0
15061,,日,72.0
15062,旨,日,72.0
15063,㫗,厂,72.0
15064,日,日,72.0
15065,,日,72.0
15066,,日,72.0
15067,,日,72.0
15068,,日,72.0
15069,,日,72.0
15070,,日,72.0
15071,,日,72.0
15072,,日,72.0
15073,仌,日,72.0
15074,,日,72.0
15075,,黽,72.0
15076,日,日,72.0
15077,,日,72.0
15078,,日,72.0
15079,,日,72.0
15080,,日,72.0
15081,艸,日,72.0
15082,,日,72.0
15083,,頁,72.0
15084,,日,72.0
15085,,日,72.0
15086,,目,72.0
15087,見,日,72.0
15088,,日,72.0
15089,日,日,72.0
15090,,日,72.0
15091,晶,日,72.0
15092,,日,72.0
15093,,日,72.0
15094,,日,72.0
15095,,日,72.0
15096,,日,72.0
15097,,日,72.0
15098,日,日,72.0
15099,,日,72.0
15100,,日,72.0
15101,,日,72.0
15102,,,72.0
15103,,,72.0
15104,,,72.0
15105,,日,72.0
15106,,日,72.0
15107,,日,72.0
15108,,日,72.0
15109,又,日,72.0
15110,,日,72.0
15111,,日,72.0
15112,,日,72.0
15113,,日,72.0
15114,,日,72.0
15115,,日,72.0
15116,,日,72.0
15117,,日,72.0
15118,日,日,72.0
15119,,日,72.0
15120,,日,72.0
15121,,,72.0
15122,,日,72.0
15123,,日,72.0
15124,,日,72.0
15125,,日,72.0
15126,,,72.0
15127,,日,72.0
15128,,日,72.0
15129,,日,72.0
15130,,日,72.0
15131,,日,72.0
15132,日,日,72.0
15133,,日,72.0
15134,,日,72.0
15135,,,72.0
15136,,日,72.0
15137,,日,72.0
15138,,日,72.0
15139,,日,72.0
15140,,日,72.0
15141,日,日,72.0
15142,,日,72.0
15143,糸,日,72.0
15144,,,72.0
15145,,日,72.0
15146,晶,日,72.0
15147,日,日,72.0
15148,,日,72.0
15149,,日,72.0
15150,日,日,72.0
15151,,日,72.0
15152,艸,曰,73.0
15153,並,曰,73.0
15154,,曰,73.0
15155,,月,74.0
15156,,月,74.0
15157,,月,74.0
15158,,月,74.0
15159,,,74.0
15160,,月,74.0
15161,,肉,130.0
15162,,,74.0
15163,,月,74.0
15164,,月,74.0
15165,,,74.0
15166,,,74.0
15167,,月,74.0
15168,,,74.0
15169,木,木,75.0
15170,木,木,75.0
15171,糸,木,75.0
15172,,木,75.0
15173,,,75.0
15174,,,75.0
15175,,木,75.0
15176,,木,75.0
15177,木,木,75.0
15178,,木,75.0
15179,,木,75.0
15180,,木,75.0
15181,,木,75.0
15182,,木,75.0
15183,,木,75.0
15184,,,75.0
15185,,木,75.0
15186,木,木,75.0
15187,,木,75.0
15188,木,木,75.0
15189,木,木,75.0
15190,,,75.0
15191,,,75.0
15192,木,木,75.0
15193,木,木,75.0
15194,,木,75.0
15195,,木,75.0
15196,,木,75.0
15197,,木,75.0
15198,,木,75.0
15199,手,木,75.0
15200,,木,75.0
15201,,木,75.0
15202,,木,75.0
15203,,,75.0
15204,,木,75.0
15205,,,75.0
15206,,,75.0
15207,,,75.0
15208,木,木,75.0
15209,木,木,75.0
15210,,木,75.0
15211,,木,75.0
15212,,木,75.0
15213,,木,75.0
15214,,木,75.0
15215,,木,75.0
15216,此,木,75.0
15217,,木,75.0
15218,,木,75.0
15219,,,75.0
15220,,,75.0
15221,,,75.0
15222,,,75.0
15223,,,75.0
15224,,木,75.0
15225,,木,75.0
15226,,木,75.0
15227,木,木,75.0
15228,,木,75.0
15229,,木,75.0
15230,,木,75.0
15231,,木,75.0
15232,,木,75.0
15233,,木,75.0
15234,木,木,75.0
15235,,木,75.0
15236,木,木,75.0
15237,,木,75.0
15238,木,艸,75.0
15239,,木,75.0
15240,,,75.0
15241,,,75.0
15242,,木,75.0
15243,,木,75.0
15244,,木,75.0
15245,,木,75.0
15246,,木,75.0
15247,,木,75.0
15248,木,木,75.0
15249,,木,75.0
15250,,木,75.0
15251,木,木,75.0
15252,,木,75.0
15253,,木,75.0
15254,,木,75.0
15255,,木,75.0
15256,木,木,75.0
15257,,木,75.0
15258,𠧪,木,75.0
15259,,木,75.0
15260,,木,75.0
15261,木,木,75.0
15262,木,木,75.0
15263,,木,75.0
15264,,,75.0
15265,,火,86.0
15266,,木,75.0
15267,木,木,75.0
15268,木,木,75.0
15269,,木,75.0
15270,,木,75.0
15271,,木,75.0
15272,木,木,75.0
15273,木,木,75.0
15274,,木,75.0
15275,,木,75.0
15276,,木,75.0
15277,,木,75.0
15278,,木,75.0
15279,木,木,75.0
15280,木,木,75.0
15281,,木,75.0
15282,,木,75.0
15283,,木,75.0
15284,木,木,75.0
15285,,木,75.0
15286,,木,75.0
15287,,木,75.0
15288,,木,75.0
15289,,木,75.0
15290,,木,75.0
15291,,木,75.0
15292,,,75.0
15293,,,75.0
15294,,,75.0
15295,木,木,75.0
15296,,木,75.0
15297,,木,75.0
15298,,木,75.0
15299,,木,75.0
15300,,木,75.0
15301,,木,75.0
15302,,木,75.0
15303,,木,75.0
15304,,木,75.0
15305,木,木,75.0
15306,,木,75.0
15307,,木,75.0
15308,,木,75.0
15309,,木,75.0
15310,,木,75.0
15311,,木,75.0
15312,木,木,75.0
15313,,,75.0
15314,,,75.0
15315,,木,75.0
15316,,木,75.0
15317,木,木,75.0
15318,,木,75.0
15319,,木,75.0
15320,,木,75.0
15321,,木,75.0
15322,,木,75.0
15323,,木,75.0
15324,,木,75.0
15325,,木,75.0
15326,,木,75.0
15327,林,木,75.0
15328,,木,75.0
15329,桼,木,75.0
15330,,木,75.0
15331,木,木,75.0
15332,朿,木,75.0
15333,東,木,75.0
15334,,木,75.0
15335,,,75.0
15336,,,75.0
15337,,木,75.0
15338,,木,75.0
15339,,木,75.0
15340,,木,75.0
15341,,木,75.0
15342,,木,75.0
15343,匚,木,75.0
15344,木,木,75.0
15345,㯻,木,75.0
15346,,木,75.0
15347,木,木,75.0
15348,,木,75.0
15349,,,75.0
15350,,木,75.0
15351,木,木,75.0
15352,,木,75.0
15353,,木,75.0
15354,,木,75.0
15355,㯻,木,75.0
15356,,,75.0
15357,,木,75.0
15358,,木,75.0
15359,,木,75.0
15360,,木,75.0
15361,,木,75.0
15362,,木,75.0
15363,,木,75.0
15364,,木,75.0
15365,,木,75.0
15366,,木,75.0
15367,,木,75.0
15368,,木,75.0
15369,,木,75.0
15370,,木,75.0
15371,木,木,75.0
15372,,木,75.0
15373,木,木,75.0
15374,木,木,75.0
15375,,木,75.0
15376,木,木,75.0
15377,,木,75.0
15378,,木,75.0
15379,,,75.0
15380,,木,75.0
15381,,木,75.0
15382,,木,75.0
15383,,木,75.0
15384,木,木,75.0
15385,,木,75.0
15386,,木,75.0
15387,,木,75.0
15388,,,75.0
15389,欠,欠,76.0
15390,,欠,76.0
15391,欠,欠,76.0
15392,,欠,76.0
15393,,欠,76.0
15394,,欠,76.0
15395,欠,欠,76.0
15396,,欠,76.0
15397,,欠,76.0
15398,,欠,76.0
15399,,欠,76.0
15400,,欠,76.0
15401,,欠,76.0
15402,,欠,76.0
15403,,欠,76.0
15404,,欠,76.0
15405,,欠,76.0
15406,欠,欠,76.0
15407,丶,欠,76.0
15408,,欠,76.0
15409,,欠,76.0
15410,欠,欠,76.0
15411,,欠,76.0
15412,,欠,76.0
15413,,欠,76.0
15414,欠,欠,76.0
15415,死,歹,78.0
15416,,,76.0
15417,,欠,76.0
15418,,欠,76.0
15419,欠,欠,76.0
15420,,欠,76.0
15421,,欠,76.0
15422,欠,欠,76.0
15423,,欠,76.0
15424,,欠,76.0
15425,欠,欠,76.0
15426,欠,欠,76.0
15427,㱃,欠,76.0
15428,,欠,76.0
15429,,欠,76.0
15430,,欠,76.0
15431,欠,欠,76.0
15432,,欠,76.0
15433,,欠,76.0
15434,,欠,76.0
15435,,欠,76.0
15436,,欠,76.0
15437,欠,欠,76.0
15438,欠,欠,76.0
15439,正,止,77.0
15440,,,77.0
15441,,,77.0
15442,,止,77.0
15443,,,77.0
15444,,二,77.0
15445,止,止,77.0
15446,,止,77.0
15447,,止,77.0
15448,,止,77.0
15449,歹,歹,78.0
15450,歹,歹,78.0
15451,,歹,78.0
15452,,歹,78.0
15453,,,78.0
15454,,歹,78.0
15455,,歹,78.0
15456,歹,歹,78.0
15457,,歹,78.0
15458,,歹,78.0
15459,,歹,78.0
15460,,歹,78.0
15461,,歹,78.0
15462,歹,歹,78.0
15463,,歹,78.0
15464,,歹,78.0
15465,,歹,78.0
15466,歹,歹,78.0
15467,,歹,78.0
15468,,歹,78.0
15469,,歹,78.0
15470,,歹,78.0
15471,歹,歹,78.0
15472,,歹,78.0
15473,,歹,78.0
15474,,歹,78.0
15475,歹,歹,78.0
15476,,歹,78.0
15477,,歹,78.0
15478,,歹,78.0
15479,,,78.0
15480,,歹,78.0
15481,,歹,78.0
15482,,歹,78.0
15483,歹,歹,78.0
15484,,殳,79.0
15485,殳,殳,79.0
15486,殳,殳,79.0
15487,殳,殳,79.0
15488,,殳,79.0
15489,,殳,79.0
15490,,殳,79.0
15491,殳,殳,79.0
15492,,土,79.0
15493,,殳,79.0
15494,,殳,79.0
15495,,殳,79.0
15496,革,殳,79.0
15497,,殳,79.0
15498,,殳,79.0
15499,㲋,比,81.0
15500,,毛,82.0
15501,,毛,82.0
15502,,毛,82.0
15503,,毛,82.0
15504,,,82.0
15505,,,82.0
15506,,毛,82.0
15507,,毛,82.0
15508,,毛,82.0
15509,,毛,82.0
15510,,毛,82.0
15511,,毛,82.0
15512,,毛,82.0
15513,,毛,82.0
15514,,毛,82.0
15515,,毛,82.0
15516,,毛,82.0
15517,毛,毛,82.0
15518,,毛,82.0
15519,,毛,82.0
15520,,毛,82.0
15521,,毛,82.0
15522,,毛,82.0
15523,,毛,82.0
15524,,毛,82.0
15525,,毛,82.0
15526,毛,毛,82.0
15527,,毛,82.0
15528,,毛,82.0
15529,毛,毛,82.0
15530,毛,毛,82.0
15531,,毛,82.0
15532,,毛,82.0
15533,,毛,82.0
15534,,,82.0
15535,,毛,82.0
15536,,毛,82.0
15537,髟,毛,82.0
15538,,毛,82.0
15539,氐,氏,83.0
15540,,气,84.0
15541,,气,84.0
15542,,,84.0
15543,,,84.0
15544,,水,85.0
15545,,水,85.0
15546,,水,85.0
15547,水,水,85.0
15548,,水,85.0
15549,水,水,85.0
15550,,水,85.0
15551,,水,85.0
15552,,水,85.0
15553,,水,85.0
15554,水,水,85.0
15555,水,水,85.0
15556,㳄,水,85.0
15557,,水,85.0
15558,,水,85.0
15559,,水,85.0
15560,水,水,85.0
15561,,,85.0
15562,攴,攴,85.0
15563,,水,85.0
15564,,水,85.0
15565,,水,85.0
15566,,水,85.0
15567,,水,85.0
15568,,水,85.0
15569,,水,85.0
15570,廌,水,85.0
15571,,,85.0
15572,,水,85.0
15573,,水,85.0
15574,,水,85.0
15575,,水,85.0
15576,,水,85.0
15577,水,水,85.0
15578,,水,85.0
15579,,水,85.0
15580,,水,85.0
15581,,水,85.0
15582,,水,85.0
15583,,心,85.0
15584,,水,85.0
15585,,水,85.0
15586,,,85.0
15587,,,85.0
15588,水,水,85.0
15589,,水,85.0
15590,,水,85.0
15591,,水,85.0
15592,,水,85.0
15593,,水,85.0
15594,,水,85.0
15595,,水,85.0
15596,水,水,85.0
15597,,水,85.0
15598,,水,85.0
15599,,水,85.0
15600,,水,85.0
15601,,,85.0
15602,,,85.0
15603,,,85.0
15604,,水,85.0
15605,,水,85.0
15606,水,水,85.0
15607,水,水,85.0
15608,,水,85.0
15609,,水,85.0
15610,,水,85.0
15611,水,水,85.0
15612,,水,85.0
15613,,水,85.0
15614,,水,85.0
15615,,水,85.0
15616,,水,85.0
15617,,水,85.0
15618,,水,85.0
15619,,水,85.0
15620,,水,85.0
15621,,水,85.0
15622,,水,85.0
15623,,水,85.0
15624,,水,85.0
15625,水,水,85.0
15626,,水,85.0
15627,,水,85.0
15628,,,85.0
15629,,,85.0
15630,,,85.0
15631,,水,85.0
15632,,水,85.0
15633,水,水,85.0
15634,,水,85.0
15635,,水,85.0
15636,,水,85.0
15637,,水,85.0
15638,,水,85.0
15639,,水,85.0
15640,,水,85.0
15641,,水,85.0
15642,,水,85.0
15643,,水,85.0
15644,,水,85.0
15645,黍,水,85.0
15646,,水,85.0
15647,,,85.0
15648,,,85.0
15649,,,85.0
15650,,,85.0
15651,,,85.0
15652,,,85.0
15653,,水,85.0
15654,,水,85.0
15655,,水,85.0
15656,,水,85.0
15657,,水,85.0
15658,,水,85.0
15659,,水,85.0
15660,,水,85.0
15661,,水,85.0
15662,,水,85.0
15663,,水,85.0
15664,,水,85.0
15665,水,水,85.0
15666,水,水,85.0
15667,水,水,85.0
15668,水,水,85.0
15669,,水,85.0
15670,水,水,85.0
15671,,水,85.0
15672,,水,85.0
15673,,,85.0
15674,,,85.0
15675,,水,85.0
15676,,水,85.0
15677,,水,85.0
15678,,水,85.0
15679,,水,85.0
15680,,水,85.0
15681,,水,85.0
15682,,水,85.0
15683,,水,85.0
15684,水,水,85.0
15685,,水,85.0
15686,,水,85.0
15687,,,85.0
15688,,,85.0
15689,,,85.0
15690,,水,85.0
15691,水,水,85.0
15692,,水,85.0
15693,,水,85.0
15694,水,水,85.0
15695,,水,85.0
15696,,水,85.0
15697,,水,85.0
15698,,水,85.0
15699,,水,85.0
15700,,水,85.0
15701,,水,85.0
15702,,水,85.0
15703,,水,85.0
15704,,水,85.0
15705,,水,85.0
15706,,,85.0
15707,,,85.0
15708,,,85.0
15709,,水,85.0
15710,水,水,85.0
15711,,水,85.0
15712,,水,85.0
15713,,水,85.0
15714,,水,85.0
15715,欠,水,85.0
15716,,水,85.0
15717,,水,85.0
15718,,水,85.0
15719,,水,85.0
15720,,水,85.0
15721,,水,85.0
15722,,水,85.0
15723,,水,85.0
15724,,水,85.0
15725,,水,85.0
15726,,水,85.0
15727,,水,85.0
15728,,水,85.0
15729,,水,85.0
15730,,水,85.0
15731,,水,85.0
15732,,水,85.0
15733,,水,85.0
15734,,水,85.0
15735,,水,85.0
15736,,水,85.0
15737,,水,85.0
15738,水,水,85.0
15739,,水,85.0
15740,,水,85.0
15741,,水,85.0
15742,水,水,85.0
15743,,水,85.0
15744,,水,85.0
15745,水,水,85.0
15746,,,85.0
15747,,,85.0
15748,水,水,85.0
15749,水,水,85.0
15750,,水,85.0
15751,水,水,85.0
15752,,水,85.0
15753,,鳥,85.0
15754,,,85.0
15755,,,85.0
15756,,水,85.0
15757,,水,85.0
15758,,水,85.0
15759,水,水,85.0
15760,,,85.0
15761,,水,85.0
15762,,水,85.0
15763,,水,85.0
15764,,水,85.0
15765,水,水,85.0
15766,,水,85.0
15767,泉,水,85.0
15768,,水,85.0
15769,,,85.0
15770,,水,85.0
15771,水,水,85.0
15772,,水,85.0
15773,,,85.0
15774,,水,85.0
15775,水,水,85.0
15776,,水,85.0
15777,,火,86.0
15778,,,86.0
15779,火,火,86.0
15780,火,火,86.0
15781,火,火,86.0
15782,,火,86.0
15783,,火,86.0
15784,,火,86.0
15785,,,86.0
15786,,火,86.0
15787,,火,86.0
15788,,火,86.0
15789,,火,86.0
15790,,火,86.0
15791,,火,86.0
15792,,火,86.0
15793,,,86.0
15794,,,86.0
15795,火,火,86.0
15796,火,火,86.0
15797,,火,86.0
15798,,,86.0
15799,,,86.0
15800,,,86.0
15801,,火,86.0
15802,,火,86.0
15803,,火,86.0
15804,,火,86.0
15805,,火,86.0
15806,火,火,86.0
15807,,火,86.0
15808,,火,86.0
15809,,,86.0
15810,,火,86.0
15811,,火,86.0
15812,,火,86.0
15813,,火,86.0
15814,,火,86.0
15815,,火,86.0
15816,,火,86.0
15817,火,火,86.0
15818,,火,86.0
15819,,火,86.0
15820,,,86.0
15821,,,86.0
15822,,火,86.0
15823,,火,86.0
15824,,火,86.0
15825,,火,86.0
15826,,火,86.0
15827,火,火,86.0
15828,,火,86.0
15829,,火,86.0
15830,火,火,86.0
15831,,火,86.0
15832,,火,86.0
15833,,火,86.0
15834,,,86.0
15835,,,86.0
15836,,,86.0
15837,,,86.0
15838,,,86.0
15839,,火,86.0
15840,炎,火,86.0
15841,,火,86.0
15842,火,火,86.0
15843,,火,86.0
15844,赤,火,86.0
15845,,火,86.0
15846,,火,86.0
15847,,,86.0
15848,,,86.0
15849,火,火,86.0
15850,,,86.0
15851,,火,86.0
15852,,火,86.0
15853,火,火,86.0
15854,火,火,86.0
15855,,火,86.0
15856,,火,86.0
15857,,,86.0
15858,,,86.0
15859,火,火,86.0
15860,,火,86.0
15861,,火,86.0
15862,,火,86.0
15863,肉,火,86.0
15864,火,火,86.0
15865,,火,86.0
15866,,,86.0
15867,,火,86.0
15868,燕,火,86.0
15869,,,86.0
15870,,火,86.0
15871,,火,86.0
15872,,火,86.0
15873,,火,86.0
15874,𨺅,火,86.0
15875,黑,黑,86.0
15876,火,火,86.0
15877,,火,86.0
15878,,,86.0
15879,,,86.0
15880,,火,86.0
15881,炎,火,86.0
15882,,火,86.0
15883,炙,火,86.0
15884,,,86.0
15885,,火,86.0
15886,,火,86.0
15887,火,火,86.0
15888,,火,86.0
15889,,火,86.0
15890,𡈼,爪,87.0
15891,日,日,87.0
15892,,,87.0
15893,,爪,87.0
15894,,父,88.0
15895,,父,88.0
15896,,父,88.0
15897,,父,88.0
15898,㸚,爻,89.0
15899,,爿,90.0
15900,,爿,90.0
15901,,片,91.0
15902,,片,91.0
15903,,片,91.0
15904,,片,91.0
15905,,片,91.0
15906,,片,91.0
15907,,片,91.0
15908,,片,91.0
15909,,片,91.0
15910,,牙,92.0
15911,,牙,92.0
15912,,牛,93.0
15913,,牛,93.0
15914,,牛,93.0
15915,,牛,93.0
15916,牛,牛,93.0
15917,,牛,93.0
15918,,牛,93.0
15919,,牛,93.0
15920,,牛,93.0
15921,,牛,93.0
15922,,牛,93.0
15923,,牛,93.0
15924,,,93.0
15925,,牛,93.0
15926,,牛,93.0
15927,,牛,93.0
15928,,牛,93.0
15929,牛,牛,93.0
15930,,牛,93.0
15931,,牛,93.0
15932,,牛,93.0
15933,,牛,93.0
15934,,牛,93.0
15935,,牛,93.0
15936,,,93.0
15937,牛,牛,93.0
15938,牛,牛,93.0
15939,牛,牛,93.0
15940,,牛,93.0
15941,,牛,93.0
15942,,牛,93.0
15943,,牛,93.0
15944,,,93.0
15945,,牛,93.0
15946,牛,牛,93.0
15947,,牛,93.0
15948,牛,牛,93.0
15949,,牛,93.0
15950,,牛,93.0
15951,,牛,93.0
15952,,牛,93.0
15953,牛,牛,93.0
15954,,牛,93.0
15955,,牛,93.0
15956,牛,牛,93.0
15957,,牛,93.0
15958,豕,牛,93.0
15959,牛,牛,93.0
15960,,牛,93.0
15961,,牛,93.0
15962,,牛,93.0
15963,牛,牛,93.0
15964,㹜,犬,94.0
15965,,犬,94.0
15966,犬,犬,94.0
15967,,犬,94.0
15968,,犬,94.0
15969,,犬,94.0
15970,,犬,94.0
15971,,犬,94.0
15972,犬,犬,94.0
15973,犬,犬,94.0
15974,豸,犬,94.0
15975,,犬,94.0
15976,,犬,94.0
15977,,,94.0
15978,犬,犬,94.0
15979,,犬,94.0
15980,,犬,94.0
15981,,犬,94.0
15982,,犬,94.0
15983,,犬,94.0
15984,,,94.0
15985,,犬,94.0
15986,,犬,94.0
15987,,犬,94.0
15988,,犬,94.0
15989,,犬,94.0
15990,,犬,94.0
15991,,犬,94.0
15992,,犬,94.0
15993,,犬,94.0
15994,,犬,94.0
15995,,犬,94.0
15996,,犬,94.0
15997,犬,犬,94.0
15998,,犬,94.0
15999,,犬,94.0
16000,,犬,94.0
16001,,犬,94.0
16002,,犬,94.0
16003,犬,犬,94.0
16004,豸,犬,94.0
16005,犬,犬,94.0
16006,,,94.0
16007,㹜,犬,94.0
16008,,犬,94.0
16009,犬,犬,94.0
16010,,犬,94.0
16011,,犬,94.0
16012,犬,犬,94.0
16013,,犬,94.0
16014,豸,犬,94.0
16015,,犬,94.0
16016,,犬,94.0
16017,犬,犬,94.0
16018,犬,犬,94.0
16019,,,94.0
16020,,犬,94.0
16021,犬,犬,94.0
16022,犬,犬,94.0
16023,豸,犬,94.0
16024,,犬,94.0
16025,,,94.0
16026,,犬,94.0
16027,,犬,94.0
16028,犬,犬,94.0
16029,,犬,94.0
16030,,犬,94.0
16031,,犬,94.0
16032,,犬,94.0
16033,,犬,94.0
16034,,,94.0
16035,,犬,94.0
16036,,犬,94.0
16037,,犬,94.0
16038,,犬,94.0
16039,,犬,94.0
16040,玉,玉,96.0
16041,,玉,96.0
16042,,玉,96.0
16043,,玉,96.0
16044,,玉,96.0
16045,,玉,96.0
16046,玉,玉,96.0
16047,,廾,96.0
16048,,玉,96.0
16049,,玉,96.0
16050,金,玉,96.0
16051,,玉,96.0
16052,,玉,96.0
16053,,玉,96.0
16054,,,96.0
16055,,玉,96.0
16056,,玉,96.0
16057,,玉,96.0
16058,玉,玉,96.0
16059,,,96.0
16060,,,96.0
16061,,,96.0
16062,,,96.0
16063,玉,玉,96.0
16064,,玉,96.0
16065,,玉,96.0
16066,,玉,96.0
16067,曲,玉,96.0
16068,,玉,96.0
16069,,玉,96.0
16070,,玉,96.0
16071,,,96.0
16072,,,96.0
16073,,玉,96.0
16074,,玉,96.0
16075,,玉,96.0
16076,,玉,96.0
16077,,玉,96.0
16078,琴,玉,96.0
16079,,,96.0
16080,,,96.0
16081,,玉,96.0
16082,,玉,96.0
16083,,玉,96.0
16084,,玉,96.0
16085,,玉,96.0
16086,,玉,96.0
16087,玉,玉,96.0
16088,,,96.0
16089,,,96.0
16090,,,96.0
16091,,,96.0
16092,,,96.0
16093,玉,玉,96.0
16094,,玉,96.0
16095,,玉,96.0
16096,,玉,96.0
16097,,玉,96.0
16098,,,96.0
16099,,,96.0
16100,,,96.0
16101,,,96.0
16102,,,96.0
16103,,玉,96.0
16104,,,96.0
16105,,,96.0
16106,,,96.0
16107,玉,玉,96.0
16108,,玉,96.0
16109,,玉,96.0
16110,,玉,96.0
16111,,玉,96.0
16112,,玉,96.0
16113,,玉,96.0
16114,,玉,96.0
16115,,,96.0
16116,,,96.0
16117,,玉,96.0
16118,,玉,96.0
16119,,玉,96.0
16120,玉,玉,96.0
16121,,玉,96.0
16122,,玉,96.0
16123,,,96.0
16124,,,96.0
16125,,玉,96.0
16126,,玉,96.0
16127,,玉,96.0
16128,,,96.0
16129,,,96.0
16130,,玉,96.0
16131,,,96.0
16132,,玉,96.0
16133,,,96.0
16134,,,96.0
16135,玉,玉,96.0
16136,,网,96.0
16137,,瓜,97.0
16138,,瓜,97.0
16139,,瓜,97.0
16140,瓜,瓜,97.0
16141,,瓜,97.0
16142,瓜,瓜,97.0
16143,,瓜,97.0
16144,,瓜,97.0
16145,,瓜,97.0
16146,,瓜,97.0
16147,,瓜,97.0
16148,,瓜,97.0
16149,,瓜,97.0
16150,,瓜,97.0
16151,,瓦,98.0
16152,,瓦,98.0
16153,,瓦,98.0
16154,,瓦,98.0
16155,,瓦,98.0
16156,皿,瓦,98.0
16157,瓦,瓦,98.0
16158,,瓦,98.0
16159,,瓦,98.0
16160,,瓦,98.0
16161,,瓦,98.0
16162,,瓦,98.0
16163,,瓦,98.0
16164,,瓦,98.0
16165,,瓦,98.0
16166,,瓦,98.0
16167,,瓦,98.0
16168,,瓦,98.0
16169,,瓦,98.0
16170,,瓦,98.0
16171,,瓦,98.0
16172,,瓦,98.0
16173,,瓦,98.0
16174,,瓦,98.0
16175,,瓦,98.0
16176,瓦,瓦,98.0
16177,㼱,瓦,98.0
16178,瓦,瓦,98.0
16179,,瓦,98.0
16180,,瓦,98.0
16181,,瓦,98.0
16182,,瓦,98.0
16183,,瓦,98.0
16184,瓦,瓦,98.0
16185,,瓦,98.0
16186,,瓦,98.0
16187,,瓦,98.0
16188,,瓦,98.0
16189,瓦,瓦,98.0
16190,,瓦,98.0
16191,,瓦,98.0
16192,,瓦,98.0
16193,鬲,瓦,98.0
16194,,瓦,98.0
16195,,瓦,98.0
16196,,瓦,98.0
16197,,瓦,98.0
16198,,瓦,98.0
16199,,瓦,98.0
16200,,瓦,98.0
16201,,瓦,98.0
16202,,瓦,98.0
16203,,瓦,98.0
16204,,,98.0
16205,,甘,99.0
16206,,甘,99.0
16207,,,99.0
16208,,甘,99.0
16209,,甘,99.0
16210,男,生,100.0
16211,,,100.0
16212,,,100.0
16213,𢎘,田,102.0
16214,,田,102.0
16215,,田,102.0
16216,田,田,102.0
16217,,田,102.0
16218,,田,102.0
16219,,田,102.0
16220,,田,102.0
16221,,田,102.0
16222,,田,102.0
16223,,田,102.0
16224,,田,102.0
16225,,田,102.0
16226,,田,102.0
16227,,田,102.0
16228,,田,102.0
16229,田,田,102.0
16230,,田,102.0
16231,田,田,102.0
16232,田,田,102.0
16233,,田,102.0
16234,,田,102.0
16235,,田,102.0
16236,,田,102.0
16237,,田,102.0
16238,,田,102.0
16239,,田,102.0
16240,,疋,103.0
16241,疒,疒,104.0
16242,疒,疒,104.0
16243,,疒,104.0
16244,,疒,104.0
16245,,疒,104.0
16246,,,104.0
16247,,疒,104.0
16248,,疒,104.0
16249,,疒,104.0
16250,疒,疒,104.0
16251,,疒,104.0
16252,,,104.0
16253,疒,疒,104.0
16254,疒,疒,104.0
16255,,疒,104.0
16256,,疒,104.0
16257,疒,疒,104.0
16258,,疒,104.0
16259,,疒,104.0
16260,,疒,104.0
16261,疒,疒,104.0
16262,疒,疒,104.0
16263,,疒,104.0
16264,疒,疒,104.0
16265,,疒,104.0
16266,肉,疒,104.0
16267,,疒,104.0
16268,,疒,104.0
16269,,疒,104.0
16270,,疒,104.0
16271,,疒,104.0
16272,,疒,104.0
16273,,疒,104.0
16274,,疒,104.0
16275,疒,疒,104.0
16276,,疒,104.0
16277,疒,疒,104.0
16278,,疒,104.0
16279,,疒,104.0
16280,,疒,104.0
16281,,疒,104.0
16282,,疒,104.0
16283,,疒,104.0
16284,疒,疒,104.0
16285,,疒,104.0
16286,,疒,104.0
16287,,疒,104.0
16288,,疒,104.0
16289,,疒,104.0
16290,,疒,104.0
16291,,疒,104.0
16292,,疒,104.0
16293,,疒,104.0
16294,,疒,104.0
16295,,疒,104.0
16296,,疒,104.0
16297,,疒,104.0
16298,,疒,104.0
16299,疒,疒,104.0
16300,,疒,104.0
16301,,疒,104.0
16302,,疒,104.0
16303,,疒,104.0
16304,,疒,104.0
16305,,,104.0
16306,,,104.0
16307,,,104.0
16308,,,104.0
16309,,,104.0
16310,,疒,104.0
16311,,疒,104.0
16312,,疒,104.0
16313,,疒,104.0
16314,疒,疒,104.0
16315,,疒,104.0
16316,,疒,104.0
16317,,疒,104.0
16318,,疒,104.0
16319,,疒,104.0
16320,,,104.0
16321,,疒,104.0
16322,,疒,104.0
16323,,疒,104.0
16324,疒,疒,104.0
16325,,疒,104.0
16326,,疒,104.0
16327,,疒,104.0
16328,疒,疒,104.0
16329,,疒,104.0
16330,,疒,104.0
16331,,疒,104.0
16332,,疒,104.0
16333,,疒,104.0
16334,,疒,104.0
16335,,疒,104.0
16336,,,104.0
16337,,疒,104.0
16338,,疒,104.0
16339,,疒,104.0
16340,,疒,104.0
16341,,疒,104.0
16342,,疒,104.0
16343,,疒,104.0
16344,,疒,104.0
16345,疒,疒,104.0
16346,,疒,104.0
16347,疒,疒,104.0
16348,,疒,104.0
16349,皀,白,106.0
16350,,白,106.0
16351,,白,106.0
16352,,,106.0
16353,,白,106.0
16354,,白,106.0
16355,,白,106.0
16356,,白,106.0
16357,白,白,106.0
16358,,白,106.0
16359,𪞶,白,106.0
16360,,白,106.0
16361,,白,106.0
16362,,皮,107.0
16363,,皮,107.0
16364,,皮,107.0
16365,,皮,107.0
16366,,皮,107.0
16367,,皮,107.0
16368,,皮,107.0
16369,,皮,107.0
16370,,皮,107.0
16371,,皮,107.0
16372,,皮,107.0
16373,,皮,107.0
16374,,皮,107.0
16375,,皮,107.0
16376,,皮,107.0
16377,,皮,107.0
16378,,皮,107.0
16379,,皿,108.0
16380,,皿,108.0
16381,,皿,108.0
16382,皿,皿,108.0
16383,,皿,108.0
16384,,皿,108.0
16385,皿,皿,108.0
16386,,皿,108.0
16387,,皿,108.0
16388,,皿,108.0
16389,,皿,108.0
16390,皿,皿,108.0
16391,皿,皿,108.0
16392,,皿,108.0
16393,,皿,108.0
16394,皿,皿,108.0
16395,,鹵,108.0
16396,,,108.0
16397,血,皿,108.0
16398,,目,109.0
16399,目,目,109.0
16400,,目,109.0
16401,目,目,109.0
16402,,目,109.0
16403,,目,109.0
16404,,目,109.0
16405,,目,109.0
16406,,目,109.0
16407,目,目,109.0
16408,目,目,109.0
16409,,目,109.0
16410,,目,109.0
16411,目,目,109.0
16412,目,目,109.0
16413,,比,109.0
16414,,目,109.0
16415,,目,109.0
16416,䀠,目,109.0
16417,,目,109.0
16418,,目,109.0
16419,目,目,109.0
16420,,目,109.0
16421,,目,109.0
16422,,,109.0
16423,,目,109.0
16424,,目,109.0
16425,目,目,109.0
16426,,目,109.0
16427,,目,109.0
16428,,目,109.0
16429,,目,109.0
16430,,目,109.0
16431,,目,109.0
16432,,目,109.0
16433,,目,109.0
16434,,目,109.0
16435,,目,109.0
16436,,目,109.0
16437,,目,109.0
16438,目,目,109.0
16439,,目,109.0
16440,,目,109.0
16441,目,目,109.0
16442,目,目,109.0
16443,,目,109.0
16444,,目,109.0
16445,,目,109.0
16446,,目,109.0
16447,,目,109.0
16448,,,109.0
16449,,目,109.0
16450,目,目,109.0
16451,,目,109.0
16452,,目,109.0
16453,,目,109.0
16454,,目,109.0
16455,,目,109.0
16456,目,目,109.0
16457,,目,109.0
16458,目,目,109.0
16459,,目,109.0
16460,,目,109.0
16461,目,目,109.0
16462,,目,109.0
16463,,目,109.0
16464,,目,109.0
16465,,目,109.0
16466,,目,109.0
16467,,目,109.0
16468,目,目,109.0
16469,,目,109.0
16470,,目,109.0
16471,,目,109.0
16472,,目,109.0
16473,目,目,109.0
16474,,目,109.0
16475,,目,109.0
16476,,目,109.0
16477,目,目,109.0
16478,,目,109.0
16479,,目,109.0
16480,,目,109.0
16481,,,109.0
16482,,目,109.0
16483,,目,109.0
16484,,目,109.0
16485,,目,109.0
16486,,目,109.0
16487,,目,109.0
16488,,目,109.0
16489,,目,109.0
16490,,,109.0
16491,,目,109.0
16492,,目,109.0
16493,,目,109.0
16494,,目,109.0
16495,,目,109.0
16496,,目,109.0
16497,,目,109.0
16498,目,目,109.0
16499,,目,109.0
16500,目,目,109.0
16501,目,目,109.0
16502,,目,109.0
16503,,目,109.0
16504,,目,109.0
16505,,目,109.0
16506,,目,109.0
16507,,目,109.0
16508,,目,109.0
16509,,目,109.0
16510,目,目,109.0
16511,,目,109.0
16512,,目,109.0
16513,,目,109.0
16514,,目,109.0
16515,,目,109.0
16516,,目,109.0
16517,,目,109.0
16518,,矛,110.0
16519,矛,矛,110.0
16520,,矛,110.0
16521,,矛,110.0
16522,,矛,110.0
16523,,,110.0
16524,,矛,110.0
16525,,矛,110.0
16526,,矛,110.0
16527,,矢,111.0
16528,,矢,111.0
16529,,矢,111.0
16530,,矢,111.0
16531,夫,矢,111.0
16532,,矢,111.0
16533,,矢,111.0
16534,,石,112.0
16535,,石,112.0
16536,,石,112.0
16537,,邑,112.0
16538,,石,112.0
16539,,石,112.0
16540,,石,112.0
16541,,石,112.0
16542,,木,112.0
16543,,石,112.0
16544,,石,112.0
16545,,石,112.0
16546,,石,112.0
16547,,石,112.0
16548,,石,112.0
16549,,石,112.0
16550,,石,112.0
16551,,石,112.0
16552,,,112.0
16553,,石,112.0
16554,,石,112.0
16555,,石,112.0
16556,石,石,112.0
16557,,石,112.0
16558,,石,112.0
16559,,石,112.0
16560,,石,112.0
16561,,石,112.0
16562,,石,112.0
16563,,石,112.0
16564,,石,112.0
16565,,石,112.0
16566,,,112.0
16567,,石,112.0
16568,,石,112.0
16569,石,石,112.0
16570,,石,112.0
16571,,石,112.0
16572,,石,112.0
16573,,石,112.0
16574,,石,112.0
16575,石,石,112.0
16576,,石,112.0
16577,,石,112.0
16578,,石,112.0
16579,,,112.0
16580,,,112.0
16581,,石,112.0
16582,,,112.0
16583,,,112.0
16584,,石,112.0
16585,,石,112.0
16586,,石,112.0
16587,,石,112.0
16588,,石,112.0
16589,石,石,112.0
16590,,石,112.0
16591,,石,112.0
16592,,,112.0
16593,,石,112.0
16594,石,石,112.0
16595,,石,112.0
16596,,石,112.0
16597,,石,112.0
16598,,石,112.0
16599,,石,112.0
16600,,石,112.0
16601,,石,112.0
16602,,石,112.0
16603,,石,112.0
16604,,石,112.0
16605,,石,112.0
16606,,石,112.0
16607,,,112.0
16608,,,112.0
16609,,石,112.0
16610,,石,112.0
16611,,石,112.0
16612,,石,112.0
16613,,石,112.0
16614,,石,112.0
16615,,石,112.0
16616,,,112.0
16617,,石,112.0
16618,,石,112.0
16619,,石,112.0
16620,,石,112.0
16621,,石,112.0
16622,,石,112.0
16623,,石,112.0
16624,,石,112.0
16625,,石,112.0
16626,,石,112.0
16627,,石,112.0
16628,,石,112.0
16629,,石,112.0
16630,,石,112.0
16631,,石,112.0
16632,,石,112.0
16633,,石,112.0
16634,石,石,112.0
16635,,石,112.0
16636,,,113.0
16637,,示,113.0
16638,示,示,113.0
16639,,示,113.0
16640,,示,113.0
16641,,示,113.0
16642,,示,113.0
16643,,示,113.0
16644,,示,113.0
16645,,示,113.0
16646,示,示,113.0
16647,,示,113.0
16648,,示,113.0
16649,,示,113.0
16650,,,113.0
16651,,示,113.0
16652,,示,113.0
16653,,示,113.0
16654,,示,113.0
16655,示,示,113.0
16656,,示,113.0
16657,,示,113.0
16658,,示,113.0
16659,,示,113.0
16660,,示,113.0
16661,,示,113.0
16662,,,113.0
16663,,,113.0
16664,,示,113.0
16665,,示,113.0
16666,,示,113.0
16667,,示,113.0
16668,,示,113.0
16669,,示,113.0
16670,,,113.0
16671,示,示,113.0
16672,,示,113.0
16673,,示,113.0
16674,,示,113.0
16675,,,113.0
16676,,示,113.0
16677,,示,113.0
16678,,禾,115.0
16679,,禾,115.0
16680,,禾,115.0
16681,,禾,115.0
16682,禾,禾,115.0
16683,,艸,115.0
16684,,禾,115.0
16685,,干,115.0
16686,,禾,115.0
16687,,禾,115.0
16688,,禾,115.0
16689,,禾,115.0
16690,,禾,115.0
16691,,禾,115.0
16692,,,115.0
16693,,,115.0
16694,,禾,115.0
16695,禾,禾,115.0
16696,,禾,115.0
16697,,,115.0
16698,,禾,115.0
16699,,禾,115.0
16700,,禾,115.0
16701,,禾,115.0
16702,,禾,115.0
16703,,禾,115.0
16704,禾,禾,115.0
16705,禾,禾,115.0
16706,,禾,115.0
16707,,禾,115.0
16708,,禾,115.0
16709,,禾,115.0
16710,禾,禾,115.0
16711,,禾,115.0
16712,,禾,115.0
16713,,禾,115.0
16714,,禾,115.0
16715,,禾,115.0
16716,禾,禾,115.0
16717,,禾,115.0
16718,,禾,115.0
16719,,禾,115.0
16720,,禾,115.0
16721,,禾,115.0
16722,,禾,115.0
16723,𥝌,禾,115.0
16724,,禾,115.0
16725,,禾,115.0
16726,,禾,115.0
16727,,禾,115.0
16728,禾,禾,115.0
16729,,禾,115.0
16730,,禾,115.0
16731,,禾,115.0
16732,,禾,115.0
16733,,禾,115.0
16734,,禾,115.0
16735,,禾,115.0
16736,,禾,115.0
16737,,禾,115.0
16738,,禾,115.0
16739,禾,禾,115.0
16740,,禾,115.0
16741,禾,禾,115.0
16742,,禾,115.0
16743,,禾,115.0
16744,,禾,115.0
16745,𥝌,禾,115.0
16746,,,115.0
16747,,,115.0
16748,,禾,115.0
16749,禾,禾,115.0
16750,,禾,115.0
16751,,禾,115.0
16752,,禾,115.0
16753,,禾,115.0
16754,,禾,115.0
16755,,禾,115.0
16756,,禾,115.0
16757,禾,禾,115.0
16758,,禾,115.0
16759,,禾,115.0
16760,,禾,115.0
16761,,禾,115.0
16762,,禾,115.0
16763,,禾,115.0
16764,,禾,115.0
16765,,禾,115.0
16766,,禾,115.0
16767,,禾,115.0
16768,,禾,115.0
16769,,禾,115.0
16770,,禾,115.0
16771,禾,禾,115.0
16772,,禾,115.0
16773,禾,禾,115.0
16774,,,115.0
16775,,,115.0
16776,,禾,115.0
16777,,禾,115.0
16778,,禾,115.0
16779,,,115.0
16780,,,115.0
16781,,禾,115.0
16782,,禾,115.0
16783,禾,禾,115.0
16784,,禾,115.0
16785,,穴,116.0
16786,,,116.0
16787,,穴,116.0
16788,,穴,116.0
16789,穴,穴,116.0
16790,,穴,116.0
16791,,穴,116.0
16792,穴,穴,116.0
16793,,穴,116.0
16794,,穴,116.0
16795,,穴,116.0
16796,,穴,116.0
16797,,穴,116.0
16798,穴,穴,116.0
16799,,穴,116.0
16800,,穴,116.0
16801,宀,穴,116.0
16802,穴,穴,116.0
16803,,穴,116.0
16804,,穴,116.0
16805,,穴,116.0
16806,,穴,116.0
16807,,穴,116.0
16808,,穴,116.0
16809,,穴,116.0
16810,,穴,116.0
16811,穴,穴,116.0
16812,,穴,116.0
16813,,穴,116.0
16814,,水,116.0
16815,女,穴,116.0
16816,,穴,116.0
16817,,穴,116.0
16818,,穴,116.0
16819,穴,穴,116.0
16820,,,116.0
16821,,穴,116.0
16822,,穴,116.0
16823,穴,穴,116.0
16824,,穴,116.0
16825,,穴,116.0
16826,,穴,116.0
16827,,穴,116.0
16828,,穴,116.0
16829,,穴,116.0
16830,,穴,116.0
16831,㝱,穴,116.0
16832,,穴,116.0
16833,,穴,116.0
16834,䇂,立,117.0
16835,立,立,117.0
16836,,,117.0
16837,,立,117.0
16838,,,117.0
16839,,立,117.0
16840,,立,117.0
16841,,,117.0
16842,,,117.0
16843,,立,117.0
16844,,立,117.0
16845,,立,117.0
16846,立,立,117.0
16847,立,立,117.0
16848,立,立,117.0
16849,立,立,117.0
16850,,立,117.0
16851,立,立,117.0
16852,立,立,117.0
16853,,立,117.0
16854,,竹,118.0
16855,,竹,118.0
16856,竹,竹,118.0
16857,,竹,118.0
16858,,竹,118.0
16859,,竹,118.0
16860,,竹,118.0
16861,,,118.0
16862,,竹,118.0
16863,筋,竹,118.0
16864,,竹,118.0
16865,,竹,118.0
16866,,竹,118.0
16867,竹,竹,118.0
16868,,竹,118.0
16869,竹,竹,118.0
16870,,竹,118.0
16871,,竹,118.0
16872,竹,竹,118.0
16873,,竹,118.0
16874,,竹,118.0
16875,竹,竹,118.0
16876,竹,竹,118.0
16877,,竹,118.0
16878,,竹,118.0
16879,,竹,118.0
16880,,竹,118.0
16881,,竹,118.0
16882,,竹,118.0
16883,,竹,118.0
16884,,,118.0
16885,,竹,118.0
16886,,竹,118.0
16887,,竹,118.0
16888,,竹,118.0
16889,,竹,118.0
16890,,竹,118.0
16891,,竹,118.0
16892,,竹,118.0
16893,,竹,118.0
16894,,竹,118.0
16895,,,118.0
16896,竹,竹,118.0
16897,,竹,118.0
16898,,竹,118.0
16899,,竹,118.0
16900,,竹,118.0
16901,,竹,118.0
16902,,竹,118.0
16903,,竹,118.0
16904,,竹,118.0
16905,竹,竹,118.0
16906,,竹,118.0
16907,,竹,118.0
16908,,竹,118.0
16909,,竹,118.0
16910,竹,竹,118.0
16911,,竹,118.0
16912,,竹,118.0
16913,,竹,118.0
16914,,竹,118.0
16915,,竹,118.0
16916,,竹,118.0
16917,竹,竹,118.0
16918,,竹,118.0
16919,,竹,118.0
16920,,竹,118.0
16921,,竹,118.0
16922,竹,竹,118.0
16923,,竹,118.0
16924,,竹,118.0
16925,,竹,118.0
16926,亯,竹,118.0
16927,,竹,118.0
16928,,竹,118.0
16929,,竹,118.0
16930,,竹,118.0
16931,,竹,118.0
16932,,竹,118.0
16933,,竹,118.0
16934,,竹,118.0
16935,,竹,118.0
16936,,,118.0
16937,,,118.0
16938,,竹,118.0
16939,,竹,118.0
16940,,竹,118.0
16941,,竹,118.0
16942,,竹,118.0
16943,,竹,118.0
16944,竹,竹,118.0
16945,,竹,118.0
16946,,竹,118.0
16947,,竹,118.0
16948,,竹,118.0
16949,竹,竹,118.0
16950,,竹,118.0
16951,,竹,118.0
16952,,竹,118.0
16953,,竹,118.0
16954,,竹,118.0
16955,,竹,118.0
16956,,竹,118.0
16957,,竹,118.0
16958,,竹,118.0
16959,,竹,118.0
16960,,竹,118.0
16961,,竹,118.0
16962,,竹,118.0
16963,竹,竹,118.0
16964,,竹,118.0
16965,,竹,118.0
16966,,竹,118.0
16967,,,118.0
16968,,竹,118.0
16969,,竹,118.0
16970,,竹,118.0
16971,,竹,118.0
16972,,竹,118.0
16973,心,竹,118.0
16974,,竹,118.0
16975,,竹,118.0
16976,,竹,118.0
16977,,竹,118.0
16978,,竹,118.0
16979,,竹,118.0
16980,,竹,118.0
16981,,竹,118.0
16982,,竹,118.0
16983,,竹,118.0
16984,,竹,118.0
16985,,竹,118.0
16986,,竹,118.0
16987,竹,竹,118.0
16988,,竹,118.0
16989,,竹,118.0
16990,,竹,118.0
16991,,竹,118.0
16992,竹,竹,118.0
16993,,竹,118.0
16994,,竹,118.0
16995,,竹,118.0
16996,,竹,118.0
16997,,竹,118.0
16998,,竹,118.0
16999,竹,竹,118.0
17000,,竹,118.0
17001,,竹,118.0
17002,,竹,118.0
17003,,竹,118.0
17004,,竹,118.0
17005,,,118.0
17006,,竹,118.0
17007,,竹,118.0
17008,,竹,118.0
17009,,竹,118.0
17010,,竹,118.0
17011,,竹,118.0
17012,竹,竹,118.0
17013,食,食,184.0
17014,,竹,118.0
17015,竹,竹,118.0
17016,,竹,118.0
17017,,竹,118.0
17018,米,米,119.0
17019,,米,119.0
17020,,米,119.0
17021,,米,119.0
17022,米,米,119.0
17023,,米,119.0
17024,黍,米,119.0
17025,,米,119.0
17026,,米,119.0
17027,,米,119.0
17028,,米,119.0
17029,,米,119.0
17030,米,米,119.0
17031,,米,119.0
17032,,米,119.0
17033,,米,119.0
17034,,米,119.0
17035,,女,119.0
17036,,,119.0
17037,,米,119.0
17038,米,米,119.0
17039,,米,119.0
17040,,米,119.0
17041,,米,119.0
17042,,米,119.0
17043,,米,119.0
17044,,米,119.0
17045,,米,119.0
17046,,米,119.0
17047,,米,119.0
17048,,米,119.0
17049,,米,119.0
17050,,米,119.0
17051,米,米,119.0
17052,,米,119.0
17053,米,米,119.0
17054,,米,119.0
17055,,米,119.0
17056,米,米,119.0
17057,,米,119.0
17058,,,119.0
17059,,米,119.0
17060,米,米,119.0
17061,,米,119.0
17062,,米,119.0
17063,,米,119.0
17064,,米,119.0
17065,,米,119.0
17066,米,米,119.0
17067,,米,119.0
17068,,米,119.0
17069,,米,119.0
17070,米,米,119.0
17071,,米,119.0
17072,,米,119.0
17073,,米,119.0
17074,,米,119.0
17075,米,米,119.0
17076,,米,119.0
17077,,糸,120.0
17078,,糸,120.0
17079,,糸,120.0
17080,糸,糸,120.0
17081,,,120.0
17082,,糸,120.0
17083,,糸,120.0
17084,,糸,120.0
17085,,糸,120.0
17086,,糸,120.0
17087,,糸,120.0
17088,糸,糸,120.0
17089,,糸,120.0
17090,,糸,120.0
17091,,糸,120.0
17092,,糸,120.0
17093,,,120.0
17094,,,120.0
17095,,,120.0
17096,糸,糸,120.0
17097,糸,糸,120.0
17098,糸,糸,120.0
17099,,糸,120.0
17100,,糸,120.0
17101,,糸,120.0
17102,糸,糸,120.0
17103,,糸,120.0
17104,糸,糸,120.0
17105,,糸,120.0
17106,,糸,120.0
17107,,糸,120.0
17108,,糸,120.0
17109,糸,糸,120.0
17110,,糸,120.0
17111,,糸,120.0
17112,,糸,120.0
17113,,糸,120.0
17114,,糸,120.0
17115,糸,糸,120.0
17116,,糸,120.0
17117,,,120.0
17118,,糸,120.0
17119,,糸,120.0
17120,,糸,120.0
17121,,糸,120.0
17122,糸,糸,120.0
17123,糸,糸,120.0
17124,素,糸,120.0
17125,,糸,120.0
17126,,糸,120.0
17127,,糸,120.0
17128,糸,糸,120.0
17129,,糸,120.0
17130,,糸,120.0
17131,糸,糸,120.0
17132,,糸,120.0
17133,糸,糸,120.0
17134,糸,糸,120.0
17135,,糸,120.0
17136,糸,糸,120.0
17137,,糸,120.0
17138,,糸,120.0
17139,,糸,120.0
17140,,糸,120.0
17141,弦,糸,120.0
17142,糸,糸,120.0
17143,,糸,120.0
17144,,糸,120.0
17145,,糸,120.0
17146,,糸,120.0
17147,,糸,120.0
17148,糸,糸,120.0
17149,糸,糸,120.0
17150,,糸,120.0
17151,,糸,120.0
17152,,糸,120.0
17153,,糸,120.0
17154,,糸,120.0
17155,,糸,120.0
17156,糸,糸,120.0
17157,,糸,120.0
17158,,糸,120.0
17159,,糸,120.0
17160,,糸,120.0
17161,,糸,120.0
17162,,糸,120.0
17163,,,120.0
17164,糸,糸,120.0
17165,,糸,120.0
17166,,糸,120.0
17167,,糸,120.0
17168,,糸,120.0
17169,,糸,120.0
17170,,糸,120.0
17171,,糸,120.0
17172,,糸,120.0
17173,,糸,120.0
17174,糸,糸,120.0
17175,,糸,120.0
17176,,糸,120.0
17177,,糸,120.0
17178,,糸,120.0
17179,系,糸,120.0
17180,,糸,120.0
17181,,糸,120.0
17182,,糸,120.0
17183,,糸,120.0
17184,欠,糸,120.0
17185,,糸,120.0
17186,,糸,120.0
17187,,糸,120.0
17188,,糸,120.0
17189,,糸,120.0
17190,,糸,120.0
17191,,糸,120.0
17192,,糸,120.0
17193,,糸,120.0
17194,,糸,120.0
17195,,糸,120.0
17196,,糸,120.0
17197,,糸,120.0
17198,,糸,120.0
17199,,糸,120.0
17200,,糸,120.0
17201,,糸,120.0
17202,,糸,120.0
17203,糸,糸,120.0
17204,糸,糸,120.0
17205,,糸,120.0
17206,,糸,120.0
17207,糸,糸,120.0
17208,,糸,120.0
17209,,糸,120.0
17210,,糸,120.0
17211,,糸,120.0
17212,,糸,120.0
17213,,糸,120.0
17214,,糸,120.0
17215,,糸,120.0
17216,,糸,120.0
17217,,糸,120.0
17218,,缶,121.0
17219,缶,缶,121.0
17220,缶,缶,121.0
17221,,缶,121.0
17222,宁,缶,121.0
17223,缶,缶,121.0
17224,,缶,121.0
17225,,缶,121.0
17226,,缶,121.0
17227,缶,缶,121.0
17228,缶,缶,121.0
17229,缶,缶,121.0
17230,缶,缶,121.0
17231,网,,122.0
17232,网,网,122.0
17233,网,网,122.0
17234,,网,122.0
17235,,网,122.0
17236,,网,122.0
17237,,网,122.0
17238,网,网,122.0
17239,,网,122.0
17240,网,网,122.0
17241,网,网,122.0
17242,,网,122.0
17243,,网,122.0
17244,隹,网,122.0
17245,,网,122.0
17246,网,网,122.0
17247,,网,122.0
17248,,,122.0
17249,网,网,122.0
17250,,网,122.0
17251,,网,122.0
17252,,网,122.0
17253,,网,122.0
17254,,网,122.0
17255,羊,羊,123.0
17256,,羊,123.0
17257,食,羊,123.0
17258,,羊,123.0
17259,,羊,123.0
17260,,羊,123.0
17261,,羊,123.0
17262,羊,羊,123.0
17263,,羊,123.0
17264,羊,羊,123.0
17265,,羊,123.0
17266,,羊,123.0
17267,,羊,123.0
17268,羊,羊,123.0
17269,,羊,123.0
17270,,羊,123.0
17271,,羊,123.0
17272,,羊,123.0
17273,,羊,123.0
17274,,羊,123.0
17275,,羊,123.0
17276,,羊,123.0
17277,,羊,123.0
17278,,羽,124.0
17279,羽,羽,124.0
17280,,羽,124.0
17281,,羽,124.0
17282,,羽,124.0
17283,,羽,124.0
17284,,羽,124.0
17285,,羽,124.0
17286,,羽,124.0
17287,,羽,124.0
17288,,羽,124.0
17289,,羽,124.0
17290,,羽,124.0
17291,,羽,124.0
17292,,羽,124.0
17293,,羽,124.0
17294,,羽,124.0
17295,,羽,124.0
17296,,羽,124.0
17297,,羽,124.0
17298,,羽,124.0
17299,,羽,124.0
17300,,羽,124.0
17301,,羽,124.0
17302,,羽,124.0
17303,,羽,124.0
17304,,羽,124.0
17305,,羽,124.0
17306,,羽,124.0
17307,,,125.0
17308,,老,125.0
17309,,老,125.0
17310,,,125.0
17311,,而,126.0
17312,丸,而,126.0
17313,,而,126.0
17314,,耒,127.0
17315,,耒,127.0
17316,,耒,127.0
17317,,,127.0
17318,,耒,127.0
17319,,耒,127.0
17320,,耒,127.0
17321,,耒,127.0
17322,,耒,127.0
17323,,耒,127.0
17324,,耒,127.0
17325,,,127.0
17326,,耒,127.0
17327,,耒,127.0
17328,,耒,127.0
17329,,耒,127.0
17330,耳,,128.0
17331,耳,耳,128.0
17332,,耳,128.0
17333,,耳,128.0
17334,,耳,128.0
17335,,耳,128.0
17336,,耳,128.0
17337,,耳,128.0
17338,,耳,128.0
17339,,耳,128.0
17340,,耳,128.0
17341,耳,耳,128.0
17342,,,128.0
17343,,耳,128.0
17344,,耳,128.0
17345,耳,耳,128.0
17346,,耳,128.0
17347,,耳,128.0
17348,,耳,128.0
17349,,耳,128.0
17350,,耳,128.0
17351,,耳,128.0
17352,耳,耳,128.0
17353,,耳,128.0
17354,耳,耳,128.0
17355,𦘒,聿,129.0
17356,肉,肉,130.0
17357,肉,肉,130.0
17358,肉,肉,130.0
17359,,肉,130.0
17360,肉,肉,130.0
17361,,肉,130.0
17362,,肉,130.0
17363,,肉,130.0
17364,丑,肉,130.0
17365,食,肉,130.0
17366,肉,肉,130.0
17367,,肉,130.0
17368,,肉,130.0
17369,肉,肉,130.0
17370,,肉,130.0
17371,,肉,130.0
17372,,,130.0
17373,肉,肉,130.0
17374,,肉,130.0
17375,肉,肉,130.0
17376,,肉,130.0
17377,,肉,130.0
17378,,皮,130.0
17379,肉,肉,130.0
17380,,肉,130.0
17381,,肉,130.0
17382,,肉,130.0
17383,,肉,130.0
17384,,肉,130.0
17385,,肉,130.0
17386,,肉,130.0
17387,,肉,130.0
17388,,肉,130.0
17389,,,130.0
17390,,,130.0
17391,,肉,130.0
17392,肉,肉,130.0
17393,,肉,130.0
17394,,肉,130.0
17395,,肉,130.0
17396,,肉,130.0
17397,,肉,130.0
17398,,肉,130.0
17399,,肉,130.0
17400,,肉,130.0
17401,,肉,130.0
17402,,肉,130.0
17403,,肉,130.0
17404,,肉,130.0
17405,肉,肉,130.0
17406,,肉,130.0
17407,肉,肉,130.0
17408,,肉,130.0
17409,,肉,130.0
17410,,肉,130.0
17411,,肉,130.0
17412,肉,肉,130.0
17413,,肉,130.0
17414,,肉,130.0
17415,口,肉,130.0
17416,,肉,130.0
17417,,肉,130.0
17418,,肉,130.0
17419,,月,130.0
17420,,肉,130.0
17421,,肉,130.0
17422,,肉,130.0
17423,,肉,130.0
17424,,肉,130.0
17425,肉,肉,130.0
17426,,肉,130.0
17427,𦣻,肉,130.0
17428,,肉,130.0
17429,,肉,130.0
17430,,肉,130.0
17431,,肉,130.0
17432,,肉,130.0
17433,,肉,130.0
17434,,肉,130.0
17435,,肉,130.0
17436,肉,肉,130.0
17437,肉,肉,130.0
17438,肉,肉,130.0
17439,,肉,130.0
17440,,肉,130.0
17441,,肉,130.0
17442,,肉,130.0
17443,肉,肉,130.0
17444,,肉,130.0
17445,,肉,130.0
17446,,肉,130.0
17447,,肉,130.0
17448,,肉,130.0
17449,,肉,130.0
17450,,肉,130.0
17451,,肉,130.0
17452,,肉,130.0
17453,,肉,130.0
17454,,肉,130.0
17455,,肉,130.0
17456,,肉,130.0
17457,,肉,130.0
17458,,肉,130.0
17459,,肉,130.0
17460,,肉,130.0
17461,,肉,130.0
17462,,肉,130.0
17463,,肉,130.0
17464,,肉,130.0
17465,肉,肉,130.0
17466,,肉,130.0
17467,,肉,130.0
17468,,肉,130.0
17469,,肉,130.0
17470,,肉,130.0
17471,,肉,130.0
17472,,肉,130.0
17473,肉,肉,130.0
17474,,肉,130.0
17475,,肉,130.0
17476,,肉,130.0
17477,,肉,130.0
17478,,肉,130.0
17479,,肉,130.0
17480,,肉,130.0
17481,,肉,130.0
17482,,肉,130.0
17483,肉,肉,130.0
17484,,肉,130.0
17485,,肉,130.0
17486,,肉,130.0
17487,,肉,130.0
17488,,臣,131.0
17489,菐,臣,131.0
17490,,,133.0
17491,,至,133.0
17492,,臼,134.0
17493,鼠,鼠,134.0
17494,,,134.0
17495,,臼,134.0
17496,,臼,134.0
17497,,舌,135.0
17498,,舌,135.0
17499,,舌,135.0
17500,,舌,135.0
17501,,舛,136.0
17502,舜,舛,136.0
17503,,舛,136.0
17504,,舟,137.0
17505,,舟,137.0
17506,,舟,137.0
17507,舟,舟,137.0
17508,,舟,137.0
17509,,舟,137.0
17510,,舟,137.0
17511,,舟,137.0
17512,,舟,137.0
17513,,,137.0
17514,,舟,137.0
17515,,舟,137.0
17516,,舟,137.0
17517,,舟,137.0
17518,,,137.0
17519,,舟,137.0
17520,,舟,137.0
17521,,舟,137.0
17522,,舟,137.0
17523,,舟,137.0
17524,,舟,137.0
17525,,舟,137.0
17526,,舟,137.0
17527,,,137.0
17528,,,137.0
17529,木,舟,137.0
17530,,舟,137.0
17531,,舟,137.0
17532,,舟,137.0
17533,,舟,137.0
17534,,,137.0
17535,,舟,137.0
17536,,舟,137.0
17537,,舟,137.0
17538,,舟,137.0
17539,辵,舟,137.0
17540,,舟,137.0
17541,,目,137.0
17542,,舟,137.0
17543,,舟,137.0
17544,,舟,137.0
17545,,舟,137.0
17546,,色,139.0
17547,,色,139.0
17548,,色,139.0
17549,,色,139.0
17550,,色,139.0
17551,,色,139.0
17552,,色,139.0
17553,,,140.0
17554,,艸,140.0
17555,,艸,140.0
17556,,艸,140.0
17557,,艸,140.0
17558,,艸,140.0
17559,艸,艸,140.0
17560,,艸,140.0
17561,,,140.0
17562,,艸,140.0
17563,,艸,140.0
17564,,艸,140.0
17565,,艸,140.0
17566,艸,艸,140.0
17567,,艸,140.0
17568,,艸,140.0
17569,,艸,140.0
17570,艸,艸,140.0
17571,,艸,140.0
17572,,艸,140.0
17573,,艸,140.0
17574,艸,艸,140.0
17575,,艸,140.0
17576,艸,艸,140.0
17577,,艸,140.0
17578,,艸,140.0
17579,,艸,140.0
17580,,艸,140.0
17581,,竹,140.0
17582,,,140.0
17583,,,140.0
17584,,艸,140.0
17585,艸,艸,140.0
17586,,艸,140.0
17587,,艸,140.0
17588,,艸,140.0
17589,,艸,140.0
17590,,艸,140.0
17591,艸,艸,140.0
17592,艸,艸,140.0
17593,艸,艸,140.0
17594,堇,艸,140.0
17595,,艸,140.0
17596,艸,艸,140.0
17597,,艸,140.0
17598,,艸,140.0
17599,,肉,140.0
17600,,,140.0
17601,,竹,140.0
17602,,艸,140.0
17603,,艸,140.0
17604,艸,艸,140.0
17605,,艸,140.0
17606,,艸,140.0
17607,,艸,140.0
17608,,艸,140.0
17609,艸,艸,140.0
17610,艸,艸,140.0
17611,,艸,140.0
17612,,艸,140.0
17613,,艸,140.0
17614,,艸,140.0
17615,,艸,140.0
17616,,艸,140.0
17617,,艸,140.0
17618,,艸,140.0
17619,,,140.0
17620,,,140.0
17621,,,140.0
17622,艸,艸,140.0
17623,,艸,140.0
17624,,艸,140.0
17625,,艸,140.0
17626,,艸,140.0
17627,艸,艸,140.0
17628,艸,艸,140.0
17629,,艸,140.0
17630,艸,艸,140.0
17631,,艸,140.0
17632,,艸,140.0
17633,,艸,140.0
17634,艸,艸,140.0
17635,,艸,140.0
17636,,艸,140.0
17637,,艸,140.0
17638,,艸,140.0
17639,,二,140.0
17640,,,140.0
17641,,,140.0
17642,,,140.0
17643,,,140.0
17644,,,140.0
17645,,艸,140.0
17646,艸,艸,140.0
17647,,艸,140.0
17648,,艸,140.0
17649,,艸,140.0
17650,,艸,140.0
17651,,艸,140.0
17652,艸,艸,140.0
17653,,艸,140.0
17654,,艸,140.0
17655,,艸,140.0
17656,,艸,140.0
17657,,艸,140.0
17658,,艸,140.0
17659,,艸,140.0
17660,,艸,140.0
17661,,艸,140.0
17662,,艸,140.0
17663,艸,艸,140.0
17664,,艸,140.0
17665,,艸,140.0
17666,艸,艸,140.0
17667,艸,艸,140.0
17668,,艸,140.0
17669,,艸,140.0
17670,,艸,140.0
17671,艸,艸,140.0
17672,,艸,140.0
17673,,艸,140.0
17674,,艸,140.0
17675,,艸,140.0
17676,艸,艸,140.0
17677,,,140.0
17678,,艸,140.0
17679,艸,艸,140.0
17680,,艸,140.0
17681,,艸,140.0
17682,,艸,140.0
17683,,艸,140.0
17684,,艸,140.0
17685,,艸,140.0
17686,,艸,140.0
17687,,艸,140.0
17688,,艸,140.0
17689,,艸,140.0
17690,,艸,140.0
17691,,艸,140.0
17692,,艸,140.0
17693,,艸,140.0
17694,,艸,140.0
17695,艸,艸,140.0
17696,,艸,140.0
17697,,艸,140.0
17698,華,艸,140.0
17699,,艸,140.0
17700,,艸,140.0
17701,,艸,140.0
17702,,,140.0
17703,,,140.0
17704,,,140.0
17705,艸,,140.0
17706,,艸,140.0
17707,,,140.0
17708,艸,艸,140.0
17709,,艸,140.0
17710,,艸,140.0
17711,艸,艸,140.0
17712,艸,艸,140.0
17713,,艸,140.0
17714,,艸,140.0
17715,,艸,140.0
17716,艸,艸,140.0
17717,,艸,140.0
17718,,艸,140.0
17719,,艸,140.0
17720,,艸,140.0
17721,,艸,140.0
17722,艸,艸,140.0
17723,,艸,140.0
17724,,艸,140.0
17725,艸,艸,140.0
17726,,艸,140.0
17727,艸,艸,140.0
17728,,艸,140.0
17729,,艸,140.0
17730,,,140.0
17731,,,140.0
17732,,艸,140.0
17733,艸,艸,140.0
17734,,艸,140.0
17735,,艸,140.0
17736,,艸,140.0
17737,,艸,140.0
17738,,艸,140.0
17739,,艸,140.0
17740,,艸,140.0
17741,,艸,140.0
17742,,艸,140.0
17743,,艸,140.0
17744,,,140.0
17745,,艸,140.0
17746,,艸,140.0
17747,,艸,140.0
17748,,艸,140.0
17749,,艸,140.0
17750,,艸,140.0
17751,,艸,140.0
17752,,艸,140.0
17753,,艸,140.0
17754,,艸,140.0
17755,,艸,140.0
17756,,,140.0
17757,,艸,140.0
17758,,艸,140.0
17759,,艸,140.0
17760,,艸,140.0
17761,,艸,140.0
17762,,艸,140.0
17763,,艸,140.0
17764,,艸,140.0
17765,艸,艸,140.0
17766,,艸,140.0
17767,,艸,140.0
17768,,艸,140.0
17769,艸,艸,140.0
17770,,艸,140.0
17771,,艸,140.0
17772,艸,艸,140.0
17773,,艸,140.0
17774,艸,艸,140.0
17775,,艸,140.0
17776,,艸,140.0
17777,,艸,140.0
17778,,艸,140.0
17779,,艸,140.0
17780,,艸,140.0
17781,,艸,140.0
17782,,,140.0
17783,,,140.0
17784,禾,艸,140.0
17785,,艸,140.0
17786,艸,艸,140.0
17787,艸,艸,140.0
17788,艸,艸,140.0
17789,,艸,140.0
17790,,艸,140.0
17791,艸,艸,140.0
17792,艸,,140.0
17793,,艸,140.0
17794,艸,艸,140.0
17795,,艸,140.0
17796,,火,140.0
17797,,艸,140.0
17798,艸,艸,140.0
17799,,艸,140.0
17800,,虍,141.0
17801,,虍,141.0
17802,虎,虍,141.0
17803,,虍,141.0
17804,,虍,141.0
17805,虍,虍,141.0
17806,,虍,141.0
17807,,几,141.0
17808,虎,虍,141.0
17809,虎,虍,141.0
17810,䖒,虍,141.0
17811,,虍,141.0
17812,虎,虍,141.0
17813,,虍,141.0
17814,,虍,141.0
17815,,虍,141.0
17816,虎,虍,141.0
17817,,虍,141.0
17818,,虍,141.0
17819,,虍,141.0
17820,虤,虍,141.0
17821,虫,虫,142.0
17822,,虫,142.0
17823,䖵,虫,142.0
17824,,虫,142.0
17825,,虫,142.0
17826,,虫,142.0
17827,,虫,142.0
17828,,虫,142.0
17829,䖵,虫,142.0
17830,虫,虫,142.0
17831,,虫,142.0
17832,,虫,142.0
17833,,虫,142.0
17834,,虫,142.0
17835,,虫,142.0
17836,,,142.0
17837,,虫,142.0
17838,虫,虫,142.0
17839,虫,虫,142.0
17840,,虫,142.0
17841,,虫,142.0
17842,,虫,142.0
17843,,虫,142.0
17844,,虫,142.0
17845,䖵,虫,142.0
17846,,虫,142.0
17847,,虫,142.0
17848,䖵,虫,142.0
17849,虫,虫,142.0
17850,,虫,142.0
17851,,虫,142.0
17852,虫,虫,142.0
17853,,虫,142.0
17854,,,142.0
17855,,虫,142.0
17856,,虫,142.0
17857,,虫,142.0
17858,,虫,142.0
17859,,虫,142.0
17860,,虫,142.0
17861,,虫,142.0
17862,,虫,142.0
17863,虫,虫,142.0
17864,,虫,142.0
17865,,虫,142.0
17866,,虫,142.0
17867,,虫,142.0
17868,,虫,142.0
17869,䖵,虫,142.0
17870,,虫,142.0
17871,,虫,142.0
17872,虫,虫,142.0
17873,,虫,142.0
17874,,虫,142.0
17875,,虫,142.0
17876,,虫,142.0
17877,,虫,142.0
17878,,虫,142.0
17879,,虫,142.0
17880,,虫,142.0
17881,,虫,142.0
17882,,虫,142.0
17883,,虫,142.0
17884,,虫,142.0
17885,,虫,142.0
17886,,虫,142.0
17887,,虫,142.0
17888,,虫,142.0
17889,,虫,142.0
17890,,虫,142.0
17891,,虫,142.0
17892,,虫,142.0
17893,虫,虫,142.0
17894,,虫,142.0
17895,,虫,142.0
17896,,虫,142.0
17897,,虫,142.0
17898,,虫,142.0
17899,,虫,142.0
17900,䖵,虫,142.0
17901,,,142.0
17902,,虫,142.0
17903,,虫,142.0
17904,,虫,142.0
17905,,虫,142.0
17906,炎,虫,142.0
17907,,,142.0
17908,,,142.0
17909,,虫,142.0
17910,,虫,142.0
17911,,虫,142.0
17912,,虫,142.0
17913,,虫,142.0
17914,,虫,142.0
17915,,,142.0
17916,,虫,142.0
17917,,虫,142.0
17918,,虫,142.0
17919,,虫,142.0
17920,,虫,142.0
17921,,虫,142.0
17922,,虫,142.0
17923,,虫,142.0
17924,,虫,142.0
17925,,虫,142.0
17926,,虫,142.0
17927,,虫,142.0
17928,,虫,142.0
17929,,虫,142.0
17930,,虫,142.0
17931,,虫,142.0
17932,,虫,142.0
17933,虫,虫,142.0
17934,,虫,142.0
17935,血,血,143.0
17936,,血,143.0
17937,,血,143.0
17938,肉,血,143.0
17939,血,血,143.0
17940,,血,143.0
17941,,行,144.0
17942,,金,144.0
17943,,彳,144.0
17944,,行,144.0
17945,行,行,144.0
17946,衣,衣,145.0
17947,,,145.0
17948,,衣,145.0
17949,,衣,145.0
17950,,,145.0
17951,衣,衣,145.0
17952,,衣,145.0
17953,,衣,145.0
17954,,衣,145.0
17955,,衣,145.0
17956,,衣,145.0
17957,,衣,145.0
17958,,衣,145.0
17959,,,145.0
17960,,衣,145.0
17961,,衣,145.0
17962,,衣,145.0
17963,,衣,145.0
17964,,衣,145.0
17965,,衣,145.0
17966,,口,145.0
17967,,衣,145.0
17968,衣,衣,145.0
17969,衣,衣,145.0
17970,,,145.0
17971,衣,衣,145.0
17972,,衣,145.0
17973,,衣,145.0
17974,,衣,145.0
17975,,衣,145.0
17976,,衣,145.0
17977,,衣,145.0
17978,,衣,145.0
17979,,衣,145.0
17980,,衣,145.0
17981,,衣,145.0
17982,,衣,145.0
17983,,衣,145.0
17984,,衣,145.0
17985,,衣,145.0
17986,,衣,145.0
17987,衣,衣,145.0
17988,,衣,145.0
17989,,衣,145.0
17990,,衣,145.0
17991,,衣,145.0
17992,,衣,145.0
17993,,衣,145.0
17994,,,145.0
17995,,,145.0
17996,,衣,145.0
17997,,,145.0
17998,,衣,145.0
17999,,衣,145.0
18000,,衣,145.0
18001,,衣,145.0
18002,,衣,145.0
18003,,衣,145.0
18004,衣,衣,145.0
18005,,衣,145.0
18006,,衣,145.0
18007,衣,衣,145.0
18008,,衣,145.0
18009,,衣,145.0
18010,,衣,145.0
18011,,衣,145.0
18012,,,145.0
18013,衣,衣,145.0
18014,,衣,145.0
18015,衣,衣,145.0
18016,,衣,145.0
18017,,衣,145.0
18018,,衣,145.0
18019,,衣,145.0
18020,,衣,145.0
18021,,衣,145.0
18022,,衣,145.0
18023,,衣,145.0
18024,,衣,145.0
18025,,,145.0
18026,,衣,145.0
18027,,,145.0
18028,,衣,145.0
18029,,衣,145.0
18030,,衣,145.0
18031,,衣,145.0
18032,,衣,145.0
18033,,衣,145.0
18034,,襾,146.0
18035,,火,146.0
18036,舁,襾,146.0
18037,西,襾,146.0
18038,,,146.0
18039,見,見,147.0
18040,,見,147.0
18041,,見,147.0
18042,,見,147.0
18043,見,,147.0
18044,,見,147.0
18045,,見,147.0
18046,見,見,147.0
18047,,見,147.0
18048,,見,147.0
18049,,見,147.0
18050,,見,147.0
18051,見,見,147.0
18052,見,見,147.0
18053,見,見,147.0
18054,,見,147.0
18055,,見,147.0
18056,,見,147.0
18057,,見,147.0
18058,,見,147.0
18059,見,見,147.0
18060,,見,147.0
18061,,見,147.0
18062,見,見,147.0
18063,,見,147.0
18064,見,見,147.0
18065,,見,147.0
18066,,見,147.0
18067,,見,147.0
18068,見,見,147.0
18069,見,見,147.0
18070,,見,147.0
18071,角,角,148.0
18072,,角,148.0
18073,角,角,148.0
18074,,角,148.0
18075,,角,148.0
18076,,角,148.0
18077,,角,148.0
18078,,角,148.0
18079,,角,148.0
18080,,角,148.0
18081,角,角,148.0
18082,,角,148.0
18083,,角,148.0
18084,,,148.0
18085,角,角,148.0
18086,角,角,148.0
18087,,角,148.0
18088,角,角,148.0
18089,,角,148.0
18090,,角,148.0
18091,角,角,148.0
18092,,角,148.0
18093,角,角,148.0
18094,言,言,149.0
18095,,言,149.0
18096,,言,149.0
18097,,言,149.0
18098,,言,149.0
18099,,言,149.0
18100,,言,149.0
18101,,言,149.0
18102,,言,149.0
18103,,言,149.0
18104,,言,149.0
18105,,言,149.0
18106,,言,149.0
18107,言,言,149.0
18108,,言,149.0
18109,,言,149.0
18110,,言,149.0
18111,,言,149.0
18112,,言,149.0
18113,言,言,149.0
18114,,言,149.0
18115,,言,149.0
18116,言,言,149.0
18117,,言,149.0
18118,言,言,149.0
18119,,言,149.0
18120,,言,149.0
18121,,言,149.0
18122,,言,149.0
18123,,言,149.0
18124,言,言,149.0
18125,,言,149.0
18126,,言,149.0
18127,,言,149.0
18128,司,言,149.0
18129,,言,149.0
18130,,言,149.0
18131,,,149.0
18132,,言,149.0
18133,言,言,149.0
18134,言,言,149.0
18135,言,言,149.0
18136,,言,149.0
18137,,言,149.0
18138,,言,149.0
18139,,言,149.0
18140,言,言,149.0
18141,,言,149.0
18142,,言,149.0
18143,,言,149.0
18144,,言,149.0
18145,言,言,149.0
18146,,言,149.0
18147,,言,149.0
18148,,言,149.0
18149,,言,149.0
18150,言,言,149.0
18151,,言,149.0
18152,,言,149.0
18153,言,言,149.0
18154,,言,149.0
18155,,言,149.0
18156,言,言,149.0
18157,,言,149.0
18158,,言,149.0
18159,,言,149.0
18160,,言,149.0
18161,,言,149.0
18162,,言,149.0
18163,,言,149.0
18164,,言,149.0
18165,,言,149.0
18166,言,言,149.0
18167,,言,149.0
18168,,言,149.0
18169,,言,149.0
18170,,言,149.0
18171,厶,言,149.0
18172,,言,149.0
18173,,言,149.0
18174,,言,149.0
18175,,言,149.0
18176,,言,149.0
18177,言,言,149.0
18178,,言,149.0
18179,,言,149.0
18180,言,言,149.0
18181,,言,149.0
18182,,言,149.0
18183,,言,149.0
18184,,言,149.0
18185,,言,149.0
18186,,言,149.0
18187,言,言,149.0
18188,言,言,149.0
18189,,言,149.0
18190,,言,149.0
18191,言,言,149.0
18192,言,言,149.0
18193,,言,149.0
18194,,言,149.0
18195,,言,149.0
18196,,言,149.0
18197,言,言,149.0
18198,,言,149.0
18199,,言,149.0
18200,言,言,149.0
18201,,言,149.0
18202,言,言,149.0
18203,言,言,149.0
18204,,言,149.0
18205,,言,149.0
18206,,言,149.0
18207,,言,149.0
18208,,言,149.0
18209,,言,149.0
18210,,言,149.0
18211,,言,149.0
18212,,,149.0
18213,,,149.0
18214,,,149.0
18215,,言,149.0
18216,,,149.0
18217,,言,149.0
18218,,谷,150.0
18219,,谷,150.0
18220,,谷,150.0
18221,谷,谷,150.0
18222,,谷,150.0
18223,,谷,150.0
18224,,谷,150.0
18225,,谷,150.0
18226,,谷,150.0
18227,,,151.0
18228,,豆,151.0
18229,,豆,151.0
18230,,豆,151.0
18231,,豆,151.0
18232,,豆,151.0
18233,,豆,151.0
18234,,豆,151.0
18235,,豆,151.0
18236,,豆,151.0
18237,,豆,151.0
18238,,豆,151.0
18239,,豆,151.0
18240,,豆,151.0
18241,,豆,151.0
18242,臤,豆,151.0
18243,,豆,151.0
18244,,豆,151.0
18245,,豕,152.0
18246,㣇,豕,152.0
18247,,豕,152.0
18248,,豕,152.0
18249,艸,艸,152.0
18250,,豕,152.0
18251,,豕,152.0
18252,,豕,152.0
18253,,豕,152.0
18254,,豕,152.0
18255,,豕,152.0
18256,豕,豕,152.0
18257,,豕,152.0
18258,,豕,152.0
18259,髟,豕,152.0
18260,,豕,152.0
18261,,豕,152.0
18262,,豸,153.0
18263,,豸,153.0
18264,,豸,153.0
18265,,豸,153.0
18266,,豸,153.0
18267,,豸,153.0
18268,犬,豸,153.0
18269,犬,豸,153.0
18270,,豸,153.0
18271,犬,豸,153.0
18272,,豸,153.0
18273,,豸,153.0
18274,犬,豸,153.0
18275,,豸,153.0
18276,,豸,153.0
18277,,豸,153.0
18278,,豸,153.0
18279,,貝,154.0
18280,,貝,154.0
18281,,貝,154.0
18282,貝,貝,154.0
18283,,貝,154.0
18284,,貝,154.0
18285,,貝,154.0
18286,,貝,154.0
18287,貝,貝,154.0
18288,,貝,154.0
18289,,貝,154.0
18290,,貝,154.0
18291,𣦼,貝,154.0
18292,,貝,154.0
18293,,貝,154.0
18294,,貝,154.0
18295,,貝,154.0
18296,,貝,154.0
18297,,貝,154.0
18298,,貝,154.0
18299,,貝,154.0
18300,,貝,154.0
18301,,貝,154.0
18302,貝,貝,154.0
18303,貝,貝,154.0
18304,,貝,154.0
18305,,貝,154.0
18306,,貝,154.0
18307,,貝,154.0
18308,,貝,154.0
18309,,貝,154.0
18310,,貝,154.0
18311,,,154.0
18312,貝,貝,154.0
18313,,貝,154.0
18314,,,154.0
18315,,貝,154.0
18316,,,154.0
18317,,貝,154.0
18318,,,154.0
18319,,,154.0
18320,,貝,154.0
18321,,赤,155.0
18322,,赤,155.0
18323,赤,赤,155.0
18324,,赤,155.0
18325,,赤,155.0
18326,,走,156.0
18327,走,走,156.0
18328,走,走,156.0
18329,,走,156.0
18330,走,走,156.0
18331,,走,156.0
18332,,走,156.0
18333,,走,156.0
18334,,走,156.0
18335,,走,156.0
18336,,走,156.0
18337,,走,156.0
18338,,走,156.0
18339,走,走,156.0
18340,走,走,156.0
18341,走,走,156.0
18342,,走,156.0
18343,,走,156.0
18344,走,走,156.0
18345,,走,156.0
18346,走,走,156.0
18347,,走,156.0
18348,,走,156.0
18349,走,走,156.0
18350,,走,156.0
18351,,走,156.0
18352,,走,156.0
18353,,走,156.0
18354,,,156.0
18355,走,走,156.0
18356,,走,156.0
18357,,走,156.0
18358,,走,156.0
18359,,走,156.0
18360,走,走,156.0
18361,,走,156.0
18362,,走,156.0
18363,,走,156.0
18364,,走,156.0
18365,,走,156.0
18366,走,走,156.0
18367,走,走,156.0
18368,,走,156.0
18369,,走,156.0
18370,走,走,156.0
18371,,走,156.0
18372,,走,156.0
18373,走,走,156.0
18374,走,走,156.0
18375,走,走,156.0
18376,走,走,156.0
18377,走,走,156.0
18378,,走,156.0
18379,,走,156.0
18380,,走,156.0
18381,走,走,156.0
18382,,走,156.0
18383,走,走,156.0
18384,,走,156.0
18385,走,走,156.0
18386,走,走,156.0
18387,,足,157.0
18388,足,足,157.0
18389,,足,157.0
18390,,足,157.0
18391,足,足,157.0
18392,,足,157.0
18393,,足,157.0
18394,,足,157.0
18395,,足,157.0
18396,,足,157.0
18397,,足,157.0
18398,,足,157.0
18399,,足,157.0
18400,足,足,157.0
18401,,足,157.0
18402,,足,157.0
18403,,足,157.0
18404,,足,157.0
18405,,足,157.0
18406,,足,157.0
18407,,足,157.0
18408,,足,157.0
18409,,足,157.0
18410,,足,157.0
18411,止,足,157.0
18412,,足,157.0
18413,,足,157.0
18414,,足,157.0
18415,,足,157.0
18416,,足,157.0
18417,,辵,157.0
18418,,,157.0
18419,,,157.0
18420,足,足,157.0
18421,,足,157.0
18422,,足,157.0
18423,,足,157.0
18424,足,足,157.0
18425,,足,157.0
18426,足,足,157.0
18427,,足,157.0
18428,,足,157.0
18429,𠫓,足,157.0
18430,,足,157.0
18431,,足,157.0
18432,,足,157.0
18433,足,足,157.0
18434,林,足,157.0
18435,,足,157.0
18436,,足,157.0
18437,足,足,157.0
18438,,足,157.0
18439,,足,157.0
18440,,足,157.0
18441,,足,157.0
18442,足,足,157.0
18443,骨,足,157.0
18444,,,157.0
18445,足,足,157.0
18446,,足,157.0
18447,,足,157.0
18448,,足,157.0
18449,,足,157.0
18450,,足,157.0
18451,走,足,157.0
18452,,足,157.0
18453,,足,157.0
18454,,,157.0
18455,,足,157.0
18456,,足,157.0
18457,,足,157.0
18458,,足,157.0
18459,足,足,157.0
18460,,足,157.0
18461,,足,157.0
18462,足,足,157.0
18463,足,足,157.0
18464,,足,157.0
18465,,足,157.0
18466,,足,157.0
18467,网,足,157.0
18468,,足,157.0
18469,足,足,157.0
18470,,足,157.0
18471,足,足,157.0
18472,,足,157.0
18473,,足,157.0
18474,足,足,157.0
18475,,足,157.0
18476,,足,157.0
18477,,足,157.0
18478,,足,157.0
18479,,足,157.0
18480,,足,157.0
18481,,足,157.0
18482,,身,158.0
18483,,身,158.0
18484,,身,158.0
18485,,身,158.0
18486,矢,矢,158.0
18487,,身,158.0
18488,,身,158.0
18489,,身,158.0
18490,,,158.0
18491,,身,158.0
18492,,身,158.0
18493,,身,158.0
18494,,身,158.0
18495,,身,158.0
18496,,身,158.0
18497,,身,158.0
18498,,車,159.0
18499,,車,159.0
18500,,車,159.0
18501,車,車,159.0
18502,,車,159.0
18503,車,車,159.0
18504,車,車,159.0
18505,,車,159.0
18506,車,車,159.0
18507,,車,159.0
18508,,車,159.0
18509,,車,159.0
18510,,車,159.0
18511,,車,159.0
18512,,車,159.0
18513,,車,159.0
18514,,車,159.0
18515,車,車,159.0
18516,車,車,159.0
18517,車,車,159.0
18518,,車,159.0
18519,,車,159.0
18520,車,車,159.0
18521,,車,159.0
18522,,車,159.0
18523,,車,159.0
18524,,車,159.0
18525,車,車,159.0
18526,車,車,159.0
18527,,車,159.0
18528,,車,159.0
18529,,車,159.0
18530,,車,159.0
18531,車,車,159.0
18532,,車,159.0
18533,,車,159.0
18534,,車,159.0
18535,,車,159.0
18536,車,車,159.0
18537,車,車,159.0
18538,,車,159.0
18539,,車,159.0
18540,車,車,159.0
18541,,車,159.0
18542,車,車,159.0
18543,,車,159.0
18544,車,車,159.0
18545,,車,159.0
18546,,車,159.0
18547,,車,159.0
18548,車,車,159.0
18549,,車,159.0
18550,,車,159.0
18551,,車,159.0
18552,,,159.0
18553,,車,159.0
18554,,車,159.0
18555,,車,159.0
18556,車,車,159.0
18557,,車,159.0
18558,車,車,159.0
18559,車,車,159.0
18560,,車,159.0
18561,,車,159.0
18562,,,159.0
18563,辟,辛,160.0
18564,𣎳,辛,160.0
18565,䢅,辰,161.0
18566,,辰,161.0
18567,,辰,161.0
18568,會,辰,161.0
18569,䢅,辰,161.0
18570,,辵,162.0
18571,丌,辵,162.0
18572,辵,辵,162.0
18573,,辵,162.0
18574,,辵,162.0
18575,,,162.0
18576,辵,辵,162.0
18577,辵,辵,162.0
18578,辵,辵,162.0
18579,,辵,162.0
18580,辵,辵,162.0
18581,,辵,162.0
18582,,辵,162.0
18583,,辵,162.0
18584,,,162.0
18585,辵,辵,162.0
18586,,辵,162.0
18587,,辵,162.0
18588,,辵,162.0
18589,,辵,162.0
18590,,辵,162.0
18591,,辵,162.0
18592,辵,辵,162.0
18593,辵,辵,162.0
18594,,辵,162.0
18595,,辵,162.0
18596,辵,辵,162.0
18597,,辵,162.0
18598,辵,辵,162.0
18599,,辵,162.0
18600,,辵,162.0
18601,,辵,162.0
18602,,辵,162.0
18603,辵,辵,162.0
18604,,辵,162.0
18605,辵,辵,162.0
18606,,辵,162.0
18607,辵,辵,162.0
18608,,辵,162.0
18609,辵,辵,162.0
18610,,辵,162.0
18611,邑,邑,163.0
18612,,邑,163.0
18613,,邑,163.0
18614,,邑,163.0
18615,,,163.0
18616,邑,邑,163.0
18617,,邑,163.0
18618,,,163.0
18619,邑,邑,163.0
18620,,邑,163.0
18621,𨛜,邑,163.0
18622,,邑,163.0
18623,,邑,163.0
18624,,邑,163.0
18625,邑,邑,163.0
18626,邑,邑,163.0
18627,,,163.0
18628,邑,邑,163.0
18629,,邑,163.0
18630,,邑,163.0
18631,邑,邑,163.0
18632,𨛜,邑,163.0
18633,,,163.0
18634,邑,邑,163.0
18635,,邑,163.0
18636,,邑,163.0
18637,邑,邑,163.0
18638,,邑,163.0
18639,,邑,163.0
18640,,邑,163.0
18641,,邑,163.0
18642,,,163.0
18643,,邑,163.0
18644,,邑,163.0
18645,邑,邑,163.0
18646,邑,邑,163.0
18647,,邑,163.0
18648,邑,邑,163.0
18649,邑,邑,163.0
18650,邑,邑,163.0
18651,邑,邑,163.0
18652,邑,邑,163.0
18653,邑,邑,163.0
18654,邑,邑,163.0
18655,,邑,163.0
18656,,邑,163.0
18657,邑,邑,163.0
18658,邑,邑,163.0
18659,,邑,163.0
18660,,邑,163.0
18661,,酉,164.0
18662,,酉,164.0
18663,酉,酉,164.0
18664,,酉,164.0
18665,,酉,164.0
18666,酉,酉,164.0
18667,,酉,164.0
18668,,酉,164.0
18669,,,164.0
18670,,酉,164.0
18671,,酉,164.0
18672,酉,酉,164.0
18673,酉,酉,164.0
18674,酉,酉,164.0
18675,,酉,164.0
18676,,酉,164.0
18677,酉,酉,164.0
18678,,酉,164.0
18679,,酉,164.0
18680,酉,酉,164.0
18681,,酉,164.0
18682,酉,酉,164.0
18683,,酉,164.0
18684,酉,酉,164.0
18685,酉,酉,164.0
18686,,酉,164.0
18687,,酉,164.0
18688,,,164.0
18689,酉,酉,164.0
18690,,酉,164.0
18691,,酉,164.0
18692,,酉,164.0
18693,酉,酉,164.0
18694,,酉,164.0
18695,,酉,164.0
18696,,酉,164.0
18697,酉,酉,164.0
18698,酉,酉,164.0
18699,,酉,164.0
18700,,,164.0
18701,,酉,164.0
18702,酉,酉,164.0
18703,土,酉,164.0
18704,酉,酉,164.0
18705,,酉,164.0
18706,,酉,164.0
18707,酉,酉,164.0
18708,酉,酉,164.0
18709,,酉,164.0
18710,,酉,164.0
18711,酉,酉,164.0
18712,酉,酉,164.0
18713,,酉,164.0
18714,,里,166.0
18715,,金,167.0
18716,金,金,167.0
18717,,金,167.0
18718,,金,167.0
18719,金,金,167.0
18720,,,167.0
18721,,金,167.0
18722,,金,167.0
18723,,金,167.0
18724,,金,167.0
18725,金,金,167.0
18726,,金,167.0
18727,,金,167.0
18728,金,金,167.0
18729,,金,167.0
18730,,金,167.0
18731,,金,167.0
18732,,金,167.0
18733,,金,167.0
18734,,金,167.0
18735,金,金,167.0
18736,,金,167.0
18737,,金,167.0
18738,,,167.0
18739,,金,167.0
18740,,金,167.0
18741,,金,167.0
18742,,金,167.0
18743,,金,167.0
18744,金,金,167.0
18745,金,金,167.0
18746,,金,167.0
18747,,金,167.0
18748,,,167.0
18749,,金,167.0
18750,,金,167.0
18751,,金,167.0
18752,,金,167.0
18753,,金,167.0
18754,,金,167.0
18755,,金,167.0
18756,,金,167.0
18757,琴,金,167.0
18758,琴,金,167.0
18759,,,167.0
18760,,金,167.0
18761,,金,167.0
18762,,金,167.0
18763,,金,167.0
18764,,金,167.0
18765,金,金,167.0
18766,,金,167.0
18767,金,金,167.0
18768,,金,167.0
18769,,金,167.0
18770,,金,167.0
18771,,,167.0
18772,,金,167.0
18773,金,金,167.0
18774,,金,167.0
18775,,金,167.0
18776,金,金,167.0
18777,金,金,167.0
18778,,金,167.0
18779,,,167.0
18780,,,167.0
18781,金,金,167.0
18782,,金,167.0
18783,,金,167.0
18784,,金,167.0
18785,,金,167.0
18786,,金,167.0
18787,,金,167.0
18788,,金,167.0
18789,,金,167.0
18790,,,167.0
18791,,金,167.0
18792,,金,167.0
18793,,金,167.0
18794,,金,167.0
18795,,金,167.0
18796,,金,167.0
18797,,金,167.0
18798,,金,167.0
18799,金,金,167.0
18800,,金,167.0
18801,,金,167.0
18802,,,167.0
18803,,,167.0
18804,,金,167.0
18805,金,金,167.0
18806,,金,167.0
18807,,金,167.0
18808,,金,167.0
18809,,,167.0
18810,金,金,167.0
18811,,,167.0
18812,,,167.0
18813,金,金,167.0
18814,,金,167.0
18815,,,167.0
18816,,,167.0
18817,,,167.0
18818,,,167.0
18819,,金,167.0
18820,,,167.0
18821,,,167.0
18822,金,金,167.0
18823,,長,168.0
18824,,長,168.0
18825,,,168.0
18826,,長,168.0
18827,,長,168.0
18828,,門,169.0
18829,,門,169.0
18830,,門,169.0
18831,門,門,169.0
18832,,門,169.0
18833,,門,169.0
18834,,門,169.0
18835,,門,169.0
18836,,門,169.0
18837,,門,169.0
18838,,門,169.0
18839,,門,169.0
18840,,門,169.0
18841,,門,169.0
18842,,門,169.0
18843,,手,169.0
18844,,門,169.0
18845,,門,169.0
18846,,門,169.0
18847,,門,169.0
18848,,門,169.0
18849,,門,169.0
18850,,門,169.0
18851,,門,169.0
18852,,門,169.0
18853,,門,169.0
18854,,門,169.0
18855,鬥,鬥,169.0
18856,,,169.0
18857,𥄎,門,169.0
18858,門,門,169.0
18859,,門,169.0
18860,,門,169.0
18861,,門,169.0
18862,,門,169.0
18863,,門,169.0
18864,,鬥,169.0
18865,門,門,169.0
18866,門,門,169.0
18867,門,門,169.0
18868,,門,169.0
18869,鬥,門,169.0
18870,,,169.0
18871,,,169.0
18872,,,169.0
18873,,阜,170.0
18874,阜,阜,170.0
18875,,阜,170.0
18876,𨺅,阜,170.0
18877,,阜,170.0
18878,,阜,170.0
18879,,,170.0
18880,,,170.0
18881,,阜,170.0
18882,,阜,170.0
18883,,阜,170.0
18884,,阜,170.0
18885,,阜,170.0
18886,,阜,170.0
18887,阜,阜,170.0
18888,,,170.0
18889,,阜,170.0
18890,阜,阜,170.0
18891,,阜,170.0
18892,,阜,170.0
18893,,阜,170.0
18894,,阜,170.0
18895,,阜,170.0
18896,,阜,170.0
18897,,阜,170.0
18898,,阜,170.0
18899,,阜,170.0
18900,,阜,170.0
18901,,阜,170.0
18902,阜,阜,170.0
18903,,阜,170.0
18904,阜,阜,170.0
18905,,阜,170.0
18906,,阜,170.0
18907,,阜,170.0
18908,,阜,170.0
18909,,阜,170.0
18910,,阜,170.0
18911,,阜,170.0
18912,,阜,170.0
18913,,阜,170.0
18914,阜,阜,170.0
18915,,阜,170.0
18916,,阜,170.0
18917,,阜,170.0
18918,阜,阜,170.0
18919,,阜,170.0
18920,,阜,170.0
18921,,,170.0
18922,,阜,170.0
18923,,阜,170.0
18924,,阜,170.0
18925,,,170.0
18926,,阜,170.0
18927,,阜,170.0
18928,阜,阜,170.0
18929,,隹,172.0
18930,,隹,172.0
18931,隹,隹,172.0
18932,隹,隹,172.0
18933,,隹,172.0
18934,,隹,172.0
18935,,隹,172.0
18936,,隹,172.0
18937,隹,隹,172.0
18938,,隹,172.0
18939,,隹,172.0
18940,,隹,172.0
18941,,隹,172.0
18942,,隹,172.0
18943,烏,隹,172.0
18944,,米,119.0
18945,,隹,172.0
18946,,隹,172.0
18947,,,172.0
18948,隹,隹,172.0
18949,,隹,172.0
18950,,隹,172.0
18951,,隹,172.0
18952,,隹,172.0
18953,,隹,172.0
18954,雥,隹,172.0
18955,,雨,173.0
18956,,雨,173.0
18957,,雨,173.0
18958,,雨,173.0
18959,,雨,173.0
18960,,雨,173.0
18961,,雨,173.0
18962,雨,雨,173.0
18963,,雨,173.0
18964,,雨,173.0
18965,,雨,173.0
18966,,雨,173.0
18967,,雨,173.0
18968,雨,雨,173.0
18969,,雨,173.0
18970,,雨,173.0
18971,,雨,173.0
18972,,雨,173.0
18973,,雨,173.0
18974,雨,雨,173.0
18975,,雨,173.0
18976,,雨,173.0
18977,雨,雨,173.0
18978,,雨,173.0
18979,雨,雨,173.0
18980,,雨,173.0
18981,,雨,173.0
18982,,雨,173.0
18983,,雨,173.0
18984,,雨,173.0
18985,,雨,173.0
18986,,雨,173.0
18987,,雨,173.0
18988,,雨,173.0
18989,,雨,173.0
18990,雨,雨,173.0
18991,,雨,173.0
18992,,雨,173.0
18993,,雨,173.0
18994,,雨,173.0
18995,覞,雨,173.0
18996,雨,雨,173.0
18997,,雨,173.0
18998,雨,,173.0
18999,雨,雨,173.0
19000,,雨,173.0
19001,,雨,173.0
19002,,雨,173.0
19003,,雨,173.0
19004,,靑,174.0
19005,非,非,175.0
19006,厂,非,175.0
19007,,非,175.0
19008,,非,175.0
19009,毳,非,175.0
19010,,面,176.0
19011,,面,176.0
19012,,面,176.0
19013,,面,176.0
19014,,面,176.0
19015,,面,176.0
19016,,面,176.0
19017,面,面,176.0
19018,,面,176.0
19019,,面,176.0
19020,面,面,176.0
19021,,面,176.0
19022,,,176.0
19023,,面,176.0
19024,,革,177.0
19025,,革,177.0
19026,革,革,177.0
19027,,革,177.0
19028,,革,177.0
19029,革,革,177.0
19030,,革,177.0
19031,,革,177.0
19032,,革,177.0
19033,,革,177.0
19034,,革,177.0
19035,革,革,177.0
19036,冃,革,177.0
19037,,革,177.0
19038,革,革,177.0
19039,,革,177.0
19040,,革,177.0
19041,革,革,177.0
19042,,革,177.0
19043,,革,177.0
19044,革,革,177.0
19045,,革,177.0
19046,,革,177.0
19047,,革,177.0
19048,,革,177.0
19049,革,革,177.0
19050,革,革,177.0
19051,,革,177.0
19052,,革,177.0
19053,,革,177.0
19054,,革,177.0
19055,革,革,177.0
19056,,革,177.0
19057,,革,177.0
19058,,革,177.0
19059,,革,177.0
19060,,革,177.0
19061,革,革,177.0
19062,革,革,177.0
19063,,革,177.0
19064,革,革,177.0
19065,,革,177.0
19066,,革,177.0
19067,,革,177.0
19068,,革,177.0
19069,,革,177.0
19070,,革,177.0
19071,鼓,革,177.0
19072,,革,177.0
19073,,革,177.0
19074,,革,177.0
19075,,革,177.0
19076,,革,177.0
19077,,革,177.0
19078,,革,177.0
19079,,革,177.0
19080,,革,177.0
19081,,革,177.0
19082,,革,177.0
19083,,革,177.0
19084,,革,177.0
19085,,革,177.0
19086,革,革,177.0
19087,,韋,178.0
19088,,韋,178.0
19089,,韋,178.0
19090,,韋,178.0
19091,,韋,178.0
19092,,韋,178.0
19093,,韋,178.0
19094,,韋,178.0
19095,韋,韋,178.0
19096,是,韋,178.0
19097,韋,韋,178.0
19098,,韋,178.0
19099,,韋,178.0
19100,,韋,178.0
19101,,韋,178.0
19102,,韭,179.0
19103,,,179.0
19104,韭,齊,179.0
19105,韭,韭,179.0
19106,韭,,179.0
19107,韭,齊,179.0
19108,韭,韭,179.0
19109,韭,韭,179.0
19110,,音,180.0
19111,,音,180.0
19112,,音,180.0
19113,口,音,180.0
19114,,,180.0
19115,,音,180.0
19116,,音,180.0
19117,,音,180.0
19118,,音,180.0
19119,,音,180.0
19120,,音,180.0
19121,,頁,181.0
19122,,頁,181.0
19123,頁,頁,181.0
19124,頁,頁,181.0
19125,,頁,181.0
19126,,頁,181.0
19127,,頁,181.0
19128,,頁,181.0
19129,頁,頁,181.0
19130,,頁,181.0
19131,,頁,181.0
19132,頁,頁,181.0
19133,,頁,181.0
19134,頁,頁,181.0
19135,,頁,181.0
19136,頁,頁,181.0
19137,,頁,181.0
19138,,頁,181.0
19139,肉,頁,181.0
19140,,頁,181.0
19141,,頁,181.0
19142,,頁,181.0
19143,須,頁,181.0
19144,,頁,181.0
19145,皃,頁,181.0
19146,,頁,181.0
19147,,頁,181.0
19148,頁,頁,181.0
19149,,頁,181.0
19150,,頁,181.0
19151,頁,頁,181.0
19152,,頁,181.0
19153,,頁,181.0
19154,頁,頁,181.0
19155,,頁,181.0
19156,頁,頁,181.0
19157,,頁,181.0
19158,,頁,181.0
19159,,頁,181.0
19160,,頁,181.0
19161,,頁,181.0
19162,,頁,181.0
19163,,頁,181.0
19164,,頁,181.0
19165,,頁,181.0
19166,頁,頁,181.0
19167,頁,頁,181.0
19168,須,頁,181.0
19169,頁,頁,181.0
19170,,頁,181.0
19171,,頁,181.0
19172,,頁,181.0
19173,頁,頁,181.0
19174,,頁,181.0
19175,,頁,181.0
19176,頁,頁,181.0
19177,,頁,181.0
19178,,頁,181.0
19179,,頁,181.0
19180,,頁,181.0
19181,,頁,181.0
19182,,頁,181.0
19183,,頁,181.0
19184,頁,頁,181.0
19185,,頁,181.0
19186,頁,頁,181.0
19187,,頁,181.0
19188,,頁,181.0
19189,,頁,181.0
19190,頁,頁,181.0
19191,,頁,181.0
19192,,風,182.0
19193,,風,182.0
19194,,風,182.0
19195,風,風,182.0
19196,,風,182.0
19197,,風,182.0
19198,,風,182.0
19199,,風,182.0
19200,,風,182.0
19201,,風,182.0
19202,,風,182.0
19203,風,風,182.0
19204,,風,182.0
19205,,風,182.0
19206,風,風,182.0
19207,,風,182.0
19208,,風,182.0
19209,,風,182.0
19210,,風,182.0
19211,,風,182.0
19212,,風,182.0
19213,風,風,182.0
19214,,風,182.0
19215,,風,182.0
19216,,風,182.0
19217,風,風,182.0
19218,風,風,182.0
19219,,風,182.0
19220,,風,182.0
19221,,風,182.0
19222,,風,182.0
19223,風,風,182.0
19224,,風,182.0
19225,,風,182.0
19226,馬,風,182.0
19227,,風,182.0
19228,,風,182.0
19229,,風,182.0
19230,,風,182.0
19231,,風,182.0
19232,,飛,183.0
19233,,飛,183.0
19234,,食,184.0
19235,,食,184.0
19236,,食,184.0
19237,,食,184.0
19238,,食,184.0
19239,,食,184.0
19240,,食,184.0
19241,,食,184.0
19242,,食,184.0
19243,,食,184.0
19244,,食,184.0
19245,,食,184.0
19246,食,食,184.0
19247,食,食,184.0
19248,,食,184.0
19249,,食,184.0
19250,,食,184.0
19251,,食,184.0
19252,食,食,184.0
19253,,食,184.0
19254,,食,184.0
19255,,食,184.0
19256,,食,184.0
19257,,食,184.0
19258,,食,184.0
19259,,食,184.0
19260,食,食,184.0
19261,食,食,184.0
19262,,食,184.0
19263,,食,184.0
19264,,食,184.0
19265,,食,184.0
19266,,食,184.0
19267,,食,184.0
19268,,食,184.0
19269,,食,184.0
19270,臥,食,184.0
19271,食,食,184.0
19272,䰜,食,184.0
19273,,食,184.0
19274,,食,184.0
19275,食,食,184.0
19276,食,食,184.0
19277,,食,184.0
19278,,食,184.0
19279,,,184.0
19280,,食,184.0
19281,食,食,184.0
19282,,食,184.0
19283,食,食,184.0
19284,,食,184.0
19285,,食,184.0
19286,,食,184.0
19287,,食,184.0
19288,,食,184.0
19289,,食,184.0
19290,,食,184.0
19291,,食,184.0
19292,,,184.0
19293,,食,184.0
19294,,食,184.0
19295,,食,184.0
19296,,食,184.0
19297,食,食,184.0
19298,,食,184.0
19299,食,食,184.0
19300,,食,184.0
19301,,食,184.0
19302,,食,184.0
19303,,食,184.0
19304,,食,184.0
19305,,食,184.0
19306,,,184.0
19307,首,首,185.0
19308,首,首,185.0
19309,,首,185.0
19310,,首,185.0
19311,,香,186.0
19312,,香,186.0
19313,,香,186.0
19314,,香,186.0
19315,,香,186.0
19316,馬,馬,187.0
19317,,馬,187.0
19318,,馬,187.0
19319,,馬,187.0
19320,,馬,187.0
19321,馬,馬,187.0
19322,,馬,187.0
19323,,馬,187.0
19324,,馬,187.0
19325,,馬,187.0
19326,馬,馬,187.0
19327,馬,馬,187.0
19328,,馬,187.0
19329,,馬,187.0
19330,,馬,187.0
19331,,馬,187.0
19332,,馬,187.0
19333,,,187.0
19334,馬,馬,187.0
19335,,馬,187.0
19336,,馬,187.0
19337,,馬,187.0
19338,,馬,187.0
19339,馬,馬,187.0
19340,馬,馬,187.0
19341,,衣,187.0
19342,,馬,187.0
19343,,馬,187.0
19344,,馬,187.0
19345,,馬,187.0
19346,,馬,187.0
19347,,馬,187.0
19348,馬,馬,187.0
19349,,馬,187.0
19350,,馬,187.0
19351,馬,馬,187.0
19352,,馬,187.0
19353,,馬,187.0
19354,,馬,187.0
19355,馬,馬,187.0
19356,,馬,187.0
19357,,馬,187.0
19358,,馬,187.0
19359,,馬,187.0
19360,,馬,187.0
19361,,馬,187.0
19362,,馬,187.0
19363,,馬,187.0
19364,馬,馬,187.0
19365,,馬,187.0
19366,,馬,187.0
19367,馬,馬,187.0
19368,,馬,187.0
19369,,馬,187.0
19370,,馬,187.0
19371,,馬,187.0
19372,,馬,187.0
19373,,馬,187.0
19374,,馬,187.0
19375,馬,馬,187.0
19376,,馬,187.0
19377,,馬,187.0
19378,,馬,187.0
19379,,馬,187.0
19380,,馬,187.0
19381,,馬,187.0
19382,,馬,187.0
19383,,馬,187.0
19384,馬,馬,187.0
19385,,馬,187.0
19386,,馬,187.0
19387,示,馬,187.0
19388,,馬,187.0
19389,,馬,187.0
19390,,馬,187.0
19391,,馬,187.0
19392,馬,馬,187.0
19393,馬,,187.0
19394,木,馬,187.0
19395,,,187.0
19396,,馬,187.0
19397,,馬,187.0
19398,,骨,188.0
19399,,骨,188.0
19400,,骨,188.0
19401,欠,骨,188.0
19402,骨,骨,188.0
19403,,骨,188.0
19404,,骨,188.0
19405,,骨,188.0
19406,,骨,188.0
19407,骨,骨,188.0
19408,,骨,188.0
19409,,骨,188.0
19410,,骨,188.0
19411,,骨,188.0
19412,,骨,188.0
19413,,骨,188.0
19414,,骨,188.0
19415,,骨,188.0
19416,,骨,188.0
19417,,骨,188.0
19418,,骨,188.0
19419,,骨,188.0
19420,骨,骨,188.0
19421,,骨,188.0
19422,,骨,188.0
19423,,骨,188.0
19424,,骨,188.0
19425,,骨,188.0
19426,骨,骨,188.0
19427,骨,骨,188.0
19428,骨,骨,188.0
19429,,骨,188.0
19430,,骨,188.0
19431,高,高,189.0
19432,,高,189.0
19433,,,189.0
19434,,高,189.0
19435,,高,189.0
19436,,高,189.0
19437,,髟,190.0
19438,,髟,190.0
19439,,髟,190.0
19440,髟,髟,190.0
19441,,髟,190.0
19442,,髟,190.0
19443,,髟,190.0
19444,,髟,190.0
19445,,髟,190.0
19446,,髟,190.0
19447,,髟,190.0
19448,髟,髟,190.0
19449,,髟,190.0
19450,髟,髟,190.0
19451,,,190.0
19452,,,190.0
19453,髟,髟,190.0
19454,髟,髟,190.0
19455,,髟,190.0
19456,,髟,190.0
19457,髟,髟,190.0
19458,,髟,190.0
19459,髟,髟,190.0
19460,,髟,190.0
19461,,髟,190.0
19462,,髟,190.0
19463,,髟,190.0
19464,髟,髟,190.0
19465,髟,髟,190.0
19466,,髟,190.0
19467,,髟,190.0
19468,,髟,190.0
19469,桼,髟,190.0
19470,髟,髟,190.0
19471,髟,髟,190.0
19472,髟,髟,190.0
19473,,髟,190.0
19474,,髟,190.0
19475,髟,髟,190.0
19476,髟,髟,190.0
19477,髟,髟,190.0
19478,,髟,190.0
19479,,鬥,191.0
19480,鬥,鬥,191.0
19481,鬲,鬲,193.0
19482,,鬲,193.0
19483,鬲,鬲,193.0
19484,䰜,鬲,193.0
19485,鬲,鬲,193.0
19486,䰜,鬲,193.0
19487,鬼,鬼,194.0
19488,鬼,鬼,194.0
19489,鬼,鬼,194.0
19490,,鬼,194.0
19491,虫,,194.0
19492,,鬼,194.0
19493,,鬼,194.0
19494,,鬼,194.0
19495,鬼,鬼,194.0
19496,,鬼,194.0
19497,,鬼,194.0
19498,,鬼,194.0
19499,鬼,鬼,194.0
19500,,鬼,194.0
19501,,鬼,194.0
19502,,,194.0
19503,,鬼,194.0
19504,鬼,鬼,194.0
19505,,鬼,194.0
19506,,魚,195.0
19507,,,195.0
19508,,魚,195.0
19509,,魚,195.0
19510,,,195.0
19511,,魚,195.0
19512,,魚,195.0
19513,,魚,195.0
19514,,魚,195.0
19515,,魚,195.0
19516,魚,魚,195.0
19517,魚,魚,195.0
19518,,魚,195.0
19519,魚,魚,195.0
19520,,魚,195.0
19521,,魚,195.0
19522,魚,魚,195.0
19523,,魚,195.0
19524,,魚,195.0
19525,,魚,195.0
19526,,魚,195.0
19527,,魚,195.0
19528,,魚,195.0
19529,,魚,195.0
19530,,魚,195.0
19531,,魚,195.0
19532,,魚,195.0
19533,魚,魚,195.0
19534,魚,魚,195.0
19535,魚,魚,195.0
19536,,魚,195.0
19537,,魚,195.0
19538,,魚,195.0
19539,,魚,195.0
19540,,魚,195.0
19541,,魚,195.0
19542,,魚,195.0
19543,,魚,195.0
19544,,魚,195.0
19545,,魚,195.0
19546,,魚,195.0
19547,,魚,195.0
19548,,魚,195.0
19549,,魚,195.0
19550,,魚,195.0
19551,,魚,195.0
19552,,魚,195.0
19553,魚,魚,195.0
19554,,魚,195.0
19555,,魚,195.0
19556,魚,魚,195.0
19557,,魚,195.0
19558,,魚,195.0
19559,,魚,195.0
19560,,,195.0
19561,,,195.0
19562,,,195.0
19563,,魚,195.0
19564,魚,魚,195.0
19565,魚,魚,195.0
19566,,魚,195.0
19567,,魚,195.0
19568,,魚,195.0
19569,,魚,195.0
19570,,魚,195.0
19571,,魚,195.0
19572,魚,,195.0
19573,魚,魚,195.0
19574,,魚,195.0
19575,,魚,195.0
19576,,魚,195.0
19577,,魚,195.0
19578,,魚,195.0
19579,,魚,195.0
19580,,魚,195.0
19581,,魚,195.0
19582,魚,魚,195.0
19583,,魚,195.0
19584,,魚,195.0
19585,,魚,195.0
19586,,魚,195.0
19587,,魚,195.0
19588,,魚,195.0
19589,,魚,195.0
19590,,魚,195.0
19591,,,195.0
19592,,,195.0
19593,,魚,195.0
19594,魚,魚,195.0
19595,魚,魚,195.0
19596,,魚,195.0
19597,,魚,195.0
19598,,魚,195.0
19599,,魚,195.0
19600,魚,魚,195.0
19601,,魚,195.0
19602,虫,魚,195.0
19603,,魚,195.0
19604,魚,魚,195.0
19605,,魚,195.0
19606,,魚,195.0
19607,,魚,195.0
19608,,,195.0
19609,,魚,195.0
19610,魚,魚,195.0
19611,魚,魚,195.0
19612,,魚,195.0
19613,,,195.0
19614,,,195.0
19615,,魚,195.0
19616,,魚,195.0
19617,魚,魚,195.0
19618,,魚,195.0
19619,,魚,195.0
19620,,,195.0
19621,鳥,鳥,196.0
19622,,鳥,196.0
19623,,鳥,196.0
19624,隹,鳥,196.0
19625,,鳥,196.0
19626,,鳥,196.0
19627,,鳥,196.0
19628,,鳥,196.0
19629,,鳥,196.0
19630,,鳥,196.0
19631,,鳥,196.0
19632,,鳥,196.0
19633,鳥,鳥,196.0
19634,,鳥,196.0
19635,,鳥,196.0
19636,,鳥,196.0
19637,,鳥,196.0
19638,,,196.0
19639,木,木,196.0
19640,鳥,鳥,196.0
19641,,鳥,196.0
19642,,鳥,196.0
19643,,鳥,196.0
19644,,鳥,196.0
19645,,鳥,196.0
19646,,鳥,196.0
19647,,鳥,196.0
19648,鳥,鳥,196.0
19649,鳥,鳥,196.0
19650,,鳥,196.0
19651,,鳥,196.0
19652,鳥,鳥,196.0
19653,,鳥,196.0
19654,,鳥,196.0
19655,鳥,鳥,196.0
19656,鳥,鳥,196.0
19657,,鳥,196.0
19658,鳥,鳥,196.0
19659,,鳥,196.0
19660,,鳥,196.0
19661,,鳥,196.0
19662,鳥,鳥,196.0
19663,,鳥,196.0
19664,,鳥,196.0
19665,,鳥,196.0
19666,,鳥,196.0
19667,,鳥,196.0
19668,鳥,鳥,196.0
19669,,鳥,196.0
19670,,鳥,196.0
19671,鳥,鳥,196.0
19672,鳥,鳥,196.0
19673,,鳥,196.0
19674,,鳥,196.0
19675,,鳥,196.0
19676,,鳥,196.0
19677,,鳥,196.0
19678,,鳥,196.0
19679,,鳥,196.0
19680,,鳥,196.0
19681,鳥,鳥,196.0
19682,,鳥,196.0
19683,,鳥,196.0
19684,,鳥,196.0
19685,,,196.0
19686,,鳥,196.0
19687,,鳥,196.0
19688,,鳥,196.0
19689,,鳥,196.0
19690,,鳥,196.0
19691,,鳥,196.0
19692,,鳥,196.0
19693,,鳥,196.0
19694,,鳥,196.0
19695,,鳥,196.0
19696,,鳥,196.0
19697,,鳥,196.0
19698,,鳥,196.0
19699,鳥,鳥,196.0
19700,,鳥,196.0
19701,,鳥,196.0
19702,,鳥,196.0
19703,,鳥,196.0
19704,,鳥,196.0
19705,,,196.0
19706,隹,鳥,196.0
19707,,鳥,196.0
19708,鳥,鳥,196.0
19709,鳥,鳥,196.0
19710,,鳥,196.0
19711,,鳥,196.0
19712,,鳥,196.0
19713,,鳥,196.0
19714,,鳥,196.0
19715,,鳥,196.0
19716,,鳥,196.0
19717,,鳥,196.0
19718,,鳥,196.0
19719,,鳥,196.0
19720,,鳥,196.0
19721,,鳥,196.0
19722,鳥,鳥,196.0
19723,,鳥,196.0
19724,鳥,,196.0
19725,,鳥,196.0
19726,鳥,鳥,196.0
19727,燕,鳥,196.0
19728,,鳥,196.0
19729,,鳥,196.0
19730,,鳥,196.0
19731,,鳥,196.0
19732,鳥,鳥,196.0
19733,,鳥,196.0
19734,鳥,鳥,196.0
19735,鳥,鳥,196.0
19736,鳥,鳥,196.0
19737,鳥,鳥,196.0
19738,,鹵,197.0
19739,,鹵,197.0
19740,,鹵,197.0
19741,,鹵,197.0
19742,,鹵,197.0
19743,,鹿,198.0
19744,,鹿,198.0
19745,,鹿,198.0
19746,,鹿,198.0
19747,,鹿,198.0
19748,,鹿,198.0
19749,鹿,鹿,198.0
19750,,鹿,198.0
19751,,鹿,198.0
19752,,,198.0
19753,,鹿,198.0
19754,,鹿,198.0
19755,,鹿,198.0
19756,,麥,199.0
19757,麥,麥,199.0
19758,,麥,199.0
19759,,麥,199.0
19760,,麥,199.0
19761,,麥,199.0
19762,,麥,199.0
19763,麥,麥,199.0
19764,,麥,199.0
19765,,麥,199.0
19766,,麥,199.0
19767,,麥,199.0
19768,,麥,199.0
19769,,麥,199.0
19770,,麥,199.0
19771,,麥,199.0
19772,,麥,199.0
19773,,麥,199.0
19774,麥,麥,199.0
19775,,麥,199.0
19776,麥,麥,199.0
19777,,麥,199.0
19778,麥,麥,199.0
19779,,麥,199.0
19780,麥,麥,199.0
19781,火,麥,199.0
19782,,麥,199.0
19783,,麻,200.0
19784,麻,麻,200.0
19785,麻,麻,200.0
19786,,黃,201.0
19787,黃,黃,201.0
19788,黃,黃,201.0
19789,,黃,201.0
19790,黃,黃,201.0
19791,,黃,201.0
19792,,黃,201.0
19793,黍,黍,202.0
19794,黍,黍,202.0
19795,,黍,202.0
19796,,黍,202.0
19797,,黍,202.0
19798,,黍,202.0
19799,黍,黍,202.0
19800,,黍,202.0
19801,,黍,202.0
19802,,黍,202.0
19803,,黍,202.0
19804,,黍,202.0
19805,,黑,203.0
19806,黑,黑,203.0
19807,,黑,203.0
19808,,黑,203.0
19809,,黑,203.0
19810,,黑,203.0
19811,黑,黑,203.0
19812,黑,黑,203.0
19813,,黑,203.0
19814,,黑,203.0
19815,,黑,203.0
19816,,黑,203.0
19817,,黑,203.0
19818,,黑,203.0
19819,,黑,203.0
19820,,黑,203.0
19821,,黑,203.0
19822,黑,黑,203.0
19823,,黑,203.0
19824,,黑,203.0
19825,,黑,203.0
19826,,黑,203.0
19827,黑,黑,203.0
19828,,黑,203.0
19829,黑,黑,203.0
19830,黽,黽,205.0
19831,黽,黽,205.0
19832,,黽,205.0
19833,黽,黽,205.0
19834,,鼎,206.0
19835,,鼎,206.0
19836,,鼎,206.0
19837,,鼓,207.0
19838,,鼓,207.0
19839,,鼓,207.0
19840,鼓,鼓,207.0
19841,,鼓,207.0
19842,鼠,鼠,208.0
19843,鼠,鼠,208.0
19844,鼠,鼠,208.0
19845,鼠,鼠,208.0
19846,,鼠,208.0
19847,,鼠,208.0
19848,,鼠,208.0
19849,鼠,鼠,208.0
19850,,鼻,209.0
19851,,鼻,209.0
19852,,鼻,209.0
19853,,鼻,209.0
19854,,鼻,209.0
19855,,鼻,209.0
19856,,鼻,209.0
19857,,鼻,209.0
19858,女,齊,210.0
19859,,齊,210.0
19860,,齒,211.0
19861,,齒,211.0
19862,,齒,211.0
19863,,齒,211.0
19864,,齒,211.0
19865,齒,齒,211.0
19866,,齒,211.0
19867,齒,齒,211.0
19868,,齒,211.0
19869,,齒,211.0
19870,,齒,211.0
19871,,齒,211.0
19872,齒,齒,211.0
19873,,齒,211.0
19874,齒,齒,211.0
19875,齒,齒,211.0
19876,齒,齒,211.0
19877,齒,齒,211.0
19878,齒,齒,211.0
19879,,齒,211.0
19880,,齒,211.0
19881,,齒,211.0
19882,,齒,211.0
19883,,齒,211.0
19884,龍,龍,212.0
19885,,尢,212.0
19886,,龍,212.0
19887,,龜,213.0
19888,,龜,213.0
19889,龜,龜,213.0
19890,龜,龜,213.0
19891,,龠,214.0
19892,龠,龠,214.0
19893,龠,龠,214.0
19894,,,
19895,,,
19896,,,
19897,𠂇,,
19898,月,,
19899,肉,,
19900,,,
19901,,,
19902,,,
19903,,,