char,onset,nucleus,coda,tone
一,j,ɐ,t,˥
丁,t,ɪ,ŋ,˥
丂,,,,
七,tsʰ,ɐ,t,˥
丄,,,,
丅,tʰ,i:,,˥
丆,,,,
万,m,a:,n,˨
丈,ts,œ:,ŋ,˨
三,s,a:,m,˥
上,s,œ:,ŋ,˩˧
下,h,a:,,˩˧
丌,k,ei,,˥
不,p,ɐ,t,˥
与,j,y:,,˩˨
丏,m,i:,n,˩˧
丐,kʰ,ɔ:i,,˧
丑,tsʰ,ɐu,,˧˥
丒,,,,
专,ts,y:,n,˥
且,tsʰ,ɛ:,,˧˥
丕,pʰ,ei,,˥
世,s,ɐi,,˧
丗,,,,
丘,j,ɐu,,˥
丙,p,ɪ,ŋ,˧˥
业,j,i:,p,˨
丛,tsʰ,ʊ,ŋ,˩˨
东,t,ʊ,ŋ,˥
丝,s,i:,,˥
丞,s,ɪ,ŋ,˩˨
丟,t,i:u,,˥
丠,,,,
両,l,œ:,ŋ,˩˧
丢,t,i:u,,˥
丣,j,ɐu,,˩˧
两,l,œ:,ŋ,˩˧
严,j,i:,m,˩˨
並,p,ɪ,ŋ,˧
丧,s,ɔ:,ŋ,˧
丨,j,ɐ,t,˥
丩,,,,
个,k,ɔ:,,˧
丫,,a:,,˥
丬,p,a:,n,˧˥
中,ts,ʊ,ŋ,˥
丮,,,,
丯,,,,
丰,f,ʊ,ŋ,˥
丱,kw,a:,n,˧
串,tsʰ,y:,n,˧
丳,tsʰ,a:,n,˧˥
临,l,ɐ,m,˩˨
丵,,,,
丶,ts,y:,,˧˥
丷,,,,
丸,j,y:,n,˧˥
丹,t,a:,n,˥
为,w,ɐi,,˩˨
主,ts,y:,,˧˥
丼,ts,ɛ:,ŋ,˧˥
丽,l,ɐi,,˨
举,k,ɵy,,˧˥
丿,pʰ,i:,t,˧
乀,,,,
乁,,,,
乂,ŋ,a:i,,˨
乃,n,a:i,,˩˧
乄,,,,
久,k,ɐu,,˧˥
乆,,,,
乇,tʰ,ɔ:,k,˧
么,j,i:u,,˥
义,j,i:,,˨
乊,,,,
之,ts,i:,,˥
乌,w,u:,,˥
乍,ts,a:,,˧
乎,f,u:,,˥
乏,f,ɐ,t,˨
乐,l,ɔ:,k,˨
乑,,,,
乒,p,ɪ,ŋ,˥
乓,p,ɐ,m,˥
乔,kʰ,i:u,,˩˨
乕,,,,
乖,kw,a:i,,˥
乗,,,,
乘,s,ɪ,ŋ,˩˨
乙,j,y:,t,˧
乚,,,,
乛,,,,
乜,m,ɐ,t,˥
九,k,ɐu,,˧˥
乞,h,ɐ,t,˥
也,j,a:,,˩˧
习,ts,a:,p,˨
乡,h,œ:,ŋ,˥
乢,,,,
乣,,,,
乤,,,,
乥,,,,
书,s,y:,,˥
乧,,,,
乨,,,,
乩,k,ei,,˥
乪,kʰ,ɛ:,k,˨
乫,,,,
乬,,,,
乭,,,,
乮,,,,
乯,,,,
买,m,a:i,,˩˧
乱,l,y:,n,˨
乲,,,,
乳,j,y:,,˩˧
乴,,,,
乵,,,,
乶,,,,
乷,,,,
乸,n,a:,,˧˥
乹,k,ɔ:,n,˥
乺,,,,
乻,,,,
乼,,,,
乽,,,,
乾,k,ɔ:,n,˥
乿,,,,
亀,,,,
亁,,,,
亂,l,y:,n,˨
亃,,,,
亄,j,i:,,˩˨
亅,kʰ,y:,t,˧
了,l,i:u,,˩˧
亇,,,,
予,j,y:,,˩˨
争,ts,a:,ŋ,˥
亊,,,,
事,s,i:,,˨
二,j,i:,,˨
亍,tsʰ,ʊ,k,˥
于,j,y:,,˥
亏,f,ɐi,,˥
亐,,,,
云,w,ɐ,n,˩˨
互,w,u:,,˨
亓,kʰ,ei,,˩˨
五,ŋ,,,˩˧
井,ts,ɛ:,ŋ,˧˥
亖,,,,
亗,,,,
亘,k,ɐ,ŋ,˧˥
亙,k,ɐ,ŋ,˧˥
亚,,a:,,˧
些,s,ɛ:,,˥
亜,,,,
亝,,,,
亞,,a:,,˧
亟,k,ɪ,k,˥
亠,tʰ,ɐu,,˩˨
亡,m,ɔ:,ŋ,˩˨
亢,k,ɔ:,ŋ,˥
亣,,,,
交,k,a:u,,˥
亥,h,ɔ:i,,˨
亦,j,ɪ,k,˨
产,,,,
亨,h,ɐ,ŋ,˥
亩,m,ɐu,,˩˧
亪,,,,
享,h,œ:,ŋ,˧˥
京,k,ɪ,ŋ,˥
亭,tʰ,ɪ,ŋ,˩˨
亮,l,œ:,ŋ,˨
亯,,,,
亰,,,,
亱,,,,
亲,tsʰ,ɐ,n,˥
亳,p,ɔ:,k,˧
亴,,,,
亵,s,i:,t,˧
亶,tʰ,a:,n,˧˥
亷,,,,
亸,t,ɔ:,,˧˥
亹,m,ei,,˩˧
人,j,ɐ,n,˩˨
亻,,,,
亼,ts,a:,p,˨
亽,,,,
亾,,,,
亿,j,ɪ,k,˥
什,s,ɐ,m,˨
仁,j,ɐ,n,˩˨
仂,l,ɐ,k,˨
仃,t,ɪ,ŋ,˥
仄,tsʰ,ɛ:,k,˥
仅,k,ɐ,n,˧˥
仆,pʰ,ʊ,k,˥
仇,tsʰ,ɐu,,˩˨
仈,,,,
仉,ts,œ:,ŋ,˧˥
今,k,ɐ,m,˥
介,k,a:i,,˧
仌,,,,
仍,j,ɪ,ŋ,˩˨
从,tsʰ,ʊ,ŋ,˩˨
仏,,,,
仐,,,,
仑,l,ɵ,n,˩˨
仒,,,,
仓,tsʰ,ɔ:,ŋ,˥
仔,ts,ɐi,,˧˥
仕,s,i:,,˨
他,tʰ,a:,,˥
仗,ts,œ:,ŋ,˧
付,f,u:,,˨
仙,s,i:,n,˥
仚,,,,
仛,,,,
仜,,,,
仝,tʰ,ʊ,ŋ,˩˨
仞,j,ɐ,n,˨
仟,tsʰ,i:,n,˥
仠,,,,
仡,k,a:,k,˧
仢,,,,
代,t,ɔ:i,,˨
令,l,i:,m,˥
以,j,i:,,˩˧
仦,,,,
仧,,,,
仨,s,a:,m,˥
仩,,,,
仪,j,i:,,˩˨
仫,,,,
们,m,u:,n,˩˨
仭,j,ɐ,n,˨
仮,,,,
仯,,,,
仰,j,œ:,ŋ,˩˧
仱,,,,
仲,ts,ʊ,ŋ,˨
仳,pʰ,ei,,˧˥
仴,,,,
仵,ŋ,,,˩˧
件,k,i:,n,˨
价,k,a:,,˧
仸,,,,
仹,,,,
仺,,,,
任,j,ɐ,m,˩˨
仼,,,,
份,p,ɐ,n,˥
仾,,,,
仿,f,ɔ:,ŋ,˧˥
伀,ts,ʊ,ŋ,˥
企,kʰ,ei,,˩˧
伂,,,,
伃,j,y:,,˩˨
伄,,,,
伅,t,ɵ,n,˨
伆,,,,
伇,,,,
伈,s,ɐ,m,˧˥
伉,kʰ,ɔ:,ŋ,˧
伊,j,i:,,˥
伋,kʰ,ɐ,p,˥
伌,,,,
伍,ŋ,,,˩˧
伎,k,ei,,˨
伏,p,ʊ,k,˨
伐,f,ɐ,t,˨
休,j,ɐu,,˥
伒,k,ɐ,n,˧
伓,,,,
伔,,,,
伕,f,u:,,˥
伖,,,,
众,ts,ʊ,ŋ,˧
优,j,ɐu,,˥
伙,f,ɔ:,,˧˥
会,kʰ,u:i,,˧˥
伛,j,y:,,˧˥
伜,,,,
伝,,,,
伞,s,a:,n,˧
伟,w,ɐi,,˩˧
传,tsʰ,y:,n,˩˨
伡,,,,
伢,ŋ,a:,,˩˨
伣,j,i:,n,˩˧
伤,s,œ:,ŋ,˥
伥,tsʰ,a:,ŋ,˥
伦,l,ɵ,n,˩˨
伧,tsʰ,a:,ŋ,˩˨
伨,,,,
伩,m,ɐ,n,˥
伪,ŋ,ɐi,,˨
伫,tsʰ,y:,,˩˧
伬,,,,
伭,j,i:,n,˩˨
伮,n,ou,,˩˨
伯,p,a:,,˧
估,k,u:,,˧˥
伱,,,,
伲,,,,
伳,s,i:,t,˧
伴,p,u:,n,˨
伵,,,,
伶,l,ɪ,ŋ,˩˨
伷,ts,ɐu,,˨
伸,s,ɐ,n,˥
伹,,,,
伺,ts,i:,,˨
伻,pʰ,ɪ,ŋ,˥
似,tsʰ,i:,,˩˧
伽,k,a:,,˥
伾,pʰ,ei,,˥
伿,,,,
佀,,,,
佁,j,i:,,˩˨
佂,,,,
佃,t,i:,n,˨
佄,,,,
佅,,,,
但,t,a:,n,˨
佇,tsʰ,y:,,˩˧
佈,p,ou,,˧
佉,kʰ,ɵy,,˥
佊,,,,
佋,,,,
佌,tsʰ,i:,,˧˥
位,w,ɐi,,˧˥
低,t,ɐi,,˥
住,ts,y:,,˨
佐,ts,ɔ:,,˧
佑,j,ɐu,,˨
佒,j,œ:,ŋ,˧˥
体,tʰ,ɐi,,˧˥
佔,ts,i:,m,˧
何,h,ɔ:,,˩˨
佖,p,i:,t,˥
佗,tʰ,ɔ:,,˩˨
佘,s,ɛ:,,˩˨
余,j,y:,,˩˨
佚,j,ɐ,t,˨
佛,p,ɐ,t,˨
作,ts,ɔ:,k,˧
佝,kʰ,ɐu,,˧
佞,n,ɪ,ŋ,˨
佟,tʰ,ʊ,ŋ,˩˨
你,n,ei,,˩˧
佡,,,,
佢,kʰ,ɵy,,˩˧
佣,j,ʊ,ŋ,˨
佤,ŋ,a:,,˩˧
佥,tsʰ,i:,m,˥
佦,,,,
佧,kʰ,a:,,˥
佨,,,,
佩,pʰ,u:i,,˧
佪,w,u:i,,˩˨
佫,,,,
佬,l,ou,,˧˥
佭,,,,
佮,tʰ,ɐ,p,˥
佯,j,ɵy,,˩˨
佰,p,a:,k,˧
佱,,,,
佲,,,,
佳,k,a:i,,˥
佴,j,i:,,˨
併,p,ɪ,ŋ,˧
佶,k,ɐ,t,˥
佷,h,ɐ,n,˧˥
佸,kʰ,u:,t,˧
佹,kw,ɐi,,˧˥
佺,tsʰ,y:,n,˩˨
佻,tʰ,i:u,,˥
佼,k,a:u,,˧˥
佽,tsʰ,i:,,˧
佾,j,ɐ,t,˨
使,s,ɐi,,˧˥
侀,j,ɪ,ŋ,˩˨
侁,s,ɐ,n,˥
侂,tʰ,ɔ:,k,˧
侃,h,ɔ:,n,˧˥
侄,,,,
侅,k,ɔ:i,,˥
來,l,ɐi,,˩˨
侇,j,i:,,˩˨
侈,tsʰ,i:,,˧˥
侉,kʰw,a:,,˧˥
侊,,,,
例,l,ɐi,,˨
侌,,,,
侍,s,i:,,˨
侎,,,,
侏,ts,y:,,˥
侐,kw,ɪ,k,˥
侑,j,ɐu,,˨
侒,,,,
侓,,,,
侔,m,ɐu,,˩˨
侕,,,,
侖,l,ɵ,n,˩˨
侗,t,ʊ,ŋ,˨
侘,tsʰ,a:,,˧
侙,,,,
侚,s,ɵ,n,˥
供,k,ʊ,ŋ,˥
侜,ts,ɐu,,˥
依,j,i:,,˥
侞,,,,
侟,,,,
侠,h,a:,p,˨
価,,,,
侢,,,,
侣,l,ɵy,,˩˧
侤,,,,
侥,k,i:u,,˥
侦,ts,ɪ,ŋ,˥
侧,ts,ɐ,k,˥
侨,kʰ,i:u,,˩˨
侩,kʰ,u:i,,˧˥
侪,tsʰ,a:i,,˩˨
侫,,,,
侬,n,ʊ,ŋ,˩˨
侭,,,,
侮,m,ou,,˩˧
侯,h,ɐu,,˩˨
侰,,,,
侱,,,,
侲,ts,ɐ,n,˧
侳,tsʰ,ɔ:,,˧
侴,,,,
侵,tsʰ,ɐ,m,˥
侶,l,ɵy,,˩˧
侷,k,ʊ,k,˨
侸,,,,
侹,tʰ,ɪ,ŋ,˧˥
侺,,,,
侻,tʰ,y:,t,˧
侼,,,,
侽,,,,
侾,,,,
便,p,i:,n,˨
俀,,,,
俁,j,y:,,˩˧
係,h,ɐi,,˨
促,tsʰ,ʊ,k,˥
俄,ŋ,ɔ:,,˩˨
俅,kʰ,ɐu,,˩˨
俆,,,,
俇,kw,a:,ŋ,˨
俈,,,,
俉,ŋ,,,˨
俊,ts,ɵ,n,˧
俋,j,ɐ,p,˥
俌,,,,
俍,l,œ:,ŋ,˩˨
俎,ts,ɔ:,,˧˥
俏,tsʰ,i:u,,˧
俐,l,ei,,˨
俑,j,ʊ,ŋ,˧˥
俒,,,,
俓,k,ɪ,ŋ,˧
俔,j,i:,n,˩˧
俕,,,,
俖,,,,
俗,ts,ʊ,k,˨
俘,f,u:,,˥
俙,h,ei,,˥
俚,l,ei,,˩˧
俛,f,u:,,˧˥
俜,pʰ,ɪ,ŋ,˥
保,p,ou,,˧˥
俞,j,y:,,˩˨
俟,kʰ,ei,,˩˨
俠,h,a:,p,˨
信,s,ɵ,n,˧
俢,,,,
俣,j,y:,,˩˧
俤,,,,
俥,,,,
俦,tsʰ,ɐu,,˩˨
俧,,,,
俨,j,i:,m,˩˧
俩,l,œ:,ŋ,˩˧
俪,l,ɐi,,˨
俫,,,,
俬,s,i:,,˥
俭,k,i:,m,˨
修,s,ɐu,,˥
俯,f,u:,,˧˥
俰,,,,
俱,k,ɵy,,˥
俲,,,,
俳,pʰ,a:i,,˩˨
俴,tsʰ,i:,n,˩˧
俵,p,i:u,,˧˥
俶,tsʰ,ʊ,k,˥
俷,f,ɐi,,˧
俸,f,ʊ,ŋ,˧˥
俹,,,,
俺,j,i:,m,˧
俻,p,ei,,˨
俼,,,,
俽,,,,
俾,p,ei,,˧˥
俿,,,,
倀,tsʰ,a:,ŋ,˥
倁,,,,
倂,,,,
倃,k,ɐu,,˨
倄,,,,
倅,tsʰ,ɵy,,˧
倆,l,œ:,ŋ,˩˧
倇,j,y:,n,˧˥
倈,l,ɔ:i,,˩˨
倉,tsʰ,ɔ:,ŋ,˥
倊,,,,
個,k,ɔ:,,˧
倌,k,u:,n,˥
倍,pʰ,u:i,,˩˧
倎,,,,
倏,s,ʊ,k,˥
倐,s,ʊ,k,˥
們,m,u:,n,˩˨
倒,t,ou,,˧˥
倓,tʰ,a:,m,˩˨
倔,kw,ɐ,t,˨
倕,s,ɵy,,˩˨
倖,h,ɐ,ŋ,˨
倗,pʰ,a:,ŋ,˩˨
倘,s,œ:,ŋ,˩˨
候,h,ɐu,,˨
倚,j,i:,,˧˥
倛,k,ei,,˥
倜,tʰ,ɪ,k,˥
倝,,,,
倞,k,ɪ,ŋ,˨
借,ts,ɛ:,,˧
倠,s,ɵy,,˥
倡,tsʰ,œ:,ŋ,˥
倢,ts,i:,p,˧
倣,f,ɔ:,ŋ,˧˥
値,ts,ɪ,k,˨
倥,h,ʊ,ŋ,˥
倦,k,y:,n,˨
倧,ts,ʊ,ŋ,˥
倨,k,ɵy,,˧
倩,s,i:,n,˧
倪,ŋ,ɐi,,˩˨
倫,l,ɵ,n,˩˨
倬,tsʰ,œ:,k,˧
倭,w,ɐi,,˥
倮,,,,
倯,,,,
倰,,,,
倱,w,ɐ,n,˨
倲,,,,
倳,s,i:,,˨
倴,,,,
倵,,,,
倶,k,ɵy,,˥
倷,n,ɔ:i,,˨
倸,,,,
倹,,,,
债,ts,a:i,,˧
倻,,,,
值,ts,ɪ,k,˨
倽,,,,
倾,kʰ,ɪ,ŋ,˥
倿,,,,
偀,j,ɪ,ŋ,˥
偁,tsʰ,ɪ,ŋ,˥
偂,,,,
偃,j,i:,n,˧˥
偄,,,,
偅,ts,ʊ,ŋ,˧˥
偆,tsʰ,ɵ,n,˧˥
假,k,a:,,˧˥
偈,k,ɐi,,˧˥
偉,w,ɐi,,˩˧
偊,k,ɵy,,˧˥
偋,p,ɪ,ŋ,˧˥
偌,j,ɛ:,,˨
偍,tʰ,ɐi,,˩˨
偎,w,u:i,,˥
偏,pʰ,i:,n,˥
偐,,,,
偑,,,,
偒,,,,
偓,,ɐ,k,˥
偔,,,,
偕,k,a:i,,˥
偖,,,,
偗,,,,
偘,,,,
偙,,,,
做,ts,ou,,˨
偛,,,,
停,tʰ,ɪ,ŋ,˧˥
偝,p,u:i,,˧
偞,j,i:,p,˨
偟,w,ɔ:,ŋ,˩˨
偠,j,i:u,,˩˧
偡,ts,a:,m,˨
偢,tsʰ,ɐu,,˥
偣,,,,
偤,,,,
健,k,i:,n,˨
偦,,,,
偧,,,,
偨,tsʰ,i:,,˥
偩,f,u:,,˨
偪,p,ɪ,k,˥
偫,t,ɔ:i,,˨
偬,ts,ʊ,ŋ,˧˥
偭,m,i:,n,˩˧
偮,,,,
偯,j,i:,,˧˥
偰,s,i:,t,˧
偱,,,,
偲,s,i:,,˥
偳,t,y:,n,˥
側,ts,ɐ,k,˥
偵,ts,ɪ,ŋ,˥
偶,ŋ,ɐu,,˩˧
偷,tʰ,ɐu,,˥
偸,tʰ,ɐu,,˥
偹,,,,
偺,ts,a:,,˥
偻,l,ɐu,,˩˨
偼,,,,
偽,ŋ,ɐi,,˨
偾,f,ɐ,n,˩˧
偿,tsʰ,œ:,ŋ,˩˨
傀,f,a:i,,˧
傁,s,ɐu,,˧˥
傂,ts,i:,,˨
傃,s,ou,,˧
傄,,,,
傅,f,u:,,˨
傆,,,,
傇,,,,
傈,,,,
傉,,,,
傊,,,,
傋,k,ɐu,,˧
傌,m,a:,,˨
傍,p,ɔ:,ŋ,˨
傎,t,i:,n,˥
傏,,,,
傐,,,,
傑,k,i:,t,˨
傒,h,ɐi,,˩˨
傓,,,,
傔,h,i:,m,˧
傕,k,ɔ:,k,˧
傖,tsʰ,a:,ŋ,˩˨
傗,,,,
傘,s,a:,n,˧
備,p,ei,,˨
傚,h,a:u,,˨
傛,j,ʊ,ŋ,˩˨
傜,j,i:u,,˩˨
傝,t,a:,p,˧
傞,tsʰ,ɔ:,,˥
傟,,,,
傠,,,,
傡,,,,
傢,k,a:,,˥
傣,t,a:i,,˧˥
傤,,,,
傥,tʰ,ɔ:,ŋ,˧˥
傦,,,,
傧,p,ɐ,n,˥
储,tsʰ,ou,,˩˧
傩,n,ɔ:,,˩˨
傪,,,,
傫,,,,
催,tsʰ,ɵy,,˥
傭,j,ʊ,ŋ,˩˨
傮,tsʰ,ou,,˩˨
傯,ts,ʊ,ŋ,˧˥
傰,,,,
傱,s,ʊ,ŋ,˧˥
傲,ŋ,ou,,˨
傳,tsʰ,y:,n,˩˨
傴,j,y:,,˧˥
債,ts,a:i,,˧
傶,tsʰ,ɪ,k,˥
傷,s,œ:,ŋ,˥
傸,,,,
傹,,,,
傺,tsʰ,ɐi,,˧
傻,s,ɔ:,,˩˨
傼,,,,
傽,ts,œ:,ŋ,˥
傾,kʰ,ɪ,ŋ,˥
傿,j,i:,n,˧
僀,,,,
僁,s,ɪ,k,˥
僂,l,ɐu,,˩˨
僃,,,,
僄,pʰ,i:u,,˧
僅,k,ɐ,n,˧˥
僆,l,ɛ:,ŋ,˥
僇,l,ʊ,k,˨
僈,m,a:,n,˨
僉,tsʰ,i:,m,˥
僊,s,i:,n,˥
僋,,,,
僌,,,,
働,,,,
僎,s,y:,n,˧˥
像,ts,œ:,ŋ,˨
僐,,,,
僑,kʰ,i:u,,˩˨
僒,,,,
僓,tʰ,ɵy,,˩˨
僔,ts,y:,n,˧˥
僕,p,ʊ,k,˨
僖,h,ei,,˥
僗,l,ou,,˩˨
僘,,,,
僙,,,,
僚,l,i:u,,˩˨
僛,h,ei,,˥
僜,,,,
僝,tsʰ,a:,n,˩˨
僞,ŋ,ɐi,,˨
僟,,,,
僠,,,,
僡,,,,
僢,,,,
僣,ts,i:,m,˧
僤,t,a:,n,˥
僥,k,i:u,,˥
僦,ts,ɐu,,˨
僧,s,ɐ,ŋ,˥
僨,f,ɐ,n,˩˧
僩,h,a:,n,˩˧
僪,,,,
僫,,,,
僬,ts,i:u,,˥
僭,tsʰ,i:,m,˧
僮,tʰ,ʊ,ŋ,˩˨
僯,,,,
僰,p,a:,k,˨
僱,k,u:,,˧
僲,,,,
僳,s,ʊ,k,˥
僴,,,,
僵,k,œ:,ŋ,˥
僶,m,ɐ,n,˩˧
僷,,,,
僸,k,ɐ,m,˧
價,k,a:,,˧
僺,,,,
僻,pʰ,ɪ,k,˥
僼,,,,
僽,ts,ɐu,,˧
僾,,ɔ:i,,˧˥
僿,s,i:,,˥
儀,j,i:,,˩˨
儁,,,,
儂,n,ʊ,ŋ,˩˨
儃,tsʰ,i:,n,˩˨
億,j,ɪ,k,˥
儅,,,,
儆,k,ɪ,ŋ,˧˥
儇,h,y:,n,˥
儈,kʰ,u:i,,˧˥
儉,k,i:,m,˨
儊,tsʰ,ɔ:,,˧
儋,t,a:,m,˥
儌,k,i:u,,˥
儍,s,ɔ:,,˩˨
儎,,,,
儏,,,,
儐,p,ɐ,n,˥
儑,,,,
儒,j,y:,,˩˨
儓,tʰ,ɔ:i,,˩˨
儔,tsʰ,ɐu,,˩˨
儕,tsʰ,a:i,,˩˨
儖,,,,
儗,h,ɔ:i,,˧
儘,ts,ɵ,n,˧˥
儙,,,,
儚,m,ʊ,ŋ,˩˧
儛,,,,
儜,n,ɪ,ŋ,˩˨
儝,,,,
儞,,,,
償,tsʰ,œ:,ŋ,˩˨
儠,l,i:,p,˨
儡,l,ɵy,,˩˧
儢,l,ɵy,,˩˧
儣,,,,
儤,p,ou,,˧
儥,j,ʊ,k,˨
儦,p,i:u,,˥
儧,,,,
儨,,,,
儩,tsʰ,i:,,˧
優,j,ɐu,,˥
儫,,,,
儬,,,,
儭,tsʰ,ɐ,n,˧
儮,,,,
儯,,,,
儰,,,,
儱,l,ʊ,ŋ,˩˧
儲,tsʰ,ou,,˩˧
儳,tsʰ,a:,m,˧
儴,j,œ:,ŋ,˩˨
儵,s,ʊ,k,˥
儶,,,,
儷,l,ɐi,,˨
儸,l,ɔ:,,˩˨
儹,ts,a:,n,˧˥
儺,n,ɔ:,,˩˨
儻,tʰ,ɔ:,ŋ,˧˥
儼,j,i:,m,˩˧
儽,l,ɵy,,˩˨
儾,,,,
儿,j,i:,,˩˨
兀,ŋ,ɐ,t,˨
允,w,ɐ,n,˩˧
兂,ts,a:,m,˥
元,j,y:,n,˩˨
兄,h,ɪ,ŋ,˥
充,tsʰ,ʊ,ŋ,˥
兆,s,i:u,,˨
兇,h,ʊ,ŋ,˥
先,s,i:,n,˥
光,kw,ɔ:,ŋ,˥
兊,,,,
克,h,a:,k,˥
兌,t,ɵy,,˧
免,m,ɐ,n,˨
兎,tʰ,ou,,˧
兏,,,,
児,,,,
兑,t,ɵy,,˧
兒,j,i:,,˩˨
兓,,,,
兔,tʰ,ou,,˧
兕,ts,i:,,˨
兖,j,i:,n,˩˧
兗,j,i:,n,˩˧
兘,,,,
兙,,,,
党,t,ɔ:,ŋ,˧˥
兛,,,,
兜,t,ɐu,,˥
兝,,,,
兞,,,,
兟,s,ɐ,n,˥
兠,,,,
兡,,,,
兢,k,ɪ,ŋ,˥
兣,,,,
兤,,,,
入,j,ɐ,p,˨
兦,m,ɔ:,ŋ,˩˨
內,n,a:,p,˨
全,tsʰ,y:,n,˩˨
兩,l,œ:,ŋ,˩˧
兪,j,y:,,˨
八,p,a:,t,˧
公,k,ʊ,ŋ,˥
六,l,ʊ,k,˨
兮,h,ɐi,,˩˨
兯,,,,
兰,l,a:,n,˩˨
共,k,ʊ,ŋ,˨
兲,,,,
关,kw,a:,n,˥
兴,h,ɪ,ŋ,˥
兵,p,ɪ,ŋ,˥
其,k,ei,,˥
具,k,ɵy,,˨
典,t,i:,n,˧˥
兹,tsʰ,i:,,˩˨
兺,,,,
养,j,œ:,ŋ,˩˧
兼,k,i:,m,˥
兽,s,ɐu,,˧
兾,,,,
兿,,,,
冀,kʰ,ei,,˧
冁,tsʰ,i:,n,˧˥
冂,kw,ɪ,ŋ,˥
冃,,,,
冄,,,,
内,n,a:,p,˨
円,,,,
冇,m,ou,,˩˧
冈,k,ɔ:,ŋ,˥
冉,j,i:,m,˩˧
冊,tsʰ,a:,k,˧
冋,kw,ɪ,ŋ,˧˥
册,tsʰ,a:,k,˧
再,ts,ɔ:i,,˧
冎,,,,
冏,kw,ɪ,ŋ,˧˥
冐,,,,
冑,ts,ɐu,,˨
冒,m,ɐ,k,˨
冓,k,ɐu,,˧
冔,h,ɵy,,˧˥
冕,m,i:,n,˩˧
冖,m,ɪ,k,˨
冗,j,ʊ,ŋ,˧˥
冘,j,ɐ,m,˩˨
写,s,ɛ:,,˧˥
冚,h,ɐ,m,˨
军,kw,ɐ,n,˥
农,n,ʊ,ŋ,˩˨
冝,,,,
冞,m,ei,,˩˨
冟,,,,
冠,k,u:,n,˥
冡,,,,
冢,tsʰ,ʊ,ŋ,˧˥
冣,,,,
冤,j,y:,n,˥
冥,m,ɪ,ŋ,˩˨
冦,,,,
冧,l,ɐ,m,˧
冨,,,,
冩,s,ɛ:,,˧˥
冪,m,ɪ,k,˨
冫,p,ɪ,ŋ,˥
冬,t,ʊ,ŋ,˥
冭,,,,
冮,,,,
冯,f,ʊ,ŋ,˩˨
冰,p,ɪ,ŋ,˥
冱,w,u:,,˨
冲,tsʰ,ʊ,ŋ,˥
决,kʰ,y:,t,˧
冴,,,,
况,f,ɔ:,ŋ,˧
冶,j,ɛ:,,˩˧
冷,l,a:,ŋ,˩˧
冸,,,,
冹,p,ɐ,t,˥
冺,,,,
冻,t,ʊ,ŋ,˧
冼,s,i:,n,˧˥
冽,l,i:,t,˨
冾,,,,
冿,,,,
净,ts,ɛ:,ŋ,˨
凁,,,,
凂,,,,
凃,,,,
凄,tsʰ,ɐi,,˥
凅,,,,
准,ts,ɵ,n,˧˥
凇,,,,
凈,ts,ɛ:,ŋ,˨
凉,l,œ:,ŋ,˩˨
凊,ts,ɪ,ŋ,˨
凋,t,i:u,,˥
凌,l,ɪ,ŋ,˩˨
凍,t,ʊ,ŋ,˧
凎,k,ɐ,m,˧
减,k,a:,m,˧˥
凐,,,,
凑,tsʰ,ɐu,,˧
凒,,,,
凓,l,ɵ,t,˨
凔,tsʰ,ɔ:,ŋ,˥
凕,,,,
凖,,,,
凗,,,,
凘,s,i:,,˥
凙,,,,
凚,,,,
凛,l,ɐ,m,˩˧
凜,l,ɐ,m,˩˧
凝,j,ɪ,ŋ,˩˨
凞,,,,
凟,,,,
几,k,ei,,˥
凡,f,a:,n,˩˨
凢,f,a:,n,˩˨
凣,,,,
凤,f,ʊ,ŋ,˨
凥,,,,
処,tsʰ,y:,,˧˥
凧,,,,
凨,,,,
凩,,,,
凪,,,,
凫,f,u:,,˩˨
凬,,,,
凭,pʰ,ɛ:,ŋ,˥
凮,,,,
凯,h,ɔ:i,,˧˥
凰,w,ɔ:,ŋ,˩˨
凱,h,ɔ:i,,˧˥
凲,,,,
凳,t,ɐ,ŋ,˧
凴,,,,
凵,h,ɐ,m,˥
凶,h,ʊ,ŋ,˥
凷,,,,
凸,t,ɐ,t,˨
凹,,a:u,,˥
出,tsʰ,ɵ,t,˥
击,k,ɪ,k,˥
凼,tʰ,ɐ,m,˩˧
函,h,a:,m,˩˨
凾,,,,
凿,ts,ɔ:,k,˨
刀,t,ou,,˥
刁,t,i:u,,˥
刂,,,,
刃,j,ɐ,n,˨
刄,,,,
刅,,,,
分,f,ɐ,n,˥
切,tsʰ,ɐi,,˧
刈,ŋ,a:i,,˨
刉,k,ei,,˥
刊,h,ɔ:,n,˥
刋,h,ɔ:,n,˧˥
刌,tsʰ,y:,n,˧˥
刍,tsʰ,ɔ:,,˥
刎,m,ɐ,n,˩˧
刏,,,,
刐,,,,
刑,j,ɪ,ŋ,˩˨
划,w,a:,,˩˨
刓,j,y:,n,˩˨
刔,,,,
刕,,,,
刖,j,y:,t,˨
列,l,a:,t,˨
刘,l,ɐu,,˩˨
则,ts,ɐ,k,˥
刚,k,ɔ:,ŋ,˥
创,tsʰ,ɔ:,ŋ,˥
刜,f,ɐ,t,˥
初,tsʰ,ɔ:,,˥
刞,,,,
刟,,,,
删,s,a:,n,˥
刡,,,,
刢,,,,
刣,,,,
判,pʰ,u:,n,˧
別,p,i:,t,˨
刦,k,i:,p,˧
刧,k,i:,p,˧
刨,pʰ,a:u,,˩˨
利,l,ei,,˨
刪,s,a:,n,˥
别,p,i:,t,˧
刬,tsʰ,a:,n,˧˥
刭,k,ɪ,ŋ,˧˥
刮,kw,a:,t,˧
刯,,,,
到,t,ou,,˧
刱,tsʰ,ɔ:,ŋ,˥
刲,kw,ɐi,,˥
刳,f,u:,,˥
刴,t,ɔ:,,˧˥
刵,j,i:,,˩˧
制,ts,ɐi,,˧
刷,tsʰ,a:,t,˧
券,k,y:,n,˧
刹,,,,
刺,tsʰ,ɛ:,k,˧
刻,h,a:,k,˥
刼,,,,
刽,k,u:i,,˧
刾,,,,
刿,kw,ɐi,,˧
剀,h,ɔ:i,,˧˥
剁,t,ɔ:,,˧˥
剂,ts,ɐi,,˥
剃,tʰ,ɐi,,˧
剄,k,ɪ,ŋ,˧˥
剅,,,,
剆,,,,
則,ts,ɐ,k,˥
剈,,,,
剉,tsʰ,ɔ:,,˧
削,s,œ:,k,˧
剋,h,a:,k,˥
剌,l,a:,t,˨
前,tsʰ,i:,n,˩˨
剎,tsʰ,a:,t,˧
剏,,,,
剐,w,a:,,˧˥
剑,k,i:,m,˧
剒,tsʰ,ɔ:,k,˧
剓,,,,
剔,tʰ,ɪ,k,˥
剕,f,ei,,˨
剖,f,ɐu,,˧˥
剗,tsʰ,a:,n,˧˥
剘,,,,
剙,,,,
剚,s,i:,,˨
剛,k,ɔ:,ŋ,˥
剜,w,u:,n,˥
剝,p,ɔ:,k,˥
剞,k,ei,,˥
剟,ts,y:,t,˥
剠,,,,
剡,j,i:,m,˩˧
剢,,,,
剣,,,,
剤,,,,
剥,p,ɔ:,k,˥
剦,j,i:,m,˥
剧,kʰ,ɛ:,k,˨
剨,,,,
剩,s,ɪ,ŋ,˨
剪,ts,i:,n,˧˥
剫,t,ɔ:,k,˨
剬,t,y:,n,˥
剭,ŋ,ʊ,k,˥
剮,w,a:,,˧˥
副,f,u:,,˧
剰,,,,
剱,,,,
割,k,ɔ:,t,˧
剳,ts,a:,p,˧
剴,h,ɔ:i,,˧˥
創,tsʰ,ɔ:,ŋ,˥
剶,,,,
剷,tsʰ,a:,n,˧˥
剸,tʰ,y:,n,˩˨
剹,,,,
剺,l,ɐi,,˩˧
剻,,,,
剼,,,,
剽,pʰ,i:u,,˩˧
剾,,,,
剿,tsʰ,a:u,,˥
劀,kw,a:,t,˧
劁,tsʰ,i:u,,˥
劂,k,y:,t,˧
劃,w,a:,k,˨
劄,ts,a:,p,˧
劅,,,,
劆,,,,
劇,kʰ,ɛ:,k,˨
劈,pʰ,ɛ:,k,˧
劉,l,ɐu,,˩˨
劊,k,u:i,,˧
劋,,,,
劌,kw,ɐi,,˧
劍,k,i:,m,˧
劎,,,,
劏,tʰ,ɔ:,ŋ,˥
劐,,,,
劑,ts,ɐi,,˥
劒,,,,
劓,j,i:,,˨
劔,,,,
劕,,,,
劖,tsʰ,a:,m,˩˧
劗,ts,i:,n,˧˥
劘,m,ɔ:,,˩˨
劙,l,ɐi,,˩˧
劚,,,,
力,l,ɪ,k,˨
劜,,,,
劝,h,y:,n,˧
办,p,a:,n,˨
功,k,ʊ,ŋ,˥
加,k,a:,,˥
务,m,ou,,˨
劢,m,a:i,,˨
劣,l,y:,t,˧
劤,,,,
劥,,,,
劦,h,i:,p,˧
劧,,,,
动,t,ʊ,ŋ,˨
助,ts,ɔ:,,˨
努,n,ou,,˩˧
劫,k,i:,p,˧
劬,kʰ,ɵy,,˩˨
劭,s,i:u,,˨
劮,j,ɐ,t,˨
劯,,,,
劰,,,,
励,l,ɐi,,˨
劲,k,ɪ,ŋ,˨
劳,l,ou,,˩˨
労,,,,
劵,,,,
劶,,,,
劷,,,,
劸,,,,
効,h,a:u,,˨
劺,,,,
劻,h,ɔ:,ŋ,˥
劼,kʰ,i:,t,˧
劽,,,,
劾,h,ɐ,t,˨
势,s,ɐi,,˧
勀,,,,
勁,k,ɪ,ŋ,˨
勂,,,,
勃,p,u:,t,˨
勄,m,ɐ,n,˩˧
勅,tsʰ,ɪ,k,˥
勆,,,,
勇,j,ʊ,ŋ,˩˧
勈,,,,
勉,m,i:,n,˩˧
勊,,,,
勋,f,ɐ,n,˥
勌,,,,
勍,kʰ,ɪ,ŋ,˩˨
勎,,,,
勏,,,,
勐,m,a:,ŋ,˩˧
勑,tsʰ,ɪ,k,˥
勒,l,a:,k,˨
勓,,,,
勔,m,i:,n,˩˧
動,t,ʊ,ŋ,˨
勖,h,ʊ,k,˥
勗,h,ʊ,k,˥
勘,h,ɐ,m,˥
務,m,ou,,˨
勚,j,i:,,˨
勛,f,ɐ,n,˥
勜,,,,
勝,s,ɪ,ŋ,˥
勞,l,ou,,˩˨
募,m,ou,,˨
勠,,,,
勡,,,,
勢,s,ɐi,,˧
勣,ts,ɪ,k,˥
勤,kʰ,ɐ,n,˩˨
勥,,,,
勦,tsʰ,a:u,,˥
勧,,,,
勨,,,,
勩,j,ɐi,,˨
勪,,,,
勫,,,,
勬,,,,
勭,,,,
勮,,,,
勯,t,a:,n,˥
勰,h,i:,p,˨
勱,m,a:i,,˨
勲,,,,
勳,f,ɐ,n,˥
勴,l,ɵy,,˨
勵,l,ɐi,,˨
勶,,,,
勷,j,œ:,ŋ,˩˨
勸,h,y:,n,˧
勹,p,a:u,,˥
勺,tsʰ,œ:,k,˧
勻,w,ɐ,n,˩˨
勼,k,ɐu,,˥
勽,p,ou,,˨
勾,ŋ,ɐu,,˥
勿,m,ɐ,t,˨
匀,w,ɐ,n,˩˨
匁,,,,
匂,,,,
匃,,,,
匄,,,,
包,p,a:u,,˥
匆,tsʰ,ʊ,ŋ,˥
匇,,,,
匈,h,ʊ,ŋ,˥
匉,pʰ,a:,ŋ,˥
匊,k,ʊ,k,˥
匋,tʰ,ou,,˩˨
匌,,,,
匍,pʰ,ou,,˩˨
匎,,,,
匏,pʰ,a:u,,˩˨
匐,p,a:,k,˨
匑,kʰ,ʊ,ŋ,˩˨
匒,t,a:,p,˧
匓,,,,
匔,,,,
匕,p,ei,,˧˥
化,f,a:,,˧
北,p,a:,k,˥
匘,,,,
匙,tsʰ,i:,,˩˨
匚,f,ɔ:,ŋ,˥
匛,,,,
匜,j,i:,,˩˨
匝,ts,a:,p,˧
匞,,,,
匟,kʰ,ɔ:,ŋ,˧
匠,ts,œ:,ŋ,˨
匡,h,ɔ:,ŋ,˥
匢,,,,
匣,h,a:,p,˨
匤,,,,
匥,,,,
匦,kw,ɐi,,˧˥
匧,,,,
匨,,,,
匩,,,,
匪,f,ei,,˧˥
匫,,,,
匬,,,,
匭,kw,ɐi,,˧˥
匮,kw,ɐi,,˨
匯,w,u:i,,˨
匰,t,a:,n,˥
匱,kw,ɐi,,˨
匲,,,,
匳,,,,
匴,s,y:,n,˧˥
匵,t,ʊ,k,˨
匶,,,,
匷,,,,
匸,h,ɐi,,˧˥
匹,pʰ,ɐ,t,˥
区,,ɐu,,˥
医,j,i:,,˥
匼,h,ɐ,p,˥
匽,j,i:,n,˧˥
匾,p,i:,n,˧˥
匿,n,ei,,˥
區,,ɐu,,˥
十,s,ɐ,p,˨
卂,,,,
千,tsʰ,i:,n,˥
卄,j,a:,,˨
卅,s,a:,,˥
卆,,,,
升,s,ɪ,ŋ,˥
午,ŋ,,,˩˧
卉,w,ɐi,,˧˥
半,p,u:,n,˧
卋,,,,
卌,s,ɛ:,,˧
卍,m,a:,n,˨
华,f,a:,,˥
协,h,i:,p,˧
卐,,,,
卑,p,ei,,˥
卒,tsʰ,y:,t,˧
卓,tsʰ,œ:,k,˧
協,h,i:,p,˧
单,t,a:,n,˥
卖,m,a:i,,˨
南,n,a:,m,˩˨
単,,,,
卙,,,,
博,p,ɔ:,k,˧
卛,,,,
卜,p,ʊ,k,˥
卝,,,,
卞,p,i:,n,˨
卟,p,ʊ,k,˥
占,ts,ɛ:,m,˥
卡,kʰ,a:,t,˥
卢,l,ou,,˩˨
卣,j,ɐu,,˩˧
卤,l,ou,,˩˧
卥,,,,
卦,kw,a:,,˧
卧,ŋ,ɔ:,,˨
卨,,,,
卩,ts,i:,t,˧
卪,,,,
卫,w,ɐi,,˨
卬,j,œ:,ŋ,˩˧
卭,,,,
卮,ts,i:,,˥
卯,m,a:u,,˩˧
印,j,ɐ,n,˧
危,ŋ,ɐi,,˩˨
卲,s,i:u,,˨
即,ts,ɪ,k,˥
却,kʰ,œ:,k,˧
卵,l,ɵ,n,˧˥
卶,,,,
卷,k,y:,n,˧˥
卸,s,ɛ:,,˧
卹,s,ɵ,t,˥
卺,k,ɐ,n,˧˥
卻,kʰ,œ:,k,˧
卼,ŋ,ɐ,t,˨
卽,ts,ɪ,k,˥
卾,,,,
卿,h,ɪ,ŋ,˥
厀,,,,
厁,,,,
厂,tsʰ,ɔ:,ŋ,˧˥
厃,,,,
厄,,a:,k,˥
厅,tʰ,ɛ:,ŋ,˥
历,l,ɪ,k,˨
厇,,,,
厈,,,,
厉,l,ɐi,,˨
厊,,a:,,˧˥
压,,a:,t,˧
厌,j,i:,m,˧
厍,s,ɛ:,,˧
厎,ts,i:,,˧˥
厏,ts,a:,,˧
厐,,,,
厑,,,,
厒,,,,
厓,ŋ,a:i,,˩˨
厔,ts,ɐ,t,˨
厕,tsʰ,ɐ,k,˥
厖,m,ɔ:,ŋ,˩˨
厗,,,,
厘,,,,
厙,s,ɛ:,,˧
厚,h,ɐu,,˩˧
厛,,,,
厜,tsʰ,ɵy,,˥
厝,tsʰ,ou,,˧
厞,f,ei,,˨
原,j,y:,n,˩˨
厠,tsʰ,i:,,˧
厡,,,,
厢,s,œ:,ŋ,˥
厣,j,i:,m,˧
厤,l,ɪ,k,˨
厥,kʰ,y:,t,˧
厦,h,a:,,˨
厧,,,,
厨,tsʰ,ɵy,,˩˨
厩,k,ɐu,,˧
厪,,,,
厫,,,,
厬,kw,ɐi,,˧˥
厭,j,i:,m,˧
厮,s,i:,,˥
厯,,,,
厰,tsʰ,ɔ:,ŋ,˧˥
厱,,,,
厲,l,ɐi,,˨
厳,,,,
厴,j,i:,m,˧˥
厵,,,,
厶,m,ɐu,,˩˧
厷,kw,ɐ,ŋ,˥
厸,,,,
厹,kʰ,ɐu,,˧˥
厺,,,,
去,h,ɵy,,˧˥
厼,,,,
厽,,,,
厾,t,ʊ,k,˥
县,j,y:,n,˧˥
叀,,,,
叁,,,,
参,tsʰ,a:,m,˥
參,tsʰ,a:,m,˥
叄,tsʰ,a:,m,˥
叅,,,,
叆,,ɔ:i,,˧˥
叇,t,ɔ:i,,˨
又,j,ɐu,,˨
叉,tsʰ,a:,,˥
及,k,ɐ,p,˨
友,j,ɐu,,˧˥
双,s,œ:,ŋ,˥
反,f,a:,n,˧˥
収,s,ɐu,,˥
叏,,,,
叐,,,,
发,f,a:,t,˧
叒,,,,
叓,,,,
叔,s,ʊ,k,˥
叕,,,,
取,tsʰ,ɵy,,˧˥
受,s,ɐu,,˨
变,p,i:,n,˧
叙,ts,ɵy,,˨
叚,,,,
叛,p,u:,n,˨
叜,,,,
叝,,,,
叞,,,,
叟,s,ɐu,,˧˥
叠,t,a:,p,˨
叡,h,a:i,,˨
叢,tsʰ,ʊ,ŋ,˩˨
口,h,ɐu,,˧˥
古,k,u:,,˧˥
句,k,ɵy,,˧
另,l,ɪ,ŋ,˨
叧,,,,
叨,t,ou,,˥
叩,kʰ,ɐu,,˧
只,ts,ɛ:,k,˧
叫,k,i:u,,˧
召,s,i:u,,˨
叭,p,a:,,˥
叮,t,ɪ,ŋ,˥
可,h,ɐ,k,˥
台,j,i:,,˩˨
叱,tsʰ,ɪ,k,˥
史,s,i:,,˧˥
右,j,ɐu,,˨
叴,kʰ,ɐu,,˩˨
叵,pʰ,ɔ:,,˧˥
叶,j,i:,p,˨
号,h,ou,,˩˨
司,s,i:,,˥
叹,tʰ,a:,n,˧
叺,,,,
叻,l,ɐ,k,˨
叼,t,i:u,,˥
叽,k,ei,,˥
叾,t,ʊ,k,˥
叿,,,,
吀,,,,
吁,h,ɵy,,˥
吂,,,,
吃,k,ɐ,t,˥
各,k,ɔ:,,˧
吅,,,,
吆,j,i:u,,˥
吇,,,,
合,k,a:,p,˧
吉,k,ɐ,t,˥
吊,t,i:u,,˧
吋,tsʰ,y:,n,˧
同,tʰ,ʊ,ŋ,˩˨
名,m,ɛ:,ŋ,˧˥
后,h,ɐu,,˨
吏,l,ei,,˨
吐,tʰ,ou,,˧˥
向,h,œ:,ŋ,˧
吒,ts,a:,,˥
吓,h,a:,,˩˧
吔,j,a:,,˥
吕,l,ɵy,,˩˧
吖,,a:,,˥
吗,m,a:,,˥
吘,,,,
吙,h,ɛ:u,,˥
吚,j,i:,,˥
君,kw,ɐ,n,˥
吜,,,,
吝,l,ɵ,n,˨
吞,tʰ,ɐ,n,˥
吟,j,ɐ,m,˩˨
吠,f,ɐi,,˨
吡,p,ei,,˥
吢,,,,
吣,tsʰ,ɐ,m,˧
吤,,,,
吥,p,ɐ,t,˥
否,f,ɐu,,˧˥
吧,p,a:,,˥
吨,t,ɵ,n,˥
吩,f,ɐ,n,˥
吪,ŋ,ɔ:,,˩˨
含,h,ɐ,m,˩˨
听,tʰ,ɛ:,ŋ,˥
吭,h,a:,ŋ,˥
吮,s,y:,n,˩˧
启,kʰ,ɐi,,˧˥
吰,w,ɐ,ŋ,˩˨
吱,ts,i:,,˥
吲,tsʰ,ɐ,n,˧˥
吳,ŋ,,,˩˨
吴,ŋ,,,˩˨
吵,tsʰ,a:u,,˧˥
吶,n,a:,p,˨
吷,h,y:,t,˧
吸,kʰ,ɐ,p,˥
吹,tsʰ,ɵy,,˥
吺,,,,
吻,m,ɐ,n,˩˧
吼,h,a:u,,˥
吽,h,ʊ,ŋ,˥
吾,ŋ,,,˩˨
吿,,,,
呀,,a:,,˧
呁,,,,
呂,l,ɵy,,˩˧
呃,,a:,k,˥
呄,,,,
呅,m,ɐ,n,˥
呆,t,a:i,,˥
呇,,,,
呈,tsʰ,ɪ,ŋ,˩˨
呉,,,,
告,k,ou,,˧
呋,,,,
呌,k,i:u,,˧
呍,w,ɐ,n,˩˨
呎,tsʰ,ɛ:,k,˧
呏,s,ɪ,ŋ,˥
呐,,,,
呑,,,,
呒,m,̩,,˩˨
呓,ŋ,ɐi,,˨
呔,tʰ,a:i,,˥
呕,ŋ,ɐu,,˧˥
呖,l,ɪ,k,˨
呗,p,a:i,,˨
员,j,y:,n,˩˨
呙,kw,a:,,˧
呚,,,,
呛,tsʰ,œ:,ŋ,˥
呜,w,u:,,˥
呝,,,,
呞,,,,
呟,,,,
呠,pʰ,ɐ,n,˧
呡,m,ɐ,n,˧
呢,n,ɛ:,,˥
呣,m,̩:,,˧˥
呤,l,ɪ,ŋ,˧
呥,j,ɐ,m,˥
呦,j,ɐu,,˥
呧,,,,
周,ts,ɐu,,˥
呩,,,,
呪,ts,ɐu,,˧˥
呫,tsʰ,i:,p,˧
呬,h,ei,,˧
呭,,,,
呮,ts,ɛ:,,˥
呯,pʰ,ɛ:,ŋ,˩˨
呰,ts,i:,,˧˥
呱,k,u:,,˥
呲,ts,i:,,˥
味,m,ei,,˨
呴,h,ɵy,,˥
呵,h,ɔ:,,˥
呶,n,a:u,,˩˨
呷,h,a:,p,˧
呸,pʰ,ei,,˥
呹,,,,
呺,h,i:u,,˥
呻,s,ɐ,n,˥
呼,f,u:,,˥
命,m,ɛ:,ŋ,˨
呾,t,a:,t,˧
呿,kʰ,ɵy,,˥
咀,ts,ɵy,,˧˥
咁,k,ɐ,m,˧
咂,s,ɐ,p,˥
咃,,,,
咄,tsʰ,y:,t,˧
咅,,,,
咆,pʰ,a:u,,˩˨
咇,p,i:,t,˥
咈,f,ɐ,t,˥
咉,,,,
咊,w,ɔ:,,˩˨
咋,ts,a:,,˧
和,w,ɔ:,,˩˨
咍,h,ɔ:i,,˥
咎,k,ɐu,,˧
咏,w,ɪ,ŋ,˨
咐,f,u:,,˧
咑,t,ɐ,k,˥
咒,ts,ɐu,,˧
咓,,a:,,˩˧
咔,kʰ,a:,,˥
咕,k,u:,,˥
咖,k,a:,,˥
咗,ts,ɔ:,,˧˥
咘,,,,
咙,l,ʊ,ŋ,˩˨
咚,t,ʊ,ŋ,˥
咛,n,ɪ,ŋ,˩˨
咜,,,,
咝,,,,
咞,,,,
咟,,,,
咠,tsʰ,ɐ,p,˥
咡,j,i:,,˨
咢,ŋ,ɔ:,k,˨
咣,,,,
咤,ts,a:,,˥
咥,t,i:,t,˨
咦,j,i:,,˧˥
咧,l,ɛ:,,˧˥
咨,ts,i:,,˥
咩,m,ɛ:,,˥
咪,m,ɐi,,˥
咫,ts,i:,,˧˥
咬,ŋ,a:u,,˩˧
咭,kʰ,a:,t,˥
咮,ts,ɐu,,˧
咯,k,a:,k,˧
咰,,,,
咱,ts,a:,,˥
咲,,,,
咳,h,a:i,,˥
咴,ŋ,ɐi,,˥
咵,,,,
咶,s,i:,,˨
咷,tʰ,ou,,˩˨
咸,h,a:,m,˩˨
咹,h,ɔ:,n,˥
咺,h,y:,n,˥
咻,h,ɵy,,˧˥
咼,kw,a:,,˧
咽,j,i:,n,˥
咾,,,,
咿,j,i:,,˥
哀,,ɔ:i,,˥
品,p,ɐ,n,˧˥
哂,tsʰ,ɐ,n,˧˥
哃,,,,
哄,h,ʊ,ŋ,˧˥
哅,h,ʊ,ŋ,˥
哆,tsʰ,ɛ:,,˧˥
哇,w,a:,,˥
哈,h,a:,,˥
哉,ts,ɔ:i,,˥
哊,,,,
哋,t,ei,,˨
哌,k,u:,,˥
响,h,œ:,ŋ,˧˥
哎,,a:i,,˥
哏,k,ɐ,n,˥
哐,,,,
哑,,a:,,˥
哒,t,a:,t,˨
哓,h,i:u,,˥
哔,p,ɐ,t,˥
哕,j,y:,t,˨
哖,,,,
哗,j,i:,p,˨
哘,,,,
哙,f,a:i,,˧
哚,t,ɔ:,,˧˥
哛,,,,
哜,tsʰ,ɐi,,˨
哝,n,ʊ,ŋ,˩˨
哞,m,ɐu,,˥
哟,j,ɔ:,,˥
哠,,,,
員,j,y:,n,˩˨
哢,l,ʊ,ŋ,˨
哣,t,ɐu,,˨
哤,m,ɔ:,ŋ,˩˨
哥,k,ɔ:,,˥
哦,ŋ,ɔ:,,˩˨
哧,tsʰ,i:,,˥
哨,s,a:u,,˧
哩,l,ɛ:,,˥
哪,n,a:,,˥
哫,ts,ʊ,k,˥
哬,,,,
哭,h,ʊ,k,˥
哮,h,a:u,,˥
哯,,,,
哰,,,,
哱,p,u:,t,˨
哲,ts,i:,t,˧
哳,ts,a:,t,˧
哴,,,,
哵,,,,
哶,m,ɛ:,,˥
哷,l,y:,t,˧
哸,,,,
哹,,,,
哺,p,ou,,˨
哻,,,,
哼,h,ɐ,ŋ,˥
哽,kʰ,ɐ,ŋ,˧˥
哾,,,,
哿,k,ɔ:,,˧˥
唀,,,,
唁,j,i:,n,˨
唂,k,ʊ,k,˥
唃,k,ʊ,k,˥
唄,p,a:i,,˨
唅,h,ɐ,m,˥
唆,s,ɔ:,,˥
唇,,,,
唈,j,ɐ,p,˥
唉,,a:i,,˥
唊,k,a:,p,˧
唋,,,,
唌,j,i:,n,˩˨
唍,,,,
唎,l,ɛ:,,˧
唏,h,ei,,˥
唐,tʰ,ɔ:,ŋ,˩˨
唑,ts,ɔ:,,˨
唒,,,,
唓,tsʰ,ɛ:,,˥
唔,m,̩,,˩˨
唕,,,,
唖,,,,
唗,t,ɐu,,˥
唘,,,,
唙,,,,
唚,tsʰ,ɐ,m,˧
唛,m,ɐ,k,˥
唜,,,,
唝,k,ʊ,ŋ,˧
唞,tʰ,ɐu,,˧˥
唟,,,,
唠,l,ou,,˩˨
唡,l,œ:,ŋ,˧˥
唢,s,ɔ:,,˧˥
唣,,,,
唤,f,u:,n,˧
唥,l,a:,ŋ,˥
唦,s,a:,,˥
唧,ts,ɛ:,k,˥
唨,ts,ɔ:,,˧˥
唩,,,,
唪,f,ʊ,ŋ,˧˥
唫,,,,
唬,f,u:,,˧˥
唭,kʰ,ei,,˧
售,s,ɐu,,˨
唯,w,ɐi,,˩˨
唰,tsʰ,a:,t,˧
唱,tsʰ,œ:,ŋ,˧
唲,j,i:,,˩˨
唳,l,ɵy,,˨
唴,k,œ:,ŋ,˨
唵,,ɐ,m,˧˥
唶,ts,a:,k,˧
唷,j,ɔ:,,˥
唸,n,i:,m,˨
唹,,,,
唺,,,,
唻,,,,
唼,tsʰ,i:,p,˧
唽,,,,
唾,tʰ,ɔ:,,˧
唿,f,ɐ,t,˥
啀,ŋ,a:i,,˩˨
啁,ts,ɐu,,˥
啂,,,,
啃,h,ɐ,ŋ,˧˥
啄,t,œ:,k,˧
啅,t,œ:,k,˧
商,s,œ:,ŋ,˥
啇,,,,
啈,h,ɐ,ŋ,˥
啉,l,ɐ,m,˥
啊,,a:,,˥
啋,tsʰ,ɔ:i,,˥
啌,,,,
啍,tʰ,ɵ,n,˥
啎,ŋ,,,˩˧
問,m,ɐ,n,˨
啐,tsʰ,ɵy,,˧
啑,t,i:,p,˨
啒,,,,
啓,kʰ,ɐi,,˧˥
啔,,,,
啕,tʰ,ou,,˩˨
啖,t,a:,m,˨
啗,t,a:,m,˨
啘,,,,
啙,,,,
啚,,,,
啛,tsʰ,ɐi,,˥
啜,ts,y:,t,˧
啝,w,ɔ:,,˨
啞,,a:,,˥
啟,kʰ,ɐi,,˧˥
啠,,,,
啡,f,ɛ:,,˥
啢,l,œ:,ŋ,˧˥
啣,h,a:,m,˩˨
啤,pʰ,ɛ:,,˥
啥,s,a:,,˥
啦,l,a:,,˥
啧,ts,a:,k,˧
啨,,,,
啩,kw,a:,,˧
啪,pʰ,a:,k,˥
啫,ts,ɛ:,,˥
啬,s,ɪ,k,˥
啭,ts,y:,n,˧˥
啮,j,i:,t,˨
啯,,,,
啰,l,ɔ:,,˧
啱,ŋ,a:,m,˥
啲,t,i:,,˥
啳,,,,
啴,tʰ,a:,n,˥
啵,p,ɔ:,,˥
啶,t,ɪ,ŋ,˨
啷,l,ɔ:,ŋ,˥
啸,s,i:u,,˧
啹,k,ɵy,,˥
啺,,,,
啻,tsʰ,i:,,˧
啼,tʰ,ɐi,,˩˨
啽,,ɐ,m,˥
啾,ts,ɐu,,˥
啿,,,,
喀,h,a:,k,˧
喁,j,ʊ,ŋ,˩˨
喂,w,ɐi,,˧˥
喃,n,a:,m,˩˨
善,s,i:,n,˨
喅,,,,
喆,ts,i:,t,˧
喇,l,a:,,˥
喈,k,a:i,,˥
喉,h,ɐu,,˩˨
喊,h,a:,m,˧
喋,t,i:,p,˨
喌,ts,ɐu,,˥
喍,tsʰ,a:i,,˩˨
喎,w,a:,,˥
喏,j,ɛ:,,˩˧
喐,j,ʊ,k,˥
喑,j,ɐ,m,˥
喒,ts,a:,,˥
喓,j,i:u,,˥
喔,,ɐ,k,˥
喕,,,,
喖,,,,
喗,,,,
喘,tsʰ,y:,n,˧˥
喙,f,u:i,,˧
喚,f,u:,n,˧
喛,,,,
喜,h,ei,,˧˥
喝,h,ɔ:,t,˧
喞,,,,
喟,w,ɐi,,˧˥
喠,,,,
喡,,,,
喢,s,a:,p,˧
喣,h,ɵy,,˧˥
喤,w,ɔ:,ŋ,˩˨
喥,t,ou,,˨
喦,ŋ,a:,m,˩˨
喧,h,y:,n,˥
喨,l,œ:,ŋ,˨
喩,,,,
喪,s,ɔ:,ŋ,˧
喫,h,ɛ:,k,˧
喬,kʰ,i:u,,˩˨
喭,j,i:,n,˩˧
單,t,a:,n,˥
喯,,,,
喰,,,,
喱,l,ei,,˥
喲,j,ɔ:,,˥
喳,tsʰ,a:,,˥
喴,w,ɐi,,˥
喵,m,i:u,,˥
営,,,,
喷,f,ɐ,n,˩˧
喸,,,,
喹,,,,
喺,h,ɐi,,˧˥
喻,j,y:,,˨
喼,k,ɛ:,p,˥
喽,l,ɐu,,˧
喾,k,ʊ,k,˥
喿,tsʰ,ɔ:,,˧
嗀,h,ɔ:,k,˧
嗁,tʰ,ɐi,,˩˨
嗂,,,,
嗃,h,a:u,,˥
嗄,,a:,,˧˥
嗅,tsʰ,ɐu,,˧
嗆,tsʰ,œ:,ŋ,˥
嗇,s,ɪ,k,˥
嗈,j,ʊ,ŋ,˥
嗉,s,ou,,˧
嗊,k,ʊ,ŋ,˧
嗋,h,i:,p,˧
嗌,,a:i,,˧
嗍,s,ɔ:,k,˧
嗎,m,a:,,˥
嗏,tsʰ,a:,,˥
嗐,h,a:i,,˨
嗑,h,a:,p,˧
嗒,t,a:,p,˥
嗓,s,ɔ:,ŋ,˥
嗔,tsʰ,ɐ,n,˥
嗕,,,,
嗖,s,ɐu,,˥
嗗,k,u:,t,˧˥
嗘,,,,
嗙,pʰ,ɔ:,ŋ,˧
嗚,w,u:,,˥
嗛,h,a:,m,˩˨
嗜,s,i:,,˧
嗝,k,a:,k,˧
嗞,ts,i:,,˥
嗟,ts,ɛ:,,˥
嗠,,,,
嗡,j,ʊ,ŋ,˥
嗢,w,ɐ,t,˥
嗣,ts,i:,,˨
嗤,tsʰ,i:,,˥
嗥,h,ou,,˩˨
嗦,s,ɔ:,,˥
嗧,,,,
嗨,h,ei,,˥
嗩,s,ɔ:,,˧˥
嗪,,,,
嗫,ts,i:,p,˧
嗬,h,ɔ:,,˧˥
嗭,,,,
嗮,s,a:i,,˧
嗯,ŋ,,,˧˥
嗰,k,ɔ:,,˧˥
嗱,n,a:,,˩˨
嗲,t,ɛ:,,˧˥
嗳,,ɔ:i,,˧˥
嗴,,,,
嗵,,,,
嗶,p,ɐ,t,˥
嗷,ŋ,ou,,˥
嗸,,,,
嗹,l,i:,n,˩˨
嗺,tsʰ,ɵy,,˥
嗻,s,y:,,˧
嗼,m,ɔ:,k,˨
嗽,s,ɐu,,˧˥
嗾,s,ɐu,,˧˥
嗿,tʰ,a:,m,˧˥
嘀,t,ɪ,k,˥
嘁,tsʰ,i:,,˥
嘂,k,i:u,,˧
嘃,,,,
嘄,,,,
嘅,k,ɛ:,,˧
嘆,tʰ,a:,n,˧
嘇,,,,
嘈,tsʰ,ou,,˩˨
嘉,k,a:,,˥
嘊,,,,
嘋,,,,
嘌,pʰ,i:u,,˥
嘍,l,ɐu,,˧
嘎,k,a:,,˥
嘏,k,a:,,˧˥
嘐,h,a:u,,˥
嘑,l,a:,,˧
嘒,w,ɐi,,˧
嘓,kw,ɔ:,k,˧
嘔,ŋ,ɐu,,˧˥
嘕,h,i:,n,˥
嘖,ts,a:,k,˧
嘗,s,œ:,ŋ,˩˨
嘘,h,ɵy,,˥
嘙,,,,
嘚,,,,
嘛,m,a:,,˧
嘜,m,ɐ,k,˥
嘝,h,ʊ,k,˨
嘞,l,a:,k,˧
嘟,t,ou,,˥
嘠,,,,
嘡,,,,
嘢,j,ɛ:,,˩˧
嘣,,,,
嘤,,ɐ,ŋ,˥
嘥,s,a:i,,˥
嘦,,,,
嘧,m,ɐ,t,˨
嘨,,,,
嘩,j,i:,p,˨
嘪,,,,
嘫,,,,
嘬,tsʰ,a:i,,˧
嘭,p,a:,ŋ,˩˨
嘮,l,ou,,˩˨
嘯,s,i:u,,˧
嘰,k,ei,,˥
嘱,ts,ʊ,k,˥
嘲,ts,a:u,,˥
嘳,kʰw,a:i,,˧
嘴,ts,ɵy,,˧˥
嘵,h,i:u,,˥
嘶,s,ɐi,,˥
嘷,,,,
嘸,f,u:,,˧˥
嘹,l,i:u,,˩˨
嘺,kʰ,i:u,,˧˥
嘻,h,ei,,˥
嘼,,,,
嘽,tsʰ,i:,n,˧˥
嘾,,,,
嘿,h,ei,,˥
噀,s,ɵ,n,˧
噁,ŋ,ɔ:,k,˧
噂,ts,y:,n,˧˥
噃,p,ɔ:,,˧
噄,,,,
噅,ŋ,ɐi,,˥
噆,tsʰ,a:,m,˧˥
噇,,,,
噈,,,,
噉,t,a:,m,˨
噊,w,ɐ,t,˨
噋,,,,
噌,tsʰ,ɐ,ŋ,˥
噍,ts,i:u,,˨
噎,j,i:,t,˧
噏,ŋ,ɐ,p,˥
噐,,,,
噑,,,,
噒,l,ɵ,n,˥
噓,h,ɵy,,˥
噔,t,ɐ,ŋ,˥
噕,,,,
噖,,,,
噗,pʰ,ɔ:,k,˧
噘,kʰ,y:,t,˧
噙,kʰ,ɐ,m,˩˨
噚,tsʰ,ɐ,m,˩˨
噛,,,,
噜,l,ou,,˥
噝,,,,
噞,j,i:,m,˥
噟,,,,
噠,t,a:,t,˨
噡,,,,
噢,j,ʊ,k,˥
噣,t,œ:,k,˧
噤,k,ɐ,m,˧
噥,n,ʊ,ŋ,˩˨
噦,j,y:,t,˨
噧,,,,
器,h,ei,,˧
噩,ŋ,ɔ:,k,˨
噪,tsʰ,ou,,˧
噫,j,i:,,˥
噬,s,ɐi,,˨
噭,k,i:u,,˧
噮,,,,
噯,,ɔ:i,,˧˥
噰,j,ʊ,ŋ,˥
噱,tsʰ,œ:,k,˧
噲,f,a:i,,˧
噳,j,y:,,˩˧
噴,f,ɐ,n,˩˧
噵,,,,
噶,k,a:,,˥
噷,,ɐ,m,˥
噸,t,ɵ,n,˥
噹,t,ɔ:,ŋ,˥
噺,,,,
噻,,,,
噼,pʰ,ɛ:,k,˥
噽,,,,
噾,,,,
噿,,,,
嚀,n,ɪ,ŋ,˩˨
嚁,,,,
嚂,l,a:,m,˩˨
嚃,t,a:,p,˧
嚄,,ɔ:,,˧˥
嚅,j,y:,,˩˨
嚆,h,ou,,˥
嚇,h,a:,k,˧
嚈,,a:,t,˧
嚉,t,ɵy,,˧
嚊,p,ɛ:,,˨
嚋,,,,
嚌,tsʰ,ɐi,,˨
嚍,,,,
嚎,h,ou,,˩˨
嚏,tʰ,ɐi,,˧
嚐,s,œ:,ŋ,˩˨
嚑,,,,
嚒,,,,
嚓,tsʰ,a:,t,˧
嚔,,,,
嚕,l,ou,,˥
嚖,,,,
嚗,p,ɔ:,k,˧
嚘,j,ɐu,,˥
嚙,j,i:,t,˨
嚚,ŋ,ɐ,n,˩˨
嚛,,,,
嚜,m,a:,,˥
嚝,,,,
嚞,,,,
嚟,l,ei,,˩˨
嚠,l,ɐu,,˩˨
嚡,h,a:i,,˩˨
嚢,,,,
嚣,h,i:u,,˥
嚤,m,ɔ:,,˥
嚥,j,i:,n,˥
嚦,l,ɪ,k,˨
嚧,,,,
嚨,l,ʊ,ŋ,˩˨
嚩,,,,
嚪,t,a:,m,˨
嚫,tsʰ,ɐ,n,˧
嚬,pʰ,ɐ,n,˩˨
嚭,pʰ,ei,,˧˥
嚮,h,œ:,ŋ,˧˥
嚯,,,,
嚰,,,,
嚱,h,ei,,˧
嚲,t,ɔ:,,˧˥
嚳,k,ʊ,k,˥
嚴,j,i:,m,˩˨
嚵,tsʰ,a:,m,˩˨
嚶,,ɐ,ŋ,˥
嚷,j,œ:,ŋ,˩˧
嚸,,,,
嚹,l,a:,,˧
嚺,,,,
嚻,,,,
嚼,ts,i:u,,˨
嚽,,,,
嚾,f,u:,n,˥
嚿,k,ɐu,,˨
囀,ts,y:,n,˧˥
囁,ts,i:,p,˧
囂,h,i:u,,˥
囃,,,,
囄,l,ɐi,,˩˨
囅,tsʰ,i:,n,˧˥
囆,tsʰ,a:i,,˧
囇,,,,
囈,ŋ,ɐi,,˨
囉,l,ɔ:,,˧
囊,n,ɔ:,ŋ,˩˨
囋,ts,a:,n,˧
囌,s,ou,,˥
囍,h,ei,,˧˥
囎,,,,
囏,,,,
囐,,,,
囑,ts,ʊ,k,˥
囒,l,a:,n,˥
囓,j,i:,t,˨
囔,n,ɔ:,ŋ,˩˨
囕,,,,
囖,l,ɔ:,,˥
囗,w,ɐi,,˩˨
囘,w,u:i,,˩˨
囙,,,,
囚,tsʰ,ɐu,,˩˨
四,s,ei,,˧
囜,,,,
囝,n,a:,m,˩˨
回,w,u:i,,˩˨
囟,s,ɵ,n,˧
因,j,ɐ,n,˥
囡,n,a:,m,˩˨
团,tʰ,y:,n,˩˨
団,,,,
囤,t,ɵ,n,˨
囥,,,,
囦,,,,
囧,kw,ɪ,ŋ,˧˥
囨,,,,
囩,,,,
囪,tsʰ,œ:,ŋ,˥
囫,f,ɐ,t,˥
囬,w,u:i,,˩˨
园,j,y:,n,˩˨
囮,j,ɐu,,˩˨
囯,kw,ɔ:,k,˧
困,kʰw,ɐ,n,˧
囱,tsʰ,œ:,ŋ,˥
囲,,,,
図,,,,
围,w,ɐi,,˩˨
囵,l,ɵ,n,˩˨
囶,,,,
囷,kʰw,ɐ,n,˥
囸,,,,
囹,l,ɪ,ŋ,˩˨
固,k,u:,,˧
囻,,,,
囼,,,,
国,kw,ɔ:,k,˧
图,tʰ,ou,,˩˨
囿,j,ɐu,,˨
圀,,,,
圁,ŋ,ɐ,n,˩˨
圂,w,ɐ,n,˨
圃,p,ou,,˧˥
圄,j,y:,,˩˧
圅,,,,
圆,j,y:,n,˩˨
圇,l,ɵ,n,˩˨
圈,k,y:,n,˨
圉,j,y:,,˩˧
圊,tsʰ,ɪ,ŋ,˥
國,kw,ɔ:,k,˧
圌,tsʰ,y:,n,˧˥
圍,w,ɐi,,˩˨
圎,,,,
圏,,,,
圐,,,,
圑,,,,
園,j,y:,n,˩˨
圓,j,y:,n,˩˨
圔,,,,
圕,,,,
圖,tʰ,ou,,˩˨
圗,,,,
團,tʰ,y:,n,˩˨
圙,,,,
圚,,,,
圛,j,ɪ,k,˨
圜,j,y:,n,˩˨
圝,,,,
圞,l,y:,n,˩˨
土,tʰ,ou,,˧˥
圠,tsʰ,a:,k,˧
圡,,,,
圢,t,ɪ,ŋ,˥
圣,s,ɪ,ŋ,˧
圤,,,,
圥,,,,
圦,,,,
圧,,,,
在,ts,ɔ:i,,˨
圩,h,ɵy,,˥
圪,k,a:,k,˧
圫,,,,
圬,w,u:,,˥
圭,kw,ɐi,,˥
圮,pʰ,ei,,˧˥
圯,j,i:,,˩˨
地,t,ei,,˨
圱,,,,
圲,,,,
圳,ts,ɐ,n,˧
圴,,,,
圵,,,,
圶,,,,
圷,,,,
圸,,,,
圹,kʰw,ɔ:,ŋ,˧
场,tsʰ,œ:,ŋ,˩˨
圻,kʰ,ei,,˩˨
圼,,,,
圽,,,,
圾,kʰ,ɐ,p,˥
圿,,,,
址,ts,i:,,˧˥
坁,ts,i:,,˧˥
坂,p,a:,n,˧˥
坃,,,,
坄,,,,
坅,k,ɐ,m,˧˥
坆,f,ɐ,n,˩˨
均,kw,ɐ,n,˥
坈,,,,
坉,n,ɐ,ŋ,˩˨
坊,f,ɔ:,ŋ,˥
坋,p,ɐ,n,˧
坌,p,ɐ,n,˧
坍,tʰ,a:,n,˥
坎,h,ɐ,m,˥
坏,w,a:i,,˨
坐,ts,ɔ:,,˨
坑,h,a:,ŋ,˥
坒,p,ɐi,,˨
坓,,,,
坔,,,,
坕,,,,
坖,,,,
块,f,a:i,,˧
坘,,,,
坙,,,,
坚,k,i:,n,˥
坛,tʰ,a:,n,˩˨
坜,l,ɪ,k,˨
坝,p,a:,,˧
坞,w,u:,,˧˥
坟,f,ɐ,n,˩˨
坠,ts,ɵy,,˨
坡,p,ɔ:,,˥
坢,,,,
坣,,,,
坤,kʰw,ɐ,n,˥
坥,,,,
坦,tʰ,a:,n,˧˥
坧,,,,
坨,tʰ,ɔ:,,˩˨
坩,h,ɐ,m,˥
坪,pʰ,ɪ,ŋ,˩˨
坫,t,i:,m,˧
坬,,,,
坭,n,ɐi,,˩˨
坮,,,,
坯,pʰ,u:i,,˥
坰,kw,ɪ,ŋ,˥
坱,j,œ:,ŋ,˧˥
坲,f,ɐ,t,˨
坳,,a:u,,˥
坴,l,ʊ,k,˨
坵,j,ɐu,,˥
坶,m,ʊ,k,˨
坷,h,ɔ:,,˥
坸,,,,
坹,,,,
坺,p,a:,t,˨
坻,tsʰ,i:,,˩˨
坼,tsʰ,a:,k,˧
坽,,,,
坾,,,,
坿,,,,
垀,,,,
垁,,,,
垂,s,ɵy,,˩˨
垃,l,a:,p,˨
垄,l,ʊ,ŋ,˩˧
垅,,,,
垆,l,ou,,˩˨
垇,,,,
垈,,,,
垉,,,,
垊,,,,
型,j,ɪ,ŋ,˩˨
垌,t,ʊ,ŋ,˨
垍,,,,
垎,,,,
垏,,,,
垐,,,,
垑,,,,
垒,l,ɵy,,˩˧
垓,k,ɔ:i,,˥
垔,j,ɐ,n,˥
垕,h,ɐu,,˩˧
垖,,,,
垗,ts,i:u,,˨
垘,,,,
垙,,,,
垚,j,i:u,,˥
垛,t,ɔ:,,˧˥
垜,t,ɔ:,,˧˥
垝,kw,ɐi,,˧˥
垞,tsʰ,a:,,˩˨
垟,j,œ:,ŋ,˩˨
垠,ŋ,ɐ,n,˩˨
垡,,,,
垢,k,ɐu,,˧
垣,w,u:,n,˩˨
垤,t,i:,t,˨
垥,,,,
垦,h,ɐ,n,˧˥
垧,kw,ɪ,ŋ,˥
垨,,,,
垩,,ɔ:,k,˧
垪,,,,
垫,t,i:,m,˧
垬,,,,
垭,,a:,,˧
垮,kʰw,a:,,˥
垯,,,,
垰,,,,
垱,,,,
垲,h,ɔ:i,,˧˥
垳,,,,
垴,,,,
垵,,ɐ,m,˥
垶,,,,
垷,,,,
垸,j,y:,n,˩˨
垹,,,,
垺,f,u:,,˥
垻,p,a:,,˧
垼,j,ɪ,k,˨
垽,j,ɐ,n,˨
垾,,,,
垿,,,,
埀,,,,
埁,,,,
埂,k,ɐ,ŋ,˧˥
埃,,a:i,,˥
埄,,,,
埅,,,,
埆,k,ɔ:,k,˧
埇,tsʰ,ʊ,ŋ,˥
埈,,,,
埉,,,,
埊,,,,
埋,m,a:i,,˩˨
埌,j,œ:,ŋ,˩˧
埍,,,,
城,s,ɛ:,ŋ,˩˨
埏,j,i:,n,˩˨
埐,,,,
埑,,,,
埒,l,y:,t,˧
埓,,,,
埔,p,ou,,˧
埕,tsʰ,ɪ,ŋ,˩˨
埖,,,,
埗,p,ou,,˨
埘,s,i:,,˩˨
埙,h,y:,n,˥
埚,w,ɔ:,,˥
埛,,,,
埜,j,ɛ:,,˩˧
埝,n,ɐ,p,˥
埞,t,ɛ:,ŋ,˨
域,w,ɪ,k,˨
埠,p,ou,,˨
埡,,a:,,˧
埢,k,y:,n,˧
埣,,,,
埤,pʰ,ei,,˩˨
埥,,,,
埦,,,,
埧,k,ɵy,,˨
埨,,,,
埩,,,,
埪,,,,
埫,,,,
埬,,,,
埭,t,ɐi,,˨
埮,,,,
埯,,ɐ,m,˧˥
埰,tsʰ,ɔ:i,,˧
埱,,,,
埲,p,ʊ,ŋ,˨
埳,h,ɐ,m,˧˥
埴,ts,ɪ,k,˨
埵,t,ɔ:,,˧˥
埶,ŋ,ɐi,,˨
執,ts,ɐ,p,˥
埸,j,ɪ,k,˨
培,pʰ,u:i,,˩˨
基,k,ei,,˥
埻,ts,ɵ,n,˧˥
埼,kʰ,ei,,˩˨
埽,s,ou,,˧
埾,,,,
埿,,,,
堀,f,ɐ,t,˥
堁,f,ɔ:,,˧˥
堂,tʰ,ɔ:,ŋ,˩˨
堃,kʰw,ɐ,n,˥
堄,ŋ,ɐi,,˨
堅,k,i:,n,˥
堆,t,ɵy,,˥
堇,k,ɐ,n,˧˥
堈,k,ɔ:,ŋ,˥
堉,j,ʊ,k,˨
堊,,ɔ:,k,˧
堋,p,ɐ,ŋ,˥
堌,k,u:,,˧
堍,tʰ,ou,,˧
堎,l,ɪ,ŋ,˩˨
堏,,,,
堐,ŋ,a:i,,˩˨
堑,tsʰ,i:,m,˧
堒,,,,
堓,,,,
堔,,,,
堕,t,ɔ:,,˨
堖,,,,
堗,,,,
堘,s,ɪ,ŋ,˩˨
堙,j,ɐ,n,˥
堚,,,,
堛,pʰ,ɪ,k,˥
堜,,,,
堝,w,ɔ:,,˥
堞,t,i:,p,˨
堟,,,,
堠,h,ɐu,,˨
堡,p,ou,,˧˥
堢,,,,
堣,,,,
堤,tʰ,ɐi,,˩˨
堥,,,,
堦,k,a:i,,˥
堧,j,y:,n,˩˨
堨,,a:,t,˧
堩,k,ɐ,ŋ,˧˥
堪,h,ɐ,m,˧
堫,,,,
堬,,,,
堭,w,ɔ:,ŋ,˩˨
堮,ŋ,ɔ:,k,˨
堯,j,i:u,,˩˨
堰,j,i:,n,˧˥
報,p,ou,,˧
堲,ts,ɪ,k,˥
堳,m,ei,,˩˨
場,tsʰ,œ:,ŋ,˩˨
堵,t,ou,,˧˥
堶,tʰ,ɔ:,,˩˨
堷,,,,
堸,,,,
堹,,,,
堺,,,,
堻,,,,
堼,,,,
堽,k,ɔ:,ŋ,˥
堾,,,,
堿,k,a:,n,˧˥
塀,,,,
塁,,,,
塂,,,,
塃,,,,
塄,,,,
塅,,,,
塆,,,,
塇,,,,
塈,h,ei,,˧
塉,,,,
塊,f,a:i,,˧
塋,j,ɪ,ŋ,˩˨
塌,tʰ,a:,p,˧
塍,s,ɪ,ŋ,˩˨
塎,,,,
塏,h,ɔ:i,,˧˥
塐,s,ou,,˧
塑,s,ɔ:,k,˧
塒,s,i:,,˩˨
塓,m,ɪ,k,˨
塔,tʰ,a:,p,˧
塕,j,ʊ,ŋ,˥
塖,,,,
塗,tʰ,ou,,˩˨
塘,tʰ,ɔ:,ŋ,˩˨
塙,kʰ,ɔ:,k,˧
塚,tsʰ,ʊ,ŋ,˧˥
塛,,,,
塜,,,,
塝,,,,
塞,tsʰ,ɔ:i,,˧
塟,ts,ɔ:,ŋ,˧
塠,,,,
塡,tʰ,i:,n,˩˨
塢,w,u:,,˧˥
塣,,,,
塤,h,y:,n,˥
塥,k,a:,k,˧
塦,,,,
塧,,,,
塨,k,ʊ,ŋ,˥
塩,,,,
塪,,,,
填,tʰ,i:,n,˩˨
塬,,,,
塭,,,,
塮,,,,
塯,,,,
塰,,,,
塱,l,ɔ:,ŋ,˩˧
塲,tsʰ,œ:,ŋ,˩˨
塳,p,ʊ,ŋ,˨
塴,p,ɐ,ŋ,˥
塵,tsʰ,ɐ,n,˩˨
塶,,,,
塷,,,,
塸,,,,
塹,tsʰ,i:,m,˧
塺,m,ɔ:,,˩˨
塻,,,,
塼,ts,y:,n,˥
塽,s,ɔ:,ŋ,˧˥
塾,s,ʊ,k,˨
塿,l,ɐu,,˩˧
墀,tsʰ,i:,,˩˨
墁,m,a:,n,˨
墂,,,,
境,k,ɪ,ŋ,˧˥
墄,,,,
墅,s,ɵy,,˩˧
墆,t,ɐi,,˧
墇,k,ɪ,ŋ,˧˥
墈,h,ɐ,m,˧
墉,j,ʊ,ŋ,˩˨
墊,t,i:,m,˧
墋,tsʰ,ɐ,m,˧˥
墌,,,,
墍,,,,
墎,kw,ɔ:,k,˧
墏,,,,
墐,k,ɐ,n,˧˥
墑,s,œ:,ŋ,˥
墒,,,,
墓,m,ou,,˨
墔,tsʰ,ɵy,,˩˨
墕,,,,
墖,,,,
増,,,,
墘,kʰ,ɪ,ŋ,˩˨
墙,tsʰ,œ:,ŋ,˩˨
墚,,,,
墛,,,,
墜,ts,ɵy,,˨
墝,h,a:u,,˥
增,ts,ɐ,ŋ,˥
墟,h,ɵy,,˥
墠,s,i:,n,˨
墡,s,i:,n,˨
墢,,,,
墣,pʰ,ɔ:,k,˧
墤,tʰ,ɵy,,˩˨
墥,,,,
墦,f,a:,n,˩˨
墧,,,,
墨,m,ɐ,k,˨
墩,t,ɐ,n,˥
墪,t,ɐ,n,˥
墫,tsʰ,y:,n,˥
墬,t,ei,,˨
墭,,,,
墮,t,ɔ:,,˨
墯,t,ɔ:,,˨
墰,tʰ,a:,m,˩˨
墱,t,ɐ,ŋ,˧
墲,,,,
墳,f,ɐ,n,˩˨
墴,,,,
墵,,,,
墶,,,,
墷,,,,
墸,,,,
墹,,,,
墺,,ou,,˧
墻,tsʰ,œ:,ŋ,˩˨
墼,k,ɪ,k,˥
墽,,,,
墾,h,ɐ,n,˧˥
墿,,,,
壀,,,,
壁,p,ɛ:,k,˧
壂,,,,
壃,,,,
壄,,,,
壅,j,ʊ,ŋ,˥
壆,p,ɔ:,k,˧
壇,tʰ,a:,n,˩˨
壈,l,ɐ,m,˩˧
壉,,,,
壊,,,,
壋,,,,
壌,j,œ:,ŋ,˨
壍,tsʰ,i:,m,˧
壎,h,y:,n,˥
壏,h,a:,m,˩˧
壐,,,,
壑,kʰ,ɔ:,k,˧
壒,,ɔ:i,,˧˥
壓,,a:,t,˧
壔,t,ou,,˧˥
壕,h,ou,,˩˨
壖,j,y:,n,˩˨
壗,,,,
壘,l,ɵy,,˩˧
壙,kʰw,ɔ:,ŋ,˧
壚,l,ou,,˩˨
壛,j,i:,m,˩˨
壜,,,,
壝,w,ɐi,,˧˥
壞,w,a:i,,˨
壟,l,ʊ,ŋ,˩˧
壠,,,,
壡,,,,
壢,l,ɛ:,k,˨
壣,,,,
壤,j,œ:,ŋ,˨
壥,,,,
壦,,,,
壧,,,,
壨,,,,
壩,p,a:,,˧
壪,,,,
士,s,i:,,˨
壬,j,ɐ,m,˩˨
壭,,,,
壮,ts,ɔ:,ŋ,˧
壯,ts,ɔ:,ŋ,˧
声,s,ɛ:,ŋ,˥
壱,,,,
売,,,,
壳,h,ɔ:,k,˧
壴,s,y:,,˨
壵,,,,
壶,w,u:,,˩˨
壷,,,,
壸,kʰw,ɐ,n,˧˥
壹,j,ɐ,t,˥
壺,w,u:,,˩˨
壻,s,ɐi,,˧
壼,kʰw,ɐ,n,˧˥
壽,s,ɐu,,˨
壾,,,,
壿,tsʰ,y:,n,˥
夀,s,ɐu,,˨
夁,,,,
夂,k,ɐu,,˧˥
夃,,,,
处,s,y:,,˧
夅,,,,
夆,f,ʊ,ŋ,˥
备,p,ei,,˨
夈,,,,
変,,,,
夊,s,ɵy,,˥
夋,,,,
夌,l,ɪ,ŋ,˩˨
复,f,ɐu,,˨
夎,,,,
夏,h,a:,,˨
夐,h,ɪ,ŋ,˧
夑,,,,
夒,n,a:u,,˩˨
夓,,,,
夔,kʰw,ɐi,,˩˨
夕,ts,ɪ,k,˨
外,ŋ,ɔ:i,,˨
夗,j,y:,n,˧˥
夘,,,,
夙,s,ʊ,k,˥
多,t,ɔ:,,˥
夛,,,,
夜,j,ɛ:,,˨
夝,,,,
夞,,,,
够,k,ɐu,,˧
夠,k,ɐu,,˧
夡,,,,
夢,m,ʊ,ŋ,˨
夣,,,,
夤,j,ɐ,n,˩˨
夥,f,ɔ:,,˧˥
夦,,,,
大,t,a:i,,˨
夨,,,,
天,tʰ,i:,n,˥
太,tʰ,a:i,,˧
夫,f,u:,,˥
夬,kw,a:i,,˧˥
夭,j,i:u,,˥
央,j,œ:,ŋ,˥
夯,h,a:,ŋ,˥
夰,,,,
失,s,ɐ,t,˥
夲,,,,
夳,,,,
头,tʰ,ɐu,,˧˥
夵,,,,
夶,,,,
夷,j,i:,,˩˨
夸,kʰw,a:,,˥
夹,k,a:,p,˧
夺,t,y:,t,˨
夻,,,,
夼,kʰ,ɔ:,ŋ,˧
夽,,,,
夾,k,a:,p,˧
夿,,,,
奀,ŋ,ɐ,n,˥
奁,l,i:,m,˩˨
奂,w,u:,n,˨
奃,,,,
奄,j,i:,m,˥
奅,pʰ,a:u,,˧
奆,,,,
奇,kʰ,ei,,˩˨
奈,n,ɔ:i,,˨
奉,f,ʊ,ŋ,˨
奊,,,,
奋,f,ɐ,n,˩˧
奌,,,,
奍,,,,
奎,f,u:i,,˥
奏,ts,ɐu,,˧
奐,w,u:,n,˨
契,kʰ,ɐi,,˧
奒,,,,
奓,tsʰ,i:,,˧˥
奔,p,ɐ,n,˥
奕,j,ɪ,k,˨
奖,ts,œ:,ŋ,˧˥
套,tʰ,ou,,˧
奘,ts,ɔ:,ŋ,˥
奙,,,,
奚,h,ɐi,,˩˨
奛,,,,
奜,,,,
奝,,,,
奞,,,,
奟,,,,
奠,t,i:,n,˨
奡,ŋ,ou,,˨
奢,tsʰ,ɛ:,,˥
奣,,,,
奤,,,,
奥,,ou,,˧
奦,,,,
奧,,ou,,˧
奨,,,,
奩,l,i:,m,˩˨
奪,t,y:,t,˨
奫,w,ɐ,n,˥
奬,ts,œ:,ŋ,˧˥
奭,s,ɪ,k,˥
奮,f,ɐ,n,˩˧
奯,,,,
奰,p,ei,,˨
奱,,,,
奲,tsʰ,ɛ:,,˧˥
女,n,ɵy,,˧˥
奴,n,ou,,˩˨
奵,,,,
奶,n,a:i,,˩˧
奷,,,,
奸,k,a:,n,˥
她,j,i:,,˥
奺,,,,
奻,,,,
奼,tsʰ,a:,,˧
好,h,ou,,˧˥
奾,,,,
奿,,,,
妀,,,,
妁,ts,œ:,k,˧
如,j,y:,,˩˨
妃,f,ei,,˥
妄,m,ɔ:,ŋ,˩˧
妅,,,,
妆,ts,ɔ:,ŋ,˥
妇,f,u:,,˩˧
妈,m,a:,,˥
妉,,,,
妊,j,ɐ,m,˩˨
妋,,,,
妌,,,,
妍,j,i:,n,˩˨
妎,h,ɐi,,˨
妏,,,,
妐,ts,ʊ,ŋ,˥
妑,,,,
妒,t,ou,,˧
妓,k,ei,,˨
妔,,,,
妕,,,,
妖,j,i:u,,˥
妗,kʰ,ɐ,m,˩˧
妘,w,ɐ,n,˩˨
妙,m,i:u,,˨
妚,,,,
妛,,,,
妜,,,,
妝,ts,ɔ:,ŋ,˥
妞,n,ɐu,,˧˥
妟,,,,
妠,l,a:,p,˧
妡,,,,
妢,f,ɐ,n,˩˨
妣,p,ei,,˧˥
妤,j,y:,,˩˨
妥,tʰ,ɔ:,,˩˧
妦,f,ʊ,ŋ,˥
妧,,,,
妨,f,ɔ:,ŋ,˩˨
妩,m,ou,,˩˨
妪,j,y:,,˧˥
妫,kw,ɐi,,˥
妬,t,ou,,˧
妭,,,,
妮,n,ei,,˩˨
妯,s,ʊ,k,˨
妰,,,,
妱,,,,
妲,t,a:,t,˧
妳,l,ei,,˩˧
妴,,,,
妵,tʰ,ɐu,,˧˥
妶,,,,
妷,,,,
妸,,,,
妹,m,u:i,,˨
妺,m,u:,t,˨
妻,tsʰ,ɐi,,˥
妼,,,,
妽,,,,
妾,tsʰ,i:,p,˧
妿,,,,
姀,,,,
姁,h,ɵy,,˥
姂,,,,
姃,,,,
姄,,,,
姅,p,u:,n,˧
姆,m,ou,,˩˧
姇,,,,
姈,,,,
姉,ts,i:,,˧˥
姊,ts,ɛ:,,˧˥
始,tsʰ,i:,,˧˥
姌,j,i:,m,˩˧
姍,s,a:,n,˥
姎,j,œ:,ŋ,˥
姏,m,a:,n,˩˨
姐,ts,ɛ:,,˧˥
姑,k,u:,,˥
姒,tsʰ,i:,,˩˧
姓,s,ɛ:,ŋ,˧
委,w,ɐi,,˥
姕,,,,
姖,,,,
姗,s,a:,n,˥
姘,pʰ,ɪ,ŋ,˥
姙,,,,
姚,j,i:u,,˩˨
姛,,,,
姜,k,œ:,ŋ,˥
姝,s,y:,,˥
姞,k,ɐ,t,˥
姟,,,,
姠,,,,
姡,w,a:,t,˨
姢,,,,
姣,h,a:u,,˩˨
姤,k,ɐu,,˧
姥,l,ou,,˩˧
姦,k,a:,n,˥
姧,,,,
姨,j,i:,,˥
姩,n,i:,n,˥
姪,ts,ɐ,t,˨
姫,,,,
姬,k,ei,,˥
姭,,,,
姮,h,ɐ,ŋ,˩˨
姯,,,,
姰,,,,
姱,kʰw,a:,,˥
姲,,,,
姳,,,,
姴,,,,
姵,,,,
姶,,,,
姷,,,,
姸,,,,
姹,tsʰ,a:,,˧
姺,s,i:,n,˧˥
姻,j,ɐ,n,˥
姼,tsʰ,i:,,˧˥
姽,kw,ɐi,,˧˥
姾,,,,
姿,ts,i:,,˥
娀,s,ʊ,ŋ,˥
威,w,ɐi,,˥
娂,,,,
娃,w,a:,,˥
娄,l,ɐu,,˩˨
娅,,a:,,˧
娆,j,i:u,,˩˨
娇,k,i:u,,˥
娈,l,y:,n,˩˧
娉,pʰ,ɪ,ŋ,˥
娊,,,,
娋,,,,
娌,l,ei,,˩˧
娍,,,,
娎,,,,
娏,,,,
娐,,,,
娑,s,ɔ:,,˥
娒,,,,
娓,m,ei,,˩˧
娔,,,,
娕,,,,
娖,tsʰ,ʊ,k,˥
娗,,,,
娘,n,œ:,ŋ,˩˨
娙,j,ɪ,ŋ,˩˨
娚,,,,
娛,j,y:,,˩˨
娜,n,a:,,˩˨
娝,,,,
娞,,,,
娟,k,y:,n,˥
娠,s,ɐ,n,˥
娡,,,,
娢,,,,
娣,t,ɐi,,˨
娤,,,,
娥,ŋ,ɔ:,,˩˨
娦,,,,
娧,,,,
娨,,,,
娩,m,a:,n,˩˧
娪,,,,
娫,,,,
娬,,,,
娭,,a:i,,˥
娮,,,,
娯,,,,
娰,,,,
娱,j,y:,,˩˨
娲,w,ɔ:,,˥
娳,,,,
娴,h,a:,n,˩˨
娵,ts,ɐu,,˥
娶,tsʰ,ɵy,,˧˥
娷,,,,
娸,h,ei,,˥
娹,,,,
娺,,,,
娻,,,,
娼,tsʰ,œ:,ŋ,˥
娽,,,,
娾,,,,
娿,,,,
婀,,ɔ:,,˥
婁,l,ɐu,,˩˨
婂,,,,
婃,,,,
婄,pʰ,ɐu,,˧
婅,,,,
婆,pʰ,ɔ:,,˩˨
婇,,,,
婈,,,,
婉,j,y:,n,˧˥
婊,p,i:u,,˧˥
婋,,,,
婌,,,,
婍,,,,
婎,,,,
婏,,,,
婐,kw,ɔ:,,˧˥
婑,w,ɔ:,,˧˥
婒,,,,
婓,f,ei,,˥
婔,,,,
婕,ts,i:,t,˧
婖,,,,
婗,n,ei,,˩˨
婘,k,y:,n,˧
婙,,,,
婚,f,ɐ,n,˥
婛,k,ɪ,ŋ,˥
婜,,,,
婝,,,,
婞,h,ɐ,ŋ,˨
婟,w,u:,,˨
婠,w,a:,n,˥
婡,,,,
婢,pʰ,ei,,˩˧
婣,,,,
婤,ts,ɐu,,˥
婥,tsʰ,œ:,k,˧
婦,f,u:,,˩˧
婧,ts,ɪ,ŋ,˨
婨,,,,
婩,,,,
婪,l,a:,m,˩˨
婫,,,,
婬,j,ɐ,m,˩˨
婭,,a:,,˧
婮,,,,
婯,,,,
婰,,,,
婱,,,,
婲,,,,
婳,w,a:,k,˨
婴,j,ɪ,ŋ,˥
婵,s,i:,m,˩˨
婶,s,ɐ,m,˧˥
婷,tʰ,ɪ,ŋ,˩˨
婸,t,ɔ:,ŋ,˨
婹,,,,
婺,m,ou,,˨
婻,,,,
婼,tsʰ,œ:,k,˧
婽,,,,
婾,,,,
婿,s,ɐi,,˧
媀,,,,
媁,,,,
媂,,,,
媃,,,,
媄,,,,
媅,,,,
媆,n,y:,n,˨
媇,,,,
媈,,,,
媉,,,,
媊,tsʰ,i:,n,˩˨
媋,,,,
媌,m,a:u,,˩˨
媍,,,,
媎,,,,
媏,,,,
媐,h,ei,,˥
媑,,,,
媒,m,u:i,,˩˨
媓,,,,
媔,m,i:,n,˩˨
媕,,ɐ,m,˥
媖,,,,
媗,,,,
媘,,,,
媙,,,,
媚,m,ei,,˩˨
媛,j,y:,n,˩˨
媜,,,,
媝,,,,
媞,tʰ,ɐi,,˩˨
媟,s,i:,t,˧
媠,,,,
媡,,,,
媢,m,ou,,˨
媣,,,,
媤,,,,
媥,pʰ,i:,n,˥
媦,w,ɐi,,˨
媧,w,ɔ:,,˥
媨,,,,
媩,,,,
媪,,ou,,˧˥
媫,,,,
媬,p,ou,,˧˥
媭,,,,
媮,tʰ,ɐu,,˥
媯,kw,ɐi,,˥
媰,tsʰ,ɔ:,,˩˨
媱,j,i:u,,˩˨
媲,p,ei,,˧˥
媳,s,ɪ,k,˥
媴,,,,
媵,j,ɪ,ŋ,˨
媶,,,,
媷,j,ʊ,k,˨
媸,tsʰ,i:,,˥
媹,,,,
媺,m,ei,,˩˧
媻,pʰ,ɔ:,,˩˨
媼,,ou,,˧˥
媽,m,a:,,˥
媾,k,ɐu,,˧
媿,kʰw,ɐi,,˧
嫀,,,,
嫁,k,a:,,˧
嫂,s,ou,,˧˥
嫃,,,,
嫄,j,y:,n,˩˨
嫅,,,,
嫆,,,,
嫇,m,ɪ,ŋ,˩˨
嫈,j,ɪ,ŋ,˥
嫉,ts,ɐ,t,˨
嫊,,,,
嫋,n,i:u,,˩˧
嫌,j,i:,m,˩˨
嫍,,,,
嫎,,,,
嫏,,,,
嫐,n,ɐ,t,˥
嫑,,,,
嫒,,ɔ:i,,˧
嫓,,,,
嫔,p,ɐ,n,˧
嫕,,ɐi,,˧
嫖,pʰ,i:u,,˩˨
嫗,j,y:,,˧˥
嫘,l,ɵy,,˩˨
嫙,,,,
嫚,m,a:,n,˨
嫛,j,i:,,˥
嫜,ts,œ:,ŋ,˥
嫝,,,,
嫞,,,,
嫟,n,ɪ,k,˥
嫠,l,ei,,˩˨
嫡,t,ɪ,k,˥
嫢,kʰw,ɐi,,˥
嫣,j,i:,n,˥
嫤,,,,
嫥,ts,y:,n,˥
嫦,s,œ:,ŋ,˩˨
嫧,,,,
嫨,,,,
嫩,n,y:,n,˨
嫪,l,ou,,˨
嫫,m,ou,,˩˨
嫬,,,,
嫭,w,u:,,˨
嫮,w,u:,,˨
嫯,,,,
嫰,,,,
嫱,tsʰ,œ:,ŋ,˩˨
嫲,m,a:,,˩˨
嫳,pʰ,i:,t,˧
嫴,,,,
嫵,m,ou,,˩˨
嫶,tsʰ,i:u,,˩˨
嫷,tʰ,ɔ:,,˩˧
嫸,,,,
嫹,,,,
嫺,h,a:,n,˩˨
嫻,h,a:,n,˩˨
嫼,,,,
嫽,l,i:u,,˩˨
嫾,,,,
嫿,w,a:,k,˨
嬀,,,,
嬁,,,,
嬂,,,,
嬃,s,ɵy,,˥
嬄,,,,
嬅,,,,
嬆,,,,
嬇,,,,
嬈,j,i:u,,˩˨
嬉,h,ei,,˥
嬊,,,,
嬋,s,i:,m,˩˨
嬌,k,i:u,,˥
嬍,,,,
嬎,,,,
嬏,,,,
嬐,tsʰ,i:,m,˥
嬑,,,,
嬒,,,,
嬓,k,i:u,,˧
嬔,,,,
嬕,,,,
嬖,pʰ,ei,,˧
嬗,s,i:,n,˨
嬘,,,,
嬙,tsʰ,œ:,ŋ,˩˨
嬚,,,,
嬛,h,y:,n,˥
嬜,,,,
嬝,n,i:u,,˩˧
嬞,,,,
嬟,,,,
嬠,,,,
嬡,,ɔ:i,,˧
嬢,,,,
嬣,,,,
嬤,m,a:,,˥
嬥,tʰ,i:u,,˩˧
嬦,,,,
嬧,,,,
嬨,,,,
嬩,,,,
嬪,p,ɐ,n,˧
嬫,,,,
嬬,j,y:,,˩˨
嬭,n,a:i,,˩˧
嬮,j,i:,m,˥
嬯,,,,
嬰,j,ɪ,ŋ,˥
嬱,,,,
嬲,n,ɐu,,˥
嬳,,,,
嬴,j,ɪ,ŋ,˩˨
嬵,,,,
嬶,,,,
嬷,m,a:,,˥
嬸,s,ɐ,m,˧˥
嬹,,,,
嬺,,,,
嬻,,,,
嬼,,,,
嬽,,,,
嬾,l,a:,n,˩˧
嬿,j,i:,n,˧
孀,s,œ:,ŋ,˥
孁,,,,
孂,,,,
孃,n,œ:,ŋ,˩˨
孄,,,,
孅,tsʰ,i:,m,˥
孆,,,,
孇,,,,
孈,,,,
孉,,,,
孊,,,,
孋,l,ei,,˩˨
孌,l,y:,n,˩˧
孍,,,,
孎,,,,
孏,,,,
子,ts,i:,,˧˥
孑,kʰ,i:,t,˧
孒,,,,
孓,kʰ,y:,t,˧
孔,h,ʊ,ŋ,˧˥
孕,j,ɐ,n,˨
孖,m,a:,,˥
字,ts,i:,,˨
存,tsʰ,y:,n,˩˨
孙,s,y:,n,˥
孚,f,u:,,˥
孛,p,u:i,,˨
孜,ts,i:,,˥
孝,h,a:u,,˧
孞,,,,
孟,m,a:,ŋ,˨
孠,,,,
孡,,,,
孢,p,a:u,,˥
季,kw,ɐi,,˧
孤,k,u:,,˥
孥,n,ou,,˩˨
学,h,ɔ:,k,˨
孧,,,,
孨,,,,
孩,h,a:i,,˩˨
孪,l,y:,n,˩˨
孫,s,y:,n,˥
孬,p,ou,,˧˥
孭,m,ɛ:,,˥
孮,,,,
孯,,,,
孰,s,ʊ,k,˨
孱,s,a:,n,˩˨
孲,,,,
孳,ts,i:,,˥
孴,,,,
孵,f,u:,,˥
孶,,,,
孷,,,,
學,h,ɔ:,k,˨
孹,,,,
孺,j,y:,,˩˨
孻,l,a:i,,˥
孼,j,i:,t,˨
孽,j,i:,p,˨
孾,,,,
孿,l,y:,n,˩˨
宀,m,i:,n,˩˨
宁,,,,
宂,j,ʊ,ŋ,˧˥
它,tʰ,a:,,˥
宄,kw,ɐi,,˧˥
宅,ts,a:,k,˨
宆,,,,
宇,j,y:,,˩˧
守,s,ɐu,,˧˥
安,ŋ,ɔ:,n,˥
宊,,,,
宋,s,ʊ,ŋ,˧
完,j,y:,n,˩˨
宍,j,ʊ,k,˨
宎,j,i:u,,˧˥
宏,w,ɐ,ŋ,˩˨
宐,,,,
宑,,,,
宒,,,,
宓,f,ʊ,k,˨
宔,,,,
宕,t,ɔ:,ŋ,˥
宖,,,,
宗,ts,ʊ,ŋ,˥
官,k,u:,n,˥
宙,ts,ɐu,,˨
定,t,ɛ:,ŋ,˨
宛,j,y:,n,˥
宜,j,i:,,˩˨
宝,p,ou,,˧˥
实,s,ɐ,t,˨
実,,,,
宠,tsʰ,ʊ,ŋ,˧˥
审,s,ɐ,m,˧˥
客,h,a:,k,˧
宣,s,y:,n,˥
室,s,ɐ,t,˥
宥,j,ɐu,,˨
宦,w,a:,n,˨
宧,j,i:,,˩˨
宨,,,,
宩,,,,
宪,h,i:,n,˧
宫,k,ʊ,ŋ,˥
宬,s,ɪ,ŋ,˩˨
宭,kʰw,ɐ,n,˩˨
宮,k,ʊ,ŋ,˥
宯,,,,
宰,ts,ɔ:i,,˧˥
宱,,,,
宲,,,,
害,h,ɔ:i,,˨
宴,j,i:,n,˧
宵,s,i:u,,˥
家,k,a:,,˥
宷,,,,
宸,s,ɐ,n,˩˨
容,j,ʊ,ŋ,˩˨
宺,,,,
宻,,,,
宼,,,,
宽,f,u:,n,˥
宾,p,ɐ,n,˥
宿,s,ʊ,k,˥
寀,tsʰ,ɔ:i,,˧˥
寁,ts,a:,m,˧˥
寂,ts,ɪ,k,˨
寃,j,y:,n,˥
寄,k,ei,,˧
寅,j,ɐ,n,˩˨
密,m,ɐ,t,˨
寇,kʰ,ɐu,,˧
寈,,,,
寉,,,,
寊,,,,
寋,k,i:,n,˧˥
富,f,u:,,˧
寍,n,ɪ,ŋ,˩˨
寎,p,ɪ,ŋ,˧˥
寏,,,,
寐,m,ei,,˨
寑,tsʰ,ɐ,m,˧˥
寒,h,ɔ:,n,˩˨
寓,j,y:,,˨
寔,s,ɐ,t,˨
寕,,,,
寖,ts,ɐ,m,˧
寗,n,ɪ,ŋ,˨
寘,ts,i:,,˧
寙,,,,
寚,,,,
寛,,,,
寜,,,,
寝,tsʰ,ɐ,m,˧˥
寞,m,ɔ:,k,˨
察,tsʰ,a:,t,˧
寠,k,ɵy,,˨
寡,kw,a:,,˧˥
寢,tsʰ,ɐ,m,˧˥
寣,f,ɐ,t,˥
寤,ŋ,,,˨
寥,l,i:u,,˩˨
實,s,ɐ,t,˨
寧,n,ɪ,ŋ,˩˨
寨,ts,a:i,,˨
審,s,ɐ,m,˧˥
寪,w,ɐi,,˧˥
寫,s,ɛ:,,˧˥
寬,f,u:,n,˥
寭,,,,
寮,l,i:u,,˩˨
寯,ts,ɵ,n,˧
寰,w,a:,n,˩˨
寱,ŋ,ɐi,,˨
寲,,,,
寳,,,,
寴,,,,
寵,tsʰ,ʊ,ŋ,˧˥
寶,p,ou,,˧˥
寷,,,,
寸,tsʰ,y:,n,˧
对,t,ɵy,,˧
寺,ts,i:,,˨
寻,tsʰ,ɐ,m,˩˨
导,t,ou,,˨
寽,,,,
対,,,,
寿,s,ɐu,,˨
尀,pʰ,ɔ:,,˧˥
封,f,ʊ,ŋ,˥
専,,,,
尃,f,u:,,˥
射,j,ɛ:,,˨
尅,h,ɐ,k,˥
将,ts,œ:,ŋ,˥
將,ts,œ:,ŋ,˥
專,ts,y:,n,˥
尉,w,ɐi,,˧
尊,ts,ɵ,n,˥
尋,tsʰ,ɐ,m,˩˨
尌,s,y:,,˨
對,t,ɵy,,˧
導,t,ou,,˨
小,s,i:u,,˧˥
尐,,,,
少,s,i:u,,˧
尒,j,i:,,˩˧
尓,,,,
尔,j,i:,,˩˧
尕,k,a:,,˥
尖,ts,i:,m,˥
尗,,,,
尘,tsʰ,ɐ,n,˩˨
尙,,,,
尚,s,œ:,ŋ,˨
尛,,,,
尜,,,,
尝,s,œ:,ŋ,˩˨
尞,,,,
尟,s,i:,n,˧˥
尠,,,,
尡,,,,
尢,w,ɔ:,ŋ,˥
尣,,,,
尤,j,ɐu,,˩˨
尥,l,i:u,,˨
尦,,,,
尧,j,i:u,,˩˨
尨,m,ɔ:,ŋ,˩˨
尩,,,,
尪,w,ɔ:,ŋ,˥
尫,,,,
尬,k,a:i,,˧
尭,,,,
尮,,,,
尯,,,,
尰,ts,ʊ,ŋ,˥
就,ts,ɐu,,˨
尲,k,a:,m,˧
尳,,,,
尴,k,a:,m,˥
尵,,,,
尶,,,,
尷,k,a:,m,˥
尸,s,i:,,˥
尹,w,ɐ,n,˩˧
尺,tsʰ,ɛ:,,˧˥
尻,h,a:u,,˥
尼,n,ei,,˩˨
尽,ts,ɵ,n,˨
尾,m,ei,,˩˧
尿,n,i:u,,˨
局,k,ʊ,k,˨
屁,pʰ,ei,,˧
层,tsʰ,ɐ,ŋ,˩˨
屃,,ɐi,,˧
屄,p,ei,,˥
居,k,ɵy,,˥
屆,k,a:i,,˧
屇,,,,
屈,w,ɐ,t,˥
屉,tʰ,ɐi,,˧
届,k,a:i,,˧
屋,ŋ,ʊ,k,˥
屌,t,i:u,,˧˥
屍,s,i:,,˥
屎,s,i:,,˧˥
屏,pʰ,ɛ:,ŋ,˥
屐,kʰ,ɛ:,k,˨
屑,s,i:,t,˧
屒,,,,
屓,,,,
屔,,,,
展,ts,i:,n,˧˥
屖,,,,
屗,,,,
屘,m,ei,,˥
屙,ŋ,ɔ:,,˥
屚,,,,
屛,p,ɪ,ŋ,˧˥
屜,tʰ,ɐi,,˧
屝,f,ei,,˧˥
属,s,ʊ,k,˨
屟,,,,
屠,tʰ,ou,,˩˨
屡,l,ɵy,,˩˧
屢,l,ɵy,,˩˧
屣,s,a:i,,˧˥
層,tsʰ,ɐ,ŋ,˩˨
履,l,ei,,˩˧
屦,k,ɵy,,˧
屧,s,i:,t,˧
屨,k,ɵy,,˧
屩,k,œ:,k,˧
屪,l,i:u,,˩˨
屫,,,,
屬,s,ʊ,k,˨
屭,,ɐi,,˧
屮,tsʰ,i:,t,˧
屯,tʰ,y:,n,˩˨
屰,,,,
山,s,a:,n,˥
屲,,,,
屳,,,,
屴,l,ɐ,k,˨
屵,,,,
屶,,,,
屷,,,,
屸,,,,
屹,ŋ,ɐ,t,˨
屺,k,ei,,˧˥
屻,j,ɐ,n,˨
屼,ŋ,ɐ,t,˨
屽,,,,
屾,s,ɐ,n,˥
屿,j,y:,,˩˨
岀,,,,
岁,s,ɵy,,˧
岂,h,ei,,˧˥
岃,,,,
岄,,,,
岅,,,,
岆,,,,
岇,,,,
岈,h,a:,,˥
岉,,,,
岊,ts,i:,t,˧
岋,,,,
岌,k,ɐ,p,˨
岍,h,i:,n,˥
岎,,,,
岏,j,y:,n,˩˨
岐,kʰ,ei,,˩˨
岑,s,ɐ,m,˩˨
岒,kʰ,i:,m,˩˨
岓,,,,
岔,tsʰ,a:,,˥
岕,,,,
岖,kʰ,ɵy,,˥
岗,k,ɔ:,ŋ,˥
岘,j,i:,n,˨
岙,,ou,,˧
岚,l,a:,m,˩˨
岛,t,ou,,˧˥
岜,,,,
岝,ts,ɔ:,k,˧
岞,,,,
岟,,,,
岠,k,ɵy,,˨
岡,k,ɔ:,ŋ,˥
岢,h,ɔ:,,˧˥
岣,k,ɐu,,˧˥
岤,,,,
岥,p,ei,,˥
岦,,,,
岧,tʰ,i:u,,˩˨
岨,ts,ɵy,,˥
岩,ŋ,a:,m,˩˨
岪,f,ɐ,t,˨
岫,ts,ɐu,,˨
岬,k,a:,p,˧
岭,l,ɛ:,ŋ,˩˧
岮,,,,
岯,,,,
岰,,,,
岱,t,ɔ:i,,˨
岲,,,,
岳,ŋ,ɔ:,k,˨
岴,,,,
岵,w,u:,,˨
岶,,,,
岷,m,ɐ,n,˩˨
岸,ŋ,ɔ:,n,˨
岹,,,,
岺,,,,
岻,,,,
岼,,,,
岽,,,,
岾,,,,
岿,kʰw,ɐi,,˥
峀,,,,
峁,,,,
峂,,,,
峃,p,ɔ:,k,˧
峄,j,ɪ,k,˨
峅,,,,
峆,h,ɐ,p,˨
峇,p,a:,,˥
峈,,,,
峉,ŋ,a:,k,˨
峊,f,ɐu,,˨
峋,s,ɵ,n,˥
峌,,,,
峍,,,,
峎,j,ɐ,n,˧˥
峏,,,,
峐,,,,
峑,,,,
峒,t,ʊ,ŋ,˨
峓,,,,
峔,,,,
峕,,,,
峖,,,,
峗,,,,
峘,w,u:,n,˩˨
峙,tsʰ,i:,,˩˧
峚,,,,
峛,l,ei,,˩˧
峜,,,,
峝,,,,
峞,,,,
峟,,,,
峠,,,,
峡,h,a:,p,˨
峢,,,,
峣,j,i:u,,˩˨
峤,k,i:u,,˨
峥,ts,a:,ŋ,˥
峦,l,y:,n,˩˨
峧,,,,
峨,ŋ,ɔ:,,˩˨
峩,ŋ,ɔ:,,˩˨
峪,j,ʊ,k,˨
峫,,,,
峬,p,ou,,˥
峭,tsʰ,i:u,,˧
峮,kʰw,ɐ,n,˥
峯,f,ʊ,ŋ,˥
峰,f,ʊ,ŋ,˥
峱,n,a:u,,˩˨
峲,,,,
峳,,,,
峴,j,i:,n,˨
峵,,,,
島,t,ou,,˧˥
峷,,,,
峸,,,,
峹,,,,
峺,,,,
峻,ts,ɵ,n,˧
峼,,,,
峽,h,a:,p,˨
峾,,,,
峿,ŋ,,,˩˨
崀,l,ɔ:,ŋ,˩˨
崁,h,ɐ,m,˧
崂,t,ɐ,ŋ,˧
崃,h,a:,p,˨
崄,h,i:,m,˧˥
崅,,,,
崆,h,ʊ,ŋ,˥
崇,s,ʊ,ŋ,˩˨
崈,,,,
崉,,,,
崊,,,,
崋,w,a:,,˩˨
崌,k,ɵy,,˥
崍,l,ɔ:i,,˩˨
崎,kʰ,ei,,˥
崏,,,,
崐,,,,
崑,kʰw,ɐ,n,˥
崒,ts,ɵ,t,˥
崓,,,,
崔,tsʰ,ɵy,,˥
崕,,,,
崖,ŋ,a:i,,˩˨
崗,k,ɔ:,ŋ,˥
崘,l,ɵ,n,˩˨
崙,l,ɵ,n,˩˨
崚,l,ɪ,ŋ,˩˨
崛,kw,ɐ,t,˨
崜,,,,
崝,ts,ɐ,ŋ,˥
崞,kw,ɔ:,k,˧
崟,j,ɐ,m,˩˨
崠,t,ʊ,ŋ,˧
崡,,,,
崢,ts,a:,ŋ,˥
崣,w,ɐi,,˧˥
崤,ŋ,a:u,,˩˨
崥,,,,
崦,j,i:,m,˥
崧,s,ʊ,ŋ,˥
崨,,,,
崩,p,ɐ,ŋ,˥
崪,,,,
崫,,,,
崬,,,,
崭,ts,a:,m,˧˥
崮,k,u:,,˧
崯,,,,
崰,,,,
崱,ts,ɐ,k,˥
崲,,,,
崳,,,,
崴,w,ɐi,,˥
崵,,,,
崶,f,ʊ,ŋ,˥
崷,tsʰ,ɐu,,˩˨
崸,,,,
崹,,,,
崺,j,i:,,˩˧
崻,,,,
崼,,,,
崽,ts,ɔ:i,,˧˥
崾,,,,
崿,ŋ,ɔ:,k,˨
嵀,,,,
嵁,h,ɐ,m,˥
嵂,l,ɵ,t,˨
嵃,,,,
嵄,,,,
嵅,,,,
嵆,,,,
嵇,kʰ,ɐi,,˥
嵈,,,,
嵉,,,,
嵊,s,ɪ,ŋ,˨
嵋,m,ei,,˩˨
嵌,h,a:,m,˥
嵍,,,,
嵎,j,y:,,˩˨
嵏,,,,
嵐,l,a:,m,˩˨
嵑,h,ɔ:,t,˧
嵒,ŋ,a:,m,˩˨
嵓,,,,
嵔,,,,
嵕,ts,ʊ,ŋ,˥
嵖,ts,a:,,˨
嵗,s,ɵy,,˧
嵘,j,ɪ,ŋ,˩˨
嵙,,,,
嵚,j,ɐ,m,˥
嵛,,,,
嵜,,,,
嵝,l,ɐu,,˩˧
嵞,,,,
嵟,,,,
嵠,kʰ,ɐi,,˥
嵡,,,,
嵢,,,,
嵣,,,,
嵤,,,,
嵥,,,,
嵦,h,ɔ:i,,˧˥
嵧,,,,
嵨,,,,
嵩,s,ʊ,ŋ,˥
嵪,,,,
嵫,ts,i:,,˥
嵬,ŋ,ɐi,,˩˨
嵭,,,,
嵮,,,,
嵯,tsʰ,ɔ:,,˥
嵰,,,,
嵱,j,ʊ,ŋ,˩˨
嵲,j,i:,t,˨
嵳,,,,
嵴,ts,ɛ:,k,˧
嵵,,,,
嵶,,,,
嵷,s,ʊ,ŋ,˧˥
嵸,,,,
嵹,kʰ,œ:,ŋ,˩˨
嵺,l,i:u,,˩˨
嵻,,,,
嵼,,,,
嵽,t,ɐi,,˨
嵾,tsʰ,ɐ,m,˥
嵿,,,,
嶀,,,,
嶁,l,ɐu,,˩˧
嶂,ts,œ:,ŋ,˧
嶃,tsʰ,a:,m,˩˨
嶄,ts,a:,m,˧˥
嶅,,,,
嶆,,,,
嶇,kʰ,ɵy,,˥
嶈,,,,
嶉,,,,
嶊,,,,
嶋,,,,
嶌,,,,
嶍,ts,a:,p,˨
嶎,,,,
嶏,,,,
嶐,,,,
嶑,,,,
嶒,tsʰ,ɐ,ŋ,˩˨
嶓,p,ɔ:,,˥
嶔,j,ɐ,m,˥
嶕,tsʰ,i:u,,˩˨
嶖,,,,
嶗,t,ɐ,ŋ,˧
嶘,,,,
嶙,l,ɵ,n,˩˨
嶚,l,i:u,,˩˨
嶛,,,,
嶜,ts,ɐ,m,˥
嶝,t,ɐ,ŋ,˧
嶞,t,ɔ:,,˨
嶟,,,,
嶠,k,i:u,,˨
嶡,kw,ɐi,,˧
嶢,j,i:u,,˩˨
嶣,,,,
嶤,,,,
嶥,,,,
嶦,,,,
嶧,j,ɪ,k,˨
嶨,p,ɔ:,k,˧
嶩,n,a:u,,˩˨
嶪,j,i:,p,˨
嶫,,,,
嶬,,,,
嶭,j,i:,t,˨
嶮,h,i:,m,˧˥
嶯,,,,
嶰,h,a:i,,˩˧
嶱,k,ɔ:,t,˧
嶲,kʰw,ɐi,,˩˨
嶳,,,,
嶴,ŋ,ou,,˧
嶵,,,,
嶶,,,,
嶷,j,i:,,˩˨
嶸,j,ɪ,ŋ,˩˨
嶹,,,,
嶺,l,ɛ:,ŋ,˩˧
嶻,,,,
嶼,j,y:,,˩˨
嶽,ŋ,ɔ:,k,˨
嶾,,,,
嶿,,,,
巀,,,,
巁,,,,
巂,kʰw,ɐi,,˩˨
巃,l,ʊ,ŋ,˩˨
巄,,,,
巅,t,i:,n,˥
巆,,,,
巇,h,ei,,˥
巈,,,,
巉,tsʰ,a:,m,˩˨
巊,,,,
巋,kʰw,ɐi,,˥
巌,ŋ,a:,m,˩˨
巍,ŋ,ɐi,,˩˨
巎,,,,
巏,kʰ,y:,n,˩˨
巐,,,,
巑,tsʰ,y:,n,˩˨
巒,l,y:,n,˩˨
巓,t,i:,n,˥
巔,t,i:,n,˥
巕,,,,
巖,ŋ,a:,m,˩˨
巗,,,,
巘,j,i:,n,˩˧
巙,,,,
巚,,,,
巛,,,,
巜,,,,
川,tsʰ,y:,n,˥
州,ts,ɐu,,˥
巟,f,ɔ:,ŋ,˥
巠,k,ɪ,ŋ,˥
巡,tsʰ,ɵ,n,˩˨
巢,tsʰ,a:u,,˩˨
巣,,,,
巤,l,i:,p,˨
工,k,ʊ,ŋ,˥
左,ts,ɔ:,,˧˥
巧,h,a:u,,˧˥
巨,k,ɵy,,˨
巩,k,ʊ,ŋ,˧˥
巪,,,,
巫,m,ou,,˩˨
巬,,,,
巭,,,,
差,tsʰ,a:,,˥
巯,kʰ,ɐu,,˩˨
巰,kʰ,ɐu,,˩˨
己,k,ei,,˧˥
已,j,i:,,˩˧
巳,ts,i:,,˨
巴,p,a:,,˥
巵,ts,i:,,˥
巶,,,,
巷,h,ɔ:,ŋ,˨
巸,,,,
巹,k,ɐ,n,˧˥
巺,,,,
巻,,,,
巼,,,,
巽,s,ɵ,n,˧
巾,k,ɐ,n,˥
巿,f,ɐ,t,˥
帀,,,,
币,p,ɐi,,˨
市,s,i:,,˩˧
布,p,ou,,˧
帄,,,,
帅,s,ɵy,,˧
帆,f,a:,n,˩˨
帇,,,,
师,s,i:,,˥
帉,,,,
帊,pʰ,a:,,˧
帋,,,,
希,h,ei,,˥
帍,,,,
帎,ts,ɐ,m,˧˥
帏,w,ɐi,,˩˨
帐,ts,œ:,ŋ,˧
帑,n,ou,,˩˨
帒,t,ɔ:i,,˨
帓,,,,
帔,pʰ,ei,,˧
帕,pʰ,a:,,˧
帖,tʰ,i:,p,˧
帗,f,ɐ,t,˥
帘,l,i:,m,˩˨
帙,t,i:,t,˨
帚,ts,a:u,,˧˥
帛,p,a:,k,˨
帜,tsʰ,i:,,˧
帝,t,ɐi,,˧
帞,,,,
帟,j,ɪ,k,˨
帠,,,,
帡,pʰ,ɪ,ŋ,˩˨
帢,h,ɐ,p,˥
帣,k,y:,n,˧
帤,j,y:,,˩˨
帥,s,ɵy,,˧
带,t,a:i,,˧˥
帧,ts,ɪ,ŋ,˧
帨,s,ɵy,,˧
帩,tsʰ,i:u,,˧
帪,,,,
師,s,i:,,˥
帬,,,,
席,ts,ɪ,k,˨
帮,p,ɔ:,ŋ,˥
帯,,,,
帰,,,,
帱,tsʰ,ɐu,,˩˨
帲,pʰ,ɪ,ŋ,˩˨
帳,ts,œ:,ŋ,˧
帴,ts,i:,n,˥
帵,,,,
帶,t,a:i,,˧˥
帷,w,ɐi,,˩˨
常,s,œ:,ŋ,˩˨
帹,,,,
帺,,,,
帻,ts,ɪ,k,˥
帼,kw,ɔ:,k,˧
帽,m,ou,,˨
帾,t,ou,,˧˥
帿,,,,
幀,ts,ɪ,ŋ,˧
幁,,,,
幂,m,ɪ,k,˨
幃,w,ɐi,,˩˨
幄,,ɐ,k,˥
幅,f,ʊ,k,˥
幆,,,,
幇,p,ɔ:,ŋ,˥
幈,,,,
幉,,,,
幊,,,,
幋,pʰ,u:,n,˩˨
幌,f,ɔ:,ŋ,˧˥
幍,,,,
幎,m,ɪ,k,˨
幏,k,a:,,˧
幐,,,,
幑,,,,
幒,,,,
幓,s,a:,m,˥
幔,m,a:,n,˨
幕,m,ɔ:,k,˨
幖,,,,
幗,kw,ɔ:,k,˧
幘,ts,ɪ,k,˥
幙,m,ɔ:,k,˨
幚,,,,
幛,ts,œ:,ŋ,˧
幜,k,ɪ,ŋ,˧˥
幝,tsʰ,i:,n,˧˥
幞,p,ʊ,k,˨
幟,tsʰ,i:,,˧
幠,f,u:,,˥
幡,f,a:,n,˥
幢,tsʰ,ɔ:,ŋ,˩˨
幣,p,ɐi,,˨
幤,,,,
幥,,,,
幦,m,ɪ,k,˨
幧,tsʰ,i:u,,˥
幨,tsʰ,i:,m,˥
幩,f,ɐ,n,˩˨
幪,m,ʊ,ŋ,˩˨
幫,p,ɔ:,ŋ,˥
幬,tsʰ,ɐu,,˩˨
幭,m,ɪ,k,˨
幮,tsʰ,y:,,˩˨
幯,,,,
幰,h,i:,n,˧˥
幱,,,,
干,k,ɔ:,n,˥
平,pʰ,ɛ:,ŋ,˩˨
年,n,i:,n,˩˨
幵,k,i:,n,˥
并,p,ɪ,ŋ,˧
幷,p,i:,n,˧
幸,h,ɐ,ŋ,˨
幹,k,ɔ:,n,˧
幺,,,,
幻,w,a:,n,˨
幼,j,ɐu,,˧
幽,j,ɐu,,˥
幾,k,ei,,˧˥
广,kw,ɔ:,ŋ,˧˥
庀,pʰ,ei,,˧˥
庁,,,,
庂,ts,ɐ,k,˥
広,,,,
庄,ts,ɔ:,ŋ,˥
庅,,,,
庆,h,ɪ,ŋ,˧
庇,p,ei,,˧
庈,,,,
庉,tʰ,y:,n,˩˨
床,tsʰ,ɔ:,ŋ,˩˨
庋,k,ei,,˧˥
庌,ŋ,a:,,˩˧
庍,,,,
庎,,,,
序,ts,ɵy,,˨
庐,l,ou,,˩˨
庑,m,ou,,˩˨
庒,,,,
库,f,u:,,˧
应,j,ɪ,ŋ,˥
底,t,ɐi,,˧˥
庖,pʰ,a:u,,˩˨
店,t,i:,m,˧
庘,,,,
庙,m,i:u,,˨
庚,k,ɐ,ŋ,˥
庛,tsʰ,i:,,˧
府,f,u:,,˧˥
庝,,,,
庞,pʰ,ɔ:,ŋ,˩˨
废,f,ɐi,,˧
庠,tsʰ,œ:,ŋ,˩˨
庡,,,,
庢,ts,ɐ,t,˨
庣,tʰ,i:u,,˥
庤,ts,i:,,˨
庥,j,ɐu,,˥
度,t,ɔ:,k,˨
座,ts,ɔ:,,˨
庨,,,,
庩,,,,
庪,k,ei,,˧˥
庫,f,u:,,˧
庬,m,ɔ:,ŋ,˩˨
庭,tʰ,ɪ,ŋ,˩˨
庮,j,ɐu,,˩˨
庯,,,,
庰,,,,
庱,,,,
庲,,,,
庳,p,ei,,˥
庴,,,,
庵,,ɐ,m,˥
庶,s,y:,,˧
康,h,ɔ:,ŋ,˥
庸,j,ʊ,ŋ,˩˨
庹,tʰ,ɔ:,k,˧
庺,,,,
庻,,,,
庼,kʰ,ɪ,ŋ,˧˥
庽,,,,
庾,j,y:,,˩˧
庿,,,,
廀,,,,
廁,tsʰ,ɐ,k,˥
廂,s,œ:,ŋ,˥
廃,f,ɐi,,˧
廄,k,ɐu,,˧
廅,,,,
廆,kw,ɐi,,˥
廇,l,ɐu,,˨
廈,h,a:,,˨
廉,l,i:,m,˩˨
廊,l,ɔ:,ŋ,˩˨
廋,s,ɐu,,˥
廌,ts,a:i,,˨
廍,,,,
廎,kʰ,ɪ,ŋ,˧˥
廏,,,,
廐,,,,
廑,k,ɐ,n,˧˥
廒,ŋ,ou,,˩˨
廓,kw,ɔ:,k,˧
廔,l,ɐu,,˩˨
廕,j,ɐ,m,˧
廖,l,i:u,,˨
廗,,,,
廘,,,,
廙,j,i:,,˨
廚,tsʰ,ɵy,,˩˨
廛,tsʰ,i:,n,˩˨
廜,tʰ,ou,,˩˨
廝,s,i:,,˥
廞,j,ɐ,m,˥
廟,m,i:u,,˨
廠,tsʰ,ɔ:,ŋ,˧˥
廡,m,ou,,˩˨
廢,f,ɐi,,˧
廣,kw,ɔ:,ŋ,˧˥
廤,,,,
廥,kʰ,u:i,,˧˥
廦,,,,
廧,tsʰ,œ:,ŋ,˩˨
廨,k,a:i,,˧
廩,l,ɐ,m,˩˧
廪,l,ɐ,m,˩˧
廫,,,,
廬,l,ou,,˩˨
廭,,,,
廮,,,,
廯,s,i:,n,˧˥
廰,,,,
廱,j,ʊ,ŋ,˥
廲,,,,
廳,tʰ,ɛ:,ŋ,˥
廴,j,ɐ,n,˧˥
廵,tsʰ,ɵ,n,˩˨
延,j,i:,n,˩˨
廷,tʰ,ɪ,ŋ,˩˨
廸,,,,
廹,p,a:,k,˧
建,k,i:,n,˧
廻,w,u:i,,˩˨
廼,,,,
廽,,,,
廾,k,ʊ,ŋ,˧˥
廿,j,a:,,˨
开,h,ɔ:i,,˥
弁,p,i:,n,˨
异,j,i:,,˨
弃,h,ei,,˧
弄,l,ʊ,ŋ,˨
弅,,,,
弆,,,,
弇,j,i:,m,˧˥
弈,j,ɪ,k,˨
弉,,,,
弊,p,ɐi,,˨
弋,j,ɪ,k,˨
弌,j,ɐ,t,˥
弍,j,i:,,˨
弎,,,,
式,s,ɪ,k,˥
弐,,,,
弑,,,,
弒,s,i:,,˧
弓,k,ʊ,ŋ,˥
弔,t,i:u,,˧
引,j,ɐ,n,˩˧
弖,,,,
弗,f,i:,t,˥
弘,w,ɐ,ŋ,˩˨
弙,,,,
弚,,,,
弛,tsʰ,i:,,˧˥
弜,,,,
弝,p,a:,,˧
弞,,,,
弟,t,i:,,˧˥
张,ts,œ:,ŋ,˥
弡,,,,
弢,tʰ,ou,,˥
弣,f,u:,,˧˥
弤,t,ɐi,,˧˥
弥,m,ei,,˩˨
弦,j,i:,n,˩˨
弧,w,u:,,˩˨
弨,tsʰ,i:u,,˥
弩,n,ou,,˩˧
弪,k,ɪ,ŋ,˧
弫,,,,
弬,,,,
弭,m,ɐi,,˩˧
弮,h,y:,n,˥
弯,w,a:,n,˥
弰,s,a:u,,˥
弱,j,œ:,k,˨
弲,,,,
弳,k,ɪ,ŋ,˧
弴,,,,
張,ts,œ:,ŋ,˥
弶,kʰ,œ:,ŋ,˩˧
強,k,œ:,ŋ,˨
弸,p,ɐ,ŋ,˥
弹,tʰ,a:,n,˩˨
强,k,œ:,ŋ,˨
弻,,,,
弼,p,ɐ,t,˨
弽,,,,
弾,,,,
弿,,,,
彀,k,ɐu,,˧
彁,,,,
彂,,,,
彃,p,ɐ,t,˥
彄,kʰ,ɐu,,˥
彅,,,,
彆,p,i:,t,˧
彇,,,,
彈,tʰ,a:,n,˩˨
彉,kʰw,ɔ:,k,˧
彊,k,œ:,ŋ,˥
彋,w,ɐ,ŋ,˩˨
彌,m,ei,,˩˨
彍,,,,
彎,w,a:,n,˥
彏,f,ɔ:,k,˧
彐,k,ɐi,,˧
彑,,,,
归,kw,ɐi,,˥
当,t,ɔ:,ŋ,˥
彔,l,ʊ,k,˨
录,l,ʊ,k,˨
彖,tʰ,ɵ,n,˧
彗,s,ɵy,,˨
彘,ts,i:,,˨
彙,w,ɐi,,˨
彚,,,,
彛,,,,
彜,,,,
彝,,,,
彞,,,,
彟,,,,
彠,,,,
彡,s,a:,m,˥
形,j,ɪ,ŋ,˩˨
彣,,,,
彤,tʰ,ʊ,ŋ,˩˨
彥,j,i:,n,˨
彦,j,i:,n,˨
彧,j,ʊ,k,˥
彨,,,,
彩,tsʰ,ɔ:i,,˧˥
彪,p,i:u,,˥
彫,t,i:u,,˥
彬,p,ɐ,n,˥
彭,pʰ,a:,ŋ,˩˨
彮,,,,
彯,pʰ,i:u,,˥
彰,ts,œ:,ŋ,˥
影,j,ɛ:,ŋ,˧˥
彲,,,,
彳,tsʰ,ɪ,k,˥
彴,,,,
彵,,,,
彶,,,,
彷,f,ɔ:,ŋ,˧˥
彸,ts,ʊ,ŋ,˥
役,j,ɪ,k,˨
彺,,,,
彻,tsʰ,i:,t,˧
彼,p,ei,,˧˥
彽,t,ɐi,,˥
彾,,,,
彿,f,ɐ,t,˥
往,w,ɔ:,ŋ,˩˧
征,ts,ɪ,ŋ,˥
徂,tsʰ,ou,,˩˨
徃,w,ɔ:,ŋ,˩˧
径,k,ɪ,ŋ,˧
待,t,ɔ:i,,˨
徆,,,,
徇,s,ɵ,n,˥
很,h,ɐ,n,˧˥
徉,j,œ:,ŋ,˩˨
徊,w,u:i,,˩˨
律,l,ɵ,t,˨
後,h,ɐu,,˨
徍,,,,
徎,,,,
徏,,,,
徐,tsʰ,ɵy,,˩˨
徑,k,ɪ,ŋ,˧
徒,tʰ,ou,,˩˨
従,,,,
徔,,,,
徕,l,ɔ:i,,˩˨
徖,,,,
得,t,ɐ,k,˥
徘,pʰ,u:i,,˩˨
徙,s,a:i,,˧˥
徚,,,,
徛,k,ei,,˧
徜,s,œ:,ŋ,˩˨
徝,,,,
從,tsʰ,ʊ,ŋ,˩˨
徟,,,,
徠,l,ɔ:i,,˩˨
御,j,y:,,˨
徢,,,,
徣,,,,
徤,,,,
徥,,,,
徦,,,,
徧,pʰ,i:,n,˧
徨,w,ɔ:,ŋ,˩˨
復,f,ɐu,,˨
循,tsʰ,ɵ,n,˩˨
徫,,,,
徬,pʰ,ɔ:,ŋ,˩˨
徭,j,i:u,,˩˨
微,m,ei,,˩˨
徯,h,ɐi,,˩˨
徰,,,,
徱,,,,
徲,,,,
徳,,,,
徴,,,,
徵,ts,i:,,˧˥
徶,pʰ,i:,t,˧
德,t,ɐ,k,˥
徸,,,,
徹,tsʰ,i:,t,˧
徺,,,,
徻,,,,
徼,k,i:u,,˧˥
徽,f,ɐi,,˥
徾,,,,
徿,l,ʊ,ŋ,˨
忀,s,œ:,ŋ,˥
忁,,,,
忂,,,,
心,s,ɐ,m,˥
忄,,,,
必,p,i:,t,˥
忆,j,ɪ,k,˥
忇,,,,
忈,,,,
忉,t,ou,,˥
忊,,,,
忋,,,,
忌,k,ei,,˨
忍,j,ɐ,n,˧˥
忎,,,,
忏,tsʰ,a:,m,˧
忐,tʰ,a:,n,˧˥
忑,tʰ,ɪ,k,˥
忒,tʰ,ɪ,k,˥
忓,,,,
忔,h,ɐ,t,˥
忕,tʰ,a:i,,˧
忖,tsʰ,y:,n,˧˥
志,ts,i:,,˧
忘,m,ɔ:,ŋ,˩˨
忙,m,ɔ:,ŋ,˩˨
忚,,,,
忛,,,,
応,,,,
忝,tʰ,i:,m,˧˥
忞,m,ɐ,n,˩˨
忟,m,ɐ,ŋ,˧˥
忠,ts,ʊ,ŋ,˥
忡,tsʰ,ʊ,ŋ,˥
忢,ŋ,,,˨
忣,k,ɐ,p,˥
忤,ŋ,,,˩˧
忥,,,,
忦,,,,
忧,j,ɐu,,˥
忨,w,u:,n,˨
忩,,,,
忪,s,ʊ,ŋ,˥
快,f,a:i,,˧
忬,,,,
忭,p,i:,n,˨
忮,k,ei,,˨
忯,,,,
忰,,,,
忱,s,ɐ,m,˩˨
忲,,,,
忳,tʰ,ɐ,n,˩˨
忴,,,,
念,n,i:,m,˨
忶,,,,
忷,h,ʊ,ŋ,˥
忸,n,ɐu,,˧˥
忹,,,,
忺,h,i:,m,˥
忻,j,ɐ,n,˥
忼,h,ʊ,ŋ,˧˥
忽,f,ɐ,t,˥
忾,kʰ,ɔ:i,,˧
忿,f,ɐ,n,˩˧
怀,w,a:i,,˩˨
态,tʰ,a:i,,˧
怂,s,ʊ,ŋ,˧˥
怃,m,ou,,˩˧
怄,,ɐu,,˥
怅,tsʰ,œ:,ŋ,˧
怆,tsʰ,ɔ:,ŋ,˧
怇,,,,
怈,,,,
怉,,,,
怊,tsʰ,i:u,,˥
怋,m,ɐ,n,˩˨
怌,,,,
怍,ts,ɔ:,k,˨
怎,ts,ɐ,m,˧˥
怏,j,œ:,ŋ,˧˥
怐,kʰ,ɐu,,˧
怑,,,,
怒,n,ou,,˨
怓,n,a:u,,˩˨
怔,ts,ɪ,ŋ,˥
怕,pʰ,a:,,˧
怖,p,ou,,˧
怗,tʰ,i:,p,˧
怘,,,,
怙,w,u:,,˨
怚,ts,ɵy,,˨
怛,t,a:,t,˧
怜,l,i:,n,˩˨
思,s,i:,,˥
怞,j,ɐu,,˩˨
怟,,,,
怠,t,ɔ:i,,˨
怡,j,i:,,˩˨
怢,t,ɐ,t,˨
怣,,,,
怤,,,,
急,k,ɐ,p,˥
怦,pʰ,ɪ,ŋ,˥
性,s,ɪ,ŋ,˧
怨,j,y:,n,˧
怩,n,ei,,˩˨
怪,kw,a:i,,˧
怫,f,ɐi,,˧
怬,,,,
怭,p,i:,t,˥
怮,j,ɐu,,˥
怯,h,i:,p,˧
怰,,,,
怱,tsʰ,ʊ,ŋ,˥
怲,p,ɪ,ŋ,˧˥
怳,f,ɔ:,ŋ,˧˥
怴,,,,
怵,ts,ɵ,t,˥
怶,pʰ,ɛ:,,˩˧
怷,,,,
怸,,,,
怹,tʰ,a:,,˥
怺,,,,
总,ts,ʊ,ŋ,˧˥
怼,t,ɵy,,˨
怽,,,,
怾,,,,
怿,j,ɪ,k,˨
恀,tsʰ,i:,,˧˥
恁,j,ɐ,m,˨
恂,s,ɵ,n,˥
恃,tsʰ,i:,,˩˧
恄,,,,
恅,l,ou,,˩˧
恆,h,ɐ,ŋ,˩˨
恇,h,ɔ:,ŋ,˥
恈,,,,
恉,ts,i:,,˧˥
恊,,,,
恋,l,y:,n,˧˥
恌,tʰ,i:u,,˥
恍,f,ɔ:,ŋ,˧˥
恎,,,,
恏,,,,
恐,h,ʊ,ŋ,˧˥
恑,,,,
恒,,,,
恓,s,ɐi,,˥
恔,h,a:u,,˨
恕,s,y:,,˧
恖,,,,
恗,,,,
恘,,,,
恙,j,œ:,ŋ,˨
恚,w,ɐi,,˨
恛,w,u:i,,˩˨
恜,,,,
恝,,a:,t,˧
恞,,,,
恟,h,ʊ,ŋ,˥
恠,kw,a:i,,˧
恡,,,,
恢,f,u:i,,˥
恣,tsʰ,i:,,˧
恤,s,ɵ,t,˥
恥,tsʰ,i:,,˧˥
恦,,,,
恧,n,ʊ,k,˥
恨,h,ɐ,n,˨
恩,j,ɐ,n,˥
恪,kʰ,ɔ:,k,˧
恫,t,ʊ,ŋ,˨
恬,tʰ,i:,m,˩˨
恭,k,ʊ,ŋ,˥
恮,tsʰ,y:,n,˩˨
息,s,ɪ,k,˥
恰,h,ɐ,p,˥
恱,,,,
恲,pʰ,a:,ŋ,˥
恳,h,ɐ,n,˧˥
恴,,,,
恵,,,,
恶,ŋ,ɔ:,k,˧
恷,,,,
恸,t,ʊ,ŋ,˨
恹,j,i:,m,˥
恺,h,ɔ:i,,˧˥
恻,tsʰ,a:,k,˥
恼,n,ou,,˩˧
恽,w,ɐ,n,˨
恾,,,,
恿,,,,
悀,,,,
悁,k,y:,n,˥
悂,,,,
悃,kʰw,ɐ,n,˧˥
悄,tsʰ,i:u,,˧˥
悅,j,y:,t,˨
悆,,,,
悇,tʰ,ou,,˩˨
悈,k,a:i,,˧
悉,s,ɪ,k,˥
悊,ts,i:,t,˧
悋,,,,
悌,t,ɐi,,˨
悍,h,ɔ:,n,˩˧
悎,,,,
悏,,,,
悐,tʰ,ɪ,k,˥
悑,,,,
悒,j,ɐ,p,˥
悓,,,,
悔,f,u:i,,˧
悕,h,ei,,˥
悖,p,u:i,,˧
悗,m,u:,n,˩˨
悘,,,,
悙,,,,
悚,s,ʊ,ŋ,˧˥
悛,s,y:,n,˥
悜,,,,
悝,f,u:i,,˥
悞,ŋ,,,˨
悟,ŋ,,,˨
悠,j,ɐu,,˩˨
悡,,,,
悢,l,œ:,ŋ,˨
患,w,a:,n,˨
悤,tsʰ,ʊ,ŋ,˥
悥,,,,
悦,j,y:,t,˨
悧,,,,
您,n,ei,,˩˧
悩,n,ou,,˩˧
悪,,,,
悫,kʰ,ɔ:,k,˧
悬,j,y:,n,˩˨
悭,h,ɐ,n,˥
悮,,,,
悯,m,ɐ,n,˩˧
悰,tsʰ,ʊ,ŋ,˩˨
悱,f,ei,,˧˥
悲,p,ei,,˥
悳,t,ɐ,k,˥
悴,s,ɵy,,˩˧
悵,tsʰ,œ:,ŋ,˧
悶,m,u:,n,˨
悷,l,ɐi,,˨
悸,kw,ɐi,,˧
悹,,,,
悺,k,u:,n,˧
悻,h,ɐ,ŋ,˩˧
悼,t,ou,,˨
悽,tsʰ,ɐi,,˥
悾,h,ʊ,ŋ,˥
悿,,,,
惀,l,ɵ,n,˩˨
惁,,,,
惂,,,,
惃,,,,
惄,n,ɪ,k,˨
情,tsʰ,ɪ,ŋ,˩˨
惆,tsʰ,ɐu,,˩˨
惇,t,ɵ,n,˥
惈,kw,ɔ:,,˧˥
惉,ts,i:,m,˥
惊,k,ɛ:,ŋ,˥
惋,j,y:,n,˧˥
惌,j,y:,n,˧
惍,,,,
惎,k,ei,,˨
惏,l,a:,m,˩˨
惐,,,,
惑,w,a:,k,˨
惒,,,,
惓,kʰ,y:,n,˩˨
惔,tʰ,a:,m,˩˨
惕,tʰ,ɪ,k,˥
惖,tʰ,ɪ,k,˥
惗,n,ɐ,m,˧˥
惘,m,ɔ:,ŋ,˩˧
惙,ts,y:,t,˧
惚,f,ɐ,t,˥
惛,f,ɐ,n,˥
惜,s,ɛ:,k,˧
惝,tsʰ,ɔ:,ŋ,˧˥
惞,,,,
惟,w,ɐi,,˩˨
惠,w,ɐi,,˨
惡,ŋ,ɔ:,k,˧
惢,s,ɔ:,,˧˥
惣,,,,
惤,,,,
惥,,,,
惦,t,i:,m,˧
惧,k,ɵy,,˨
惨,tsʰ,a:,m,˧˥
惩,tsʰ,ɪ,ŋ,˩˨
惪,,,,
惫,p,a:i,,˨
惬,h,i:,p,˧
惭,tsʰ,a:,m,˩˨
惮,t,a:,n,˨
惯,kw,a:,n,˧
惰,t,ɔ:,,˨
惱,n,ou,,˩˧
惲,w,ɐ,n,˨
想,s,œ:,ŋ,˧˥
惴,tsʰ,y:,n,˧
惵,t,i:,p,˨
惶,w,ɔ:,ŋ,˩˨
惷,tsʰ,ɵ,n,˧˥
惸,kʰ,ɪ,ŋ,˩˨
惹,j,ɛ:,,˩˧
惺,s,ɪ,ŋ,˥
惻,tsʰ,a:,k,˥
惼,p,i:,n,˧˥
惽,,,,
惾,ts,ʊ,ŋ,˥
惿,,,,
愀,tsʰ,i:u,,˧˥
愁,s,ɐu,,˩˨
愂,,,,
愃,s,y:,n,˥
愄,,,,
愅,k,a:,k,˧
愆,h,i:,n,˥
愇,,,,
愈,j,y:,,˨
愉,j,y:,,˩˨
愊,p,ɪ,k,˥
愋,,,,
愌,,,,
愍,m,ɐ,n,˩˧
愎,p,ɪ,k,˥
意,j,i:,,˧
愐,m,i:,n,˩˧
愑,,,,
愒,kʰ,ɐi,,˧
愓,t,ɔ:,ŋ,˨
愔,j,ɐ,m,˥
愕,ŋ,ɔ:,k,˨
愖,s,ɐ,m,˩˨
愗,,,,
愘,kʰ,ɔ:,k,˧
愙,,,,
愚,j,y:,,˩˨
愛,ŋ,ɔ:i,,˧
愜,h,i:,p,˧
愝,,,,
愞,n,ɔ:,,˨
感,k,ɐ,m,˧˥
愠,w,ɐ,n,˧
愡,,,,
愢,s,ɔ:i,,˥
愣,l,ɪ,ŋ,˨
愤,f,ɐ,n,˩˧
愥,,,,
愦,kʰ,u:i,,˧˥
愧,kʰw,ɐi,,˧
愨,kʰ,ɔ:,k,˧
愩,,,,
愪,,,,
愫,s,ou,,˧
愬,s,ou,,˧
愭,,,,
愮,j,i:u,,˩˨
愯,,,,
愰,j,i:u,,˨
愱,,,,
愲,kw,ɐ,t,˥
愳,,,,
愴,tsʰ,ɔ:,ŋ,˧
愵,,,,
愶,,,,
愷,h,ɔ:i,,˧˥
愸,,,,
愹,,,,
愺,,,,
愻,s,ɵ,n,˧
愼,s,ɐ,n,˨
愽,,,,
愾,kʰ,ɔ:i,,˧
愿,j,y:,n,˨
慀,,,,
慁,w,ɐ,n,˨
慂,j,ʊ,ŋ,˩˧
慃,,,,
慄,l,ɵ,t,˨
慅,tsʰ,ou,,˧˥
慆,tʰ,ou,,˥
慇,j,ɐ,n,˥
慈,tsʰ,i:,,˩˨
慉,tsʰ,ʊ,k,˥
慊,h,i:,m,˧
態,tʰ,a:i,,˧
慌,f,ɔ:,ŋ,˥
慍,w,ɐ,n,˧
慎,s,ɐ,n,˨
慏,,,,
慐,,,,
慑,s,i:,p,˧
慒,tsʰ,ʊ,ŋ,˩˨
慓,pʰ,i:u,,˩˧
慔,,,,
慕,m,ou,,˨
慖,,,,
慗,,,,
慘,tsʰ,a:,m,˧˥
慙,tsʰ,a:,m,˩˨
慚,tsʰ,a:,m,˩˨
慛,,,,
慜,,,,
慝,n,ɪ,k,˥
慞,ts,œ:,ŋ,˥
慟,t,ʊ,ŋ,˨
慠,,,,
慡,,,,
慢,m,a:,n,˨
慣,kw,a:,n,˧
慤,kʰ,ɔ:,k,˧
慥,tsʰ,ou,,˧
慦,,,,
慧,w,ɐi,,˧
慨,kʰ,ɔ:i,,˧˥
慩,,,,
慪,,ɐu,,˥
慫,s,ʊ,ŋ,˧˥
慬,kʰ,ɐ,n,˩˨
慭,j,ɐ,n,˨
慮,l,ɵy,,˨
慯,,,,
慰,w,ɐi,,˧
慱,tʰ,y:,n,˩˨
慲,,,,
慳,h,a:,n,˥
慴,ts,i:,p,˧
慵,j,ʊ,ŋ,˩˨
慶,h,ɪ,ŋ,˧
慷,h,ʊ,ŋ,˧˥
慸,,,,
慹,ts,ɐ,p,˥
慺,l,ɐu,,˩˨
慻,,,,
慼,tsʰ,ɪ,k,˥
慽,tsʰ,ɪ,k,˥
慾,j,ʊ,k,˨
慿,,,,
憀,l,i:u,,˩˨
憁,,,,
憂,j,ɐu,,˥
憃,tsʰ,ʊ,ŋ,˥
憄,,,,
憅,,,,
憆,,,,
憇,h,ei,,˧
憈,,,,
憉,pʰ,a:,ŋ,˩˨
憊,p,a:i,,˨
憋,p,i:,t,˧
憌,,,,
憍,k,i:u,,˥
憎,ts,ɐ,ŋ,˥
憏,,,,
憐,l,i:,n,˩˨
憑,pʰ,ɛ:,ŋ,˥
憒,kʰ,u:i,,˧˥
憓,w,ɐi,,˨
憔,tsʰ,i:u,,˩˨
憕,,,,
憖,j,ɐ,n,˨
憗,,,,
憘,,,,
憙,,,,
憚,t,a:,n,˨
憛,tʰ,a:,m,˩˨
憜,,,,
憝,t,ɵy,,˨
憞,,,,
憟,,,,
憠,,,,
憡,,,,
憢,,,,
憣,,,,
憤,f,ɐ,n,˩˧
憥,,,,
憦,,,,
憧,tsʰ,ʊ,ŋ,˥
憨,h,ɐ,m,˥
憩,h,ei,,˧
憪,h,a:,n,˩˨
憫,m,ɐ,n,˩˧
憬,k,ɪ,ŋ,˧˥
憭,l,i:u,,˩˧
憮,m,ou,,˩˧
憯,tsʰ,a:,m,˧˥
憰,kʰ,y:,t,˧
憱,tsʰ,ʊ,k,˥
憲,h,i:,n,˧
憳,,,,
憴,,,,
憵,p,ɪ,k,˥
憶,j,ɪ,k,˥
憷,tsʰ,ɔ:,,˧˥
憸,tsʰ,i:,m,˥
憹,,,,
憺,t,a:,m,˨
憻,,,,
憼,k,ɪ,ŋ,˧˥
憽,,,,
憾,h,ɐ,m,˨
憿,,,,
懀,,,,
懁,k,y:,n,˥
懂,t,ʊ,ŋ,˧˥
懃,kʰ,ɐ,n,˩˨
懄,kʰ,ɐ,n,˩˨
懅,kʰ,ɵy,,˩˨
懆,tsʰ,ɔ:,,˧
懇,h,ɐ,n,˧˥
懈,k,a:i,,˧
應,j,ɪ,ŋ,˥
懊,,ou,,˧
懋,m,ɐu,,˨
懌,j,ɪ,k,˨
懍,l,ɐ,m,˩˧
懎,,,,
懏,,,,
懐,,,,
懑,m,u:,n,˨
懒,l,a:,n,˧˥
懓,,,,
懔,l,ɐ,m,˩˧
懕,,,,
懖,,,,
懗,,,,
懘,tsʰ,i:,t,˧
懙,,,,
懚,,,,
懛,,,,
懜,m,ʊ,ŋ,˥
懝,,,,
懞,m,ʊ,ŋ,˩˨
懟,t,ɵy,,˧˥
懠,tsʰ,ɐi,,˩˨
懡,,,,
懢,,,,
懣,m,u:,n,˨
懤,tsʰ,ɐu,,˩˨
懥,tsʰ,i:,,˧
懦,n,ɔ:,,˨
懧,n,ɔ:,,˨
懨,j,i:,m,˥
懩,,,,
懪,p,ɔ:,k,˨
懫,ts,i:,,˧
懬,,,,
懭,kʰ,ɔ:,ŋ,˧
懮,j,ɐu,,˥
懯,,,,
懰,l,ɐu,,˩˨
懱,,,,
懲,tsʰ,ɪ,ŋ,˩˨
懳,,,,
懴,,,,
懵,m,ʊ,ŋ,˧˥
懶,l,a:,n,˧˥
懷,w,a:i,,˩˨
懸,j,y:,n,˩˨
懹,,,,
懺,tsʰ,a:,m,˧
懻,kʰ,ei,,˧
懼,k,ɵy,,˨
懽,f,u:,n,˥
懾,s,i:,p,˧
懿,j,i:,,˧
戀,l,y:,n,˧˥
戁,n,a:,n,˧˥
戂,,,,
戃,tsʰ,ɔ:,ŋ,˧˥
戄,f,ɔ:,k,˧
戅,ŋ,ɔ:,ŋ,˨
戆,ŋ,ɔ:,ŋ,˨
戇,ŋ,ɔ:,ŋ,˨
戈,kw,ɔ:,,˥
戉,j,y:,t,˨
戊,m,ou,,˨
戋,ts,i:,n,˥
戌,s,ɵ,t,˥
戍,s,y:,,˧
戎,j,ʊ,ŋ,˩˨
戏,f,u:,,˥
成,s,ɛ:,ŋ,˩˨
我,ŋ,ɔ:,,˩˧
戒,k,a:i,,˧
戓,,,,
戔,ts,i:,n,˥
戕,tsʰ,œ:,ŋ,˩˨
或,w,a:,k,˨
戗,tsʰ,œ:,ŋ,˧
战,ts,i:,n,˧
戙,t,ʊ,ŋ,˨
戚,tsʰ,ɪ,k,˥
戛,,a:,t,˧
戜,,,,
戝,tsʰ,a:,k,˨
戞,,a:,t,˥
戟,kʰ,ɪ,k,˥
戠,,,,
戡,h,ɐ,m,˥
戢,tsʰ,ɐ,p,˥
戣,kʰw,ɐi,,˩˨
戤,kʰ,ɔ:i,,˧
戥,t,ɐ,ŋ,˨
戦,,,,
戧,tsʰ,œ:,ŋ,˧
戨,,,,
戩,ts,i:,n,˧˥
截,ts,i:,t,˨
戫,,,,
戬,ts,i:,n,˧˥
戭,j,ɐ,n,˩˧
戮,l,ʊ,k,˨
戯,,,,
戰,ts,i:,n,˧
戱,h,ei,,˧
戲,f,u:,,˥
戳,tsʰ,œ:,k,˧
戴,t,a:i,,˧
戵,,,,
戶,w,u:,,˨
户,w,u:,,˨
戸,,,,
戹,,ɐ,k,˥
戺,s,i:,,˨
戻,,,,
戼,,,,
戽,f,u:,,˧
戾,l,ɐi,,˧˥
房,f,ɔ:,ŋ,˧˥
所,s,ɔ:,,˧˥
扁,p,i:,n,˧˥
扂,t,i:,m,˧
扃,kw,ɪ,ŋ,˥
扄,,,,
扅,,,,
扆,j,i:,,˧˥
扇,s,i:,n,˧
扈,w,u:,,˨
扉,f,ei,,˥
扊,j,i:,m,˩˧
手,s,ɐu,,˧˥
扌,,,,
才,tsʰ,ɔ:i,,˩˨
扎,ts,a:,t,˧
扏,,,,
扐,l,ɐ,k,˨
扑,pʰ,ɔ:,k,˧
扒,pʰ,a:,,˩˨
打,t,a:,,˥
扔,j,ɪ,ŋ,˩˨
払,,,,
扖,,,,
扗,,,,
托,tʰ,ɔ:,k,˧
扙,,,,
扚,,,,
扛,k,ɔ:,ŋ,˥
扜,j,y:,,˥
扝,,,,
扞,h,ɔ:,n,˨
扟,,,,
扠,tsʰ,a:,,˥
扡,tsʰ,i:,,˧˥
扢,kw,ɐ,t,˥
扣,kʰ,ɐu,,˧
扤,ŋ,ɐ,n,˧
扥,,,,
扦,tsʰ,i:,n,˥
执,ts,ɐ,p,˥
扨,,,,
扩,kw,ɔ:,k,˧
扪,m,u:,n,˩˨
扫,s,ou,,˧˥
扬,j,œ:,ŋ,˩˨
扭,n,ɐu,,˧˥
扮,p,a:,n,˨
扯,tsʰ,ɛ:,,˧˥
扰,j,i:u,,˧˥
扱,kʰ,ɐ,p,˥
扲,ŋ,ɐ,m,˩˨
扳,pʰ,a:,n,˥
扴,,,,
扵,j,y:,,˥
扶,f,u:,,˩˨
扷,,,,
扸,,,,
批,pʰ,ɐi,,˥
扺,ts,i:,,˧˥
扻,h,ɐ,m,˧˥
扼,,a:,,˥
扽,t,ɐ,n,˧
找,ts,a:u,,˧˥
承,s,ɪ,ŋ,˩˨
技,k,ei,,˨
抁,,,,
抂,,,,
抃,p,i:,n,˨
抄,tsʰ,a:u,,˧
抅,,,,
抆,m,ɐ,n,˧˥
抇,w,ɐ,t,˨
抈,j,y:,t,˨
抉,kʰ,y:,t,˧
把,p,a:,,˧˥
抋,,,,
抌,t,ɐ,m,˧˥
抍,,,,
抎,w,ɐ,n,˩˧
抏,j,y:,n,˩˨
抐,,,,
抑,j,ɪ,k,˥
抒,s,y:,,˥
抓,,a:u,,˥
抔,pʰ,ɐu,,˩˨
投,tʰ,ɐu,,˩˨
抖,tʰ,ɐu,,˧˥
抗,kʰ,ɔ:,ŋ,˧
折,ts,i:,p,˧
抙,,,,
抚,f,u:,,˧˥
抛,pʰ,a:u,,˥
抜,,,,
抝,,a:u,,˧˥
択,,,,
抟,tʰ,y:,n,˩˨
抠,kʰ,ɐu,,˥
抡,l,ɵ,n,˩˨
抢,tsʰ,œ:,ŋ,˥
抣,,,,
护,w,u:,,˨
报,p,ou,,˧
抦,p,ɪ,ŋ,˧˥
抧,,,,
抨,pʰ,a:,ŋ,˥
抩,,,,
抪,p,ɔ:,,˧
披,pʰ,ei,,˥
抬,tʰ,ɔ:i,,˩˨
抭,j,i:u,,˩˧
抮,ts,ɐ,n,˧˥
抯,tsʰ,ɛ:,,˧˥
抰,j,œ:,ŋ,˧˥
抱,p,ou,,˨
抲,,,,
抳,n,ɐi,,˩˨
抴,j,ɐi,,˨
抵,t,ɐi,,˧˥
抶,tsʰ,ɪ,k,˥
抷,,,,
抸,,,,
抹,m,a:,t,˧
抺,,,,
抻,tsʰ,ɐ,n,˧˥
押,,a:,p,˧
抽,tsʰ,ɐu,,˥
抾,k,i:,p,˧
抿,m,ɐ,n,˩˧
拀,,,,
拁,,,,
拂,f,ɐ,t,˥
拃,ts,a:,,˨
拄,ts,y:,,˧˥
担,t,a:,m,˥
拆,tsʰ,a:,k,˧
拇,m,ou,,˩˧
拈,n,i:,m,˥
拉,l,a:i,,˥
拊,f,u:,,˧˥
拋,pʰ,a:u,,˥
拌,p,u:,n,˧
拍,pʰ,a:,k,˧
拎,l,ɪ,ŋ,˥
拏,n,a:,,˩˨
拐,kw,a:i,,˧˥
拑,kʰ,i:,m,˩˨
拒,kʰ,ɵy,,˩˧
拓,tʰ,a:,p,˧
拔,p,ɐ,t,˨
拕,tʰ,ɔ:,,˥
拖,tʰ,ɔ:,,˥
拗,,a:u,,˧˥
拘,kʰ,ɵy,,˥
拙,ts,y:,t,˧
拚,pʰ,ɪ,ŋ,˥
招,ts,i:u,,˥
拜,p,a:i,,˥
拝,,,,
拞,,,,
拟,j,i:,,˩˨
拠,,,,
拡,,,,
拢,l,ʊ,ŋ,˩˧
拣,k,a:,n,˧˥
拤,,,,
拥,j,ʊ,ŋ,˧˥
拦,l,a:,n,˥
拧,l,ɪ,ŋ,˧˥
拨,pʰ,u:,t,˧
择,ts,a:,k,˨
拪,,,,
拫,h,ɐ,ŋ,˩˨
括,kʰ,u:,t,˧
拭,s,ɪ,k,˥
拮,k,i:,t,˧
拯,tsʰ,ɪ,ŋ,˧˥
拰,,,,
拱,k,ʊ,ŋ,˧˥
拲,k,ʊ,ŋ,˧˥
拳,kʰ,y:,n,˩˨
拴,s,a:,n,˥
拵,,,,
拶,ts,a:,t,˧
拷,h,a:u,,˥
拸,j,i:,,˩˨
拹,h,i:,p,˧
拺,,,,
拻,,,,
拼,pʰ,ɛ:,ŋ,˥
拽,j,ɐi,,˨
拾,s,ɐ,p,˨
拿,n,a:,,˩˨
挀,,,,
持,tsʰ,i:,,˩˨
挂,kw,a:,,˧
挃,ts,ɐ,t,˥
挄,,,,
挅,,,,
挆,,,,
指,ts,i:,,˧˥
挈,kʰ,i:,t,˧
按,ŋ,ɔ:,n,˧
挊,,,,
挋,,,,
挌,k,a:,k,˧
挍,ŋ,a:u,,˥
挎,f,u:,,˥
挏,t,ʊ,ŋ,˨
挐,j,y:,,˩˨
挑,tʰ,i:u,,˥
挒,,,,
挓,ts,a:,,˥
挔,,,,
挕,,,,
挖,w,a:,,˥
挗,,,,
挘,l,y:,t,˧
挙,,,,
挚,ts,i:,,˧
挛,l,y:,n,˥
挜,,a:,,˧
挝,kw,ɔ:,,˥
挞,tʰ,a:,t,˥
挟,h,a:,p,˨
挠,n,a:u,,˩˨
挡,t,ɔ:,ŋ,˧˥
挢,k,i:u,,˧˥
挣,ts,a:,ŋ,˨
挤,ts,ɐi,,˥
挥,f,ɐi,,˥
挦,tsʰ,ɐ,m,˩˨
挧,,,,
挨,,a:i,,˥
挩,s,ɵy,,˧
挪,n,ɔ:,,˥
挫,tsʰ,ɔ:,,˧
挬,,,,
挭,k,a:,ŋ,˧
挮,,,,
振,ts,ɐ,n,˧
挰,,,,
挱,s,ɔ:,,˥
挲,s,ɔ:,,˥
挳,,,,
挴,m,u:i,,˩˧
挵,,,,
挶,k,ʊ,k,˨
挷,p,ɔ:,ŋ,˥
挸,,,,
挹,j,ɐ,p,˨
挺,tʰ,ɪ,ŋ,˧˥
挻,s,a:,n,˥
挼,n,ɔ:,,˩˨
挽,w,a:,n,˧˥
挾,h,a:,p,˨
挿,,,,
捀,,,,
捁,,,,
捂,,,,
捃,kʰw,ɐ,n,˧˥
捄,k,ɐu,,˧
捅,tʰ,ɔ:,ŋ,˧˥
捆,kʰw,ɐ,n,˧˥
捇,,,,
捈,,,,
捉,ts,ʊ,k,˥
捊,,,,
捋,l,y:,t,˧
捌,p,a:,t,˧
捍,h,ɔ:,n,˧˥
捎,s,a:u,,˥
捏,n,i:,p,˨
捐,k,y:,n,˥
捑,,,,
捒,,,,
捓,j,ɛ:,,˩˨
捔,k,ɔ:,k,˧
捕,p,ou,,˨
捖,kw,a:,t,˧
捗,,,,
捘,ts,y:,n,˧
捙,,,,
捚,,,,
捛,,,,
捜,,,,
捝,,,,
捞,l,a:u,,˥
损,s,y:,n,˧˥
捠,,,,
捡,k,i:,m,˧˥
换,w,u:,n,˨
捣,t,ou,,˧˥
捤,,,,
捥,w,u:,n,˧˥
捦,kʰ,ɐ,m,˩˨
捧,p,ʊ,ŋ,˧˥
捨,s,ɛ:,,˧˥
捩,l,i:,t,˨
捪,,,,
捫,m,u:,n,˩˨
捬,,,,
捭,p,a:i,,˧˥
据,k,ɵy,,˥
捯,t,ou,,˧
捰,,,,
捱,ŋ,a:i,,˩˨
捲,k,y:,n,˧˥
捳,,,,
捴,,,,
捵,tsʰ,ɐ,n,˧˥
捶,tsʰ,ɵy,,˩˨
捷,ts,i:,t,˧
捸,,,,
捹,p,ɐ,n,˧
捺,n,a:,t,˨
捻,n,i:,m,˧˥
捼,n,ɔ:,,˩˨
捽,ts,ɵ,t,˥
捾,,,,
捿,,,,
掀,h,i:,n,˥
掁,tsʰ,a:,ŋ,˩˨
掂,t,i:,m,˧
掃,s,ou,,˧˥
掄,l,ɵ,n,˩˨
掅,tsʰ,ɪ,ŋ,˧
掆,,,,
掇,ts,y:,t,˧
授,s,ɐu,,˨
掉,t,ɛ:u,,˨
掊,pʰ,ɐu,,˩˨
掋,,,,
掌,ts,œ:,ŋ,˧˥
掍,kw,ɐ,n,˧˥
掎,k,ei,,˧˥
掏,tʰ,ou,,˩˨
掐,h,a:,p,˧
掑,,,,
排,pʰ,a:i,,˩˨
掓,,,,
掔,h,a:,n,˥
掕,l,ɐ,ŋ,˧
掖,j,ɐ,t,˨
掗,,a:,,˧
掘,kw,ɐ,t,˨
掙,ts,a:,ŋ,˨
掚,,,,
掛,kw,a:,,˧
掜,ŋ,ɐi,,˩˧
掝,,,,
掞,s,i:,m,˧
掟,t,ɛ:,ŋ,˧
掠,l,œ:,k,˨
採,tsʰ,ɔ:i,,˧˥
探,tʰ,a:,m,˧
掣,ts,ɐi,,˧
掤,p,ɪ,ŋ,˥
接,ts,i:,p,˧
掦,t,ɪ,k,˥
控,h,ʊ,ŋ,˧
推,tsʰ,ɵy,,˥
掩,,ɐ,m,˧˥
措,tsʰ,ou,,˧
掫,ts,ɐu,,˥
掬,k,ʊ,k,˥
掭,tʰ,i:,m,˧
掮,kʰ,i:,n,˩˨
掯,kʰ,ɐ,ŋ,˧
掰,p,a:i,,˥
掱,pʰ,a:,,˩˨
掲,,,,
掳,l,ou,,˩˧
掴,kw,a:,k,˧
掵,,,,
掶,,,,
掷,ts,a:,k,˨
掸,t,a:,n,˨
掹,m,a:,ŋ,˥
掺,tsʰ,a:,m,˥
掻,,,,
掼,kw,a:,n,˧
掽,pʰ,ʊ,ŋ,˧
掾,j,y:,n,˨
掿,,,,
揀,k,a:,n,˧˥
揁,,,,
揂,,,,
揃,ts,i:,n,˥
揄,j,y:,,˩˨
揅,j,i:,n,˩˨
揆,kʰw,ɐi,,˩˨
揇,n,a:,m,˧
揈,f,ɪ,ŋ,˨
揉,j,ɐu,,˩˨
揊,p,ɪ,k,˥
揋,,,,
揌,s,ɐ,k,˥
揍,ts,ɐu,,˧
揎,s,y:,n,˥
描,m,i:u,,˩˨
提,t,ɐi,,˧˥
揑,n,i:,p,˨
插,tsʰ,a:,p,˧
揓,tsʰ,i:,,˧
揔,,,,
揕,ts,ɐ,m,˧
揖,j,ɐ,p,˥
揗,tʰ,ɐ,n,˩˨
揘,,,,
揙,,,,
揚,j,œ:,ŋ,˩˨
換,w,u:,n,˨
揜,j,i:,m,˧˥
揝,ts,a:,n,˨
揞,ŋ,ɐ,m,˧˥
揟,,,,
揠,,a:,t,˥
握,,a:,k,˥
揢,kʰ,ɐ,k,˥
揣,tsʰ,ɵy,,˧˥
揤,ts,ɵ,t,˥
揥,t,ɐi,,˧
揦,l,a:,,˧˥
揧,,,,
揨,,,,
揩,h,a:i,,˥
揪,tsʰ,ɐu,,˥
揫,tsʰ,ɐu,,˥
揬,t,ɐ,t,˥
揭,kʰ,i:,t,˧
揮,f,ɐi,,˥
揯,h,ɐ,ŋ,˩˨
揰,tsʰ,ʊ,ŋ,˧
揱,s,i:u,,˥
揲,t,i:,p,˨
揳,s,ɛ:,,˧˥
援,j,y:,n,˩˨
揵,kʰ,i:,n,˩˨
揶,j,ɛ:,,˩˨
揷,,,,
揸,ts,a:,,˥
揹,p,u:i,,˧
揺,,,,
揻,,,,
揼,t,ɐ,m,˥
揽,l,a:,m,˨
揾,w,ɐ,n,˧
揿,k,ɐ,m,˨
搀,tsʰ,a:,m,˥
搁,k,ɔ:,k,˧
搂,l,ɐu,,˥
搃,,,,
搄,,,,
搅,k,a:u,,˧˥
搆,k,ɐu,,˧
搇,kʰ,ɐ,m,˧˥
搈,ŋ,ʊ,ŋ,˧˥
搉,kʰ,ɔ:,k,˥
搊,tsʰ,ɐu,,˥
搋,tsʰ,a:i,,˥
搌,ts,i:,n,˧˥
損,s,y:,n,˧˥
搎,s,y:,n,˥
搏,p,ɔ:,k,˧
搐,tsʰ,ʊ,k,˥
搑,,,,
搒,p,ɔ:,ŋ,˥
搓,tsʰ,a:i,,˥
搔,s,ou,,˥
搕,h,ɐ,p,˥
搖,j,i:u,,˩˨
搗,t,ou,,˧˥
搘,ts,i:,,˥
搙,,,,
搚,l,ɐ,p,˨
搛,k,i:,m,˥
搜,s,ɐu,,˥
搝,,,,
搞,k,a:u,,˧˥
搟,,,,
搠,s,ɔ:,k,˧
搡,s,ɔ:,ŋ,˧˥
搢,ts,ɵ,n,˧
搣,m,i:,t,˥
搤,,ɐ,k,˥
搥,tsʰ,ɵy,,˩˨
搦,n,ɪ,k,˥
搧,s,i:,n,˧
搨,tʰ,a:,p,˧
搩,,,,
搪,tʰ,ɔ:,ŋ,˩˨
搫,p,u:,n,˥
搬,p,u:,n,˥
搭,t,a:,p,˧
搮,l,ɵ,t,˨
搯,tʰ,ou,,˩˨
搰,w,ɐ,t,˨
搱,,,,
搲,w,a:,,˧˥
搳,h,ɐ,t,˨
搴,h,i:,n,˥
搵,w,ɐ,n,˧˥
搶,tsʰ,œ:,ŋ,˥
搷,tʰ,i:,n,˩˨
搸,,,,
搹,,a:,k,˥
携,kʰw,ɐi,,˩˨
搻,,,,
搼,,,,
搽,tsʰ,a:,,˩˨
搾,ts,a:,,˧
搿,k,a:,p,˧
摀,w,u:,,˧˥
摁,,ɔ:,n,˧
摂,,,,
摃,k,ɔ:,ŋ,˥
摄,n,i:,p,˨
摅,s,y:,,˥
摆,p,a:i,,˧˥
摇,j,i:u,,˩˨
摈,p,ɐ,n,˧
摉,,,,
摊,tʰ,a:,n,˥
摋,s,a:,t,˧
摌,,,,
摍,,,,
摎,k,ɐu,,˥
摏,s,ʊ,ŋ,˥
摐,tsʰ,ʊ,ŋ,˥
摑,kw,a:,k,˧
摒,p,ɪ,ŋ,˧˥
摓,f,ʊ,ŋ,˩˨
摔,s,ɵy,,˥
摕,tsʰ,ɐi,,˧
摖,,,,
摗,,,,
摘,ts,a:,k,˨
摙,l,i:,n,˩˧
摚,tʰ,ɔ:,ŋ,˧
摛,tsʰ,i:,,˥
摜,kw,a:,n,˧
摝,l,ʊ,k,˥
摞,l,ɔ:,,˧
摟,l,ɐu,,˥
摠,ts,ʊ,ŋ,˧˥
摡,,,,
摢,,,,
摣,,,,
摤,,,,
摥,,,,
摦,w,a:,,˨
摧,tsʰ,ɵy,,˥
摨,,,,
摩,m,ɔ:,,˥
摪,,,,
摫,,,,
摬,,,,
摭,ts,ɛ:,k,˧
摮,ŋ,ou,,˥
摯,ts,i:,,˧
摰,j,i:,t,˨
摱,m,a:,n,˥
摲,s,a:,m,˧
摳,kʰ,ɐu,,˥
摴,s,y:,,˥
摵,tsʰ,ɪ,k,˥
摶,tʰ,y:,n,˩˨
摷,tsʰ,a:u,,˧
摸,m,ɔ:,,˧˥
摹,m,ou,,˩˨
摺,ts,a:,p,˧
摻,tsʰ,a:,m,˥
摼,h,ɐ,ŋ,˥
摽,pʰ,i:u,,˥
摾,,,,
摿,,,,
撀,,,,
撁,,,,
撂,l,i:u,,˥
撃,,,,
撄,j,ɪ,ŋ,˥
撅,kʰ,y:,t,˧
撆,pʰ,i:,t,˧
撇,pʰ,i:,t,˧
撈,l,a:u,,˥
撉,t,ɐ,n,˧
撊,h,a:,n,˨
撋,j,ɵ,n,˨
撌,kw,ɐi,,˨
撍,tsʰ,i:,m,˩˨
撎,,,,
撏,tsʰ,i:,m,˩˨
撐,tsʰ,a:,ŋ,˥
撑,tsʰ,a:,ŋ,˥
撒,s,a:,t,˧
撓,n,a:u,,˩˨
撔,,,,
撕,s,i:,,˥
撖,h,a:,m,˩˧
撗,,,,
撘,t,ɐ,p,˧
撙,ts,y:,n,˧˥
撚,n,i:,n,˧˥
撛,,,,
撜,tsʰ,a:,ŋ,˩˨
撝,f,ɐi,,˥
撞,tsʰ,ɔ:,ŋ,˩˨
撟,k,i:u,,˧˥
撠,kʰ,ɪ,k,˥
撡,,,,
撢,tʰ,a:,m,˧˥
撣,t,a:,n,˨
撤,tsʰ,i:,t,˧
撥,pʰ,u:,t,˧
撦,tsʰ,ɛ:,,˧˥
撧,,,,
撨,,,,
撩,l,i:u,,˥
撪,,,,
撫,f,u:,,˧˥
撬,k,i:u,,˨
播,p,ɔ:,,˧
撮,tsʰ,y:,t,˧
撯,,,,
撰,s,y:,n,˧˥
撱,,,,
撲,pʰ,ɔ:,k,˧
撳,k,ɐ,m,˨
撴,t,ɐ,n,˧
撵,l,i:,n,˩˧
撶,,,,
撷,k,i:,t,˧
撸,,,,
撹,k,a:u,,˧˥
撺,tsʰ,y:,n,˧
撻,tʰ,a:,t,˥
撼,h,ɐ,m,˨
撽,k,ɪ,k,˥
撾,kw,ɔ:,,˥
撿,k,i:,m,˧˥
擀,,,,
擁,j,ʊ,ŋ,˧˥
擂,l,ɵy,,˩˨
擃,n,ɔ:,ŋ,˩˧
擄,l,ou,,˩˧
擅,s,i:,n,˨
擆,,,,
擇,ts,a:,k,˨
擈,,,,
擉,tsʰ,ɔ:,k,˧
擊,k,ɪ,k,˥
擋,t,ɔ:,ŋ,˧˥
擌,,,,
操,tsʰ,ou,,˥
擎,kʰ,ɪ,ŋ,˩˨
擏,k,ɛ:,ŋ,˨
擐,kw,a:,n,˧
擑,,,,
擒,kʰ,ɐ,m,˩˨
擓,,,,
擔,t,a:,m,˥
擕,,,,
擖,kʰ,a:,,˥
擗,pʰ,ɛ:,k,˨
擘,m,a:,k,˧
擙,ŋ,ou,,˥
據,k,ɵy,,˧
擛,,,,
擜,,,,
擝,m,ɐ,ŋ,˥
擞,s,ɐu,,˧˥
擟,,,,
擠,ts,ɐi,,˥
擡,tʰ,ɔ:i,,˩˨
擢,ts,a:,k,˨
擣,t,ou,,˧˥
擤,s,ɐ,ŋ,˧
擥,l,a:,m,˩˧
擦,tsʰ,a:,t,˧
擧,,,,
擨,,,,
擩,j,ɵy,,˩˧
擪,ŋ,a:,p,˧
擫,j,i:,p,˧
擬,j,i:,,˩˨
擭,f,a:,,˨
擮,ts,i:,t,˥
擯,p,ɐ,n,˧
擰,l,ɪ,ŋ,˧˥
擱,k,ɔ:,k,˧
擲,ts,a:,k,˨
擳,ts,i:,t,˥
擴,kw,ɔ:,k,˧
擵,m,ɔ:,,˥
擶,,,,
擷,k,i:,t,˧
擸,l,a:,p,˧
擹,,,,
擺,p,a:i,,˧˥
擻,s,ɐu,,˧˥
擼,,,,
擽,l,ɪ,k,˨
擾,j,i:u,,˧˥
擿,tʰ,ɪ,k,˥
攀,pʰ,a:,n,˥
攁,,,,
攂,l,ɵy,,˩˨
攃,,,,
攄,s,y:,,˥
攅,tsʰ,y:,n,˩˨
攆,l,i:,n,˩˧
攇,,,,
攈,,,,
攉,f,ɔ:,k,˧
攊,,,,
攋,l,a:,,˧˥
攌,w,a:,n,˨
攍,,,,
攎,,,,
攏,l,ʊ,ŋ,˩˧
攐,h,i:,n,˥
攑,,,,
攒,tsʰ,y:,n,˩˨
攓,h,i:,n,˥
攔,l,a:,n,˥
攕,tsʰ,i:,m,˥
攖,j,ɪ,ŋ,˥
攗,m,ei,,˩˨
攘,j,œ:,ŋ,˩˨
攙,tsʰ,a:,m,˥
攚,,,,
攛,tsʰ,y:,n,˧
攜,kʰw,ɐi,,˩˨
攝,n,i:,p,˨
攞,l,ɔ:,,˧˥
攟,,,,
攠,m,ei,,˩˨
攡,tsʰ,i:,,˥
攢,tsʰ,y:,n,˩˨
攣,l,y:,n,˥
攤,tʰ,a:,n,˥
攥,ts,a:,n,˨
攦,l,ɐi,,˨
攧,,,,
攨,,,,
攩,t,ɔ:,ŋ,˧˥
攪,k,a:u,,˧˥
攫,f,ɔ:,k,˧
攬,l,a:,m,˨
攭,l,ɐi,,˩˧
攮,n,ɔ:,ŋ,˩˧
支,ts,i:,,˥
攰,k,u:i,,˨
攱,,,,
攲,kʰ,ei,,˥
攳,,,,
攴,p,ɔ:,k,˥
攵,,,,
收,s,ɐu,,˥
攷,h,a:u,,˧˥
攸,j,ɐu,,˩˨
改,k,ɔ:i,,˧˥
攺,,,,
攻,k,ʊ,ŋ,˥
攼,,,,
攽,p,a:,n,˥
放,f,ɔ:,ŋ,˧
政,ts,ɪ,ŋ,˧
敀,,,,
敁,t,i:,m,˥
敂,,,,
敃,m,ɐ,n,˩˧
敄,,,,
故,k,u:,,˧
敆,,,,
敇,,,,
效,h,a:u,,˨
敉,m,ɐi,,˩˧
敊,tsʰ,ʊ,k,˥
敋,,,,
敌,t,ɪ,k,˨
敍,ts,ɵy,,˨
敎,k,a:u,,˧
敏,m,ɐ,n,˩˧
敐,,,,
救,k,ɐu,,˧
敒,,,,
敓,t,y:,t,˨
敔,j,y:,,˩˧
敕,tsʰ,ɪ,k,˥
敖,ŋ,ou,,˩˨
敗,p,a:i,,˨
敘,ts,ɵy,,˨
教,k,a:u,,˥
敚,,,,
敛,l,i:,m,˨
敜,n,i:,p,˨
敝,p,ɐi,,˨
敞,tsʰ,ɔ:,ŋ,˧˥
敟,,,,
敠,,,,
敡,,,,
敢,k,ɐ,m,˧˥
散,s,a:,n,˧˥
敤,,,,
敥,,,,
敦,t,ɵy,,˥
敧,k,ei,,˥
敨,tʰ,ɐu,,˧˥
敩,,,,
敪,ts,y:,t,˧
敫,,,,
敬,k,ɪ,ŋ,˧
敭,,,,
敮,,,,
敯,,,,
数,s,ɔ:,k,˧
敱,,,,
敲,h,a:u,,˥
敳,,,,
整,ts,ɪ,ŋ,˧˥
敵,t,ɪ,k,˨
敶,,,,
敷,f,u:,,˥
數,s,ɔ:,k,˧
敹,l,i:u,,˩˨
敺,,ɐu,,˧˥
敻,h,ɪ,ŋ,˧
敼,,,,
敽,,,,
敾,,,,
敿,k,i:u,,˧˥
斀,,,,
斁,t,ou,,˧
斂,l,i:,m,˨
斃,p,ɐi,,˨
斄,,,,
斅,,,,
斆,h,a:u,,˨
文,m,ɐ,n,˥
斈,h,ɔ:,k,˨
斉,,,,
斊,,,,
斋,ts,a:i,,˥
斌,p,ɐ,n,˥
斍,,,,
斎,,,,
斏,,,,
斐,f,ei,,˧˥
斑,p,a:,n,˥
斒,p,a:,n,˥
斓,l,a:,n,˩˨
斔,,,,
斕,l,a:,n,˩˨
斖,,,,
斗,t,ɐu,,˧˥
斘,,,,
料,l,i:u,,˧˥
斚,,,,
斛,h,ʊ,k,˨
斜,tsʰ,ɛ:,,˧
斝,k,a:,,˧˥
斞,j,y:,,˩˧
斟,ts,ɐ,m,˥
斠,k,a:u,,˧
斡,k,u:,n,˧˥
斢,,,,
斣,,,,
斤,k,ɐ,n,˥
斥,tsʰ,ɪ,k,˥
斦,,,,
斧,f,u:,,˧˥
斨,tsʰ,œ:,ŋ,˥
斩,ts,a:,m,˧˥
斪,kʰ,ɵy,,˩˨
斫,ts,œ:,k,˧
斬,ts,a:,m,˧˥
断,t,y:,n,˧
斮,ts,œ:,k,˧
斯,s,i:,,˥
新,s,ɐ,n,˥
斱,,,,
斲,t,œ:,k,˧
斳,kʰ,ɐ,n,˩˨
斴,,,,
斵,,,,
斶,tsʰ,ʊ,k,˥
斷,t,y:,n,˧
斸,ts,ʊ,k,˥
方,f,ɔ:,ŋ,˥
斺,,,,
斻,,,,
於,j,y:,,˥
施,j,i:,,˨
斾,,,,
斿,j,ɐu,,˩˨
旀,,,,
旁,pʰ,ɔ:,ŋ,˩˨
旂,kʰ,ei,,˩˨
旃,ts,i:,n,˥
旄,m,ou,,˩˨
旅,l,ɵy,,˩˧
旆,pʰ,u:i,,˧
旇,,,,
旈,l,ɐu,,˩˨
旉,,,,
旊,,,,
旋,s,y:,n,˩˨
旌,s,ɪ,ŋ,˥
旍,ts,ɪ,ŋ,˥
旎,n,ei,,˩˧
族,ts,ʊ,k,˨
旐,s,i:u,,˨
旑,,,,
旒,l,ɐu,,˩˨
旓,s,a:u,,˥
旔,,,,
旕,,,,
旖,j,i:,,˧˥
旗,kʰ,ei,,˩˨
旘,,,,
旙,,,,
旚,,,,
旛,f,a:,n,˥
旜,,,,
旝,kʰ,u:i,,˧˥
旞,,,,
旟,j,y:,,˩˨
无,m,ou,,˩˨
旡,,,,
既,k,ei,,˧
旣,k,ei,,˧
旤,,,,
日,j,ɐ,t,˨
旦,t,a:,n,˧
旧,k,ɐu,,˨
旨,ts,i:,,˧˥
早,ts,ou,,˧˥
旪,,,,
旫,,,,
旬,tsʰ,ɵ,n,˩˨
旭,j,ʊ,k,˥
旮,k,ɔ:,,˥
旯,l,ɔ:,,˥
旰,k,ɔ:,n,˧
旱,h,ɔ:,n,˩˧
旲,,,,
旳,t,ɪ,k,˥
旴,h,ɵy,,˥
旵,,,,
时,s,i:,,˩˨
旷,kʰw,ɔ:,ŋ,˧
旸,j,œ:,ŋ,˩˨
旹,s,i:,,˩˨
旺,w,ɔ:,ŋ,˨
旻,m,ɐ,n,˩˨
旼,m,ɐ,n,˩˨
旽,,,,
旾,,,,
旿,,,,
昀,w,ɐ,n,˩˨
昁,,,,
昂,ŋ,ɔ:,ŋ,˩˨
昃,ts,ɐ,k,˥
昄,p,a:,n,˧˥
昅,,,,
昆,kw,ɐ,n,˥
昇,s,ɪ,ŋ,˥
昈,,,,
昉,f,ɔ:,ŋ,˧˥
昊,h,ou,,˨
昋,,,,
昌,tsʰ,œ:,ŋ,˥
昍,,,,
明,m,ɪ,ŋ,˩˨
昏,f,ɐ,n,˥
昐,,,,
昑,,,,
昒,f,ɐ,t,˥
易,j,i:,,˨
昔,s,ɪ,k,˥
昕,j,ɐ,n,˥
昖,,,,
昗,,,,
昘,,,,
昙,tʰ,a:,m,˩˨
昚,,,,
昛,,,,
昜,j,œ:,ŋ,˩˨
昝,ts,a:,n,˧˥
昞,,,,
星,s,ɛ:,ŋ,˥
映,j,ɪ,ŋ,˧˥
昡,j,y:,n,˨
昢,pʰ,u:i,,˧
昣,,,,
昤,,,,
春,tsʰ,ɵ,n,˥
昦,h,ou,,˨
昧,m,ei,,˨
昨,ts,ɔ:,k,˧
昩,,,,
昪,p,i:,n,˨
昫,h,ɵy,,˧˥
昬,,,,
昭,tsʰ,i:u,,˥
昮,,,,
是,s,i:,,˨
昰,,,,
昱,j,ʊ,k,˥
昲,f,ɐi,,˧
昳,t,i:,t,˨
昴,m,a:u,,˩˧
昵,,,,
昶,tsʰ,ɔ:,ŋ,˧˥
昷,,,,
昸,,,,
昹,,,,
昺,p,ɪ,ŋ,˧˥
昻,,,,
昼,ts,ɐu,,˧
昽,l,ʊ,ŋ,˩˨
显,h,i:,n,˧˥
昿,,,,
晀,,,,
晁,tsʰ,i:u,,˩˨
時,s,i:,,˩˨
晃,f,ɔ:,ŋ,˧˥
晄,,,,
晅,h,y:,n,˥
晆,,,,
晇,,,,
晈,,,,
晉,ts,ɵ,n,˧
晊,,,,
晋,ts,ɵ,n,˧
晌,h,œ:,ŋ,˧˥
晍,,,,
晎,,,,
晏,,a:,n,˧
晐,,,,
晑,,,,
晒,s,a:i,,˧
晓,h,i:u,,˧˥
晔,j,i:,p,˨
晕,w,ɐ,n,˩˨
晖,f,ɐi,,˥
晗,,,,
晘,,,,
晙,ts,ɵ,n,˧
晚,m,a:,n,˩˧
晛,j,i:,n,˩˧
晜,kʰw,ɐ,n,˥
晝,ts,ɐu,,˧
晞,h,ei,,˥
晟,s,ɪ,ŋ,˩˨
晠,,,,
晡,p,ou,,˥
晢,s,ɪ,k,˥
晣,,,,
晤,ŋ,,,˨
晥,w,u:,n,˩˧
晦,f,u:i,,˧
晧,,,,
晨,s,ɐ,n,˩˨
晩,,,,
晪,,,,
晫,ts,œ:,k,˧
晬,ts,ɵy,,˧
晭,,,,
普,pʰ,ou,,˧˥
景,k,ɪ,ŋ,˧˥
晰,s,ɪ,k,˥
晱,s,i:,m,˧˥
晲,,,,
晳,,,,
晴,tsʰ,ɛ:,ŋ,˩˨
晵,,,,
晶,ts,ɪ,ŋ,˥
晷,kw,ɐi,,˧˥
晸,ts,ɪ,ŋ,˧˥
晹,s,ɪ,k,˥
智,ts,i:,,˧
晻,,ɐ,m,˧˥
晼,j,y:,n,˧˥
晽,,,,
晾,l,ɔ:,ŋ,˧
晿,,,,
暀,,,,
暁,,,,
暂,ts,a:,m,˨
暃,,,,
暄,h,y:,n,˥
暅,,,,
暆,,,,
暇,h,a:,,˨
暈,w,ɐ,n,˩˨
暉,f,ɐi,,˥
暊,,,,
暋,m,ɐ,n,˩˧
暌,kʰw,ɐi,,˩˨
暍,h,ɔ:,t,˧
暎,,,,
暏,,,,
暐,w,ɐi,,˩˧
暑,s,y:,,˧˥
暒,,,,
暓,,,,
暔,,,,
暕,,,,
暖,n,y:,n,˩˧
暗,,ɐ,m,˧
暘,j,œ:,ŋ,˩˨
暙,,,,
暚,,,,
暛,,,,
暜,,,,
暝,m,ɪ,ŋ,˩˨
暞,,,,
暟,,,,
暠,k,ou,,˧˥
暡,,,,
暢,tsʰ,œ:,ŋ,˧
暣,,,,
暤,,,,
暥,,,,
暦,,,,
暧,,ɔ:i,,˧˥
暨,kʰ,ei,,˧
暩,,,,
暪,,,,
暫,ts,a:,m,˨
暬,,,,
暭,,,,
暮,m,ou,,˨
暯,,,,
暰,,,,
暱,n,ɪ,k,˥
暲,,,,
暳,,,,
暴,p,ou,,˨
暵,h,ɔ:,n,˧
暶,,,,
暷,,,,
暸,l,i:u,,˩˨
暹,tsʰ,i:,m,˥
暺,,,,
暻,,,,
暼,,,,
暽,,,,
暾,tʰ,ɐ,n,˥
暿,,,,
曀,,ɐi,,˧
曁,,,,
曂,,,,
曃,,,,
曄,j,i:,p,˨
曅,,,,
曆,l,ɪ,k,˨
曇,tʰ,a:,m,˩˨
曈,tʰ,ʊ,ŋ,˩˨
曉,h,i:u,,˧˥
曊,,,,
曋,,,,
曌,ts,i:u,,˧
曍,,,,
曎,,,,
曏,h,œ:,ŋ,˧
曐,,,,
曑,,,,
曒,,,,
曓,,,,
曔,,,,
曕,,,,
曖,,ɔ:i,,˧˥
曗,,,,
曘,,,,
曙,tsʰ,y:,,˩˧
曚,m,ʊ,ŋ,˩˨
曛,f,ɐ,n,˥
曜,j,i:u,,˨
曝,p,ʊ,k,˨
曞,,,,
曟,,,,
曠,kʰw,ɔ:,ŋ,˧
曡,,,,
曢,,,,
曣,j,i:,n,˧
曤,,,,
曥,,,,
曦,h,ei,,˥
曧,,,,
曨,l,ʊ,ŋ,˩˨
曩,n,ɔ:,ŋ,˩˧
曪,,,,
曫,,,,
曬,s,a:i,,˧
曭,tʰ,ɔ:,ŋ,˧˥
曮,,,,
曯,,,,
曰,j,œ:,k,˨
曱,k,a:,k,˨
曲,kʰ,ʊ,k,˥
曳,j,ɐi,,˩˧
更,k,a:,ŋ,˥
曵,,,,
曶,f,ɐ,t,˥
曷,h,ɔ:,t,˧
書,s,y:,,˥
曹,tsʰ,ou,,˩˨
曺,,,,
曻,,,,
曼,m,a:,n,˨
曽,,,,
曾,tsʰ,ɐ,ŋ,˩˨
替,tʰ,ɐi,,˧
最,ts,ɵy,,˧
朁,tsʰ,a:,m,˧˥
朂,,,,
會,kʰ,u:i,,˧˥
朄,j,ɐ,n,˩˧
朅,kʰ,i:,t,˧
朆,,,,
朇,pʰ,ɛ:,,˩˧
月,j,y:,t,˨
有,j,ɐu,,˩˧
朊,k,u:,n,˧˥
朋,pʰ,ɐ,ŋ,˩˨
朌,,,,
服,f,ʊ,k,˨
朎,,,,
朏,f,ei,,˧˥
朐,kʰ,ɵy,,˩˨
朑,,,,
朒,n,ʊ,k,˨
朓,tʰ,i:u,,˧
朔,s,ɔ:,k,˧
朕,ts,ɐ,m,˨
朖,,,,
朗,l,ɔ:,ŋ,˩˧
朘,s,y:,n,˥
朙,,,,
朚,,,,
望,m,ɔ:,ŋ,˨
朜,,,,
朝,tsʰ,i:u,,˩˨
朞,k,ei,,˥
期,k,ei,,˥
朠,,,,
朡,,,,
朢,m,ɔ:,ŋ,˨
朣,tʰ,ʊ,ŋ,˩˨
朤,,,,
朥,,,,
朦,m,ʊ,ŋ,˩˨
朧,l,ʊ,ŋ,˩˨
木,m,ʊ,k,˨
朩,,,,
未,m,ei,,˨
末,m,u:,t,˨
本,p,u:,n,˧˥
札,ts,a:,t,˧
朮,s,ɵ,t,˨
术,s,ɵ,t,˨
朰,,,,
朱,ts,y:,,˥
朲,,,,
朳,p,a:,t,˧
朴,pʰ,i:u,,˩˨
朵,t,ɔ:,,˧˥
朶,t,ɔ:,,˧
朷,,,,
朸,l,ɐ,k,˨
朹,kw,ɐi,,˧˥
机,k,ei,,˥
朻,k,ɐu,,˥
朼,,,,
朽,j,ɐu,,˧˥
朾,tsʰ,a:,ŋ,˩˨
朿,tsʰ,i:,,˧
杀,s,a:i,,˧
杁,,,,
杂,ts,a:,p,˨
权,kʰ,y:,n,˩˨
杄,,,,
杅,j,y:,,˥
杆,k,ɔ:,n,˥
杇,w,u:,,˥
杈,tsʰ,a:,,˥
杉,tsʰ,a:,m,˧
杊,,,,
杋,,,,
杌,ŋ,ɐ,t,˨
杍,,,,
李,l,ei,,˩˧
杏,h,ɐ,ŋ,˨
材,tsʰ,ɔ:i,,˩˨
村,tsʰ,y:,n,˥
杒,,,,
杓,p,i:u,,˥
杔,,,,
杕,t,ɐi,,˨
杖,ts,œ:,ŋ,˨
杗,m,ɔ:,ŋ,˩˨
杘,,,,
杙,j,ɪ,k,˨
杚,,,,
杛,,,,
杜,t,ou,,˨
杝,tsʰ,i:,,˧˥
杞,k,ei,,˧˥
束,tsʰ,ʊ,k,˥
杠,,,,
条,tʰ,i:u,,˩˨
杢,,,,
杣,,,,
杤,,,,
来,l,ɐi,,˩˨
杦,,,,
杧,m,ɔ:,ŋ,˩˨
杨,j,œ:,ŋ,˩˨
杩,m,a:,,˩˧
杪,m,i:u,,˩˧
杫,,,,
杬,j,y:,n,˩˨
杭,h,ɔ:,ŋ,˩˨
杮,tsʰ,i:,,˧
杯,p,u:i,,˥
杰,k,i:,t,˨
東,t,ʊ,ŋ,˥
杲,k,ou,,˧˥
杳,j,i:u,,˧˥
杴,h,i:,n,˥
杵,tsʰ,y:,,˩˧
杶,tsʰ,ɵ,n,˥
杷,pʰ,a:,,˩˨
杸,s,y:,,˩˨
杹,f,a:,,˧
杺,,,,
杻,tsʰ,ɐu,,˧˥
杼,tsʰ,y:,,˩˧
杽,,,,
松,tsʰ,ʊ,ŋ,˩˨
板,p,a:,n,˧˥
枀,,,,
极,k,ɪ,k,˨
枂,,,,
枃,,,,
构,k,ɐu,,˧
枅,k,ɐi,,˥
枆,,,,
枇,pʰ,ei,,˩˨
枈,,,,
枉,w,ɔ:,ŋ,˧˥
枊,,,,
枋,f,ɔ:,ŋ,˥
枌,f,ɐ,n,˥
枍,j,ɐi,,˨
枎,f,u:,,˩˨
枏,n,a:,m,˩˨
析,tsʰ,ɪ,k,˥
枑,w,u:,,˨
枒,ŋ,a:,,˩˨
枓,t,ɐu,,˧˥
枔,,,,
枕,ts,ɐ,m,˧˥
枖,,,,
林,l,ɐ,m,˩˨
枘,j,ɵy,,˨
枙,,,,
枚,m,u:i,,˩˨
枛,,,,
果,k,u:,,˧˥
枝,kʰ,ei,,˩˨
枞,tsʰ,ʊ,ŋ,˥
枟,tʰ,a:,n,˩˨
枠,,,,
枡,,,,
枢,s,y:,,˥
枣,ts,ou,,˧˥
枤,,,,
枥,l,ɪ,k,˥
枦,,,,
枧,k,a:,n,˧˥
枨,tsʰ,a:,m,˩˨
枩,,,,
枪,tsʰ,œ:,ŋ,˥
枫,f,ʊ,ŋ,˥
枬,,,,
枭,h,i:u,,˥
枮,,,,
枯,f,u:,,˥
枰,pʰ,ɪ,ŋ,˩˨
枱,tʰ,ɔ:i,,˧˥
枲,s,a:i,,˧˥
枳,ts,ɐ,t,˥
枴,kw,a:i,,˧˥
枵,h,i:u,,˥
架,k,a:,,˧˥
枷,k,a:,,˥
枸,k,ɐu,,˧˥
枹,f,u:,,˥
枺,,,,
枻,j,ɐi,,˨
枼,,,,
枽,,,,
枾,,,,
枿,,,,
柀,p,ei,,˧˥
柁,tʰ,ɔ:,,˩˨
柂,tsʰ,i:,,˧˥
柃,l,ɪ,ŋ,˩˨
柄,p,ɛ:,ŋ,˧
柅,n,ei,,˩˧
柆,,,,
柇,,,,
柈,p,u:,n,˨
柉,,,,
柊,t,ʊ,ŋ,˥
柋,,,,
柌,,,,
柍,j,œ:,ŋ,˥
柎,f,u:,,˥
柏,p,a:,k,˧
某,m,ɐu,,˩˧
柑,k,ɐ,m,˥
柒,tsʰ,ɐ,t,˥
染,j,i:,m,˩˧
柔,j,ɐu,,˩˨
柕,,,,
柖,,,,
柗,,,,
柘,ts,ɛ:,,˧
柙,h,a:,p,˨
柚,j,ɐu,,˧˥
柛,,,,
柜,kw,ɐi,,˨
柝,tʰ,ɔ:,k,˧
柞,ts,a:,,˨
柟,n,a:,m,˩˨
柠,l,ɪ,ŋ,˩˨
柡,,,,
柢,t,ɐi,,˧˥
柣,t,i:,t,˨
柤,ts,a:,,˥
查,tsʰ,a:,,˩˨
柦,,,,
柧,k,u:,,˥
柨,,,,
柩,k,ɐu,,˨
柪,,,,
柫,,,,
柬,k,a:,n,˧˥
柭,,,,
柮,t,ɵ,t,˥
柯,,ɔ:,,˥
柰,n,ɔ:i,,˨
柱,tsʰ,y:,,˩˧
柲,p,ei,,˧
柳,l,ɐu,,˩˧
柴,tsʰ,a:i,,˩˨
柵,tsʰ,a:,k,˧
柶,s,i:,,˧
柷,ts,ʊ,k,˥
柸,pʰ,u:i,,˥
柹,,,,
柺,kw,a:i,,˧˥
査,tsʰ,a:,,˩˨
柼,,,,
柽,tsʰ,ɪ,ŋ,˥
柾,,,,
柿,tsʰ,i:,,˧˥
栀,ts,i:,,˥
栁,,,,
栂,,,,
栃,,,,
栄,,,,
栅,tsʰ,a:,k,˧
栆,,,,
标,p,i:u,,˥
栈,ts,a:,n,˧˥
栉,ts,i:,t,˥
栊,l,ʊ,ŋ,˩˨
栋,t,ʊ,ŋ,˨
栌,l,ou,,˩˨
栍,,,,
栎,l,ɪ,k,˥
栏,l,a:,n,˩˨
栐,,,,
树,s,y:,,˨
栒,tsʰ,ɵ,n,˩˨
栓,s,a:,n,˥
栔,kʰ,ɐi,,˧
栕,,,,
栖,tsʰ,ɐi,,˥
栗,l,ɵ,t,˨
栘,j,i:,,˩˨
栙,,,,
栚,ts,ɐ,m,˨
栛,,,,
栜,,,,
栝,kʰ,u:,t,˧
栞,,,,
栟,p,ɪ,ŋ,˥
栠,,,,
校,k,a:u,,˧
栢,p,a:,k,˧
栣,,,,
栤,,,,
栥,,,,
栦,,,,
栧,,,,
栨,,,,
栩,h,ɵy,,˧˥
株,ts,y:,,˥
栫,ts,i:,n,˧
栬,,,,
栭,j,i:,,˩˨
栮,,,,
栯,,,,
栰,,,,
栱,k,ʊ,ŋ,˧˥
栲,h,a:u,,˧˥
栳,l,ou,,˩˧
栴,ts,i:,n,˥
栵,l,ɐi,,˨
栶,,,,
样,j,œ:,ŋ,˨
核,h,ɐ,t,˨
根,k,ɐ,n,˥
栺,,,,
栻,tsʰ,ɪ,k,˥
格,k,a:,k,˧
栽,ts,ɔ:i,,˥
栾,l,y:,n,˩˨
栿,,,,
桀,k,i:,t,˨
桁,h,a:,ŋ,˩˨
桂,kw,ɐi,,˧
桃,tʰ,ou,,˩˨
桄,kw,ɔ:,ŋ,˥
桅,ŋ,ɐi,,˩˨
框,h,ɔ:,ŋ,˥
桇,,,,
案,ŋ,ɔ:,n,˧
桉,,ɔ:,n,˥
桊,h,y:,n,˥
桋,j,i:,,˩˨
桌,tsʰ,œ:,k,˧
桍,,,,
桎,ts,ɐ,t,˨
桏,,,,
桐,tʰ,ʊ,ŋ,˩˨
桑,s,ɔ:,ŋ,˥
桒,,,,
桓,w,u:,n,˩˨
桔,,a:,t,˥
桕,kʰ,ɐu,,˩˧
桖,,,,
桗,,,,
桘,,,,
桙,,,,
桚,,,,
桛,,,,
桜,j,ɪ,ŋ,˥
桝,,,,
桞,,,,
桟,,,,
桠,ŋ,a:,,˩˨
桡,j,i:u,,˩˨
桢,ts,ɪ,ŋ,˥
档,t,ɔ:,ŋ,˧
桤,kʰ,ei,,˥
桥,kʰ,i:u,,˩˨
桦,w,a:,,˩˨
桧,kʰ,u:i,,˧˥
桨,ts,œ:,ŋ,˧˥
桩,ts,ɔ:,ŋ,˥
桪,,,,
桫,s,ɔ:,,˥
桬,,,,
桭,s,ɐ,n,˩˨
桮,p,u:i,,˥
桯,tʰ,ɪ,ŋ,˥
桰,,,,
桱,k,ɪ,ŋ,˧
桲,p,u:,t,˨
桳,,,,
桴,f,u:,,˥
桵,j,ɵy,,˥
桶,tʰ,ʊ,ŋ,˧˥
桷,k,ɔ:,k,˧
桸,,,,
桹,l,ɔ:,ŋ,˩˨
桺,,,,
桻,,,,
桼,tsʰ,ɐ,t,˥
桽,,,,
桾,,,,
桿,k,ɔ:,n,˥
梀,s,a:,k,˧
梁,l,œ:,ŋ,˩˨
梂,kʰ,ɐu,,˩˨
梃,tʰ,ɪ,ŋ,˩˧
梄,,,,
梅,m,u:i,,˩˨
梆,p,ɔ:,ŋ,˥
梇,,,,
梈,,,,
梉,,,,
梊,,,,
梋,,,,
梌,,,,
梍,,,,
梎,,,,
梏,k,ʊ,k,˥
梐,p,ɐi,,˨
梑,,,,
梒,,,,
梓,ts,i:,,˧˥
梔,ts,i:,,˥
梕,,,,
梖,p,u:i,,˧
梗,k,ɐ,ŋ,˧˥
梘,k,a:,n,˧˥
梙,,,,
梚,,,,
梛,,,,
梜,k,a:,p,˧
條,tʰ,i:u,,˩˨
梞,,,,
梟,h,i:u,,˥
梠,l,ɵy,,˩˧
梡,f,u:,n,˧˥
梢,s,a:u,,˥
梣,s,ɐ,m,˩˨
梤,,,,
梥,,,,
梦,m,ʊ,ŋ,˨
梧,ŋ,,,˩˨
梨,l,ei,,˩˨
梩,l,ei,,˩˨
梪,t,ɐu,,˨
梫,tsʰ,a:,m,˥
梬,,,,
梭,s,ɔ:,,˥
梮,k,ʊ,k,˨
梯,tʰ,ɐi,,˥
械,h,a:i,,˨
梱,kʰw,ɐ,n,˧˥
梲,ts,y:,t,˧
梳,s,ɔ:,,˥
梴,tsʰ,i:,n,˥
梵,f,a:,n,˩˨
梶,,,,
梷,,,,
梸,,,,
梹,p,ɐ,n,˥
梺,,,,
梻,,,,
梼,tʰ,ɔ:,,˩˨
梽,,,,
梾,l,ɔ:i,,˩˨
梿,l,i:,n,˩˨
检,k,i:,m,˧˥
棁,ts,y:,t,˧
棂,l,ɪ,ŋ,˩˨
棃,l,ei,,˩˨
棄,h,ei,,˧
棅,,,,
棆,,,,
棇,,,,
棈,,,,
棉,m,i:,n,˩˨
棊,kʰ,ei,,˩˨
棋,kʰ,ei,,˩˨
棌,,,,
棍,kw,ɐ,n,˧
棎,,,,
棏,,,,
棐,f,ei,,˧˥
棑,pʰ,a:i,,˩˨
棒,pʰ,a:,ŋ,˩˧
棓,p,u:i,,˩˨
棔,f,ɐ,n,˥
棕,ts,ʊ,ŋ,˥
棖,tsʰ,a:,m,˩˨
棗,ts,ou,,˧˥
棘,k,ɪ,k,˥
棙,l,ɐi,,˨
棚,pʰ,a:,ŋ,˩˨
棛,,,,
棜,j,y:,,˧
棝,,,,
棞,,,,
棟,t,ʊ,ŋ,˨
棠,tʰ,ɔ:,ŋ,˩˨
棡,k,ɔ:,ŋ,˥
棢,m,ɔ:,ŋ,˥
棣,t,ɐi,,˨
棤,,,,
棥,,,,
棦,tsʰ,a:,ŋ,˥
棧,ts,a:,n,˧˥
棨,kʰ,ɐi,,˧˥
棩,,,,
棪,,,,
棫,w,ɪ,k,˨
棬,h,y:,n,˥
棭,,,,
森,s,ɐ,m,˥
棯,n,i:,m,˥
棰,tsʰ,ɵy,,˩˨
棱,,,,
棲,tsʰ,ɐi,,˥
棳,ts,y:,t,˧
棴,,,,
棵,f,ɔ:,,˥
棶,l,ɔ:i,,˩˨
棷,s,ɐu,,˧˥
棸,ts,ɐu,,˥
棹,ts,a:u,,˨
棺,k,u:,n,˥
棻,f,ɐ,n,˥
棼,f,ɐ,n,˩˨
棽,tsʰ,ɐ,m,˥
棾,,,,
棿,,,,
椀,w,u:,n,˧˥
椁,kw,ɔ:,k,˧
椂,,,,
椃,,,,
椄,ts,i:,p,˧
椅,j,i:,,˧˥
椆,,,,
椇,k,ɵy,,˧˥
椈,k,ʊ,k,˥
椉,,,,
椊,ts,y:,t,˨
椋,l,œ:,ŋ,˩˨
椌,h,ɔ:,ŋ,˥
植,ts,ɪ,k,˨
椎,tsʰ,ɵy,,˩˨
椏,,a:,,˥
椐,k,ɵy,,˥
椑,p,ei,,˥
椒,ts,i:u,,˥
椓,t,œ:,k,˧
椔,,,,
椕,,,,
椖,,,,
椗,t,ɪ,ŋ,˧
椘,,,,
椙,,,,
椚,,,,
椛,,,,
検,,,,
椝,,,,
椞,,,,
椟,t,ʊ,k,˨
椠,tsʰ,i:,m,˧
椡,,,,
椢,,,,
椣,,,,
椤,l,ɔ:,,˩˨
椥,ts,i:,,˥
椦,,,,
椧,,,,
椨,,,,
椩,,,,
椪,pʰ,ʊ,ŋ,˧
椫,,,,
椬,,,,
椭,tʰ,ɔ:,,˩˧
椮,,,,
椯,,,,
椰,j,ɛ:,,˩˨
椱,,,,
椲,,,,
椳,w,u:i,,˥
椴,t,y:,n,˨
椵,k,a:,,˥
椶,ts,ʊ,ŋ,˥
椷,k,a:,m,˥
椸,j,i:,,˩˨
椹,s,ɐ,m,˨
椺,,,,
椻,,,,
椼,,,,
椽,tsʰ,y:,n,˩˨
椾,,,,
椿,tsʰ,ɵ,n,˥
楀,k,ɵy,,˧˥
楁,,,,
楂,tsʰ,a:,,˩˨
楃,,,,
楄,pʰ,i:,n,˩˨
楅,p,ɪ,k,˥
楆,,,,
楇,,,,
楈,s,ɵy,,˥
楉,j,œ:,k,˨
楊,j,œ:,ŋ,˩˨
楋,,,,
楌,,,,
楍,,,,
楎,f,ɐi,,˥
楏,,,,
楐,,,,
楑,,,,
楒,,,,
楓,f,ʊ,ŋ,˥
楔,s,i:,t,˧
楕,,,,
楖,ts,i:,t,˧
楗,k,i:,n,˨
楘,m,ou,,˨
楙,m,ɐu,,˨
楚,tsʰ,ɔ:,,˧˥
楛,f,u:,,˧˥
楜,w,u:,,˩˨
楝,l,i:,n,˨
楞,l,ɪ,ŋ,˩˨
楟,tʰ,ɪ,ŋ,˩˨
楠,n,a:,m,˩˨
楡,,,,
楢,j,ɐu,,˩˨
楣,m,ei,,˩˨
楤,,,,
楥,h,y:,n,˧
楦,h,y:,n,˧
楧,,,,
楨,ts,ɪ,ŋ,˥
楩,pʰ,i:,n,˩˨
楪,t,i:,p,˨
楫,ts,i:,p,˧
楬,kʰ,i:,t,˧
業,j,i:,p,˨
楮,tsʰ,y:,,˩˧
楯,s,ɵ,n,˩˧
楰,j,y:,,˩˨
楱,tsʰ,ɐu,,˧
楲,,,,
楳,,,,
楴,,,,
極,k,ɪ,k,˨
楶,ts,i:,t,˧
楷,kʰ,a:i,,˧˥
楸,tsʰ,ɐu,,˥
楹,j,ɪ,ŋ,˩˨
楺,j,ɐu,,˧˥
楻,,,,
楼,l,ɐu,,˧˥
楽,,,,
楾,,,,
楿,,,,
榀,,,,
榁,,,,
概,kʰ,ɔ:i,,˧˥
榃,t,ɐ,m,˩˨
榄,l,a:,m,˧˥
榅,,,,
榆,j,y:,,˩˨
榇,tsʰ,ɐ,n,˧
榈,l,ɵy,,˧
榉,k,ɵy,,˧˥
榊,,,,
榋,,,,
榌,,,,
榍,s,i:,t,˧
榎,k,a:,,˧˥
榏,,,,
榐,,,,
榑,f,u:,,˩˨
榒,,,,
榓,,,,
榔,l,ɔ:,ŋ,˩˨
榕,j,ʊ,ŋ,˩˨
榖,k,ʊ,k,˥
榗,,,,
榘,,,,
榙,,,,
榚,,,,
榛,ts,ɵ,n,˥
榜,p,ɔ:,ŋ,˧˥
榝,,,,
榞,,,,
榟,,,,
榠,m,ɪ,ŋ,˩˨
榡,,,,
榢,,,,
榣,j,i:u,,˩˨
榤,k,i:,t,˨
榥,f,ɔ:,ŋ,˧˥
榦,k,ɔ:,n,˧
榧,f,ei,,˧˥
榨,ts,a:,,˧
榩,,,,
榪,m,a:,,˩˧
榫,s,ɵ,n,˧˥
榬,j,y:,n,˩˨
榭,ts,ɛ:,,˨
榮,w,ɪ,ŋ,˩˨
榯,s,i:,,˩˨
榰,ts,i:,,˥
榱,tsʰ,ɵy,,˥
榲,,,,
榳,,,,
榴,l,ɐu,,˩˨
榵,,,,
榶,,,,
榷,kʰ,ɔ:,k,˧
榸,,,,
榹,,,,
榺,,,,
榻,tʰ,a:,p,˧
榼,h,ɐ,p,˨
榽,,,,
榾,kw,ɐ,t,˥
榿,h,ei,,˥
槀,k,ou,,˧˥
槁,k,ou,,˧˥
槂,s,y:,n,˥
槃,pʰ,u:,n,˩˨
槄,tʰ,ou,,˥
槅,,,,
槆,,,,
槇,,,,
槈,,,,
槉,ts,ɐ,t,˨
槊,s,ɔ:,k,˧
構,k,ɐu,,˧
槌,tsʰ,ɵy,,˩˨
槍,tsʰ,œ:,ŋ,˥
槎,tsʰ,a:,,˩˨
槏,,,,
槐,w,a:i,,˩˨
槑,,,,
槒,,,,
槓,k,ɔ:,ŋ,˧
槔,k,ou,,˥
槕,,,,
槖,tʰ,ɔ:,k,˧
槗,,,,
様,,,,
槙,,,,
槚,k,a:,,˧˥
槛,h,a:,m,˩˧
槜,,,,
槝,,,,
槞,,,,
槟,p,ɐ,n,˥
槠,ts,y:,,˥
槡,,,,
槢,ts,a:,p,˨
槣,,,,
槤,l,i:,n,˩˨
槥,s,ɵy,,˨
槦,,,,
槧,tsʰ,i:,m,˧
槨,kw,ɔ:,k,˧
槩,,,,
槪,kʰ,ɔ:i,,˧
槫,,,,
槬,w,a:,,˨
槭,tsʰ,ɪ,k,˥
槮,s,ɐ,m,˥
槯,,,,
槰,,,,
槱,j,ɐu,,˩˧
槲,h,ʊ,k,˨
槳,ts,œ:,ŋ,˧˥
槴,,,,
槵,,,,
槶,,,,
槷,j,i:,t,˨
槸,ŋ,ɐi,,˨
槹,k,ou,,˥
槺,,,,
槻,kʰw,ɐi,,˥
槼,kʰw,ɐi,,˥
槽,tsʰ,ou,,˩˨
槾,m,a:,n,˨
槿,k,ɐ,n,˧˥
樀,,,,
樁,ts,ɔ:,ŋ,˥
樂,l,ɔ:,k,˨
樃,,,,
樄,,,,
樅,tsʰ,ʊ,ŋ,˥
樆,l,ei,,˩˨
樇,,,,
樈,,,,
樉,,,,
樊,f,a:,n,˩˨
樋,,,,
樌,,,,
樍,,,,
樎,,,,
樏,l,ɐi,,˩˧
樐,,,,
樑,l,œ:,ŋ,˩˨
樒,,,,
樓,l,ɐu,,˧˥
樔,tsʰ,a:u,,˩˨
樕,tsʰ,ʊ,k,˥
樖,pʰ,ɔ:,,˥
樗,s,y:,,˥
樘,tʰ,ɔ:,ŋ,˩˨
標,p,i:u,,˥
樚,,,,
樛,k,ɐu,,˥
樜,,,,
樝,ts,a:,,˥
樞,s,y:,,˥
樟,ts,œ:,ŋ,˥
樠,m,u:,n,˩˨
模,m,ou,,˩˨
樢,,,,
樣,j,œ:,ŋ,˨
樤,,,,
樥,,,,
樦,,,,
樧,s,a:,t,˧
樨,s,ɐi,,˥
権,,,,
横,w,a:,ŋ,˩˨
樫,,,,
樬,,,,
樭,,,,
樮,,,,
樯,tsʰ,œ:,ŋ,˩˨
樰,,,,
樱,j,ɪ,ŋ,˥
樲,j,i:,,˨
樳,,,,
樴,ts,ɪ,k,˥
樵,tsʰ,i:u,,˩˨
樶,,,,
樷,,,,
樸,p,ʊ,k,˨
樹,s,y:,,˨
樺,w,a:,,˩˨
樻,kw,ɐi,,˨
樼,ts,ɵ,n,˥
樽,ts,ɵ,n,˥
樾,j,y:,t,˨
樿,s,i:,n,˨
橀,,,,
橁,tsʰ,ɵ,n,˥
橂,,,,
橃,,,,
橄,k,a:,m,˧
橅,,,,
橆,m,ou,,˩˨
橇,tsʰ,ɵy,,˧
橈,j,i:u,,˩˨
橉,l,ɵ,n,˩˨
橊,l,ɐu,,˩˨
橋,kʰ,i:u,,˩˨
橌,,,,
橍,,,,
橎,,,,
橏,,,,
橐,tʰ,ɔ:,k,˧
橑,l,i:u,,˩˨
橒,,,,
橓,,,,
橔,,,,
橕,tsʰ,a:,ŋ,˥
橖,,,,
橗,,,,
橘,kw,ɐ,t,˥
橙,tsʰ,a:,ŋ,˧˥
橚,s,ʊ,k,˥
橛,k,y:,t,˨
橜,k,y:,t,˧
橝,tʰ,a:,m,˩˨
橞,w,ɐi,,˨
機,k,ei,,˥
橠,,,,
橡,ts,œ:,ŋ,˨
橢,tʰ,ɔ:,,˩˧
橣,,,,
橤,j,ɵy,,˩˧
橥,ts,y:,,˥
橦,tsʰ,ɔ:,ŋ,˩˨
橧,ts,ɐ,ŋ,˥
橨,,,,
橩,,,,
橪,j,i:,m,˩˧
橫,w,a:,ŋ,˩˨
橬,,,,
橭,,,,
橮,,,,
橯,,,,
橰,,,,
橱,tsʰ,y:,,˩˨
橲,,,,
橳,,,,
橴,,,,
橵,,,,
橶,,,,
橷,,,,
橸,,,,
橹,l,ou,,˩˧
橺,k,a:,n,˧
橻,,,,
橼,j,y:,n,˩˨
橽,,,,
橾,,,,
橿,k,œ:,ŋ,˥
檀,tʰ,a:,n,˩˨
檁,l,ɐ,m,˩˧
檂,,,,
檃,j,ɐ,n,˧˥
檄,h,ɐ,t,˨
檅,,,,
檆,,,,
檇,ts,ɵy,,˧
檈,,,,
檉,tsʰ,ɪ,ŋ,˥
檊,,,,
檋,,,,
檌,,,,
檍,j,ɪ,k,˥
檎,kʰ,ɐ,m,˩˨
檏,,,,
檐,j,ɐ,m,˩˨
檑,l,ɵy,,˩˨
檒,,,,
檓,,,,
檔,t,ɔ:,ŋ,˧
檕,h,ɐi,,˨
檖,s,ɵy,,˨
檗,p,a:,k,˧
檘,,,,
檙,,,,
檚,tsʰ,ɔ:,,˧˥
檛,ts,a:,,˥
檜,kʰ,u:i,,˧˥
檝,,,,
檞,k,a:i,,˧˥
檟,k,a:,,˧˥
檠,kʰ,ɪ,ŋ,˩˨
檡,ts,a:,k,˨
檢,k,i:,m,˧˥
檣,tsʰ,œ:,ŋ,˩˨
檤,,,,
檥,ŋ,ɐi,,˩˧
檦,,,,
檧,,,,
檨,tsʰ,ɛ:,,˥
檩,l,ɐ,m,˩˧
檪,,,,
檫,,,,
檬,m,ʊ,ŋ,˥
檭,,,,
檮,tʰ,ɔ:,,˩˨
檯,tʰ,ɔ:i,,˧˥
檰,,,,
檱,,,,
檲,,,,
檳,p,ɐ,n,˥
檴,w,ɔ:,k,˨
檵,,,,
檶,,,,
檷,n,ei,,˩˧
檸,l,ɪ,ŋ,˩˨
檹,,,,
檺,,,,
檻,h,a:,m,˩˧
檼,,,,
檽,n,ɐu,,˨
檾,kw,ɪ,ŋ,˧˥
檿,j,i:,m,˧˥
櫀,,,,
櫁,,,,
櫂,ts,a:u,,˨
櫃,kw,ɐi,,˨
櫄,,,,
櫅,ts,ɐi,,˥
櫆,f,u:i,,˥
櫇,,,,
櫈,t,ɐ,ŋ,˧
櫉,,,,
櫊,,,,
櫋,m,i:,n,˩˨
櫌,j,ɐu,,˥
櫍,ts,ɐ,t,˥
櫎,,,,
櫏,,,,
櫐,l,ɵy,,˩˨
櫑,l,ɵy,,˩˨
櫒,,,,
櫓,l,ou,,˩˧
櫔,,,,
櫕,,,,
櫖,,,,
櫗,,,,
櫘,,,,
櫙,,ɐu,,˥
櫚,l,ɵy,,˧
櫛,ts,i:,t,˥
櫜,k,ou,,˥
櫝,t,ʊ,k,˨
櫞,j,y:,n,˩˨
櫟,l,ɪ,k,˥
櫠,f,ɐi,,˧
櫡,ts,œ:,k,˧
櫢,,,,
櫣,,,,
櫤,,,,
櫥,tsʰ,y:,,˩˨
櫦,,,,
櫧,ts,y:,,˥
櫨,l,ou,,˩˨
櫩,,,,
櫪,l,ɪ,k,˥
櫫,ts,y:,,˥
櫬,tsʰ,ɐ,n,˧
櫭,,,,
櫮,ŋ,ɔ:,k,˨
櫯,,,,
櫰,w,a:i,,˩˨
櫱,j,i:,t,˨
櫲,,,,
櫳,l,ʊ,ŋ,˩˨
櫴,,,,
櫵,,,,
櫶,,,,
櫷,,,,
櫸,k,ɵy,,˧˥
櫹,s,i:u,,˥
櫺,l,ɪ,ŋ,˩˨
櫻,j,ɪ,ŋ,˥
櫼,tsʰ,i:,m,˥
櫽,,,,
櫾,,,,
櫿,,,,
欀,s,œ:,ŋ,˥
欁,,,,
欂,p,ɔ:,k,˧
欃,tsʰ,a:,m,˧˥
欄,l,a:,n,˩˨
欅,,,,
欆,,,,
欇,,,,
欈,,,,
欉,,,,
權,kʰ,y:,n,˩˨
欋,,,,
欌,,,,
欍,,,,
欎,,,,
欏,l,ɔ:,,˩˨
欐,l,ɐi,,˨
欑,tsʰ,y:,n,˩˨
欒,l,y:,n,˩˨
欓,t,ɔ:,ŋ,˥
欔,,,,
欕,,,,
欖,l,a:,m,˧˥
欗,,,,
欘,ts,ʊ,k,˥
欙,l,ɵy,,˩˨
欚,,,,
欛,,,,
欜,,,,
欝,w,ɐ,t,˥
欞,l,ɪ,ŋ,˩˨
欟,,,,
欠,h,i:,m,˧
次,tsʰ,i:,,˧
欢,f,u:,n,˥
欣,j,ɐ,n,˥
欤,j,y:,,˩˨
欥,,,,
欦,,,,
欧,,ɐu,,˥
欨,h,ɵy,,˧˥
欩,,,,
欪,,,,
欫,,,,
欬,kʰ,ɐ,t,˥
欭,,,,
欮,,,,
欯,,,,
欰,,,,
欱,h,ɐ,p,˨
欲,j,ʊ,k,˨
欳,,,,
欴,,,,
欵,f,u:,n,˧˥
欶,s,ɔ:,k,˧
欷,h,ei,,˥
欸,,a:i,,˧˥
欹,j,i:,,˥
欺,h,ei,,˥
欻,tsʰ,a:,,˥
欼,tsʰ,i:,,˧˥
欽,j,ɐ,m,˥
款,f,u:,n,˧˥
欿,h,ɐ,m,˧˥
歀,,,,
歁,h,ɐ,m,˧˥
歂,tsʰ,y:,n,˧˥
歃,s,a:,p,˧
歄,,,,
歅,j,ɐ,n,˥
歆,j,ɐ,m,˥
歇,h,i:,t,˧
歈,j,y:,,˩˨
歉,h,i:,m,˧
歊,h,i:u,,˥
歋,j,i:,,˩˨
歌,k,ɔ:,,˥
歍,w,u:,,˥
歎,tʰ,a:,n,˧
歏,,,,
歐,,ɐu,,˥
歑,f,u:,,˥
歒,,,,
歓,,,,
歔,h,ɵy,,˥
歕,f,ɐ,n,˩˧
歖,,,,
歗,,,,
歘,,,,
歙,kʰ,ɐ,p,˥
歚,,,,
歛,l,i:,m,˩˧
歜,tsʰ,ʊ,k,˥
歝,,,,
歞,,,,
歟,j,y:,,˩˨
歠,ts,y:,t,˧
歡,f,u:,n,˥
止,ts,i:,,˧˥
正,ts,ɛ:,ŋ,˧
此,tsʰ,i:,,˧˥
步,p,ou,,˨
武,m,ou,,˩˧
歧,kʰ,ei,,˩˨
歨,,,,
歩,,,,
歪,m,ɛ:,,˧˥
歫,,,,
歬,,,,
歭,tsʰ,i:,,˩˨
歮,,,,
歯,tsʰ,i:,,˧˥
歰,s,a:,p,˧
歱,ts,ʊ,ŋ,˧˥
歲,s,ɵy,,˧
歳,,,,
歴,l,ɪ,k,˨
歵,,,,
歶,,,,
歷,l,ɪ,k,˨
歸,kw,ɐi,,˥
歹,,a:,t,˧
歺,t,a:i,,˧˥
死,s,ei,,˧˥
歼,tsʰ,i:,m,˥
歽,,,,
歾,m,u:,t,˥
歿,m,u:,t,˨
殀,j,i:u,,˧˥
殁,m,u:,t,˨
殂,tsʰ,ou,,˩˨
殃,j,œ:,ŋ,˥
殄,tsʰ,ɐ,n,˧˥
殅,,,,
殆,t,ɔ:i,,˨
殇,s,œ:,ŋ,˥
殈,kw,ɪ,k,˥
殉,s,ɵ,n,˥
殊,s,y:,,˩˨
残,tsʰ,a:,n,˥
殌,,,,
殍,pʰ,i:u,,˩˧
殎,,,,
殏,,,,
殐,,,,
殑,k,ɪ,ŋ,˨
殒,w,ɐ,n,˩˧
殓,l,i:,m,˨
殔,s,ei,,˧
殕,,,,
殖,ts,ɪ,k,˨
殗,j,i:,p,˧
殘,tsʰ,a:,n,˥
殙,f,ɐ,n,˥
殚,t,a:,n,˥
殛,k,ɪ,k,˥
殜,,,,
殝,,,,
殞,w,ɐ,n,˩˧
殟,w,ɐ,n,˥
殠,tsʰ,ɐu,,˧
殡,p,ɐ,n,˧
殢,tʰ,a:i,,˧
殣,k,ɐ,n,˧˥
殤,s,œ:,ŋ,˥
殥,j,ɐ,n,˩˨
殦,,,,
殧,,,,
殨,,,,
殩,,,,
殪,j,i:,,˧
殫,t,a:,n,˥
殬,,,,
殭,k,œ:,ŋ,˥
殮,l,i:,m,˨
殯,p,ɐ,n,˧
殰,t,ʊ,k,˨
殱,,,,
殲,tsʰ,i:,m,˥
殳,s,y:,,˩˨
殴,,ɐu,,˧˥
段,t,y:,n,˨
殶,ts,y:,,˧
殷,j,ɐ,n,˥
殸,,,,
殹,,,,
殺,s,a:i,,˧
殻,,,,
殼,h,ɔ:,k,˧
殽,ŋ,a:u,,˩˨
殾,,,,
殿,t,i:,n,˧
毀,w,ɐi,,˧˥
毁,w,ɐi,,˧˥
毂,k,ʊ,k,˥
毃,kʰ,ɔ:,k,˧
毄,k,ɪ,k,˥
毅,ŋ,ɐi,,˨
毆,,ɐu,,˧˥
毇,w,ɐi,,˧˥
毈,t,y:,n,˨
毉,j,i:,,˥
毊,,,,
毋,m,ou,,˩˨
毌,k,u:,n,˧
母,m,ou,,˩˧
毎,,,,
每,m,u:i,,˩˧
毐,,ɔ:i,,˧˥
毑,,,,
毒,t,ʊ,k,˨
毓,j,ʊ,k,˥
比,p,ei,,˧˥
毕,p,ɐ,t,˥
毖,p,ei,,˧
毗,pʰ,ei,,˩˨
毘,pʰ,ei,,˧
毙,p,ɐi,,˨
毚,tsʰ,a:,m,˩˨
毛,m,ou,,˩˨
毜,,,,
毝,,,,
毞,,,,
毟,,,,
毠,,,,
毡,ts,i:,n,˥
毢,s,ɔ:i,,˥
毣,m,ʊ,k,˨
毤,,,,
毥,,,,
毦,n,ei,,˨
毧,j,ʊ,ŋ,˩˨
毨,s,i:,n,˧˥
毩,,,,
毪,,,,
毫,h,ou,,˩˨
毬,kʰ,ɐu,,˩˨
毭,,,,
毮,,,,
毯,tʰ,a:,m,˧˥
毰,pʰ,u:i,,˩˨
毱,,,,
毲,,,,
毳,tsʰ,ɵy,,˧
毴,,,,
毵,s,a:,m,˥
毶,,,,
毷,m,ou,,˨
毸,s,ɔ:i,,˥
毹,j,y:,,˩˨
毺,,,,
毻,tʰ,ɔ:,,˧
毼,h,ɔ:,t,˧
毽,k,i:,n,˧
毾,tʰ,a:,p,˧
毿,s,a:,m,˥
氀,l,ɵy,,˩˨
氁,,,,
氂,l,ei,,˩˨
氃,tʰ,ʊ,ŋ,˩˨
氄,j,ʊ,ŋ,˩˧
氅,tsʰ,ɔ:,ŋ,˧˥
氆,pʰ,ou,,˧˥
氇,l,ou,,˩˧
氈,ts,i:,n,˥
氉,tsʰ,ou,,˧
氊,ts,i:,n,˥
氋,m,ʊ,ŋ,˩˨
氌,l,ou,,˩˧
氍,kʰ,ɵy,,˩˨
氎,,,,
氏,s,i:,,˨
氐,t,ɐi,,˥
民,m,ɐ,n,˩˨
氒,,,,
氓,m,a:,ŋ,˩˨
气,h,ei,,˧
氕,pʰ,i:,t,˧
氖,n,a:i,,˩˧
気,,,,
氘,t,ou,,˥
氙,s,a:,n,˥
氚,tsʰ,y:,n,˥
氛,f,ɐ,n,˥
氜,,,,
氝,n,ɔ:i,,˨
氞,,,,
氟,f,ɐ,t,˥
氠,s,ɐ,n,˥
氡,t,ʊ,ŋ,˥
氢,h,ɪ,ŋ,˥
氣,h,ei,,˧
氤,j,ɐ,n,˥
氥,s,a:,n,˥
氦,h,ɔ:i,,˨
氧,j,œ:,ŋ,˩˧
氨,ŋ,ɔ:i,,˥
氩,,a:,,˧
氪,h,ɐ,k,˥
氫,h,ɪ,ŋ,˥
氬,,a:,,˧
氭,,,,
氮,t,a:,m,˨
氯,l,ʊ,k,˨
氰,tsʰ,ɪ,ŋ,˥
氱,,,,
氲,w,ɐ,n,˥
氳,w,ɐ,n,˥
水,s,ɵy,,˧˥
氵,,,,
氶,tsʰ,ɪ,ŋ,˧˥
氷,p,ɪ,ŋ,˥
永,w,ɪ,ŋ,˩˧
氹,tʰ,ɐ,m,˩˧
氺,,,,
氻,,,,
氼,,,,
氽,tʰ,ɐ,n,˧˥
氾,f,a:,n,˧
氿,kw,ɐi,,˥
汀,t,ɪ,ŋ,˥
汁,ts,ɐ,p,˥
求,kʰ,ɐu,,˩˨
汃,p,ɐ,n,˥
汄,,,,
汅,,,,
汆,tsʰ,y:,n,˥
汇,w,u:i,,˨
汈,,,,
汉,h,ɔ:,n,˧
汊,tsʰ,a:,,˥
汋,j,œ:,k,˨
汌,,,,
汍,j,y:,n,˩˨
汎,f,a:,n,˧
汏,t,a:i,,˨
汐,ts,ɪ,k,˨
汑,,,,
汒,m,ɔ:,ŋ,˩˨
汓,,,,
汔,ŋ,ɐ,t,˨
汕,s,a:,n,˧
汖,,,,
汗,h,ɔ:,n,˩˨
汘,,,,
汙,w,a:,,˥
汚,w,u:,,˥
汛,s,ɵ,n,˧
汜,tsʰ,i:,,˩˧
汝,j,y:,,˩˧
汞,h,ʊ,ŋ,˨
江,k,ɔ:,ŋ,˥
池,tsʰ,i:,,˩˨
污,w,u:,,˥
汢,,,,
汣,,,,
汤,s,œ:,ŋ,˥
汥,,,,
汦,,,,
汧,h,i:,n,˥
汨,j,ɐ,t,˨
汩,kw,ɐ,t,˥
汪,w,ɔ:,ŋ,˥
汫,ts,ɛ:,ŋ,˧˥
汬,,,,
汭,j,ɵy,,˨
汮,,,,
汯,w,ɐ,ŋ,˩˨
汰,tʰ,a:i,,˧
汱,,,,
汲,kʰ,ɐ,p,˥
汳,p,i:,n,˨
汴,p,i:,n,˨
汵,,,,
汶,m,ɐ,n,˩˨
汷,,,,
汸,f,ɔ:,ŋ,˥
汹,h,ʊ,ŋ,˥
決,kʰ,y:,t,˧
汻,,,,
汼,,,,
汽,h,ei,,˧
汾,f,ɐ,n,˩˨
汿,,,,
沀,,,,
沁,s,ɐ,m,˧
沂,j,i:,,˩˨
沃,j,ʊ,k,˥
沄,w,ɐ,n,˩˨
沅,j,y:,n,˩˨
沆,h,ɔ:,ŋ,˩˨
沇,j,i:,n,˧˥
沈,tsʰ,ɐ,m,˩˨
沉,tsʰ,ɐ,m,˩˨
沊,t,ɐ,m,˧˥
沋,j,ɐu,,˩˨
沌,t,ɵ,n,˨
沍,w,u:,,˨
沎,,,,
沏,tsʰ,ɐi,,˥
沐,m,ʊ,k,˨
沑,,,,
沒,m,u:,t,˨
沓,t,a:,p,˨
沔,m,i:,n,˩˧
沕,m,ɐ,t,˨
沖,tsʰ,ʊ,ŋ,˥
沗,,,,
沘,p,ei,,˧˥
沙,s,a:,,˧
沚,ts,i:,,˧˥
沛,pʰ,u:i,,˧
沜,pʰ,u:,n,˧
沝,,,,
沞,,,,
沟,kʰ,ɐu,,˥
沠,,,,
没,m,u:,t,˨
沢,,,,
沣,f,ʊ,ŋ,˥
沤,ŋ,ɐu,,˧
沥,l,ɪ,k,˥
沦,l,ɵ,n,˩˨
沧,tsʰ,ɔ:,ŋ,˥
沨,f,ʊ,ŋ,˥
沩,kw,ɐi,,˥
沪,w,u:,,˨
沫,m,u:,t,˧
沬,m,ei,,˨
沭,s,ɵ,t,˨
沮,ts,ɵy,,˥
沯,,,,
沰,tʰ,ɔ:,k,˧
沱,tʰ,ɔ:,,˩˨
沲,tʰ,ɔ:,,˩˨
河,h,ɔ:,,˧˥
沴,l,ɵy,,˨
沵,m,ei,,˩˧
沶,j,i:,,˩˨
沷,f,a:,t,˧
沸,f,ɐi,,˧
油,j,ɐu,,˩˨
沺,tʰ,i:,n,˩˨
治,ts,i:,,˨
沼,ts,i:u,,˧˥
沽,k,u:,,˥
沾,ts,i:,m,˥
沿,j,y:,n,˩˨
泀,,,,
況,f,ɔ:,ŋ,˧
泂,kw,ɪ,ŋ,˧˥
泃,k,ɐu,,˥
泄,j,ɐi,,˨
泅,tsʰ,ɐu,,˩˨
泆,j,ɐ,t,˨
泇,k,a:,,˥
泈,,,,
泉,tsʰ,y:,n,˩˨
泊,p,ɔ:,k,˨
泋,,,,
泌,p,ɐ,t,˨
泍,,,,
泎,,,,
泏,,,,
泐,l,ɐ,k,˨
泑,j,ɐu,,˧˥
泒,k,u:,,˥
泓,w,ɐ,ŋ,˩˨
泔,k,ɐ,m,˥
法,f,a:,t,˧
泖,m,a:u,,˩˧
泗,s,i:,,˧
泘,,,,
泙,pʰ,a:,ŋ,˥
泚,tsʰ,i:,,˧˥
泛,f,a:,n,˧
泜,tsʰ,i:,,˩˨
泝,s,ou,,˧
泞,n,ɪ,ŋ,˨
泟,,,,
泠,l,ɪ,ŋ,˩˨
泡,pʰ,a:u,,˥
波,p,ɔ:,,˥
泣,j,ɐ,p,˥
泤,,,,
泥,n,ɐi,,˩˨
泦,,,,
泧,kʰ,u:,t,˧
注,ts,y:,,˧
泩,,,,
泪,l,ɵy,,˨
泫,j,y:,n,˩˧
泬,h,y:,t,˧
泭,f,u:,,˥
泮,pʰ,u:,n,˧
泯,m,ɐ,n,˩˧
泰,tʰ,a:i,,˧
泱,j,œ:,ŋ,˥
泲,ts,ɐi,,˧
泳,w,ɪ,ŋ,˨
泴,,,,
泵,p,ɐ,m,˥
泶,h,ɔ:,k,˨
泷,l,ʊ,ŋ,˩˨
泸,l,ɵy,,˨
泹,,,,
泺,p,ɔ:,k,˨
泻,s,ɛ:,,˧˥
泼,pʰ,u:,t,˧
泽,ts,a:,k,˨
泾,k,ɪ,ŋ,˥
泿,,,,
洀,pʰ,u:,n,˩˨
洁,k,i:,t,˧
洂,,,,
洃,,,,
洄,w,u:i,,˩˨
洅,,,,
洆,,,,
洇,j,ɐ,n,˥
洈,,,,
洉,,,,
洊,ts,i:,n,˧
洋,j,œ:,ŋ,˩˨
洌,l,i:,t,˨
洍,,,,
洎,k,ei,,˧
洏,j,i:,,˩˨
洐,,,,
洑,f,ʊ,k,˨
洒,s,a:,,˧˥
洓,,,,
洔,,,,
洕,,,,
洖,,,,
洗,s,ɐi,,˧˥
洘,,,,
洙,s,y:,,˩˨
洚,k,ɔ:,ŋ,˧
洛,l,ɔ:,k,˧
洜,,,,
洝,,,,
洞,t,ʊ,ŋ,˨
洟,j,i:,,˩˨
洠,,,,
洡,,,,
洢,,,,
洣,,,,
洤,,,,
津,ts,ɵ,n,˥
洦,,,,
洧,f,u:i,,˧˥
洨,ŋ,a:u,,˩˨
洩,j,ɐi,,˨
洪,h,ʊ,ŋ,˩˨
洫,kw,ɪ,k,˥
洬,,,,
洭,h,ɔ:,ŋ,˥
洮,j,i:u,,˩˨
洯,,,,
洰,,,,
洱,j,i:,,˩˧
洲,ts,ɐu,,˥
洳,j,y:,,˩˧
洴,pʰ,ɪ,ŋ,˩˨
洵,s,ɵ,n,˥
洶,h,ʊ,ŋ,˥
洷,,,,
洸,kw,ɔ:,ŋ,˥
洹,j,y:,n,˩˨
洺,m,ɪ,ŋ,˩˨
活,w,u:,t,˨
洼,w,a:,,˥
洽,,ɐ,p,˥
派,pʰ,a:i,,˧
洿,w,u:,,˥
浀,,,,
流,l,ɐu,,˩˨
浂,,,,
浃,k,a:,p,˧
浄,,,,
浅,tsʰ,i:,n,˧˥
浆,ts,œ:,ŋ,˥
浇,k,i:u,,˥
浈,ts,ɪ,ŋ,˥
浉,s,i:,,˥
浊,ts,ʊ,k,˨
测,tsʰ,a:,k,˥
浌,,,,
浍,kʰ,u:i,,˧˥
济,ts,ɐi,,˧˥
浏,l,ɐu,,˩˨
浐,tsʰ,a:,n,˧˥
浑,w,ɐ,n,˩˨
浒,w,u:,,˧˥
浓,j,ʊ,ŋ,˩˨
浔,tsʰ,ɐ,m,˩˨
浕,ts,ɵ,n,˨
浖,l,y:,t,˥
浗,,,,
浘,,,,
浙,ts,i:,t,˧
浚,ts,ɵ,n,˧
浛,,,,
浜,,,,
浝,,,,
浞,ts,ɔ:,k,˨
浟,t,ɪ,k,˨
浠,h,ei,,˥
浡,p,u:,t,˨
浢,t,ɐu,,˨
浣,w,u:,n,˧˥
浤,w,ɐ,ŋ,˩˨
浥,j,ɐ,p,˥
浦,pʰ,ou,,˧˥
浧,,,,
浨,,,,
浩,h,ou,,˩˧
浪,l,ɔ:,ŋ,˨
浫,,,,
浬,l,ei,,˩˧
浭,k,a:,ŋ,˧
浮,f,ɐu,,˩˨
浯,ŋ,,,˩˨
浰,l,ei,,˨
浱,,,,
浲,,,,
浳,,,,
浴,j,ʊ,k,˨
浵,,,,
浶,l,ou,,˩˨
海,h,ɔ:i,,˧˥
浸,ts,ɐ,m,˧
浹,k,a:,p,˧
浺,tsʰ,ʊ,ŋ,˥
浻,,,,
浼,m,u:i,,˩˧
浽,,,,
浾,,,,
浿,p,u:i,,˧
涀,j,i:,n,˨
涁,,,,
涂,tʰ,ou,,˩˨
涃,,,,
涄,,,,
涅,n,i:,p,˨
涆,h,ɔ:,n,˨
涇,k,ɪ,ŋ,˥
消,s,i:u,,˥
涉,s,i:,p,˧
涊,n,i:,n,˩˧
涋,,,,
涌,tsʰ,ʊ,ŋ,˥
涍,,,,
涎,j,i:,n,˩˨
涏,,,,
涐,ŋ,ɔ:,,˩˨
涑,tsʰ,ʊ,k,˥
涒,tʰ,ɐ,n,˥
涓,k,y:,n,˥
涔,s,ɐ,m,˩˨
涕,tʰ,ɐi,,˧
涖,l,ei,,˨
涗,s,ɵy,,˧
涘,ts,i:,,˨
涙,,,,
涚,,,,
涛,tʰ,ou,,˩˨
涜,,,,
涝,l,ou,,˨
涞,l,ɔ:i,,˩˨
涟,l,i:,n,˩˨
涠,w,ɐi,,˩˨
涡,kw,ɔ:,,˥
涢,w,ɐ,n,˩˨
涣,w,u:,n,˨
涤,t,ɪ,k,˨
涥,,,,
润,j,ɵ,n,˨
涧,k,a:,n,˧
涨,ts,œ:,ŋ,˧˥
涩,k,i:,p,˧
涪,f,ɐu,,˩˨
涫,k,u:,n,˧
涬,h,ɐ,ŋ,˨
涭,,,,
涮,s,a:,n,˧
涯,ŋ,a:i,,˩˨
涰,,,,
涱,,,,
液,j,ɐ,t,˨
涳,k,ʊ,ŋ,˥
涴,w,ɔ:,,˧
涵,h,a:,m,˩˨
涶,,,,
涷,t,ʊ,ŋ,˥
涸,kʰ,ɔ:,k,˧
涹,,,,
涺,,,,
涻,,,,
涼,l,œ:,ŋ,˩˨
涽,f,ɐ,n,˥
涾,tʰ,a:,p,˧
涿,t,œ:,k,˧
淀,t,i:,n,˨
淁,,,,
淂,t,ɐ,k,˥
淃,,,,
淄,ts,i:,,˥
淅,s,ɪ,k,˥
淆,ŋ,a:u,,˩˨
淇,kʰ,ei,,˩˨
淈,kw,ɐ,t,˥
淉,,,,
淊,j,i:,m,˥
淋,l,ɐ,m,˩˨
淌,tʰ,ɔ:,ŋ,˧˥
淍,,,,
淎,,,,
淏,h,ou,,˨
淐,,,,
淑,s,ʊ,k,˥
淒,tsʰ,ɐi,,˥
淓,,,,
淔,,,,
淕,,,,
淖,n,a:u,,˨
淗,,,,
淘,tʰ,ou,,˩˨
淙,tsʰ,ʊ,ŋ,˩˨
淚,l,ɵy,,˨
淛,ts,i:,t,˧
淜,pʰ,a:,ŋ,˩˨
淝,f,ei,,˩˨
淞,s,ʊ,ŋ,˥
淟,tʰ,i:,n,˧˥
淠,pʰ,ei,,˧
淡,t,a:,m,˨
淢,kw,ɪ,k,˥
淣,,,,
淤,j,y:,,˥
淥,l,ʊ,k,˨
淦,k,a:,m,˧
淧,,,,
淨,ts,ɛ:,ŋ,˨
淩,l,ɪ,ŋ,˩˨
淪,l,ɵ,n,˩˨
淫,j,ɐ,m,˩˨
淬,tsʰ,ɵy,,˧
淭,,,,
淮,w,a:i,,˩˨
淯,j,ʊ,k,˨
淰,n,a:,m,˩˧
深,s,ɐ,m,˥
淲,,,,
淳,s,ɵ,n,˩˨
淴,f,ɐ,t,˥
淵,j,y:,n,˥
淶,l,ɔ:i,,˩˨
混,w,ɐ,n,˨
淸,,,,
淹,j,i:,m,˥
淺,tsʰ,i:,n,˧˥
添,tʰ,i:,m,˥
淼,m,i:u,,˩˧
淽,,,,
淾,,,,
淿,,,,
渀,,,,
渁,,,,
渂,,,,
渃,j,ɛ:,,˨
渄,,,,
清,tsʰ,ɛ:,ŋ,˥
渆,,,,
渇,,,,
済,,,,
渉,,,,
渊,j,y:,n,˥
渋,,,,
渌,l,ʊ,k,˨
渍,ts,i:,,˧
渎,t,ʊ,k,˨
渏,,,,
渐,ts,i:,m,˥
渑,m,ɐ,n,˩˧
渒,,,,
渓,,,,
渔,j,y:,,˩˨
渕,,,,
渖,s,ɐ,m,˧˥
渗,s,ɐ,m,˧
渘,,,,
渙,w,u:,n,˨
渚,ts,y:,,˧˥
減,k,a:,m,˧˥
渜,n,y:,n,˩˧
渝,j,y:,,˩˨
渞,,,,
渟,tʰ,ɪ,ŋ,˩˨
渠,kʰ,ɵy,,˩˨
渡,t,ou,,˨
渢,f,ʊ,ŋ,˥
渣,ts,a:,,˥
渤,p,u:,t,˨
渥,,ɐ,k,˥
渦,kw,ɔ:,,˥
渧,t,ɐi,,˧
渨,w,u:i,,˥
温,w,ɐ,n,˥
渪,,,,
渫,s,i:,t,˧
測,tsʰ,a:,k,˥
渭,w,ɐi,,˨
渮,k,ɔ:,,˥
港,k,ɔ:,ŋ,˧˥
渰,j,i:,m,˥
渱,,,,
渲,h,y:,n,˥
渳,m,ɐi,,˩˧
渴,h,ɔ:,t,˧
渵,,,,
渶,,,,
渷,,,,
游,j,ɐu,,˩˨
渹,kw,ɐ,ŋ,˥
渺,m,i:u,,˩˧
渻,s,a:,ŋ,˧˥
渼,m,ei,,˩˧
渽,ts,ɔ:i,,˥
渾,w,ɐ,n,˩˨
渿,,,,
湀,,,,
湁,,,,
湂,,,,
湃,p,a:i,,˧
湄,m,ei,,˩˨
湅,l,i:,n,˨
湆,j,ɐ,p,˥
湇,j,ɐ,p,˥
湈,,,,
湉,tʰ,i:,m,˩˨
湊,tsʰ,ɐu,,˧
湋,w,ɐi,,˩˨
湌,,,,
湍,tʰ,ɵ,n,˥
湎,m,i:,n,˩˧
湏,,,,
湐,,,,
湑,s,ɵy,,˥
湒,,,,
湓,pʰ,u:,n,˩˨
湔,ts,i:,n,˥
湕,,,,
湖,w,u:,,˩˨
湗,,,,
湘,s,œ:,ŋ,˥
湙,,,,
湚,,,,
湛,t,a:,m,˥
湜,s,ɐ,t,˨
湝,k,a:i,,˥
湞,ts,ɪ,ŋ,˥
湟,w,ɔ:,ŋ,˩˨
湠,,,,
湡,j,y:,,˩˨
湢,p,ɪ,k,˥
湣,m,ɐ,n,˩˧
湤,,,,
湥,,,,
湦,,,,
湧,j,ʊ,ŋ,˧˥
湨,kw,ɪ,k,˥
湩,t,ʊ,ŋ,˧
湪,,,,
湫,ts,ɐu,,˥
湬,,,,
湭,,,,
湮,j,ɐ,n,˥
湯,s,œ:,ŋ,˥
湰,,,,
湱,w,a:,k,˨
湲,j,y:,n,˩˨
湳,,,,
湴,p,a:,n,˨
湵,,,,
湶,,,,
湷,,,,
湸,,,,
湹,,,,
湺,,,,
湻,s,ɵ,n,˩˨
湼,n,i:,p,˨
湽,,,,
湾,w,a:,n,˥
湿,s,ɐ,p,˥
満,,,,
溁,,,,
溂,,,,
溃,kʰ,u:i,,˧˥
溄,,,,
溅,ts,i:,n,˥
溆,ts,ɵy,,˨
溇,l,ɐu,,˩˨
溈,kw,ɐi,,˥
溉,kʰ,ɔ:i,,˧
溊,,,,
溋,,,,
溌,,,,
溍,,,,
溎,kw,ɐi,,˧
溏,tʰ,ɔ:,ŋ,˩˨
源,j,y:,n,˩˨
溑,,,,
溒,,,,
溓,l,i:,m,˩˨
溔,j,i:u,,˩˧
溕,,,,
準,ts,ɵ,n,˧˥
溗,,,,
溘,h,ɐ,p,˨
溙,,,,
溚,t,ɐ,p,˨
溛,,,,
溜,l,ɐu,,˥
溝,kʰ,ɐu,,˥
溞,,,,
溟,m,ɪ,ŋ,˩˨
溠,ts,a:,,˧
溡,,,,
溢,j,ɐ,t,˨
溣,,,,
溤,,,,
溥,pʰ,ou,,˧˥
溦,m,ei,,˩˨
溧,l,ɵ,t,˨
溨,,,,
溩,,,,
溪,kʰ,ɐi,,˥
溫,w,ɐ,n,˥
溬,,,,
溭,,,,
溮,s,i:,,˥
溯,s,ou,,˧
溰,,,,
溱,ts,ɵ,n,˥
溲,s,ɐu,,˥
溳,w,ɐ,n,˩˨
溴,tsʰ,ɐu,,˧
溵,,,,
溶,j,ʊ,ŋ,˩˨
溷,w,ɐ,n,˨
溸,,,,
溹,s,ɔ:,k,˧
溺,n,ɪ,k,˥
溻,,,,
溼,s,ɐ,p,˥
溽,j,ʊ,k,˨
溾,,,,
溿,,,,
滀,tsʰ,ʊ,k,˥
滁,tsʰ,y:,,˩˨
滂,pʰ,ɔ:,ŋ,˥
滃,j,ʊ,ŋ,˧˥
滄,tsʰ,ɔ:,ŋ,˥
滅,m,i:,t,˨
滆,k,a:,k,˧
滇,t,i:,n,˥
滈,h,ou,,˨
滉,f,ɔ:,ŋ,˧˥
滊,,,,
滋,ts,i:,,˥
滌,t,ɪ,k,˨
滍,tsʰ,i:,,˩˧
滎,j,ɪ,ŋ,˩˨
滏,f,u:,,˧˥
滐,k,i:,t,˨
滑,kw,ɐ,t,˥
滒,,,,
滓,ts,i:,,˧˥
滔,tʰ,ou,,˥
滕,tʰ,ɐ,ŋ,˩˨
滖,,,,
滗,p,ɐ,t,˥
滘,k,a:u,,˧
滙,w,u:i,,˨
滚,kw,ɐ,n,˧˥
滛,,,,
滜,,,,
滝,,,,
滞,ts,ɐi,,˨
滟,,,,
滠,s,i:,p,˧
满,m,u:,n,˩˧
滢,j,ɪ,ŋ,˩˨
滣,,,,
滤,l,ɵy,,˨
滥,l,a:,m,˨
滦,l,y:,n,˩˨
滧,,,,
滨,p,ɐ,n,˥
滩,tʰ,a:,n,˥
滪,j,y:,,˨
滫,s,ɐu,,˥
滬,w,u:,,˨
滭,p,ɐ,t,˥
滮,p,i:u,,˥
滯,ts,ɐi,,˨
滰,,,,
滱,kʰ,ɐu,,˧
滲,s,ɐ,m,˧
滳,,,,
滴,t,ɪ,k,˥
滵,m,ɐ,t,˨
滶,ŋ,ou,,˩˨
滷,l,ou,,˩˧
滸,w,u:,,˧˥
滹,f,u:,,˥
滺,,,,
滻,tsʰ,a:,n,˧˥
滼,,,,
滽,j,ʊ,ŋ,˩˨
滾,kw,ɐ,n,˧˥
滿,m,u:,n,˩˧
漀,,,,
漁,j,y:,,˩˨
漂,pʰ,i:u,,˥
漃,ts,ɪ,k,˨
漄,,,,
漅,tsʰ,a:u,,˩˨
漆,tsʰ,ɐ,t,˥
漇,s,a:i,,˥
漈,ts,ɐi,,˧
漉,l,ʊ,k,˨
漊,l,ɐu,,˩˨
漋,,,,
漌,,,,
漍,,,,
漎,tsʰ,ʊ,ŋ,˩˨
漏,l,ɐu,,˨
漐,,,,
漑,kʰ,ɔ:i,,˧
漒,kʰ,œ:,ŋ,˩˧
漓,l,ei,,˩˨
演,j,i:,n,˧˥
漕,tsʰ,ou,,˩˨
漖,k,a:u,,˧
漗,,,,
漘,s,ɵ,n,˩˨
漙,tʰ,y:,n,˩˨
漚,ŋ,ɐu,,˧
漛,,,,
漜,,,,
漝,,,,
漞,,,,
漟,,,,
漠,m,ɔ:,k,˨
漡,,,,
漢,h,ɔ:,n,˧
漣,l,i:,n,˩˨
漤,l,a:,m,˩˧
漥,w,a:,,˥
漦,l,ei,,˩˨
漧,k,ɔ:,n,˥
漨,,,,
漩,s,y:,n,˩˨
漪,j,i:,,˥
漫,m,a:,n,˨
漬,ts,i:,,˧
漭,m,ɔ:,ŋ,˩˧
漮,h,ɔ:,ŋ,˥
漯,k,ɛ:u,,˥
漰,pʰ,a:,ŋ,˥
漱,s,ɐu,,˧
漲,ts,œ:,ŋ,˧˥
漳,ts,œ:,ŋ,˥
漴,,,,
漵,ts,ɵy,,˨
漶,w,a:,n,˨
漷,kw,ɔ:,k,˧
漸,ts,i:,m,˥
漹,,,,
漺,,,,
漻,l,ɐu,,˩˨
漼,tsʰ,ɵy,,˧˥
漽,,,,
漾,j,œ:,ŋ,˨
漿,ts,œ:,ŋ,˥
潀,tsʰ,ʊ,ŋ,˩˨
潁,w,ɪ,ŋ,˨
潂,,,,
潃,s,ɐu,,˥
潄,,,,
潅,,,,
潆,j,ɪ,ŋ,˩˨
潇,s,i:u,,˥
潈,,,,
潉,,,,
潊,,,,
潋,l,i:,m,˨
潌,,,,
潍,w,ɐi,,˩˨
潎,pʰ,i:,t,˧
潏,k,y:,t,˧
潐,,,,
潑,pʰ,u:,t,˧
潒,t,ɔ:,ŋ,˨
潓,,,,
潔,k,i:,t,˧
潕,m,ou,,˩˧
潖,,,,
潗,,,,
潘,pʰ,u:,n,˥
潙,,,,
潚,s,i:u,,˥
潛,tsʰ,i:,m,˩˨
潜,tsʰ,i:,m,˩˨
潝,j,ɐ,p,˥
潞,l,ou,,˨
潟,tsʰ,œ:,k,˧
潠,s,ɵ,n,˧
潡,,,,
潢,w,ɔ:,ŋ,˩˨
潣,,,,
潤,j,ɵ,n,˨
潥,,,,
潦,l,i:u,,˧˥
潧,,,,
潨,,,,
潩,j,i:,,˨
潪,,,,
潫,w,a:,n,˥
潬,tʰ,a:,n,˥
潭,tʰ,a:,m,˩˨
潮,tsʰ,i:u,,˩˨
潯,tsʰ,ɐ,m,˩˨
潰,kʰ,u:i,,˧˥
潱,,,,
潲,s,a:u,,˧
潳,,,,
潴,ts,y:,,˥
潵,,,,
潶,,,,
潷,p,ɐ,t,˥
潸,s,a:,n,˥
潹,,,,
潺,s,a:,n,˩˨
潻,,,,
潼,tʰ,ʊ,ŋ,˩˨
潽,,,,
潾,l,ɵ,n,˩˨
潿,w,ɐi,,˩˨
澀,k,i:,p,˧
澁,s,ɐ,p,˥
澂,tsʰ,ɪ,ŋ,˩˨
澃,,,,
澄,tsʰ,ɪ,ŋ,˩˨
澅,,,,
澆,k,i:u,,˥
澇,l,ou,,˨
澈,tsʰ,i:,t,˧
澉,k,ɐ,m,˧˥
澊,,,,
澋,,,,
澌,s,i:,,˥
澍,s,y:,,˨
澎,pʰ,a:,ŋ,˥
澏,,,,
澐,w,ɐ,n,˩˨
澑,,,,
澒,h,ʊ,ŋ,˧
澓,,,,
澔,h,ou,,˩˨
澕,,,,
澖,,,,
澗,k,a:,n,˧
澘,,,,
澙,,,,
澚,,,,
澛,,,,
澜,l,a:,n,˩˨
澝,,,,
澞,,,,
澟,,,,
澠,m,ɐ,n,˩˧
澡,tsʰ,ou,,˧
澢,,,,
澣,w,u:,n,˧˥
澤,ts,a:,k,˨
澥,h,a:i,,˩˧
澦,j,y:,,˨
澧,l,ɐi,,˩˧
澨,s,ɐi,,˨
澩,h,ɔ:,k,˨
澪,,,,
澫,,,,
澬,,,,
澭,j,ʊ,ŋ,˥
澮,kʰ,u:i,,˧˥
澯,tsʰ,a:,n,˧
澰,l,i:,m,˨
澱,t,i:,n,˨
澲,,,,
澳,j,ʊ,k,˥
澴,w,a:,n,˩˨
澵,,,,
澶,s,i:,n,˩˨
澷,,,,
澸,,,,
澹,t,a:,m,˨
澺,j,ɪ,k,˥
澻,,,,
澼,pʰ,ɪ,k,˥
澽,k,ɵy,,˧
澾,,,,
澿,,,,
激,k,ɪ,k,˥
濁,ts,ʊ,k,˨
濂,l,i:,m,˩˨
濃,j,ʊ,ŋ,˩˨
濄,w,ɔ:,,˥
濅,,,,
濆,f,ɐ,n,˩˨
濇,s,a:,p,˧
濈,tsʰ,ɐ,p,˥
濉,s,ɵy,,˥
濊,kʰ,u:,t,˧
濋,tsʰ,ɔ:,,˧˥
濌,,,,
濍,,,,
濎,t,ɪ,ŋ,˧˥
濏,,,,
濐,,,,
濑,l,a:i,,˨
濒,p,ɐ,n,˥
濓,,,,
濔,m,ei,,˩˧
濕,s,ɐ,p,˥
濖,,,,
濗,,,,
濘,n,ɪ,ŋ,˨
濙,,,,
濚,,,,
濛,m,ʊ,ŋ,˩˨
濜,ts,ɵ,n,˨
濝,,,,
濞,pʰ,ei,,˧
濟,ts,ɐi,,˧˥
濠,h,ou,,˩˨
濡,j,y:,,˩˨
濢,,,,
濣,,,,
濤,tʰ,ou,,˩˨
濥,,,,
濦,j,ɐ,n,˧˥
濧,,,,
濨,,,,
濩,w,ɔ:,k,˨
濪,,,,
濫,l,a:,m,˨
濬,ts,ɵ,n,˧
濭,,,,
濮,p,ʊ,k,˨
濯,ts,ɔ:,k,˨
濰,w,ɐi,,˩˨
濱,p,ɐ,n,˥
濲,k,ʊ,k,˥
濳,tsʰ,i:,m,˩˨
濴,j,ɪ,ŋ,˩˨
濵,p,ɐ,n,˥
濶,f,u:,t,˧
濷,,,,
濸,,,,
濹,,,,
濺,ts,i:,n,˥
濻,,,,
濼,p,ɔ:,k,˨
濽,,,,
濾,l,ɵy,,˨
濿,l,ɐi,,˨
瀀,,,,
瀁,j,œ:,ŋ,˨
瀂,,,,
瀃,,,,
瀄,ts,i:,t,˥
瀅,j,ɪ,ŋ,˩˨
瀆,t,ʊ,k,˨
瀇,w,ɔ:,ŋ,˧˥
瀈,,,,
瀉,s,ɛ:,,˧˥
瀊,,,,
瀋,s,ɐ,m,˧˥
瀌,p,i:u,,˥
瀍,tsʰ,i:,n,˩˨
瀎,m,u:,t,˨
瀏,l,ɐu,,˩˨
瀐,,,,
瀑,p,ʊ,k,˨
瀒,,,,
瀓,,,,
瀔,k,ʊ,k,˥
瀕,p,ɐ,n,˥
瀖,,,,
瀗,,,,
瀘,l,ou,,˩˨
瀙,tsʰ,ɐ,n,˧
瀚,h,ɔ:,n,˨
瀛,j,ɪ,ŋ,˩˨
瀜,j,ʊ,ŋ,˩˨
瀝,l,ɪ,k,˥
瀞,,,,
瀟,s,i:u,,˥
瀠,j,ɪ,ŋ,˩˨
瀡,s,ɵy,,˩˧
瀢,,,,
瀣,h,a:i,,˨
瀤,,,,
瀥,,,,
瀦,ts,y:,,˥
瀧,l,ʊ,ŋ,˩˨
瀨,l,a:i,,˨
瀩,,,,
瀪,,,,
瀫,h,ʊ,k,˥
瀬,,,,
瀭,,,,
瀮,,,,
瀯,j,ɪ,ŋ,˩˨
瀰,m,ei,,˩˨
瀱,k,ɐi,,˧
瀲,l,i:,m,˨
瀳,,,,
瀴,j,ɪ,ŋ,˥
瀵,f,ɐ,n,˧
瀶,,,,
瀷,j,ɪ,k,˨
瀸,tsʰ,i:,m,˥
瀹,j,œ:,k,˨
瀺,tsʰ,a:,m,˩˨
瀻,,,,
瀼,j,œ:,ŋ,˩˨
瀽,,,,
瀾,l,a:,n,˩˨
瀿,f,a:,n,˩˨
灀,,,,
灁,,,,
灂,ts,i:u,,˧
灃,f,ʊ,ŋ,˥
灄,s,i:,p,˧
灅,l,ɵy,,˩˧
灆,,,,
灇,,,,
灈,kʰ,ɵy,,˩˨
灉,j,ʊ,ŋ,˥
灊,tsʰ,i:,m,˩˨
灋,,,,
灌,k,u:,n,˧
灍,,,,
灎,,,,
灏,h,ou,,˨
灐,,,,
灑,s,a:,,˧˥
灒,ts,a:,n,˧
灓,,,,
灔,,,,
灕,l,ei,,˩˨
灖,,,,
灗,,,,
灘,tʰ,a:,n,˥
灙,,,,
灚,,,,
灛,tsʰ,i:,n,˧˥
灜,,,,
灝,h,ou,,˨
灞,p,a:,,˧
灟,,,,
灠,l,a:,m,˩˧
灡,l,a:,n,˩˨
灢,n,ɔ:,ŋ,˩˧
灣,w,a:,n,˥
灤,l,y:,n,˩˨
灥,,,,
灦,,,,
灧,,,,
灨,k,ɐ,m,˧
灩,j,i:,m,˨
灪,,,,
火,f,ɔ:,,˧˥
灬,,,,
灭,m,i:,t,˨
灮,,,,
灯,t,ɐ,ŋ,˥
灰,f,u:i,,˥
灱,,,,
灲,,,,
灳,,,,
灴,h,ʊ,ŋ,˩˨
灵,l,ɛ:,ŋ,˩˨
灶,ts,ou,,˧
灷,,,,
灸,k,ɐu,,˧
灹,,,,
灺,tsʰ,ɛ:,,˨
灻,,,,
灼,tsʰ,œ:,k,˧
災,ts,ɔ:i,,˥
灾,ts,ɔ:i,,˥
灿,tsʰ,a:,n,˧
炀,j,œ:,ŋ,˩˨
炁,h,ei,,˧
炂,,,,
炃,,,,
炄,,,,
炅,kw,ɐi,,˨
炆,m,ɐ,n,˥
炇,,,,
炈,,,,
炉,l,ou,,˩˨
炊,tsʰ,ɵy,,˥
炋,,,,
炌,,,,
炍,,,,
炎,j,i:,m,˩˨
炏,,,,
炐,,,,
炑,,,,
炒,tsʰ,a:u,,˧˥
炓,l,i:u,,˨
炔,k,ɐi,,˧
炕,h,ɔ:,ŋ,˧
炖,t,ɐ,n,˨
炗,,,,
炘,j,ɐ,n,˥
炙,ts,ɛ:,k,˧
炚,,,,
炛,,,,
炜,w,ɐi,,˩˧
炝,tsʰ,œ:,ŋ,˧
炞,,,,
炟,,,,
炠,s,a:,p,˨
炡,,,,
炢,,,,
炣,,,,
炤,ts,i:u,,˧
炥,,,,
炦,,,,
炧,,,,
炨,,,,
炩,l,ɪ,ŋ,˧
炪,,,,
炫,j,y:,n,˩˨
炬,k,ɵy,,˨
炭,tʰ,a:,n,˧
炮,pʰ,a:u,,˧
炯,kw,ɪ,ŋ,˧˥
炰,pʰ,a:u,,˩˨
炱,tʰ,ɔ:i,,˩˨
炲,,,,
炳,p,ɪ,ŋ,˧˥
炴,,,,
炵,tʰ,ʊ,ŋ,˥
炶,,,,
炷,ts,y:,,˧
炸,ts,a:,,˧
点,t,i:,m,˧˥
為,w,ɐi,,˩˨
炻,,,,
炼,l,i:,n,˨
炽,tsʰ,i:,,˧
炾,,,,
炿,,,,
烀,,,,
烁,l,ɪ,k,˥
烂,l,a:,n,˨
烃,tʰ,ɪ,ŋ,˥
烄,,,,
烅,,,,
烆,,,,
烇,,,,
烈,l,i:,t,˨
烉,,,,
烊,j,œ:,ŋ,˩˨
烋,h,a:u,,˥
烌,,,,
烍,,,,
烎,,,,
烏,w,u:,,˥
烐,,,,
烑,,,,
烒,,,,
烓,,,,
烔,tʰ,ʊ,ŋ,˩˨
烕,m,i:,t,˨
烖,ts,ɔ:i,,˥
烗,,,,
烘,h,ɔ:,ŋ,˧
烙,l,ɔ:,k,˧
烚,h,ɐ,p,˨
烛,ts,ʊ,k,˥
烜,h,y:,n,˥
烝,ts,ɪ,ŋ,˥
烞,,,,
烟,j,i:,n,˥
烠,,,,
烡,,,,
烢,tsʰ,a:,k,˧
烣,,,,
烤,h,a:u,,˥
烥,,,,
烦,f,a:,n,˩˨
烧,s,i:u,,˥
烨,j,i:,p,˨
烩,w,u:i,,˨
烪,,,,
烫,tʰ,ɔ:,ŋ,˧
烬,ts,ɵ,n,˧˥
热,j,i:,t,˨
烮,,,,
烯,h,ei,,˥
烰,f,ɐu,,˩˨
烱,kw,ɪ,ŋ,˧˥
烲,,,,
烳,,,,
烴,tʰ,ɪ,ŋ,˥
烵,,,,
烶,,,,
烷,j,y:,n,˧˥
烸,,,,
烹,pʰ,a:,ŋ,˥
烺,l,ɔ:,ŋ,˩˧
烻,j,i:,n,˧
烼,,,,
烽,f,ʊ,ŋ,˥
烾,,,,
烿,,,,
焀,,,,
焁,,,,
焂,s,ʊ,k,˥
焃,,,,
焄,f,ɐ,n,˥
焅,k,ʊ,k,˨
焆,,,,
焇,,,,
焈,,,,
焉,j,i:,n,˥
焊,h,ɔ:,n,˨
焋,,,,
焌,tsʰ,ɵ,t,˥
焍,,,,
焎,,,,
焏,,,,
焐,ŋ,,,˨
焑,,,,
焒,,,,
焓,h,ɐ,m,˩˨
焔,,,,
焕,w,u:,n,˨
焖,m,u:,n,˨
焗,k,ʊ,k,˨
焘,t,ou,,˨
焙,p,u:i,,˨
焚,f,ɐ,n,˩˨
焛,,,,
焜,kw,ɐ,n,˥
焝,,,,
焞,s,ɵ,n,˩˨
焟,,,,
焠,tsʰ,ɵy,,˧
無,m,ou,,˩˨
焢,,,,
焣,,,,
焤,,,,
焥,,,,
焦,ts,i:u,,˥
焧,,,,
焨,,,,
焩,,,,
焪,,,,
焫,n,a:,t,˧
焬,,,,
焭,kʰ,ɪ,ŋ,˩˨
焮,h,ɪ,ŋ,˧
焯,tsʰ,œ:,k,˧
焰,j,i:,m,˩˨
焱,j,i:,m,˨
焲,,,,
焳,,,,
焴,,,,
焵,,,,
然,j,i:,n,˩˨
焷,,,,
焸,,,,
焹,,,,
焺,,,,
焻,,,,
焼,,,,
焽,,,,
焾,n,ɐ,m,˩˨
焿,k,ɐ,ŋ,˥
煀,w,ɐ,t,˥
煁,n,ɐ,m,˩˨
煂,,,,
煃,,,,
煄,,,,
煅,t,y:,n,˧
煆,t,y:,n,˨
煇,f,ɐi,,˥
煈,,,,
煉,l,i:,n,˨
煊,,,,
煋,s,ɪ,ŋ,˥
煌,w,ɔ:,ŋ,˩˨
煍,tsʰ,ɐu,,˥
煎,ts,i:,n,˥
煏,p,ɪ,k,˨
煐,,,,
煑,ts,y:,,˧˥
煒,w,ɐi,,˩˧
煓,,,,
煔,s,i:,m,˧˥
煕,,,,
煖,h,y:,n,˥
煗,,,,
煘,,,,
煙,j,i:,n,˥
煚,kw,ɪ,ŋ,˧˥
煛,,,,
煜,j,ʊ,k,˥
煝,m,ei,,˨
煞,s,a:,t,˧
煟,w,ɐi,,˨
煠,s,a:,p,˨
煡,,,,
煢,kʰ,ɪ,ŋ,˩˨
煣,j,ɐu,,˧˥
煤,m,u:i,,˩˨
煥,w,u:,n,˨
煦,h,ɵy,,˧˥
照,ts,i:u,,˧
煨,w,u:i,,˥
煩,f,a:,n,˩˨
煪,,,,
煫,,,,
煬,j,œ:,ŋ,˩˨
煭,,,,
煮,ts,y:,,˧˥
煯,,,,
煰,,,,
煱,w,ɔ:,,˥
煲,p,ou,,˥
煳,w,u:,,˩˨
煴,w,ɐ,n,˧
煵,,,,
煶,,,,
煷,,,,
煸,p,i:,n,˥
煹,,,,
煺,,,,
煻,tʰ,ɔ:,ŋ,˩˨
煼,,,,
煽,s,i:,n,˧
煾,,,,
煿,,,,
熀,f,ɔ:,ŋ,˧˥
熁,,,,
熂,,,,
熃,,,,
熄,s,ɪ,k,˥
熅,w,ɐ,n,˥
熆,,,,
熇,h,a:u,,˧˥
熈,,,,
熉,,,,
熊,h,ʊ,ŋ,˩˨
熋,,,,
熌,,,,
熍,,,,
熎,,,,
熏,f,ɐ,n,˥
熐,,,,
熑,,,,
熒,j,ɪ,ŋ,˩˨
熓,,,,
熔,j,ʊ,ŋ,˩˨
熕,,,,
熖,,,,
熗,tsʰ,œ:,ŋ,˧
熘,l,ɐu,,˥
熙,h,ei,,˥
熚,,,,
熛,p,i:u,,˥
熜,ts,ʊ,ŋ,˧˥
熝,l,ʊ,k,˨
熞,,,,
熟,s,ʊ,k,˨
熠,j,ɐ,p,˥
熡,,,,
熢,,,,
熣,,,,
熤,j,ɐ,p,˥
熥,tʰ,ʊ,ŋ,˥
熦,,,,
熧,,,,
熨,tʰ,ɔ:,ŋ,˧
熩,,,,
熪,,,,
熫,,,,
熬,ŋ,ou,,˩˨
熭,,,,
熮,,,,
熯,h,ɔ:,n,˧
熰,,ɐu,,˥
熱,j,i:,t,˨
熲,k,ɐ,ŋ,˧˥
熳,m,a:,n,˩˨
熴,,,,
熵,s,œ:,ŋ,˥
熶,,,,
熷,,,,
熸,ts,i:,m,˥
熹,h,ei,,˥
熺,,,,
熻,,,,
熼,,,,
熽,,,,
熾,tsʰ,i:,,˧
熿,,,,
燀,tsʰ,i:,n,˧˥
燁,j,i:,p,˨
燂,tsʰ,i:,m,˩˨
燃,j,i:,n,˩˨
燄,j,i:,m,˨
燅,tsʰ,ɐ,m,˩˨
燆,,,,
燇,,,,
燈,t,ɐ,ŋ,˥
燉,t,ɐ,n,˨
燊,s,ɐ,n,˥
燋,tsʰ,i:u,,˩˨
燌,,,,
燍,,,,
燎,l,i:u,,˩˨
燏,w,ɐ,t,˨
燐,l,ɵ,n,˩˨
燑,,,,
燒,s,i:u,,˥
燓,,,,
燔,f,a:,n,˩˨
燕,j,i:,n,˧
燖,tsʰ,ɐ,m,˩˨
燗,,,,
燘,m,u:i,,˧˥
燙,tʰ,ɔ:,ŋ,˧
燚,j,ɪ,k,˨
燛,,,,
燜,m,u:,n,˨
燝,,,,
燞,,,,
營,j,ɪ,ŋ,˩˨
燠,j,ʊ,k,˥
燡,j,ɪ,k,˨
燢,,,,
燣,,,,
燤,,,,
燥,tsʰ,ou,,˧
燦,tsʰ,a:,n,˧
燧,s,ɵy,,˨
燨,,,,
燩,,,,
燪,,,,
燫,,,,
燬,w,ɐi,,˧˥
燭,ts,ʊ,k,˥
燮,s,i:,p,˧
燯,,,,
燰,,,,
燱,,,,
燲,,,,
燳,,,,
燴,w,u:i,,˨
燵,,,,
燶,n,ʊ,ŋ,˥
燷,,,,
燸,,,,
燹,s,i:,n,˧˥
燺,,,,
燻,f,ɐ,n,˥
燼,ts,ɵ,n,˧˥
燽,,,,
燾,t,ou,,˨
燿,j,i:u,,˨
爀,,,,
爁,l,a:,m,˩˨
爂,,,,
爃,,,,
爄,,,,
爅,,,,
爆,p,a:u,,˧
爇,j,y:,t,˧
爈,,,,
爉,,,,
爊,ŋ,ou,,˩˨
爋,,,,
爌,kʰ,ɔ:,ŋ,˧
爍,l,ɪ,k,˥
爎,,,,
爏,,,,
爐,l,ou,,˩˨
爑,,,,
爒,,,,
爓,j,i:,m,˨
爔,h,ei,,˥
爕,,,,
爖,,,,
爗,,,,
爘,,,,
爙,,,,
爚,j,œ:,k,˨
爛,l,a:,n,˨
爜,,,,
爝,ts,œ:,k,˨
爞,tsʰ,ʊ,ŋ,˩˨
爟,k,u:,n,˧
爠,,,,
爡,,,,
爢,m,ei,,˩˨
爣,tʰ,ɔ:,ŋ,˧˥
爤,,,,
爥,,,,
爦,l,a:,m,˩˧
爧,,,,
爨,tsʰ,y:,n,˧
爩,w,ɐ,t,˥
爪,ts,a:u,,˧˥
爫,ts,a:u,,˧˥
爬,pʰ,a:,,˩˨
爭,ts,a:,ŋ,˥
爮,,,,
爯,,,,
爰,j,y:,n,˩˨
爱,ŋ,ɔ:i,,˧
爲,w,ɐi,,˩˨
爳,,,,
爴,,,,
爵,ts,œ:,k,˧
父,f,u:,,˧˥
爷,j,ɛ:,,˩˨
爸,p,a:,,˥
爹,t,ɛ:,,˥
爺,j,ɛ:,,˩˨
爻,ŋ,a:u,,˩˨
爼,,,,
爽,s,ɔ:,ŋ,˧˥
爾,j,i:,,˩˧
爿,p,a:,n,˧˥
牀,tsʰ,ɔ:,ŋ,˩˨
牁,k,ɔ:,,˥
牂,ts,ɔ:,ŋ,˥
牃,,,,
牄,tsʰ,œ:,ŋ,˥
牅,,,,
牆,tsʰ,œ:,ŋ,˩˨
片,pʰ,i:,n,˧
版,p,a:,n,˧˥
牉,p,u:,n,˧
牊,,,,
牋,ts,i:,n,˥
牌,pʰ,a:i,,˩˨
牍,t,ʊ,k,˨
牎,,,,
牏,j,y:,,˩˨
牐,,,,
牑,,,,
牒,t,i:,p,˨
牓,p,ɔ:,ŋ,˧˥
牔,,,,
牕,tsʰ,œ:,ŋ,˥
牖,j,ɐu,,˩˧
牗,,,,
牘,t,ʊ,k,˨
牙,ŋ,a:,,˩˨
牚,,,,
牛,ŋ,ɐu,,˩˨
牜,,,,
牝,pʰ,ɐ,n,˩˧
牞,,,,
牟,m,ɐu,,˩˨
牠,tʰ,a:,,˥
牡,m,a:u,,˩˧
牢,l,ou,,˩˨
牣,j,ɐ,n,˨
牤,,,,
牥,,,,
牦,l,ei,,˩˨
牧,m,ʊ,k,˨
牨,,,,
物,m,ɐ,t,˨
牪,,,,
牫,,,,
牬,,,,
牭,,,,
牮,ts,i:,n,˧
牯,k,u:,,˧˥
牰,,,,
牱,,,,
牲,s,a:,ŋ,˥
牳,,,,
牴,t,ɐi,,˧˥
牵,h,i:,n,˥
牶,,,,
牷,tsʰ,y:,n,˩˨
牸,ts,i:,,˧
特,t,ɐ,k,˨
牺,h,ei,,˥
牻,m,ɔ:,ŋ,˩˨
牼,h,ɐ,ŋ,˥
牽,h,i:,n,˥
牾,ŋ,,,˩˧
牿,k,ʊ,k,˥
犀,s,ɐi,,˥
犁,l,ɐi,,˩˨
犂,l,ɐi,,˩˨
犃,,,,
犄,k,ei,,˥
犅,k,ɔ:,ŋ,˥
犆,t,ɐ,k,˨
犇,p,ɐ,n,˥
犈,,,,
犉,s,ɵ,n,˩˨
犊,t,ʊ,k,˨
犋,k,ɵy,,˨
犌,k,a:,,˥
犍,k,i:,n,˥
犎,f,ʊ,ŋ,˥
犏,,,,
犐,,,,
犑,,,,
犒,h,ou,,˧
犓,tsʰ,ɔ:,,˥
犔,,,,
犕,,,,
犖,l,ɔ:,k,˧
犗,k,a:i,,˧
犘,,,,
犙,,,,
犚,w,ɐi,,˧
犛,l,ei,,˩˨
犜,,,,
犝,tʰ,ʊ,ŋ,˩˨
犞,,,,
犟,,,,
犠,,,,
犡,,,,
犢,t,ʊ,k,˨
犣,l,i:,p,˨
犤,p,ei,,˥
犥,,,,
犦,p,ɔ:,k,˥
犧,h,ei,,˥
犨,tsʰ,ɐu,,˩˨
犩,ŋ,ɐi,,˩˨
犪,kʰw,ɐi,,˩˨
犫,,,,
犬,h,y:,n,˧˥
犭,h,y:,n,˧˥
犮,p,ɐ,t,˨
犯,f,a:,n,˨
犰,kʰ,ɐu,,˩˨
犱,,,,
犲,,,,
犳,,,,
犴,h,ɔ:,n,˩˨
犵,h,ɐ,t,˥
状,ts,ɔ:,ŋ,˨
犷,kw,ɔ:,ŋ,˧˥
犸,,,,
犹,j,ɐu,,˩˨
犺,kʰ,ɔ:,ŋ,˧
犻,,,,
犼,,,,
犽,ŋ,a:,,˩˨
犾,,,,
犿,p,i:,n,˨
狀,ts,ɔ:,ŋ,˨
狁,w,ɐ,n,˩˧
狂,kʰ,ɔ:,ŋ,˩˨
狃,n,ɐu,,˧˥
狄,t,ɪ,k,˨
狅,,,,
狆,ts,ʊ,ŋ,˥
狇,,,,
狈,p,u:i,,˧
狉,pʰ,ei,,˥
狊,kw,ɪ,k,˥
狋,j,i:,,˩˨
狌,s,ɐ,ŋ,˥
狍,,,,
狎,h,a:,p,˨
狏,,,,
狐,w,u:,,˩˨
狑,l,ɪ,ŋ,˩˨
狒,f,ɐ,t,˥
狓,,,,
狔,,,,
狕,,,,
狖,j,ɐu,,˨
狗,k,ɐu,,˧˥
狘,h,y:,t,˧
狙,ts,ɵy,,˥
狚,t,a:,n,˧
狛,,,,
狜,k,u:,,˧˥
狝,s,i:,n,˧˥
狞,n,ɪ,ŋ,˩˨
狟,w,u:,n,˩˨
狠,h,ɐ,n,˧˥
狡,k,a:u,,˧˥
狢,,,,
狣,,,,
狤,,,,
狥,s,ɵ,n,˥
狦,,,,
狧,,,,
狨,j,ʊ,ŋ,˩˨
狩,s,ɐu,,˧˥
狪,,,,
狫,l,ou,,˩˧
独,t,ʊ,k,˨
狭,k,i:,p,˨
狮,s,i:,,˥
狯,kʰ,u:i,,˧˥
狰,ts,a:,ŋ,˥
狱,j,ʊ,k,˨
狲,s,y:,n,˥
狳,j,y:,,˩˨
狴,p,ɐi,,˨
狵,m,ɔ:,ŋ,˩˨
狶,h,ei,,˥
狷,k,y:,n,˥
狸,l,ei,,˩˨
狹,k,i:,p,˨
狺,ŋ,ɐ,n,˩˨
狻,s,y:,n,˥
狼,l,ɔ:,ŋ,˩˨
狽,p,u:i,,˧
狾,ts,ɐi,,˧
狿,j,i:,n,˩˨
猀,s,a:,,˥
猁,l,ei,,˨
猂,,,,
猃,h,i:,m,˧˥
猄,,,,
猅,,,,
猆,,,,
猇,h,a:u,,˥
猈,,,,
猉,,,,
猊,ŋ,ɐi,,˩˨
猋,p,i:u,,˥
猌,j,ɐ,n,˨
猍,,,,
猎,l,i:,p,˥
猏,,,,
猐,,,,
猑,kʰw,ɐ,n,˥
猒,,a:,t,˧
猓,kw,ɔ:,,˧˥
猔,,,,
猕,l,ei,,˩˨
猖,tsʰ,œ:,ŋ,˥
猗,j,i:,,˥
猘,ts,ɐi,,˧
猙,ts,a:,ŋ,˥
猚,,,,
猛,m,a:,ŋ,˩˧
猜,tsʰ,a:i,,˥
猝,tsʰ,y:,t,˧
猞,s,ɛ:,,˧
猟,,,,
猠,,,,
猡,l,ɔ:,,˩˨
猢,w,u:,,˩˨
猣,,,,
猤,,,,
猥,w,ɐi,,˧˥
猦,,,,
猧,w,ɔ:,,˥
猨,j,y:,n,˩˨
猩,s,ɪ,ŋ,˥
猪,ts,y:,,˥
猫,m,a:u,,˥
猬,w,ɐi,,˨
猭,,,,
献,h,i:,n,˧
猯,,,,
猰,j,a:,k,˧
猱,n,a:u,,˩˨
猲,h,i:,t,˧
猳,,,,
猴,h,ɐu,,˩˨
猵,p,i:,n,˥
猶,j,ɐu,,˩˨
猷,j,ɐu,,˩˨
猸,,,,
猹,,,,
猺,j,i:u,,˩˨
猻,s,y:,n,˥
猼,p,ɔ:,k,˧
猽,,,,
猾,w,a:,t,˨
猿,j,y:,n,˩˨
獀,s,ɐu,,˥
獁,,,,
獂,w,u:,n,˩˨
獃,t,a:i,,˥
獄,j,ʊ,k,˨
獅,s,i:,,˥
獆,,,,
獇,,,,
獈,,,,
獉,ts,ɵ,n,˥
獊,,,,
獋,,,,
獌,,,,
獍,k,ɪ,ŋ,˧
獎,ts,œ:,ŋ,˧˥
獏,,,,
獐,ts,œ:,ŋ,˥
獑,tsʰ,a:,m,˩˨
獒,ŋ,ou,,˥
獓,,,,
獔,,,,
獕,,,,
獖,,,,
獗,kʰ,y:,t,˧
獘,p,ɐi,,˨
獙,,,,
獚,w,ɔ:,ŋ,˩˨
獛,,,,
獜,,,,
獝,w,ɐ,t,˨
獞,tʰ,ʊ,ŋ,˩˨
獟,h,i:u,,˥
獠,l,i:u,,˩˨
獡,,,,
獢,h,i:u,,˥
獣,,,,
獤,,,,
獥,,,,
獦,,,,
獧,k,y:,n,˧
獨,t,ʊ,k,˨
獩,w,ɐi,,˧
獪,kʰ,u:i,,˧˥
獫,h,i:,m,˧˥
獬,h,a:i,,˩˧
獭,tsʰ,a:,t,˧
獮,s,i:,n,˧˥
獯,f,ɐ,n,˥
獰,n,ɪ,ŋ,˩˨
獱,,,,
獲,w,a:i,,˩˨
獳,n,ɐu,,˥
獴,,,,
獵,l,i:,p,˨
獶,n,a:u,,˩˨
獷,kw,ɔ:,ŋ,˧˥
獸,s,ɐu,,˧
獹,,,,
獺,tsʰ,a:,t,˧
獻,h,i:,n,˧
獼,l,ei,,˩˨
獽,j,œ:,ŋ,˩˨
獾,,,,
獿,n,a:u,,˩˨
玀,l,ɔ:,,˩˨
玁,h,i:,m,˧˥
玂,,,,
玃,f,ɔ:,k,˧
玄,j,y:,n,˩˨
玅,m,i:u,,˨
玆,tsʰ,i:,,˩˨
率,l,ɵ,t,˨
玈,l,ou,,˩˨
玉,j,ʊ,k,˨
玊,,,,
王,w,ɔ:,ŋ,˧˥
玌,,,,
玍,,,,
玎,t,ɪ,ŋ,˥
玏,,,,
玐,,,,
玑,k,ei,,˥
玒,,,,
玓,t,ɪ,k,˥
玔,tsʰ,y:,n,˧
玕,k,ɔ:,n,˥
玖,k,ɐu,,˧˥
玗,j,y:,,˥
玘,,,,
玙,j,y:,,˩˨
玚,t,ɔ:,ŋ,˨
玛,m,a:,,˩˧
玜,,,,
玝,,,,
玞,,,,
玟,m,ɐ,n,˩˨
玠,k,a:i,,˧
玡,j,ɛ:,,˩˨
玢,p,ɐ,n,˥
玣,,,,
玤,p,ʊ,ŋ,˧˥
玥,j,y:,t,˨
玦,kʰ,y:,t,˧
玧,,,,
玨,k,ɔ:,k,˧
玩,w,a:,n,˩˨
玪,,,,
玫,m,u:i,,˩˨
玬,,,,
玭,pʰ,ɐ,n,˩˨
玮,w,ɐi,,˩˨
环,w,a:,n,˩˨
现,j,i:,n,˨
玱,tsʰ,œ:,ŋ,˥
玲,l,ɪ,ŋ,˩˨
玳,t,ɔ:i,,˨
玴,,,,
玵,,,,
玶,,,,
玷,t,i:,m,˧
玸,,,,
玹,,,,
玺,s,a:i,,˧˥
玻,p,ɔ:,,˥
玼,tsʰ,i:,,˧˥
玽,,,,
玾,,,,
玿,,,,
珀,pʰ,a:,k,˧
珁,,,,
珂,,ɔ:,,˥
珃,,,,
珄,,,,
珅,s,ɐ,n,˥
珆,,,,
珇,,,,
珈,k,a:,,˥
珉,m,ɐ,n,˩˨
珊,s,a:,n,˥
珋,,,,
珌,p,i:,t,˥
珍,ts,ɐ,n,˥
珎,ts,ɐ,n,˥
珏,k,ɔ:,k,˧
珐,f,a:,t,˧
珑,l,ʊ,ŋ,˩˨
珒,,,,
珓,k,a:u,,˧
珔,,,,
珕,,,,
珖,,,,
珗,,,,
珘,,,,
珙,k,ʊ,ŋ,˧˥
珚,,,,
珛,,,,
珜,,,,
珝,,,,
珞,l,ɔ:,k,˧
珟,,,,
珠,ts,y:,,˥
珡,,,,
珢,,,,
珣,s,ɵ,n,˥
珤,,,,
珥,j,i:,,˨
珦,,,,
珧,j,i:u,,˩˨
珨,,,,
珩,h,ɐ,ŋ,˩˨
珪,kw,ɐi,,˥
珫,tsʰ,ʊ,ŋ,˥
珬,,,,
班,p,a:,n,˥
珮,pʰ,u:i,,˧
珯,,,,
珰,t,ɔ:,ŋ,˥
珱,,,,
珲,w,ɐ,n,˩˨
珳,,,,
珴,,,,
珵,tsʰ,ɪ,ŋ,˩˨
珶,,,,
珷,m,ou,,˩˧
珸,ŋ,,,˩˨
珹,,,,
珺,kw,ɐ,n,˨
珻,,,,
珼,,,,
珽,tʰ,ɪ,ŋ,˩˧
現,j,i:,n,˨
珿,,,,
琀,h,ɐ,m,˧
琁,s,y:,n,˩˨
琂,,,,
球,kʰ,ɐu,,˩˨
琄,k,y:,n,˥
琅,,,,
理,l,ei,,˩˧
琇,s,ɐu,,˧
琈,f,ɐu,,˩˨
琉,l,ɐu,,˩˨
琊,j,ɛ:,,˩˨
琋,,,,
琌,,,,
琍,l,ei,,˩˨
琎,ts,ɵ,n,˧
琏,l,i:,n,˩˧
琐,s,ɔ:,,˧˥
琑,,,,
琒,,,,
琓,,,,
琔,,,,
琕,,,,
琖,ts,a:,n,˥
琗,,,,
琘,,,,
琙,,,,
琚,k,ɵy,,˥
琛,s,ɐ,m,˥
琜,,,,
琝,,,,
琞,,,,
琟,,,,
琠,,,,
琡,tsʰ,ʊ,k,˥
琢,t,œ:,k,˧
琣,,,,
琤,s,a:,ŋ,˥
琥,f,u:,,˧˥
琦,kʰ,ei,,˩˨
琧,,,,
琨,kw,ɐ,n,˥
琩,,,,
琪,kʰ,ei,,˩˨
琫,p,ʊ,ŋ,˧˥
琬,j,y:,n,˧˥
琭,l,ʊ,k,˨
琮,tsʰ,ʊ,ŋ,˩˨
琯,k,u:,n,˧˥
琰,j,i:,m,˩˧
琱,t,i:u,,˥
琲,pʰ,u:i,,˧
琳,l,ɐ,m,˩˨
琴,kʰ,ɐ,m,˩˨
琵,pʰ,ei,,˩˨
琶,pʰ,a:,,˩˨
琷,,,,
琸,,,,
琹,,,,
琺,f,a:,t,˧
琻,,,,
琼,kʰ,ɪ,ŋ,˩˨
琽,,,,
琾,,,,
琿,w,ɐ,n,˩˨
瑀,j,y:,,˩˧
瑁,m,ou,,˨
瑂,,,,
瑃,,,,
瑄,s,y:,n,˥
瑅,,,,
瑆,s,ɪ,ŋ,˥
瑇,t,ɔ:i,,˨
瑈,,,,
瑉,,,,
瑊,ts,ɐ,m,˥
瑋,w,ɐi,,˩˨
瑌,,,,
瑍,,,,
瑎,,,,
瑏,,,,
瑐,,,,
瑑,s,y:,n,˨
瑒,tsʰ,œ:,ŋ,˧
瑓,,,,
瑔,,,,
瑕,h,a:,,˩˨
瑖,,,,
瑗,j,y:,n,˨
瑘,,,,
瑙,n,ou,,˩˧
瑚,w,u:,,˩˨
瑛,j,ɪ,ŋ,˥
瑜,j,y:,,˩˨
瑝,,,,
瑞,s,ɵy,,˨
瑟,s,ɐ,t,˥
瑠,l,ɐu,,˩˨
瑡,,,,
瑢,j,ʊ,ŋ,˩˨
瑣,s,ɔ:,,˧˥
瑤,j,i:u,,˩˨
瑥,,,,
瑦,,,,
瑧,,,,
瑨,,,,
瑩,j,ɪ,ŋ,˩˨
瑪,m,a:,,˩˧
瑫,,,,
瑬,,,,
瑭,tʰ,ɔ:,ŋ,˩˨
瑮,l,ɵ,t,˨
瑯,l,ɔ:,ŋ,˩˨
瑰,kw,ɐi,,˥
瑱,tʰ,i:,n,˧
瑲,tsʰ,œ:,ŋ,˥
瑳,tsʰ,ɔ:,,˥
瑴,,,,
瑵,ts,a:u,,˧˥
瑶,j,i:u,,˩˨
瑷,ŋ,ɔ:i,,˧
瑸,,,,
瑹,,,,
瑺,,,,
瑻,,,,
瑼,,,,
瑽,tsʰ,ʊ,ŋ,˥
瑾,k,ɐ,n,˧˥
瑿,j,i:,,˥
璀,tsʰ,ɵy,,˥
璁,tsʰ,ʊ,ŋ,˥
璂,,,,
璃,l,ei,,˩˨
璄,,,,
璅,s,ɔ:,,˧˥
璆,kʰ,ɐu,,˩˨
璇,s,y:,n,˩˨
璈,ŋ,ou,,˩˨
璉,l,i:,n,˩˨
璊,m,u:,n,˩˨
璋,ts,œ:,ŋ,˥
璌,,,,
璍,,,,
璎,j,ɪ,ŋ,˥
璏,,,,
璐,l,ou,,˨
璑,,,,
璒,,,,
璓,,,,
璔,,,,
璕,,,,
璖,,,,
璗,t,ɔ:,ŋ,˨
璘,l,ɵ,n,˩˨
璙,,,,
璚,k,ɪ,ŋ,˩˨
璛,,,,
璜,w,ɔ:,ŋ,˩˨
璝,,,,
璞,pʰ,ɔ:,k,˧
璟,k,ɪ,ŋ,˧˥
璠,f,a:,n,˩˨
璡,ts,ɵ,n,˧
璢,l,ɐu,,˩˨
璣,k,ei,,˥
璤,,,,
璥,,,,
璦,ŋ,ɔ:i,,˧
璧,p,ɪ,k,˥
璨,tsʰ,a:,n,˧
璩,kʰ,ɵy,,˩˨
璪,ts,ou,,˧˥
璫,t,ɔ:,ŋ,˥
璬,,,,
璭,,,,
璮,,,,
璯,,,,
環,w,a:,n,˩˨
璱,s,ɐ,t,˥
璲,s,ɵy,,˨
璳,,,,
璴,,,,
璵,j,y:,,˩˨
璶,,,,
璷,,,,
璸,p,ɐ,n,˥
璹,,,,
璺,m,ɐ,n,˨
璻,,,,
璼,,,,
璽,s,a:i,,˧˥
璾,,,,
璿,s,y:,n,˩˨
瓀,j,y:,n,˩˧
瓁,w,ɔ:,k,˨
瓂,,,,
瓃,,,,
瓄,,,,
瓅,l,ɪ,k,˥
瓆,,,,
瓇,,,,
瓈,l,ei,,˩˨
瓉,,,,
瓊,kʰ,ɪ,ŋ,˩˨
瓋,,,,
瓌,,,,
瓍,,,,
瓎,,,,
瓏,l,ʊ,ŋ,˩˨
瓐,,,,
瓑,,,,
瓒,ts,a:,n,˧
瓓,,,,
瓔,j,ɪ,ŋ,˥
瓕,,,,
瓖,s,œ:,ŋ,˥
瓗,,,,
瓘,k,u:,n,˧
瓙,,,,
瓚,ts,a:,n,˧
瓛,w,u:,n,˩˨
瓜,kw,a:,,˥
瓝,p,ɔ:,k,˧
瓞,t,i:,t,˨
瓟,p,ɔ:,k,˨
瓠,w,ɔ:,k,˨
瓡,,,,
瓢,pʰ,i:u,,˩˨
瓣,p,a:,n,˨
瓤,n,ɔ:,ŋ,˩˨
瓥,,,,
瓦,ŋ,a:,,˩˧
瓧,,,,
瓨,k,ɔ:,ŋ,˥
瓩,tsʰ,i:,n,˥
瓪,,,,
瓫,,,,
瓬,f,ɔ:,ŋ,˧˥
瓭,,,,
瓮,,ɔ:,ŋ,˧
瓯,,ɐu,,˥
瓰,,,,
瓱,,,,
瓲,,,,
瓳,,,,
瓴,l,ɪ,ŋ,˩˨
瓵,,,,
瓶,pʰ,ɛ:,ŋ,˩˨
瓷,tsʰ,i:,,˩˨
瓸,,,,
瓹,k,y:,n,˥
瓺,,,,
瓻,tsʰ,i:,,˥
瓼,,,,
瓽,t,ɔ:,ŋ,˨
瓾,,,,
瓿,pʰ,ɐu,,˧˥
甀,ts,ɵy,,˨
甁,,,,
甂,p,i:,n,˥
甃,ts,ɐu,,˧
甄,j,ɐ,n,˥
甅,,,,
甆,,,,
甇,,a:,ŋ,˥
甈,h,ei,,˧
甉,,,,
甊,,,,
甋,t,ɪ,k,˥
甌,,ɐu,,˥
甍,m,ɐ,ŋ,˩˨
甎,ts,y:,n,˥
甏,p,ɔ:,ŋ,˧
甐,l,ɵ,n,˩˨
甑,ts,ɐ,ŋ,˨
甒,m,ou,,˩˧
甓,pʰ,ɪ,k,˥
甔,t,a:,m,˥
甕,,ɔ:,ŋ,˧
甖,,a:,ŋ,˥
甗,j,i:,n,˩˧
甘,k,ɐ,m,˥
甙,,,,
甚,s,ɐ,m,˨
甛,,,,
甜,tʰ,i:,m,˩˨
甝,h,ɔ:,n,˩˨
甞,s,œ:,ŋ,˩˨
生,s,a:,ŋ,˥
甠,,,,
甡,s,ɐ,n,˥
產,tsʰ,a:,n,˧˥
産,,,,
甤,,,,
甥,s,a:,ŋ,˥
甦,s,ou,,˥
甧,,,,
用,j,ʊ,ŋ,˨
甩,l,ɐ,t,˥
甪,l,ʊ,k,˨
甫,f,u:,,˧˥
甬,j,ʊ,ŋ,˧˥
甭,p,ɐ,ŋ,˧˥
甮,f,ʊ,ŋ,˨
甯,n,ɪ,ŋ,˩˨
田,tʰ,i:,n,˩˨
由,j,ɐu,,˩˨
甲,k,a:,p,˧
申,s,ɐ,n,˥
甴,k,a:,t,˨
电,t,i:,n,˨
甶,,,,
男,n,a:,m,˩˨
甸,t,i:,n,˥
甹,pʰ,ɪ,ŋ,˥
町,tʰ,ɪ,ŋ,˧˥
画,w,a:,k,˨
甼,,,,
甽,h,y:,n,˧˥
甾,ts,i:,,˥
甿,m,ɐ,n,˩˨
畀,p,ei,,˧˥
畁,,,,
畂,,,,
畃,,,,
畄,,,,
畅,tsʰ,œ:,ŋ,˧
畆,,,,
畇,w,ɐ,n,˩˨
畈,f,a:,n,˧
畉,,,,
畊,k,a:,ŋ,˥
畋,tʰ,i:,n,˩˨
界,k,a:i,,˧
畍,,,,
畎,h,y:,n,˧˥
畏,w,ɐi,,˧
畐,,,,
畑,,,,
畒,,,,
畓,,,,
畔,p,u:,n,˨
畕,,,,
畖,,,,
畗,,,,
畘,,,,
留,l,ɐu,,˩˨
畚,p,u:,n,˧˥
畛,ts,ɐ,n,˧˥
畜,tsʰ,ʊ,k,˥
畝,m,ɐu,,˩˧
畞,,,,
畟,tsʰ,ɐ,k,˥
畠,,,,
畡,,,,
畢,p,ɐ,t,˥
畣,t,a:,p,˧
畤,ts,i:,,˨
略,l,œ:,k,˨
畦,kʰw,ɐi,,˩˨
畧,l,œ:,k,˨
畨,f,a:,n,˥
畩,,,,
番,f,a:,n,˥
畫,w,a:,k,˨
畬,j,y:,,˩˨
畭,,,,
畮,,,,
畯,ts,ɵ,n,˧
異,j,i:,,˨
畱,l,ɐu,,˩˨
畲,s,ɛ:,,˩˨
畳,,,,
畴,tsʰ,ɐu,,˩˨
畵,,,,
當,t,ɔ:,ŋ,˥
畷,ts,y:,t,˧
畸,k,ei,,˥
畹,j,y:,n,˧˥
畺,,,,
畻,,,,
畼,,,,
畽,t,ʊ,ŋ,˧˥
畾,l,ɵy,,˩˨
畿,k,ei,,˥
疀,,,,
疁,,,,
疂,,,,
疃,,,,
疄,l,ɵ,n,˨
疅,,,,
疆,k,œ:,ŋ,˥
疇,tsʰ,ɐu,,˩˨
疈,,,,
疉,,,,
疊,t,a:,p,˨
疋,ŋ,a:,,˩˧
疌,ts,i:,t,˧
疍,t,a:,n,˧˥
疎,s,ɔ:,,˥
疏,s,ɔ:,,˥
疐,ts,i:,,˧
疑,j,i:,,˩˨
疒,n,ɪ,k,˨
疓,n,a:i,,˧
疔,t,ɛ:,ŋ,˥
疕,p,ei,,˧˥
疖,ts,i:,t,˧
疗,l,i:u,,˩˨
疘,k,ɔ:,ŋ,˥
疙,k,ɐ,t,˨
疚,k,ɐu,,˧
疛,,,,
疜,,,,
疝,s,a:,n,˧
疞,,,,
疟,j,œ:,k,˨
疠,l,ɐi,,˨
疡,j,œ:,ŋ,˩˨
疢,tsʰ,ɐ,n,˧˥
疣,j,ɐu,,˩˨
疤,p,a:,,˥
疥,k,a:i,,˧
疦,,,,
疧,kʰ,ei,,˩˨
疨,,,,
疩,,,,
疪,,,,
疫,j,ɪ,k,˨
疬,l,ɛ:,k,˨
疭,ts,ʊ,ŋ,˧
疮,tsʰ,ɔ:,ŋ,˥
疯,f,ʊ,ŋ,˥
疰,ts,y:,,˧
疱,pʰ,a:u,,˧
疲,pʰ,ei,,˩˨
疳,k,ɐ,m,˥
疴,,ɔ:,,˥
疵,tsʰ,i:,,˥
疶,s,i:,t,˧
疷,,,,
疸,tʰ,a:,n,˧˥
疹,tsʰ,ɐ,n,˧˥
疺,f,ɐ,t,˨
疻,ts,i:,,˧˥
疼,tʰ,ɐ,ŋ,˩˨
疽,ts,ɵy,,˥
疾,ts,ɐ,t,˨
疿,f,ɐi,,˧˥
痀,kʰ,ɵy,,˥
痁,t,i:,m,˧
痂,k,a:,,˥
痃,,,,
痄,ts,a:,,˧
病,p,ɛ:,ŋ,˨
痆,,,,
症,ts,ɪ,ŋ,˥
痈,j,ʊ,ŋ,˥
痉,k,ɪ,ŋ,˨
痊,tsʰ,y:,n,˩˨
痋,,,,
痌,tʰ,ʊ,ŋ,˥
痍,j,i:,,˩˨
痎,k,a:i,,˥
痏,f,u:i,,˧˥
痐,w,u:i,,˩˨
痑,,,,
痒,j,œ:,ŋ,˩˧
痓,,,,
痔,ts,i:,,˨
痕,h,ɐ,n,˩˨
痖,,a:,,˧˥
痗,f,u:i,,˧
痘,t,ɐu,,˨
痙,k,ɪ,ŋ,˨
痚,h,a:u,,˥
痛,tʰ,ʊ,ŋ,˧
痜,,,,
痝,,,,
痞,pʰ,ei,,˧˥
痟,s,i:u,,˥
痠,s,y:,n,˥
痡,f,u:,,˥
痢,l,ei,,˨
痣,ts,i:,,˧
痤,tsʰ,ɔ:,,˩˨
痥,,,,
痦,ŋ,,,˩˨
痧,s,a:,,˥
痨,l,ou,,˩˨
痩,,,,
痪,w,u:,n,˨
痫,h,a:,n,˩˨
痬,,,,
痭,p,ɐ,ŋ,˥
痮,,,,
痯,k,u:,n,˧˥
痰,tʰ,a:,m,˩˨
痱,f,ɐi,,˧˥
痲,m,a:,,˩˨
痳,l,ɐ,m,˩˨
痴,tsʰ,i:,,˥
痵,kw,ɐi,,˧
痶,t,i:,n,˧˥
痷,,,,
痸,,,,
痹,,,,
痺,p,ei,,˧
痻,f,ɐ,n,˥
痼,k,u:,,˧
痽,,,,
痾,ŋ,ɔ:,,˥
痿,w,ɐi,,˧˥
瘀,j,y:,,˥
瘁,s,ɵy,,˨
瘂,,a:,,˧˥
瘃,ts,ʊ,k,˥
瘄,,,,
瘅,t,a:,n,˥
瘆,,,,
瘇,ts,ʊ,ŋ,˧˥
瘈,kʰ,ɐi,,˧
瘉,j,y:,,˨
瘊,h,ɐu,,˩˨
瘋,f,ʊ,ŋ,˥
瘌,l,a:,t,˧
瘍,j,œ:,ŋ,˩˨
瘎,,,,
瘏,tʰ,ou,,˩˨
瘐,j,y:,,˩˧
瘑,,,,
瘒,,,,
瘓,w,u:,n,˨
瘔,,,,
瘕,k,a:,,˧˥
瘖,j,ɐ,m,˥
瘗,j,i:,,˧
瘘,l,ɐu,,˨
瘙,s,ou,,˧
瘚,k,y:,t,˧
瘛,kʰ,ɐi,,˧
瘜,s,ɪ,k,˥
瘝,kw,a:,n,˥
瘞,j,i:,,˧
瘟,w,ɐ,n,˥
瘠,ts,ɪ,k,˧
瘡,tsʰ,ɔ:,ŋ,˥
瘢,p,a:,n,˥
瘣,f,u:i,,˧
瘤,l,ɐu,,˩˨
瘥,tsʰ,a:i,,˧
瘦,s,ɐu,,˧
瘧,j,œ:,k,˨
瘨,t,i:,n,˥
瘩,t,a:,p,˧
瘪,p,i:,t,˨
瘫,tʰ,a:,n,˥
瘬,,,,
瘭,p,i:u,,˥
瘮,,,,
瘯,tsʰ,ʊ,k,˥
瘰,l,ɔ:,,˧˥
瘱,j,i:,,˧
瘲,ts,ʊ,ŋ,˧
瘳,tsʰ,ɐu,,˥
瘴,ts,œ:,ŋ,˧
瘵,ts,a:i,,˧
瘶,,,,
瘷,,,,
瘸,kʰ,ɛ:,,˩˨
瘹,,,,
瘺,l,ɐu,,˨
瘻,l,ɐu,,˨
瘼,m,ɔ:,k,˨
瘽,kʰ,ɐ,n,˩˨
瘾,j,ɐ,n,˩˧
瘿,j,ɪ,ŋ,˧˥
癀,w,ɔ:,ŋ,˩˨
癁,,,,
療,l,i:u,,˩˨
癃,l,ʊ,ŋ,˩˨
癄,,,,
癅,l,ɐu,,˩˨
癆,l,ou,,˩˨
癇,h,a:,n,˩˨
癈,f,ɐi,,˧
癉,t,a:,n,˥
癊,j,ɐ,n,˧
癋,,,,
癌,ŋ,a:,m,˩˨
癍,,,,
癎,,,,
癏,,,,
癐,k,u:i,,˨
癑,,,,
癒,j,y:,,˨
癓,,,,
癔,,,,
癕,,,,
癖,pʰ,ɪ,k,˥
癗,l,ɵy,,˩˧
癘,l,ɐi,,˨
癙,s,y:,,˧˥
癚,,,,
癛,,,,
癜,t,i:,n,˨
癝,,,,
癞,l,a:i,,˧
癟,p,i:,t,˨
癠,ts,ɐi,,˧
癡,tsʰ,i:,,˥
癢,j,œ:,ŋ,˩˧
癣,s,i:,n,˧˥
癤,ts,i:,t,˧
癥,ts,ɪ,ŋ,˥
癦,m,ɐ,k,˨
癧,l,ɛ:,k,˨
癨,,,,
癩,l,a:i,,˧
癪,ts,ɪ,k,˥
癫,t,i:,n,˥
癬,s,i:,n,˧˥
癭,j,ɪ,ŋ,˧˥
癮,j,ɐ,n,˩˧
癯,kʰ,ɵy,,˩˨
癰,j,ʊ,ŋ,˥
癱,tʰ,a:,n,˥
癲,t,i:,n,˥
癳,,,,
癴,,,,
癵,l,y:,n,˩˨
癶,p,u:,t,˨
癷,,,,
癸,kw,ɐi,,˧
癹,,,,
発,,,,
登,t,ɐ,ŋ,˥
發,f,a:,t,˧
白,p,a:,k,˨
百,p,a:,k,˧
癿,kʰ,ɛ:,,˩˨
皀,,,,
皁,ts,ou,,˨
皂,ts,ou,,˨
皃,,,,
的,t,i:,,˥
皅,,,,
皆,k,a:i,,˥
皇,w,ɔ:,ŋ,˩˨
皈,kw,ɐi,,˥
皉,,,,
皊,,,,
皋,k,ou,,˥
皌,,,,
皍,,,,
皎,k,a:u,,˧˥
皏,,,,
皐,,,,
皑,j,i:,,˩˨
皒,,,,
皓,k,ou,,˧˥
皔,,,,
皕,p,ɪ,k,˥
皖,w,u:,n,˩˧
皗,,,,
皘,,,,
皙,s,ɪ,k,˥
皚,j,i:,,˩˨
皛,kʰ,i:u,,˩˧
皜,h,ou,,˨
皝,f,ɔ:,ŋ,˧˥
皞,h,ou,,˨
皟,,,,
皠,,,,
皡,,,,
皢,,,,
皣,,,,
皤,pʰ,ɔ:,,˩˨
皥,,,,
皦,k,i:u,,˧˥
皧,,,,
皨,,,,
皩,,,,
皪,l,ɪ,k,˨
皫,pʰ,i:u,,˧˥
皬,,,,
皭,ts,i:u,,˧
皮,pʰ,ei,,˩˨
皯,k,ɔ:,n,˧˥
皰,pʰ,a:u,,˧
皱,ts,ɐu,,˧
皲,kw,ɐ,n,˥
皳,,,,
皴,s,ɵ,n,˥
皵,tsʰ,œ:,k,˧
皶,,,,
皷,k,u:,,˧˥
皸,kw,ɐ,n,˥
皹,,,,
皺,ts,ɐu,,˧
皻,ts,a:,,˥
皼,,,,
皽,ts,i:,n,˧˥
皾,t,ʊ,k,˨
皿,m,ɪ,ŋ,˩˧
盀,,,,
盁,,,,
盂,j,y:,,˩˨
盃,p,u:i,,˥
盄,t,i:u,,˧
盅,ts,ʊ,ŋ,˥
盆,pʰ,u:,n,˩˨
盇,,,,
盈,j,ɪ,ŋ,˩˨
盉,w,ɔ:,,˩˨
益,j,ɪ,k,˥
盋,,,,
盌,w,u:,n,˧˥
盍,h,ɐ,p,˨
盎,,ɔ:,n,˥
盏,ts,a:,n,˧˥
盐,j,i:,m,˩˨
监,k,a:,m,˥
盒,h,a:,p,˨
盓,,,,
盔,kʰw,ɐi,,˥
盕,,,,
盖,k,ɔ:i,,˧
盗,t,ou,,˨
盘,pʰ,u:,n,˩˨
盙,f,u:,,˧˥
盚,,,,
盛,s,ɪ,ŋ,˩˨
盜,t,ou,,˨
盝,l,ʊ,k,˨
盞,ts,a:,n,˧˥
盟,m,ɐ,ŋ,˩˨
盠,,,,
盡,ts,ɵ,n,˨
盢,,,,
監,k,a:,m,˥
盤,pʰ,u:,n,˩˨
盥,f,u:,n,˧˥
盦,,ɐ,m,˥
盧,l,ou,,˩˨
盨,,,,
盩,ts,ɐu,,˥
盪,t,ɔ:,ŋ,˨
盫,,,,
盬,k,u:,,˧˥
盭,l,ɵy,,˨
目,m,ʊ,k,˨
盯,t,ɪ,ŋ,˥
盰,,,,
盱,h,ɵy,,˥
盲,m,a:,ŋ,˩˨
盳,m,a:,ŋ,˩˨
直,ts,ɪ,k,˨
盵,,,,
盶,,,,
盷,j,y:,n,˩˨
相,s,œ:,ŋ,˧˥
盹,t,ɵ,n,˨
盺,j,ɐ,n,˥
盻,h,ɐi,,˨
盼,pʰ,a:,n,˧
盽,,,,
盾,s,ɵ,n,˩˧
盿,,,,
眀,,,,
省,s,a:,ŋ,˧˥
眂,,,,
眃,,,,
眄,m,i:,n,˩˧
眅,pʰ,a:,n,˥
眆,,,,
眇,m,i:u,,˩˧
眈,t,a:,m,˥
眉,m,ei,,˩˨
眊,m,ou,,˨
看,h,ɔ:,n,˥
県,,,,
眍,,,,
眎,,,,
眏,,,,
眐,ts,ɪ,ŋ,˥
眑,j,i:u,,˧˥
眒,,,,
眓,,,,
眔,,,,
眕,tsʰ,ɐ,n,˧˥
眖,,,,
眗,,,,
眘,,,,
眙,tsʰ,i:,,˧
眚,s,a:,ŋ,˧˥
眛,m,u:i,,˨
眜,,,,
眝,,,,
眞,ts,ɐ,n,˥
真,ts,ɐ,n,˥
眠,m,i:,n,˩˨
眡,tsʰ,i:,,˥
眢,j,y:,n,˥
眣,t,i:,t,˨
眤,,,,
眥,ts,a:i,,˨
眦,ts,a:i,,˨
眧,,,,
眨,ts,a:,m,˧˥
眩,j,y:,n,˨
眪,,,,
眫,,,,
眬,l,ʊ,ŋ,˩˨
眭,kʰw,ɐi,,˩˨
眮,,,,
眯,,,,
眰,,,,
眱,j,i:,,˩˨
眲,n,ei,,˨
眳,m,ɪ,ŋ,˩˨
眴,h,y:,n,˧
眵,tsʰ,i:,,˥
眶,h,ɔ:,ŋ,˥
眷,k,y:,n,˧
眸,m,ɐu,,˩˨
眹,ts,ɐ,m,˨
眺,tʰ,i:u,,˧
眻,,,,
眼,ŋ,a:,n,˩˧
眽,m,ɐ,k,˨
眾,ts,ʊ,ŋ,˧
眿,,,,
着,ts,œ:,k,˧
睁,ts,a:,ŋ,˥
睂,,,,
睃,,,,
睄,s,a:u,,˩˨
睅,h,ɔ:,n,˨
睆,w,u:,n,˧˥
睇,tʰ,ɐi,,˧˥
睈,,,,
睉,,,,
睊,k,y:,n,˥
睋,ŋ,ɔ:,,˩˨
睌,,,,
睍,j,i:,n,˩˧
睎,h,ei,,˥
睏,kʰw,ɐ,n,˧
睐,l,ɔ:i,,˨
睑,k,i:,m,˧˥
睒,s,i:,m,˧˥
睓,,,,
睔,kw,ɐ,n,˧
睕,j,y:,n,˧˥
睖,l,ɪ,ŋ,˨
睗,,,,
睘,,,,
睙,,,,
睚,ŋ,a:i,,˩˨
睛,ts,ɪ,ŋ,˥
睜,ts,a:,ŋ,˥
睝,,,,
睞,l,ɔ:i,,˨
睟,s,ɵy,,˨
睠,k,y:,n,˧
睡,s,ɵy,,˨
睢,s,ɵy,,˥
督,t,ʊ,k,˥
睤,pʰ,ɐi,,˩˧
睥,pʰ,ɐi,,˩˧
睦,m,ʊ,k,˨
睧,f,ɐ,n,˥
睨,ŋ,ɐi,,˨
睩,l,ʊ,k,˥
睪,j,ɪ,k,˨
睫,ts,i:,t,˨
睬,tsʰ,ɔ:i,,˧˥
睭,ts,ɐu,,˧˥
睮,j,y:,,˩˨
睯,m,ɐu,,˨
睰,,,,
睱,,,,
睲,,,,
睳,,,,
睴,,,,
睵,,,,
睶,,,,
睷,,,,
睸,m,ei,,˥
睹,t,ou,,˧˥
睺,h,ɐu,,˥
睻,,,,
睼,tʰ,ɐi,,˩˨
睽,kʰw,ɐi,,˩˨
睾,k,ou,,˥
睿,j,ɵy,,˨
瞀,m,ɐu,,˨
瞁,,,,
瞂,f,ɐ,t,˨
瞃,,,,
瞄,m,i:u,,˩˨
瞅,tsʰ,ɐu,,˧˥
瞆,kw,ɐi,,˧
瞇,m,ɐi,,˩˨
瞈,,,,
瞉,,,,
瞊,,,,
瞋,tsʰ,ɐ,n,˥
瞌,h,ɐ,p,˥
瞍,s,ɐu,,˧˥
瞎,h,ɐ,t,˨
瞏,kʰ,ɪ,ŋ,˩˨
瞐,,,,
瞑,m,ɪ,ŋ,˩˨
瞒,m,u:,n,˩˨
瞓,f,ɐ,n,˧
瞔,,,,
瞕,,,,
瞖,,,,
瞗,,,,
瞘,,,,
瞙,m,ɔ:,k,˨
瞚,s,ɵ,n,˧
瞛,,,,
瞜,l,ɐu,,˩˨
瞝,,,,
瞞,m,u:,n,˩˨
瞟,pʰ,i:u,,˩˧
瞠,tsʰ,a:,ŋ,˧
瞡,kʰw,ɐi,,˥
瞢,m,ʊ,ŋ,˩˨
瞣,,,,
瞤,,,,
瞥,pʰ,i:,t,˧
瞦,,,,
瞧,tsʰ,i:u,,˩˨
瞨,,,,
瞩,ts,ʊ,k,˥
瞪,tsʰ,ɪ,ŋ,˩˨
瞫,s,ɐ,m,˧˥
瞬,s,ɵ,n,˧
瞭,l,i:u,,˩˨
瞮,,,,
瞯,h,a:,n,˧˥
瞰,h,ɐ,m,˧
瞱,,,,
瞲,h,y:,t,˧
瞳,tʰ,ʊ,ŋ,˩˨
瞴,,,,
瞵,l,ɵ,n,˩˨
瞶,kw,ɐi,,˧
瞷,k,a:,n,˧
瞸,,,,
瞹,,ɔ:i,,˧˥
瞺,,,,
瞻,ts,i:,m,˥
瞼,k,i:,m,˧˥
瞽,k,u:,,˧˥
瞾,,,,
瞿,k,ɵy,,˧
矀,,,,
矁,,,,
矂,tsʰ,ou,,˧
矃,,,,
矄,,,,
矅,,,,
矆,,,,
矇,m,ʊ,ŋ,˩˨
矈,,,,
矉,pʰ,ɐ,n,˩˨
矊,m,i:,n,˩˨
矋,l,ɐi,,˨
矌,,,,
矍,f,ɔ:,k,˧
矎,h,ɪ,ŋ,˧
矏,,,,
矐,h,ɔ:,k,˨
矑,,,,
矒,,,,
矓,l,ʊ,ŋ,˩˨
矔,k,u:,n,˧
矕,m,a:,n,˩˧
矖,l,ɐi,,˨
矗,tsʰ,ʊ,k,˥
矘,tʰ,ɔ:,ŋ,˧˥
矙,h,ɐ,m,˧
矚,ts,ʊ,k,˥
矛,m,a:u,,˩˨
矜,k,ɪ,ŋ,˥
矝,,,,
矞,w,ɐ,t,˨
矟,,,,
矠,,,,
矡,,,,
矢,tsʰ,i:,,˧˥
矣,j,i:,,˩˧
矤,,,,
知,ts,i:,,˥
矦,,,,
矧,tsʰ,ɐ,n,˧˥
矨,,,,
矩,k,ɵy,,˧˥
矪,,,,
矫,k,i:u,,˧˥
矬,tsʰ,ɔ:,,˩˨
短,t,y:,n,˧˥
矮,,a:i,,˧˥
矯,k,i:u,,˧˥
矰,ts,ɐ,ŋ,˥
矱,w,ɔ:,k,˧
矲,,,,
石,s,ɛ:,k,˨
矴,t,ɛ:,ŋ,˧
矵,,,,
矶,k,ei,,˥
矷,,,,
矸,k,ɔ:,n,˥
矹,ŋ,ɐ,t,˨
矺,ts,a:,k,˧
矻,ŋ,ɐ,t,˨
矼,k,ɔ:,ŋ,˥
矽,ts,ɪ,k,˨
矾,f,a:,n,˩˨
矿,kw,ɔ:,ŋ,˧
砀,t,ɔ:,ŋ,˨
码,m,a:,,˩˧
砂,s,a:,,˥
砃,,,,
砄,,,,
砅,l,ɐi,,˨
砆,f,u:,,˥
砇,,,,
砈,,,,
砉,w,a:,k,˨
砊,,,,
砋,,,,
砌,tsʰ,ɐi,,˧
砍,h,ɐ,m,˧˥
砎,,,,
砏,f,ɐ,n,˥
砐,ŋ,ɐ,p,˨
砑,ŋ,a:,,˨
砒,pʰ,ei,,˥
砓,,,,
研,j,i:,n,˩˨
砕,,,,
砖,ts,y:,n,˥
砗,tsʰ,ɛ:,,˥
砘,,,,
砙,,,,
砚,j,i:,n,˨
砛,,,,
砜,,,,
砝,f,a:,t,˧
砞,,,,
砟,ts,a:,,˥
砠,ts,ɵy,,˥
砡,,,,
砢,l,ɔ:,,˧˥
砣,tʰ,ɔ:,,˩˨
砤,,,,
砥,t,ɐi,,˥
砦,ts,a:i,,˨
砧,ts,ɐ,m,˥
砨,,,,
砩,,,,
砪,m,ou,,˩˧
砫,tsʰ,y:,,˧˥
砬,l,a:,,˥
砭,p,i:,n,˥
砮,n,ou,,˩˧
砯,,,,
砰,pʰ,ɪ,ŋ,˥
砱,,,,
砲,p,a:u,,˧
砳,l,a:,k,˨
破,pʰ,ɔ:,,˧
砵,p,u:,t,˧
砶,,,,
砷,s,ɐ,n,˥
砸,ts,a:,p,˧
砹,,,,
砺,l,ɐi,,˨
砻,l,ʊ,ŋ,˩˨
砼,,,,
砽,,,,
砾,l,ɪ,k,˥
砿,,,,
础,tsʰ,ɔ:,,˧˥
硁,h,ɐ,ŋ,˥
硂,,,,
硃,ts,y:,,˥
硄,,,,
硅,kw,ɐi,,˥
硆,,,,
硇,,,,
硈,,,,
硉,l,ɵ,t,˨
硊,,,,
硋,,,,
硌,k,ɔ:,k,˧
硍,k,ɐ,n,˥
硎,j,ɪ,ŋ,˩˨
硏,,,,
硐,t,ʊ,ŋ,˨
硑,,,,
硒,s,ɐi,,˥
硓,,,,
硔,,,,
硕,s,ɛ:,k,˨
硖,k,i:,p,˧
硗,h,a:u,,˥
硘,,,,
硙,w,u:i,,˥
硚,k,i:u,,˧˥
硛,,,,
硜,h,ɐ,ŋ,˥
硝,s,i:u,,˥
硞,,,,
硟,s,i:,n,˧
硠,l,ɔ:,ŋ,˩˨
硡,,,,
硢,,,,
硣,,,,
硤,k,i:,p,˧
硥,,,,
硦,,,,
硧,,,,
硨,tsʰ,ɛ:,,˥
硩,tsʰ,i:,t,˧
硪,ŋ,ɔ:,,˩˨
硫,l,ɐu,,˩˨
硬,ŋ,a:,ŋ,˨
硭,m,ɔ:,ŋ,˩˨
确,kʰ,ɔ:,k,˧
硯,j,i:,n,˨
硰,,,,
硱,,,,
硲,,,,
硳,,,,
硴,,,,
硵,,,,
硶,,,,
硷,k,a:,n,˧˥
硸,,,,
硹,,,,
硺,,,,
硻,,,,
硼,pʰ,a:,ŋ,˩˨
硽,,,,
硾,ts,ɵy,,˨
硿,,,,
碀,,,,
碁,kʰ,ei,,˩˨
碂,,,,
碃,,,,
碄,,,,
碅,kʰw,ɐ,n,˥
碆,p,ɔ:,,˥
碇,t,ɪ,ŋ,˧
碈,,,,
碉,t,i:u,,˥
碊,,,,
碋,,,,
碌,l,ʊ,k,˥
碍,ŋ,ɔ:i,,˨
碎,s,ɵy,,˧
碏,tsʰ,œ:,k,˧
碐,,,,
碑,p,ei,,˥
碒,,,,
碓,t,ɵy,,˧
碔,m,ou,,˩˧
碕,kʰ,ei,,˩˨
碖,,,,
碗,w,u:,n,˧˥
碘,t,i:,n,˧˥
碙,k,ɔ:,ŋ,˥
碚,pʰ,u:i,,˩˧
碛,ts,a:,k,˧
碜,tsʰ,ɐ,m,˧˥
碝,,,,
碞,ŋ,a:,m,˩˨
碟,t,i:,p,˨
碠,,,,
碡,t,ʊ,k,˨
碢,,,,
碣,kʰ,i:,t,˧
碤,,,,
碥,p,i:,n,˧˥
碦,,,,
碧,p,ɪ,k,˥
碨,w,ɐi,,˧
碩,s,ɛ:,k,˨
碪,tsʰ,a:,,˩˨
碫,t,y:,n,˧
碬,,,,
碭,t,ɔ:,ŋ,˨
碮,,,,
碯,n,ou,,˩˧
碰,pʰ,ʊ,ŋ,˧
碱,k,a:,n,˧˥
碲,t,ɐi,,˧
碳,tʰ,a:,n,˧
碴,tsʰ,a:,,˩˨
碵,,,,
碶,,,,
碷,,,,
碸,,,,
碹,s,y:,n,˩˨
確,kʰ,ɔ:,k,˧
碻,kʰ,ɔ:,k,˧
碼,m,a:,,˩˧
碽,,,,
碾,n,i:,n,˩˧
碿,,,,
磀,,,,
磁,tsʰ,i:,,˩˨
磂,,,,
磃,,,,
磄,,,,
磅,p,ɔ:,ŋ,˩˨
磆,,,,
磇,pʰ,ɐi,,˥
磈,f,a:i,,˧
磉,s,ɔ:,ŋ,˧˥
磊,l,ɵy,,˩˧
磋,tsʰ,ɔ:,,˥
磌,tʰ,i:,n,˩˨
磍,,,,
磎,kʰ,ɐi,,˥
磏,l,i:,m,˩˨
磐,pʰ,u:,n,˩˨
磑,h,ɔ:i,,˧˥
磒,w,ɐ,n,˨
磓,,,,
磔,ts,a:,k,˨
磕,h,ɐ,p,˨
磖,,,,
磗,,,,
磘,,,,
磙,,,,
磚,ts,y:,n,˥
磛,tsʰ,a:,m,˩˨
磜,,,,
磝,ŋ,ou,,˩˨
磞,pʰ,a:,ŋ,˥
磟,l,ʊ,k,˥
磠,l,ou,,˩˧
磡,h,ɐ,m,˧
磢,tsʰ,œ:,ŋ,˧˥
磣,tsʰ,ɐ,m,˧˥
磤,,,,
磥,l,ɵy,,˩˧
磦,,,,
磧,ts,a:,k,˧
磨,m,ɔ:,,˩˨
磩,tsʰ,ɪ,k,˥
磪,tsʰ,ɵy,,˥
磫,,,,
磬,h,ɪ,ŋ,˧
磭,,,,
磮,,,,
磯,k,ei,,˥
磰,,,,
磱,,,,
磲,kʰ,ɵy,,˩˨
磳,ts,ɐ,ŋ,˥
磴,t,ɐ,ŋ,˧
磵,,,,
磶,,,,
磷,l,ɵ,n,˩˨
磸,,,,
磹,tʰ,a:,m,˧˥
磺,w,ɔ:,ŋ,˩˨
磻,pʰ,u:,n,˩˨
磼,,,,
磽,h,a:u,,˥
磾,t,ɐi,,˥
磿,l,ɪ,k,˨
礀,,,,
礁,ts,i:u,,˥
礂,,,,
礃,,,,
礄,kʰ,i:u,,˩˨
礅,t,ɐ,n,˥
礆,,,,
礇,,,,
礈,,,,
礉,h,ɐ,t,˨
礊,,,,
礋,,,,
礌,l,ɵy,,˨
礍,,,,
礎,tsʰ,ɔ:,,˧˥
礏,,,,
礐,kʰ,ɔ:,k,˧
礑,,,,
礒,ŋ,ɐi,,˩˧
礓,k,œ:,ŋ,˥
礔,,,,
礕,,,,
礖,,,,
礗,,,,
礘,,,,
礙,ŋ,ɔ:i,,˨
礚,,,,
礛,l,a:,m,˩˨
礜,j,y:,,˩˧
礝,j,y:,n,˩˧
礞,m,ʊ,ŋ,˩˨
礟,pʰ,a:u,,˧
礠,,,,
礡,p,ɔ:,k,˧
礢,,,,
礣,,,,
礤,tsʰ,a:,t,˧
礥,,,,
礦,kw,ɔ:,ŋ,˧
礧,l,ɵy,,˩˧
礨,l,ɵy,,˩˧
礩,ts,ɐ,t,˥
礪,l,ɐi,,˨
礫,l,ɪ,k,˥
礬,f,a:,n,˩˨
礭,,,,
礮,pʰ,a:u,,˧
礯,,,,
礰,,,,
礱,l,ʊ,ŋ,˩˨
礲,,,,
礳,,,,
礴,p,ɔ:,k,˧
礵,s,œ:,ŋ,˥
礶,k,u:,n,˧
礷,,,,
礸,,,,
礹,,,,
示,s,i:,,˨
礻,,,,
礼,l,ɐi,,˩˧
礽,j,ɪ,ŋ,˩˨
社,s,ɛ:,,˩˧
礿,j,œ:,k,˨
祀,ts,i:,,˨
祁,kʰ,ei,,˩˨
祂,tʰ,a:,,˥
祃,m,a:,,˨
祄,,,,
祅,h,i:,n,˥
祆,j,i:u,,˥
祇,kʰ,ei,,˩˨
祈,kʰ,ei,,˩˨
祉,ts,i:,,˧˥
祊,p,ɐ,ŋ,˥
祋,t,ɵy,,˧
祌,,,,
祍,,,,
祎,j,i:,,˥
祏,s,ɛ:,k,˨
祐,j,ɐu,,˨
祑,,,,
祒,,,,
祓,f,ɐ,t,˥
祔,f,u:,,˨
祕,p,ei,,˧
祖,ts,ou,,˧˥
祗,ts,i:,,˥
祘,,,,
祙,,,,
祚,ts,ou,,˨
祛,kʰ,ɵy,,˥
祜,w,u:,,˧˥
祝,ts,ʊ,k,˥
神,s,ɐ,n,˩˨
祟,s,ɵy,,˨
祠,tsʰ,i:,,˩˨
祡,,,,
祢,n,ei,,˩˨
祣,,,,
祤,,,,
祥,tsʰ,œ:,ŋ,˩˨
祦,,,,
祧,tʰ,i:u,,˥
票,p,i:u,,˥
祩,ts,y:,,˥
祪,,,,
祫,h,a:,p,˨
祬,,,,
祭,ts,ɐi,,˧
祮,,,,
祯,ts,ɪ,ŋ,˥
祰,,,,
祱,,,,
祲,ts,ɐ,m,˥
祳,s,ɐ,n,˩˨
祴,k,ɔ:i,,˥
祵,,,,
祶,,,,
祷,t,ou,,˧˥
祸,w,ɔ:,,˩˧
祹,,,,
祺,kʰ,ei,,˩˨
祻,,,,
祼,k,u:,n,˧
祽,,,,
祾,,,,
祿,l,ʊ,k,˨
禀,p,ɐ,n,˧˥
禁,kʰ,ɐ,m,˥
禂,t,ou,,˧˥
禃,,,,
禄,l,ʊ,k,˨
禅,s,i:,m,˧
禆,,,,
禇,,,,
禈,,,,
禉,,,,
禊,h,ɐi,,˨
禋,j,ɐ,n,˥
禌,,,,
禍,w,ɔ:,,˩˧
禎,ts,ɪ,ŋ,˥
福,f,ʊ,k,˥
禐,,,,
禑,,,,
禒,,,,
禓,j,œ:,ŋ,˩˨
禔,tʰ,ɐi,,˩˨
禕,j,i:,,˥
禖,m,u:i,,˩˨
禗,s,i:,,˥
禘,t,ɐi,,˧
禙,,,,
禚,ts,œ:,k,˧
禛,ts,ɐ,n,˥
禜,w,ɪ,ŋ,˨
禝,,,,
禞,,,,
禟,,,,
禠,s,i:,,˥
禡,m,a:,,˨
禢,h,y:,n,˥
禣,,,,
禤,h,y:,n,˥
禥,,,,
禦,j,y:,,˨
禧,h,ei,,˥
禨,k,ei,,˥
禩,,,,
禪,s,i:,m,˧
禫,t,a:,m,˨
禬,f,u:i,,˧˥
禭,,,,
禮,l,ɐi,,˩˧
禯,,,,
禰,n,ei,,˩˨
禱,t,ou,,˧˥
禲,,,,
禳,j,œ:,ŋ,˩˨
禴,j,œ:,k,˨
禵,,,,
禶,,,,
禷,l,ɵy,,˨
禸,j,ɐu,,˧˥
禹,j,y:,,˩˧
禺,j,y:,,˩˨
离,l,ei,,˩˨
禼,,,,
禽,kʰ,ɐ,m,˩˨
禾,w,ɔ:,,˩˨
禿,tʰ,ʊ,k,˥
秀,s,ɐu,,˧
私,s,i:,,˥
秂,,,,
秃,tʰ,ʊ,k,˥
秄,ts,i:,,˧˥
秅,tsʰ,a:,,˧
秆,k,ɔ:,n,˧˥
秇,,,,
秈,s,i:,n,˥
秉,p,ɪ,ŋ,˧˥
秊,,,,
秋,tsʰ,ɐu,,˥
秌,tsʰ,ɐu,,˥
种,ts,ʊ,ŋ,˧˥
秎,,,,
秏,h,ou,,˧
秐,w,ɐ,n,˩˨
科,f,ɔ:,,˥
秒,m,i:u,,˩˧
秓,,,,
秔,k,ɐ,ŋ,˥
秕,p,ei,,˧˥
秖,ts,i:,,˥
秗,,,,
秘,p,ei,,˧
秙,,,,
秚,,,,
秛,,,,
秜,,,,
秝,l,ɐ,ŋ,˧
秞,,,,
租,ts,ou,,˥
秠,pʰ,ei,,˥
秡,,,,
秢,,,,
秣,m,u:,t,˧
秤,tsʰ,ɪ,ŋ,˧
秥,ts,i:,m,˥
秦,tsʰ,ɵ,n,˩˨
秧,j,œ:,ŋ,˥
秨,,,,
秩,t,i:,t,˨
秪,,,,
秫,s,ɵ,t,˨
秬,k,ɵy,,˨
秭,ts,i:,,˧˥
秮,,,,
积,ts,ɪ,k,˥
称,tsʰ,ɐ,n,˧
秱,,,,
秲,,,,
秳,,,,
秴,,,,
秵,,,,
秶,,,,
秷,ts,ɐ,t,˥
秸,k,a:i,,˥
秹,,,,
秺,t,ou,,˨
移,j,i:,,˩˨
秼,,,,
秽,w,ɐi,,˧
秾,n,ʊ,ŋ,˩˨
秿,,,,
稀,h,ei,,˥
稁,,,,
稂,l,ɔ:,ŋ,˩˨
稃,f,ɐu,,˩˨
稄,,,,
稅,s,ɵy,,˧
稆,l,ɵy,,˩˧
稇,kʰw,ɐ,n,˧˥
稈,k,ɔ:,n,˧˥
稉,k,ɐ,ŋ,˥
稊,tʰ,ɐi,,˩˨
程,tsʰ,ɪ,ŋ,˩˨
稌,t,ou,,˨
稍,s,a:u,,˧˥
税,s,ɵy,,˧
稏,,,,
稐,,,,
稑,l,ɪ,ŋ,˩˨
稒,k,u:,,˧
稓,,,,
稔,n,ɐ,m,˩˧
稕,,,,
稖,,,,
稗,p,a:i,,˨
稘,k,ei,,˥
稙,ts,ɪ,k,˨
稚,ts,i:,,˨
稛,kʰw,ɐ,n,˧˥
稜,l,ɪ,ŋ,˩˨
稝,,,,
稞,f,ɔ:,,˥
稟,p,ɐ,n,˧˥
稠,tsʰ,ɐu,,˩˨
稡,,,,
稢,,,,
稣,s,ou,,˥
稤,,,,
稥,,,,
稦,,,,
稧,,,,
稨,p,i:,n,˧˥
稩,,,,
稪,,,,
稫,,,,
稬,n,ɔ:,,˨
稭,,,,
種,ts,ʊ,ŋ,˧˥
稯,ts,ʊ,ŋ,˥
稰,s,ɵy,,˥
稱,tsʰ,ɐ,n,˧
稲,,,,
稳,w,ɐ,n,˧˥
稴,,,,
稵,,,,
稶,,,,
稷,ts,ɪ,k,˥
稸,,,,
稹,ts,ɐ,n,˧˥
稺,ts,i:,,˨
稻,t,ou,,˨
稼,k,a:,,˧
稽,kʰ,ɐi,,˥
稾,k,ou,,˧˥
稿,k,ou,,˧˥
穀,k,ʊ,k,˥
穁,,,,
穂,,,,
穃,,,,
穄,ts,ɐi,,˧
穅,h,ɔ:,ŋ,˥
穆,m,ʊ,k,˨
穇,s,a:,m,˥
穈,m,u:,n,˩˨
穉,,,,
穊,k,ei,,˧
穋,l,ʊ,k,˨
穌,s,ou,,˥
積,ts,ɪ,k,˥
穎,w,ɪ,ŋ,˨
穏,,,,
穐,,,,
穑,s,ɪ,k,˥
穒,,,,
穓,,,,
穔,,,,
穕,,,,
穖,,,,
穗,s,ɵy,,˨
穘,,,,
穙,,,,
穚,,,,
穛,ts,œ:,k,˧
穜,tʰ,ʊ,ŋ,˩˨
穝,,,,
穞,,,,
穟,s,ɵy,,˨
穠,n,ʊ,ŋ,˩˨
穡,s,ɪ,k,˥
穢,w,ɐi,,˧
穣,,,,
穤,,,,
穥,,,,
穦,,,,
穧,ts,ɐi,,˧
穨,tʰ,ɵy,,˩˨
穩,w,ɐ,n,˧˥
穪,,,,
穫,w,ɔ:,k,˨
穬,kw,ɔ:,ŋ,˧˥
穭,l,ɵy,,˩˧
穮,p,i:u,,˥
穯,,,,
穰,j,œ:,ŋ,˩˨
穱,,,,
穲,,,,
穳,,,,
穴,j,y:,t,˨
穵,w,a:,t,˧
究,k,ɐu,,˧
穷,kʰ,ʊ,ŋ,˩˨
穸,ts,ɪ,k,˨
穹,h,ʊ,ŋ,˥
空,h,ʊ,ŋ,˥
穻,,,,
穼,,,,
穽,ts,ɪ,ŋ,˨
穾,j,i:u,,˧˥
穿,tsʰ,y:,n,˥
窀,ts,ɵ,n,˥
突,t,ɐ,t,˨
窂,,,,
窃,s,i:,t,˧
窄,ts,a:,k,˧
窅,j,i:u,,˧˥
窆,p,i:,n,˧˥
窇,,,,
窈,j,i:u,,˧˥
窉,p,ɛ:,ŋ,˧
窊,w,a:,,˥
窋,ts,y:,t,˧
窌,k,a:u,,˧
窍,h,i:u,,˧
窎,t,i:u,,˧
窏,,,,
窐,w,a:,,˥
窑,j,i:u,,˩˨
窒,ts,ɐ,t,˨
窓,tsʰ,œ:,ŋ,˥
窔,j,i:u,,˧˥
窕,t,i:u,,˨
窖,k,a:u,,˧
窗,tsʰ,œ:,ŋ,˥
窘,kʰw,ɐ,n,˧
窙,,,,
窚,,,,
窛,,,,
窜,tsʰ,y:,n,˧
窝,w,ɔ:,,˥
窞,t,a:,m,˨
窟,f,ɐ,t,˥
窠,f,ɔ:,,˥
窡,,,,
窢,w,ɪ,k,˥
窣,s,ɵ,t,˥
窤,,,,
窥,kʰw,ɐi,,˥
窦,t,ɐu,,˧
窧,,,,
窨,f,ɐ,n,˥
窩,w,ɔ:,,˥
窪,w,a:,,˥
窫,j,a:,k,˧
窬,j,y:,,˩˨
窭,k,ɵy,,˨
窮,kʰ,ʊ,ŋ,˩˨
窯,j,i:u,,˩˨
窰,j,i:u,,˩˨
窱,tʰ,i:u,,˩˧
窲,,,,
窳,j,y:,,˩˧
窴,ts,i:,,˧
窵,t,i:u,,˧
窶,k,ɵy,,˨
窷,,,,
窸,s,ɪ,k,˥
窹,,,,
窺,kʰw,ɐi,,˥
窻,tsʰ,œ:,ŋ,˥
窼,,,,
窽,f,u:,n,˧˥
窾,f,ɔ:,,˥
窿,l,ʊ,ŋ,˥
竀,tsʰ,ɐ,ŋ,˥
竁,tsʰ,ɵy,,˧
竂,,,,
竃,,,,
竄,tsʰ,y:,n,˧
竅,h,i:u,,˧
竆,kʰ,ʊ,ŋ,˩˨
竇,t,ɐu,,˧
竈,ts,ou,,˧
竉,l,ʊ,ŋ,˥
竊,s,i:,t,˧
立,l,a:,p,˨
竌,,,,
竍,,,,
竎,,,,
竏,,,,
竐,,,,
竑,w,ɐ,ŋ,˩˨
竒,kʰ,ei,,˩˨
竓,,,,
竔,,,,
竕,,,,
竖,s,y:,,˨
竗,,,,
竘,kʰ,ɵy,,˩˨
站,ts,a:,m,˨
竚,tsʰ,y:,,˩˧
竛,,,,
竜,l,ʊ,ŋ,˩˨
竝,p,ɪ,ŋ,˨
竞,k,ɪ,ŋ,˧
竟,k,ɪ,ŋ,˧˥
章,ts,œ:,ŋ,˥
竡,,,,
竢,ts,i:,,˨
竣,ts,ɵ,n,˧
竤,,,,
童,tʰ,ʊ,ŋ,˩˨
竦,s,ʊ,ŋ,˧˥
竧,,,,
竨,,,,
竩,,,,
竪,s,y:,,˨
竫,ts,ɪ,ŋ,˨
竬,,,,
竭,k,i:,t,˧
竮,pʰ,ɪ,ŋ,˩˨
端,t,y:,n,˥
竰,,,,
竱,,,,
竲,,,,
竳,,,,
竴,,,,
竵,,,,
競,k,ɪ,ŋ,˧
竷,,,,
竸,,,,
竹,ts,ʊ,k,˥
竺,ts,ʊ,k,˥
竻,l,ɐ,k,˥
竼,,,,
竽,j,y:,,˥
竾,,,,
竿,k,ɔ:,n,˥
笀,,,,
笁,,,,
笂,,,,
笃,t,ʊ,k,˥
笄,k,ɐi,,˥
笅,,,,
笆,p,a:,,˥
笇,,,,
笈,kʰ,ɐ,p,˥
笉,,,,
笊,ts,a:u,,˧
笋,s,ɵ,n,˧˥
笌,,,,
笍,,,,
笎,,,,
笏,f,ɐ,t,˥
笐,h,ɔ:,ŋ,˩˨
笑,s,i:u,,˧
笒,,,,
笓,p,ei,,˨
笔,p,ɐ,t,˥
笕,k,a:,n,˧˥
笖,,,,
笗,,,,
笘,s,i:,m,˥
笙,s,a:,ŋ,˥
笚,,,,
笛,t,ɛ:,k,˨
笜,,,,
笝,,,,
笞,tsʰ,i:,,˥
笟,,,,
笠,l,ɐ,p,˥
笡,,,,
笢,m,ɐ,n,˩˨
笣,,,,
笤,tʰ,i:u,,˩˨
笥,ts,i:,,˨
符,f,u:,,˩˨
笧,,,,
笨,p,ɐ,n,˨
笩,,,,
笪,t,a:,t,˧
笫,t,ɐi,,˨
第,t,ɐi,,˨
笭,l,ɪ,ŋ,˩˨
笮,ts,a:,k,˧
笯,n,ou,,˩˨
笰,f,ɐ,t,˥
笱,k,ɐu,,˧˥
笲,f,a:,n,˩˨
笳,k,a:,,˥
笴,k,ɔ:,,˧˥
笵,f,a:,n,˨
笶,,,,
笷,,,,
笸,pʰ,ɔ:,,˧˥
笹,,,,
笺,ts,i:,n,˥
笻,kʰ,ʊ,ŋ,˥
笼,l,ʊ,ŋ,˩˨
笽,,,,
笾,p,i:,n,˥
笿,,,,
筀,k,ɐi,,˧
筁,,,,
筂,,,,
筃,,,,
筄,j,i:u,,˨
筅,s,i:,n,˧˥
筆,p,ɐ,t,˥
筇,kʰ,ʊ,ŋ,˩˨
筈,kʰ,u:,t,˧
等,t,ɐ,ŋ,˧˥
筊,k,a:u,,˧˥
筋,k,ɐ,n,˥
筌,tsʰ,y:,n,˩˨
筍,s,ɵ,n,˧˥
筎,,,,
筏,f,ɐ,t,˨
筐,h,ɔ:,ŋ,˥
筑,ts,ʊ,k,˥
筒,tʰ,ʊ,ŋ,˧˥
筓,,,,
答,t,a:,p,˧
筕,,,,
策,tsʰ,a:,k,˧
筗,,,,
筘,kʰ,ɐu,,˧
筙,,,,
筚,p,ɐ,t,˥
筛,s,ɐi,,˥
筜,t,ɔ:,ŋ,˥
筝,ts,a:,ŋ,˥
筞,,,,
筟,,,,
筠,kw,ɐ,n,˥
筡,,,,
筢,pʰ,a:,,˩˨
筣,l,ei,,˩˨
筤,l,ɔ:,ŋ,˩˨
筥,k,ɵy,,˧˥
筦,k,u:,n,˧˥
筧,k,a:,n,˧˥
筨,,,,
筩,tʰ,ʊ,ŋ,˧˥
筪,,,,
筫,,,,
筬,,,,
筭,s,y:,n,˧
筮,s,ɐi,,˨
筯,ts,y:,,˨
筰,ts,ɔ:,k,˨
筱,s,i:u,,˧˥
筲,s,a:u,,˥
筳,j,i:,n,˩˨
筴,tsʰ,a:,k,˧
筵,j,i:,n,˩˨
筶,,,,
筷,f,a:i,,˧
筸,k,ɔ:,n,˧˥
筹,tsʰ,ɐu,,˧˥
筺,,,,
筻,,,,
筼,w,ɐ,n,˩˨
筽,,,,
签,tsʰ,i:,m,˥
筿,,,,
简,k,a:,n,˧˥
箁,,,,
箂,,,,
箃,,,,
箄,p,ei,,˨
箅,p,ɐi,,˧
箆,,,,
箇,k,ɔ:,,˧
箈,tsʰ,i:,,˩˨
箉,,,,
箊,,,,
箋,ts,i:,n,˥
箌,,,,
箍,f,u:,,˥
箎,tsʰ,i:,,˩˨
箏,ts,a:,ŋ,˥
箐,ts,ɪ,ŋ,˥
箑,s,a:,p,˧
箒,ts,ɐu,,˧˥
箓,l,ʊ,k,˨
箔,p,ɔ:,k,˨
箕,k,ei,,˥
箖,l,a:,m,˩˨
算,s,y:,n,˧
箘,kʰw,ɐ,n,˥
箙,f,ʊ,k,˨
箚,,,,
箛,k,u:,,˥
箜,h,ʊ,ŋ,˥
箝,kʰ,i:,m,˩˨
箞,,,,
箟,,,,
箠,tsʰ,ɵy,,˩˨
管,k,u:,n,˧˥
箢,,,,
箣,,,,
箤,,,,
箥,,,,
箦,ts,a:,k,˧
箧,h,a:,p,˨
箨,tʰ,ɔ:,k,˧
箩,l,ɔ:,,˩˨
箪,t,a:,n,˥
箫,s,i:u,,˥
箬,j,œ:,k,˨
箭,ts,i:,n,˧
箮,,,,
箯,p,i:,n,˥
箰,,,,
箱,s,œ:,ŋ,˥
箲,,,,
箳,,,,
箴,ts,ɐ,m,˥
箵,s,ɪ,ŋ,˧˥
箶,,,,
箷,j,i:,,˩˨
箸,ts,y:,,˧
箹,,,,
箺,,,,
箻,,,,
箼,,,,
箽,,,,
箾,s,i:u,,˨
箿,,,,
節,ts,i:,t,˧
篁,w,ɔ:,ŋ,˩˨
篂,,,,
篃,,,,
範,f,a:,n,˨
篅,,,,
篆,s,y:,n,˨
篇,pʰ,i:,n,˥
篈,,,,
築,ts,ʊ,k,˥
篊,h,ʊ,ŋ,˩˨
篋,h,a:,p,˨
篌,h,ɐu,,˩˨
篍,,,,
篎,,,,
篏,,,,
篐,,,,
篑,kw,ɐi,,˨
篒,,,,
篓,l,ɐu,,˩˧
篔,w,ɐ,n,˩˨
篕,,,,
篖,,,,
篗,,,,
篘,tsʰ,ɐu,,˥
篙,k,ou,,˥
篚,f,ei,,˧˥
篛,j,œ:,k,˨
篜,,,,
篝,k,ɐu,,˥
篞,,,,
篟,,,,
篠,s,i:u,,˧˥
篡,s,a:,n,˧
篢,l,ʊ,ŋ,˩˧
篣,pʰ,ɔ:,ŋ,˩˨
篤,t,ʊ,k,˥
篥,l,ɵ,t,˨
篦,p,ei,,˥
篧,,,,
篨,tsʰ,ɵy,,˩˨
篩,s,ɐi,,˥
篪,tsʰ,i:,,˩˨
篫,,,,
篬,,,,
篭,,,,
篮,l,a:,m,˩˨
篯,,,,
篰,p,ou,,˨
篱,l,ei,,˩˨
篲,s,ɵy,,˨
篳,p,ɐ,t,˥
篴,t,ɛ:,k,˨
篵,,,,
篶,,,,
篷,pʰ,ʊ,ŋ,˩˨
篸,tsʰ,a:,m,˧˥
篹,s,y:,n,˧˥
篺,pʰ,a:i,,˩˨
篻,pʰ,i:u,,˧
篼,t,ɐu,,˥
篽,,,,
篾,m,i:,t,˨
篿,tʰ,y:,n,˩˨
簀,ts,a:,k,˧
簁,s,i:,,˥
簂,kw,ɔ:,k,˧
簃,j,i:,,˩˨
簄,,,,
簅,,,,
簆,kʰ,ɐu,,˩˨
簇,tsʰ,ʊ,k,˥
簈,,,,
簉,ts,ou,,˨
簊,,,,
簋,kw,ɐi,,˧˥
簌,tsʰ,ʊ,k,˥
簍,l,ɐu,,˩˧
簎,tsʰ,a:,k,˧
簏,l,ʊ,k,˥
簐,,,,
簑,s,ɔ:,,˥
簒,,,,
簓,,,,
簔,,,,
簕,l,ɐ,k,˨
簖,t,y:,n,˨
簗,,,,
簘,,,,
簙,p,ɔ:,k,˧
簚,,,,
簛,,,,
簜,t,ɔ:,ŋ,˥
簝,l,i:u,,˩˨
簞,t,a:,n,˥
簟,tʰ,i:,m,˩˧
簠,f,u:,,˧˥
簡,k,a:,n,˧˥
簢,,,,
簣,kw,ɐi,,˨
簤,,,,
簥,,,,
簦,t,ɐ,ŋ,˥
簧,w,ɔ:,ŋ,˩˨
簨,s,ɵ,n,˧˥
簩,l,ou,,˩˨
簪,ts,a:,m,˥
簫,s,i:u,,˥
簬,l,ou,,˨
簭,s,ɐi,,˨
簮,,,,
簯,,,,
簰,pʰ,a:i,,˩˨
簱,,,,
簲,,,,
簳,k,ɔ:,n,˧
簴,,,,
簵,,,,
簶,,,,
簷,j,ɐ,m,˩˨
簸,p,ɔ:,,˧˥
簹,t,ɔ:,ŋ,˥
簺,,,,
簻,kw,ɔ:,,˥
簼,k,ɐu,,˥
簽,tsʰ,i:,m,˥
簾,l,i:,m,˩˨
簿,p,ou,,˨
籀,ts,ɐu,,˨
籁,l,a:i,,˨
籂,,,,
籃,l,a:,m,˩˨
籄,kw,ɐi,,˨
籅,,,,
籆,,,,
籇,,,,
籈,ts,ɐ,n,˥
籉,tʰ,ɔ:i,,˩˨
籊,t,ɪ,k,˨
籋,,,,
籌,tsʰ,ɐu,,˧˥
籍,ts,ɪ,k,˨
籎,,,,
籏,,,,
籐,tʰ,ɐ,ŋ,˩˨
籑,,,,
籒,,,,
籓,p,u:,n,˥
籔,s,ɐu,,˧˥
籕,,,,
籖,,,,
籗,,,,
籘,,,,
籙,l,ʊ,k,˨
籚,l,ou,,˩˨
籛,ts,i:,n,˥
籜,tʰ,ɔ:,k,˧
籝,,,,
籞,,,,
籟,l,a:i,,˨
籠,l,ʊ,ŋ,˩˨
籡,,,,
籢,,,,
籣,l,a:,n,˩˨
籤,tsʰ,i:,m,˥
籥,j,œ:,k,˨
籦,,,,
籧,kʰ,ɵy,,˩˨
籨,,,,
籩,p,i:,n,˥
籪,t,y:,n,˨
籫,,,,
籬,l,ei,,˩˨
籭,,,,
籮,l,ɔ:,,˩˨
籯,j,ɪ,ŋ,˩˨
籰,,,,
籱,,,,
籲,j,œ:,k,˨
米,m,ɐi,,˩˧
籴,t,ɛ:,k,˨
籵,,,,
籶,,,,
籷,,,,
籸,s,a:,m,˧˥
籹,j,y:,,˩˧
籺,h,ɐ,t,˨
类,l,ɵy,,˨
籼,s,i:,n,˥
籽,ts,i:,,˧˥
籾,,,,
籿,,,,
粀,,,,
粁,,,,
粂,,,,
粃,pʰ,ei,,˩˨
粄,,,,
粅,,,,
粆,,,,
粇,,,,
粈,,,,
粉,f,ɐ,n,˧˥
粊,,,,
粋,,,,
粌,,,,
粍,,,,
粎,,,,
粏,,,,
粐,,,,
粑,p,a:,,˥
粒,n,ɐ,p,˥
粓,,,,
粔,k,ɵy,,˨
粕,pʰ,ɔ:,k,˧
粖,,,,
粗,tsʰ,ou,,˥
粘,n,i:,m,˥
粙,,,,
粚,,,,
粛,,,,
粜,tʰ,i:u,,˧
粝,l,ɐi,,˨
粞,s,ɐi,,˥
粟,s,ʊ,k,˥
粠,,,,
粡,,,,
粢,ts,i:,,˥
粣,s,a:,n,˧˥
粤,j,y:,t,˨
粥,ts,ʊ,k,˥
粦,l,ɵ,n,˩˨
粧,ts,ɔ:,ŋ,˥
粨,,,,
粩,,,,
粪,f,ɐ,n,˧
粫,,,,
粬,,,,
粭,,,,
粮,l,œ:,ŋ,˩˨
粯,,,,
粰,,,,
粱,l,œ:,ŋ,˩˨
粲,tsʰ,a:,n,˧
粳,k,ɐ,ŋ,˥
粴,,,,
粵,j,y:,t,˨
粶,,,,
粷,,,,
粸,,,,
粹,s,ɵy,,˨
粺,p,a:i,,˨
粻,ts,œ:,ŋ,˥
粼,l,ɵ,n,˩˨
粽,ts,ʊ,ŋ,˧˥
精,ts,ɛ:,ŋ,˥
粿,kw,ɔ:,,˧˥
糀,,,,
糁,s,a:,m,˧˥
糂,,,,
糃,,,,
糄,,,,
糅,j,ɐu,,˧˥
糆,,,,
糇,h,ɐu,,˩˨
糈,s,ɵy,,˧˥
糉,ts,ʊ,ŋ,˧˥
糊,w,u:,,˩˨
糋,,,,
糌,ts,a:,,˥
糍,tsʰ,i:,,˩˨
糎,,,,
糏,,,,
糐,,,,
糑,,,,
糒,p,ei,,˨
糓,k,ʊ,k,˥
糔,s,ɐu,,˥
糕,k,ou,,˥
糖,tʰ,ɔ:,ŋ,˧˥
糗,tsʰ,ɐu,,˧
糘,,,,
糙,tsʰ,ou,,˧
糚,,,,
糛,,,,
糜,m,ei,,˩˨
糝,s,a:,m,˧˥
糞,f,ɐ,n,˧
糟,ts,ou,,˥
糠,h,ɔ:,ŋ,˥
糡,,,,
糢,m,ou,,˩˨
糣,,,,
糤,s,a:,n,˧˥
糥,,,,
糦,,,,
糧,l,œ:,ŋ,˩˨
糨,k,œ:,ŋ,˨
糩,,,,
糪,p,a:,k,˧
糫,,,,
糬,,,,
糭,,,,
糮,,,,
糯,n,ɔ:,,˨
糰,tʰ,y:,n,˩˨
糱,j,i:,t,˨
糲,l,ɐi,,˨
糳,,,,
糴,t,ɛ:,k,˨
糵,,,,
糶,tʰ,i:u,,˧
糷,l,a:,n,˩˨
糸,m,ɪ,k,˨
糹,s,i:,,˥
糺,k,ɐu,,˧˥
系,h,ɐi,,˨
糼,,,,
糽,,,,
糾,t,ɐu,,˧˥
糿,,,,
紀,k,ei,,˧˥
紁,,,,
紂,ts,ɐu,,˨
紃,tsʰ,ɵ,n,˩˨
約,j,œ:,k,˧
紅,h,ʊ,ŋ,˩˨
紆,j,y:,,˥
紇,k,ɐ,t,˥
紈,j,y:,n,˩˨
紉,j,ɐ,n,˨
紊,l,ɵ,n,˨
紋,m,ɐ,n,˩˨
紌,,,,
納,n,a:,p,˨
紎,,,,
紏,,,,
紐,n,ɐu,,˧˥
紑,f,ɐu,,˩˨
紒,k,ɐi,,˧
紓,s,y:,,˥
純,s,ɵ,n,˩˨
紕,pʰ,ei,,˥
紖,tsʰ,ɐ,n,˩˧
紗,s,a:,,˥
紘,w,ɐ,ŋ,˩˨
紙,ts,i:,,˧˥
級,kʰ,ɐ,p,˥
紛,f,ɐ,n,˥
紜,w,ɐ,n,˩˨
紝,j,ɐ,m,˩˨
紞,t,a:,m,˥
紟,k,ɐ,m,˥
素,s,ou,,˧
紡,f,ɔ:,ŋ,˧˥
索,s,a:,k,˧
紣,,,,
紤,,,,
紥,ts,a:,t,˧
紦,,,,
紧,k,ɐ,n,˧˥
紨,,,,
紩,t,i:,t,˨
紪,,,,
紫,ts,i:,,˧˥
紬,tsʰ,ɐu,,˥
紭,,,,
紮,ts,a:,t,˧
累,l,ɵy,,˩˨
細,s,ɐi,,˧
紱,f,ɐ,t,˥
紲,s,i:,t,˧
紳,s,ɐ,n,˥
紴,,,,
紵,tsʰ,y:,,˩˧
紶,,,,
紷,,,,
紸,ts,y:,,˧
紹,s,i:u,,˨
紺,k,ɐ,m,˧
紻,,,,
紼,f,ɐ,t,˥
紽,tʰ,ɔ:,,˩˨
紾,tsʰ,ɐ,n,˧˥
紿,t,ɔ:i,,˨
絀,tsʰ,ɵ,t,˥
絁,s,i:,,˥
終,ts,ʊ,ŋ,˥
絃,j,i:,n,˩˨
組,ts,ou,,˧˥
絅,kw,ɪ,ŋ,˧˥
絆,p,u:,n,˨
絇,kʰ,ɵy,,˩˨
絈,,,,
絉,,,,
絊,,,,
絋,,,,
経,,,,
絍,,,,
絎,h,ɐ,n,˨
絏,s,i:,t,˧
結,k,i:,t,˧
絑,,,,
絒,,,,
絓,kw,a:,,˧
絔,,,,
絕,ts,y:,t,˧
絖,f,ɔ:,ŋ,˧
絗,,,,
絘,tsʰ,i:,,˧
絙,,,,
絚,,,,
絛,tʰ,ou,,˥
絜,k,i:,t,˧
絝,f,u:,,˧
絞,k,a:u,,˧˥
絟,,,,
絠,,,,
絡,l,ɔ:,k,˧
絢,h,y:,n,˧
絣,p,ɐ,ŋ,˥
絤,,,,
絥,,,,
給,kʰ,ɐ,p,˥
絧,,,,
絨,j,ʊ,ŋ,˧˥
絩,,,,
絪,j,ɐ,n,˥
絫,l,ɵy,,˩˨
絬,,,,
絭,k,y:,n,˧
絮,s,ɵy,,˩˧
絯,k,ɔ:i,,˥
絰,t,i:,t,˨
統,tʰ,ʊ,ŋ,˧˥
絲,s,i:,,˥
絳,k,ɔ:,ŋ,˧
絴,,,,
絵,,,,
絶,,,,
絷,ts,ɐ,p,˥
絸,,,,
絹,k,y:,n,˧
絺,tsʰ,i:,,˥
絻,m,ɐ,n,˩˧
絼,ts,ɐ,m,˧˥
絽,,,,
絾,,,,
絿,kʰ,ɐu,,˩˨
綀,s,ɔ:,,˥
綁,p,ɔ:,ŋ,˧˥
綂,tʰ,ʊ,ŋ,˧˥
綃,s,i:u,,˥
綄,w,a:,n,˩˨
綅,tsʰ,ɐ,m,˥
綆,k,ɐ,ŋ,˧˥
綇,,,,
綈,tʰ,ɐi,,˩˨
綉,s,ɐu,,˧
綊,,,,
綋,,,,
綌,kw,ɪ,k,˥
綍,p,u:,t,˨
綎,tʰ,ɪ,ŋ,˥
綏,s,ɵy,,˥
綐,,,,
綑,kʰw,ɐ,n,˧˥
綒,,,,
經,k,ɪ,ŋ,˥
綔,,,,
綕,,,,
綖,j,i:,n,˩˨
綗,,,,
綘,,,,
継,,,,
続,,,,
綛,,,,
綜,ts,ʊ,ŋ,˥
綝,s,ɐ,m,˥
綞,,,,
綟,l,i:,t,˨
綠,l,ʊ,k,˨
綡,,,,
綢,tsʰ,ɐu,,˩˨
綣,h,y:,n,˧
綤,,,,
綥,,,,
綦,kʰ,ei,,˩˨
綧,ts,ɵ,n,˧˥
綨,,,,
綩,,,,
綪,s,i:,n,˧
綫,s,i:,n,˧
綬,s,ɐu,,˨
維,w,ɐi,,˩˨
綮,h,ɪ,ŋ,˧
綯,tʰ,ou,,˩˨
綰,w,a:,n,˧˥
綱,k,ɔ:,ŋ,˥
網,m,ɔ:,ŋ,˩˧
綳,p,ɐ,ŋ,˥
綴,ts,ɵy,,˧
綵,tsʰ,ɔ:i,,˧˥
綶,,,,
綷,tsʰ,ɵy,,˧
綸,kw,a:,n,˥
綹,l,ɐu,,˩˧
綺,j,i:,,˧˥
綻,ts,a:,n,˨
綼,p,ɪ,k,˥
綽,tsʰ,œ:,k,˧
綾,l,ɪ,ŋ,˩˨
綿,m,i:,n,˩˨
緀,,,,
緁,tsʰ,ɐ,p,˥
緂,tʰ,a:,m,˥
緃,,,,
緄,kw,ɐ,n,˧˥
緅,ts,ɐu,,˥
緆,s,ɪ,k,˥
緇,ts,i:,,˥
緈,,,,
緉,l,œ:,ŋ,˩˧
緊,k,ɐ,n,˧˥
緋,f,ei,,˥
緌,j,ɵy,,˩˨
緍,,,,
緎,w,ɪ,k,˨
総,,,,
緐,,,,
緑,,,,
緒,s,ɵy,,˩˧
緓,,,,
緔,,,,
緕,,,,
緖,,,,
緗,s,œ:,ŋ,˥
緘,k,a:,m,˥
緙,kʰ,a:,k,˥
線,s,i:,n,˧
緛,,,,
緜,m,i:,n,˩˨
緝,tsʰ,ɐ,p,˥
緞,t,y:,n,˨
緟,,,,
締,t,ɐi,,˧
緡,f,ɐ,n,˥
緢,,,,
緣,j,y:,n,˩˨
緤,s,i:,t,˧
緥,,,,
緦,s,i:,,˥
緧,tsʰ,ɐu,,˥
編,pʰ,i:,n,˥
緩,w,u:,n,˩˨
緪,k,ɐ,ŋ,˥
緫,,,,
緬,m,i:,n,˩˧
緭,,,,
緮,,,,
緯,w,ɐi,,˩˧
緰,s,y:,,˥
緱,k,ɐu,,˥
緲,m,i:u,,˩˧
緳,kʰ,i:,t,˧
練,l,i:,n,˨
緵,,,,
緶,pʰ,i:,n,˩˨
緷,,,,
緸,,,,
緹,tʰ,ɐi,,˩˨
緺,kw,a:,,˥
緻,ts,i:,,˧
緼,,,,
緽,,,,
緾,,,,
緿,,,,
縀,,,,
縁,,,,
縂,,,,
縃,,,,
縄,,,,
縅,,,,
縆,,,,
縇,,,,
縈,j,ɪ,ŋ,˩˨
縉,ts,ɵ,n,˧
縊,,ɐi,,˧
縋,ts,ɵy,,˨
縌,,,,
縍,p,ɔ:,ŋ,˥
縎,kw,ɐ,t,˥
縏,pʰ,u:,n,˩˨
縐,ts,ɐu,,˧
縑,k,i:,m,˥
縒,,,,
縓,tsʰ,y:,n,˧
縔,,,,
縕,w,ɐ,n,˥
縖,,,,
縗,tsʰ,ɵy,,˥
縘,,,,
縙,,,,
縚,tʰ,ou,,˥
縛,p,ɔ:,k,˧
縜,kw,ɐ,n,˥
縝,ts,ɐ,n,˧˥
縞,k,ou,,˧˥
縟,j,ʊ,k,˨
縠,h,ʊ,k,˨
縡,ts,ɔ:i,,˧˥
縢,tʰ,ɐ,ŋ,˩˨
縣,j,y:,n,˧˥
縤,,,,
縥,,,,
縦,,,,
縧,,,,
縨,,,,
縩,tsʰ,ɔ:i,,˧
縪,p,ɐ,t,˥
縫,f,ʊ,ŋ,˩˨
縬,,,,
縭,l,ei,,˩˨
縮,s,ʊ,k,˥
縯,j,i:,n,˧˥
縰,s,a:i,,˧˥
縱,ts,ʊ,ŋ,˧
縲,l,ɵy,,˩˨
縳,ts,y:,n,˧
縴,h,i:,n,˥
縵,m,a:,n,˨
縶,ts,ɐ,p,˥
縷,l,ɐu,,˩˧
縸,,,,
縹,pʰ,i:u,,˥
縺,,,,
縻,m,ei,,˩˨
縼,,,,
總,ts,ʊ,ŋ,˧˥
績,ts,ɛ:,k,˧
縿,s,a:,m,˥
繀,s,ɵy,,˧
繁,f,a:,n,˩˨
繂,l,ɵ,t,˨
繃,p,a:,ŋ,˨
繄,j,i:,,˥
繅,s,ou,,˥
繆,m,ɐu,,˩˨
繇,j,ɐu,,˩˨
繈,kʰ,œ:,ŋ,˩˧
繉,,,,
繊,,,,
繋,,,,
繌,ts,ʊ,ŋ,˥
繍,,,,
繎,,,,
繏,,,,
繐,s,ɵy,,˨
繑,h,i:u,,˥
繒,ts,ɐ,ŋ,˥
繓,t,y:,t,˧
織,ts,ɪ,k,˥
繕,s,i:,n,˨
繖,s,a:,n,˧
繗,,,,
繘,l,ɵ,t,˨
繙,f,a:,n,˥
繚,l,i:u,,˩˨
繛,,,,
繜,,,,
繝,,,,
繞,j,i:u,,˧˥
繟,ts,i:,n,˧˥
繠,j,ɵy,,˩˧
繡,s,ɐu,,˧
繢,kʰ,u:i,,˧˥
繣,w,a:,k,˨
繤,,,,
繥,,,,
繦,,,,
繧,,,,
繨,t,a:,t,˨
繩,s,ɪ,ŋ,˧˥
繪,kʰ,u:i,,˥
繫,h,ɐi,,˨
繬,,,,
繭,k,a:,n,˧˥
繮,k,œ:,ŋ,˥
繯,j,y:,n,˨
繰,tsʰ,i:u,,˥
繱,,,,
繲,h,a:i,,˥
繳,k,i:u,,˧˥
繴,,,,
繵,t,a:,n,˨
繶,j,ɪ,k,˥
繷,,,,
繸,s,ɵy,,˨
繹,j,ɪ,k,˨
繺,,,,
繻,s,ɵy,,˥
繼,k,ɐi,,˧
繽,p,ɐ,n,˥
繾,h,i:,n,˧˥
繿,,,,
纀,p,ʊ,k,˨
纁,f,ɐ,n,˥
纂,ts,y:,n,˧˥
纃,,,,
纄,,,,
纅,,,,
纆,m,ɐ,k,˨
纇,l,ɵy,,˨
纈,kʰ,i:,t,˧
纉,,,,
纊,kʰw,ɐ,ŋ,˧
纋,j,ɐu,,˥
續,ts,ʊ,k,˨
纍,l,ɵy,,˩˨
纎,tsʰ,i:,m,˥
纏,tsʰ,i:,n,˩˨
纐,,,,
纑,l,ou,,˩˨
纒,,,,
纓,j,ɪ,ŋ,˥
纔,tsʰ,ɔ:i,,˩˨
纕,s,œ:,ŋ,˥
纖,tsʰ,i:,m,˥
纗,,,,
纘,ts,y:,n,˧˥
纙,,,,
纚,s,a:i,,˧˥
纛,t,ou,,˨
纜,l,a:,m,˨
纝,,,,
纞,,,,
纟,s,i:,,˥
纠,t,ɐu,,˧˥
纡,j,y:,,˥
红,h,ʊ,ŋ,˩˨
纣,ts,ɐu,,˨
纤,h,i:,n,˥
纥,k,ɐ,t,˥
约,j,œ:,k,˧
级,kʰ,ɐ,p,˥
纨,j,y:,n,˩˨
纩,kʰw,ɐ,ŋ,˧
纪,k,ei,,˧˥
纫,j,ɐ,n,˨
纬,w,ɐi,,˩˧
纭,w,ɐ,n,˩˨
纮,w,ɐ,ŋ,˩˨
纯,s,ɵ,n,˩˨
纰,pʰ,ei,,˥
纱,s,a:,,˥
纲,k,ɔ:,ŋ,˥
纳,n,a:,p,˨
纴,j,ɐ,m,˨
纵,ts,ʊ,ŋ,˧
纶,kw,a:,n,˥
纷,f,ɐ,n,˥
纸,ts,i:,,˧˥
纹,m,ɐ,n,˩˨
纺,f,ɔ:,ŋ,˧˥
纻,tsʰ,y:,,˩˧
纼,tsʰ,ɐ,n,˩˧
纽,n,ɐu,,˧˥
纾,s,y:,,˥
线,s,i:,n,˧
绀,k,ɐ,m,˧
绁,s,i:,t,˧
绂,f,ɐ,t,˥
练,l,i:,n,˨
组,ts,ou,,˧˥
绅,s,ɐ,n,˥
细,s,ɐi,,˧
织,ts,ɪ,k,˥
终,ts,ʊ,ŋ,˥
绉,ts,ɐu,,˧
绊,p,u:,n,˨
绋,f,ɐ,t,˥
绌,ts,y:,t,˧
绍,s,i:u,,˨
绎,j,ɪ,k,˨
经,k,ɪ,ŋ,˥
绐,t,ɔ:i,,˨
绑,p,ɔ:,ŋ,˧˥
绒,j,ʊ,ŋ,˧˥
结,k,i:,t,˧
绔,f,u:,,˧
绕,j,i:u,,˧˥
绖,t,i:,t,˨
绗,h,ɐ,n,˨
绘,kʰ,u:i,,˥
给,kʰ,ɐ,p,˥
绚,h,y:,n,˧
绛,k,ɔ:,ŋ,˧
络,l,ɔ:,k,˧
绝,ts,y:,t,˧
绞,k,a:u,,˧˥
统,tʰ,ʊ,ŋ,˧˥
绠,k,ɐ,ŋ,˧˥
绡,s,i:u,,˥
绢,k,y:,n,˧
绣,s,ɐu,,˧
绤,kw,ɪ,k,˥
绥,s,ɵy,,˥
绦,tʰ,ou,,˧
继,k,ɐi,,˧
绨,tʰ,ɐi,,˩˨
绩,ts,ɛ:,k,˧
绪,s,ɵy,,˩˧
绫,l,ɪ,ŋ,˩˨
绬,,,,
续,ts,ʊ,k,˨
绮,j,i:,,˧˥
绯,f,ei,,˥
绰,tsʰ,œ:,k,˧
绱,ts,œ:,ŋ,˧˥
绲,kw,ɐ,n,˧˥
绳,s,ɪ,ŋ,˧˥
维,w,ɐi,,˩˨
绵,m,i:,n,˩˨
绶,s,ɐu,,˨
绷,p,ɐ,ŋ,˥
绸,tsʰ,ɐu,,˩˨
绹,tʰ,ou,,˩˨
绺,l,ɐu,,˩˧
绻,h,y:,n,˧
综,ts,ʊ,ŋ,˥
绽,ts,a:,n,˨
绾,w,a:,n,˧˥
绿,l,ʊ,k,˨
缀,ts,ɵy,,˧
缁,ts,i:,,˥
缂,kʰ,a:,k,˥
缃,s,œ:,ŋ,˥
缄,k,a:,m,˥
缅,m,i:,n,˩˧
缆,l,a:,m,˨
缇,tʰ,ɐi,,˩˨
缈,m,i:u,,˩˧
缉,tsʰ,ɐ,p,˥
缊,w,ɐ,n,˧
缋,kʰ,u:i,,˧˥
缌,s,i:,,˥
缍,,,,
缎,t,y:,n,˨
缏,pʰ,i:,n,˩˨
缐,,,,
缑,kʰ,ɐu,,˥
缒,ts,ɵy,,˨
缓,w,u:,n,˩˨
缔,t,ɐi,,˧
缕,l,ɐu,,˩˧
编,pʰ,i:,n,˥
缗,f,ɐ,n,˥
缘,j,y:,n,˩˨
缙,ts,ɵ,n,˧
缚,p,ɔ:,k,˧
缛,j,ʊ,k,˨
缜,ts,ɐ,n,˧˥
缝,f,ʊ,ŋ,˩˨
缞,tsʰ,ɵy,,˥
缟,k,ou,,˧˥
缠,tsʰ,i:,n,˩˨
缡,l,ei,,˩˨
缢,,ɐi,,˧
缣,k,i:,m,˥
缤,p,ɐ,n,˥
缥,pʰ,i:u,,˥
缦,m,a:,n,˨
缧,l,ɵy,,˩˨
缨,j,ɪ,ŋ,˥
缩,s,ʊ,k,˥
缪,m,ɐu,,˩˨
缫,s,ou,,˥
缬,kʰ,i:,t,˧
缭,l,i:u,,˩˨
缮,s,i:,n,˨
缯,ts,ɐ,ŋ,˥
缰,k,œ:,ŋ,˥
缱,h,i:,n,˧˥
缲,tsʰ,i:u,,˥
缳,w,a:,n,˩˨
缴,k,i:u,,˧˥
缵,ts,y:,n,˧˥
缶,f,ɐu,,˧˥
缷,,,,
缸,k,ɔ:,ŋ,˥
缹,p,ou,,˥
缺,kʰ,y:,t,˧
缻,,,,
缼,,,,
缽,p,u:,t,˧
缾,pʰ,ɪ,ŋ,˩˨
缿,h,ɐu,,˨
罀,t,i:u,,˨
罁,k,ɔ:,ŋ,˥
罂,,a:,ŋ,˥
罃,,ɐ,ŋ,˥
罄,h,ɪ,ŋ,˧
罅,l,a:,,˧
罆,,,,
罇,ts,ɵ,n,˥
罈,tʰ,a:,m,˩˨
罉,tsʰ,a:,ŋ,˥
罊,,,,
罋,,ɔ:,ŋ,˧
罌,,a:,ŋ,˥
罍,l,ɵy,,˩˨
罎,,,,
罏,l,ou,,˩˨
罐,k,u:,n,˧
网,m,ɔ:,ŋ,˩˧
罒,,,,
罓,,,,
罔,m,ɔ:,ŋ,˩˧
罕,h,ɔ:,n,˧˥
罖,,,,
罗,l,ɔ:,,˩˨
罘,f,ɐu,,˩˨
罙,,,,
罚,f,ɐ,t,˨
罛,k,u:,,˥
罜,ts,y:,,˧
罝,ts,ɛ:,,˥
罞,,,,
罟,k,u:,,˧˥
罠,m,ɐ,n,˩˨
罡,k,ɔ:,ŋ,˥
罢,p,a:,,˨
罣,kw,a:,,˧
罤,,,,
罥,k,y:,n,˧
罦,f,ɐu,,˩˨
罧,l,ɐ,m,˨
罨,j,i:,m,˧˥
罩,ts,a:u,,˧
罪,ts,ɵy,,˨
罫,kw,a:i,,˧˥
罬,t,y:,t,˧
罭,w,ɪ,k,˨
置,ts,i:,,˧
罯,,,,
罰,f,ɐ,t,˨
罱,,,,
署,tsʰ,y:,,˩˧
罳,s,i:,,˥
罴,p,ei,,˥
罵,m,a:,,˨
罶,l,ɐu,,˩˧
罷,p,a:,,˨
罸,,,,
罹,l,ei,,˩˨
罺,tsʰ,a:u,,˧
罻,w,ɐi,,˧
罼,,,,
罽,k,ɐi,,˧
罾,ts,ɐ,ŋ,˥
罿,tsʰ,ʊ,ŋ,˥
羀,,,,
羁,k,ei,,˥
羂,,,,
羃,m,ɪ,k,˨
羄,,,,
羅,l,ɔ:,,˩˨
羆,p,ei,,˥
羇,k,ei,,˥
羈,k,ei,,˥
羉,l,y:,n,˩˨
羊,j,œ:,ŋ,˩˨
羋,m,ɛ:,,˥
羌,k,œ:,ŋ,˥
羍,tʰ,a:,t,˧
美,m,ei,,˩˧
羏,,,,
羐,,,,
羑,j,ɐu,,˩˧
羒,f,ɐ,n,˥
羓,p,a:,,˥
羔,k,ou,,˥
羕,j,œ:,ŋ,˨
羖,k,u:,,˧˥
羗,k,œ:,ŋ,˥
羘,,,,
羙,m,ei,,˩˧
羚,l,ɪ,ŋ,˩˨
羛,h,ei,,˧
羜,tsʰ,y:,,˩˧
羝,t,ɐi,,˥
羞,s,ɐu,,˥
羟,tsʰ,œ:,ŋ,˥
羠,j,i:,,˩˨
羡,s,i:,n,˨
羢,j,ʊ,ŋ,˩˨
羣,kʰw,ɐ,n,˩˨
群,kʰw,ɐ,n,˩˨
羥,tsʰ,œ:,ŋ,˥
羦,w,u:,n,˩˨
羧,s,ɔ:,,˥
羨,s,i:,n,˨
義,j,i:,,˨
羪,,,,
羫,,,,
羬,,,,
羭,j,y:,,˩˨
羮,k,ɐ,ŋ,˥
羯,kʰ,i:,t,˧
羰,tʰ,ɔ:,ŋ,˥
羱,j,y:,n,˩˨
羲,h,ei,,˥
羳,f,a:,n,˩˨
羴,,,,
羵,f,ɐ,n,˩˨
羶,ts,i:,n,˥
羷,l,i:,m,˩˧
羸,l,ɵy,,˩˨
羹,k,ɐ,ŋ,˥
羺,,,,
羻,,,,
羼,tsʰ,a:,n,˧
羽,j,y:,,˩˧
羾,,,,
羿,ŋ,ɐi,,˨
翀,tsʰ,ʊ,ŋ,˥
翁,j,ʊ,ŋ,˥
翂,f,ɐ,n,˥
翃,w,ɐ,ŋ,˩˨
翄,tsʰ,i:,,˧
翅,tsʰ,i:,,˧
翆,,,,
翇,,,,
翈,,,,
翉,,,,
翊,j,ɪ,k,˨
翋,l,a:,p,˨
翌,j,ɪ,k,˨
翍,pʰ,ei,,˥
翎,l,ɪ,ŋ,˩˨
翏,l,ɐu,,˨
翐,t,i:,t,˨
翑,,,,
習,ts,a:,p,˨
翓,,,,
翔,tsʰ,œ:,ŋ,˩˨
翕,j,ɐ,p,˨
翖,,,,
翗,,,,
翘,kʰ,i:u,,˩˨
翙,w,ɐi,,˧
翚,f,ɐi,,˥
翛,s,i:u,,˥
翜,s,a:,p,˧
翝,,,,
翞,,,,
翟,t,ɪ,k,˨
翠,tsʰ,ɵy,,˧
翡,f,ei,,˧˥
翢,,,,
翣,s,a:,p,˧
翤,,,,
翥,ts,y:,,˧
翦,ts,i:,n,˧˥
翧,,,,
翨,tsʰ,i:,,˧
翩,pʰ,i:,n,˥
翪,ts,ʊ,ŋ,˥
翫,w,u:,n,˨
翬,f,ɐi,,˥
翭,h,ɐu,,˩˨
翮,k,a:,k,˧
翯,h,ɔ:,k,˨
翰,h,ɔ:,n,˨
翱,ŋ,ou,,˩˨
翲,,,,
翳,,ɐi,,˧
翴,,,,
翵,,,,
翶,,,,
翷,,,,
翸,,,,
翹,kʰ,i:u,,˩˨
翺,ŋ,ou,,˩˨
翻,f,a:,n,˥
翼,j,ɪ,k,˨
翽,w,ɐi,,˧
翾,h,y:,n,˥
翿,t,ou,,˨
耀,j,i:u,,˨
老,l,ou,,˩˧
耂,,,,
考,h,a:u,,˧˥
耄,m,ou,,˨
者,ts,ɛ:,,˧˥
耆,kʰ,ei,,˩˨
耇,k,ɐu,,˧˥
耈,,,,
耉,,,,
耊,,,,
耋,t,i:,t,˨
而,j,i:,,˩˨
耍,s,a:,,˧˥
耎,j,y:,n,˩˧
耏,j,i:,,˩˨
耐,n,ɔ:i,,˨
耑,t,y:,n,˥
耒,l,ɵy,,˨
耓,,,,
耔,ts,i:,,˧˥
耕,k,a:,ŋ,˥
耖,tsʰ,a:u,,˧
耗,h,ou,,˧
耘,w,ɐ,n,˩˨
耙,pʰ,a:,,˩˨
耚,,,,
耛,,,,
耜,ts,i:,,˨
耝,,,,
耞,k,a:,,˥
耟,,,,
耠,,,,
耡,tsʰ,ɔ:,,˩˨
耢,,,,
耣,,,,
耤,ts,ɪ,k,˨
耥,,,,
耦,ŋ,ɐu,,˩˧
耧,l,ɐu,,˩˨
耨,n,ɐu,,˨
耩,k,ɔ:,ŋ,˧˥
耪,pʰ,ɔ:,ŋ,˩˧
耫,,,,
耬,l,ɐu,,˩˨
耭,,,,
耮,,,,
耯,,,,
耰,j,ɐu,,˥
耱,,,,
耲,,,,
耳,j,i:,,˩˧
耴,ts,i:,p,˧
耵,t,ɪ,ŋ,˥
耶,j,ɛ:,,˩˨
耷,t,a:,p,˧
耸,s,ʊ,ŋ,˧˥
耹,,,,
耺,,,,
耻,tsʰ,i:,,˧˥
耼,,,,
耽,t,a:,m,˥
耾,w,ɐ,ŋ,˩˨
耿,k,ɐ,ŋ,˧˥
聀,,,,
聁,,,,
聂,n,i:,p,˨
聃,t,a:,m,˥
聄,,,,
聅,,,,
聆,l,ɪ,ŋ,˩˨
聇,,,,
聈,,,,
聉,,,,
聊,l,i:u,,˩˨
聋,l,ʊ,ŋ,˩˨
职,ts,ɪ,k,˥
聍,n,ɪ,ŋ,˩˨
聎,,,,
聏,j,i:,,˩˨
聐,,,,
聑,,,,
聒,kʰ,u:,t,˧
聓,,,,
联,l,y:,n,˩˨
聕,,,,
聖,s,ɪ,ŋ,˧
聗,,,,
聘,pʰ,ɪ,ŋ,˧
聙,,,,
聚,ts,ɵy,,˨
聛,,,,
聜,,,,
聝,kw,ɪ,k,˥
聞,m,ɐ,n,˩˨
聟,,,,
聠,,,,
聡,,,,
聢,,,,
聣,,,,
聤,,,,
聥,,,,
聦,tsʰ,ʊ,ŋ,˥
聧,kʰw,ɐi,,˥
聨,,,,
聩,kʰ,u:i,,˧˥
聪,tsʰ,ʊ,ŋ,˥
聫,,,,
聬,,,,
聭,,,,
聮,,,,
聯,l,y:,n,˩˨
聰,tsʰ,ʊ,ŋ,˥
聱,ŋ,ou,,˩˨
聲,s,ɛ:,ŋ,˥
聳,s,ʊ,ŋ,˧˥
聴,,,,
聵,kʰ,u:i,,˧˥
聶,n,i:,p,˨
職,ts,ɪ,k,˥
聸,,,,
聹,n,ɪ,ŋ,˩˨
聺,,,,
聻,ts,i:,m,˨
聼,,,,
聽,tʰ,ɛ:,ŋ,˥
聾,l,ʊ,ŋ,˩˨
聿,j,y:,t,˨
肀,,,,
肁,,,,
肂,s,ei,,˧
肃,s,ʊ,k,˥
肄,j,i:,,˨
肅,s,ʊ,k,˥
肆,s,ei,,˧
肇,s,i:u,,˨
肈,s,i:u,,˨
肉,j,ʊ,k,˨
肊,j,ɪ,k,˥
肋,l,a:,k,˨
肌,k,ei,,˥
肍,,,,
肎,,,,
肏,tsʰ,a:u,,˧
肐,k,ɐ,t,˥
肑,,,,
肒,,,,
肓,f,ɔ:,ŋ,˥
肔,,,,
肕,j,ɐ,n,˨
肖,tsʰ,i:u,,˧
肗,,,,
肘,ts,a:u,,˧˥
肙,j,y:,n,˥
肚,tʰ,ou,,˩˧
肛,k,ɔ:,ŋ,˥
肜,j,ʊ,ŋ,˩˨
肝,k,ɔ:,n,˥
肞,,,,
肟,,,,
肠,tsʰ,œ:,ŋ,˩˨
股,k,u:,,˧˥
肢,ts,i:,,˥
肣,,,,
肤,f,u:,,˥
肥,f,ei,,˩˨
肦,,,,
肧,pʰ,u:i,,˥
肨,pʰ,ɔ:,ŋ,˧
肩,k,i:,n,˥
肪,f,ɔ:,ŋ,˥
肫,ts,ɵ,n,˥
肬,,,,
肭,n,ɐ,t,˨
肮,h,ɔ:,ŋ,˩˨
肯,h,ɐ,ŋ,˧˥
肰,,,,
肱,kw,ɐ,ŋ,˥
育,j,ʊ,k,˨
肳,m,ɐ,n,˩˧
肴,ŋ,a:u,,˥
肵,kʰ,ei,,˩˨
肶,p,ei,,˧˥
肷,j,i:,m,˧˥
肸,j,ɐ,t,˨
肹,h,ɐi,,˥
肺,f,ɐi,,˧
肻,,,,
肼,ts,ɛ:,ŋ,˧˥
肽,tʰ,a:i,,˥
肾,s,ɐ,n,˩˧
肿,ts,ʊ,ŋ,˧˥
胀,ts,œ:,ŋ,˧
胁,h,i:,p,˧
胂,s,ɐ,n,˨
胃,w,ɐi,,˨
胄,,,,
胅,t,i:,t,˨
胆,t,a:,m,˧˥
胇,,,,
胈,p,ɐ,t,˨
胉,p,ɔ:,k,˧
胊,kʰ,ɵy,,˩˨
胋,,,,
背,p,u:i,,˧
胍,k,u:,,˥
胎,tʰ,ɔ:i,,˥
胏,ts,i:,,˧˥
胐,f,ei,,˧˥
胑,ts,i:,,˥
胒,,,,
胓,pʰ,u:,n,˧
胔,tsʰ,i:,,˥
胕,f,u:,,˥
胖,p,u:,n,˨
胗,ts,ɐ,n,˥
胘,,,,
胙,ts,ou,,˨
胚,pʰ,u:i,,˥
胛,k,a:,p,˧
胜,s,ɪ,ŋ,˥
胝,t,ɐi,,˥
胞,p,a:u,,˥
胟,,,,
胠,kʰ,ɵy,,˥
胡,w,u:,,˩˨
胢,,,,
胣,tsʰ,i:,,˧˥
胤,j,ɐ,n,˨
胥,s,ɵy,,˥
胦,,,,
胧,l,ʊ,ŋ,˩˨
胨,,,,
胩,,,,
胪,l,ou,,˩˨
胫,k,ɪ,ŋ,˧
胬,,,,
胭,j,i:,n,˥
胮,,,,
胯,kʰw,a:,,˧
胰,j,i:,,˩˨
胱,kw,ɔ:,ŋ,˥
胲,k,ɔ:i,,˧˥
胳,k,a:,k,˧
胴,t,ʊ,ŋ,˨
胵,tsʰ,i:,,˥
胶,k,a:u,,˥
胷,h,ʊ,ŋ,˥
胸,h,ʊ,ŋ,˥
胹,j,i:,,˩˨
胺,ŋ,ɔ:,n,˥
胻,h,ɐ,ŋ,˩˨
胼,p,i:,n,˥
能,n,ɐ,ŋ,˩˨
胾,ts,i:,,˧
胿,,,,
脀,tsʰ,ɪ,ŋ,˥
脁,tʰ,i:u,,˧
脂,ts,i:,,˥
脃,tsʰ,ɵy,,˧
脄,,,,
脅,h,i:,p,˧
脆,tsʰ,ɵy,,˧
脇,,,,
脈,m,ɐ,k,˨
脉,m,ɐ,k,˨
脊,ts,ɛ:,k,˧
脋,,,,
脌,n,i:,n,˥
脍,kʰ,u:i,,˧˥
脎,,,,
脏,ts,ɔ:,ŋ,˥
脐,tsʰ,i:,,˩˨
脑,n,ou,,˩˧
脒,,,,
脓,n,ʊ,ŋ,˩˨
脔,l,y:,n,˩˧
脕,m,a:,n,˩˧
脖,p,u:,t,˨
脗,m,ɐ,n,˩˧
脘,k,u:,n,˧˥
脙,,,,
脚,k,œ:,k,˧
脛,k,ɪ,ŋ,˧
脜,,,,
脝,h,ɐ,ŋ,˥
脞,tsʰ,ɔ:,,˧˥
脟,l,y:,t,˧
脠,,,,
脡,tʰ,ɪ,ŋ,˩˧
脢,m,u:i,,˩˨
脣,s,ɵ,n,˩˨
脤,s,ɐ,n,˩˨
脥,,,,
脦,,,,
脧,ts,ɵ,n,˥
脨,,,,
脩,s,ɐu,,˥
脪,,,,
脫,tʰ,y:,t,˧
脬,pʰ,a:u,,˥
脭,,,,
脮,,,,
脯,f,u:,,˧˥
脰,t,ɐu,,˨
脱,tʰ,y:,t,˧
脲,,,,
脳,,,,
脴,,,,
脵,,,,
脶,l,ɔ:,,˩˨
脷,l,ei,,˨
脸,l,i:,m,˩˧
脹,ts,œ:,ŋ,˧
脺,s,ɵy,,˨
脻,,,,
脼,,,,
脽,s,ɵy,,˩˨
脾,pʰ,ei,,˩˨
脿,,,,
腀,,,,
腁,,,,
腂,,,,
腃,,,,
腄,tsʰ,ɵy,,˩˨
腅,,,,
腆,tʰ,i:,n,˧˥
腇,n,ɵy,,˩˧
腈,,,,
腉,,,,
腊,l,a:,p,˨
腋,j,ɐ,t,˨
腌,j,i:,m,˥
腍,j,ɐ,m,˨
腎,s,ɐ,n,˩˧
腏,ts,y:,t,˧
腐,f,u:,,˧˥
腑,f,u:,,˧˥
腒,k,ɵy,,˥
腓,f,ei,,˩˨
腔,h,ɔ:,ŋ,˥
腕,w,u:,n,˧˥
腖,,,,
腗,,,,
腘,kw,ɔ:,k,˧
腙,,,,
腚,,,,
腛,,ɐ,k,˥
腜,m,u:i,,˩˨
腝,,,,
腞,s,y:,n,˨
腟,,,,
腠,tsʰ,ɐu,,˧
腡,l,ɔ:,,˧˥
腢,ŋ,ɐu,,˩˧
腣,,,,
腤,,ɐ,m,˧
腥,s,ɛ:,ŋ,˥
腦,n,ou,,˩˧
腧,s,y:,,˨
腨,,,,
腩,n,a:,m,˩˧
腪,,,,
腫,ts,ʊ,ŋ,˧˥
腬,l,ɐu,,˨
腭,ŋ,ɔ:,k,˨
腮,s,ɔ:i,,˥
腯,t,ɐ,t,˥
腰,j,i:u,,˥
腱,k,i:,n,˧
腲,w,ɐi,,˧˥
腳,k,œ:,k,˧
腴,j,y:,,˩˨
腵,,,,
腶,t,y:,n,˧
腷,p,ɪ,k,˥
腸,tsʰ,œ:,ŋ,˩˨
腹,f,ʊ,k,˥
腺,s,i:,n,˧
腻,n,ɐu,,˨
腼,m,i:,n,˩˧
腽,w,ɐ,t,˥
腾,tʰ,ɐ,n,˩˨
腿,tʰ,ɵy,,˧˥
膀,p,ɔ:,ŋ,˧˥
膁,j,i:,m,˧˥
膂,l,ɵy,,˩˧
膃,w,ɐ,t,˥
膄,,,,
膅,,,,
膆,s,ou,,˧
膇,t,ɵy,,˧
膈,k,a:,k,˧
膉,j,ɪ,k,˥
膊,p,ɔ:,k,˧
膋,l,i:u,,˩˨
膌,ts,ɛ:,k,˧
膍,f,u:,,˩˨
膎,,,,
膏,k,ou,,˥
膐,,,,
膑,p,ɐ,n,˧
膒,,,,
膓,,,,
膔,,,,
膕,kw,ɔ:,k,˧
膖,,,,
膗,tsʰ,ɵy,,˩˨
膘,p,i:u,,˥
膙,kʰ,œ:,ŋ,˨
膚,f,u:,,˥
膛,tʰ,ɔ:,ŋ,˩˨
膜,m,ɔ:,k,˨
膝,s,ɐ,t,˥
膞,s,ɵ,n,˩˨
膟,l,ɵ,t,˨
膠,k,a:u,,˥
膡,,,,
膢,,,,
膣,ts,ɐ,t,˨
膤,,,,
膥,tsʰ,ɵ,n,˥
膦,l,ɵ,n,˩˨
膧,tʰ,ʊ,ŋ,˩˨
膨,pʰ,a:,ŋ,˩˨
膩,n,ɐu,,˨
膪,ts,a:,,˨
膫,l,i:u,,˩˨
膬,tsʰ,ɵy,,˧
膭,,,,
膮,h,i:u,,˥
膯,,,,
膰,f,a:,n,˩˨
膱,j,ɪ,k,˥
膲,ts,i:u,,˥
膳,s,i:,n,˨
膴,f,u:,,˥
膵,s,ɵy,,˨
膶,j,ɵ,n,˨
膷,h,œ:,ŋ,˥
膸,,,,
膹,,,,
膺,j,ɪ,ŋ,˥
膻,,,,
膼,,,,
膽,t,a:,m,˧˥
膾,kʰ,u:i,,˧˥
膿,n,ʊ,ŋ,˩˨
臀,tʰ,y:,n,˩˨
臁,l,i:,m,˩˨
臂,p,ei,,˧
臃,j,ʊ,ŋ,˧˥
臄,kʰ,œ:,k,˨
臅,ts,ʊ,k,˥
臆,j,ɪ,k,˥
臇,ts,ɵ,n,˧
臈,l,a:,p,˨
臉,l,i:,m,˩˧
臊,s,ou,,˥
臋,,,,
臌,k,u:,,˧˥
臍,tsʰ,i:,,˩˨
臎,,,,
臏,p,ɐ,n,˧
臐,f,ɐ,n,˥
臑,j,i:,,˩˨
臒,w,ɔ:,k,˧
臓,,,,
臔,,,,
臕,p,i:u,,˥
臖,,,,
臗,f,u:,n,˥
臘,l,a:,p,˨
臙,j,i:,n,˥
臚,l,ou,,˩˨
臛,f,ɔ:,k,˧
臜,ts,i:,m,˥
臝,l,ɔ:,,˧˥
臞,kʰ,ɵy,,˩˨
臟,ts,ɔ:,ŋ,˨
臠,l,y:,n,˩˧
臡,n,ɐi,,˩˨
臢,ts,i:,m,˥
臣,s,ɐ,n,˩˨
臤,,,,
臥,ŋ,ɔ:,,˨
臦,,,,
臧,ts,ɔ:,ŋ,˥
臨,l,ɐ,m,˩˨
臩,,,,
自,ts,i:,,˨
臫,,,,
臬,j,i:,t,˨
臭,tsʰ,ɐu,,˧
臮,kʰ,ei,,˧
臯,k,ou,,˥
臰,,,,
臱,,,,
臲,j,i:,t,˨
至,ts,i:,,˧
致,ts,i:,,˧
臵,,,,
臶,,,,
臷,t,i:,t,˨
臸,,,,
臹,,,,
臺,tʰ,ɔ:i,,˩˨
臻,ts,ɵ,n,˥
臼,kʰ,ɐu,,˧
臽,,,,
臾,j,y:,,˩˨
臿,tsʰ,a:,p,˧
舀,j,i:u,,˩˧
舁,j,y:,,˩˨
舂,ts,ʊ,ŋ,˥
舃,,,,
舄,s,ɪ,k,˥
舅,kʰ,ɐu,,˧
舆,j,y:,,˩˨
與,j,y:,,˩˨
興,h,ɪ,ŋ,˥
舉,k,ɵy,,˧˥
舊,k,ɐu,,˨
舋,j,ɐ,n,˧
舌,s,i:,t,˧
舍,s,ɛ:,,˧˥
舎,,,,
舏,,,,
舐,l,a:i,,˧˥
舑,,,,
舒,s,y:,,˥
舓,s,a:i,,˩˧
舔,tʰ,i:,m,˧˥
舕,tʰ,a:,m,˧
舖,pʰ,ou,,˧
舗,,,,
舘,k,u:,n,˧˥
舙,,,,
舚,,,,
舛,tsʰ,y:,n,˧˥
舜,s,ɵ,n,˧
舝,h,ɐ,t,˨
舞,m,ou,,˩˧
舟,ts,ɐu,,˥
舠,t,ou,,˥
舡,k,ɔ:,ŋ,˥
舢,s,a:,n,˥
舣,ŋ,ɐi,,˩˧
舤,,,,
舥,,,,
舦,tʰ,a:i,,˩˧
舧,,,,
舨,p,a:,n,˧˥
舩,,,,
航,h,ɔ:,ŋ,˩˨
舫,f,ɔ:,ŋ,˧˥
般,p,ɔ:,,˥
舭,,,,
舮,,,,
舯,ts,ʊ,ŋ,˥
舰,l,a:,m,˨
舱,tsʰ,ɔ:,ŋ,˥
舲,l,ɪ,ŋ,˩˨
舳,ts,ʊ,k,˨
舴,ts,a:,k,˧
舵,tʰ,ɔ:,,˩˨
舶,p,a:,k,˧
舷,j,i:,n,˩˨
舸,k,ɔ:,,˧˥
船,s,y:,n,˩˨
舺,k,a:,p,˧
舻,l,ou,,˩˨
舼,,,,
舽,,,,
舾,s,ɐi,,˥
舿,,,,
艀,,,,
艁,,,,
艂,,,,
艃,l,ei,,˩˧
艄,s,a:u,,˥
艅,j,y:,,˩˨
艆,,,,
艇,tʰ,ɛ:,ŋ,˩˧
艈,,,,
艉,m,ei,,˩˧
艊,,,,
艋,m,a:,ŋ,˩˧
艌,,,,
艍,,,,
艎,w,ɔ:,ŋ,˩˨
艏,s,ɐu,,˧˥
艐,,,,
艑,p,i:,n,˨
艒,,,,
艓,t,i:,p,˨
艔,t,ou,,˨
艕,pʰ,ɔ:,ŋ,˧
艖,tsʰ,a:,,˥
艗,j,ɐ,t,˨
艘,s,ɐu,,˥
艙,tsʰ,ɔ:,ŋ,˥
艚,tsʰ,ou,,˩˨
艛,l,ɐu,,˩˨
艜,tʰ,a:i,,˩˧
艝,,,,
艞,tʰ,i:u,,˥
艟,tʰ,ʊ,ŋ,˩˨
艠,,,,
艡,t,ɔ:,ŋ,˥
艢,,,,
艣,l,ou,,˩˧
艤,ŋ,ɐi,,˩˧
艥,,,,
艦,l,a:,m,˨
艧,,,,
艨,m,ʊ,ŋ,˩˨
艩,tsʰ,ɐi,,˩˨
艪,l,ou,,˩˧
艫,l,ou,,˩˨
艬,,,,
艭,s,œ:,ŋ,˥
艮,k,ɐ,n,˧
良,l,œ:,ŋ,˩˨
艰,k,a:,n,˥
艱,k,a:,n,˥
色,s,ɪ,k,˥
艳,j,i:,m,˨
艴,f,ɐ,t,˥
艵,,,,
艶,j,i:,m,˨
艷,j,i:,m,˨
艸,tsʰ,ou,,˧˥
艹,tsʰ,ou,,˧˥
艺,ŋ,ɐi,,˨
艻,,,,
艼,t,ɪ,ŋ,˧˥
艽,kʰ,ɐu,,˩˨
艾,ŋ,a:i,,˨
艿,j,ɪ,ŋ,˩˨
芀,l,ɪ,k,˨
芁,,,,
节,ts,i:,t,˧
芃,pʰ,ʊ,ŋ,˩˨
芄,j,y:,n,˩˨
芅,j,ɪ,k,˨
芆,,,,
芇,,,,
芈,m,ɛ:,,˥
芉,,,,
芊,tsʰ,i:,n,˥
芋,w,u:,,˨
芌,,,,
芍,tsʰ,œ:,k,˧
芎,k,ʊ,ŋ,˥
芏,t,ou,,˨
芐,h,a:,,˨
芑,k,ei,,˧˥
芒,m,ɔ:,ŋ,˩˨
芓,ts,i:,,˧˥
芔,,,,
芕,,,,
芖,,,,
芗,h,œ:,ŋ,˥
芘,p,ei,,˧
芙,f,u:,,˩˨
芚,tʰ,ɵ,n,˥
芛,,,,
芜,m,ou,,˩˨
芝,ts,i:,,˥
芞,,,,
芟,s,a:,m,˥
芠,m,ɐ,n,˩˨
芡,h,i:,m,˧
芢,,,,
芣,f,ɐu,,˩˨
芤,kʰ,ɐu,,˥
芥,k,a:i,,˧
芦,l,ou,,˩˨
芧,ts,ɵy,,˨
芨,k,ɐ,p,˥
芩,kʰ,ɐ,m,˩˨
芪,kʰ,ei,,˩˨
芫,j,y:,n,˩˨
芬,f,ɐ,n,˥
芭,p,a:,,˥
芮,j,ɵy,,˨
芯,s,ɐ,m,˥
芰,k,ei,,˨
花,f,a:,,˥
芲,,,,
芳,f,ɔ:,ŋ,˥
芴,f,ɐ,t,˥
芵,kʰ,y:,t,˧
芶,k,ɐu,,˥
芷,ts,i:,,˧˥
芸,w,ɐ,n,˩˨
芹,kʰ,ɐ,n,˩˨
芺,ŋ,ou,,˧
芻,tsʰ,ɔ:,,˥
芼,m,ou,,˩˨
芽,ŋ,a:,,˩˨
芾,f,ɐi,,˧
芿,,,,
苀,,,,
苁,tsʰ,ʊ,ŋ,˥
苂,,,,
苃,,,,
苄,,,,
苅,,,,
苆,,,,
苇,w,ɐi,,˩˧
苈,l,ɪ,k,˨
苉,,,,
苊,,,,
苋,j,i:,n,˨
苌,tsʰ,œ:,ŋ,˩˨
苍,tsʰ,ɔ:,ŋ,˥
苎,tsʰ,y:,,˩˧
苏,s,ou,,˥
苐,,,,
苑,j,y:,n,˧˥
苒,j,i:,m,˩˧
苓,l,ɪ,ŋ,˩˨
苔,tʰ,ɔ:i,,˥
苕,tʰ,i:u,,˩˨
苖,m,i:u,,˩˨
苗,m,i:u,,˩˨
苘,kw,ɪ,ŋ,˧˥
苙,l,ɐ,p,˥
苚,,,,
苛,h,ɔ:,,˥
苜,m,ʊ,k,˨
苝,,,,
苞,p,a:u,,˥
苟,k,ɐu,,˧˥
苠,m,ɐ,n,˩˨
苡,j,i:,,˩˧
苢,,,,
苣,k,ɵy,,˨
苤,pʰ,ei,,˧˥
若,j,ɛ:,,˩˧
苦,f,u:,,˧˥
苧,tsʰ,y:,,˩˧
苨,n,ɐi,,˩˧
苩,,,,
苪,,,,
苫,s,i:,m,˥
苬,,,,
苭,,,,
苮,,,,
苯,p,u:,n,˧˥
苰,,,,
英,j,ɪ,ŋ,˥
苲,ts,a:,,˧
苳,,,,
苴,ts,ɵy,,˥
苵,t,i:,t,˨
苶,n,i:,p,˨
苷,k,ɐ,m,˥
苸,,,,
苹,pʰ,ɐ,n,˩˨
苺,m,u:i,,˩˨
苻,f,u:,,˩˨
苼,,,,
苽,k,u:,,˥
苾,p,ɐ,t,˨
苿,,,,
茀,f,ɐ,t,˥
茁,ts,y:,t,˧
茂,m,ɐu,,˨
范,f,a:,n,˨
茄,k,a:,,˥
茅,m,a:u,,˩˨
茆,m,a:u,,˩˧
茇,p,a:,t,˨
茈,tsʰ,a:i,,˩˨
茉,m,u:,t,˨
茊,,,,
茋,,,,
茌,tsʰ,i:,,˩˨
茍,k,ɐu,,˧˥
茎,k,ɪ,ŋ,˧
茏,l,ʊ,ŋ,˩˨
茐,,,,
茑,n,i:u,,˩˧
茒,,,,
茓,,,,
茔,j,ɪ,ŋ,˩˨
茕,kʰ,ɪ,ŋ,˩˨
茖,k,a:,k,˧
茗,m,ɪ,ŋ,˩˨
茘,,,,
茙,j,ʊ,ŋ,˩˨
茚,,,,
茛,k,ɐ,n,˧
茜,s,ɐi,,˥
茝,,,,
茞,tsʰ,ɔ:i,,˧˥
茟,,,,
茠,h,ou,,˥
茡,,,,
茢,l,i:,t,˨
茣,,,,
茤,,,,
茥,,,,
茦,tsʰ,a:,k,˧
茧,k,a:,n,˧˥
茨,tsʰ,i:,,˩˨
茩,h,ɐu,,˨
茪,,,,
茫,m,ɔ:,ŋ,˩˨
茬,tsʰ,i:,,˩˨
茭,k,a:u,,˥
茮,,,,
茯,f,ʊ,k,˨
茰,,,,
茱,ts,y:,,˥
茲,tsʰ,i:,,˩˨
茳,k,ɔ:,ŋ,˥
茴,w,u:i,,˩˨
茵,j,ɐ,n,˥
茶,tsʰ,a:,,˩˨
茷,f,ɐ,t,˨
茸,j,ʊ,ŋ,˩˨
茹,j,y:,,˩˨
茺,tsʰ,ʊ,ŋ,˥
茻,m,ɔ:,ŋ,˩˧
茼,tʰ,ʊ,ŋ,˩˨
茽,,,,
茾,,,,
茿,,,,
荀,s,ɵ,n,˥
荁,w,u:,n,˩˨
荂,kʰw,a:,,˥
荃,tsʰ,y:,n,˩˨
荄,k,ɔ:i,,˥
荅,t,a:,p,˧
荆,k,ɪ,ŋ,˥
荇,h,ɐ,ŋ,˨
荈,tsʰ,y:,n,˧˥
草,tsʰ,ou,,˧˥
荊,k,ɪ,ŋ,˥
荋,,,,
荌,,,,
荍,kʰ,i:u,,˩˨
荎,tsʰ,i:,,˩˨
荏,j,ɐ,m,˩˧
荐,ts,i:,n,˧
荑,j,i:,,˩˨
荒,f,ɔ:,ŋ,˥
荓,pʰ,ɪ,ŋ,˩˨
荔,l,ɐi,,˨
荕,,,,
荖,l,ɐu,,˥
荗,,,,
荘,,,,
荙,t,a:,t,˨
荚,k,a:,p,˧
荛,j,i:u,,˩˨
荜,p,ɐ,t,˥
荝,,,,
荞,kʰ,i:u,,˩˨
荟,kʰ,u:i,,˧˥
荠,tsʰ,ɐi,,˩˨
荡,t,ɔ:,ŋ,˨
荢,,,,
荣,w,ɪ,ŋ,˩˨
荤,f,ɐ,n,˥
荥,j,ɪ,ŋ,˩˨
荦,l,ɔ:,k,˧
荧,j,ɪ,ŋ,˩˨
荨,tsʰ,ɐ,m,˩˨
荩,ts,ɵ,n,˧˥
荪,s,y:,n,˥
荫,j,ɐ,m,˧
荬,,,,
荭,h,ʊ,ŋ,˩˨
荮,,,,
药,j,œ:,k,˨
荰,,,,
荱,,,,
荲,,,,
荳,t,ɐu,,˨
荴,f,u:,,˥
荵,j,ɐ,n,˧˥
荶,,,,
荷,h,ɔ:,,˩˨
荸,p,u:,t,˨
荹,,,,
荺,w,ɐ,n,˩˧
荻,t,ɪ,k,˨
荼,tʰ,ou,,˩˨
荽,s,ɵy,,˥
荾,s,ɵy,,˥
荿,,,,
莀,,,,
莁,,,,
莂,,,,
莃,,,,
莄,,,,
莅,l,ei,,˨
莆,f,u:,,˧˥
莇,,,,
莈,,,,
莉,l,ei,,˨
莊,ts,ɔ:,ŋ,˥
莋,ts,ɔ:,k,˨
莌,tʰ,y:,t,˧
莍,,,,
莎,s,a:,,˥
莏,tsʰ,ɔ:,,˥
莐,,,,
莑,,,,
莒,k,ɵy,,˧˥
莓,m,u:i,,˩˨
莔,m,a:,ŋ,˩˨
莕,h,ɐ,ŋ,˨
莖,k,ɪ,ŋ,˧
莗,,,,
莘,s,ɐ,n,˥
莙,kw,ɐ,n,˥
莚,j,i:,n,˩˨
莛,tʰ,ɪ,ŋ,˩˨
莜,tʰ,i:u,,˩˨
莝,tsʰ,ɔ:,,˧
莞,k,u:,n,˥
莟,,,,
莠,j,ɐu,,˩˧
莡,,,,
莢,k,a:,p,˧
莣,,,,
莤,,,,
莥,,,,
莦,s,a:u,,˥
莧,j,i:,n,˨
莨,l,œ:,ŋ,˩˨
莩,f,u:,,˥
莪,ŋ,ɔ:,,˩˨
莫,m,ɔ:,k,˨
莬,,,,
莭,,,,
莮,,,,
莯,,,,
莰,h,a:,m,˧˥
莱,l,ɔ:i,,˩˨
莲,l,i:,n,˩˨
莳,s,i:,,˩˨
莴,w,ɔ:,,˥
莵,,,,
莶,tsʰ,i:,m,˥
获,w,a:i,,˩˨
莸,j,ɐu,,˩˨
莹,j,ɪ,ŋ,˩˨
莺,,ɐ,ŋ,˥
莻,,,,
莼,s,ɵ,n,˩˨
莽,m,ɔ:,ŋ,˩˧
莾,,,,
莿,tsʰ,i:,,˧
菀,j,y:,n,˧˥
菁,tsʰ,ɪ,ŋ,˥
菂,t,ɪ,k,˥
菃,,,,
菄,,,,
菅,k,a:,n,˥
菆,ts,ɐu,,˥
菇,k,u:,,˥
菈,,,,
菉,l,ʊ,k,˨
菊,k,ʊ,k,˥
菋,m,ei,,˨
菌,kʰw,ɐ,n,˧˥
菍,,,,
菎,kʰw,ɐ,n,˥
菏,k,ɔ:,,˥
菐,,,,
菑,ts,i:,,˥
菒,,,,
菓,kw,ɔ:,,˧˥
菔,p,a:,k,˨
菕,l,ɵ,n,˩˨
菖,tsʰ,œ:,ŋ,˥
菗,,,,
菘,s,ʊ,ŋ,˥
菙,tsʰ,ɵy,,˩˨
菚,,,,
菛,,,,
菜,tsʰ,ɔ:i,,˧
菝,p,ɐ,t,˨
菞,,,,
菟,tʰ,ou,,˧
菠,p,ɔ:,,˥
菡,,a:,m,˧˥
菢,p,ou,,˨
菣,,,,
菤,k,y:,n,˧˥
菥,s,ɪ,k,˥
菦,,,,
菧,,,,
菨,ts,i:,p,˧
菩,pʰ,ou,,˩˨
菪,t,ɔ:,ŋ,˨
菫,k,ɐ,n,˧˥
菬,,,,
菭,,,,
菮,,,,
華,f,a:,,˥
菰,k,u:,,˥
菱,l,ɪ,ŋ,˩˨
菲,f,ei,,˥
菳,,,,
菴,,ɐ,m,˥
菵,m,ɔ:,ŋ,˩˧
菶,p,ʊ,ŋ,˧˥
菷,,,,
菸,j,i:,n,˥
菹,ts,ɵy,,˥
菺,k,i:,n,˥
菻,l,ɐ,m,˥
菼,tʰ,a:,m,˧˥
菽,s,ʊ,k,˨
菾,tʰ,i:,m,˩˨
菿,,,,
萀,,,,
萁,kʰ,ei,,˩˨
萂,,,,
萃,s,ɵy,,˨
萄,tʰ,ou,,˩˨
萅,,,,
萆,p,ei,,˥
萇,tsʰ,œ:,ŋ,˩˨
萈,,,,
萉,,,,
萊,l,ɔ:i,,˩˨
萋,tsʰ,ɐi,,˥
萌,m,ɐ,ŋ,˩˨
萍,pʰ,ɪ,ŋ,˩˨
萎,w,ɐi,,˥
萏,t,a:,m,˨
萐,s,a:,p,˧
萑,w,u:,n,˩˨
萒,,,,
萓,,,,
萔,,,,
萕,,,,
萖,,,,
萗,,,,
萘,,,,
萙,,,,
萚,tʰ,ɔ:,k,˧
萛,,,,
萜,,,,
萝,l,ɔ:,,˩˨
萞,,,,
萟,,,,
萠,,,,
萡,,,,
萢,,,,
萣,,,,
萤,j,ɪ,ŋ,˩˨
营,j,ɪ,ŋ,˩˨
萦,j,ɪ,ŋ,˩˨
萧,s,i:u,,˥
萨,s,a:,t,˧
萩,tsʰ,ɐu,,˥
萪,,,,
萫,,,,
萬,m,a:,n,˨
萭,k,ɵy,,˧˥
萮,,,,
萯,,,,
萰,,,,
萱,h,y:,n,˥
萲,h,y:,n,˥
萳,,,,
萴,ts,ɐ,k,˥
萵,w,ɔ:,,˥
萶,,,,
萷,s,i:u,,˥
萸,j,y:,,˩˨
萹,p,i:,n,˥
萺,,,,
萻,,,,
萼,ŋ,ɔ:,k,˨
落,l,a:i,,˨
萾,,,,
萿,,,,
葀,,,,
葁,,,,
葂,,,,
葃,ts,ou,,˨
葄,ts,ou,,˧
葅,ts,ɵy,,˥
葆,p,ou,,˧˥
葇,j,ɐu,,˧˥
葈,,,,
葉,j,i:,p,˨
葊,,,,
葋,,,,
葌,k,a:,n,˥
葍,f,ʊ,k,˥
葎,l,ɵ,t,˨
葏,,,,
葐,pʰ,u:,n,˩˨
葑,f,ʊ,ŋ,˥
葒,h,ʊ,ŋ,˩˨
葓,,,,
葔,,,,
葕,,,,
葖,t,ɐ,t,˨
著,ts,œ:,k,˧
葘,,,,
葙,s,œ:,ŋ,˥
葚,,,,
葛,k,ɔ:,t,˧
葜,,,,
葝,,,,
葞,m,ei,,˩˧
葟,,,,
葠,s,ɐ,m,˥
葡,pʰ,ou,,˩˨
葢,k,ɔ:i,,˧
董,t,ʊ,ŋ,˧˥
葤,,,,
葥,ts,i:,n,˧
葦,w,ɐi,,˩˧
葧,p,u:,t,˨
葨,,,,
葩,p,a:,,˥
葪,,,,
葫,w,u:,,˩˨
葬,ts,ɔ:,ŋ,˧
葭,k,a:,,˥
葮,,,,
葯,j,œ:,k,˥
葰,s,ɵy,,˥
葱,tsʰ,ʊ,ŋ,˥
葲,,,,
葳,w,ɐi,,˥
葴,ts,ɐ,m,˥
葵,kʰw,ɐi,,˩˨
葶,tʰ,ɪ,ŋ,˩˨
葷,f,ɐ,n,˥
葸,s,a:i,,˧˥
葹,s,i:,,˥
葺,tsʰ,ɐ,p,˥
葻,,,,
葼,,,,
葽,j,i:u,,˥
葾,j,y:,n,˥
葿,,,,
蒀,,,,
蒁,,,,
蒂,t,ɐi,,˧
蒃,,,,
蒄,,,,
蒅,,,,
蒆,,,,
蒇,tsʰ,i:,n,˧˥
蒈,,,,
蒉,kw,ɐi,,˨
蒊,,,,
蒋,ts,œ:,ŋ,˧˥
蒌,l,ɐu,,˩˨
蒍,w,ɐi,,˧˥
蒎,pʰ,a:i,,˧
蒏,,,,
蒐,s,ɐu,,˥
蒑,,,,
蒒,,,,
蒓,,,,
蒔,s,i:,,˩˨
蒕,,,,
蒖,,,,
蒗,l,ɔ:,ŋ,˨
蒘,j,y:,,˩˨
蒙,m,ʊ,ŋ,˩˨
蒚,,,,
蒛,kʰ,y:,t,˧
蒜,s,y:,n,˧
蒝,j,y:,n,˩˨
蒞,l,ei,,˨
蒟,k,ɵy,,˧˥
蒠,s,ɪ,k,˥
蒡,p,ɔ:,ŋ,˧˥
蒢,,,,
蒣,,,,
蒤,,,,
蒥,,,,
蒦,,,,
蒧,t,i:,m,˧˥
蒨,s,i:,n,˧
蒩,ts,ou,,˥
蒪,pʰ,ɔ:,k,˧
蒫,,,,
蒬,,,,
蒭,tsʰ,ɔ:,,˥
蒮,,,,
蒯,kw,a:i,,˧˥
蒰,,,,
蒱,pʰ,ɔ:,,˩˨
蒲,pʰ,ou,,˩˨
蒳,,,,
蒴,s,ɔ:,k,˧
蒵,,,,
蒶,f,ɐ,n,˩˨
蒷,,,,
蒸,ts,ɪ,ŋ,˥
蒹,k,i:,m,˥
蒺,ts,ɐ,t,˨
蒻,j,œ:,k,˨
蒼,tsʰ,ɔ:,ŋ,˥
蒽,,,,
蒾,,,,
蒿,h,ou,,˥
蓀,s,y:,n,˥
蓁,ts,ɵ,n,˥
蓂,m,ɪ,ŋ,˩˨
蓃,,,,
蓄,tsʰ,ʊ,k,˥
蓅,,,,
蓆,ts,ɛ:,k,˨
蓇,kw,ɐ,t,˥
蓈,,,,
蓉,j,ʊ,ŋ,˩˨
蓊,j,ʊ,ŋ,˧˥
蓋,k,ɔ:i,,˧
蓌,tsʰ,ɔ:,,˧
蓍,s,i:,,˥
蓎,,,,
蓏,l,ɔ:,,˧˥
蓐,j,ʊ,k,˨
蓑,s,ɔ:,,˥
蓒,,,,
蓓,p,u:i,,˧
蓔,,,,
蓕,,,,
蓖,p,ei,,˨
蓗,,,,
蓘,,,,
蓙,,,,
蓚,,,,
蓛,,,,
蓜,,,,
蓝,l,a:,m,˩˨
蓞,,,,
蓟,k,ɐi,,˧
蓠,l,ei,,˩˨
蓡,,,,
蓢,l,ɔ:,ŋ,˥
蓣,j,y:,,˨
蓤,,,,
蓥,j,ɪ,ŋ,˩˨
蓦,m,ɐ,k,˨
蓧,t,i:u,,˨
蓨,s,ɐu,,˥
蓩,,,,
蓪,tʰ,ʊ,ŋ,˥
蓫,ts,ʊ,k,˨
蓬,f,ʊ,ŋ,˩˨
蓭,,,,
蓮,l,i:,n,˩˨
蓯,tsʰ,ʊ,ŋ,˥
蓰,s,a:i,,˧˥
蓱,,,,
蓲,h,ɐu,,˥
蓳,k,ɐ,n,˧˥
蓴,s,ɵ,n,˩˨
蓵,,,,
蓶,,,,
蓷,tʰ,ɵy,,˥
蓸,,,,
蓹,,,,
蓺,ŋ,ɐi,,˨
蓻,ts,ɐ,p,˥
蓼,l,i:u,,˩˧
蓽,p,ɐ,t,˥
蓾,l,ou,,˩˧
蓿,s,ʊ,k,˥
蔀,p,ou,,˨
蔁,,,,
蔂,l,ɵy,,˩˨
蔃,k,œ:,ŋ,˧˥
蔄,,,,
蔅,,,,
蔆,l,ɪ,ŋ,˩˨
蔇,k,ei,,˧
蔈,p,i:u,,˥
蔉,kw,ɐ,n,˧˥
蔊,h,ɔ:,n,˩˧
蔋,,,,
蔌,tsʰ,ʊ,k,˥
蔍,,,,
蔎,tsʰ,i:,t,˧
蔏,s,œ:,ŋ,˥
蔐,,,,
蔑,m,i:,t,˨
蔒,,,,
蔓,m,a:,n,˩˨
蔔,p,a:,k,˨
蔕,t,a:i,,˧
蔖,,,,
蔗,ts,ɛ:,,˧
蔘,,,,
蔙,,,,
蔚,w,ɐi,,˧
蔛,,,,
蔜,,,,
蔝,,,,
蔞,l,ɐu,,˩˨
蔟,tsʰ,ʊ,k,˥
蔠,ts,ʊ,ŋ,˥
蔡,tsʰ,ɔ:i,,˧
蔢,,,,
蔣,ts,œ:,ŋ,˧˥
蔤,m,ɐ,t,˨
蔥,tsʰ,ʊ,ŋ,˥
蔦,n,i:u,,˩˧
蔧,s,ɵy,,˨
蔨,,,,
蔩,,,,
蔪,s,a:,m,˥
蔫,j,i:,n,˥
蔬,s,ɔ:,,˥
蔭,j,ɐ,m,˧
蔮,,,,
蔯,tsʰ,ɐ,n,˩˨
蔰,,,,
蔱,s,a:,t,˧
蔲,kʰ,ɐu,,˧
蔳,,,,
蔴,m,a:,,˩˨
蔵,,,,
蔶,,,,
蔷,tsʰ,œ:,ŋ,˩˨
蔸,t,ɐu,,˥
蔹,l,i:,m,˩˨
蔺,l,ɵ,n,˨
蔻,kʰ,ɐu,,˧
蔼,ŋ,ɔ:i,,˧˥
蔽,p,ɐi,,˧
蔾,l,ɐi,,˩˨
蔿,,,,
蕀,,,,
蕁,tsʰ,ɐ,m,˩˨
蕂,,,,
蕃,f,a:,n,˩˨
蕄,,,,
蕅,ŋ,ɐu,,˩˧
蕆,tsʰ,i:,n,˧˥
蕇,t,i:,n,˧˥
蕈,tsʰ,ɐ,m,˩˧
蕉,ts,i:u,,˥
蕊,j,ɵy,,˩˧
蕋,,,,
蕌,,,,
蕍,j,y:,,˩˨
蕎,kʰ,i:u,,˩˨
蕏,,,,
蕐,,,,
蕑,k,a:,n,˥
蕒,,,,
蕓,w,ɐ,n,˩˨
蕔,,,,
蕕,j,ɐu,,˩˨
蕖,kʰ,ɵy,,˩˨
蕗,l,ou,,˨
蕘,j,i:u,,˩˨
蕙,w,ɐi,,˨
蕚,,,,
蕛,tʰ,ɐi,,˩˨
蕜,,,,
蕝,ts,y:,t,˧
蕞,ts,ɵy,,˧
蕟,,,,
蕠,j,y:,,˩˨
蕡,f,ɐ,n,˩˨
蕢,kw,ɐi,,˨
蕣,s,ɵ,n,˧
蕤,j,ɵy,,˩˨
蕥,,,,
蕦,,,,
蕧,f,ʊ,k,˨
蕨,kʰ,y:,t,˧
蕩,t,ɔ:,ŋ,˨
蕪,m,ou,,˩˨
蕫,t,ʊ,ŋ,˧˥
蕬,,,,
蕭,s,i:u,,˥
蕮,s,ɪ,k,˥
蕯,,,,
蕰,w,ɐ,n,˥
蕱,,,,
蕲,kʰ,ei,,˩˨
蕳,,,,
蕴,w,ɐ,n,˧
蕵,,,,
蕶,,,,
蕷,j,y:,,˨
蕸,h,a:,,˩˨
蕹,j,ʊ,ŋ,˥
蕺,tsʰ,ɐ,p,˥
蕻,h,ʊ,ŋ,˩˨
蕼,s,ei,,˧
蕽,,,,
蕾,l,ɵy,,˩˨
蕿,,,,
薀,w,ɐ,n,˥
薁,j,ʊ,k,˥
薂,,,,
薃,h,ou,,˨
薄,p,ɔ:,k,˨
薅,h,ou,,˥
薆,,ɔ:i,,˧
薇,m,ei,,˩˨
薈,kʰ,u:i,,˧˥
薉,w,ɐi,,˧
薊,k,ɐi,,˧
薋,tsʰ,i:,,˩˨
薌,h,œ:,ŋ,˥
薍,l,y:,n,˨
薎,,,,
薏,j,i:,,˧
薐,l,ɪ,ŋ,˩˨
薑,k,œ:,ŋ,˥
薒,,,,
薓,,,,
薔,tsʰ,œ:,ŋ,˩˨
薕,,,,
薖,kw,ɔ:,,˥
薗,,,,
薘,t,a:,t,˨
薙,tʰ,ɐi,,˧
薚,,,,
薛,s,i:,t,˧
薜,p,ɐi,,˨
薝,ts,i:,m,˥
薞,,,,
薟,tsʰ,i:,m,˥
薠,f,a:,n,˩˨
薡,t,ɪ,ŋ,˧˥
薢,k,a:i,,˥
薣,,,,
薤,h,a:i,,˨
薥,,,,
薦,ts,i:,n,˧
薧,h,a:u,,˧˥
薨,kw,ɐ,ŋ,˥
薩,s,a:,t,˧
薪,s,ɐ,n,˥
薫,,,,
薬,j,œ:,k,˧
薭,,,,
薮,s,ɐu,,˧˥
薯,s,y:,,˧˥
薰,f,ɐ,n,˥
薱,t,ɵy,,˨
薲,,,,
薳,j,y:,n,˩˧
薴,n,ɪ,ŋ,˩˨
薵,,,,
薶,m,a:i,,˩˨
薷,j,y:,,˩˨
薸,pʰ,i:u,,˥
薹,tʰ,ɔ:i,,˩˨
薺,tsʰ,ɐi,,˩˨
薻,,,,
薼,,,,
薽,ts,ɐ,n,˥
薾,j,i:,,˩˧
薿,j,i:,,˩˧
藀,,,,
藁,k,ou,,˧˥
藂,tsʰ,ʊ,ŋ,˩˨
藃,h,i:u,,˥
藄,,,,
藅,,,,
藆,,,,
藇,j,y:,,˨
藈,,,,
藉,ts,ɛ:,,˧
藊,,,,
藋,t,i:u,,˧
藌,,,,
藍,l,a:,m,˩˨
藎,ts,ɵ,n,˧˥
藏,tsʰ,ɔ:,ŋ,˩˨
藐,m,i:u,,˧˥
藑,kʰ,ɪ,ŋ,˩˨
藒,,,,
藓,s,i:,n,˧˥
藔,,,,
藕,ŋ,ɐu,,˩˧
藖,,,,
藗,,,,
藘,l,ɵy,,˩˨
藙,ŋ,ɐi,,˨
藚,ts,ʊ,k,˨
藛,,,,
藜,l,ɐi,,˩˨
藝,ŋ,ɐi,,˨
藞,,,,
藟,l,ɵy,,˩˧
藠,,,,
藡,t,ɪ,k,˨
藢,,,,
藣,p,ei,,˥
藤,tʰ,ɐ,ŋ,˩˨
藥,j,œ:,k,˨
藦,m,ɔ:,,˩˨
藧,,,,
藨,p,i:u,,˥
藩,f,a:,n,˩˨
藪,s,ɐu,,˧˥
藫,tʰ,a:,m,˩˨
藬,tʰ,ɵy,,˥
藭,kʰ,ʊ,ŋ,˥
藮,,,,
藯,,,,
藰,,,,
藱,,,,
藲,,,,
藳,,,,
藴,,,,
藵,,,,
藶,l,ɪ,k,˨
藷,s,y:,,˩˨
藸,ts,y:,,˥
藹,ŋ,ɔ:i,,˧˥
藺,l,ɵ,n,˨
藻,ts,ou,,˧˥
藼,,,,
藽,,,,
藾,l,a:i,,˨
藿,f,ɔ:,k,˧
蘀,tʰ,ɔ:,k,˧
蘁,ŋ,,,˨
蘂,,,,
蘃,,,,
蘄,kʰ,ei,,˩˨
蘅,h,ɐ,ŋ,˩˨
蘆,l,ou,,˩˨
蘇,s,ou,,˥
蘈,,,,
蘉,m,ɔ:,ŋ,˩˨
蘊,w,ɐ,n,˧
蘋,pʰ,ɐ,n,˩˨
蘌,j,y:,,˩˧
蘍,,,,
蘎,,,,
蘏,,,,
蘐,,,,
蘑,m,ɔ:,,˩˨
蘒,,,,
蘓,,,,
蘔,,,,
蘕,,,,
蘖,,,,
蘗,j,i:,t,˨
蘘,j,œ:,ŋ,˩˨
蘙,,,,
蘚,s,i:,n,˧˥
蘛,,,,
蘜,k,ʊ,k,˥
蘝,,,,
蘞,l,i:,m,˩˨
蘟,,,,
蘠,tsʰ,œ:,ŋ,˩˨
蘡,j,ɪ,ŋ,˥
蘢,l,ʊ,ŋ,˩˨
蘣,,,,
蘤,f,a:,,˥
蘥,j,œ:,k,˨
蘦,l,ɪ,ŋ,˩˨
蘧,kʰ,ɵy,,˩˨
蘨,j,ɐu,,˩˨
蘩,f,a:,n,˩˨
蘪,,,,
蘫,,,,
蘬,kw,ɐi,,˥
蘭,l,a:,n,˩˨
蘮,k,ɐi,,˥
蘯,,,,
蘰,,,,
蘱,l,ɵy,,˨
蘲,l,ɵy,,˩˨
蘳,,,,
蘴,f,ʊ,ŋ,˥
蘵,ts,ɪ,k,˥
蘶,,,,
蘷,,,,
蘸,ts,a:,m,˧
蘹,w,a:i,,˩˨
蘺,l,ei,,˩˨
蘻,,,,
蘼,m,ei,,˩˨
蘽,l,ɵy,,˩˧
蘾,w,a:i,,˨
蘿,l,ɔ:,,˩˨
虀,ts,ɐi,,˥
虁,,,,
虂,,,,
虃,,,,
虄,,,,
虅,,,,
虆,l,ɵy,,˩˨
虇,h,y:,n,˧˥
虈,h,i:u,,˥
虉,,,,
虊,,,,
虋,m,u:,n,˩˨
虌,p,i:,t,˧
虍,f,u:,,˥
虎,f,u:,,˧˥
虏,l,ou,,˩˧
虐,j,œ:,k,˨
虑,l,ɵy,,˨
虒,s,i:,,˥
虓,h,a:u,,˥
虔,kʰ,i:,n,˩˨
處,s,y:,,˧
虖,f,u:,,˥
虗,,,,
虘,,,,
虙,f,ʊ,k,˨
虚,h,ɵy,,˥
虛,h,ɵy,,˥
虜,l,ou,,˩˧
虝,,,,
虞,j,y:,,˩˨
號,h,ou,,˩˨
虠,,,,
虡,k,ɵy,,˨
虢,kw,ɪ,k,˥
虣,p,ou,,˨
虤,ŋ,a:,n,˩˨
虥,,,,
虦,,,,
虧,f,ɐi,,˥
虨,,,,
虩,kw,ɪ,k,˥
虪,,,,
虫,tsʰ,ʊ,ŋ,˩˨
虬,kʰ,ɐu,,˩˨
虭,,,,
虮,k,ei,,˧˥
虯,kʰ,ɐu,,˩˨
虰,,,,
虱,,,,
虲,,,,
虳,,,,
虴,,,,
虵,,,,
虶,,,,
虷,k,ɔ:,n,˥
虸,,,,
虹,h,ʊ,ŋ,˩˨
虺,f,u:i,,˥
虻,m,ɔ:,ŋ,˩˨
虼,k,ɐ,t,˥
虽,s,ɵy,,˥
虾,h,a:,,˥
虿,tsʰ,a:i,,˧
蚀,s,i:,t,˨
蚁,ŋ,ɐi,,˩˧
蚂,m,a:,,˥
蚃,,,,
蚄,,,,
蚅,,,,
蚆,,,,
蚇,,,,
蚈,,,,
蚉,,,,
蚊,m,ɐ,n,˥
蚋,j,ɵy,,˨
蚌,pʰ,ɔ:,ŋ,˩˧
蚍,pʰ,ei,,˩˨
蚎,j,i:,m,˩˨
蚏,,,,
蚐,,,,
蚑,kʰ,ei,,˩˨
蚒,j,i:,m,˩˨
蚓,j,ɐ,n,˩˧
蚔,,,,
蚕,tsʰ,a:,m,˩˨
蚖,j,y:,n,˩˨
蚗,,,,
蚘,w,u:i,,˩˨
蚙,,,,
蚚,,,,
蚛,,,,
蚜,ŋ,a:,,˩˨
蚝,h,ou,,˩˨
蚞,,,,
蚟,,,,
蚠,,,,
蚡,f,ɐ,n,˩˨
蚢,h,ɔ:,ŋ,˩˨
蚣,k,ʊ,ŋ,˥
蚤,ts,ou,,˧˥
蚥,,,,
蚦,,,,
蚧,k,a:i,,˧
蚨,f,u:,,˩˨
蚩,tsʰ,i:,,˥
蚪,t,ɐu,,˧˥
蚫,,,,
蚬,h,i:,n,˧˥
蚭,,,,
蚮,,,,
蚯,j,ɐu,,˥
蚰,j,ɐu,,˩˨
蚱,ts,a:,,˧
蚲,,,,
蚳,tsʰ,i:,,˩˨
蚴,j,ɐu,,˧˥
蚵,h,ɔ:,,˩˨
蚶,h,ɐ,m,˥
蚷,k,ɵy,,˨
蚸,,,,
蚹,f,u:,,˨
蚺,j,i:,m,˩˨
蚻,ts,a:,t,˧
蚼,,,,
蚽,,,,
蚾,,,,
蚿,j,i:,n,˩˨
蛀,ts,y:,,˧
蛁,t,i:u,,˥
蛂,,,,
蛃,,,,
蛄,k,u:,,˥
蛅,j,i:,m,˩˨
蛆,tsʰ,ɵy,,˥
蛇,s,ɛ:,,˩˨
蛈,,,,
蛉,l,ɪ,ŋ,˩˨
蛊,k,u:,,˧˥
蛋,t,a:,n,˧˥
蛌,k,u:,,˧˥
蛍,,,,
蛎,l,ɐi,,˨
蛏,tsʰ,ɪ,ŋ,˥
蛐,kʰ,ʊ,k,˥
蛑,m,ɐi,,˩˨
蛒,,,,
蛓,tsʰ,i:,,˧
蛔,w,u:i,,˩˨
蛕,w,u:i,,˩˧
蛖,,,,
蛗,f,ɐu,,˨
蛘,j,œ:,ŋ,˩˨
蛙,w,a:,,˥
蛚,l,i:,t,˨
蛛,ts,y:,,˥
蛜,j,i:,,˥
蛝,,,,
蛞,f,u:,t,˧
蛟,k,a:u,,˥
蛠,,,,
蛡,,,,
蛢,,,,
蛣,k,ɐ,t,˥
蛤,k,a:,p,˧
蛥,,,,
蛦,,,,
蛧,,,,
蛨,,,,
蛩,kʰ,ʊ,ŋ,˩˨
蛪,,,,
蛫,,,,
蛬,k,ʊ,ŋ,˧˥
蛭,ts,ɐ,t,˨
蛮,m,a:,n,˩˨
蛯,,,,
蛰,ts,ɐ,t,˨
蛱,k,a:,p,˧
蛲,j,i:u,,˩˨
蛳,s,i:,,˥
蛴,tsʰ,ɐi,,˩˨
蛵,,,,
蛶,,,,
蛷,kʰ,ɐu,,˩˨
蛸,s,a:u,,˥
蛹,j,ʊ,ŋ,˧˥
蛺,k,a:,p,˧
蛻,s,ɵy,,˧
蛼,,,,
蛽,,,,
蛾,ŋ,ɔ:,,˩˨
蛿,,,,
蜀,s,ʊ,k,˨
蜁,,,,
蜂,f,ʊ,ŋ,˥
蜃,s,ɐ,n,˩˨
蜄,ts,ɐ,n,˧
蜅,f,u:,,˧˥
蜆,h,i:,n,˧˥
蜇,ts,i:,t,˧
蜈,ŋ,,,˩˨
蜉,f,ɐu,,˩˨
蜊,l,ei,,˩˨
蜋,l,œ:,ŋ,˩˨
蜌,p,ɐi,,˨
蜍,tsʰ,ɵy,,˩˨
蜎,j,y:,n,˥
蜏,,,,
蜐,,,,
蜑,t,a:,n,˨
蜒,j,i:,n,˩˨
蜓,tʰ,ɪ,ŋ,˩˨
蜔,t,i:,n,˨
蜕,s,ɵy,,˧
蜖,,,,
蜗,w,ɔ:,,˥
蜘,ts,i:,,˥
蜙,,,,
蜚,f,ei,,˥
蜛,,,,
蜜,m,ɐ,t,˨
蜝,kʰ,ei,,˩˨
蜞,kʰ,ei,,˩˨
蜟,,,,
蜠,,,,
蜡,l,a:,p,˨
蜢,m,a:,ŋ,˩˧
蜣,k,œ:,ŋ,˥
蜤,s,i:,,˥
蜥,s,ɪ,k,˥
蜦,,,,
蜧,,,,
蜨,t,i:,p,˨
蜩,tʰ,i:u,,˩˨
蜪,,,,
蜫,kw,ɐ,n,˥
蜬,,,,
蜭,h,ɐ,m,˩˧
蜮,w,ɪ,k,˨
蜯,,,,
蜰,f,ei,,˩˨
蜱,pʰ,ei,,˩˨
蜲,,,,
蜳,t,ɵ,n,˥
蜴,j,ɪ,k,˨
蜵,,,,
蜶,ts,ɵ,t,˥
蜷,kʰ,y:,n,˩˨
蜸,,,,
蜹,j,ɵy,,˧
蜺,ŋ,ɐi,,˩˨
蜻,tsʰ,ɪ,ŋ,˥
蜼,w,ɐi,,˧˥
蜽,,,,
蜾,kw,ɔ:,,˧˥
蜿,j,y:,n,˥
蝀,t,ʊ,ŋ,˥
蝁,,,,
蝂,p,a:,n,˧˥
蝃,t,ɐi,,˧
蝄,,,,
蝅,,,,
蝆,,,,
蝇,j,ɪ,ŋ,˩˨
蝈,kw,ɔ:,k,˧
蝉,s,i:,m,˩˨
蝊,,,,
蝋,,,,
蝌,f,ɔ:,,˥
蝍,ts,ɪ,k,˥
蝎,h,i:,t,˧
蝏,,,,
蝐,m,ou,,˨
蝑,s,ɵy,,˥
蝒,,,,
蝓,j,y:,,˩˨
蝔,k,a:i,,˥
蝕,s,i:,t,˨
蝖,,,,
蝗,w,ɔ:,ŋ,˩˨
蝘,j,i:,n,˧˥
蝙,p,i:,n,˥
蝚,,,,
蝛,w,ɐi,,˥
蝜,f,u:,,˨
蝝,j,y:,n,˩˨
蝞,m,ei,,˥
蝟,w,ɐi,,˨
蝠,f,ʊ,k,˥
蝡,j,y:,,˩˨
蝢,,,,
蝣,j,ɐu,,˩˨
蝤,tsʰ,ɐu,,˩˨
蝥,m,a:u,,˩˨
蝦,h,a:,,˥
蝧,,,,
蝨,s,ɐ,t,˥
蝩,,,,
蝪,j,ɪ,k,˨
蝫,,,,
蝬,,,,
蝭,,,,
蝮,f,ʊ,k,˥
蝯,j,y:,n,˩˨
蝰,,,,
蝱,m,ɔ:,ŋ,˩˨
蝲,,,,
蝳,t,ɔ:i,,˨
蝴,w,u:,,˩˨
蝵,,,,
蝶,t,i:,p,˨
蝷,,,,
蝸,w,ɔ:,,˥
蝹,,,,
蝺,,,,
蝻,n,a:,m,˩˨
蝼,l,ɐu,,˩˨
蝽,,,,
蝾,w,ɪ,ŋ,˩˨
蝿,,,,
螀,ts,œ:,ŋ,˥
螁,,,,
螂,l,ɔ:,ŋ,˩˨
螃,pʰ,ɔ:,ŋ,˩˨
螄,s,i:,,˥
螅,s,ɪ,k,˥
螆,ts,i:,,˥
螇,h,ɐi,,˩˨
螈,j,y:,n,˩˨
螉,j,ʊ,ŋ,˥
螊,,,,
螋,,,,
螌,p,a:,n,˥
融,j,ʊ,ŋ,˩˨
螎,j,ʊ,ŋ,˩˨
螏,,,,
螐,,,,
螑,,,,
螒,h,ɔ:,n,˨
螓,tsʰ,ɵ,n,˩˨
螔,j,i:,,˩˨
螕,,,,
螖,w,a:,t,˨
螗,tʰ,ɔ:,ŋ,˩˨
螘,ŋ,ɐi,,˩˧
螙,,,,
螚,,,,
螛,,,,
螜,,,,
螝,,,,
螞,m,a:,,˥
螟,m,ɪ,ŋ,˩˨
螠,,,,
螡,,,,
螢,j,ɪ,ŋ,˩˨
螣,t,ɐ,k,˨
螤,,,,
螥,,,,
螦,,,,
螧,,,,
螨,,,,
螩,,,,
螪,,,,
螫,tsʰ,ɪ,k,˥
螬,tsʰ,ou,,˩˨
螭,tsʰ,i:,,˥
螮,t,ɐi,,˧
螯,ŋ,ou,,˩˨
螰,,,,
螱,,,,
螲,t,i:,t,˨
螳,tʰ,ɔ:,ŋ,˩˨
螴,tsʰ,ɐ,n,˩˨
螵,pʰ,i:u,,˥
螶,,,,
螷,,,,
螸,,,,
螹,ts,i:,m,˨
螺,l,ɔ:,,˧˥
螻,l,ɐu,,˩˨
螼,,,,
螽,ts,ʊ,ŋ,˥
螾,j,ɐ,n,˩˧
螿,ts,œ:,ŋ,˥
蟀,s,ɵ,t,˥
蟁,,,,
蟂,,,,
蟃,,,,
蟄,ts,ɐ,t,˨
蟅,ts,ɛ:,,˧
蟆,m,a:,,˩˨
蟇,,,,
蟈,kw,ɔ:,k,˧
蟉,l,ɐu,,˩˨
蟊,m,a:u,,˩˨
蟋,s,ɪ,k,˥
蟌,,,,
蟍,,,,
蟎,,,,
蟏,s,i:u,,˥
蟐,,,,
蟑,ts,œ:,ŋ,˥
蟒,m,ɔ:,ŋ,˩˧
蟓,ts,œ:,ŋ,˨
蟔,m,ɐ,t,˨
蟕,,,,
蟖,,,,
蟗,,,,
蟘,t,ɐ,t,˨
蟙,ts,ɪ,k,˥
蟚,pʰ,a:,ŋ,˩˨
蟛,pʰ,a:,ŋ,˩˨
蟜,k,i:u,,˧˥
蟝,kʰ,ɵy,,˧˥
蟞,,,,
蟟,l,i:u,,˩˨
蟠,f,a:,n,˩˨
蟡,,,,
蟢,h,ei,,˧˥
蟣,k,ei,,˧˥
蟤,,,,
蟥,w,ɔ:,ŋ,˩˨
蟦,,,,
蟧,l,ou,,˩˨
蟨,kʰ,y:,t,˧
蟩,,,,
蟪,w,ɐi,,˨
蟫,tʰ,a:,m,˩˨
蟬,s,i:,m,˩˨
蟭,ts,i:u,,˥
蟮,,,,
蟯,j,i:u,,˩˨
蟰,,,,
蟱,,,,
蟲,tsʰ,ʊ,ŋ,˩˨
蟳,,,,
蟴,s,i:,,˥
蟵,,,,
蟶,tsʰ,ɪ,ŋ,˥
蟷,t,ɔ:,ŋ,˥
蟸,,,,
蟹,h,a:i,,˩˧
蟺,s,i:,n,˩˧
蟻,ŋ,ɐi,,˩˧
蟼,k,ɪ,ŋ,˧˥
蟽,,,,
蟾,s,i:,m,˩˨
蟿,kʰ,ɐi,,˧
蠀,,,,
蠁,h,œ:,ŋ,˧˥
蠂,,,,
蠃,l,ɔ:,,˧˥
蠄,kʰ,ɐ,m,˩˨
蠅,j,ɪ,ŋ,˩˨
蠆,tsʰ,a:i,,˧
蠇,,,,
蠈,tsʰ,a:,k,˨
蠉,h,y:,n,˥
蠊,l,i:,m,˩˨
蠋,ts,ʊ,k,˥
蠌,ts,a:,k,˨
蠍,h,i:,t,˧
蠎,,,,
蠏,h,a:i,,˩˧
蠐,tsʰ,ɐi,,˩˨
蠑,w,ɪ,ŋ,˩˨
蠒,,,,
蠓,m,ʊ,ŋ,˩˧
蠔,h,ou,,˩˨
蠕,j,y:,,˩˨
蠖,w,ɔ:,k,˨
蠗,,,,
蠘,,,,
蠙,p,ɐ,n,˥
蠚,,,,
蠛,m,i:,t,˨
蠜,f,a:,n,˩˨
蠝,l,ɵy,,˩˧
蠞,,,,
蠟,l,a:,p,˨
蠠,,,,
蠡,l,ɐi,,˩˧
蠢,tsʰ,ɵ,n,˧˥
蠣,l,ɐi,,˨
蠤,,,,
蠥,j,i:,p,˨
蠦,l,ou,,˩˨
蠧,,,,
蠨,s,i:u,,˥
蠩,,,,
蠪,l,ʊ,ŋ,˩˨
蠫,,,,
蠬,,,,
蠭,f,ʊ,ŋ,˥
蠮,j,i:,t,˨
蠯,,,,
蠰,j,œ:,ŋ,˩˨
蠱,k,u:,,˧˥
蠲,k,y:,n,˥
蠳,,,,
蠴,,,,
蠵,kʰw,ɐi,,˩˨
蠶,tsʰ,a:,m,˩˨
蠷,f,ɔ:,k,˧
蠸,kʰ,y:,n,˩˨
蠹,t,ou,,˧
蠺,,,,
蠻,m,a:,n,˩˨
蠼,f,ɔ:,k,˧
蠽,,,,
蠾,,,,
蠿,,,,
血,h,y:,t,˧
衁,f,ɔ:,ŋ,˥
衂,,,,
衃,pʰ,u:i,,˥
衄,n,ʊ,k,˨
衅,j,ɐ,n,˧
衆,ts,ʊ,ŋ,˧
衇,m,ɐ,k,˨
衈,j,i:,,˨
衉,,,,
衊,m,i:,t,˨
衋,s,ɪ,k,˥
行,h,a:,ŋ,˩˨
衍,h,i:,n,˧˥
衎,h,ɔ:,n,˧˥
衏,,,,
衐,,,,
衑,,,,
衒,j,y:,n,˨
術,s,ɵ,t,˨
衔,h,a:,m,˩˨
衕,t,ʊ,ŋ,˨
衖,h,ɔ:,ŋ,˨
街,k,a:i,,˥
衘,,,,
衙,,a:,,˩˨
衚,w,u:,,˩˨
衛,w,ɐi,,˨
衜,,,,
衝,tsʰ,ʊ,ŋ,˥
衞,w,ɐi,,˨
衟,,,,
衠,,,,
衡,h,ɐ,ŋ,˩˨
衢,kʰ,ɵy,,˩˨
衣,j,i:,,˥
衤,,,,
补,p,ou,,˧˥
衦,,,,
衧,j,y:,,˥
表,p,i:u,,˧˥
衩,tsʰ,a:,,˧
衪,j,i:,,˩˨
衫,s,a:,m,˥
衬,tsʰ,ɐ,n,˧
衭,f,u:,,˥
衮,kw,ɐ,n,˧˥
衯,,,,
衰,s,ɵy,,˥
衱,k,i:,p,˧
衲,n,a:,p,˨
衳,,,,
衴,,,,
衵,j,ɐ,t,˨
衶,,,,
衷,tsʰ,ʊ,ŋ,˥
衸,,,,
衹,ts,i:,,˧˥
衺,,,,
衻,,,,
衼,,,,
衽,j,ɐ,m,˩˧
衾,kʰ,ɐ,m,˥
衿,k,ɐ,m,˥
袀,kw,ɐ,n,˥
袁,j,y:,n,˩˨
袂,m,ɐi,,˨
袃,,,,
袄,,ou,,˧˥
袅,n,i:u,,˩˧
袆,f,ɐi,,˥
袇,,,,
袈,k,a:,,˥
袉,,,,
袊,,,,
袋,t,ɔ:i,,˨
袌,pʰ,ɔ:,,˩˧
袍,pʰ,ou,,˩˨
袎,,,,
袏,,,,
袐,,,,
袑,s,i:u,,˨
袒,tʰ,a:,n,˧˥
袓,,,,
袔,,,,
袕,,,,
袖,ts,ɐu,,˨
袗,tsʰ,ɐ,n,˧˥
袘,j,i:,,˩˨
袙,m,ɐ,k,˨
袚,f,ɐi,,˧
袛,t,ɐi,,˥
袜,m,ɐ,t,˨
袝,,,,
袞,kw,ɐ,n,˧˥
袟,t,i:,t,˨
袠,,,,
袡,,,,
袢,pʰ,a:,n,˧
袣,,,,
袤,m,ɐu,,˨
袥,,,,
袦,,,,
袧,k,ɐu,,˥
袨,,,,
袩,,,,
袪,kʰ,ɵy,,˥
被,pʰ,ei,,˩˧
袬,kw,ɐ,n,˧˥
袭,ts,a:,p,˨
袮,,,,
袯,p,u:,t,˨
袰,,,,
袱,f,ʊ,k,˨
袲,j,i:,,˩˨
袳,,,,
袴,f,u:,,˧
袵,j,ɐ,m,˩˨
袶,,,,
袷,k,a:,p,˧
袸,,,,
袹,m,ɐ,k,˨
袺,k,i:,t,˧
袻,,,,
袼,k,ɔ:,k,˧
袽,j,y:,,˩˨
袾,ts,y:,,˥
袿,,,,
裀,j,ɐ,n,˥
裁,tsʰ,ɔ:i,,˩˨
裂,l,i:,t,˨
裃,,,,
裄,,,,
装,ts,ɔ:,ŋ,˥
裆,t,ɔ:,ŋ,˥
裇,s,ɵ,t,˥
裈,kw,ɐ,n,˥
裉,kʰ,ɐ,ŋ,˧
裊,n,i:u,,˩˧
裋,s,y:,,˨
裌,k,a:,p,˧
裍,,,,
裎,tsʰ,ɪ,ŋ,˩˨
裏,l,ei,,˩˧
裐,,,,
裑,,,,
裒,f,ɐu,,˩˨
裓,,,,
裔,j,ɵy,,˨
裕,j,y:,,˨
裖,ts,ɐ,n,˧
裗,,,,
裘,kʰ,ɐu,,˩˨
裙,kʰw,ɐ,n,˩˨
裚,,,,
裛,j,ɐ,p,˥
補,p,ou,,˧˥
裝,ts,ɔ:,ŋ,˥
裞,s,ɵy,,˧
裟,s,a:,,˥
裠,,,,
裡,l,ei,,˩˧
裢,l,i:,n,˩˨
裣,l,i:,m,˨
裤,f,u:,,˧
裥,,,,
裦,,,,
裧,s,i:,m,˩˨
裨,p,ei,,˥
裩,,,,
裪,,,,
裫,,,,
裬,,,,
裭,,,,
裮,,,,
裯,tsʰ,ɐu,,˩˨
裰,ts,y:,t,˧
裱,p,i:u,,˧˥
裲,l,œ:,ŋ,˩˧
裳,s,œ:,ŋ,˩˨
裴,pʰ,u:i,,˩˨
裵,,,,
裶,f,ei,,˥
裷,kw,ɐ,n,˧˥
裸,l,ɔ:,,˧˥
裹,kw,ɔ:,,˧˥
裺,j,i:,m,˧˥
裻,t,ʊ,k,˥
裼,s,ɪ,k,˧
製,ts,ɐi,,˧
裾,k,ɵy,,˥
裿,,,,
褀,,,,
褁,kw,ɔ:,,˧˥
褂,kw,a:,,˧
褃,,,,
褄,,,,
褅,,,,
褆,s,i:,,˨
複,f,ʊ,k,˥
褈,,,,
褉,,,,
褊,p,i:,n,˧˥
褋,t,i:,p,˨
褌,kw,ɐ,n,˥
褍,,,,
褎,j,ɐu,,˨
褏,,,,
褐,h,ɔ:,t,˧
褑,j,y:,n,˨
褒,p,ou,,˥
褓,p,ou,,˧˥
褔,f,u:,,˧
褕,j,y:,,˩˨
褖,tʰ,ɵ,n,˧
褗,,,,
褘,f,ɐi,,˥
褙,p,u:i,,˧
褚,tsʰ,y:,,˧˥
褛,l,ɐu,,˥
褜,,,,
褝,,,,
褞,w,ɐ,n,˧˥
褟,tʰ,a:,p,˧
褠,,,,
褡,t,a:,p,˧
褢,w,a:i,,˩˨
褣,,,,
褤,,,,
褥,j,ʊ,k,˨
褦,l,ɛ:,,˩˧
褧,kw,ɪ,ŋ,˧˥
褨,,,,
褩,,,,
褪,tʰ,ɐ,n,˧
褫,tsʰ,i:,,˧˥
褬,,,,
褭,n,i:u,,˩˧
褮,,,,
褯,ts,ɪ,k,˨
褰,h,i:,n,˥
褱,w,a:i,,˩˨
褲,f,u:,,˧
褳,l,i:,n,˩˨
褴,l,a:,m,˩˨
褵,l,ei,,˩˨
褶,t,i:,p,˨
褷,s,i:,,˥
褸,l,ɐu,,˥
褹,,,,
褺,,,,
褻,s,i:,t,˧
褼,s,i:,n,˥
褽,w,ɐi,,˧
褾,p,i:u,,˧˥
褿,,,,
襀,,,,
襁,kʰ,œ:,ŋ,˩˧
襂,s,ɐ,m,˥
襃,p,ou,,˥
襄,s,œ:,ŋ,˥
襅,,,,
襆,p,ʊ,k,˨
襇,,,,
襈,,,,
襉,k,a:,n,˧
襊,,,,
襋,k,ɪ,k,˥
襌,t,a:,n,˥
襍,,,,
襎,,,,
襏,p,u:,t,˨
襐,ts,œ:,ŋ,˨
襑,,,,
襒,p,i:,t,˨
襓,j,i:u,,˩˨
襔,,,,
襕,l,a:,n,˩˨
襖,,ou,,˧˥
襗,t,ɔ:,k,˨
襘,f,u:i,,˧˥
襙,,,,
襚,s,ɵy,,˨
襛,n,ʊ,ŋ,˩˨
襜,l,i:,m,˩˧
襝,l,i:,m,˨
襞,p,ɪ,k,˥
襟,kʰ,ɐ,m,˥
襠,t,ɔ:,ŋ,˥
襡,t,ʊ,k,˨
襢,tʰ,a:,n,˧˥
襣,p,ei,,˨
襤,l,a:,m,˩˨
襥,,,,
襦,j,y:,,˩˨
襧,,,,
襨,,,,
襩,,,,
襪,m,ɐ,t,˨
襫,s,ɪ,k,˥
襬,p,a:i,,˧˥
襭,k,i:,t,˧
襮,p,ɔ:,k,˧
襯,tsʰ,ɐ,n,˧
襰,,,,
襱,l,ʊ,ŋ,˩˨
襲,ts,a:,p,˨
襳,tsʰ,i:,m,˥
襴,l,a:,n,˩˨
襵,ts,i:,p,˧
襶,t,a:i,,˧
襷,,,,
襸,,,,
襹,s,i:,,˥
襺,k,a:,n,˧˥
襻,pʰ,a:,n,˧
襼,ŋ,ɐi,,˨
襽,,,,
襾,,a:,,˧
西,s,ɐi,,˥
覀,,,,
要,j,i:u,,˥
覂,f,a:,n,˧
覃,tʰ,a:,m,˩˨
覄,,,,
覅,f,i:u,,˧
覆,f,ɐu,,˨
覇,p,a:,,˧
覈,h,ɐ,t,˨
覉,,,,
覊,k,ei,,˥
見,k,i:,n,˧
覌,k,u:,n,˥
覍,,,,
覎,,,,
規,kʰw,ɐi,,˥
覐,k,a:u,,˧
覑,,,,
覒,,,,
覓,m,ɪ,k,˨
覔,,,,
覕,p,i:,t,˥
視,s,i:,,˨
覗,ts,i:,,˨
覘,t,a:,m,˥
覙,,,,
覚,k,a:u,,˧
覛,m,ɐ,k,˨
覜,tʰ,i:u,,˧
覝,,,,
覞,,,,
覟,,,,
覠,,,,
覡,h,ɐ,t,˨
覢,,,,
覣,,,,
覤,kw,ɪ,k,˥
覥,tʰ,i:,n,˧˥
覦,j,y:,,˩˨
覧,,,,
覨,,,,
覩,t,ou,,˧˥
親,tsʰ,ɐ,n,˥
覫,,,,
覬,k,ei,,˧
覭,,,,
覮,,,,
覯,k,ɐu,,˧
覰,tsʰ,ɵy,,˧
覱,,,,
覲,k,ɐ,n,˧˥
観,,,,
覴,,,,
覵,,,,
覶,l,ɔ:,,˩˨
覷,tsʰ,ɵy,,˧
覸,,,,
覹,,,,
覺,k,a:u,,˧
覻,,,,
覼,,,,
覽,l,a:,m,˩˧
覾,,,,
覿,t,ɪ,k,˨
觀,k,u:,n,˥
见,k,i:,n,˧
观,k,u:,n,˥
觃,,,,
规,kʰw,ɐi,,˥
觅,m,ɪ,k,˨
视,s,i:,,˨
觇,ts,i:,m,˥
览,l,a:,m,˩˧
觉,k,a:u,,˧
觊,k,ei,,˧
觋,h,ɐ,t,˨
觌,t,ɪ,k,˨
觍,tʰ,i:,n,˧˥
觎,j,y:,,˩˨
觏,k,ɐu,,˧
觐,k,ɐ,n,˧˥
觑,tsʰ,ɵy,,˧
角,k,ɔ:,k,˧
觓,kʰ,ɐu,,˩˨
觔,k,ɐ,n,˥
觕,tsʰ,ou,,˥
觖,kʰ,y:,t,˧
觗,,,,
觘,,,,
觙,,,,
觚,k,u:,,˥
觛,,,,
觜,ts,ɵy,,˧˥
觝,t,ɐi,,˧˥
觞,s,œ:,ŋ,˥
觟,h,a:i,,˨
觠,,,,
觡,k,a:,k,˧
觢,,,,
解,k,a:i,,˧˥
觤,,,,
觥,kw,ɐ,ŋ,˥
触,tsʰ,ʊ,k,˥
觧,k,a:i,,˧˥
觨,,,,
觩,kʰ,ɐu,,˩˨
觪,,,,
觫,tsʰ,ʊ,k,˥
觬,,,,
觭,k,ei,,˥
觮,,,,
觯,ts,i:,,˧
觰,ts,a:,,˥
觱,p,i:,t,˥
觲,,,,
觳,h,ʊ,k,˨
觴,s,œ:,ŋ,˥
觵,kw,ɐ,ŋ,˥
觶,ts,i:,,˧
觷,h,ɔ:,k,˨
觸,tsʰ,ʊ,k,˥
觹,,,,
觺,j,i:,,˩˨
觻,l,ʊ,k,˨
觼,kʰ,y:,t,˧
觽,,,,
觾,,,,
觿,kʰw,ɐi,,˩˨
言,j,i:,n,˩˨
訁,,,,
訂,t,ɛ:,ŋ,˨
訃,f,u:,,˨
訄,kʰ,ɐu,,˩˨
訅,,,,
訆,,,,
訇,kw,ɐ,ŋ,˥
計,k,ɐi,,˧˥
訉,,,,
訊,s,ɵ,n,˧
訋,,,,
訌,h,ʊ,ŋ,˧
訍,,,,
討,tʰ,ou,,˧˥
訏,h,ɵy,,˥
訐,kʰ,i:,t,˧
訑,j,i:,,˩˨
訒,j,ɐ,n,˨
訓,f,ɐ,n,˧
訔,,,,
訕,s,a:,n,˧
訖,k,ɐ,t,˥
託,tʰ,ɔ:,k,˧
記,k,ei,,˧
訙,,,,
訚,,,,
訛,ŋ,ɔ:,,˩˨
訜,,,,
訝,ŋ,a:,,˨
訞,,,,
訟,ts,ʊ,ŋ,˨
訠,tsʰ,ɐ,n,˧˥
訡,,,,
訢,j,ɐ,n,˥
訣,kʰ,y:,t,˧
訤,,,,
訥,n,ɐ,t,˨
訦,s,ɐ,m,˩˨
訧,j,ɐu,,˩˨
訨,,,,
訩,,,,
訪,f,ɔ:,ŋ,˧˥
訫,,,,
訬,tsʰ,a:u,,˧˥
設,tsʰ,i:,t,˧
訮,,,,
訯,,,,
訰,,,,
許,h,ɵy,,˧˥
訲,,,,
訳,,,,
訴,s,ou,,˧
訵,,,,
訶,h,ɔ:,,˥
訷,,,,
訸,,,,
訹,s,ɵ,t,˨
診,tsʰ,ɐ,n,˧˥
註,ts,y:,,˧
証,ts,ɪ,ŋ,˧
訽,,,,
訾,ts,i:,,˧˥
訿,ts,i:,,˧˥
詀,tsʰ,i:,p,˧
詁,k,u:,,˧˥
詂,,,,
詃,,,,
詄,t,i:,t,˨
詅,l,ɪ,ŋ,˩˨
詆,t,ɐi,,˧˥
詇,,,,
詈,l,ei,,˨
詉,n,a:,,˩˨
詊,,,,
詋,,,,
詌,,,,
詍,j,ɐi,,˨
詎,k,ɵy,,˨
詏,,a:u,,˧˥
詐,ts,a:,,˧
詑,tʰ,ɔ:,,˩˨
詒,j,i:,,˩˨
詓,,,,
詔,ts,i:u,,˧
評,pʰ,ɪ,ŋ,˩˨
詖,p,ei,,˥
詗,kw,ɪ,ŋ,˧˥
詘,w,ɐ,t,˥
詙,,,,
詚,,,,
詛,ts,ɔ:,,˧
詜,,,,
詝,,,,
詞,tsʰ,i:,,˩˨
詟,ts,i:,p,˧
詠,w,ɪ,ŋ,˨
詡,h,ɵy,,˧˥
詢,s,ɵ,n,˥
詣,ŋ,ɐi,,˨
詤,f,ɔ:,ŋ,˧˥
詥,,,,
試,s,i:,,˧
詧,tsʰ,a:,t,˧
詨,,,,
詩,s,i:,,˥
詪,,,,
詫,tsʰ,a:,,˧
詬,k,ɐu,,˧˥
詭,kw,ɐi,,˧˥
詮,tsʰ,y:,n,˩˨
詯,,,,
詰,k,ɐ,t,˥
話,w,a:,,˧˥
該,k,ɔ:i,,˥
詳,tsʰ,œ:,ŋ,˩˨
詴,,,,
詵,s,ɐ,n,˥
詶,tsʰ,ɐu,,˩˨
詷,,,,
詸,,,,
詹,ts,i:,m,˥
詺,,,,
詻,ŋ,a:,k,˨
詼,f,u:i,,˥
詽,,,,
詾,,,,
詿,kw,a:,,˧
誀,,,,
誁,,,,
誂,t,i:u,,˧
誃,tsʰ,i:,,˧˥
誄,l,ɵy,,˨
誅,ts,y:,,˥
誆,h,ɔ:,ŋ,˥
誇,kʰw,a:,,˥
誈,,,,
誉,j,y:,,˨
誊,tʰ,ɐ,ŋ,˩˨
誋,k,ei,,˨
誌,ts,i:,,˧
認,j,ɐ,n,˨
誎,,,,
誏,,,,
誐,ŋ,ɔ:,,˩˨
誑,kw,ɔ:,ŋ,˧˥
誒,,a:i,,˧˥
誓,s,ɐi,,˨
誔,,,,
誕,t,a:,n,˧
誖,p,u:i,,˨
誗,,,,
誘,j,ɐu,,˩˧
誙,h,a:,ŋ,˥
誚,tsʰ,i:u,,˧
誛,,,,
誜,,,,
誝,,,,
語,j,y:,,˩˧
誟,,,,
誠,s,ɪ,ŋ,˩˨
誡,k,a:i,,˧
誢,,,,
誣,m,ou,,˩˨
誤,ŋ,,,˨
誥,k,ou,,˧
誦,ts,ʊ,ŋ,˨
誧,,,,
誨,f,u:i,,˧
誩,,,,
說,j,y:,t,˨
誫,,,,
説,s,y:,t,˧
読,,,,
誮,,,,
誯,,,,
誰,s,ɵy,,˩˨
誱,,,,
課,f,ɔ:,,˧
誳,,,,
誴,,,,
誵,,,,
誶,s,ɵy,,˨
誷,,,,
誸,,,,
誹,f,ei,,˧˥
誺,,,,
誻,tʰ,a:,p,˧
誼,j,i:,,˩˨
誽,,,,
誾,ŋ,ɐ,n,˩˨
調,t,ɛ:u,,˨
諀,,,,
諁,ts,y:,t,˧
諂,tsʰ,i:,m,˧˥
諃,tsʰ,ɐ,m,˥
諄,t,ɵ,n,˥
諅,,,,
諆,h,ei,,˥
談,tʰ,a:,m,˩˨
諈,tsʰ,ɵy,,˩˨
諉,w,ɐi,,˧˥
諊,k,ʊ,k,˥
請,tsʰ,ɛ:,ŋ,˧˥
諌,,,,
諍,ts,a:,ŋ,˥
諎,,,,
諏,ts,ɐu,,˥
諐,,,,
諑,t,œ:,k,˧
諒,l,œ:,ŋ,˨
諓,ts,i:,n,˧˥
諔,tsʰ,ʊ,k,˥
諕,h,a:,k,˧
論,l,ɵ,n,˩˨
諗,l,ɐ,m,˧˥
諘,,,,
諙,,,,
諚,,,,
諛,j,y:,,˩˨
諜,t,i:,p,˨
諝,s,ɵy,,˥
諞,pʰ,i:,n,˩˨
諟,s,i:,,˨
諠,h,y:,n,˥
諡,s,i:,,˧
諢,w,ɐ,n,˨
諣,,,,
諤,ŋ,ɔ:,k,˨
諥,,,,
諦,t,ɐi,,˧
諧,h,a:i,,˩˨
諨,,,,
諩,,,,
諪,,,,
諫,k,a:,n,˧
諬,,,,
諭,j,y:,,˨
諮,ts,i:,,˥
諯,,,,
諰,s,a:i,,˧˥
諱,w,ɐi,,˩˧
諲,j,ɐ,n,˥
諳,,ɐ,m,˥
諴,h,a:,m,˩˨
諵,n,a:,m,˩˨
諶,s,ɐ,m,˩˨
諷,f,ʊ,ŋ,˧
諸,ts,y:,,˥
諹,,,,
諺,j,i:,n,˨
諻,,,,
諼,h,y:,n,˥
諽,,,,
諾,n,ɔ:,k,˨
諿,,,,
謀,m,ɐu,,˩˨
謁,j,i:,t,˧
謂,w,ɐi,,˨
謃,,,,
謄,tʰ,ɐ,ŋ,˩˨
謅,ts,ɐu,,˥
謆,s,i:,n,˧
謇,k,i:,n,˧˥
謈,p,ɔ:,k,˨
謉,,,,
謊,f,ɔ:,ŋ,˥
謋,w,a:,k,˨
謌,k,ɔ:,,˥
謍,j,ɪ,ŋ,˩˨
謎,m,ɐi,,˩˨
謏,s,ɐu,,˧˥
謐,m,ɐ,t,˨
謑,h,ɐi,,˩˧
謒,tsʰ,œ:,ŋ,˥
謓,,,,
謔,j,œ:,k,˨
謕,tʰ,ɐi,,˩˨
謖,s,ʊ,k,˥
謗,pʰ,ɔ:,ŋ,˧
謘,,,,
謙,h,i:,m,˥
謚,s,i:,,˧
講,k,ɔ:,ŋ,˧˥
謜,,,,
謝,ts,ɛ:,,˨
謞,h,a:u,,˥
謟,tʰ,ou,,˥
謠,j,i:u,,˩˨
謡,,,,
謢,,,,
謣,j,y:,,˩˨
謤,,,,
謥,,,,
謦,h,ɪ,ŋ,˧
謧,l,ei,,˩˨
謨,m,ou,,˩˨
謩,,,,
謪,s,œ:,ŋ,˥
謫,ts,a:,k,˨
謬,m,ɐu,,˨
謭,,,,
謮,,,,
謯,ts,ɔ:,,˧
謰,l,i:,n,˩˨
謱,l,ɐu,,˥
謲,,,,
謳,,ɐu,,˥
謴,,,,
謵,,,,
謶,,,,
謷,ŋ,ou,,˩˨
謸,,,,
謹,k,ɐ,n,˧˥
謺,,,,
謻,tsʰ,i:,,˧˥
謼,f,u:,,˥
謽,,,,
謾,m,a:,n,˩˨
謿,,,,
譀,,,,
譁,w,a:,,˥
譂,,,,
譃,,,,
譄,,,,
譅,s,ɐ,p,˥
譆,h,ei,,˥
譇,,,,
譈,t,ɵy,,˨
證,ts,ɪ,ŋ,˧
譊,n,a:u,,˩˨
譋,,,,
譌,ŋ,ɔ:,,˩˨
譍,,,,
譎,kʰ,y:,t,˧
譏,k,ei,,˥
譐,tsʰ,y:,n,˩˧
譑,k,i:u,,˧˥
譒,p,ɔ:,,˧
譓,w,ɐi,,˨
譔,ts,a:,n,˨
譕,,,,
譖,tsʰ,ɐ,m,˧
譗,,,,
識,s,ɪ,k,˥
譙,tsʰ,i:u,,˩˨
譚,tʰ,a:,m,˩˨
譛,,,,
譜,pʰ,ou,,˧˥
譝,,,,
譞,,,,
譟,tsʰ,ou,,˧
譠,,,,
譡,,,,
譢,,,,
譣,,,,
譤,,,,
譥,k,i:u,,˧˥
警,k,ɪ,ŋ,˧˥
譧,,,,
譨,n,ʊ,ŋ,˩˨
譩,,,,
譪,,,,
譫,ts,i:,m,˥
譬,pʰ,ei,,˧
譭,w,ɐi,,˧˥
譮,,,,
譯,j,ɪ,k,˨
議,j,i:,,˧
譱,,,,
譲,,,,
譳,,,,
譴,h,i:,n,˧˥
譵,,,,
譶,,,,
護,w,u:,,˨
譸,ts,ɐu,,˥
譹,,,,
譺,,a:i,,˨
譻,,,,
譼,,,,
譽,j,y:,,˨
譾,ts,i:,n,˧˥
譿,,,,
讀,t,ɐu,,˨
讁,ts,a:,k,˨
讂,h,y:,n,˧
讃,,,,
讄,,,,
讅,s,ɐ,m,˧˥
讆,w,ɐi,,˨
讇,tsʰ,i:,m,˧˥
讈,,,,
讉,,,,
變,p,i:,n,˧
讋,ts,i:,p,˧
讌,j,i:,n,˧
讍,,,,
讎,tsʰ,ɐu,,˩˨
讏,,,,
讐,tsʰ,ɐu,,˩˨
讑,,,,
讒,tsʰ,a:,m,˩˨
讓,j,œ:,ŋ,˨
讔,j,ɐ,n,˧˥
讕,l,a:,n,˧˥
讖,tsʰ,a:,m,˧
讗,,,,
讘,ts,i:,p,˧
讙,f,u:,n,˥
讚,ts,a:,n,˧
讛,,,,
讜,t,ɔ:,ŋ,˧˥
讝,,,,
讞,j,i:,n,˨
讟,t,ʊ,k,˨
讠,,,,
计,k,ɐi,,˧˥
订,t,ɛ:,ŋ,˨
讣,f,u:,,˨
认,j,ɐ,n,˨
讥,k,ei,,˥
讦,kʰ,i:,t,˧
讧,h,ʊ,ŋ,˧
讨,tʰ,ou,,˧˥
让,j,œ:,ŋ,˨
讪,s,a:,n,˧
讫,k,ɐ,t,˥
讬,tʰ,ɔ:,k,˧
训,f,ɐ,n,˧
议,j,i:,,˧
讯,s,ɵ,n,˧
记,k,ei,,˧
讱,j,ɐ,n,˨
讲,k,ɔ:,ŋ,˧˥
讳,w,ɐi,,˩˧
讴,,ɐu,,˥
讵,k,ɵy,,˨
讶,ŋ,a:,,˨
讷,n,ɐ,t,˨
许,h,ɵy,,˧˥
讹,ŋ,ɔ:,,˩˨
论,l,ɵ,n,˩˨
讻,,,,
讼,ts,ʊ,ŋ,˨
讽,f,ʊ,ŋ,˧
设,tsʰ,i:,t,˧
访,f,ɔ:,ŋ,˧˥
诀,kʰ,y:,t,˧
证,ts,ɪ,ŋ,˧
诂,k,u:,,˧˥
诃,h,ɔ:,,˥
评,pʰ,ɪ,ŋ,˩˨
诅,ts,ɔ:,,˧
识,s,ɪ,k,˥
诇,kw,ɪ,ŋ,˧˥
诈,ts,a:,,˧
诉,s,ou,,˧
诊,tsʰ,ɐ,n,˧˥
诋,t,ɐi,,˧˥
诌,ts,ɐu,,˥
词,tsʰ,i:,,˩˨
诎,w,ɐ,t,˥
诏,ts,i:u,,˧
诐,p,ei,,˥
译,j,ɪ,k,˨
诒,j,i:,,˩˨
诓,h,ɔ:,ŋ,˥
诔,l,ɔ:i,,˨
试,s,i:,,˧
诖,kw,a:,,˧
诗,s,i:,,˥
诘,k,ɐ,t,˥
诙,f,u:i,,˥
诚,s,ɪ,ŋ,˩˨
诛,ts,y:,,˥
诜,s,ɐ,n,˥
话,w,a:,,˧˥
诞,t,a:,n,˧
诟,k,ɐu,,˧˥
诠,tsʰ,y:,n,˩˨
诡,kw,ɐi,,˧˥
询,s,ɵ,n,˥
诣,ŋ,ɐi,,˨
诤,ts,a:,ŋ,˥
该,k,ɔ:i,,˥
详,tsʰ,œ:,ŋ,˩˨
诧,tsʰ,a:,,˧
诨,w,ɐ,n,˨
诩,h,ɵy,,˧˥
诪,ts,ɐu,,˥
诫,k,a:i,,˧
诬,m,ou,,˩˨
语,j,y:,,˩˧
诮,tsʰ,i:u,,˧
误,ŋ,,,˨
诰,k,ou,,˧
诱,j,ɐu,,˩˧
诲,f,u:i,,˧
诳,kw,ɔ:,ŋ,˧˥
说,j,y:,t,˨
诵,ts,ʊ,ŋ,˨
诶,,a:i,,˧˥
请,tsʰ,ɛ:,ŋ,˧˥
诸,ts,y:,,˥
诹,ts,ɐu,,˥
诺,n,ɔ:,k,˨
读,t,ɐu,,˨
诼,t,œ:,k,˨
诽,f,ei,,˧˥
课,f,ɔ:,,˧
诿,w,ɐi,,˧˥
谀,j,y:,,˩˨
谁,s,ɵy,,˩˨
谂,s,ɐ,m,˧˥
调,t,ɛ:u,,˨
谄,tsʰ,i:,m,˧˥
谅,l,œ:,ŋ,˨
谆,t,ɵ,n,˥
谇,s,ɵy,,˨
谈,tʰ,a:,m,˩˨
谉,s,ɐ,m,˧˥
谊,j,i:,,˩˨
谋,m,ɐu,,˩˨
谌,s,ɐ,m,˩˨
谍,t,i:,p,˨
谎,f,ɔ:,ŋ,˥
谏,k,a:,n,˧
谐,h,a:i,,˩˨
谑,j,œ:,k,˨
谒,j,i:,t,˧
谓,w,ɐi,,˨
谔,ŋ,ɔ:,k,˨
谕,j,y:,,˨
谖,h,y:,n,˥
谗,tsʰ,a:,m,˩˨
谘,ts,i:,,˥
谙,,ɐ,m,˥
谚,j,i:,n,˨
谛,t,ɐi,,˧
谜,m,ɐi,,˩˨
谝,pʰ,i:,n,˩˨
谞,s,ɵy,,˥
谟,m,ou,,˩˨
谠,t,ɔ:,ŋ,˧˥
谡,s,ʊ,k,˥
谢,ts,ɛ:,,˨
谣,j,i:u,,˩˨
谤,pʰ,ɔ:,ŋ,˧
谥,s,i:,,˧
谦,h,i:,m,˥
谧,m,ɐ,t,˨
谨,k,ɐ,n,˧˥
谩,m,a:,n,˩˨
谪,ts,a:,k,˨
谫,ts,i:,n,˧˥
谬,m,ɐu,,˨
谭,tʰ,a:,m,˩˨
谮,ts,ɐ,m,˧
谯,tsʰ,i:u,,˩˨
谰,l,a:,n,˩˨
谱,pʰ,ou,,˧˥
谲,kʰ,y:,t,˧
谳,j,i:,n,˨
谴,h,i:,n,˧˥
谵,ts,i:,m,˥
谶,tsʰ,a:,m,˧
谷,k,ʊ,k,˥
谸,,,,
谹,w,ɐ,ŋ,˩˨
谺,,,,
谻,k,ɪ,k,˥
谼,h,ʊ,ŋ,˩˨
谽,h,ɐ,m,˩˨
谾,,,,
谿,kʰ,ɐi,,˥
豀,,,,
豁,kʰ,u:,t,˧
豂,l,i:u,,˩˨
豃,,,,
豄,,,,
豅,,,,
豆,t,ɐu,,˨
豇,k,ɔ:,ŋ,˥
豈,h,ei,,˧˥
豉,s,i:,,˨
豊,l,ɐi,,˩˧
豋,t,ɐ,ŋ,˥
豌,w,u:,n,˥
豍,,,,
豎,s,y:,,˨
豏,h,a:,m,˩˧
豐,f,ʊ,ŋ,˥
豑,,,,
豒,,,,
豓,j,i:,m,˨
豔,j,i:,m,˨
豕,tsʰ,i:,,˧˥
豖,t,œ:,k,˧
豗,f,u:i,,˥
豘,tʰ,y:,n,˩˨
豙,,,,
豚,tʰ,y:,n,˩˨
豛,,,,
豜,k,i:,n,˥
豝,p,a:,,˥
豞,,,,
豟,,,,
豠,,,,
象,ts,œ:,ŋ,˨
豢,w,a:,n,˨
豣,,,,
豤,h,ɐ,n,˧˥
豥,,,,
豦,k,ɵy,,˨
豧,,,,
豨,h,ei,,˥
豩,w,a:,n,˥
豪,h,ou,,˩˨
豫,j,y:,,˨
豬,ts,y:,,˥
豭,k,a:,,˥
豮,f,ɐ,n,˩˨
豯,,,,
豰,,,,
豱,w,ɐ,n,˥
豲,j,y:,n,˩˨
豳,p,ɐ,n,˥
豴,t,ɪ,k,˥
豵,ts,ʊ,ŋ,˥
豶,f,ɐ,n,˩˨
豷,,ɐi,,˧
豸,ts,a:i,,˨
豹,pʰ,a:u,,˧
豺,tsʰ,a:i,,˩˨
豻,h,ɔ:,n,˨
豼,,,,
豽,,,,
豾,,,,
豿,,,,
貀,,,,
貁,,,,
貂,t,i:u,,˥
貃,,,,
貄,,,,
貅,j,ɐu,,˥
貆,w,u:,n,˩˨
貇,,,,
貈,,,,
貉,h,ɔ:,k,˨
貊,m,ɐ,k,˨
貋,,,,
貌,m,a:u,,˨
貍,l,ei,,˩˨
貎,,,,
貏,,,,
貐,j,y:,,˩˧
貑,,,,
貒,tʰ,ɵ,n,˥
貓,m,a:u,,˥
貔,pʰ,ei,,˩˨
貕,h,ɐi,,˩˨
貖,,,,
貗,,,,
貘,m,ɐ,k,˨
貙,tsʰ,ɵy,,˥
貚,,,,
貛,f,u:,n,˥
貜,f,ɔ:,k,˧
貝,p,u:i,,˧
貞,ts,ɪ,ŋ,˥
貟,,,,
負,f,u:,,˨
財,tsʰ,ɔ:i,,˩˨
貢,k,ʊ,ŋ,˧
貣,tʰ,ɪ,k,˥
貤,j,i:,,˩˨
貥,,,,
貦,,,,
貧,pʰ,ɐ,n,˩˨
貨,f,ɔ:,,˧
販,f,a:,n,˧
貪,tʰ,a:,m,˥
貫,k,u:,n,˧
責,ts,a:,k,˧
貭,,,,
貮,,,,
貯,tsʰ,y:,,˩˧
貰,s,ɐi,,˧
貱,,,,
貲,ts,i:,,˥
貳,j,i:,,˨
貴,kw,ɐi,,˧
貵,,,,
貶,p,i:,n,˧˥
買,m,a:i,,˩˧
貸,tʰ,a:i,,˧
貹,,,,
貺,f,ɔ:,ŋ,˧
費,p,ei,,˧
貼,tʰ,i:,p,˧
貽,j,i:,,˩˨
貾,,,,
貿,m,ɐu,,˨
賀,h,ɔ:,,˨
賁,p,ɐ,n,˥
賂,l,ou,,˨
賃,j,ɐ,m,˨
賄,f,u:i,,˧˥
賅,k,ɔ:i,,˥
賆,,,,
資,ts,i:,,˥
賈,k,a:,,˧˥
賉,,,,
賊,tsʰ,a:,k,˨
賋,,,,
賌,k,ɔ:i,,˥
賍,ts,ɔ:,ŋ,˥
賎,,,,
賏,j,ɪ,ŋ,˥
賐,,,,
賑,ts,ɐ,n,˧
賒,s,ɛ:,,˥
賓,p,ɐ,n,˥
賔,p,ɐ,n,˥
賕,kʰ,ɐu,,˩˨
賖,,,,
賗,,,,
賘,,,,
賙,ts,ɐu,,˥
賚,l,ɔ:i,,˨
賛,ts,a:,n,˧
賜,tsʰ,i:,,˧
賝,s,ɐ,m,˥
賞,s,œ:,ŋ,˧˥
賟,,,,
賠,pʰ,u:i,,˩˨
賡,k,ɐ,ŋ,˥
賢,j,i:,n,˩˨
賣,m,a:i,,˨
賤,ts,i:,n,˨
賥,s,ɵy,,˨
賦,f,u:,,˧
賧,t,a:,m,˨
賨,tsʰ,ʊ,ŋ,˩˨
賩,,,,
質,ts,ɐ,t,˥
賫,,,,
賬,ts,œ:,ŋ,˧
賭,t,ou,,˧˥
賮,ts,ɵ,n,˧˥
賯,,,,
賰,s,ɵ,n,˧˥
賱,,,,
賲,,,,
賳,,,,
賴,l,a:i,,˨
賵,f,ʊ,ŋ,˧
賶,,,,
賷,,,,
賸,s,ɪ,ŋ,˨
賹,,,,
賺,ts,a:,n,˧˥
賻,f,u:,,˨
購,k,ɐu,,˧
賽,tsʰ,ɔ:i,,˧
賾,ts,a:,k,˧
賿,,,,
贀,,,,
贁,,,,
贂,,,,
贃,tʰ,a:,n,˧
贄,ts,i:,,˧
贅,ts,ɵy,,˧
贆,,,,
贇,w,ɐ,n,˥
贈,ts,ɐ,ŋ,˨
贉,tʰ,a:,m,˩˧
贊,ts,a:,n,˧
贋,,a:,m,˩˨
贌,,,,
贍,s,i:,m,˨
贎,,,,
贏,j,ɛ:,ŋ,˩˨
贐,ts,ɵ,n,˧˥
贑,,,,
贒,,,,
贓,ts,ɔ:,ŋ,˥
贔,p,ɐi,,˧
贕,t,ʊ,k,˨
贖,s,ʊ,k,˨
贗,ŋ,a:,n,˨
贘,,,,
贙,,,,
贚,,,,
贛,k,ɐ,m,˧
贜,ts,ɔ:,ŋ,˥
贝,p,u:i,,˧
贞,ts,ɪ,ŋ,˥
负,f,u:,,˨
贠,,,,
贡,k,ʊ,ŋ,˧
财,tsʰ,ɔ:i,,˩˨
责,ts,a:,k,˧
贤,j,i:,n,˩˨
败,p,a:i,,˨
账,ts,œ:,ŋ,˧
货,f,ɔ:,,˧
质,ts,ɐ,t,˥
贩,f,a:,n,˧
贪,tʰ,a:,m,˥
贫,pʰ,ɐ,n,˩˨
贬,p,i:,n,˧˥
购,k,ɐu,,˧
贮,tsʰ,y:,,˩˧
贯,k,u:,n,˧
贰,j,i:,,˨
贱,ts,i:,n,˨
贲,p,ɐ,n,˥
贳,s,ɐi,,˧
贴,tʰ,i:,p,˧
贵,kw,ɐi,,˧
贶,f,ɔ:,ŋ,˧
贷,tʰ,a:i,,˧
贸,m,ɐu,,˨
费,p,ei,,˧
贺,h,ɔ:,,˨
贻,j,i:,,˩˨
贼,tsʰ,a:,k,˨
贽,ts,i:,,˧
贾,k,a:,,˧˥
贿,f,u:i,,˧˥
赀,ts,i:,,˥
赁,j,ɐ,m,˨
赂,l,ou,,˨
赃,ts,ɔ:,ŋ,˥
资,ts,i:,,˥
赅,k,ɔ:i,,˥
赆,ts,ɵ,n,˧˥
赇,kʰ,ɐu,,˩˨
赈,ts,ɐ,n,˧
赉,l,ɔ:i,,˨
赊,s,ɛ:,,˥
赋,f,u:,,˧
赌,t,ou,,˧˥
赍,,,,
赎,s,ʊ,k,˨
赏,s,œ:,ŋ,˧˥
赐,tsʰ,i:,,˧
赑,p,ɐi,,˧
赒,ts,ɐu,,˥
赓,k,ɐ,ŋ,˥
赔,pʰ,u:i,,˩˨
赕,ts,i:,n,˨
赖,l,a:i,,˨
赗,f,ʊ,ŋ,˧
赘,ts,ɵy,,˧
赙,f,u:,,˨
赚,ts,a:,n,˧˥
赛,tsʰ,ɔ:i,,˧
赜,ts,ɐ,k,˧
赝,,a:,m,˩˨
赞,ts,a:,n,˧
赟,w,ɐ,n,˥
赠,ts,ɐ,ŋ,˨
赡,s,i:,m,˨
赢,j,ɛ:,ŋ,˩˨
赣,k,ɐ,m,˧
赤,tsʰ,ɛ:,k,˧
赥,,,,
赦,s,ɛ:,,˧
赧,n,a:,n,˩˧
赨,tʰ,ʊ,ŋ,˩˨
赩,h,a:,k,˧
赪,tsʰ,ɪ,ŋ,˥
赫,h,a:,k,˥
赬,tsʰ,ɪ,ŋ,˥
赭,ts,ɛ:,,˧˥
赮,h,a:,,˩˨
赯,tʰ,ɔ:,ŋ,˩˨
走,ts,ɐu,,˧˥
赱,,,,
赲,,,,
赳,t,ɐu,,˧˥
赴,f,u:,,˨
赵,ts,i:u,,˨
赶,k,ɔ:,n,˧˥
起,h,ei,,˧˥
赸,,,,
赹,,,,
赺,,,,
赻,,,,
赼,,,,
赽,,,,
赾,,,,
赿,,,,
趀,,,,
趁,tsʰ,ɐ,n,˧
趂,,,,
趃,,,,
趄,ts,ɵy,,˥
超,tsʰ,i:u,,˥
趆,,,,
趇,,,,
趈,,,,
趉,,,,
越,j,y:,t,˨
趋,tsʰ,ɵy,,˥
趌,k,ɐ,t,˨
趍,tsʰ,ɵy,,˥
趎,s,y:,,˩˨
趏,,,,
趐,,,,
趑,ts,i:,,˥
趒,tʰ,i:u,,˧
趓,,,,
趔,l,i:,t,˨
趕,k,ɔ:,n,˧˥
趖,s,ɔ:,,˥
趗,,,,
趘,,,,
趙,ts,i:u,,˨
趚,,,,
趛,,,,
趜,k,ʊ,k,˥
趝,,,,
趞,,,,
趟,tʰ,ɔ:,ŋ,˧
趠,tsʰ,œ:,k,˧
趡,tsʰ,ɵy,,˧˥
趢,,,,
趣,tsʰ,ɵy,,˧
趤,,,,
趥,,,,
趦,,,,
趧,,,,
趨,tsʰ,ɵy,,˥
趩,,,,
趪,w,ɔ:,ŋ,˩˨
趫,kʰ,i:u,,˩˨
趬,h,i:u,,˥
趭,ts,i:u,,˥
趮,tsʰ,ou,,˧
趯,t,ɛ:,k,˧
趰,,,,
趱,ts,a:,n,˧˥
趲,ts,a:,n,˧˥
足,ts,ɵy,,˧
趴,pʰ,a:,,˥
趵,pʰ,a:u,,˧
趶,,,,
趷,k,ɐ,t,˨
趸,t,ɐ,n,˧˥
趹,kʰ,y:,t,˧
趺,f,u:,,˥
趻,,,,
趼,k,i:,n,˧˥
趽,,,,
趾,ts,i:,,˧˥
趿,s,a:,p,˧
跀,k,ɐ,t,˨
跁,pʰ,a:,,˥
跂,kʰ,ei,,˩˨
跃,j,œ:,k,˧
跄,tsʰ,œ:,ŋ,˥
跅,tʰ,ɔ:,k,˧
跆,tʰ,ɔ:i,,˩˨
跇,j,ɐi,,˨
跈,n,i:,n,˧˥
跉,,,,
跊,,,,
跋,p,ɐ,t,˨
跌,t,i:,t,˧
跍,,,,
跎,tʰ,ɔ:,,˩˨
跏,k,a:,,˥
跐,tsʰ,i:,,˧˥
跑,pʰ,a:u,,˧˥
跒,,,,
跓,,,,
跔,kʰ,ɵy,,˥
跕,tsʰ,i:,p,˧
跖,ts,ɛ:,k,˧
跗,f,u:,,˥
跘,,,,
跙,ts,ɵy,,˥
跚,s,a:,n,˥
跛,p,ɐi,,˥
跜,,,,
距,k,ɵy,,˨
跞,l,ɪ,k,˥
跟,k,ɐ,n,˥
跠,,,,
跡,ts,ɛ:,k,˧
跢,,,,
跣,s,i:,n,˧
跤,k,a:u,,˥
跥,,,,
跦,ts,y:,,˥
跧,tsʰ,y:,n,˩˨
跨,kʰw,a:,,˥
跩,j,ɐi,,˨
跪,kw,ɐi,,˨
跫,kʰ,ʊ,ŋ,˩˨
跬,kʰw,ɐi,,˧˥
跭,,,,
跮,tsʰ,i:,,˧
路,l,ou,,˨
跰,pʰ,i:,n,˩˨
跱,s,i:,,˨
跲,k,a:,p,˧
跳,tʰ,i:u,,˧
跴,j,a:i,,˧˥
践,tsʰ,i:,n,˩˧
跶,t,a:,t,˧
跷,h,i:u,,˥
跸,p,ɐ,t,˥
跹,s,i:,n,˥
跺,t,ɔ:,,˧˥
跻,ts,ɐi,,˥
跼,k,ʊ,k,˨
跽,k,ei,,˨
跾,,,,
跿,tʰ,ou,,˩˨
踀,,,,
踁,h,ɐ,ŋ,˥
踂,n,i:,p,˨
踃,,,,
踄,,,,
踅,tsʰ,i:,t,˧
踆,tsʰ,y:,n,˥
踇,,,,
踈,,,,
踉,l,œ:,ŋ,˩˨
踊,j,ʊ,ŋ,˧˥
踋,,,,
踌,tsʰ,ɐu,,˩˨
踍,,,,
踎,m,ɐu,,˥
踏,t,a:,p,˨
踐,tsʰ,i:,n,˩˧
踑,kʰ,ei,,˥
踒,w,ɔ:,,˥
踓,,,,
踔,tsʰ,œ:,k,˧
踕,ts,i:,t,˨
踖,ts,ɪ,k,˥
踗,,,,
踘,k,ʊ,k,˥
踙,,,,
踚,,,,
踛,l,ʊ,k,˨
踜,,,,
踝,w,a:,,˩˧
踞,k,ɵy,,˧
踟,tsʰ,i:,,˩˨
踠,j,y:,n,˧˥
踡,kʰ,y:,n,˩˨
踢,tʰ,ɛ:,k,˧
踣,p,a:,k,˨
踤,tsʰ,y:,t,˧
踥,tsʰ,i:,p,˧
踦,k,ei,,˧˥
踧,tsʰ,ʊ,k,˥
踨,,,,
踩,tsʰ,a:i,,˧˥
踪,ts,ʊ,ŋ,˥
踫,pʰ,ʊ,ŋ,˧
踬,ts,i:,,˧
踭,ts,a:,ŋ,˥
踮,t,i:,m,˧
踯,ts,a:,k,˨
踰,j,y:,,˩˨
踱,t,ɔ:,k,˨
踲,,,,
踳,tsʰ,ɵ,n,˧˥
踴,j,ʊ,ŋ,˧˥
踵,t,ʊ,ŋ,˧˥
踶,t,ɐi,,˨
踷,,,,
踸,tsʰ,ɐ,m,˧˥
踹,j,a:i,,˧˥
踺,,,,
踻,,,,
踼,t,ɔ:,ŋ,˨
踽,k,ɵy,,˧˥
踾,,,,
踿,,,,
蹀,t,i:,p,˨
蹁,pʰ,i:,n,˩˨
蹂,j,ɐu,,˩˨
蹃,,,,
蹄,tʰ,ɐi,,˩˨
蹅,tsʰ,a:,,˥
蹆,tʰ,ɐ,n,˧
蹇,k,i:,n,˧˥
蹈,t,ou,,˨
蹉,tsʰ,ɔ:,,˥
蹊,h,ɐi,,˩˨
蹋,t,a:,p,˨
蹌,tsʰ,œ:,ŋ,˥
蹍,n,i:,n,˩˧
蹎,t,i:,n,˥
蹏,tʰ,ɐi,,˩˨
蹐,ts,ɪ,k,˧
蹑,n,i:,p,˨
蹒,m,u:,n,˩˨
蹓,l,ɐu,,˩˨
蹔,ts,a:,m,˨
蹕,p,ɐ,t,˥
蹖,,,,
蹗,,,,
蹘,l,i:u,,˥
蹙,tsʰ,ʊ,k,˥
蹚,tʰ,ɔ:,ŋ,˧˥
蹛,t,a:i,,˧
蹜,s,ʊ,k,˥
蹝,s,a:i,,˧˥
蹞,kʰw,ɐi,,˧˥
蹟,ts,ɪ,k,˥
蹠,ts,ɪ,k,˧
蹡,tsʰ,œ:,ŋ,˥
蹢,t,ɪ,k,˥
蹣,m,u:,n,˩˨
蹤,ts,ʊ,ŋ,˥
蹥,,,,
蹦,p,a:,ŋ,˨
蹧,ts,ou,,˥
蹨,n,i:,m,˧
蹩,p,i:,t,˨
蹪,,,,
蹫,,,,
蹬,t,ɐ,ŋ,˥
蹭,s,ɐ,ŋ,˧
蹮,s,i:,n,˥
蹯,f,a:,n,˩˨
蹰,tsʰ,y:,,˩˨
蹱,,,,
蹲,tsʰ,y:,n,˩˨
蹳,p,u:,t,˧
蹴,tsʰ,ʊ,k,˥
蹵,tsʰ,ʊ,k,˥
蹶,kw,ɐi,,˧
蹷,,,,
蹸,l,ɵ,n,˨
蹹,,,,
蹺,h,i:u,,˥
蹻,k,i:u,,˧˥
蹼,p,ʊ,k,˨
蹽,,,,
蹾,t,ɐ,n,˥
蹿,tsʰ,y:,n,˥
躀,kw,a:,n,˧
躁,tsʰ,ou,,˧
躂,t,a:,t,˧
躃,,,,
躄,p,ɪ,k,˥
躅,ts,ʊ,k,˨
躆,k,ɵy,,˧
躇,tsʰ,y:,,˩˨
躈,kʰ,i:u,,˧
躉,t,ɐ,n,˧˥
躊,tsʰ,ɐu,,˩˨
躋,ts,ɐi,,˥
躌,,,,
躍,j,œ:,k,˧
躎,,,,
躏,l,ɵ,n,˨
躐,l,i:,p,˨
躑,ts,a:,k,˨
躒,l,ɪ,k,˥
躓,ts,i:,,˧
躔,tsʰ,i:,n,˩˨
躕,tsʰ,y:,,˩˨
躖,,,,
躗,w,ɐi,,˨
躘,l,ʊ,ŋ,˩˨
躙,,,,
躚,s,i:,n,˥
躛,,,,
躜,ts,y:,n,˧˥
躝,l,a:,n,˥
躞,s,i:,p,˧
躟,j,œ:,ŋ,˩˨
躠,s,i:,t,˧
躡,n,i:,p,˨
躢,,,,
躣,kʰ,ɵy,,˩˨
躤,ts,ɪ,k,˨
躥,tsʰ,y:,n,˥
躦,ts,y:,n,˥
躧,,,,
躨,,,,
躩,f,ɔ:,k,˧
躪,l,ɵ,n,˨
身,k,y:,n,˥
躬,k,ʊ,ŋ,˥
躭,t,a:,m,˥
躮,,,,
躯,kʰ,ɵy,,˥
躰,,,,
躱,t,ɔ:,,˧˥
躲,t,ɔ:,,˧˥
躳,k,ʊ,ŋ,˥
躴,,,,
躵,,,,
躶,l,ɔ:,,˧˥
躷,,ɐi,,˧˥
躸,,,,
躹,,,,
躺,tʰ,ɔ:,ŋ,˧˥
躻,,,,
躼,,,,
躽,j,i:,n,˧˥
躾,,,,
躿,,,,
軀,kʰ,ɵy,,˥
軁,,,,
軂,,,,
軃,,,,
軄,ts,ɪ,k,˥
軅,,,,
軆,,,,
軇,,,,
軈,,,,
軉,,,,
車,tsʰ,ɛ:,,˥
軋,k,a:,t,˧
軌,kw,ɐi,,˧˥
軍,kw,ɐ,n,˥
軎,,,,
軏,j,y:,t,˨
軐,,,,
軑,t,a:i,,˨
軒,h,i:,n,˥
軓,f,a:,n,˩˨
軔,j,ɐ,n,˨
軕,,,,
軖,,,,
軗,s,y:,,˩˨
軘,tʰ,y:,n,˩˨
軙,,,,
軚,tʰ,a:i,,˩˧
軛,,a:,k,˥
軜,n,a:,p,˨
軝,kʰ,ei,,˩˨
軞,,,,
軟,j,y:,n,˩˧
軠,,,,
軡,,,,
転,,,,
軣,,,,
軤,,,,
軥,kʰ,ɵy,,˩˨
軦,,,,
軧,t,ɐi,,˧˥
軨,l,ɪ,ŋ,˩˨
軩,,,,
軪,,,,
軫,ts,ɐ,n,˧˥
軬,f,a:,n,˩˨
軭,w,a:,ŋ,˥
軮,,ɔ:,ŋ,˧
軯,pʰ,a:,ŋ,˥
軰,p,u:i,,˧
軱,k,u:,,˥
軲,kʰ,u:,,˥
軳,,,,
軴,,,,
軵,f,u:,,˧˥
軶,,a:,k,˥
軷,p,ɐ,t,˨
軸,ts,ʊ,k,˨
軹,ts,i:,,˧˥
軺,j,i:u,,˩˨
軻,,ɔ:,,˥
軼,t,i:,t,˨
軽,,,,
軾,s,ɪ,k,˥
軿,pʰ,ɪ,ŋ,˩˨
輀,j,i:,,˩˨
輁,k,ʊ,ŋ,˧˥
輂,k,ʊ,k,˥
較,k,a:u,,˧
輄,,,,
輅,l,ou,,˨
輆,,,,
輇,tsʰ,y:,n,˩˨
輈,ts,ɐu,,˥
載,ts,ɔ:i,,˧˥
輊,ts,i:,,˧
輋,tsʰ,ɛ:,,˩˨
輌,,,,
輍,,,,
輎,,,,
輏,,,,
輐,w,u:,n,˨
輑,,,,
輒,ts,i:,p,˧
輓,w,a:,n,˩˧
輔,f,u:,,˨
輕,h,ɛ:,ŋ,˥
輖,ts,ɐu,,˥
輗,ŋ,ɐi,,˩˨
輘,l,ɪ,ŋ,˩˨
輙,,,,
輚,ts,a:,n,˨
輛,l,œ:,ŋ,˧˥
輜,ts,i:,,˥
輝,f,ɐi,,˥
輞,m,ɔ:,ŋ,˩˧
輟,ts,y:,t,˧
輠,kw,ɔ:,,˧˥
輡,,,,
輢,,,,
輣,pʰ,a:,ŋ,˩˨
輤,s,i:,n,˧
輥,kw,ɐ,n,˧˥
輦,l,i:,n,˩˧
輧,,,,
輨,,,,
輩,p,u:i,,˧
輪,l,ɵ,n,˩˨
輫,,,,
輬,l,œ:,ŋ,˩˨
輭,j,y:,n,˩˧
輮,j,ɐu,,˩˨
輯,tsʰ,ɐ,p,˥
輰,,,,
輱,,,,
輲,j,y:,n,˩˧
輳,tsʰ,ɐu,,˧
輴,tsʰ,ɵ,n,˥
輵,k,ɔ:,t,˧
輶,j,ɐu,,˩˨
輷,kw,ɐ,ŋ,˥
輸,s,y:,,˥
輹,f,ʊ,k,˥
輺,,,,
輻,f,ʊ,k,˥
輼,,,,
輽,,,,
輾,n,i:,n,˩˧
輿,j,y:,,˩˨
轀,w,ɐ,n,˥
轁,,,,
轂,k,ʊ,k,˥
轃,ts,ɵ,n,˥
轄,h,ɐ,t,˨
轅,j,y:,n,˩˨
轆,l,ʊ,k,˥
轇,k,a:u,,˥
轈,tsʰ,a:u,,˩˨
轉,ts,y:,n,˧˥
轊,,,,
轋,,,,
轌,,,,
轍,tsʰ,i:,t,˧
轎,k,i:u,,˧˥
轏,ts,a:,n,˨
轐,p,ʊ,k,˨
轑,l,ou,,˩˨
轒,f,ɐ,n,˩˨
轓,f,a:,n,˥
轔,l,ɵ,n,˩˨
轕,k,ɔ:,t,˧
轖,s,ɪ,k,˥
轗,h,ɐ,m,˧˥
轘,w,a:,n,˨
轙,j,i:,,˩˧
轚,k,ɪ,k,˥
轛,t,ɵy,,˧
轜,,,,
轝,j,y:,,˩˨
轞,l,a:,m,˨
轟,kw,ɐ,ŋ,˥
轠,l,ɵy,,˩˨
轡,p,ei,,˧
轢,l,ɪ,k,˥
轣,l,ɪ,k,˨
轤,l,ou,,˩˨
轥,,,,
车,tsʰ,ɛ:,,˥
轧,k,a:,t,˧
轨,kw,ɐi,,˧˥
轩,h,i:,n,˥
轪,t,a:i,,˨
轫,j,ɐ,n,˨
转,ts,y:,n,˧˥
轭,,a:,k,˥
轮,l,ɵ,n,˩˨
软,j,y:,n,˩˧
轰,kw,ɐ,ŋ,˥
轱,kʰ,u:,,˥
轲,,ɔ:,,˥
轳,l,ou,,˩˨
轴,ts,ʊ,k,˨
轵,ts,i:,,˧˥
轶,t,i:,t,˨
轷,,,,
轸,ts,ɐ,n,˧˥
轹,l,ɪ,k,˥
轺,j,i:u,,˩˨
轻,h,ɛ:,ŋ,˥
轼,s,ɪ,k,˥
载,ts,ɔ:i,,˧˥
轾,ts,i:,,˧
轿,k,i:u,,˧˥
辀,ts,ɐu,,˥
辁,tsʰ,y:,n,˩˨
辂,l,ou,,˨
较,k,a:u,,˧
辄,ts,i:,p,˧
辅,f,u:,,˨
辆,l,œ:,ŋ,˧˥
辇,l,i:,n,˩˧
辈,p,u:i,,˧
辉,f,ɐi,,˥
辊,kw,ɐ,n,˧˥
辋,m,ɔ:,ŋ,˩˧
辌,l,œ:,ŋ,˩˨
辍,ts,y:,t,˧
辎,ts,i:,,˥
辏,tsʰ,ɐu,,˧
辐,f,ʊ,k,˥
辑,tsʰ,ɐ,p,˥
辒,w,ɐ,n,˥
输,s,y:,,˥
辔,p,ei,,˧
辕,j,y:,n,˩˨
辖,h,ɐ,t,˨
辗,n,i:,n,˩˧
辘,l,ʊ,k,˥
辙,tsʰ,i:,t,˧
辚,l,ɵ,n,˩˨
辛,s,ɐ,n,˥
辜,k,u:,,˥
辝,,,,
辞,tsʰ,i:,,˩˨
辟,p,ɪ,k,˥
辠,ts,ɵy,,˨
辡,,,,
辢,l,a:,t,˨
辣,l,a:,t,˨
辤,tsʰ,i:,,˩˨
辥,,,,
辦,p,a:,n,˨
辧,,,,
辨,p,i:,n,˨
辩,p,i:,n,˨
辪,,,,
辫,p,i:,n,˥
辬,,,,
辭,tsʰ,i:,,˩˨
辮,p,i:,n,˥
辯,p,i:,n,˨
辰,s,ɐ,n,˩˨
辱,j,ʊ,k,˨
農,n,ʊ,ŋ,˩˨
辳,,,,
辴,tsʰ,ɐ,n,˧˥
辵,tsʰ,œ:,k,˧
辶,,,,
辷,,,,
辸,,,,
边,p,i:,n,˥
辺,p,i:,n,˥
辻,,,,
込,,,,
辽,l,i:u,,˩˨
达,t,a:,t,˨
辿,tsʰ,i:,n,˩˨
迀,,,,
迁,tsʰ,i:,n,˥
迂,h,ɵy,,˥
迃,,,,
迄,h,ɐ,t,˥
迅,s,ɵ,n,˧
迆,h,ɛ:,,˧
过,kw,ɔ:,,˥
迈,m,a:i,,˨
迉,tsʰ,i:,,˩˨
迊,,,,
迋,w,ɔ:,ŋ,˨
迌,,,,
迍,ts,ɵ,n,˥
迎,j,ɪ,ŋ,˩˨
迏,,,,
运,w,ɐ,n,˨
近,k,ɐ,n,˨
迒,h,ɔ:,ŋ,˩˨
迓,ŋ,a:,,˨
返,f,a:,n,˥
迕,ŋ,,,˨
迖,,,,
迗,,,,
还,s,y:,n,˩˨
这,ts,ɛ:,,˧˥
迚,,,,
进,ts,ɵ,n,˧
远,j,y:,n,˩˧
违,w,ɐi,,˩˨
连,l,i:,n,˩˨
迟,tsʰ,i:,,˩˨
迠,,,,
迡,,,,
迢,s,i:u,,˩˨
迣,l,ɐi,,˨
迤,j,i:,,˩˨
迥,kw,ɪ,ŋ,˧˥
迦,k,a:,,˥
迧,,,,
迨,t,ɔ:i,,˨
迩,j,i:,,˩˧
迪,t,ɪ,k,˨
迫,p,a:,k,˥
迬,,,,
迭,t,i:,t,˨
迮,ts,a:,k,˧
迯,,,,
述,s,ɵ,t,˨
迱,,,,
迲,,,,
迳,k,ɪ,ŋ,˧
迴,w,u:i,,˩˨
迵,t,ʊ,ŋ,˨
迶,,,,
迷,m,ɐi,,˩˨
迸,p,ɪ,ŋ,˧
迹,ts,ɛ:,k,˧
迺,n,a:i,,˩˧
迻,j,i:,,˩˨
迼,,,,
追,ts,ɵy,,˥
迾,l,a:,t,˨
迿,s,ɵ,n,˧
退,tʰ,ɵy,,˧
送,s,ʊ,ŋ,˧
适,t,ɪ,k,˥
逃,tʰ,ou,,˩˨
逄,pʰ,ɔ:,ŋ,˩˨
逅,h,ɐu,,˨
逆,j,ɪ,k,˨
逇,,,,
逈,,,,
选,s,y:,n,˧˥
逊,s,ɵ,n,˧
逋,p,ou,,˥
逌,j,ɐu,,˩˨
逍,s,i:u,,˥
逎,,,,
透,tʰ,ɐu,,˧
逐,ts,ʊ,k,˨
逑,kʰ,ɐu,,˩˨
递,t,ɐi,,˨
逓,,,,
途,tʰ,ou,,˩˨
逕,k,a:,ŋ,˧
逖,tʰ,ɪ,k,˥
逗,t,ɐu,,˨
逘,,,,
這,ts,ɛ:,,˧˥
通,tʰ,ʊ,ŋ,˥
逛,kw,a:,ŋ,˨
逜,,,,
逝,s,ɐi,,˨
逞,tsʰ,ɪ,ŋ,˧˥
速,tsʰ,ʊ,k,˥
造,ts,ou,,˨
逡,s,ɵ,n,˥
逢,f,ʊ,ŋ,˩˨
連,l,i:,n,˩˨
逤,s,ɔ:,,˧
逥,,,,
逦,l,ei,,˩˧
逧,,,,
逨,,,,
逩,,,,
逪,,,,
逫,,,,
逬,,,,
逭,w,u:,n,˨
逮,t,ɐi,,˨
逯,l,ʊ,k,˨
逰,,,,
週,ts,ɐu,,˥
進,ts,ɵ,n,˧
逳,j,ʊ,k,˥
逴,tsʰ,œ:,k,˧
逵,kʰw,ɐi,,˩˨
逶,w,ɐi,,˥
逷,,,,
逸,j,ɐ,t,˨
逹,,,,
逺,,,,
逻,l,ɔ:,,˩˨
逼,p,ɪ,k,˥
逽,,,,
逾,j,y:,,˩˨
逿,t,ɔ:,ŋ,˨
遀,,,,
遁,t,ɵ,n,˨
遂,s,ɵy,,˨
遃,,,,
遄,tsʰ,y:,n,˩˨
遅,,,,
遆,,,,
遇,j,y:,,˨
遈,,,,
遉,ts,ɪ,ŋ,˥
遊,j,ɐu,,˩˨
運,w,ɐ,n,˨
遌,,,,
遍,p,i:,n,˧
過,kw,ɔ:,,˥
遏,,a:,t,˧
遐,h,a:,,˩˨
遑,w,ɔ:,ŋ,˩˨
遒,tsʰ,ɐu,,˩˨
道,t,ou,,˧
達,t,a:,t,˨
違,w,ɐi,,˩˨
遖,,,,
遗,w,ɐi,,˩˨
遘,k,ɐu,,˧
遙,j,i:u,,˩˨
遚,,,,
遛,l,ɐu,,˩˨
遜,s,ɵ,n,˧
遝,t,a:,p,˨
遞,t,ɐi,,˨
遟,,,,
遠,j,y:,n,˩˧
遡,s,ou,,˧
遢,tʰ,a:,p,˧
遣,h,i:,n,˧˥
遤,,,,
遥,j,i:u,,˩˨
遦,,,,
遧,,,,
遨,ŋ,ou,,˩˨
適,t,ɪ,k,˥
遪,,,,
遫,tsʰ,ʊ,k,˥
遬,,,,
遭,ts,ou,,˥
遮,ts,ɛ:,,˥
遯,t,ɵ,n,˨
遰,t,ɐi,,˨
遱,,,,
遲,tsʰ,i:,,˩˨
遳,,,,
遴,l,ɵ,n,˩˨
遵,ts,ɵ,n,˥
遶,j,i:u,,˩˧
遷,tsʰ,i:,n,˥
選,s,y:,n,˧˥
遹,l,ɵ,t,˨
遺,w,ɐi,,˩˨
遻,ŋ,,,˨
遼,l,i:u,,˩˨
遽,k,ɵy,,˨
遾,s,ɐi,,˨
避,p,ei,,˨
邀,j,i:u,,˥
邁,m,a:i,,˨
邂,h,a:i,,˩˧
邃,s,ɵy,,˨
還,s,y:,n,˩˨
邅,ts,i:,n,˥
邆,tʰ,ɐ,ŋ,˩˨
邇,j,i:,,˩˧
邈,m,i:u,,˩˧
邉,,,,
邊,p,i:,n,˥
邋,l,a:,p,˨
邌,,,,
邍,j,y:,n,˩˨
邎,,,,
邏,l,ɔ:,,˩˨
邐,l,ei,,˩˧
邑,j,ɐ,p,˥
邒,,,,
邓,t,ɐ,ŋ,˨
邔,k,ei,,˧˥
邕,j,ʊ,ŋ,˥
邖,,,,
邗,h,ɔ:,n,˩˨
邘,j,y:,,˥
邙,m,ɔ:,ŋ,˩˨
邚,,,,
邛,kʰ,ʊ,ŋ,˩˨
邜,,,,
邝,kʰw,ɔ:,ŋ,˧
邞,,,,
邟,kʰ,ɔ:,ŋ,˧
邠,p,ɐ,n,˥
邡,f,ɔ:,ŋ,˥
邢,j,ɪ,ŋ,˩˨
那,,a:,,˨
邤,,,,
邥,s,ɐ,m,˧˥
邦,p,ɔ:,ŋ,˥
邧,j,y:,n,˩˨
邨,tsʰ,y:,n,˥
邩,,,,
邪,tsʰ,ɛ:,,˩˨
邫,,,,
邬,w,u:,,˥
邭,,,,
邮,j,ɐu,,˩˨
邯,h,ɐ,m,˩˨
邰,tʰ,ɔ:i,,˩˨
邱,j,ɐu,,˥
邲,p,ei,,˧
邳,pʰ,ei,,˩˨
邴,p,ɪ,ŋ,˧˥
邵,s,i:u,,˨
邶,p,u:i,,˧
邷,,,,
邸,t,ɐi,,˧˥
邹,ts,ɐu,,˥
邺,j,i:,p,˨
邻,l,ɵ,n,˩˨
邼,,,,
邽,kw,ɐi,,˥
邾,ts,y:,,˥
邿,s,i:,,˥
郀,,,,
郁,j,ʊ,k,˥
郂,,,,
郃,k,ɐ,p,˧
郄,kw,ɪ,k,˥
郅,ts,ɐ,t,˨
郆,,,,
郇,s,ɵ,n,˥
郈,h,ɐu,,˨
郉,,,,
郊,k,a:u,,˥
郋,h,ɐi,,˩˨
郌,,,,
郍,,,,
郎,l,ɔ:,ŋ,˩˨
郏,k,a:,p,˧
郐,kʰ,u:i,,˧˥
郑,ts,ɛ:,ŋ,˨
郒,,,,
郓,w,ɐ,n,˨
郔,j,i:,n,˩˨
郕,s,ɪ,ŋ,˩˨
郖,t,ɐu,,˥
郗,tsʰ,i:,,˥
郘,l,ɵy,,˩˧
郙,f,u:,,˧˥
郚,ŋ,,,˩˨
郛,f,u:,,˥
郜,k,ou,,˧
郝,k,ɔ:,k,˧
郞,l,ɔ:,ŋ,˩˨
郟,k,a:,p,˧
郠,k,ɐ,ŋ,˧˥
郡,kw,ɐ,n,˨
郢,tsʰ,ɪ,ŋ,˧˥
郣,,,,
郤,kw,ɪ,k,˥
郥,,,,
郦,l,ɪ,k,˨
郧,w,ɐ,n,˩˨
部,p,ou,,˨
郩,,,,
郪,tsʰ,ɐi,,˥
郫,pʰ,ei,,˩˨
郬,,,,
郭,kw,ɔ:,k,˧
郮,,,,
郯,tʰ,a:,m,˩˨
郰,ts,ɐu,,˥
郱,pʰ,ɪ,ŋ,˩˨
郲,l,ɔ:i,,˩˨
郳,ŋ,ɐi,,˩˨
郴,s,ɐ,m,˥
郵,j,ɐu,,˩˨
郶,,,,
郷,,,,
郸,t,a:,n,˥
郹,kw,ɪ,k,˥
郺,,,,
郻,,,,
郼,j,i:,,˥
都,t,ou,,˥
郾,j,i:,n,˧˥
郿,m,ei,,˩˨
鄀,j,œ:,k,˨
鄁,,,,
鄂,ŋ,ɔ:,k,˨
鄃,s,y:,,˥
鄄,k,y:,n,˧
鄅,j,y:,,˩˧
鄆,w,ɐ,n,˨
鄇,h,ɐu,,˩˨
鄈,,,,
鄉,h,œ:,ŋ,˥
鄊,,,,
鄋,s,ɐu,,˥
鄌,,,,
鄍,m,ɪ,ŋ,˩˨
鄎,s,ɪ,k,˥
鄏,j,ʊ,k,˨
鄐,tsʰ,ʊ,k,˥
鄑,ts,i:,,˥
鄒,ts,ɐu,,˥
鄓,,,,
鄔,w,u:,,˥
鄕,h,œ:,ŋ,˥
鄖,w,ɐ,n,˩˨
鄗,h,a:u,,˥
鄘,j,ʊ,ŋ,˩˨
鄙,pʰ,ei,,˧˥
鄚,m,ɔ:,k,˨
鄛,tsʰ,a:u,,˩˨
鄜,f,u:,,˥
鄝,l,i:u,,˩˧
鄞,ŋ,ɐ,n,˩˨
鄟,ts,y:,n,˥
鄠,w,u:,,˨
鄡,h,i:u,,˥
鄢,j,i:,n,˥
鄣,ts,œ:,ŋ,˥
鄤,m,a:,n,˨
鄥,,,,
鄦,h,ɵy,,˧˥
鄧,t,ɐ,ŋ,˨
鄨,p,ɐi,,˨
鄩,tsʰ,ɐ,m,˩˨
鄪,p,ei,,˧
鄫,tsʰ,ɐ,ŋ,˩˨
鄬,w,ɐi,,˩˨
鄭,ts,ɛ:,ŋ,˨
鄮,m,ɐu,,˨
鄯,s,i:,n,˨
鄰,l,ɵ,n,˩˨
鄱,p,ɔ:,,˧
鄲,t,a:,n,˥
鄳,m,a:,ŋ,˩˨
鄴,j,i:,p,˨
鄵,tsʰ,ou,,˧
鄶,kʰ,u:i,,˧˥
鄷,,,,
鄸,m,ʊ,ŋ,˩˨
鄹,ts,ɐu,,˥
鄺,kʰw,ɔ:,ŋ,˧
鄻,,,,
鄼,,,,
鄽,,,,
鄾,j,ɐu,,˥
鄿,,,,
酀,j,i:,n,˧
酁,,,,
酂,ts,y:,n,˧˥
酃,l,ɪ,ŋ,˩˨
酄,,,,
酅,kʰw,ɐi,,˩˨
酆,f,ʊ,ŋ,˥
酇,ts,a:,n,˧
酈,l,ɪ,k,˨
酉,j,ɐu,,˩˧
酊,t,ɪ,ŋ,˥
酋,tsʰ,ɐu,,˩˨
酌,ts,œ:,k,˧
配,pʰ,u:i,,˧
酎,ts,ɐu,,˨
酏,j,i:,,˩˨
酐,k,ɔ:,n,˥
酑,,,,
酒,ts,ɐu,,˧˥
酓,j,i:,m,˧˥
酔,,,,
酕,m,ou,,˩˨
酖,t,a:,m,˥
酗,j,y:,,˧
酘,tʰ,ɐu,,˩˨
酙,,,,
酚,f,ɐ,n,˥
酛,,,,
酜,,,,
酝,w,ɐ,n,˧
酞,,,,
酟,tʰ,i:,m,˥
酠,,,,
酡,tʰ,ɔ:,,˩˨
酢,tsʰ,ou,,˧
酣,h,ɐ,m,˩˨
酤,k,u:,,˥
酥,s,ou,,˥
酦,pʰ,u:,t,˧
酧,tsʰ,ɐu,,˩˨
酨,t,ɔ:i,,˨
酩,m,ɪ,ŋ,˩˨
酪,l,ɔ:,k,˧
酫,,,,
酬,tsʰ,ɐu,,˩˨
酭,,,,
酮,tʰ,ʊ,ŋ,˩˨
酯,ts,i:,,˧˥
酰,,,,
酱,ts,œ:,ŋ,˧
酲,tsʰ,ɪ,ŋ,˩˨
酳,j,ɐ,n,˨
酴,tʰ,ou,,˩˨
酵,k,a:u,,˧
酶,m,u:i,,˩˨
酷,h,ʊ,k,˨
酸,s,y:,n,˥
酹,l,a:i,,˨
酺,pʰ,ou,,˩˨
酻,,,,
酼,,,,
酽,j,i:,m,˨
酾,s,i:,,˥
酿,j,œ:,ŋ,˨
醀,,,,
醁,l,ʊ,k,˨
醂,,,,
醃,j,i:,m,˥
醄,tʰ,ou,,˩˨
醅,pʰ,u:i,,˥
醆,ts,a:,n,˥
醇,s,ɵ,n,˩˨
醈,,,,
醉,ts,ɵy,,˧
醊,ts,y:,t,˧
醋,tsʰ,ou,,˧
醌,,,,
醍,tʰ,ɐi,,˩˨
醎,,,,
醏,,,,
醐,w,u:,,˩˨
醑,s,ɵy,,˧˥
醒,s,ɛ:,ŋ,˧˥
醓,tʰ,a:,m,˥
醔,,,,
醕,,,,
醖,,,,
醗,,,,
醘,,,,
醙,,,,
醚,m,ɐi,,˩˨
醛,tsʰ,y:,n,˩˨
醜,tsʰ,ɐu,,˧˥
醝,tsʰ,ɔ:,,˥
醞,w,ɐ,n,˧
醟,w,ɪ,ŋ,˩˨
醠,,ɔ:,ŋ,˧
醡,ts,a:,,˧
醢,h,ɔ:i,,˧˥
醣,tʰ,ɔ:,ŋ,˩˨
醤,,,,
醥,pʰ,i:u,,˧˥
醦,,,,
醧,j,y:,,˧
醨,l,ei,,˩˨
醩,,,,
醪,l,ou,,˩˨
醫,j,i:,,˥
醬,ts,œ:,ŋ,˧
醭,p,ʊ,k,˨
醮,ts,i:u,,˧
醯,h,ei,,˥
醰,tʰ,a:,m,˩˨
醱,pʰ,u:,t,˧
醲,n,ʊ,ŋ,˩˨
醳,j,ɪ,k,˨
醴,l,ɐi,,˩˧
醵,k,ɵy,,˨
醶,,,,
醷,j,i:,,˧
醸,,,,
醹,j,y:,,˩˨
醺,f,ɐ,n,˥
醻,,,,
醼,j,i:,n,˧
醽,l,ɪ,ŋ,˩˨
醾,m,ei,,˩˨
醿,,,,
釀,j,œ:,ŋ,˨
釁,j,ɐ,n,˧
釂,ts,i:u,,˧
釃,s,i:,,˥
釄,,,,
釅,j,i:,m,˨
釆,p,i:,n,˨
采,tsʰ,ɔ:i,,˧˥
釈,,,,
釉,j,ɐu,,˨
释,s,ɪ,k,˥
釋,s,ɪ,k,˥
里,l,ei,,˩˧
重,tsʰ,ʊ,ŋ,˩˨
野,j,ɛ:,,˩˧
量,l,œ:,ŋ,˩˨
釐,h,ei,,˥
金,k,ɐ,m,˥
釒,,,,
釓,k,a:,t,˧
釔,j,y:,t,˧
釕,l,i:u,,˩˧
釖,,,,
釗,tsʰ,i:u,,˥
釘,t,ɛ:,ŋ,˥
釙,pʰ,ɔ:,k,˧
釚,kʰ,ɐu,,˩˨
釛,,,,
釜,f,u:,,˧˥
針,ts,ɐ,m,˥
釞,,,,
釟,,,,
釠,,,,
釡,,,,
釢,n,a:i,,˩˧
釣,t,i:u,,˧
釤,s,a:,m,˥
釥,,,,
釦,kʰ,ɐu,,˧
釧,tsʰ,y:,n,˥
釨,,,,
釩,f,a:,n,˩˨
釪,j,y:,,˩˨
釫,w,u:,,˥
釬,h,ɔ:,n,˨
釭,k,ɔ:,ŋ,˥
釮,,,,
釯,,,,
釰,,,,
釱,t,a:i,,˨
釲,,,,
釳,,,,
釴,,,,
釵,tsʰ,a:,,˥
釶,,,,
釷,tʰ,ou,,˧˥
釸,,,,
釹,n,ɵy,,˩˧
釺,,,,
釻,,,,
釼,,,,
釽,pʰ,ɪ,k,˥
釾,,,,
釿,k,ɐ,n,˥
鈀,p,a:,,˥
鈁,f,ɔ:,ŋ,˥
鈂,,,,
鈃,k,i:,n,˥
鈄,t,ɐu,,˧˥
鈅,j,œ:,k,˨
鈆,j,y:,n,˩˨
鈇,f,u:,,˥
鈈,,,,
鈉,n,a:,p,˨
鈊,,,,
鈋,,,,
鈌,kʰ,y:,t,˧
鈍,t,ɵ,n,˨
鈎,k,ɐu,,˥
鈏,,,,
鈐,kʰ,i:,m,˩˨
鈑,p,a:,n,˧˥
鈒,kʰ,ɐ,p,˥
鈓,,,,
鈔,tsʰ,a:u,,˥
鈕,n,ɐu,,˧˥
鈖,,,,
鈗,,,,
鈘,,,,
鈙,,,,
鈚,pʰ,ei,,˩˨
鈛,,,,
鈜,w,ɐ,ŋ,˩˨
鈝,,,,
鈞,kw,ɐ,n,˥
鈟,,,,
鈠,,,,
鈡,,,,
鈢,,,,
鈣,kʰ,ɔ:i,,˧
鈤,j,ɐ,t,˨
鈥,f,ɔ:,,˧˥
鈦,tʰ,a:i,,˧
鈧,kʰ,ɔ:,ŋ,˧
鈨,,,,
鈩,,,,
鈪,ŋ,a:,k,˧
鈫,,,,
鈬,,,,
鈭,,,,
鈮,n,ei,,˩˨
鈯,,,,
鈰,s,i:,,˩˧
鈱,,,,
鈲,,,,
鈳,kʰ,ɔ:,,˥
鈴,l,ɪ,ŋ,˥
鈵,,,,
鈶,tʰ,ɔ:i,,˩˨
鈷,k,u:,,˥
鈸,p,ɐ,t,˨
鈹,pʰ,ei,,˥
鈺,j,ʊ,k,˨
鈻,,,,
鈼,,,,
鈽,p,ou,,˧
鈾,j,ɐu,,˧˥
鈿,t,i:,n,˨
鉀,k,a:,p,˧
鉁,,,,
鉂,,,,
鉃,,,,
鉄,tʰ,i:,t,˧
鉅,k,ɵy,,˨
鉆,tsʰ,y:,n,˧
鉇,,,,
鉈,tʰ,a:,,˥
鉉,j,y:,n,˩˧
鉊,,,,
鉋,pʰ,a:u,,˩˨
鉌,w,ɔ:,,˩˨
鉍,p,ei,,˧
鉎,s,ɐu,,˧
鉏,tsʰ,ɔ:,,˩˨
鉐,,,,
鉑,p,ɔ:,k,˨
鉒,ts,y:,,˧
鉓,,,,
鉔,s,a:,p,˧
鉕,,,,
鉖,,,,
鉗,kʰ,i:,m,˩˨
鉘,,,,
鉙,,,,
鉚,m,a:u,,˩˧
鉛,j,y:,n,˩˨
鉜,,,,
鉝,,,,
鉞,j,y:,t,˨
鉟,,,,
鉠,j,œ:,ŋ,˥
鉡,,,,
鉢,p,u:,t,˧
鉣,,,,
鉤,ŋ,ɐu,,˥
鉥,s,ɵ,t,˨
鉦,ts,ɪ,ŋ,˥
鉧,m,ou,,˩˧
鉨,,,,
鉩,,,,
鉪,,,,
鉫,,,,
鉬,m,ʊ,k,˨
鉭,t,a:,n,˧
鉮,,,,
鉯,j,i:,,˩˧
鉰,s,i:,,˥
鉱,,,,
鉲,kʰ,a:,,˧˥
鉳,,,,
鉴,k,a:,m,˧
鉵,,,,
鉶,j,ɪ,ŋ,˩˨
鉷,,,,
鉸,k,a:u,,˧
鉹,,,,
鉺,j,i:,,˩˧
鉻,k,ɔ:,k,˧
鉼,p,ɐ,ŋ,˥
鉽,,,,
鉾,,,,
鉿,h,ɐ,p,˨
銀,ŋ,ɐ,n,˧˥
銁,kw,ɐ,n,˥
銂,,,,
銃,tsʰ,ʊ,ŋ,˧
銄,,,,
銅,tʰ,ʊ,ŋ,˩˨
銆,,,,
銇,,,,
銈,,,,
銉,,,,
銊,,,,
銋,j,ɐ,m,˩˨
銌,,,,
銍,ts,ɐ,t,˨
銎,kʰ,ʊ,ŋ,˩˨
銏,,,,
銐,,,,
銑,s,i:,n,˧˥
銒,,,,
銓,tsʰ,y:,n,˩˨
銔,,,,
銕,tʰ,i:,t,˧
銖,ts,y:,,˥
銗,h,ɐu,,˩˨
銘,m,ɪ,ŋ,˩˨
銙,kʰw,a:,,˥
銚,t,i:u,,˨
銛,tsʰ,i:,m,˥
銜,h,a:,m,˩˨
銝,,,,
銞,,,,
銟,,,,
銠,l,ou,,˩˧
銡,,,,
銢,,,,
銣,j,y:,,˩˨
銤,m,ɐi,,˩˧
銥,j,i:,,˥
銦,j,ɐ,n,˥
銧,kw,ɔ:,ŋ,˥
銨,ŋ,ɔ:,n,˥
銩,t,i:u,,˥
銪,j,ɐu,,˩˧
銫,s,ɪ,k,˥
銬,kʰ,a:u,,˧
銭,,,,
銮,l,y:,n,˩˨
銯,,,,
銰,,,,
銱,,,,
銲,h,ɔ:,n,˨
銳,j,ɵy,,˨
銴,,,,
銵,,,,
銶,kʰ,ɐu,,˩˨
銷,s,i:u,,˥
銸,,,,
銹,s,ɐu,,˧
銺,,,,
銻,tʰ,ɐi,,˥
銼,tsʰ,ɔ:,,˧
銽,,,,
銾,,,,
銿,,,,
鋀,t,ɐu,,˨
鋁,l,ɵy,,˩˧
鋂,m,u:i,,˩˨
鋃,l,ɔ:,ŋ,˩˨
鋄,f,a:,n,˨
鋅,s,ɐ,n,˥
鋆,w,ɐ,n,˩˨
鋇,p,u:i,,˧
鋈,j,ʊ,k,˥
鋉,,,,
鋊,j,ʊ,k,˨
鋋,j,i:,n,˩˨
鋌,tʰ,ɪ,ŋ,˩˧
鋍,p,u:,t,˨
鋎,,,,
鋏,k,a:,p,˧
鋐,w,ɐ,ŋ,˩˨
鋑,tsʰ,y:,n,˥
鋒,f,ʊ,ŋ,˥
鋓,,,,
鋔,,,,
鋕,ts,i:,,˧
鋖,,,,
鋗,h,y:,n,˥
鋘,ŋ,,,˩˨
鋙,j,y:,,˩˧
鋚,,,,
鋛,,,,
鋜,,,,
鋝,l,y:,t,˧
鋞,,,,
鋟,tsʰ,i:,m,˥
鋠,,,,
鋡,,,,
鋢,,,,
鋣,,,,
鋤,tsʰ,ɔ:,,˩˨
鋥,,,,
鋦,k,ʊ,k,˥
鋧,j,i:,n,˨
鋨,ŋ,ɔ:,,˩˨
鋩,m,ɔ:,ŋ,˩˨
鋪,pʰ,ou,,˧
鋫,,,,
鋬,,,,
鋭,j,ɵy,,˨
鋮,s,ɪ,ŋ,˩˨
鋯,k,ou,,˧
鋰,l,ei,,˩˧
鋱,tʰ,ɪ,k,˥
鋲,,,,
鋳,,,,
鋴,,,,
鋵,,,,
鋶,,,,
鋷,,,,
鋸,k,ɵy,,˧
鋹,tsʰ,ɔ:,ŋ,˧˥
鋺,,,,
鋻,,,,
鋼,k,ɔ:,ŋ,˥
鋽,,,,
鋾,,,,
鋿,,,,
錀,,,,
錁,kw,ɔ:,,˧˥
錂,,,,
錃,,,,
錄,l,ʊ,k,˨
錅,,,,
錆,tsʰ,œ:,ŋ,˥
錇,,,,
錈,,,,
錉,,,,
錊,,,,
錋,,,,
錌,,,,
錍,pʰ,ɐi,,˥
錎,,,,
錏,,a:,,˧
錐,ts,ɵy,,˥
錑,,,,
錒,,a:,,˥
錓,,,,
錔,t,a:,p,˨
錕,kw,ɐ,n,˥
錖,,,,
錗,,,,
錘,tsʰ,ɵy,,˩˨
錙,ts,i:,,˥
錚,ts,a:,ŋ,˥
錛,p,ɐ,n,˥
錜,,,,
錝,,,,
錞,t,ɵy,,˨
錟,tʰ,a:,m,˩˨
錠,t,ɪ,ŋ,˧
錡,j,i:,,˧˥
錢,tsʰ,i:,n,˧˥
錣,ts,y:,t,˧
錤,k,ei,,˥
錥,j,ʊ,k,˨
錦,k,ɐ,m,˧˥
錧,k,u:,n,˧˥
錨,m,a:u,,˩˨
錩,tsʰ,œ:,ŋ,˥
錪,,,,
錫,s,ɛ:,k,˧
錬,,,,
錭,t,i:u,,˥
錮,k,u:,,˧
錯,tsʰ,ɔ:,,˧
錰,,,,
錱,,,,
録,,,,
錳,m,a:,ŋ,˩˧
錴,l,ʊ,k,˨
錵,,,,
錶,p,i:u,,˥
錷,,,,
錸,l,ɔ:i,,˩˨
錹,,,,
錺,,,,
錻,,,,
錼,n,ɔ:i,,˨
錽,,,,
錾,ts,a:,m,˨
錿,,,,
鍀,,,,
鍁,,,,
鍂,,,,
鍃,,,,
鍄,,,,
鍅,,,,
鍆,m,u:,n,˩˨
鍇,kʰ,a:i,,˧˥
鍈,,,,
鍉,t,ɪ,k,˨
鍊,l,i:,n,˨
鍋,w,ɔ:,,˥
鍌,,,,
鍍,t,ou,,˨
鍎,,,,
鍏,,,,
鍐,ts,ʊ,ŋ,˥
鍑,f,ʊ,k,˥
鍒,,,,
鍓,,,,
鍔,ŋ,ɔ:,k,˨
鍕,,,,
鍖,ts,ɐ,m,˥
鍗,,,,
鍘,ts,a:,t,˧
鍙,,,,
鍚,j,œ:,ŋ,˩˨
鍛,t,y:,n,˧
鍜,t,y:,n,˧
鍝,,,,
鍞,,,,
鍟,s,ɛ:,ŋ,˧
鍠,w,ɔ:,ŋ,˩˨
鍡,,,,
鍢,,,,
鍣,,,,
鍤,tsʰ,a:,p,˧
鍥,kʰ,i:,t,˧
鍦,,,,
鍧,kw,ɐ,ŋ,˥
鍨,,,,
鍩,ts,ɔ:,k,˨
鍪,m,ɐu,,˩˨
鍫,tsʰ,i:u,,˩˨
鍬,tsʰ,i:u,,˥
鍭,h,ɐu,,˩˨
鍮,,,,
鍯,,,,
鍰,w,a:,n,˩˨
鍱,t,i:,p,˨
鍲,,,,
鍳,,,,
鍴,,,,
鍵,k,i:,n,˨
鍶,s,i:,,˥
鍷,,,,
鍸,,,,
鍹,,,,
鍺,ts,ɛ:,,˧˥
鍻,,,,
鍼,ts,ɐ,m,˥
鍽,,,,
鍾,ts,ʊ,ŋ,˥
鍿,,,,
鎀,,,,
鎁,,,,
鎂,m,ei,,˩˧
鎃,,,,
鎄,,,,
鎅,k,a:i,,˧
鎆,,,,
鎇,,,,
鎈,,,,
鎉,tʰ,a:,p,˧
鎊,p,ɔ:,ŋ,˧˥
鎋,,,,
鎌,l,i:,m,˩˨
鎍,s,ɔ:,k,˧
鎎,,,,
鎏,l,ɐu,,˩˨
鎐,,,,
鎑,,,,
鎒,n,ɐu,,˨
鎓,,,,
鎔,j,ʊ,ŋ,˩˨
鎕,,,,
鎖,s,ɔ:,,˧˥
鎗,tsʰ,œ:,ŋ,˥
鎘,k,a:,k,˧
鎙,s,ɔ:,k,˧
鎚,tsʰ,ɵy,,˩˨
鎛,p,ɔ:,k,˧
鎜,,,,
鎝,t,a:,p,˧
鎞,p,ɐi,,˥
鎟,,,,
鎠,,,,
鎡,ts,i:,,˥
鎢,w,u:,,˥
鎣,j,ɪ,ŋ,˩˨
鎤,,,,
鎥,,,,
鎦,l,ɐu,,˩˨
鎧,h,ɔ:i,,˧˥
鎨,,,,
鎩,s,a:,t,˧
鎪,s,ɐu,,˥
鎫,,,,
鎬,k,ou,,˧˥
鎭,ts,ɐ,n,˧
鎮,ts,ɐ,n,˧
鎯,l,ɔ:,ŋ,˩˨
鎰,j,ɐ,t,˨
鎱,,,,
鎲,tʰ,ɔ:,ŋ,˧˥
鎳,n,i:,p,˥
鎴,s,ɪ,k,˥
鎵,k,a:,,˥
鎶,,,,
鎷,m,a:,,˩˧
鎸,,,,
鎹,,,,
鎺,,,,
鎻,,,,
鎼,,,,
鎽,,,,
鎾,,,,
鎿,,,,
鏀,,,,
鏁,s,ɔ:,,˧˥
鏂,,ɐu,,˥
鏃,ts,ʊ,k,˨
鏄,,,,
鏅,,,,
鏆,,,,
鏇,s,y:,n,˩˨
鏈,l,i:,n,˨
鏉,,,,
鏊,ŋ,ou,,˩˨
鏋,,,,
鏌,m,ɔ:,k,˨
鏍,,,,
鏎,,,,
鏏,w,ɐi,,˨
鏐,l,ɐu,,˩˨
鏑,t,ɪ,k,˥
鏒,s,a:,m,˥
鏓,,,,
鏔,,,,
鏕,,ou,,˩˨
鏖,ŋ,ou,,˩˨
鏗,h,ɐ,ŋ,˥
鏘,tsʰ,œ:,ŋ,˥
鏙,tsʰ,ɵy,,˥
鏚,tsʰ,ɪ,k,˥
鏛,,,,
鏜,tʰ,ɔ:,ŋ,˥
鏝,m,a:,n,˨
鏞,j,ʊ,ŋ,˩˨
鏟,tsʰ,a:,n,˧˥
鏠,,,,
鏡,k,ɛ:,ŋ,˧
鏢,p,i:u,,˥
鏣,,,,
鏤,l,ɐu,,˨
鏥,,,,
鏦,tsʰ,ʊ,ŋ,˥
鏧,,,,
鏨,ts,a:,m,˨
鏩,,,,
鏪,,,,
鏫,,,,
鏬,,,,
鏭,,,,
鏮,h,ɔ:,ŋ,˥
鏯,,,,
鏰,,,,
鏱,,,,
鏲,,,,
鏳,,,,
鏴,,,,
鏵,w,a:,,˩˨
鏶,,,,
鏷,p,ʊ,k,˨
鏸,w,ɐi,,˨
鏹,kʰ,œ:,ŋ,˩˧
鏺,pʰ,u:,t,˧
鏻,l,ɵ,n,˩˨
鏼,,,,
鏽,s,ɐu,,˧
鏾,s,i:,n,˧
鏿,,,,
鐀,kw,ɐi,,˨
鐁,,,,
鐂,,,,
鐃,n,a:u,,˩˨
鐄,,,,
鐅,,,,
鐆,s,ɵy,,˨
鐇,f,a:,n,˩˨
鐈,,,,
鐉,,,,
鐊,,,,
鐋,tʰ,ɔ:,ŋ,˧˥
鐌,,,,
鐍,kʰ,y:,t,˧
鐎,ts,i:u,,˥
鐏,ts,y:,n,˧
鐐,l,i:u,,˩˨
鐑,,,,
鐒,l,ou,,˩˨
鐓,t,ɵy,,˨
鐔,tʰ,a:,m,˩˨
鐕,ts,a:,m,˥
鐖,k,ei,,˥
鐗,,,,
鐘,ts,ʊ,ŋ,˥
鐙,t,ɐ,ŋ,˥
鐚,,,,
鐛,,,,
鐜,,,,
鐝,,,,
鐞,,,,
鐟,,,,
鐠,pʰ,ou,,˧˥
鐡,,,,
鐢,,,,
鐣,,,,
鐤,,,,
鐥,,,,
鐦,,,,
鐧,,,,
鐨,f,ɐi,,˧
鐩,s,ɵy,,˨
鐪,l,ou,,˩˧
鐫,s,y:,n,˨
鐬,,,,
鐭,,,,
鐮,l,i:,m,˩˨
鐯,,,,
鐰,,,,
鐱,,,,
鐲,ts,ʊ,k,˨
鐳,l,ɵy,,˩˨
鐴,,,,
鐵,tʰ,i:,t,˧
鐶,w,a:,n,˩˨
鐷,,,,
鐸,t,ɔ:,k,˨
鐹,,,,
鐺,tsʰ,ɐ,ŋ,˥
鐻,k,ɵy,,˨
鐼,,,,
鐽,t,a:,t,˨
鐾,,,,
鐿,j,i:,,˧
鑀,,ɔ:i,,˧
鑁,,,,
鑂,,,,
鑃,,,,
鑄,ts,y:,,˧
鑅,,,,
鑆,,,,
鑇,,,,
鑈,,,,
鑉,,,,
鑊,w,ɔ:,k,˨
鑋,h,ɪ,ŋ,˥
鑌,p,ɐ,n,˥
鑍,,,,
鑎,,,,
鑏,,,,
鑐,s,ɵy,,˥
鑑,k,a:,m,˧
鑒,k,a:,m,˧
鑓,,,,
鑔,,,,
鑕,ts,ɐ,t,˥
鑖,,,,
鑗,,,,
鑘,,,,
鑙,,,,
鑚,,,,
鑛,kw,ɔ:,ŋ,˧
鑜,,,,
鑝,,,,
鑞,l,a:,p,˨
鑟,,,,
鑠,s,œ:,k,˧
鑡,,,,
鑢,l,ɵy,,˧
鑣,p,i:u,,˥
鑤,pʰ,a:u,,˩˨
鑥,,,,
鑦,,,,
鑧,,,,
鑨,l,ʊ,ŋ,˩˨
鑩,,,,
鑪,l,ou,,˩˨
鑫,j,ɐ,m,˥
鑬,,,,
鑭,l,a:,n,˩˨
鑮,p,ɔ:,k,˧
鑯,,,,
鑰,j,œ:,k,˨
鑱,tsʰ,a:,m,˩˨
鑲,s,œ:,ŋ,˥
鑳,,,,
鑴,kʰw,ɐi,,˩˨
鑵,k,u:,n,˧
鑶,,,,
鑷,n,i:,p,˨
鑸,,,,
鑹,,,,
鑺,,,,
鑻,,,,
鑼,l,ɔ:,,˩˨
鑽,ts,y:,n,˥
鑾,l,y:,n,˩˨
鑿,ts,ɔ:,k,˨
钀,j,i:,t,˨
钁,f,ɔ:,k,˧
钂,t,ɔ:,ŋ,˧˥
钃,s,ʊ,k,˨
钄,,,,
钅,,,,
钆,k,a:,t,˧
钇,j,y:,t,˧
针,ts,ɐ,m,˥
钉,t,ɛ:,ŋ,˥
钊,tsʰ,i:u,,˥
钋,pʰ,ɔ:,k,˧
钌,l,i:u,,˩˧
钍,tʰ,ou,,˧˥
钎,,,,
钏,tsʰ,y:,n,˧
钐,s,a:,m,˥
钑,ts,a:,p,˨
钒,f,a:,n,˩˨
钓,t,i:u,,˧
钔,m,u:,n,˩˨
钕,n,ɵy,,˩˧
钖,j,œ:,ŋ,˩˨
钗,tsʰ,a:,,˥
钘,k,i:,n,˥
钙,kʰ,ɔ:i,,˧
钚,,,,
钛,tʰ,a:i,,˧
钜,k,ɵy,,˨
钝,t,ɵ,n,˨
钞,tsʰ,a:u,,˥
钟,ts,ʊ,ŋ,˥
钠,n,a:,p,˨
钡,p,u:i,,˧
钢,k,ɔ:,ŋ,˥
钣,p,a:,n,˧˥
钤,kʰ,i:,m,˩˨
钥,j,œ:,k,˨
钦,j,ɐ,m,˥
钧,kw,ɐ,n,˥
钨,w,u:,,˥
钩,k,ɐu,,˥
钪,kʰ,ɔ:,ŋ,˧
钫,f,ɔ:,ŋ,˥
钬,f,ɔ:,,˧˥
钭,t,ɐu,,˧˥
钮,n,ɐu,,˧˥
钯,p,a:,,˥
钰,j,ʊ,k,˨
钱,tsʰ,i:,n,˧˥
钲,ts,ɪ,ŋ,˥
钳,kʰ,i:,m,˩˨
钴,k,u:,,˥
钵,p,u:,t,˧
钶,,ɔ:,,˥
钷,,,,
钸,p,ou,,˧
钹,p,ɐ,t,˨
钺,j,y:,t,˨
钻,ts,y:,n,˥
钼,m,ʊ,k,˨
钽,t,a:,n,˧
钾,k,a:,p,˧
钿,t,i:,n,˨
铀,j,ɐu,,˧˥
铁,tʰ,i:,t,˧
铂,p,ɔ:,k,˨
铃,l,ɪ,ŋ,˥
铄,s,œ:,k,˧
铅,j,y:,n,˩˨
铆,m,a:u,,˩˧
铇,pʰ,a:u,,˩˨
铈,s,i:,,˩˧
铉,j,y:,n,˩˧
铊,tʰ,a:,,˥
铋,p,ei,,˧
铌,n,ei,,˩˨
铍,pʰ,ei,,˥
铎,t,ɔ:,k,˨
铏,j,ɪ,ŋ,˩˨
铐,kʰ,a:u,,˧
铑,l,ou,,˩˧
铒,j,i:,,˩˧
铓,m,ɔ:,ŋ,˩˨
铔,,a:,,˧
铕,j,ɐu,,˩˧
铖,s,ɪ,ŋ,˩˨
铗,k,a:,p,˧
铘,,,,
铙,n,a:u,,˩˨
铚,ts,ɐ,t,˨
铛,tsʰ,ɐ,ŋ,˥
铜,tʰ,ʊ,ŋ,˩˨
铝,l,ɵy,,˩˧
铞,,,,
铟,j,ɐ,n,˥
铠,h,ɔ:i,,˧˥
铡,ts,a:,t,˧
铢,ts,y:,,˥
铣,s,i:,n,˧˥
铤,tʰ,ɪ,ŋ,˩˧
铥,t,i:u,,˥
铦,tsʰ,i:,m,˥
铧,w,a:,,˩˨
铨,tsʰ,y:,n,˩˨
铩,s,a:,t,˧
铪,h,ɐ,p,˨
铫,t,i:u,,˨
铬,k,ɔ:,k,˧
铭,m,ɪ,ŋ,˩˨
铮,ts,a:,ŋ,˥
铯,s,ɪ,k,˥
铰,k,a:u,,˧
铱,j,i:,,˥
铲,tsʰ,a:,n,˧˥
铳,tsʰ,ʊ,ŋ,˧
铴,tʰ,ɔ:,ŋ,˧˥
铵,ŋ,ɔ:,n,˥
银,ŋ,ɐ,n,˧˥
铷,j,y:,,˩˨
铸,ts,y:,,˧
铹,l,ou,,˩˨
铺,pʰ,ou,,˧
铻,j,y:,,˩˧
铼,l,ɔ:i,,˩˨
铽,tʰ,ɪ,k,˥
链,l,i:,n,˨
铿,h,ɐ,ŋ,˥
销,s,i:u,,˥
锁,s,ɔ:,,˧˥
锂,l,ei,,˩˧
锃,,,,
锄,tsʰ,ɔ:,,˩˨
锅,w,ɔ:,,˥
锆,k,ou,,˧
锇,ŋ,ɔ:,,˩˨
锈,s,ɐu,,˧
锉,tsʰ,ɔ:,,˧
锊,l,y:,t,˧
锋,f,ʊ,ŋ,˥
锌,s,ɐ,n,˥
锍,,,,
锎,,,,
锏,,,,
锐,j,ɵy,,˨
锑,tʰ,ɐi,,˥
锒,l,ɔ:,ŋ,˩˨
锓,tsʰ,i:,m,˥
锔,k,ʊ,k,˥
锕,,a:,,˥
锖,tsʰ,œ:,ŋ,˥
锗,ts,ɛ:,,˧˥
锘,ts,ɔ:,k,˨
错,tsʰ,ɔ:,,˧
锚,m,a:u,,˩˨
锛,p,ɐ,n,˥
锜,j,i:,,˧˥
锝,,,,
锞,kw,ɔ:,,˧˥
锟,kw,ɐ,n,˥
锠,tsʰ,œ:,ŋ,˥
锡,,,,
锢,k,u:,,˧
锣,l,ɔ:,,˩˨
锤,tsʰ,ɵy,,˩˨
锥,ts,ɵy,,˥
锦,k,ɐ,m,˧˥
锧,ts,ɐ,t,˥
锨,j,ɐ,n,˥
锩,,,,
锪,,,,
锫,,,,
锬,tʰ,a:,m,˩˨
锭,t,ɪ,ŋ,˧
键,k,i:,n,˨
锯,k,ɵy,,˧
锰,m,a:,ŋ,˩˧
锱,ts,i:,,˥
锲,kʰ,i:,t,˧
锳,,,,
锴,kʰ,a:i,,˧˥
锵,tsʰ,œ:,ŋ,˥
锶,s,i:,,˥
锷,ŋ,ɔ:,k,˨
锸,tsʰ,a:,p,˧
锹,tsʰ,i:u,,˥
锺,ts,ʊ,ŋ,˥
锻,t,y:,n,˧
锼,s,ɐu,,˥
锽,w,ɔ:,ŋ,˩˨
锾,w,a:,n,˩˨
锿,,,,
镀,t,ou,,˨
镁,m,ei,,˩˧
镂,l,ɐu,,˨
镃,ts,i:,,˥
镄,f,ɐi,,˧
镅,,,,
镆,m,ɔ:,k,˨
镇,ts,ɐ,n,˧
镈,p,ɔ:,k,˧
镉,k,a:,k,˧
镊,n,i:,p,˨
镋,t,ɔ:,ŋ,˧˥
镌,,,,
镍,n,i:,p,˥
镎,,,,
镏,l,ɐu,,˩˨
镐,k,ou,,˧˥
镑,p,ɔ:,ŋ,˧˥
镒,j,ɐ,t,˨
镓,k,a:,,˥
镔,p,ɐ,n,˥
镕,j,ʊ,ŋ,˩˨
镖,p,i:u,,˥
镗,tʰ,ɔ:,ŋ,˥
镘,m,a:,n,˨
镙,,,,
镚,,,,
镛,j,ʊ,ŋ,˩˨
镜,k,ɛ:,ŋ,˧
镝,t,ɪ,k,˥
镞,ts,ʊ,k,˨
镟,s,y:,n,˩˨
镠,l,ɐu,,˩˨
镡,tʰ,a:,m,˩˨
镢,f,ɔ:,k,˧
镣,l,i:u,,˩˨
镤,p,ʊ,k,˨
镥,,,,
镦,t,ɵ,n,˥
镧,l,a:,n,˩˨
镨,pʰ,ou,,˧˥
镩,,,,
镪,kʰ,œ:,ŋ,˩˧
镫,t,ɐ,ŋ,˥
镬,w,ɔ:,k,˨
镭,l,ɵy,,˩˨
镮,w,a:,n,˩˨
镯,ts,ʊ,k,˨
镰,l,i:,m,˩˨
镱,j,i:,,˧
镲,,,,
镳,p,i:u,,˥
镴,l,ɐ,p,˨
镵,tsʰ,a:,m,˩˨
镶,s,œ:,ŋ,˥
長,tsʰ,œ:,ŋ,˩˨
镸,,,,
镹,,,,
镺,,ou,,˧˥
镻,,,,
镼,kw,ɐ,t,˨
镽,,,,
镾,,,,
长,tsʰ,œ:,ŋ,˩˨
門,m,u:,n,˧˥
閁,,,,
閂,s,a:,n,˥
閃,s,i:,m,˧˥
閄,,,,
閅,,,,
閆,j,i:,m,˩˨
閇,,,,
閈,h,ɔ:,n,˨
閉,p,ɐi,,˧
閊,,,,
開,h,ɔ:i,,˥
閌,kʰ,ɔ:,ŋ,˧
閍,,,,
閎,w,ɐ,ŋ,˩˨
閏,j,ɵ,n,˨
閐,,,,
閑,h,a:,n,˩˨
閒,k,a:,n,˥
間,k,a:,n,˧
閔,m,ɐ,n,˩˧
閕,,,,
閖,,,,
閗,,,,
閘,ts,a:,p,˨
閙,n,a:u,,˨
閚,,,,
閛,pʰ,ɪ,ŋ,˨
閜,h,a:,,˥
閝,,,,
閞,p,i:,n,˨
閟,p,ei,,˧
閠,,,,
閡,h,ɐ,t,˨
関,kw,a:,n,˥
閣,k,ɔ:,k,˧
閤,k,ɐ,p,˧
閥,f,ɐ,t,˨
閦,,,,
閧,h,ʊ,ŋ,˨
閨,kw,ɐi,,˥
閩,m,ɐ,n,˩˨
閪,h,ɐi,,˥
閫,kʰw,ɐ,n,˧˥
閬,l,ɔ:,ŋ,˩˧
閭,l,ɵy,,˩˨
閮,,,,
閯,,,,
閰,,,,
閱,j,y:,t,˨
閲,j,y:,t,˨
閳,,,,
閴,,,,
閵,l,ɵ,n,˨
閶,tsʰ,œ:,ŋ,˥
閷,s,a:,t,˧
閸,,,,
閹,j,i:,m,˥
閺,,,,
閻,j,i:,m,˩˨
閼,,a:,t,˥
閽,f,ɐ,n,˥
閾,w,ɪ,k,˨
閿,m,ɐ,n,˩˨
闀,,,,
闁,,,,
闂,,,,
闃,kw,ɪ,k,˥
闄,,,,
闅,kw,ɪ,k,˥
闆,p,a:,n,˧˥
闇,,ɐ,m,˧˥
闈,w,ɐi,,˩˨
闉,j,ɐ,n,˥
闊,f,u:,t,˧
闋,kʰ,y:,t,˧
闌,l,a:,n,˩˨
闍,t,ou,,˥
闎,,,,
闏,,,,
闐,tʰ,i:,n,˩˨
闑,j,i:,p,˨
闒,tʰ,a:,p,˧
闓,h,ɔ:i,,˧˥
闔,h,ɐ,p,˨
闕,kʰ,y:,t,˧
闖,tsʰ,ɔ:,ŋ,˧˥
闗,kw,a:,n,˥
闘,,,,
闙,,,,
闚,kʰw,ɐi,,˥
闛,tʰ,ɔ:,ŋ,˥
關,kw,a:,n,˥
闝,,,,
闞,h,a:,m,˧˥
闟,kʰ,a:,p,˥
闠,f,u:i,,˧˥
闡,tsʰ,i:,n,˧˥
闢,pʰ,ɪ,k,˥
闣,,,,
闤,w,a:,n,˩˨
闥,tʰ,a:,t,˧
闦,,,,
闧,,,,
门,m,u:,n,˧˥
闩,s,a:,n,˥
闪,s,i:,m,˧˥
闫,j,i:,m,˩˨
闬,h,ɔ:,n,˨
闭,p,ɐi,,˧
问,m,ɐ,n,˨
闯,tsʰ,ɔ:,ŋ,˧˥
闰,j,ɵ,n,˨
闱,w,ɐi,,˩˨
闲,h,a:,n,˩˨
闳,w,ɐ,ŋ,˩˨
间,k,a:,n,˧
闵,m,ɐ,n,˩˧
闶,kʰ,ɔ:,ŋ,˧
闷,m,u:,n,˨
闸,ts,a:,p,˨
闹,n,a:u,,˨
闺,kw,ɐi,,˥
闻,m,ɐ,n,˩˨
闼,tʰ,a:,t,˧
闽,m,ɐ,n,˩˨
闾,l,ɵy,,˩˨
闿,h,ɔ:i,,˧˥
阀,f,ɐ,t,˨
阁,k,ɔ:,k,˧
阂,h,ɐ,t,˨
阃,kʰw,ɐ,n,˧˥
阄,k,ɐu,,˥
阅,j,y:,t,˨
阆,l,ɔ:,ŋ,˩˧
阇,s,ɛ:,,˨
阈,w,ɪ,k,˨
阉,j,i:,m,˥
阊,tsʰ,œ:,ŋ,˥
阋,j,ɪ,k,˥
阌,m,ɐ,n,˩˨
阍,f,ɐ,n,˥
阎,j,i:,m,˩˨
阏,,a:,t,˥
阐,tsʰ,i:,n,˧˥
阑,l,a:,n,˩˨
阒,kw,ɪ,k,˥
阓,f,u:i,,˧˥
阔,f,u:,t,˧
阕,kʰ,y:,t,˧
阖,h,ɐ,p,˨
阗,tʰ,i:,n,˩˨
阘,tʰ,a:,p,˧
阙,kʰ,y:,t,˧
阚,h,a:,m,˧˥
阛,w,a:,n,˩˨
阜,f,ɐu,,˨
阝,,,,
阞,l,ɐ,k,˨
队,t,ɵy,,˨
阠,,,,
阡,tsʰ,i:,n,˥
阢,ŋ,ɐ,t,˨
阣,k,ɔ:i,,˧
阤,tsʰ,ɔ:,,˩˨
阥,,,,
阦,,,,
阧,,,,
阨,,ɐ,k,˥
阩,,,,
阪,p,a:,n,˧˥
阫,,,,
阬,h,a:,ŋ,˥
阭,,,,
阮,j,y:,n,˧˥
阯,ts,i:,,˧˥
阰,pʰ,ei,,˩˨
阱,ts,ɪ,ŋ,˨
防,f,ɔ:,ŋ,˩˨
阳,j,œ:,ŋ,˩˨
阴,j,ɐ,m,˥
阵,ts,ɐ,n,˨
阶,k,a:i,,˥
阷,,,,
阸,,,,
阹,kʰ,ɵy,,˥
阺,t,ɐi,,˧˥
阻,ts,ɔ:,,˧˥
阼,ts,ou,,˨
阽,t,i:,m,˧
阾,,,,
阿,,a:,,˧
陀,tʰ,ɔ:,,˩˨
陁,,,,
陂,p,ei,,˥
陃,p,ɔ:,,˧
附,f,u:,,˨
际,ts,ɐi,,˧
陆,l,ʊ,k,˨
陇,l,ʊ,ŋ,˩˧
陈,tsʰ,ɐ,n,˩˨
陉,j,ɪ,ŋ,˩˨
陊,t,ɔ:,,˨
陋,l,ɐu,,˨
陌,m,ɐ,k,˨
降,k,ɔ:,ŋ,˧
陎,,,,
陏,tsʰ,ɵy,,˩˨
限,h,a:,n,˨
陑,j,i:,,˩˨
陒,,,,
陓,j,y:,,˥
陔,k,ɔ:i,,˥
陕,s,i:,m,˧˥
陖,,,,
陗,tsʰ,i:u,,˩˧
陘,j,ɪ,ŋ,˩˨
陙,,,,
陚,,,,
陛,p,ɐi,,˨
陜,k,i:,p,˨
陝,s,i:,m,˧˥
陞,s,ɪ,ŋ,˥
陟,ts,ɪ,k,˥
陠,,,,
陡,t,ɐu,,˧˥
院,j,y:,n,˧˥
陣,ts,ɐ,n,˨
除,tsʰ,ɵy,,˩˨
陥,,,,
陦,,,,
陧,n,i:,p,˨
陨,j,y:,n,˩˨
险,h,i:,m,˧˥
陪,pʰ,u:i,,˩˨
陫,f,ei,,˧˥
陬,ts,ɐu,,˥
陭,j,i:,,˧˥
陮,,,,
陯,,,,
陰,j,ɐ,m,˥
陱,,,,
陲,s,ɵy,,˩˨
陳,tsʰ,ɐ,n,˩˨
陴,pʰ,ei,,˩˨
陵,l,ɪ,ŋ,˩˨
陶,j,i:u,,˩˨
陷,h,a:,m,˨
陸,l,ʊ,k,˨
陹,,,,
険,,,,
陻,j,ɐ,n,˥
陼,ts,y:,,˧˥
陽,j,œ:,ŋ,˩˨
陾,j,ɪ,ŋ,˩˨
陿,,,,
隀,,,,
隁,,,,
隂,j,ɐ,m,˥
隃,j,y:,,˩˨
隄,tʰ,ɐi,,˩˨
隅,j,y:,,˩˨
隆,l,ʊ,ŋ,˩˨
隇,,,,
隈,w,u:i,,˥
隉,n,i:,p,˨
隊,t,ɵy,,˨
隋,tsʰ,ɵy,,˩˨
隌,,,,
隍,w,ɔ:,ŋ,˩˨
階,k,a:i,,˥
随,tsʰ,ɵy,,˩˨
隐,j,ɐ,n,˧˥
隑,k,ɔ:i,,˥
隒,j,i:,m,˧˥
隓,,,,
隔,k,a:,k,˧
隕,j,y:,n,˩˨
隖,,,,
隗,ŋ,ɐi,,˩˧
隘,,a:i,,˧
隙,kw,ɪ,k,˥
隚,,,,
際,ts,ɐi,,˧
障,ts,œ:,ŋ,˧
隝,w,u:,,˧˥
隞,ŋ,ou,,˩˨
隟,,,,
隠,,,,
隡,,,,
隢,,,,
隣,l,ɵ,n,˩˨
隤,tʰ,ɵy,,˩˨
隥,,,,
隦,,,,
隧,s,ɵy,,˨
隨,tsʰ,ɵy,,˩˨
隩,j,ʊ,k,˥
險,h,i:,m,˧˥
隫,,,,
隬,,,,
隭,,,,
隮,ts,ɐi,,˥
隯,,,,
隰,ts,a:,p,˨
隱,j,ɐ,n,˧˥
隲,ts,ɐ,t,˥
隳,f,ɐi,,˥
隴,l,ʊ,ŋ,˩˧
隵,,,,
隶,t,ɐi,,˨
隷,t,ɐi,,˨
隸,t,ɐi,,˨
隹,ts,ɵy,,˥
隺,,,,
隻,ts,ɛ:,k,˧
隼,ts,ɵ,n,˧˥
隽,s,y:,n,˩˧
难,n,a:,n,˩˨
隿,,,,
雀,ts,œ:,k,˧
雁,ŋ,a:,n,˨
雂,,,,
雃,,,,
雄,h,ʊ,ŋ,˩˨
雅,,a:,,˥
集,ts,a:,p,˨
雇,,,,
雈,w,u:,n,˩˨
雉,ts,i:,,˩˧
雊,k,ɐu,,˧
雋,s,y:,n,˩˧
雌,tsʰ,i:,,˥
雍,j,ʊ,ŋ,˥
雎,ts,ɵy,,˥
雏,tsʰ,ɔ:,,˥
雐,,,,
雑,,,,
雒,l,ɔ:,k,˧
雓,,,,
雔,tsʰ,ɐu,,˩˨
雕,t,i:u,,˥
雖,s,ɵy,,˥
雗,,,,
雘,w,ɔ:,k,˧
雙,s,œ:,ŋ,˥
雚,k,u:,n,˧
雛,tsʰ,ɔ:,,˥
雜,ts,a:,p,˨
雝,j,ʊ,ŋ,˥
雞,k,ɐi,,˥
雟,kʰw,ɐi,,˩˨
雠,tsʰ,ɐu,,˩˨
雡,,,,
離,l,ei,,˩˨
難,n,a:,n,˩˨
雤,,,,
雥,ts,a:,p,˨
雦,,,,
雧,,,,
雨,j,y:,,˩˧
雩,j,y:,,˩˨
雪,s,y:,t,˧
雫,,,,
雬,,,,
雭,,,,
雮,,,,
雯,m,ɐ,n,˩˨
雰,f,ɐ,n,˥
雱,pʰ,ɔ:,ŋ,˩˨
雲,w,ɐ,n,˩˨
雳,l,ɪ,k,˥
雴,,,,
雵,,,,
零,l,ɪ,ŋ,˩˨
雷,l,ɵy,,˩˨
雸,,,,
雹,p,ɔ:,k,˨
雺,m,ɐu,,˩˨
電,t,i:,n,˨
雼,,,,
雽,,,,
雾,m,ou,,˨
雿,,,,
需,s,ɵy,,˥
霁,ts,ɐi,,˧
霂,m,ʊ,k,˨
霃,tsʰ,ɐ,m,˩˨
霄,s,i:u,,˥
霅,ts,i:,p,˧
霆,tʰ,ɪ,ŋ,˩˨
震,ts,ɐ,n,˧
霈,pʰ,u:i,,˧
霉,m,u:i,,˩˨
霊,,,,
霋,s,a:,p,˧
霌,,,,
霍,f,ɔ:,k,˧
霎,s,a:,p,˧
霏,f,ei,,˥
霐,,,,
霑,ts,i:,m,˥
霒,j,ɐ,m,˥
霓,ŋ,ɐi,,˩˨
霔,,,,
霕,,,,
霖,l,ɐ,m,˩˨
霗,,,,
霘,,,,
霙,j,ɪ,ŋ,˥
霚,,,,
霛,,,,
霜,s,œ:,ŋ,˥
霝,l,ɪ,ŋ,˩˨
霞,h,a:,,˩˨
霟,,,,
霠,j,ɐ,m,˥
霡,m,ɐ,k,˨
霢,m,ɐ,k,˨
霣,w,ɐ,n,˩˧
霤,l,ɐu,,˨
霥,m,ʊ,ŋ,˩˨
霦,,,,
霧,m,ou,,˨
霨,w,ɐi,,˧
霩,kw,ɔ:,k,˧
霪,j,ɐ,m,˩˨
霫,ts,a:,p,˨
霬,,,,
霭,,ɔ:i,,˧˥
霮,t,a:,m,˨
霯,,,,
霰,s,i:,n,˧
霱,l,ɵ,t,˨
露,l,ɐu,,˨
霳,,,,
霴,,,,
霵,,,,
霶,pʰ,ɔ:,ŋ,˩˨
霷,,,,
霸,p,a:,,˧
霹,pʰ,ɪ,k,˥
霺,,,,
霻,,,,
霼,,,,
霽,ts,ɐi,,˧
霾,l,ei,,˩˨
霿,m,ʊ,ŋ,˨
靀,,,,
靁,,,,
靂,l,ɪ,k,˥
靃,,,,
靄,,ɔ:i,,˧˥
靅,,,,
靆,t,ɔ:i,,˨
靇,,,,
靈,l,ɛ:,ŋ,˩˨
靉,,ɔ:i,,˧˥
靊,,,,
靋,,,,
靌,,,,
靍,,,,
靎,,,,
靏,,,,
靐,,,,
靑,,,,
青,tsʰ,ɛ:,ŋ,˥
靓,l,ɛ:,ŋ,˧
靔,,,,
靕,,,,
靖,ts,ɪ,ŋ,˨
靗,,,,
靘,tsʰ,ɪ,ŋ,˧
静,ts,ɪ,ŋ,˨
靚,l,ɛ:,ŋ,˧
靛,t,i:,n,˨
靜,ts,ɪ,ŋ,˨
靝,,,,
非,f,ei,,˥
靟,,,,
靠,kʰ,a:u,,˧
靡,m,ei,,˩˧
面,m,i:,n,˨
靣,,,,
靤,,,,
靥,j,i:,p,˧
靦,m,i:,n,˩˧
靧,f,u:i,,˧
靨,j,i:,p,˧
革,k,a:,k,˧
靪,t,ɪ,ŋ,˥
靫,,,,
靬,k,i:,n,˥
靭,,,,
靮,t,ɪ,k,˥
靯,,,,
靰,w,u:,,˥
靱,,,,
靲,kʰ,ɐ,m,˩˨
靳,k,ɐ,n,˧
靴,h,ɛ:u,,˥
靵,,,,
靶,p,a:,,˧˥
靷,j,ɐ,n,˩˧
靸,s,a:,p,˧
靹,,,,
靺,m,u:,t,˨
靻,ts,ou,,˧˥
靼,t,a:,t,˧
靽,p,u:,n,˧
靾,s,i:,t,˧
靿,,a:u,,˧
鞀,tʰ,ou,,˩˨
鞁,p,ei,,˨
鞂,k,a:,t,˧
鞃,w,ɐ,ŋ,˩˨
鞄,pʰ,a:i,,˩˨
鞅,j,œ:,ŋ,˥
鞆,,,,
鞇,,,,
鞈,k,a:,p,˧
鞉,tʰ,ou,,˩˨
鞊,,,,
鞋,h,a:i,,˩˨
鞌,,ɔ:,n,˥
鞍,,ɔ:,n,˥
鞎,,,,
鞏,k,ʊ,ŋ,˧˥
鞐,,,,
鞑,tʰ,a:,t,˧
鞒,,,,
鞓,,,,
鞔,m,ɔ:,ŋ,˥
鞕,,,,
鞖,,,,
鞗,tʰ,i:u,,˩˨
鞘,tsʰ,i:u,,˧
鞙,k,y:,n,˥
鞚,h,ʊ,ŋ,˧
鞛,,,,
鞜,t,a:,p,˨
鞝,s,œ:,ŋ,˩˧
鞞,p,ei,,˧˥
鞟,kʰw,ɔ:,k,˧
鞠,k,ʊ,k,˥
鞡,l,a:,,˥
鞢,,,,
鞣,j,ɐu,,˩˨
鞤,p,ɔ:,ŋ,˥
鞥,,ɐ,ŋ,˥
鞦,tsʰ,ɐu,,˥
鞧,tsʰ,ɐu,,˥
鞨,h,ɔ:,t,˧
鞩,,,,
鞪,m,ɐu,,˩˨
鞫,k,ʊ,k,˥
鞬,k,i:,n,˥
鞭,p,i:,n,˥
鞮,t,ɐi,,˥
鞯,ts,i:,n,˥
鞰,,,,
鞱,,,,
鞲,,,,
鞳,t,a:,p,˨
鞴,k,ɐu,,˥
鞵,,,,
鞶,pʰ,u:,n,˩˨
鞷,,,,
鞸,,,,
鞹,kʰw,ɔ:,k,˧
鞺,,,,
鞻,l,ɐu,,˩˨
鞼,,,,
鞽,,,,
鞾,,,,
鞿,k,ei,,˥
韀,,,,
韁,k,œ:,ŋ,˥
韂,,,,
韃,tʰ,a:,t,˧
韄,w,a:,k,˨
韅,h,i:,n,˧˥
韆,tsʰ,i:,n,˥
韇,t,ʊ,k,˨
韈,,,,
韉,ts,i:,n,˥
韊,,,,
韋,w,ɐi,,˩˨
韌,j,ɐ,n,˨
韍,f,ɐ,t,˥
韎,m,u:i,,˨
韏,h,y:,n,˧
韐,k,a:,p,˧
韑,,,,
韒,,,,
韓,h,ɔ:,n,˩˨
韔,tsʰ,œ:,ŋ,˧
韕,,,,
韖,,,,
韗,w,ɐ,n,˨
韘,s,i:,p,˧
韙,w,ɐi,,˩˧
韚,,,,
韛,,,,
韜,tʰ,ou,,˥
韝,k,ɐu,,˥
韞,w,ɐ,n,˧
韟,,,,
韠,p,ɐ,t,˥
韡,w,ɐi,,˩˨
韢,,,,
韣,t,ʊ,k,˨
韤,,,,
韥,,,,
韦,w,ɐi,,˩˨
韧,j,ɐ,n,˨
韨,f,ɐ,t,˥
韩,h,ɔ:,n,˩˨
韪,w,ɐi,,˩˧
韫,w,ɐ,n,˧
韬,tʰ,ou,,˥
韭,k,ɐu,,˧˥
韮,k,ɐu,,˧˥
韯,,,,
韰,h,a:i,,˨
韱,,,,
韲,,,,
音,j,ɐ,m,˥
韴,,,,
韵,w,ɐ,n,˩˧
韶,s,i:u,,˩˨
韷,,,,
韸,,,,
韹,,,,
韺,j,ɪ,ŋ,˥
韻,w,ɐ,n,˩˧
韼,,,,
韽,,ɐ,m,˥
韾,,,,
響,h,œ:,ŋ,˧˥
頀,w,u:,,˨
頁,j,i:,p,˨
頂,t,ɛ:,ŋ,˧˥
頃,kʰ,ɪ,ŋ,˧˥
頄,kʰw,ɐi,,˩˨
項,h,ɔ:,ŋ,˨
順,s,ɵ,n,˨
頇,h,ɔ:,n,˥
須,s,ɵy,,˥
頉,,,,
頊,k,ʊ,k,˥
頋,k,u:,,˧
頌,ts,ʊ,ŋ,˨
頍,kʰw,ɐi,,˥
頎,kʰ,ei,,˩˨
頏,h,ɔ:,ŋ,˩˨
預,j,y:,,˨
頑,w,a:,n,˩˨
頒,p,a:,n,˥
頓,t,ɵ,n,˨
頔,,,,
頕,t,a:,m,˥
頖,pʰ,u:,n,˧
頗,pʰ,ɔ:,,˥
領,l,ɛ:,ŋ,˩˧
頙,,,,
頚,,,,
頛,,,,
頜,k,ɐ,p,˧
頝,,,,
頞,,a:,t,˧
頟,ŋ,a:,k,˨
頠,ŋ,ɐi,,˩˧
頡,k,i:,t,˧
頢,,,,
頣,,,,
頤,j,i:,,˩˨
頥,,,,
頦,h,ɔ:i,,˩˨
頧,,,,
頨,,,,
頩,pʰ,ɪ,ŋ,˥
頪,,,,
頫,f,u:,,˧˥
頬,,,,
頭,tʰ,ɐu,,˧˥
頮,,,,
頯,kʰw,ɐi,,˩˨
頰,k,a:,p,˧
頱,,,,
頲,tʰ,ɪ,ŋ,˩˧
頳,,,,
頴,,,,
頵,kw,ɐ,ŋ,˥
頶,,,,
頷,h,ɐ,m,˩˧
頸,k,ɛ:,ŋ,˧˥
頹,tʰ,ɵy,,˩˨
頺,,,,
頻,pʰ,ɐ,n,˩˨
頼,l,a:i,,˨
頽,,,,
頾,,,,
頿,,,,
顀,,,,
顁,t,ɪ,ŋ,˧
顂,,,,
顃,,,,
顄,h,ɐ,m,˩˧
顅,,,,
顆,f,ɔ:,,˧˥
顇,,,,
顈,kw,ɪ,ŋ,˧˥
顉,h,ɐ,m,˨
顊,,,,
顋,s,ɔ:i,,˥
題,tʰ,ɐi,,˩˨
額,ŋ,a:,k,˨
顎,ŋ,ɔ:,k,˨
顏,ŋ,a:,n,˩˨
顐,w,ɐ,n,˨
顑,h,ɐ,m,˧˥
顒,j,ʊ,ŋ,˩˨
顓,ts,y:,n,˥
顔,,,,
顕,h,i:,n,˧˥
顖,,,,
顗,ŋ,ɐi,,˩˧
願,j,y:,n,˨
顙,s,ɔ:,ŋ,˧˥
顚,t,i:,n,˥
顛,t,i:,n,˥
顜,k,ɔ:,ŋ,˧˥
顝,,,,
類,l,ɵy,,˨
顟,,,,
顠,pʰ,i:u,,˩˧
顡,,,,
顢,m,u:,n,˥
顣,tsʰ,ʊ,k,˥
顤,,,,
顥,h,ou,,˨
顦,tsʰ,i:u,,˩˨
顧,k,u:,,˧
顨,,,,
顩,j,i:,m,˩˧
顪,f,u:i,,˧
顫,ts,i:,n,˧
顬,,,,
顭,,,,
顮,,,,
顯,h,i:,n,˧˥
顰,pʰ,ɐ,n,˩˨
顱,l,ou,,˩˨
顲,,,,
顳,n,i:,p,˨
顴,kʰ,y:,n,˩˨
页,j,i:,p,˨
顶,t,ɛ:,ŋ,˧˥
顷,kʰ,ɪ,ŋ,˧˥
顸,h,ɔ:,n,˥
项,h,ɔ:,ŋ,˨
顺,s,ɵ,n,˨
须,s,ɵy,,˥
顼,k,ʊ,k,˥
顽,w,a:,n,˩˨
顾,k,u:,,˧
顿,t,ɵ,n,˨
颀,kʰ,ei,,˩˨
颁,p,a:,n,˥
颂,ts,ʊ,ŋ,˨
颃,h,ɔ:,ŋ,˩˨
预,j,y:,,˨
颅,l,ou,,˩˨
领,l,ɛ:,ŋ,˩˧
颇,pʰ,ɔ:,,˥
颈,k,ɛ:,ŋ,˧˥
颉,k,i:,t,˧
颊,k,a:,p,˧
颋,tʰ,ɪ,ŋ,˩˧
颌,k,ɐ,p,˧
颍,w,ɪ,ŋ,˨
颎,w,ɪ,ŋ,˨
颏,h,ɔ:i,,˩˨
颐,j,i:,,˩˨
频,pʰ,ɐ,n,˩˨
颒,,,,
颓,tʰ,ɵy,,˩˨
颔,h,ɐ,m,˩˧
颕,,,,
颖,w,ɪ,ŋ,˨
颗,f,ɔ:,,˧˥
题,tʰ,ɐi,,˩˨
颙,j,ʊ,ŋ,˩˨
颚,ŋ,ɔ:,k,˨
颛,ts,y:,n,˥
颜,,,,
额,ŋ,a:,k,˨
颞,n,i:,p,˨
颟,m,u:,n,˥
颠,t,i:,n,˥
颡,s,ɔ:,ŋ,˧˥
颢,h,ou,,˨
颣,l,ɵy,,˨
颤,ts,i:,n,˧
颥,,,,
颦,pʰ,ɐ,n,˩˨
颧,kʰ,y:,n,˩˨
風,f,ʊ,ŋ,˥
颩,p,i:u,,˥
颪,,,,
颫,f,u:,,˩˨
颬,h,a:,,˥
颭,ts,i:,m,˧˥
颮,p,i:u,,˥
颯,s,a:,p,˧
颰,,,,
颱,tʰ,ɔ:i,,˩˨
颲,l,i:,t,˨
颳,kw,a:,t,˧
颴,,,,
颵,,,,
颶,k,ɵy,,˨
颷,,,,
颸,s,i:,,˥
颹,,,,
颺,j,œ:,ŋ,˩˨
颻,j,i:u,,˩˨
颼,s,ɐu,,˥
颽,h,ɔ:i,,˧˥
颾,s,ou,,˥
颿,f,a:,n,˩˨
飀,l,ɐu,,˩˨
飁,ts,a:,p,˨
飂,l,ɐu,,˩˨
飃,,,,
飄,pʰ,i:u,,˥
飅,,,,
飆,p,i:u,,˥
飇,p,i:u,,˥
飈,,,,
飉,l,i:u,,˩˨
飊,,,,
飋,,,,
飌,f,ʊ,ŋ,˥
飍,,,,
风,f,ʊ,ŋ,˥
飏,j,œ:,ŋ,˩˨
飐,ts,i:,m,˧˥
飑,pʰ,a:u,,˥
飒,s,a:,p,˧
飓,k,ɵy,,˨
飔,s,i:,,˥
飕,s,ɐu,,˥
飖,j,i:u,,˩˨
飗,l,ɐu,,˩˨
飘,pʰ,i:u,,˥
飙,p,i:u,,˥
飚,,,,
飛,f,ei,,˥
飜,,,,
飝,,,,
飞,f,ei,,˥
食,j,i:,,˨
飠,,,,
飡,tsʰ,a:,n,˥
飢,k,ei,,˥
飣,t,ɪ,ŋ,˧
飤,ts,i:,,˨
飥,tʰ,ɔ:,k,˧
飦,,,,
飧,s,y:,n,˥
飨,h,œ:,ŋ,˧˥
飩,tʰ,ɐ,n,˥
飪,j,ɐ,m,˩˧
飫,j,y:,,˧
飬,,,,
飭,tsʰ,ɪ,k,˥
飮,,,,
飯,f,a:,n,˨
飰,,,,
飱,,,,
飲,j,ɐ,m,˧˥
飳,,,,
飴,j,i:,,˩˨
飵,ts,ɔ:,k,˧
飶,p,ɐ,t,˨
飷,,,,
飸,,,,
飹,,,,
飺,tsʰ,i:,,˥
飻,,,,
飼,ts,i:,,˨
飽,p,a:u,,˧˥
飾,s,ɪ,k,˥
飿,,,,
餀,,,,
餁,,,,
餂,tʰ,i:,m,˩˧
餃,k,a:u,,˧˥
餄,,,,
餅,p,ɛ:,ŋ,˧˥
餆,,,,
餇,,,,
餈,tsʰ,i:,,˩˨
餉,h,œ:,ŋ,˧˥
養,j,œ:,ŋ,˩˧
餋,,,,
餌,n,ei,,˨
餍,j,i:,m,˧
餎,,,,
餏,,,,
餐,tsʰ,a:,n,˥
餑,p,u:,t,˨
餒,n,ɵy,,˩˧
餓,ŋ,ɔ:,,˨
餔,p,ou,,˥
餕,ts,ɵ,n,˧
餖,t,ɐu,,˨
餗,tsʰ,ʊ,k,˥
餘,j,y:,,˩˨
餙,s,ɪ,k,˥
餚,ŋ,a:u,,˩˨
餛,w,ɐ,n,˩˨
餜,kw,ɔ:,,˧˥
餝,,,,
餞,ts,i:,n,˧
餟,ts,ɵy,,˧
餠,,,,
餡,h,a:,m,˩˧
餢,,,,
餣,,,,
餤,t,a:,m,˨
餥,,,,
餦,,,,
餧,n,ɔ:i,,˩˧
館,k,u:,n,˧˥
餩,,ɐ,k,˥
餪,n,y:,n,˩˧
餫,w,ɐ,n,˩˨
餬,w,u:,,˩˨
餭,w,ɔ:,ŋ,˩˨
餮,tʰ,i:,t,˧
餯,,,,
餰,,,,
餱,h,ɐu,,˩˨
餲,,a:i,,˧
餳,tsʰ,ɪ,ŋ,˩˨
餴,,,,
餵,w,ɐi,,˧
餶,,,,
餷,,,,
餸,s,ʊ,ŋ,˧
餹,,,,
餺,p,ɔ:,k,˧
餻,k,ou,,˥
餼,h,ei,,˧
餽,kw,ɐi,,˨
餾,l,ɐu,,˩˨
餿,s,ʊ,k,˥
饀,,,,
饁,j,i:,p,˧
饂,,,,
饃,m,ɔ:,,˩˨
饄,,,,
饅,m,a:,n,˩˨
饆,,,,
饇,j,y:,,˧
饈,s,ɐu,,˥
饉,k,ɐ,n,˧˥
饊,s,a:,n,˧˥
饋,kw,ɐi,,˧
饌,ts,a:,n,˨
饍,s,i:,n,˨
饎,tsʰ,i:,,˧
饏,,,,
饐,j,i:,,˧
饑,k,ei,,˥
饒,j,i:u,,˩˨
饓,,,,
饔,j,ʊ,ŋ,˥
饕,tʰ,ou,,˥
饖,,,,
饗,h,œ:,ŋ,˧˥
饘,ts,i:,n,˥
饙,f,ɐ,n,˥
饚,,,,
饛,m,ʊ,ŋ,˩˨
饜,j,i:,m,˧
饝,,,,
饞,tsʰ,a:,m,˩˨
饟,h,œ:,ŋ,˧˥
饠,l,ɔ:,,˧
饡,ts,a:,n,˧
饢,,,,
饣,,,,
饤,t,ɪ,ŋ,˧
饥,k,ei,,˥
饦,tʰ,ɔ:,k,˧
饧,tsʰ,ɪ,ŋ,˩˨
饨,tʰ,ɐ,n,˥
饩,h,ei,,˧
饪,j,ɐ,m,˩˧
饫,j,y:,,˧
饬,tsʰ,ɪ,k,˥
饭,f,a:,n,˨
饮,j,ɐ,m,˧˥
饯,ts,i:,n,˧
饰,s,ɪ,k,˥
饱,p,a:u,,˧˥
饲,ts,i:,,˨
饳,,,,
饴,j,i:,,˩˨
饵,n,ei,,˨
饶,j,i:u,,˩˨
饷,h,œ:,ŋ,˧˥
饸,,,,
饹,,,,
饺,k,a:u,,˧˥
饻,,,,
饼,p,ɛ:,ŋ,˧˥
饽,p,u:,t,˨
饾,t,ɐu,,˨
饿,ŋ,ɔ:,,˨
馀,j,y:,,˩˨
馁,n,ɵy,,˩˧
馂,ts,ɵ,n,˧
馃,kw,ɔ:,,˧˥
馄,w,ɐ,n,˩˨
馅,h,a:,m,˩˧
馆,k,u:,n,˧˥
馇,,,,
馈,kw,ɐi,,˧
馉,,,,
馊,s,ʊ,k,˥
馋,tsʰ,a:,m,˩˨
馌,j,i:,p,˧
馍,m,ɔ:,,˩˨
馎,p,ɔ:,k,˧
馏,l,ɐu,,˩˨
馐,s,ɐu,,˥
馑,k,ɐ,n,˧˥
馒,m,a:,n,˩˨
馓,s,a:,n,˧˥
馔,ts,a:,n,˨
馕,,,,
首,s,ɐu,,˧˥
馗,kʰw,ɐi,,˩˨
馘,kw,ɪ,k,˥
香,h,œ:,ŋ,˥
馚,,,,
馛,,,,
馜,,,,
馝,p,i:,t,˨
馞,p,u:,t,˨
馟,,,,
馠,,,,
馡,f,ei,,˥
馢,,,,
馣,,,,
馤,,,,
馥,f,ʊ,k,˥
馦,,,,
馧,,,,
馨,h,ɪ,ŋ,˥
馩,,,,
馪,,,,
馫,,,,
馬,m,a:,,˩˧
馭,j,y:,,˨
馮,f,ʊ,ŋ,˩˨
馯,h,ɔ:,n,˩˨
馰,,,,
馱,tʰ,ɔ:,,˩˨
馲,tʰ,ɔ:,k,˧
馳,tsʰ,i:,,˩˨
馴,tsʰ,ɵ,n,˩˨
馵,ts,y:,,˧
馶,,,,
馷,,,,
馸,,,,
馹,j,ɐ,t,˨
馺,s,a:,p,˧
馻,,,,
馼,,,,
馽,ts,ɐ,p,˥
馾,,,,
馿,,,,
駀,,,,
駁,p,ɔ:,k,˧
駂,p,ou,,˧˥
駃,kʰ,y:,t,˧
駄,,,,
駅,,,,
駆,,,,
駇,,,,
駈,,,,
駉,kw,ɪ,ŋ,˥
駊,,,,
駋,,,,
駌,,,,
駍,,,,
駎,,,,
駏,k,ɵy,,˨
駐,ts,y:,,˧
駑,n,ou,,˩˨
駒,kʰ,ɵy,,˥
駓,pʰ,ei,,˥
駔,tsʰ,ɔ:,ŋ,˧˥
駕,k,a:,,˧
駖,,,,
駗,,,,
駘,tʰ,ɔ:i,,˩˨
駙,f,u:,,˨
駚,,,,
駛,s,ɐi,,˧˥
駜,p,ei,,˧
駝,tʰ,ɔ:,,˩˨
駞,,,,
駟,s,i:,,˧
駠,,,,
駡,m,a:,,˨
駢,pʰ,i:,n,˩˨
駣,tʰ,ou,,˩˨
駤,ts,i:,,˧
駥,,,,
駦,tʰ,ɐ,ŋ,˩˨
駧,,,,
駨,,,,
駩,,,,
駪,s,ɐ,n,˥
駫,,,,
駬,j,i:,,˩˧
駭,h,a:i,,˩˧
駮,p,ɔ:,k,˧
駯,,,,
駰,j,ɐ,n,˥
駱,l,ɔ:,k,˧
駲,,,,
駳,,,,
駴,h,a:i,,˩˧
駵,,,,
駶,,,,
駷,s,ʊ,ŋ,˧˥
駸,tsʰ,ɐ,m,˥
駹,m,ɔ:,ŋ,˩˨
駺,,,,
駻,h,ɔ:,n,˩˧
駼,tʰ,ou,,˩˨
駽,k,y:,n,˥
駾,t,ɵy,,˨
駿,ts,ɵ,n,˧
騀,,,,
騁,tsʰ,ɪ,ŋ,˧˥
騂,s,ɪ,ŋ,˥
騃,ŋ,ɔ:i,,˩˨
騄,l,ʊ,k,˨
騅,ts,ɵy,,˥
騆,,,,
騇,s,ɛ:,,˧
騈,pʰ,ɪ,ŋ,˩˨
騉,kʰw,ɐ,n,˥
騊,tʰ,ou,,˩˨
騋,l,ɔ:i,,˩˨
騌,,,,
騍,f,ɔ:,,˧
騎,k,ei,,˨
騏,kʰ,ei,,˩˨
騐,j,i:,m,˨
騑,f,ei,,˥
騒,,,,
験,,,,
騔,,,,
騕,j,i:u,,˩˧
騖,m,ou,,˨
騗,,,,
騘,tsʰ,ʊ,ŋ,˥
騙,pʰ,i:,n,˧
騚,,,,
騛,,,,
騜,w,ɔ:,ŋ,˩˨
騝,,,,
騞,w,a:,k,˨
騟,,,,
騠,tʰ,ɐi,,˩˨
騡,,,,
騢,h,a:,,˩˨
騣,ts,ʊ,ŋ,˥
騤,kʰw,ɐi,,˩˨
騥,,,,
騦,,,,
騧,kw,a:,,˥
騨,,,,
騩,kw,ɐi,,˥
騪,s,ɐu,,˥
騫,h,i:,n,˥
騬,s,ɪ,ŋ,˩˨
騭,ts,ɐ,t,˥
騮,l,ɐu,,˩˨
騯,,,,
騰,tʰ,ɐ,n,˩˨
騱,h,ɐi,,˩˨
騲,tsʰ,ou,,˧˥
騳,ŋ,ɐu,,˨
騴,,,,
騵,j,y:,n,˩˨
騶,ts,ɐu,,˥
騷,s,ou,,˥
騸,s,i:,n,˧
騹,kʰ,ei,,˩˨
騺,ts,i:,,˧
騻,,,,
騼,,,,
騽,,,,
騾,l,ɔ:,,˩˨
騿,,,,
驀,m,ɐ,k,˨
驁,ŋ,ou,,˩˨
驂,tsʰ,a:,m,˥
驃,pʰ,i:u,,˧
驄,tsʰ,ʊ,ŋ,˥
驅,kʰ,ɵy,,˥
驆,,,,
驇,,,,
驈,w,ɐ,t,˨
驉,h,ɵy,,˥
驊,w,a:,,˩˨
驋,,,,
驌,s,ʊ,k,˥
驍,h,i:u,,˥
驎,l,ɵ,n,˩˨
驏,tsʰ,i:,n,˩˧
驐,,,,
驑,,,,
驒,tʰ,ɔ:,,˩˨
驓,,,,
驔,tʰ,a:,m,˩˨
驕,k,i:u,,˥
驖,tʰ,i:,t,˧
驗,j,i:,m,˨
驘,l,ɔ:,,˩˨
驙,,,,
驚,k,ɛ:,ŋ,˥
驛,j,ɪ,k,˨
驜,,,,
驝,tʰ,ɔ:,k,˨
驞,,,,
驟,ts,a:u,,˨
驠,j,i:,n,˧
驡,,,,
驢,l,ou,,˩˨
驣,,,,
驤,s,œ:,ŋ,˥
驥,kʰ,ei,,˧
驦,s,œ:,ŋ,˥
驧,,,,
驨,kʰw,ɐi,,˩˨
驩,f,u:,n,˥
驪,l,ei,,˩˨
驫,p,i:u,,˥
马,m,a:,,˩˧
驭,j,y:,,˨
驮,tʰ,ɔ:,,˩˨
驯,tsʰ,ɵ,n,˩˨
驰,tsʰ,i:,,˩˨
驱,kʰ,ɵy,,˥
驲,j,ɐ,t,˨
驳,p,ɔ:,k,˧
驴,l,ou,,˩˨
驵,tsʰ,ɔ:,ŋ,˧˥
驶,s,ɐi,,˧˥
驷,s,i:,,˧
驸,f,u:,,˨
驹,kʰ,ɵy,,˥
驺,ts,ɐu,,˥
驻,ts,y:,,˧
驼,tʰ,ɔ:,,˩˨
驽,n,ou,,˩˨
驾,k,a:,,˧
驿,j,ɪ,k,˨
骀,tʰ,ɔ:i,,˩˨
骁,h,i:u,,˥
骂,m,a:,,˨
骃,j,ɐ,n,˥
骄,k,i:u,,˥
骅,w,a:,,˩˨
骆,l,ɔ:,k,˧
骇,h,a:i,,˩˧
骈,pʰ,i:,n,˩˨
骉,p,i:u,,˥
骊,l,ei,,˩˨
骋,tsʰ,ɪ,ŋ,˧˥
验,j,i:,m,˨
骍,s,ɪ,ŋ,˥
骎,tsʰ,ɐ,m,˥
骏,ts,ɵ,n,˧
骐,kʰ,ei,,˩˨
骑,k,ei,,˨
骒,f,ɔ:,,˧
骓,ts,ɵy,,˥
骔,,,,
骕,s,ʊ,k,˥
骖,tsʰ,a:,m,˥
骗,pʰ,i:,n,˧
骘,ts,ɐ,t,˥
骙,kʰw,ɐi,,˩˨
骚,s,ou,,˥
骛,m,ou,,˨
骜,ŋ,ou,,˩˨
骝,l,ɐu,,˩˨
骞,h,i:,n,˥
骟,s,i:,n,˧
骠,pʰ,i:u,,˧
骡,l,ɔ:,,˩˨
骢,tsʰ,ʊ,ŋ,˥
骣,tsʰ,i:,n,˩˧
骤,ts,a:u,,˨
骥,kʰ,ei,,˧
骦,s,œ:,ŋ,˥
骧,s,œ:,ŋ,˥
骨,kw,ɐ,t,˥
骩,k,ei,,˥
骪,,,,
骫,w,ɐi,,˧˥
骬,,,,
骭,k,ɔ:,n,˧
骮,,,,
骯,h,ɔ:,ŋ,˩˨
骰,s,ɪ,k,˥
骱,k,a:i,,˧
骲,p,a:u,,˨
骳,p,ei,,˨
骴,tsʰ,i:,,˥
骵,,,,
骶,,,,
骷,f,u:,,˥
骸,h,a:i,,˩˨
骹,k,a:u,,˧
骺,,,,
骻,kʰw,a:,,˧˥
骼,k,a:,k,˧
骽,,,,
骾,kʰ,ɐ,ŋ,˧˥
骿,pʰ,i:,n,˩˨
髀,p,ei,,˧˥
髁,f,ɔ:,,˥
髂,kʰ,a:,,˧
髃,,,,
髄,,,,
髅,l,ɐu,,˩˨
髆,p,ɔ:,k,˧
髇,h,ou,,˥
髈,p,ɔ:,ŋ,˧˥
髉,,,,
髊,tsʰ,i:,,˥
髋,f,u:,n,˥
髌,p,ɐ,n,˧
髍,,,,
髎,,,,
髏,l,ɐu,,˩˨
髐,h,a:u,,˥
髑,t,ʊ,k,˨
髒,ts,ɔ:,ŋ,˥
髓,s,ɵy,,˩˧
體,tʰ,ɐi,,˧˥
髕,p,ɐ,n,˧
髖,f,u:,n,˥
髗,,,,
高,k,ou,,˥
髙,,,,
髚,,,,
髛,,,,
髜,,,,
髝,,,,
髞,,,,
髟,p,i:u,,˥
髠,,,,
髡,kʰw,ɐ,n,˥
髢,,,,
髣,f,ɔ:,ŋ,˧˥
髤,,,,
髥,,,,
髦,m,ou,,˩˨
髧,t,a:,m,˨
髨,,,,
髩,,,,
髪,,,,
髫,tʰ,i:u,,˩˨
髬,pʰ,ei,,˥
髭,ts,i:,,˥
髮,f,a:,t,˧
髯,j,i:,m,˩˨
髰,,,,
髱,,,,
髲,p,ei,,˨
髳,m,a:u,,˩˨
髴,f,ɐ,t,˥
髵,,,,
髶,,,,
髷,,,,
髸,,,,
髹,j,ɐu,,˥
髺,kʰ,u:,t,˧
髻,k,ɐi,,˧
髼,pʰ,ʊ,ŋ,˩˨
髽,ts,a:,,˥
髾,s,a:u,,˥
髿,,,,
鬀,tʰ,ɐi,,˧
鬁,l,ei,,˥
鬂,,,,
鬃,ts,ʊ,ŋ,˥
鬄,tʰ,ɐi,,˧
鬅,l,ɐ,ŋ,˨
鬆,s,ʊ,ŋ,˥
鬇,,,,
鬈,kʰ,y:,n,˩˨
鬉,,,,
鬊,,,,
鬋,ts,i:,n,˥
鬌,t,ɔ:,,˧˥
鬍,w,u:,,˩˨
鬎,l,a:,t,˨
鬏,,,,
鬐,kʰ,ei,,˩˨
鬑,l,i:,m,˩˨
鬒,ts,ɐ,n,˧˥
鬓,p,ɐ,n,˧
鬔,,,,
鬕,,,,
鬖,s,a:,m,˥
鬗,,,,
鬘,m,a:,n,˩˨
鬙,ts,ɐ,ŋ,˥
鬚,s,ou,,˥
鬛,,,,
鬜,,,,
鬝,,,,
鬞,,,,
鬟,w,a:,n,˩˨
鬠,kʰ,u:,t,˧
鬡,,,,
鬢,p,ɐ,n,˧
鬣,l,i:,p,˨
鬤,j,œ:,ŋ,˩˨
鬥,t,ɐu,,˧
鬦,t,ɐu,,˧
鬧,n,a:u,,˨
鬨,h,ʊ,ŋ,˨
鬩,j,ɪ,k,˥
鬪,t,ɐu,,˧
鬫,h,a:,m,˧˥
鬬,,,,
鬭,t,ɐu,,˧
鬮,k,ɐu,,˥
鬯,tsʰ,œ:,ŋ,˧
鬰,,,,
鬱,w,ɐ,t,˥
鬲,k,a:,k,˧
鬳,j,i:,n,˨
鬴,,,,
鬵,tsʰ,ɐ,m,˩˨
鬶,,,,
鬷,ts,ʊ,ŋ,˥
鬸,,,,
鬹,,,,
鬺,s,œ:,ŋ,˥
鬻,j,ʊ,k,˨
鬼,kw,ɐi,,˧˥
鬽,,,,
鬾,k,ei,,˨
鬿,kʰ,ei,,˩˨
魀,,,,
魁,f,u:i,,˥
魂,w,ɐ,n,˩˨
魃,p,a:,t,˨
魄,p,ɔ:,k,˧
魅,m,ei,,˨
魆,f,ɐ,t,˥
魇,j,i:,m,˧˥
魈,s,i:u,,˥
魉,l,œ:,ŋ,˩˧
魊,w,ɪ,k,˨
魋,tʰ,ɵy,,˩˨
魌,h,ei,,˥
魍,m,ɔ:,ŋ,˩˧
魎,l,œ:,ŋ,˩˧
魏,ŋ,ɐi,,˨
魐,,,,
魑,tsʰ,i:,,˥
魒,,,,
魓,,,,
魔,m,ɔ:,,˥
魕,,,,
魖,h,ɵy,,˥
魗,,,,
魘,j,i:,m,˧˥
魙,ts,i:,m,˨
魚,j,y:,,˩˨
魛,t,ou,,˥
魜,,,,
魝,,,,
魞,,,,
魟,k,ʊ,ŋ,˥
魠,tʰ,ɔ:,k,˧
魡,,,,
魢,,,,
魣,,,,
魤,,,,
魥,,,,
魦,s,a:,,˥
魧,,,,
魨,tʰ,y:,n,˩˨
魩,,,,
魪,,,,
魫,tsʰ,ɐ,m,˩˨
魬,p,a:,n,˧˥
魭,,,,
魮,,,,
魯,l,ou,,˩˧
魰,m,ɐ,n,˩˨
魱,w,u:,,˩˨
魲,,,,
魳,,,,
魴,f,ɔ:,ŋ,˩˨
魵,f,ɐ,n,˩˨
魶,n,a:,p,˨
魷,j,ɐu,,˩˨
魸,,,,
魹,,,,
魺,,,,
魻,,,,
魼,h,ɵy,,˥
魽,,,,
魾,pʰ,ei,,˥
魿,,,,
鮀,tʰ,ɔ:,,˩˨
鮁,,,,
鮂,tsʰ,ɐu,,˩˨
鮃,,,,
鮄,,,,
鮅,p,i:,t,˥
鮆,tsʰ,ɐi,,˩˧
鮇,m,ei,,˨
鮈,kʰ,ɵy,,˥
鮉,,,,
鮊,,,,
鮋,,,,
鮌,,,,
鮍,,,,
鮎,,,,
鮏,,,,
鮐,tʰ,ɔ:i,,˩˨
鮑,p,a:u,,˥
鮒,f,u:,,˨
鮓,ts,a:,,˧˥
鮔,,,,
鮕,,,,
鮖,,,,
鮗,,,,
鮘,,,,
鮙,,,,
鮚,k,i:,t,˧
鮛,s,ʊ,k,˥
鮜,,,,
鮝,,,,
鮞,j,i:,,˩˨
鮟,,,,
鮠,ŋ,ɐi,,˩˨
鮡,s,i:u,,˨
鮢,,,,
鮣,,,,
鮤,l,i:,t,˨
鮥,,,,
鮦,t,ʊ,ŋ,˩˨
鮧,,,,
鮨,kʰ,ei,,˩˨
鮩,,,,
鮪,f,u:i,,˧˥
鮫,k,a:u,,˥
鮬,,,,
鮭,kw,ɐi,,˥
鮮,s,i:,n,˥
鮯,,,,
鮰,,,,
鮱,,,,
鮲,,,,
鮳,,,,
鮴,,,,
鮵,,,,
鮶,kw,ɐ,n,˥
鮷,,,,
鮸,m,i:,n,˩˧
鮹,s,a:u,,˥
鮺,,,,
鮻,l,ɛ:,ŋ,˩˨
鮼,,,,
鮽,,,,
鮾,,,,
鮿,ts,i:,p,˧
鯀,kw,ɐ,n,˧˥
鯁,kʰ,ɐ,ŋ,˧˥
鯂,,,,
鯃,,,,
鯄,,,,
鯅,,,,
鯆,p,ou,,˥
鯇,w,a:,n,˩˧
鯈,j,ɐu,,˩˨
鯉,l,ei,,˩˧
鯊,s,a:,,˥
鯋,,,,
鯌,,,,
鯍,,,,
鯎,,,,
鯏,,,,
鯐,,,,
鯑,,,,
鯒,,,,
鯓,,,,
鯔,ts,i:,,˥
鯕,kʰ,ei,,˩˨
鯖,tsʰ,ɪ,ŋ,˥
鯗,s,œ:,ŋ,˧˥
鯘,,,,
鯙,,,,
鯚,kw,ɐi,,˧
鯛,t,i:u,,˥
鯜,tsʰ,i:,p,˧
鯝,,,,
鯞,ts,ɐu,,˧˥
鯟,,,,
鯠,l,ɔ:i,,˩˨
鯡,f,ei,,˥
鯢,ŋ,ɐi,,˩˨
鯣,,,,
鯤,kw,ɐ,n,˥
鯥,l,ʊ,k,˨
鯦,,,,
鯧,tsʰ,œ:,ŋ,˥
鯨,kʰ,ɪ,ŋ,˩˨
鯩,,,,
鯪,l,ɛ:,ŋ,˩˨
鯫,ts,ɐu,,˥
鯬,,,,
鯭,m,a:,ŋ,˥
鯮,,,,
鯯,,,,
鯰,n,i:,m,˩˨
鯱,,,,
鯲,,,,
鯳,,,,
鯴,,,,
鯵,,,,
鯶,,,,
鯷,tʰ,ɐi,,˩˨
鯸,h,ɐu,,˩˨
鯹,,,,
鯺,,,,
鯻,,,,
鯼,,,,
鯽,ts,ɪ,k,˥
鯾,,,,
鯿,p,i:,n,˧˥
鰀,,,,
鰁,,,,
鰂,ts,ɐ,k,˥
鰃,,,,
鰄,,,,
鰅,j,ʊ,ŋ,˩˨
鰆,tsʰ,ɵ,n,˥
鰇,,,,
鰈,t,i:,p,˨
鰉,w,ɔ:,ŋ,˩˨
鰊,,,,
鰋,j,i:,n,˧˥
鰌,tsʰ,ɐu,,˥
鰍,tsʰ,ɐu,,˥
鰎,,,,
鰏,,,,
鰐,ŋ,ɔ:,k,˨
鰑,,,,
鰒,f,ʊ,k,˥
鰓,s,ɔ:i,,˥
鰔,k,ɐ,m,˧
鰕,h,a:,,˥
鰖,,,,
鰗,,,,
鰘,,,,
鰙,,,,
鰚,,,,
鰛,,,,
鰜,k,i:,m,˥
鰝,h,ou,,˨
鰞,,,,
鰟,,,,
鰠,,,,
鰡,l,ɐu,,˩˨
鰢,,,,
鰣,s,i:,,˩˨
鰤,s,i:,,˥
鰥,kw,a:,n,˥
鰦,,,,
鰧,,,,
鰨,tʰ,a:,p,˧
鰩,j,i:u,,˩˨
鰪,,,,
鰫,j,ʊ,ŋ,˩˨
鰬,kʰ,i:,n,˩˨
鰭,kʰ,ei,,˩˨
鰮,,,,
鰯,,,,
鰰,,,,
鰱,l,i:,n,˩˨
鰲,ŋ,ou,,˩˨
鰳,l,ɐ,k,˨
鰴,f,ɐi,,˥
鰵,m,ɐ,n,˩˧
鰶,m,ɐ,n,˩˧
鰷,tʰ,i:u,,˩˨
鰸,,,,
鰹,k,i:,n,˥
鰺,,,,
鰻,m,a:,n,˩˨
鰼,ts,a:,p,˨
鰽,tsʰ,ou,,˩˨
鰾,pʰ,i:u,,˩˧
鰿,ts,ɪ,k,˥
鱀,,,,
鱁,ts,ʊ,k,˨
鱂,,,,
鱃,,,,
鱄,ts,y:,n,˥
鱅,ts,ʊ,ŋ,˩˨
鱆,ts,œ:,ŋ,˥
鱇,,,,
鱈,s,y:,t,˧
鱉,p,i:,t,˧
鱊,w,ɐ,t,˨
鱋,,,,
鱌,,,,
鱍,p,u:,t,˨
鱎,k,i:u,,˧˥
鱏,,,,
鱐,s,ʊ,k,˥
鱑,,,,
鱒,tsʰ,y:,n,˩˧
鱓,s,i:,n,˩˧
鱔,s,i:,n,˩˧
鱕,,,,
鱖,kw,ɐi,,˧
鱗,l,ɵ,n,˩˨
鱘,tsʰ,ɐ,m,˩˨
鱙,,,,
鱚,,,,
鱛,,,,
鱜,,,,
鱝,,,,
鱞,,,,
鱟,h,ɐu,,˨
鱠,kʰ,u:i,,˧˥
鱡,,,,
鱢,,,,
鱣,ts,i:,n,˥
鱤,,,,
鱥,,,,
鱦,,,,
鱧,l,ɐi,,˩˧
鱨,s,œ:,ŋ,˩˨
鱩,,,,
鱪,,,,
鱫,,,,
鱬,,,,
鱭,tsʰ,ɐi,,˩˧
鱮,ts,ɵy,,˨
鱯,,,,
鱰,,,,
鱱,,,,
鱲,l,a:,p,˨
鱳,,,,
鱴,,,,
鱵,ts,ɐ,m,˥
鱶,,,,
鱷,ŋ,ɔ:,k,˨
鱸,l,ou,,˩˨
鱹,,,,
鱺,l,ei,,˩˨
鱻,,,,
鱼,j,y:,,˩˨
鱽,t,ou,,˥
鱾,,,,
鱿,j,ɐu,,˩˨
鲀,tʰ,y:,n,˩˨
鲁,l,ou,,˩˧
鲂,f,ɔ:,ŋ,˩˨
鲃,p,a:,,˥
鲄,,,,
鲅,,,,
鲆,,,,
鲇,,,,
鲈,l,ou,,˩˨
鲉,,,,
鲊,ts,a:,,˧˥
鲋,f,u:,,˨
鲌,,,,
鲍,p,a:u,,˥
鲎,h,ɐu,,˨
鲏,,,,
鲐,tʰ,ɔ:i,,˩˨
鲑,kw,ɐi,,˥
鲒,k,i:,t,˧
鲓,,,,
鲔,f,u:i,,˧˥
鲕,j,i:,,˩˨
鲖,tʰ,ʊ,ŋ,˧
鲗,ts,ɐ,k,˥
鲘,,,,
鲙,kʰ,u:i,,˧˥
鲚,tsʰ,ɐi,,˩˧
鲛,k,a:u,,˥
鲜,s,i:,n,˥
鲝,,,,
鲞,,,,
鲟,tsʰ,ɐ,m,˩˨
鲠,kʰ,ɐ,ŋ,˧˥
鲡,l,ei,,˩˨
鲢,l,i:,n,˩˨
鲣,k,i:,n,˥
鲤,l,ei,,˩˧
鲥,s,i:,,˩˨
鲦,tʰ,i:u,,˩˨
鲧,kw,ɐ,n,˧˥
鲨,s,a:,,˥
鲩,w,a:,n,˩˧
鲪,kw,ɐ,n,˥
鲫,ts,ɪ,k,˥
鲬,,,,
鲭,tsʰ,ɪ,ŋ,˥
鲮,l,ɛ:,ŋ,˩˨
鲯,kʰ,ei,,˩˨
鲰,ts,ɐu,,˥
鲱,f,ei,,˥
鲲,kw,ɐ,n,˥
鲳,tsʰ,œ:,ŋ,˥
鲴,,,,
鲵,ŋ,ɐi,,˩˨
鲶,n,i:,m,˩˨
鲷,t,i:u,,˥
鲸,kʰ,ɪ,ŋ,˩˨
鲹,,,,
鲺,,,,
鲻,ts,i:,,˥
鲼,,,,
鲽,t,i:,p,˨
鲾,,,,
鲿,s,œ:,ŋ,˩˨
鳀,tʰ,ɐi,,˩˨
鳁,,,,
鳂,,,,
鳃,s,ɔ:i,,˥
鳄,ŋ,ɔ:,k,˨
鳅,tsʰ,ɐu,,˥
鳆,f,ʊ,k,˥
鳇,w,ɔ:,ŋ,˩˨
鳈,,,,
鳉,,,,
鳊,p,i:,n,˧˥
鳋,,,,
鳌,ŋ,ou,,˩˨
鳍,kʰ,ei,,˩˨
鳎,tʰ,a:,p,˧
鳏,kw,a:,n,˥
鳐,j,i:u,,˩˨
鳑,,,,
鳒,k,i:,m,˥
鳓,l,ɐ,k,˨
鳔,pʰ,i:u,,˩˧
鳕,s,y:,t,˧
鳖,p,i:,t,˧
鳗,m,a:,n,˩˨
鳘,m,ɐ,n,˩˧
鳙,ts,ʊ,ŋ,˩˨
鳚,tʰ,ɔ:,,˩˧
鳛,ts,a:,p,˨
鳜,kw,ɐi,,˧
鳝,s,i:,n,˩˧
鳞,l,ɵ,n,˩˨
鳟,tsʰ,y:,n,˩˧
鳠,,,,
鳡,,,,
鳢,l,ɐi,,˩˧
鳣,ts,i:,n,˥
鳤,,,,
鳥,n,i:u,,˩˧
鳦,j,y:,t,˧
鳧,f,u:,,˩˨
鳨,,,,
鳩,k,ɐu,,˥
鳪,,,,
鳫,,,,
鳬,,,,
鳭,t,ou,,˥
鳮,,,,
鳯,,,,
鳰,,,,
鳱,k,ɔ:,n,˥
鳲,s,i:,,˥
鳳,f,ʊ,ŋ,˨
鳴,m,ɪ,ŋ,˩˨
鳵,,,,
鳶,j,y:,n,˥
鳷,ts,i:,,˥
鳸,,,,
鳹,l,ɪ,ŋ,˩˨
鳺,f,u:,,˥
鳻,,,,
鳼,,,,
鳽,,,,
鳾,,,,
鳿,j,ʊ,k,˨
鴀,f,ɐu,,˩˨
鴁,,,,
鴂,,,,
鴃,kʰ,y:,t,˧
鴄,pʰ,ɐ,t,˥
鴅,,,,
鴆,ts,ɐ,m,˨
鴇,p,ou,,˧˥
鴈,ŋ,a:,n,˨
鴉,,a:,,˥
鴊,,,,
鴋,,,,
鴌,,,,
鴍,,,,
鴎,,,,
鴏,,,,
鴐,k,a:,,˥
鴑,,,,
鴒,l,ɪ,ŋ,˩˨
鴓,,,,
鴔,f,ʊ,k,˨
鴕,tʰ,ɔ:,,˩˨
鴖,,,,
鴗,l,ɐ,p,˨
鴘,,,,
鴙,,,,
鴚,,,,
鴛,j,i:,n,˥
鴜,,,,
鴝,kʰ,ɵy,,˩˨
鴞,h,i:u,,˥
鴟,tsʰ,i:,,˥
鴠,tʰ,a:,n,˧
鴡,,,,
鴢,,,,
鴣,k,u:,,˥
鴤,,,,
鴥,w,ɐ,t,˨
鴦,j,œ:,ŋ,˥
鴧,,,,
鴨,,a:,p,˧
鴩,,,,
鴪,,,,
鴫,,,,
鴬,,,,
鴭,,,,
鴮,,,,
鴯,j,i:,,˩˨
鴰,kʰ,u:,t,˧
鴱,,,,
鴲,,,,
鴳,,a:,n,˧
鴴,,,,
鴵,,,,
鴶,,,,
鴷,l,i:,t,˨
鴸,,,,
鴹,,,,
鴺,j,i:,,˩˨
鴻,h,ʊ,ŋ,˩˨
鴼,,,,
鴽,j,y:,,˩˨
鴾,,,,
鴿,k,a:,p,˧
鵀,j,ɐ,m,˩˨
鵁,k,a:u,,˥
鵂,j,ɐu,,˥
鵃,ts,ɐu,,˥
鵄,,,,
鵅,,,,
鵆,,,,
鵇,,,,
鵈,,,,
鵉,,,,
鵊,k,a:,p,˧
鵋,k,ei,,˨
鵌,tʰ,ou,,˩˨
鵍,,,,
鵎,,,,
鵏,p,ou,,˧˥
鵐,,,,
鵑,k,y:,n,˥
鵒,j,ʊ,k,˨
鵓,p,u:,t,˨
鵔,ts,ɵ,n,˧
鵕,,,,
鵖,k,i:,p,˧
鵗,,,,
鵘,,,,
鵙,kw,ɪ,k,˥
鵚,tʰ,ʊ,k,˥
鵛,k,ɪ,ŋ,˥
鵜,tʰ,ɐi,,˩˨
鵝,ŋ,ɔ:,,˩˨
鵞,ŋ,ɔ:,,˩˨
鵟,kʰ,ɔ:,ŋ,˩˨
鵠,k,ʊ,k,˥
鵡,m,ou,,˩˧
鵢,,,,
鵣,,,,
鵤,,,,
鵥,,,,
鵦,,,,
鵧,,,,
鵨,,,,
鵩,f,ʊ,k,˨
鵪,,ɐ,m,˥
鵫,ts,ɔ:,k,˨
鵬,pʰ,a:,ŋ,˩˨
鵭,,,,
鵮,,,,
鵯,p,ei,,˥
鵰,t,i:u,,˥
鵱,,,,
鵲,tsʰ,œ:,k,˧
鵳,k,i:,n,˥
鵴,,,,
鵵,,,,
鵶,,,,
鵷,j,y:,n,˥
鵸,,,,
鵹,l,ei,,˩˨
鵺,,,,
鵻,ts,ɵy,,˥
鵼,,,,
鵽,,,,
鵾,,,,
鵿,,,,
鶀,,,,
鶁,k,ɪ,ŋ,˥
鶂,j,ɪ,k,˨
鶃,j,ɪ,k,˨
鶄,ts,ɪ,ŋ,˥
鶅,,,,
鶆,l,ɔ:i,,˩˨
鶇,t,ʊ,ŋ,˥
鶈,,,,
鶉,s,ɵ,n,˩˨
鶊,k,ɐ,ŋ,˥
鶋,k,ɵy,,˥
鶌,kw,ɐ,t,˨
鶍,,,,
鶎,,,,
鶏,,,,
鶐,,,,
鶑,,,,
鶒,tsʰ,ɪ,k,˥
鶓,,,,
鶔,,,,
鶕,,,,
鶖,tsʰ,ɐu,,˥
鶗,tʰ,ɐi,,˩˨
鶘,w,u:,,˩˨
鶙,tʰ,ɐi,,˩˨
鶚,ŋ,ɔ:,k,˨
鶛,,,,
鶜,,,,
鶝,,,,
鶞,,,,
鶟,,,,
鶠,j,i:,n,˧˥
鶡,h,ɔ:,t,˧
鶢,j,y:,n,˩˨
鶣,,,,
鶤,kʰw,ɐ,n,˥
鶥,,,,
鶦,w,u:,,˩˨
鶧,,,,
鶨,,,,
鶩,m,ou,,˨
鶪,kw,ɪ,k,˥
鶫,,,,
鶬,tsʰ,ɔ:,ŋ,˥
鶭,,,,
鶮,,,,
鶯,,ɐ,ŋ,˥
鶰,,,,
鶱,h,i:,n,˥
鶲,j,ʊ,ŋ,˥
鶳,,,,
鶴,h,ɔ:,k,˨
鶵,tsʰ,ɔ:,,˩˨
鶶,,,,
鶷,,,,
鶸,,,,
鶹,l,ɐu,,˩˨
鶺,ts,ɪ,k,˧
鶻,kw,ɐ,t,˥
鶼,k,i:,m,˥
鶽,,,,
鶾,h,ɔ:,n,˨
鶿,tsʰ,i:,,˩˨
鷀,tsʰ,i:,,˩˨
鷁,j,ɪ,k,˨
鷂,j,i:u,,˨
鷃,,a:,n,˧
鷄,k,ɐi,,˥
鷅,l,ɵ,t,˨
鷆,,,,
鷇,kʰ,ɐu,,˧
鷈,tʰ,ɐi,,˥
鷉,,,,
鷊,j,ɪ,k,˨
鷋,tʰ,ou,,˩˨
鷌,,,,
鷍,,,,
鷎,,,,
鷏,,,,
鷐,s,ɐ,n,˩˨
鷑,l,ɐ,p,˥
鷒,tʰ,y:,n,˩˨
鷓,ts,ɛ:,,˧
鷔,ŋ,ou,,˨
鷕,j,i:u,,˩˨
鷖,j,i:,,˥
鷗,,ɐu,,˥
鷘,tsʰ,ɪ,k,˥
鷙,ts,i:,,˧
鷚,l,ɐu,,˨
鷛,j,ʊ,ŋ,˩˨
鷜,,,,
鷝,,,,
鷞,s,œ:,ŋ,˥
鷟,ts,ɔ:,k,˧
鷠,,,,
鷡,,,,
鷢,,,,
鷣,,,,
鷤,t,ɐi,,˨
鷥,s,i:,,˥
鷦,ts,i:u,,˥
鷧,,,,
鷨,,,,
鷩,p,i:,t,˧
鷪,,,,
鷫,s,ʊ,k,˥
鷬,,,,
鷭,f,a:,n,˥
鷮,k,i:u,,˥
鷯,l,i:u,,˩˨
鷰,j,i:,n,˧
鷱,,,,
鷲,ts,ɐu,,˨
鷳,h,a:,n,˩˨
鷴,h,a:,n,˩˨
鷵,,,,
鷶,,,,
鷷,,,,
鷸,n,ɵ,t,˨
鷹,j,ɪ,ŋ,˥
鷺,l,ou,,˨
鷻,tʰ,y:,n,˩˨
鷼,,,,
鷽,h,ɔ:,k,˨
鷾,j,i:,,˧
鷿,pʰ,ɪ,k,˥
鸀,s,ʊ,k,˨
鸁,l,ɔ:,,˩˨
鸂,kʰ,ɐi,,˥
鸃,j,i:,,˩˨
鸄,,,,
鸅,,,,
鸆,j,y:,,˩˨
鸇,ts,i:,n,˥
鸈,,,,
鸉,j,œ:,ŋ,˩˨
鸊,,,,
鸋,n,ɪ,ŋ,˩˨
鸌,,,,
鸍,,,,
鸎,,,,
鸏,m,ʊ,ŋ,˩˨
鸐,t,ɪ,k,˨
鸑,ŋ,ɔ:,k,˨
鸒,j,y:,,˩˨
鸓,l,ɵy,,˩˧
鸔,,,,
鸕,l,ou,,˩˨
鸖,,,,
鸗,,,,
鸘,,,,
鸙,,,,
鸚,j,ɪ,ŋ,˥
鸛,k,u:,n,˧
鸜,,,,
鸝,l,ei,,˩˨
鸞,l,y:,n,˩˨
鸟,n,i:u,,˩˧
鸠,k,ɐu,,˥
鸡,k,ɐi,,˥
鸢,j,y:,n,˥
鸣,m,ɪ,ŋ,˩˨
鸤,s,i:,,˥
鸥,,ɐu,,˥
鸦,,a:,,˥
鸧,tsʰ,ɔ:,ŋ,˥
鸨,p,ou,,˧˥
鸩,ts,ɐ,m,˨
鸪,k,u:,,˥
鸫,t,ʊ,ŋ,˥
鸬,l,ou,,˩˨
鸭,,a:,p,˧
鸮,h,i:u,,˥
鸯,j,œ:,ŋ,˥
鸰,l,ɪ,ŋ,˩˨
鸱,tsʰ,i:,,˥
鸲,kʰ,ɵy,,˩˨
鸳,j,i:,n,˥
鸴,h,ɔ:,k,˨
鸵,tʰ,ɔ:,,˩˨
鸶,s,i:,,˥
鸷,ts,i:,,˧
鸸,j,i:,,˩˨
鸹,kʰ,u:,t,˧
鸺,j,ɐu,,˥
鸻,,,,
鸼,ts,ɐu,,˥
鸽,k,a:,p,˧
鸾,l,y:,n,˩˨
鸿,h,ʊ,ŋ,˩˨
鹀,,,,
鹁,p,u:,t,˨
鹂,l,ei,,˩˨
鹃,k,y:,n,˥
鹄,k,ʊ,k,˥
鹅,ŋ,ɔ:,,˩˨
鹆,j,ʊ,k,˨
鹇,h,a:,n,˩˨
鹈,tʰ,ɐi,,˩˨
鹉,m,ou,,˩˧
鹊,tsʰ,œ:,k,˧
鹋,,,,
鹌,,ɐ,m,˥
鹍,kʰw,ɐ,n,˥
鹎,p,ei,,˥
鹏,pʰ,a:,ŋ,˩˨
鹐,,,,
鹑,s,ɵ,n,˩˨
鹒,k,ɐ,ŋ,˥
鹓,j,y:,n,˥
鹔,s,ʊ,k,˥
鹕,w,u:,,˩˨
鹖,h,ɔ:,t,˧
鹗,ŋ,ɔ:,k,˨
鹘,kw,ɐ,t,˥
鹙,tsʰ,ɐu,,˥
鹚,tsʰ,i:,,˩˨
鹛,,,,
鹜,m,ou,,˨
鹝,j,ɪ,k,˨
鹞,j,i:u,,˨
鹟,j,ʊ,ŋ,˥
鹠,l,ɐu,,˩˨
鹡,ts,ɪ,k,˧
鹢,j,ɪ,k,˨
鹣,k,i:,m,˥
鹤,h,ɔ:,k,˨
鹥,j,i:,,˥
鹦,j,ɪ,ŋ,˥
鹧,ts,ɛ:,,˧
鹨,l,ɐu,,˨
鹩,l,i:u,,˩˨
鹪,ts,i:u,,˥
鹫,ts,ɐu,,˨
鹬,n,ɵ,t,˨
鹭,l,ou,,˨
鹮,,,,
鹯,ts,i:,n,˥
鹰,j,ɪ,ŋ,˥
鹱,,,,
鹲,m,ʊ,ŋ,˩˨
鹳,k,u:,n,˧
鹴,,,,
鹵,l,ou,,˩˧
鹶,,,,
鹷,,,,
鹸,,,,
鹹,h,a:,m,˩˨
鹺,tsʰ,ɔ:,,˩˨
鹻,k,a:,n,˧˥
鹼,k,a:,n,˧˥
鹽,j,i:,m,˩˨
鹾,tsʰ,ɔ:,,˩˨
鹿,l,ʊ,k,˨
麀,j,ɐu,,˥
麁,,,,
麂,k,ei,,˧˥
麃,p,i:u,,˥
麄,,,,
麅,,,,
麆,tsʰ,y:,,˩˨
麇,kw,ɐ,n,˥
麈,ts,y:,,˧˥
麉,,,,
麊,,,,
麋,m,ei,,˩˨
麌,j,y:,,˩˧
麍,,,,
麎,,,,
麏,,,,
麐,,,,
麑,ŋ,ɐi,,˩˨
麒,kʰ,ei,,˩˨
麓,l,ʊ,k,˥
麔,,,,
麕,kʰw,ɐ,n,˧˥
麖,,,,
麗,l,ɐi,,˨
麘,,,,
麙,h,a:,m,˩˨
麚,,,,
麛,m,ɐi,,˩˨
麜,l,ɵ,t,˨
麝,s,ɛ:,,˨
麞,ts,œ:,ŋ,˥
麟,l,ɵ,n,˩˨
麠,k,ɛ:,ŋ,˥
麡,,,,
麢,,,,
麣,,,,
麤,tsʰ,ou,,˥
麥,m,a:,k,˨
麦,m,a:,k,˨
麧,h,ɐ,t,˨
麨,,,,
麩,f,u:,,˥
麪,m,i:,n,˨
麫,,,,
麬,,,,
麭,,,,
麮,,,,
麯,k,ʊ,k,˥
麰,m,ɐu,,˩˨
麱,f,u:,,˥
麲,,,,
麳,,,,
麴,k,ʊ,k,˥
麵,m,i:,n,˨
麶,,,,
麷,f,ʊ,ŋ,˥
麸,f,u:,,˥
麹,,,,
麺,,,,
麻,m,a:,,˩˨
麼,m,a:,,˥
麽,m,ɔ:,,˥
麾,f,ɐi,,˥
麿,,,,
黀,ts,ɐu,,˥
黁,,,,
黂,f,ɐ,n,˩˨
黃,w,ɔ:,ŋ,˩˨
黄,w,ɔ:,ŋ,˩˨
黅,,,,
黆,,,,
黇,,,,
黈,tʰ,ɐu,,˧˥
黉,h,ʊ,ŋ,˩˨
黊,,,,
黋,,,,
黌,h,ʊ,ŋ,˩˨
黍,s,y:,,˧˥
黎,l,ɐi,,˩˨
黏,n,i:,m,˥
黐,tsʰ,i:,,˥
黑,h,a:,k,˥
黒,,,,
黓,j,ɪ,k,˨
黔,kʰ,i:,m,˩˨
黕,t,a:,m,˧˥
黖,,,,
黗,,,,
默,m,ɐ,k,˨
黙,m,ɐ,k,˨
黚,kʰ,i:,m,˩˨
黛,t,ɔ:i,,˨
黜,tsʰ,ɵ,t,˥
黝,j,ɐu,,˧˥
點,t,i:,m,˧˥
黟,j,i:,,˥
黠,h,ɐ,t,˨
黡,j,i:,m,˧˥
黢,,,,
黣,,,,
黤,j,i:,m,˧˥
黥,kʰ,ɪ,ŋ,˩˨
黦,w,ɐ,t,˥
黧,l,ɐi,,˩˨
黨,t,ɔ:,ŋ,˧˥
黩,t,ʊ,k,˨
黪,tsʰ,a:,m,˧˥
黫,j,ɐ,n,˥
黬,ŋ,a:,m,˩˨
黭,,ɐ,m,˧˥
黮,s,ɐ,m,˨
黯,,ɐ,m,˧˥
黰,ts,ɐ,n,˧˥
黱,,,,
黲,tsʰ,a:,m,˧˥
黳,j,i:,,˥
黴,m,ei,,˩˨
黵,t,a:,m,˧˥
黶,j,i:,m,˧˥
黷,t,ʊ,k,˨
黸,,,,
黹,ts,i:,,˧˥
黺,,,,
黻,f,ɐ,t,˥
黼,f,u:,,˧˥
黽,m,ɐ,n,˩˧
黾,m,ɐ,n,˩˧
黿,j,y:,n,˩˨
鼀,,,,
鼁,,,,
鼂,,,,
鼃,w,a:,,˥
鼄,,,,
鼅,,,,
鼆,m,ɐ,n,˩˨
鼇,ŋ,ou,,˩˨
鼈,p,i:,t,˧
鼉,tʰ,ɔ:,,˩˨
鼊,,,,
鼋,j,y:,n,˩˨
鼌,,,,
鼍,tʰ,ɔ:,,˩˨
鼎,t,ɪ,ŋ,˧˥
鼏,m,ɪ,k,˨
鼐,n,a:i,,˩˧
鼑,,,,
鼒,ts,i:,,˥
鼓,k,u:,,˧˥
鼔,k,u:,,˧˥
鼕,t,ʊ,ŋ,˥
鼖,f,ɐ,n,˩˨
鼗,tʰ,ou,,˩˨
鼘,j,y:,n,˥
鼙,pʰ,ei,,˩˨
鼚,tsʰ,œ:,ŋ,˥
鼛,k,ou,,˥
鼜,tsʰ,ɪ,k,˥
鼝,,,,
鼞,t,ɔ:,ŋ,˥
鼟,,,,
鼠,s,y:,,˧˥
鼡,,,,
鼢,f,ɐ,n,˩˨
鼣,,,,
鼤,m,ɐ,n,˩˨
鼥,p,ɐ,t,˨
鼦,,,,
鼧,,,,
鼨,,,,
鼩,kʰ,ɵy,,˩˨
鼪,s,ɐ,ŋ,˥
鼫,s,ɛ:,k,˨
鼬,j,ɐu,,˩˨
鼭,,,,
鼮,tʰ,ɪ,ŋ,˩˨
鼯,ŋ,,,˩˨
鼰,,,,
鼱,tsʰ,ɪ,ŋ,˥
鼲,w,ɐ,n,˩˨
鼳,,,,
鼴,j,i:,n,˧˥
鼵,t,ɐ,t,˨
鼶,s,i:,,˥
鼷,h,ɐi,,˩˨
鼸,,,,
鼹,j,i:,n,˧˥
鼺,,,,
鼻,p,ei,,˨
鼼,h,i:u,,˧
鼽,kʰ,ɐu,,˩˨
鼾,h,ɔ:,n,˩˨
鼿,,,,
齀,,,,
齁,h,ɐu,,˥
齂,,,,
齃,,a:,t,˧
齄,ts,a:,,˥
齅,tsʰ,ɐu,,˧
齆,,ʊ,ŋ,˧
齇,ts,a:,,˥
齈,,,,
齉,n,ɔ:,ŋ,˨
齊,tsʰ,ɐi,,˩˨
齋,ts,a:i,,˥
齌,ts,ɐi,,˥
齍,ts,i:,,˥
齎,ts,ɐi,,˥
齏,ts,ɐi,,˥
齐,tsʰ,ɐi,,˩˨
齑,ts,ɐi,,˥
齒,tsʰ,i:,,˧˥
齓,,,,
齔,tsʰ,ɐ,n,˧
齕,h,ɐ,t,˨
齖,,,,
齗,ŋ,ɐ,n,˩˨
齘,h,a:i,,˨
齙,p,a:u,,˥
齚,,,,
齛,,,,
齜,ts,i:,,˥
齝,tsʰ,i:,,˥
齞,j,i:,n,˨
齟,ts,ɵy,,˧˥
齠,tʰ,i:u,,˩˨
齡,l,ɪ,ŋ,˩˨
齢,,,,
齣,tsʰ,ɵ,t,˥
齤,kʰ,y:,n,˩˨
齥,,,,
齦,h,ɐ,n,˧˥
齧,j,i:,t,˨
齨,,,,
齩,ŋ,a:u,,˩˧
齪,tsʰ,ʊ,k,˥
齫,,,,
齬,j,y:,,˩˧
齭,,,,
齮,j,i:,,˧˥
齯,ŋ,ɐi,,˩˨
齰,ts,a:,k,˧
齱,tsʰ,ʊ,k,˥
齲,k,ɵy,,˧˥
齳,,,,
齴,j,i:,n,˨
齵,j,y:,,˩˨
齶,ŋ,ɔ:,k,˨
齷,,a:,k,˥
齸,,,,
齹,,,,
齺,ts,ɐu,,˥
齻,t,i:,n,˥
齼,,,,
齽,,,,
齾,ŋ,a:,,˧
齿,tsʰ,i:,,˧˥
龀,tsʰ,ɐ,n,˧
龁,h,ɐ,t,˨
龂,ŋ,ɐ,n,˩˨
龃,ts,ɵy,,˧˥
龄,l,ɪ,ŋ,˩˨
龅,p,a:u,,˥
龆,tʰ,i:u,,˩˨
龇,ts,i:,,˥
龈,h,ɐ,n,˧˥
龉,j,y:,,˩˧
龊,tsʰ,ʊ,k,˥
龋,k,ɵy,,˧˥
龌,,a:,k,˥
龍,l,ʊ,ŋ,˩˨
龎,pʰ,ɔ:,ŋ,˩˨
龏,,,,
龐,pʰ,ɔ:,ŋ,˩˨
龑,j,i:,m,˧˥
龒,,,,
龓,,,,
龔,k,ʊ,ŋ,˥
龕,h,ɐ,m,˥
龖,,,,
龗,,,,
龘,t,a:,p,˨
龙,l,ʊ,ŋ,˩˨
龚,k,ʊ,ŋ,˥
龛,h,ɐ,m,˥
龜,k,ɐu,,˥
龝,tsʰ,ɐu,,˥
龞,,,,
龟,k,ɐu,,˥
龠,j,œ:,k,˨
龡,tsʰ,ɵy,,˥
龢,w,ɔ:,,˩˨
龣,,,,
龤,h,a:i,,˩˨
龥,j,y:,,˨
龦,,,,
龧,,,,
龨,,,,
龩,,,,
龪,,,,
龫,,,,
龬,,,,
龭,,,,
龮,,,,
龯,,,,
龰,,,,
龱,,,,
龲,,,,
龳,,,,
龴,,,,
龵,,,,
龶,,,,
龷,,,,
龸,,,,
龹,,,,
龺,,,,
龻,,,,
龼,,,,
龽,,,,
龾,,,,
龿,,,,
鿀,,,,
鿁,,,,
鿂,,,,
鿃,s,i:,m,˧˥
鿄,,,,
鿅,,,,
鿆,,,,
鿇,,,,
鿈,,,,
鿉,,,,
鿊,,,,
鿋,,,,
鿌,,,,
鿍,,,,
鿎,,,,
鿏,,,,
鿐,,,,
鿑,,,,
鿒,,,,
鿓,,,,
鿔,,,,
鿕,,,,
鿖,,,,
鿗,,,,
鿘,,,,
鿙,,,,
鿚,,,,
鿛,,,,
鿜,,,,
鿝,,,,
鿞,,,,
鿟,,,,
鿠,,,,
鿡,,,,
鿢,,,,
鿣,,,,
鿤,,,,
鿥,,,,
鿦,,,,
鿧,,,,
鿨,,,,
鿩,,,,
鿪,,,,
鿫,,,,
鿬,,,,
鿭,,,,
鿮,,,,
鿯,,,,
鿰,,,,
鿱,,,,
鿲,,,,
鿳,,,,
鿴,,,,
鿵,,,,
鿶,,,,
鿷,,,,
鿸,,,,
鿹,,,,
鿺,,,,
鿻,,,,
鿼,,,,
鿽,,,,
鿾,,,,
鿿,,,,
㐀,j,ɐu,,˥
㐁,tʰ,i:,m,˧˥
㐂,,,,
㐃,,,,
㐄,,,,
㐅,ŋ,,,˩˧
㐆,ts,a:,n,˧˥
㐇,,,,
㐈,,,,
㐉,,,,
㐊,,,,
㐋,,,,
㐌,ts,y:,,˩˨
㐍,,,,
㐎,,,,
㐏,,,,
㐐,,,,
㐑,,,,
㐒,,,,
㐓,,,,
㐔,,,,
㐕,,,,
㐖,ts,i:,p,˨
㐗,,,,
㐘,,,,
㐙,,,,
㐚,,,,
㐛,,,,
㐜,tsʰ,a:u,,˩˨
㐝,,,,
㐞,,,,
㐟,,,,
㐠,,,,
㐡,n,ɔ:,,˨
㐢,,,,
㐣,,,,
㐤,kʰ,a:u,,˩˨
㐥,,,,
㐦,,,,
㐧,,,,
㐨,ts,ɵy,,˨
㐩,ts,ɪ,ŋ,˩˨
㐪,,,,
㐫,k,u:,n,˧
㐬,l,ɐu,,˩˨
㐭,l,ɐ,m,˩˧
㐮,s,œ:,ŋ,˥
㐯,j,ʊ,ŋ,˩˨
㐰,s,ɵ,n,˧
㐱,tsʰ,a:,,˩˧
㐲,t,a:i,,˨
㐳,ŋ,a:,t,˨
㐴,pʰ,a:,n,˥
㐵,,,,
㐶,,,,
㐷,m,a:,,˨
㐸,k,i:,m,˥
㐹,k,ɔ:,,˥
㐺,ts,ʊ,ŋ,˧
㐻,f,u:,,˥
㐼,tsʰ,ɪ,ŋ,˧˥
㐽,f,ʊ,ŋ,˥
㐾,,,,
㐿,,,,
㑀,,,,
㑁,ts,y:,t,˧
㑂,f,ɔ:,ŋ,˧˥
㑃,,ɐu,,˧˥
㑄,m,ou,,˩˧
㑅,ts,ɔ:,k,˧
㑆,,,,
㑇,ts,a:u,,˧
㑈,t,ʊ,ŋ,˥
㑉,tsʰ,ʊ,k,˥
㑊,ts,ɪ,k,˨
㑋,kʰ,ʊ,ŋ,˩˨
㑌,h,ɔ:,ŋ,˥
㑍,l,ɵy,,˩˧
㑎,n,ou,,˩˧
㑏,tsʰ,y:,,˩˧
㑐,s,ʊ,k,˥
㑑,,,,
㑒,,,,
㑓,,,,
㑔,s,ɵy,,˧˥
㑕,,,,
㑖,,,,
㑗,s,a:,n,˥
㑘,k,a:i,,˧
㑙,t,i:,p,˨
㑚,n,a:,,˩˨
㑛,tsʰ,ʊ,k,˥
㑜,ts,a:i,,˨
㑝,l,ʊ,ŋ,˨
㑞,ts,ɪ,ŋ,˨
㑟,m,ɐ,ŋ,˥
㑠,,,,
㑡,,,,
㑢,,,,
㑣,l,ɐ,m,˧˥
㑤,m,i:u,,˩˨
㑥,ts,i:,,˨
㑦,l,ɵy,,˨
㑧,kw,ɐi,,˧
㑨,ts,y:,,˩˧
㑩,l,ɔ:,,˩˨
㑪,tsʰ,a:i,,˩˨
㑫,,,,
㑬,,,,
㑭,,,,
㑮,kw,a:,t,˥
㑯,s,ɵy,,˥
㑰,f,u:i,,˩˨
㑱,n,ɐu,,˩˨
㑲,,,,
㑳,ts,a:u,,˧
㑴,tsʰ,a:,m,˥
㑵,ts,ɐ,t,˨
㑶,h,a:i,,˩˨
㑷,tʰ,a:i,,˧
㑸,ts,i:u,,˩˨
㑹,kw,ɐ,t,˧
㑺,ts,ɵy,,˨
㑻,m,a:,,˨
㑼,l,œ:,k,˨
㑽,tʰ,ɔ:,ŋ,˩˨
㑾,ts,i:u,,˩˨
㑿,tsʰ,œ:,k,˧
㒀,tsʰ,i:,m,˩˨
㒁,s,ou,,˧
㒂,ts,œ:,k,˨
㒃,ts,i:,,˨
㒄,ŋ,ɐ,m,˩˨
㒅,kʰ,ɐi,,˧˥
㒆,kʰ,ɐ,p,˥
㒇,ŋ,,,˩˧
㒈,h,ɔ:,n,˨
㒉,tʰ,ɔ:,ŋ,˧˥
㒊,s,a:,p,˥
㒋,s,i:,,˥
㒌,kʰ,ɪ,ŋ,˩˨
㒍,l,ɵy,,˩˧
㒎,s,ɐ,t,˧
㒏,,,,
㒐,,,,
㒑,h,ʊ,ŋ,˧˥
㒒,p,ʊ,k,˨
㒓,tʰ,a:,t,˧
㒔,s,ʊ,k,˨
㒕,ts,œ:,ŋ,˥
㒖,ŋ,a:u,,˩˧
㒗,tʰ,ɔ:i,,˩˨
㒘,,,,
㒙,m,i:,n,˩˨
㒚,w,a:,n,˧˥
㒛,t,ɵy,,˧˥
㒜,ts,y:,,˩˧
㒝,m,i:,t,˨
㒞,ts,ɵ,n,˧
㒟,n,i:u,,˩˧
㒠,h,a:i,,˨
㒡,ts,a:u,,˩˨
㒢,,,,
㒣,,,,
㒤,s,i:,p,˧
㒥,f,ʊ,ŋ,˥
㒦,t,ɵy,,˧
㒧,l,ɐi,,˨
㒨,s,i:,n,˥
㒩,l,ɔ:,,˧˥
㒪,s,ɛ:,k,˧
㒫,k,ei,,˧
㒬,,,,
㒭,kʰw,a:,n,˥
㒮,,,,
㒯,,,,
㒰,tsʰ,y:,n,˩˨
㒱,,,,
㒲,tsʰ,ɔ:i,,˩˨
㒳,l,œ:,ŋ,˩˧
㒴,kw,ɐ,t,˥
㒵,m,ɐu,,˨
㒶,k,ʊ,ŋ,˥
㒷,h,ɪ,ŋ,˧˥
㒸,s,ɵy,,˨
㒹,t,i:,n,˥
㒺,,,,
㒻,m,ou,,˨
㒼,m,ɐ,ŋ,˩˨
㒽,h,y:,n,˥
㒾,s,i:,,˨
㒿,l,ei,,˩˨
㓀,,,,
㓁,m,ɔ:,ŋ,˩˧
㓂,kʰ,a:u,,˧
㓃,t,ou,,˧
㓄,s,a:,m,˧˥
㓅,t,ɪ,ŋ,˥
㓆,,,,
㓇,,,,
㓈,p,ɪ,ŋ,˥
㓉,kw,a:,t,˧
㓊,t,ʊ,ŋ,˨
㓋,k,ʊ,ŋ,˨
㓌,tsʰ,ɐ,ŋ,˥
㓍,,,,
㓎,tsʰ,a:,m,˥
㓏,kw,ɪ,ŋ,˧˥
㓐,l,ʊ,k,˨
㓑,h,a:,ŋ,˨
㓒,,,,
㓓,l,ɐ,m,˩˧
㓔,ts,ɛ:,,˨
㓕,,,,
㓖,p,i:,t,˥
㓗,k,i:,t,˧
㓘,s,ʊ,k,˥
㓙,h,ʊ,ŋ,˥
㓚,k,ɵy,,˨
㓛,k,ʊ,ŋ,˥
㓜,ts,a:u,,˧
㓝,ts,ɪ,ŋ,˩˨
㓞,kʰ,a:i,,˧
㓟,pʰ,ɐi,,˥
㓠,t,i:,m,˧
㓡,f,u:,,˧˥
㓢,l,ɔ:,k,˧
㓣,k,ɔ:,t,˧
㓤,k,ɐ,t,˥
㓥,tʰ,ɔ:,ŋ,˥
㓦,p,ɐ,k,˧
㓧,t,ɵy,,˥
㓨,tsʰ,i:,,˧
㓩,f,ɐ,n,˧
㓪,l,ɔ:,ŋ,˩˧
㓫,,,,
㓬,f,u:,,˥
㓭,h,ɔ:,t,˧
㓮,t,i:u,,˥
㓯,l,ei,,˩˨
㓰,w,a:,k,˨
㓱,s,y:,,˥
㓲,pʰ,i:,n,˧
㓳,t,ɐi,,˥
㓴,ts,y:,n,˩˧
㓵,ŋ,ɔ:,k,˨
㓶,kʰ,i:,t,˧
㓷,n,ɐu,,˩˨
㓸,tsʰ,œ:,k,˧
㓹,ts,ɵy,,˨
㓺,k,i:,n,˥
㓻,k,ɔ:,ŋ,˥
㓼,,,,
㓽,s,ʊ,ŋ,˩˨
㓾,s,ɐi,,˥
㓿,,,,
㔀,kʰ,ɪ,ŋ,˩˨
㔁,t,a:,ŋ,˥
㔂,l,ɵ,n,˩˨
㔃,ts,y:,t,˨
㔄,s,ʊ,k,˥
㔅,s,i:u,,˧
㔆,tsʰ,a:,m,˩˧
㔇,pʰ,u:,t,˧
㔈,,,,
㔉,tsʰ,ʊ,ŋ,˧˥
㔊,tʰ,ɐ,n,˧˥
㔋,h,ɐ,m,˧
㔌,s,ei,,˧
㔍,tsʰ,ɐ,p,˧
㔎,s,i:,t,˧
㔏,k,ɐ,k,˧
㔐,tsʰ,i:,m,˥
㔑,,,,
㔒,kʰw,ɐi,,˩˨
㔓,k,i:,n,˧˥
㔔,,,,
㔕,k,a:,t,˥
㔖,,,,
㔗,p,ei,,˨
㔘,ts,ɵ,t,˥
㔙,pʰ,ɪ,ŋ,˥
㔚,,a:u,,˧˥
㔛,,,,
㔜,p,u:,t,˨
㔝,l,œ:,ŋ,˩˧
㔞,f,ɐi,,˧
㔟,,,,
㔠,h,ɐ,t,˨
㔡,p,i:,t,˧
㔢,w,a:i,,˩˨
㔣,l,ɵy,,˩˨
㔤,s,a:,m,˧˥
㔥,p,a:i,,˨
㔦,ts,œ:,ŋ,˩˧
㔧,l,ɵy,,˨
㔨,p,u:i,,˧
㔩,,a:,p,˨
㔪,l,ou,,˩˧
㔫,,,,
㔬,tsʰ,œ:,k,˧
㔭,tsʰ,i:,,˩˨
㔮,,,,
㔯,s,y:,n,˧
㔰,h,ɐ,ŋ,˩˨
㔱,ts,y:,,˩˧
㔲,,,,
㔳,k,ei,,˧˥
㔴,ts,ɪ,k,˨
㔵,s,y:,n,˧˥
㔶,k,a:,m,˧˥
㔷,l,ɐu,,˨
㔸,tsʰ,ɐ,m,˧˥
㔹,l,ɐ,k,˨
㔺,s,a:i,,˧
㔻,pʰ,ei,,˥
㔼,s,ɵ,n,˧˥
㔽,ts,a:u,,˩˧
㔾,ts,i:,t,˧
㔿,ts,ɐu,,˧
㕀,,,,
㕁,kʰ,œ:,k,˧
㕂,ts,a:,m,˩˨
㕃,h,i:,m,˧
㕄,ts,i:,,˧
㕅,k,a:,p,˧
㕆,w,u:,,˨
㕇,l,ɐ,p,˧
㕈,,ɐ,t,˧
㕉,,,,
㕊,p,ou,,˥
㕋,kʰ,ɐ,m,˩˨
㕌,ŋ,ɔ:i,,˨
㕍,t,ɵy,,˥
㕎,,,,
㕏,tsʰ,y:,,˩˨
㕐,s,ɛ:,,˧˥
㕑,tsʰ,ɵy,,˩˨
㕒,f,a:i,,˥
㕓,,,,
㕔,tʰ,ɛ:,ŋ,˥
㕕,n,ɐ,p,˨
㕖,s,ou,,˧
㕗,ts,a:u,,˩˧
㕘,tsʰ,a:,m,˥
㕙,ts,ɵ,n,˧
㕚,ts,a:u,,˧˥
㕛,ts,a:u,,˩˧
㕜,s,ei,,˧
㕝,,,,
㕞,tsʰ,a:,t,˧
㕟,w,ɐi,,˧˥
㕠,s,œ:,ŋ,˥
㕡,h,ɐ,ŋ,˥
㕢,,,,
㕣,ts,i:,n,˧˥
㕤,kw,a:i,,˧˥
㕥,ts,y:,,˩˧
㕦,w,a:,,˨
㕧,s,i:,,˥
㕨,f,a:,n,˨
㕩,ts,œ:,ŋ,˧
㕪,t,ɐ,m,˧˥
㕫,f,ɔ:,ŋ,˧˥
㕬,k,ʊ,ŋ,˥
㕭,,ɐu,,˧
㕮,f,u:,,˧˥
㕯,n,ɵ,t,˨
㕰,h,ʊ,k,˨
㕱,ts,a:u,,˩˨
㕲,m,ʊ,k,˥
㕳,h,ʊ,ŋ,˥
㕴,tsʰ,a:,m,˩˨
㕵,kw,ɔ:,k,˧
㕶,ŋ,,,˨
㕷,pʰ,ɐ,k,˥
㕸,l,ɐi,,˨
㕹,f,ɐ,t,˨
㕺,h,i:u,,˥
㕻,f,a:u,,˧˥
㕼,t,ʊ,ŋ,˨
㕽,tsʰ,ɛ:,k,˧
㕾,,,,
㕿,,,,
㖀,l,a:,k,˨
㖁,l,ɵ,n,˨
㖂,ts,a:i,,˨
㖃,h,a:,m,˥
㖄,ts,a:u,,˥
㖅,s,ɵ,t,˥
㖆,kʰ,ʊ,k,˥
㖇,m,ei,,˥
㖈,,,,
㖉,,,,
㖊,,,,
㖋,,,,
㖌,,,,
㖍,,,,
㖎,,,,
㖏,n,i:,p,˨
㖐,t,ɔ:,,˨
㖑,h,ɐi,,˨
㖒,tʰ,ɐi,,˩˨
㖓,h,ʊ,ŋ,˩˨
㖔,tʰ,a:,n,˥
㖕,ts,i:,p,˨
㖖,s,a:,n,˥
㖗,ts,a:,m,˩˨
㖘,s,ɐ,n,˧˥
㖙,,,,
㖚,,,,
㖛,,,,
㖜,,,,
㖝,,,,
㖞,w,a:,,˥
㖟,s,ɐu,,˨
㖠,n,ɐ,p,˨
㖡,,ɛ:,,˨
㖢,tsʰ,i:,,˥
㖣,p,ou,,˩˨
㖤,h,a:,m,˩˨
㖥,kʰw,a:,n,˧
㖦,t,ʊ,ŋ,˧˥
㖧,f,a:,n,˥
㖨,l,ʊ,k,˨
㖩,ts,a:u,,˥
㖪,kw,ɔ:,k,˧
㖫,l,ɪ,ŋ,˩˨
㖬,,,,
㖭,tʰ,i:,m,˥
㖮,l,ɵ,n,˩˨
㖯,,,,
㖰,,,,
㖱,,,,
㖲,,,,
㖳,,,,
㖴,,,,
㖵,,,,
㖶,ts,i:,n,˥
㖷,tʰ,a:i,,˩˨
㖸,kʰ,œ:,k,˨
㖹,f,u:,,˧˥
㖺,tsʰ,ɵ,n,˧˥
㖻,ts,a:u,,˩˨
㖼,m,ɐu,,˩˨
㖽,ts,a:,k,˧
㖾,ŋ,ɔ:,k,˨
㖿,tsʰ,ɛ:,,˩˨
㗀,ts,a:u,,˥
㗁,ŋ,ɔ:,k,˨
㗂,s,a:,ŋ,˧˥
㗃,m,a:,n,˩˨
㗄,m,ɐ,n,˩˨
㗅,w,u:,,˩˨
㗆,k,a:,k,˧
㗇,k,a:,,˩˧
㗈,m,a:,n,˨
㗉,l,œ:,k,˨
㗊,l,ɵy,,˩˨
㗋,h,ɐu,,˩˨
㗌,ts,a:,t,˨
㗍,,,,
㗎,k,a:,,˧˥
㗏,,,,
㗐,,,,
㗑,p,ɐi,,˨
㗒,,ɔ:i,,˧˥
㗓,tsʰ,i:,,˧
㗔,h,i:,n,˥
㗕,k,a:u,,˧
㗖,t,a:,m,˨
㗗,p,ɐi,,˧˥
㗘,p,ɔ:,k,˧
㗙,ts,a:u,,˥
㗚,l,ei,,˨
㗛,s,i:u,,˧
㗜,tsʰ,ɐu,,˧
㗝,,,,
㗞,,,,
㗟,,,,
㗠,,,,
㗡,,,,
㗢,h,ʊ,ŋ,˥
㗣,t,a:i,,˧
㗤,tsʰ,ʊ,k,˥
㗥,kʰw,ɔ:,k,˧
㗦,l,ou,,˩˨
㗧,ts,a:,t,˨
㗨,,a:i,,˧˥
㗩,tsʰ,i:,,˥
㗪,,,,
㗫,tsʰ,a:i,,˧
㗬,ts,a:,,˥
㗭,h,ei,,˥
㗮,,,,
㗯,,,,
㗰,tsʰ,ʊ,ŋ,˩˨
㗱,ts,ɐ,p,˨
㗲,w,a:,k,˥
㗳,t,ɐ,p,˥
㗴,ts,i:,n,˩˨
㗵,f,ɐ,t,˥
㗶,pʰ,u:,t,˧
㗷,tsʰ,ɔ:i,,˧
㗸,,,,
㗹,,,,
㗺,,,,
㗻,k,ɔ:,,˨
㗼,ts,i:,p,˨
㗽,h,œ:,ŋ,˥
㗾,h,ɵy,,˥
㗿,l,a:,,˩˨
㘀,ts,ɔ:,k,˧
㘁,ts,ɪ,k,˨
㘂,tsʰ,i:,,˩˨
㘃,,,,
㘄,,,,
㘅,h,a:,m,˩˨
㘆,tʰ,ɔ:i,,˩˨
㘇,w,ɪ,ŋ,˩˨
㘈,ts,i:,,˩˨
㘉,ts,i:,t,˥
㘊,tsʰ,a:u,,˧
㘋,ts,i:,n,˩˨
㘌,kʰ,ɛ:,k,˨
㘍,ts,ɪ,k,˥
㘎,h,ɐ,m,˧
㘏,,,,
㘐,tsʰ,i:,t,˧
㘑,l,ɐi,,˨
㘒,,,,
㘓,l,a:,n,˩˨
㘔,tsʰ,ɔ:i,,˧
㘕,h,ɐ,m,˧
㘖,ŋ,ɐ,n,˩˨
㘗,,,,
㘘,,,,
㘙,k,ɐu,,˥
㘚,k,ɐ,m,˥
㘛,h,a:,m,˥
㘜,tsʰ,a:u,,˥
㘝,n,i:,m,˧˥
㘞,t,ɵ,t,˥
㘟,,,,
㘠,p,a:i,,˧
㘡,h,a:,p,˨
㘢,,,,
㘣,ts,y:,n,˩˨
㘤,w,a:,n,˥
㘥,ts,a:u,,˩˨
㘦,kʰ,ɐ,n,˩˨
㘧,ts,ɵy,,˨
㘨,n,i:,p,˨
㘩,p,ei,,˨
㘪,h,ou,,˧
㘫,ts,ɪ,ŋ,˨
㘬,,ɐu,,˥
㘭,,ɐu,,˥
㘮,,,,
㘯,,,,
㘰,ts,ɐ,m,˥
㘱,tʰ,a:,n,˥
㘲,k,ʊ,k,˥
㘳,ts,a:u,,˥
㘴,ts,ɔ:,,˨
㘵,p,ou,,˧
㘶,k,i:,t,˨
㘷,ŋ,ɐi,,˨
㘸,ts,ɔ:,ŋ,˧
㘹,tsʰ,i:,,˩˨
㘺,f,ɐ,t,˨
㘻,ts,a:,n,˥
㘼,,,,
㘽,,,,
㘾,,,,
㘿,n,i:,p,˨
㙀,l,ɐu,,˨
㙁,m,ʊ,k,˨
㙂,t,ɵy,,˧
㙃,p,ɔ:,ŋ,˥
㙄,p,ɐi,,˨
㙅,p,ou,,˧˥
㙆,,,,
㙇,tsʰ,ʊ,k,˥
㙈,l,a:,,˩˨
㙉,t,i:,n,˨
㙊,tsʰ,œ:,ŋ,˩˨
㙋,,,,
㙌,,,,
㙍,t,ɔ:,,˥
㙎,w,ɐi,,˥
㙏,f,ʊ,k,˥
㙐,t,ɵy,,˧˥
㙑,ts,y:,,˩˧
㙒,ts,ɛ:,,˩˧
㙓,,,,
㙔,h,ɔ:,n,˩˨
㙕,f,a:i,,˧
㙖,,,,
㙗,f,ɐi,,˧
㙘,ts,i:u,,˥
㙙,l,ʊ,ŋ,˩˧
㙚,s,ɪ,ŋ,˥
㙛,p,ou,,˧˥
㙜,tsʰ,i:,,˩˨
㙝,h,i:,p,˧
㙞,n,i:,p,˨
㙟,l,ɔ:,ŋ,˩˧
㙠,,a:i,,˧
㙡,ts,ʊ,ŋ,˥
㙢,m,ɐ,n,˨
㙣,ts,œ:,ŋ,˧
㙤,l,a:,,˧
㙥,kw,a:,n,˧˥
㙦,,,,
㙧,,,,
㙨,k,ei,,˥
㙩,l,a:u,,˨
㙪,ts,i:,,˧
㙫,ts,ɐ,p,˨
㙬,ŋ,a:,n,˩˨
㙭,,,,
㙮,tʰ,a:,p,˧
㙯,ŋ,a:i,,˨
㙰,h,ɐi,,˨
㙱,h,ou,,˨
㙲,ts,ʊ,ŋ,˥
㙳,h,ɐ,m,˧˥
㙴,tsʰ,i:,m,˥
㙵,tʰ,ɔ:i,,˩˨
㙶,tʰ,ɔ:,ŋ,˩˨
㙷,ts,ɪ,k,˨
㙸,p,ʊ,k,˨
㙹,m,ʊ,ŋ,˩˨
㙺,kw,a:i,,˨
㙻,tsʰ,i:,n,˩˨
㙼,l,ɵy,,˩˧
㙽,,,,
㙾,h,ɔ:,k,˨
㙿,,,,
㚀,h,ei,,˥
㚁,kʰ,i:u,,˩˨
㚂,ts,œ:,ŋ,˩˨
㚃,w,ɐ,n,˥
㚄,,,,
㚅,l,ʊ,ŋ,˩˨
㚆,f,ʊ,k,˨
㚇,ts,ʊ,k,˥
㚈,,,,
㚉,k,u:,,˧˥
㚊,h,ɔ:i,,˥
㚋,t,i:u,,˥
㚌,f,ɔ:,,˧˥
㚍,f,ɐi,,˧
㚎,,,,
㚏,k,ou,,˧˥
㚐,tʰ,ou,,˧
㚑,,,,
㚒,s,i:,m,˧˥
㚓,l,ɔ:i,,˩˨
㚔,n,i:,p,˨
㚕,f,a:,t,˥
㚖,k,ou,,˧˥
㚗,tsʰ,ɛ:,,˩˨
㚘,p,u:,n,˨
㚙,k,a:,,˥
㚚,,,,
㚛,,,,
㚜,w,ɪ,k,˨
㚝,f,u:i,,˥
㚞,,,,
㚟,,,,
㚠,h,i:u,,˥
㚡,,,,
㚢,n,ou,,˩˨
㚣,k,a:u,,˧˥
㚤,ts,ɪ,k,˨
㚥,ts,y:,,˥
㚦,k,ei,,˥
㚧,ŋ,ɐ,m,˩˨
㚨,,,,
㚩,ts,i:,m,˩˧
㚪,h,ou,,˧
㚫,s,a:,p,˧
㚬,kw,ɐ,n,˥
㚭,ts,a:u,,˩˨
㚮,t,a:,m,˥
㚯,tsʰ,ɐ,m,˩˨
㚰,pʰ,u:i,,˥
㚱,ts,a:u,,˥
㚲,s,i:,m,˥
㚳,,ɔ:,,˥
㚴,p,ou,,˧
㚵,t,ʊ,ŋ,˥
㚶,tsʰ,i:,,˩˧
㚷,n,ɐi,,˩˧
㚸,s,i:,,˥
㚹,m,ɐu,,˩˧
㚺,ts,a:,n,˨
㚻,k,ei,,˥
㚼,n,a:u,,˧˥
㚽,h,a:u,,˧˥
㚾,,,,
㚿,pʰ,ɐu,,˩˨
㛀,,,,
㛁,pʰ,ɪ,ŋ,˥
㛂,,,,
㛃,k,i:,t,˧
㛄,ts,i:,,˥
㛅,n,ei,,˨
㛆,t,ɔ:,,˧˥
㛇,,,,
㛈,,,,
㛉,,,,
㛊,t,ɔ:,,˧˥
㛋,,,,
㛌,,,,
㛍,h,ɐ,p,˨
㛎,l,ɵy,,˩˧
㛏,kʰ,ɐu,,˩˨
㛐,s,ou,,˧˥
㛑,tsʰ,a:,n,˧
㛒,t,a:u,,˧˥
㛓,tsʰ,i:,,˥
㛔,f,ʊ,ŋ,˥
㛕,ts,a:,p,˥
㛖,s,ɔ:,,˥
㛗,s,ɔ:,,˥
㛘,p,u:,t,˨
㛙,s,ɐ,n,˥
㛚,tʰ,ʊ,ŋ,˧˥
㛛,s,a:,n,˥
㛜,ts,a:u,,˩˨
㛝,p,u:i,,˧
㛞,l,ʊ,ŋ,˨
㛟,,,,
㛠,,,,
㛡,,,,
㛢,,,,
㛣,,,,
㛤,,,,
㛥,t,ɐ,p,˨
㛦,l,ɐ,m,˩˧
㛧,m,u:,n,˩˧
㛨,k,œ:,ŋ,˧˥
㛩,ts,ʊ,k,˨
㛪,,a:,m,˥
㛫,s,ɛ:,k,˧
㛬,l,ʊ,k,˨
㛭,s,ɪ,k,˥
㛮,s,ou,,˧˥
㛯,m,i:,n,˩˧
㛰,f,ɐ,n,˥
㛱,w,u:i,,˧˥
㛲,f,a:,t,˧
㛳,ts,a:i,,˨
㛴,n,ou,,˩˧
㛵,tsʰ,ɪ,ŋ,˥
㛶,tʰ,a:,n,˧
㛷,k,ɐi,,˥
㛸,s,y:,,˨
㛹,pʰ,i:,n,˩˨
㛺,,a:,m,˥
㛻,kʰw,a:i,,˧˥
㛼,tsʰ,ɐ,p,˧
㛽,s,a:,n,˥
㛾,h,a:,m,˩˨
㛿,ts,a:i,,˨
㜀,,,,
㜁,,,,
㜂,f,ʊ,ŋ,˥
㜃,l,y:,n,˧˥
㜄,tsʰ,a:,m,˩˨
㜅,tsʰ,ʊ,k,˥
㜆,m,a:i,,˩˨
㜇,w,a:i,,˨
㜈,m,ʊ,k,˨
㜉,ts,ʊ,ŋ,˥
㜊,n,ɐ,n,˩˧
㜋,ts,i:,,˩˨
㜌,k,a:u,,˧
㜍,tʰ,ɔ:,ŋ,˩˨
㜎,h,a:i,,˩˨
㜏,w,ɐ,n,˩˨
㜐,s,y:,,˨
㜑,pʰ,ɐ,k,˧
㜒,ŋ,a:i,,˨
㜓,t,a:,p,˧
㜔,,,,
㜕,l,i:,n,˩˨
㜖,tsʰ,ou,,˩˨
㜗,tsʰ,ɐ,m,˧˥
㜘,k,ɵy,,˨
㜙,l,ʊ,k,˨
㜚,s,ʊ,k,˥
㜛,ts,y:,n,˩˧
㜜,ŋ,ou,,˨
㜝,,ɐ,n,˧˥
㜞,tsʰ,ɐ,m,˩˨
㜟,,,,
㜠,tsʰ,ɵy,,˥
㜡,s,ʊ,ŋ,˥
㜢,,,,
㜣,ts,i:,n,˩˨
㜤,s,a:,m,˧˥
㜥,m,a:i,,˩˨
㜦,tsʰ,ɐ,m,˩˨
㜧,kʰ,y:,t,˧
㜨,,,,
㜩,,ou,,˧
㜪,s,a:,n,˥
㜫,m,ei,,˩˧
㜬,,,,
㜭,,,,
㜮,l,a:,m,˨
㜯,h,ei,,˥
㜰,ts,œ:,k,˨
㜱,ts,ɐ,t,˥
㜲,ts,ɪ,ŋ,˩˨
㜳,kw,a:i,,˥
㜴,m,ʊ,ŋ,˨
㜵,n,i:u,,˩˧
㜶,m,ɐ,n,˩˧
㜷,l,a:u,,˩˨
㜸,ts,i:,p,˨
㜹,kʰ,ɵy,,˩˨
㜺,ts,a:,n,˧˥
㜻,l,y:,n,˧˥
㜼,t,i:,p,˨
㜽,t,a:i,,˧˥
㜾,h,a:i,,˩˨
㜿,ts,ɵy,,˨
㝀,h,ou,,˧
㝁,kʰ,ɪ,ŋ,˩˨
㝂,tsʰ,a:,m,˩˨
㝃,h,ei,,˥
㝄,s,ɵ,n,˩˨
㝅,k,a:u,,˧
㝆,,,,
㝇,s,ɵ,n,˩˨
㝈,l,y:,n,˩˨
㝉,tsʰ,y:,,˩˧
㝊,s,ɐu,,˧˥
㝋,l,i:u,,˩˧
㝌,k,ɐu,,˧
㝍,s,ɛ:,,˧˥
㝎,t,ɪ,ŋ,˨
㝏,k,a:i,,˧
㝐,ts,ʊ,ŋ,˧˥
㝑,pʰ,ɔ:,ŋ,˩˨
㝒,k,ɵy,,˥
㝓,k,a:,p,˧
㝔,ts,i:u,,˧
㝕,f,ɐi,,˧
㝖,ts,i:,,˩˨
㝗,k,ɔ:,ŋ,˥
㝘,ts,ʊ,ŋ,˩˨
㝙,ts,a:,n,˩˨
㝚,,,,
㝛,s,ʊ,k,˥
㝜,s,ɪ,k,˥
㝝,l,ɐ,m,˩˨
㝞,,a:,,˥
㝟,m,ou,,˨
㝠,m,ɪ,ŋ,˩˨
㝡,ts,ɵy,,˧
㝢,ts,y:,,˩˧
㝣,,,,
㝤,k,ɐu,,˧
㝥,m,a:i,,˩˧
㝦,ts,ɵ,n,˧
㝧,w,ɐ,n,˧˥
㝨,,,,
㝩,h,ɔ:i,,˥
㝪,t,i:,m,˧
㝫,l,ʊ,ŋ,˩˨
㝬,,,,
㝭,s,ɪ,ŋ,˧˥
㝮,,,,
㝯,kʰ,i:u,,˩˨
㝰,m,a:,n,˩˧
㝱,m,ʊ,ŋ,˨
㝲,tsʰ,ɐ,m,˧˥
㝳,,,,
㝴,ts,y:,n,˩˨
㝵,t,a:,k,˥
㝶,t,ɐ,k,˥
㝷,,,,
㝸,p,ɛ:,ŋ,˧˥
㝹,,,,
㝺,l,i:,m,˩˨
㝻,k,ɐ,n,˧˥
㝼,ts,y:,,˥
㝽,tsʰ,ɐi,,˥
㝾,ts,ɔ:,,˧˥
㝿,p,ɔ:,,˧˥
㞀,f,u:i,,˥
㞁,ts,i:u,,˨
㞂,tʰ,ɵy,,˧˥
㞃,k,ɪ,k,˨
㞄,,a:,m,˥
㞅,kw,ɔ:,,˧˥
㞆,k,ei,,˥
㞇,w,a:i,,˧˥
㞈,p,u:i,,˨
㞉,ts,a:,t,˧
㞊,s,ɵ,t,˥
㞋,n,i:,n,˧˥
㞌,l,ɐi,,˥
㞍,,,,
㞎,p,a:,,˧˥
㞏,ts,a:,t,˨
㞐,k,ɵy,,˥
㞑,m,ei,,˩˧
㞒,,a:i,,˧
㞓,h,ɐi,,˥
㞔,j,i:,,˩˨
㞕,ŋ,a:,t,˨
㞖,tsʰ,i:,,˥
㞗,k,ɐu,,˥
㞘,t,ʊ,k,˥
㞙,n,i:u,,˨
㞚,kʰ,a:i,,˧
㞛,k,ei,,˧˥
㞜,tʰ,ɵy,,˥
㞝,,,,
㞞,,,,
㞟,t,i:,n,˨
㞠,l,i:u,,˩˨
㞡,ts,i:,n,˧˥
㞢,ts,i:,,˥
㞣,f,ɐ,n,˥
㞤,s,a:,m,˩˨
㞥,tsʰ,i:,p,˧
㞦,k,ei,,˧˥
㞧,w,u:i,,˨
㞨,ts,i:,,˥
㞩,l,a:,m,˩˨
㞪,m,ɐu,,˨
㞫,ts,a:u,,˧˥
㞬,,,,
㞭,t,a:i,,˨
㞮,,,,
㞯,ts,i:,t,˧
㞰,h,ɵy,,˧˥
㞱,tsʰ,ʊ,ŋ,˥
㞲,ts,ʊ,ŋ,˨
㞳,t,ɐu,,˧˥
㞴,tsʰ,i:,,˩˨
㞵,tʰ,ou,,˥
㞶,m,ɐ,n,˩˨
㞷,w,ɔ:,ŋ,˩˨
㞸,s,ɵy,,˧
㞹,h,ɔ:,,˧˥
㞺,ts,ʊ,k,˨
㞻,h,ou,,˨
㞼,n,i:,p,˨
㞽,h,y:,t,˧
㞾,n,ei,,˩˨
㞿,kʰ,ei,,˩˨
㟀,l,i:,n,˩˨
㟁,ŋ,ɐ,ŋ,˨
㟂,m,ou,,˩˧
㟃,s,i:,,˥
㟄,tsʰ,œ:,ŋ,˩˨
㟅,,ou,,˧˥
㟆,w,a:,,˩˨
㟇,tsʰ,ɔ:,,˩˨
㟈,kʰ,ɐu,,˩˨
㟉,l,ou,,˩˨
㟊,f,u:,,˥
㟋,t,ɵy,,˧
㟌,m,ɔ:,ŋ,˩˨
㟍,l,ɔ:,ŋ,˩˨
㟎,tʰ,ɔ:,,˩˧
㟏,h,ɐ,m,˩˨
㟐,m,ɔ:,ŋ,˩˧
㟑,p,u:,t,˨
㟒,kʰw,ɐ,n,˥
㟓,kʰ,ei,,˩˨
㟔,h,ɐ,m,˩˨
㟕,,,,
㟖,l,ʊ,ŋ,˨
㟗,p,ɐ,n,˥
㟘,tʰ,i:u,,˩˨
㟙,ts,a:,k,˨
㟚,kʰ,ei,,˩˨
㟛,ts,ɐ,n,˧˥
㟜,n,ei,,˩˨
㟝,pʰ,u:i,,˩˨
㟞,ts,ɐ,n,˧˥
㟟,h,ɔ:,ŋ,˧˥
㟠,k,ɔ:,ŋ,˥
㟡,,,,
㟢,kʰ,ei,,˩˨
㟣,,,,
㟤,l,ʊ,k,˨
㟥,tsʰ,a:,m,˥
㟦,w,ɐ,n,˨
㟧,h,ɔ:,n,˨
㟨,tsʰ,y:,n,˩˨
㟩,m,ɐ,n,˩˨
㟪,w,a:i,,˥
㟫,tsʰ,y:,n,˩˨
㟬,s,a:u,,˧˥
㟭,m,ɐ,n,˩˨
㟮,t,a:,t,˨
㟯,,,,
㟰,m,ɪ,ŋ,˩˧
㟱,ŋ,ɐu,,˩˧
㟲,ts,y:,n,˩˨
㟳,k,ɐ,k,˧
㟴,f,ɐi,,˧
㟵,k,ɔ:,ŋ,˥
㟶,ts,y:,n,˩˨
㟷,t,ɐ,p,˧
㟸,k,ou,,˥
㟹,l,i:u,,˩˨
㟺,l,a:u,,˩˨
㟻,tsʰ,i:,m,˧
㟼,ŋ,ou,,˩˨
㟽,p,i:u,,˧˥
㟾,ts,ʊ,ŋ,˩˨
㟿,m,ɔ:,ŋ,˩˧
㠀,t,ou,,˧˥
㠁,tsʰ,a:,m,˥
㠂,ŋ,ou,,˩˨
㠃,,,,
㠄,ts,a:,p,˨
㠅,f,ʊ,k,˥
㠆,t,a:,n,˥
㠇,ts,ɐu,,˨
㠈,ts,ɵ,n,˨
㠉,h,i:u,,˥
㠊,kʰ,ɵy,,˥
㠋,ŋ,ɔ:,k,˨
㠌,h,ei,,˥
㠍,tsʰ,a:,p,˥
㠎,ts,a:,p,˨
㠏,kw,a:i,,˧
㠐,tsʰ,a:,,˩˨
㠑,ts,ɵy,,˨
㠒,p,i:u,,˧˥
㠓,m,ʊ,ŋ,˩˨
㠔,p,ɐi,,˧
㠕,w,a:i,,˩˧
㠖,ts,i:,,˩˨
㠗,p,ei,,˥
㠘,ts,ɵy,,˨
㠙,h,ou,,˩˨
㠚,t,ɵy,,˧
㠛,,,,
㠜,ts,ɪ,k,˨
㠝,tsʰ,y:,n,˩˨
㠞,,,,
㠟,l,ɐi,,˩˨
㠠,l,ou,,˩˨
㠡,m,ʊ,k,˨
㠢,w,ɐi,,˩˨
㠣,l,ɪ,k,˨
㠤,,,,
㠥,l,ɵy,,˨
㠦,f,ʊ,ŋ,˥
㠧,m,ei,,˩˧
㠨,kw,a:,t,˥
㠩,f,ɔ:,ŋ,˥
㠪,k,ɵy,,˨
㠫,,,,
㠬,,,,
㠭,ts,i:,n,˧˥
㠮,pʰ,ɐ,ŋ,˥
㠯,ts,y:,,˩˧
㠰,,,,
㠱,k,ei,,˨
㠲,p,a:,t,˨
㠳,,,,
㠴,ts,a:,n,˨
㠵,f,ɔ:,ŋ,˥
㠶,f,a:,n,˩˨
㠷,k,ɔ:,k,˧
㠸,f,u:,,˧
㠹,k,a:i,,˧
㠺,s,a:,,˥
㠻,h,ei,,˥
㠼,s,i:,,˥
㠽,tʰ,ʊ,ŋ,˩˨
㠾,ts,y:,n,˥
㠿,ts,i:,,˥
㡀,p,ɐi,,˨
㡁,kʰ,ɐi,,˧˥
㡂,l,ɐi,,˨
㡃,f,ɔ:,ŋ,˥
㡄,s,ɵ,n,˥
㡅,n,ɔ:,,˩˧
㡆,f,ɔ:,ŋ,˥
㡇,ts,i:,p,˧
㡈,m,ɐ,n,˨
㡉,ts,i:,n,˩˨
㡊,h,a:,p,˥
㡋,ts,i:,m,˥
㡌,m,ou,,˨
㡍,,,,
㡎,s,a:,m,˥
㡏,s,ɔ:,,˥
㡐,ts,i:,n,˥
㡑,h,ɐu,,˥
㡒,ts,ɵ,n,˥
㡓,kʰw,a:,n,˥
㡔,m,ou,,˨
㡕,ts,ɪ,ŋ,˥
㡖,tsʰ,ɔ:,ŋ,˩˨
㡗,tʰ,ɐi,,˩˨
㡘,l,i:,m,˩˨
㡙,p,ei,,˥
㡚,h,a:,t,˨
㡛,m,ɔ:,ŋ,˩˨
㡜,s,y:,t,˧
㡝,f,ʊ,ŋ,˨
㡞,l,a:u,,˩˨
㡟,ts,ou,,˥
㡠,ts,ɪ,ŋ,˧
㡡,tsʰ,y:,,˩˨
㡢,m,a:,n,˨
㡣,l,ʊ,ŋ,˩˨
㡤,,,,
㡥,ts,a:,n,˧˥
㡦,p,a:,n,˥
㡧,tsʰ,œ:,ŋ,˥
㡨,tsʰ,i:,n,˥
㡩,l,y:,n,˩˨
㡪,,,,
㡫,ts,i:,,˧
㡬,,,,
㡭,k,ɐi,,˧
㡮,k,a:,p,˨
㡯,t,ɔ:,k,˨
㡰,ts,y:,,˩˧
㡱,k,a:u,,˧
㡲,w,a:,n,˩˨
㡳,ts,i:,,˧˥
㡴,kʰ,a:,p,˥
㡵,l,ɪ,ŋ,˩˨
㡶,ts,i:,,˧˥
㡷,p,u:,n,˧˥
㡸,ts,a:,,˧
㡹,ts,ɵy,,˥
㡺,t,a:,n,˧
㡻,l,i:u,,˨
㡼,ts,i:,,˨
㡽,ts,i:u,,˨
㡾,h,a:,n,˨
㡿,tsʰ,ɪ,k,˥
㢀,tsʰ,i:,,˧
㢁,tsʰ,i:,,˧˥
㢂,ts,i:,m,˩˧
㢃,l,ɔ:,ŋ,˩˨
㢄,tsʰ,i:,m,˥
㢅,l,ʊ,ŋ,˨
㢆,tsʰ,i:,n,˩˨
㢇,,,,
㢈,tʰ,ɵy,,˩˨
㢉,tsʰ,a:,,˩˨
㢊,,a:i,,˧˥
㢋,tsʰ,i:,,˧˥
㢌,,,,
㢍,ts,ɪ,ŋ,˧˥
㢎,tsʰ,ɐ,p,˧
㢏,tʰ,ɐu,,˩˨
㢐,,,,
㢑,tʰ,ɵy,,˩˨
㢒,tsʰ,a:,,˩˨
㢓,ts,œ:,ŋ,˧
㢔,tsʰ,ʊ,ŋ,˥
㢕,ts,ʊ,ŋ,˥
㢖,pʰ,u:,n,˥
㢗,h,i:u,,˥
㢘,h,i:,m,˧
㢙,k,a:,n,˧˥
㢚,l,ou,,˩˧
㢛,ts,i:,m,˨
㢜,kʰ,ɔ:,ŋ,˧˥
㢝,s,ou,,˥
㢞,ts,i:,,˨
㢟,tsʰ,i:,n,˧˥
㢠,kw,ɪ,ŋ,˧˥
㢡,tsʰ,ɵy,,˥
㢢,,,,
㢣,kʰ,ɪ,ŋ,˩˨
㢤,,,,
㢥,t,ʊ,ŋ,˨
㢦,k,ɔ:,,˥
㢧,k,y:,n,˧˥
㢨,h,ɔ:,n,˨
㢩,t,ɪ,k,˥
㢪,w,u:,,˥
㢫,,,,
㢬,w,ɐ,ŋ,˩˨
㢭,tʰ,ou,,˥
㢮,tsʰ,i:,,˩˨
㢯,t,ɵ,n,˥
㢰,p,ei,,˨
㢱,,,,
㢲,s,a:,n,˥
㢳,l,ou,,˩˨
㢴,s,ɐi,,˥
㢵,h,i:,p,˧
㢶,p,ɐ,t,˨
㢷,,,,
㢸,p,a:,t,˨
㢹,,,,
㢺,ts,i:,n,˧˥
㢻,w,a:i,,˧˥
㢼,p,i:,t,˧
㢽,n,ei,,˨
㢾,k,y:,n,˧
㢿,,,,
㣀,ts,ɐ,n,˧
㣁,p,a:i,,˧
㣂,ts,ɪ,k,˨
㣃,ts,ʊ,k,˨
㣄,kʰ,ɵy,,˩˨
㣅,ts,ɐ,m,˥
㣆,n,ei,,˩˨
㣇,tsʰ,a:,,˧
㣈,s,i:,,˧
㣉,k,ʊ,ŋ,˥
㣊,,,,
㣋,t,a:,n,˥
㣌,s,a:,m,˧
㣍,tsʰ,i:u,,˥
㣎,m,ɐ,n,˨
㣏,ts,ɪ,ŋ,˨
㣐,p,i:,n,˧
㣑,ts,ʊ,ŋ,˩˨
㣒,s,a:,ŋ,˧
㣓,tsʰ,a:,n,˧
㣔,t,ɪ,ŋ,˥
㣕,,,,
㣖,,,,
㣗,,,,
㣘,kʰ,ɵy,,˥
㣙,t,ɛ:,k,˨
㣚,tʰ,ʊ,ŋ,˧˥
㣛,t,ɐ,p,˨
㣜,h,a:,ŋ,˩˨
㣝,s,ʊ,ŋ,˥
㣞,t,y:,t,˨
㣟,h,ei,,˧
㣠,tʰ,ou,,˩˨
㣡,,,,
㣢,t,a:i,,˥
㣣,s,a:,m,˧˥
㣤,tsʰ,i:,n,˩˧
㣥,ts,i:,,˨
㣦,w,ɐi,,˥
㣧,ts,a:,n,˨
㣨,,,,
㣩,,,,
㣪,w,u:,n,˨
㣫,t,ʊ,ŋ,˧˥
㣬,tsʰ,ɐ,p,˥
㣭,ts,ʊ,ŋ,˥
㣮,,,,
㣯,s,i:,t,˧
㣰,s,ɪ,k,˥
㣱,ts,ɐ,k,˧
㣲,m,ei,,˩˨
㣳,,,,
㣴,,,,
㣵,tʰ,a:,t,˧
㣶,ts,i:,n,˥
㣷,n,ɪ,ŋ,˨
㣸,,,,
㣹,,,,
㣺,s,ɐ,m,˥
㣻,ŋ,ɐi,,˨
㣼,ts,a:,n,˧˥
㣽,s,y:,,˧
㣾,tsʰ,a:,,˧
㣿,tsʰ,œ:,k,˧
㤀,,,,
㤁,tʰ,i:,m,˧˥
㤂,k,ɐ,p,˥
㤃,f,ɔ:,ŋ,˥
㤄,pʰ,u:i,,˧
㤅,,ɔ:i,,˧
㤆,f,a:,n,˧˥
㤇,,ou,,˧˥
㤈,s,a:,m,˧
㤉,kʰ,a:,,˧
㤊,h,a:u,,˨
㤋,f,ɐ,n,˥
㤌,k,a:,m,˥
㤍,t,i:u,,˨
㤎,k,ɔ:,,˥
㤏,tʰ,ʊ,ŋ,˩˨
㤐,tʰ,i:,p,˧
㤑,ts,a:u,,˨
㤒,k,ou,,˥
㤓,p,ɐ,n,˨
㤔,f,u:,,˨
㤕,ts,ɵ,t,˥
㤖,tsʰ,y:,,˩˧
㤗,,,,
㤘,ts,a:u,,˧
㤙,ts,a:,n,˥
㤚,h,ɔ:,ŋ,˧˥
㤛,ts,a:,m,˨
㤜,kʰ,y:,t,˧
㤝,tsʰ,ʊ,ŋ,˥
㤞,tsʰ,a:,,˧
㤟,kʰ,ʊ,ŋ,˧˥
㤠,l,a:u,,˩˨
㤡,l,ɐi,,˨
㤢,ts,ʊ,k,˥
㤣,pʰ,a:,ŋ,˥
㤤,ts,y:,,˩˨
㤥,h,ɔ:i,,˨
㤦,l,ei,,˨
㤧,h,ɐu,,˩˨
㤨,k,ʊ,ŋ,˧˥
㤩,kʰ,ɔ:,k,˧
㤪,w,ɐ,n,˩˨
㤫,t,a:,k,˥
㤬,w,ɐi,,˨
㤭,k,i:u,,˥
㤮,kw,ɔ:,ŋ,˧˥
㤯,kw,ɪ,ŋ,˧˥
㤰,ts,ɔ:,k,˧
㤱,f,u:,,˧
㤲,h,ɐ,p,˨
㤳,p,a:,k,˥
㤴,tsʰ,ɐ,p,˧
㤵,tsʰ,i:,,˩˨
㤶,pʰ,ɔ:,ŋ,˩˨
㤷,h,a:,m,˩˨
㤸,ts,ɪ,k,˥
㤹,k,a:u,,˧
㤺,f,ɔ:,ŋ,˧˥
㤻,n,ɐ,n,˧˥
㤼,,,,
㤽,tsʰ,ɐu,,˩˨
㤾,s,ɐ,n,˧
㤿,j,i:,m,˥
㥀,t,a:,k,˥
㥁,t,ɐ,k,˥
㥂,tʰ,ɪ,k,˥
㥃,m,u:,n,˨
㥄,l,ɪ,ŋ,˩˨
㥅,s,ɐu,,˨
㥆,tʰ,ɵy,,˧
㥇,tsʰ,ɐ,n,˥
㥈,t,i:,p,˨
㥉,pʰ,ei,,˥
㥊,pʰ,ɐ,ŋ,˩˨
㥋,ts,i:,,˥
㥌,k,ʊ,k,˥
㥍,k,ei,,˨
㥎,l,a:i,,˩˨
㥏,tʰ,i:,n,˧˥
㥐,ts,y:,n,˧
㥑,ts,a:u,,˥
㥒,tsʰ,ɔ:i,,˧˥
㥓,ts,i:,,˧˥
㥔,ts,ʊ,k,˨
㥕,l,i:,n,˩˨
㥖,tsʰ,ʊ,ŋ,˥
㥗,,,,
㥘,,,,
㥙,,,,
㥚,ts,y:,,˩˨
㥛,k,ɪ,k,˨
㥜,s,y:,t,˧
㥝,m,a:i,,˩˧
㥞,s,ɵy,,˨
㥟,kʰw,a:i,,˩˨
㥠,s,ɵy,,˥
㥡,h,ei,,˧
㥢,ts,a:u,,˥
㥣,w,ɐi,,˨
㥤,k,ɪ,ŋ,˥
㥥,ts,y:,,˩˨
㥦,h,ɵy,,˧
㥧,s,ɵ,n,˨
㥨,tsʰ,ɵy,,˩˨
㥩,t,ɔ:,,˧˥
㥪,l,ɐu,,˩˨
㥫,t,ɵ,n,˥
㥬,pʰ,ɔ:,ŋ,˩˨
㥭,tʰ,a:i,,˧
㥮,ts,a:u,,˧
㥯,ts,a:,n,˧˥
㥰,s,ou,,˥
㥱,f,ei,,˧˥
㥲,tsʰ,ɐ,n,˥
㥳,ts,y:,n,˩˨
㥴,ts,i:,,˩˨
㥵,w,a:,n,˩˨
㥶,s,ɐ,k,˥
㥷,,a:i,,˧
㥸,m,ɐ,n,˩˧
㥹,p,a:,n,˥
㥺,h,ɐ,p,˨
㥻,,,,
㥼,ts,a:,n,˧˥
㥽,tsʰ,a:,k,˧
㥾,n,ɪ,k,˥
㥿,ŋ,ou,,˨
㦀,f,ʊ,ŋ,˩˨
㦁,l,i:,n,˩˨
㦂,s,œ:,ŋ,˩˨
㦃,tsʰ,ɐ,n,˧˥
㦄,m,a:,,˩˨
㦅,t,a:i,,˧
㦆,f,u:,,˥
㦇,l,ʊ,k,˨
㦈,,,,
㦉,tsʰ,i:,,˧˥
㦊,w,a:,,˩˨
㦋,tsʰ,a:,,˥
㦌,f,ɐ,t,˥
㦍,ŋ,ɔ:,k,˨
㦎,w,a:,k,˨
㦏,s,ɵ,n,˧˥
㦐,n,ei,,˨
㦑,h,a:,m,˥
㦒,l,a:i,,˩˨
㦓,ts,i:,n,˨
㦔,ts,i:,m,˥
㦕,l,ʊ,ŋ,˩˨
㦖,m,u:,n,˨
㦗,k,a:,m,˥
㦘,k,ɪ,k,˥
㦙,,,,
㦚,p,i:,n,˧˥
㦛,ts,y:,,˩˧
㦜,w,a:,,˨
㦝,p,ɔ:,k,˨
㦞,tsʰ,ɐu,,˩˨
㦟,f,ɐ,t,˧
㦠,,,,
㦡,l,ɔ:,k,˧
㦢,ts,i:,t,˧
㦣,,ɐ,t,˧
㦤,ts,i:,,˧
㦥,h,y:,n,˥
㦦,h,ɐ,k,˥
㦧,tsʰ,a:,m,˧˥
㦨,l,a:,n,˩˧
㦩,ts,a:,n,˧˥
㦪,,,,
㦫,ts,a:,t,˧
㦬,l,ɔ:,,˧˥
㦭,l,ɪ,ŋ,˩˨
㦮,tsʰ,i:,n,˩˨
㦯,w,a:,k,˨
㦰,tsʰ,i:,m,˥
㦱,ŋ,ɔ:,,˩˧
㦲,ts,ɔ:i,,˥
㦳,,,,
㦴,k,a:,k,˧
㦵,ts,y:,,˥
㦶,t,i:,t,˨
㦷,ts,ʊ,ŋ,˩˧
㦸,k,ɪ,k,˥
㦹,m,a:i,,˩˧
㦺,ts,ʊ,k,˨
㦻,ts,a:,p,˨
㦼,,,,
㦽,k,ʊ,k,˥
㦾,ts,i:,,˩˨
㦿,h,a:,ŋ,˨
㧀,k,ɐ,p,˨
㧁,h,ɵy,,˧
㧂,tʰ,i:,n,˩˨
㧃,s,ɐu,,˥
㧄,kʰ,a:u,,˩˨
㧅,m,ʊ,k,˨
㧆,k,a:,n,˥
㧇,m,ou,,˩˧
㧈,ts,a:,n,˩˧
㧉,kʰ,ɔ:i,,˧
㧊,pʰ,u:,t,˧
㧋,,,,
㧌,m,ou,,˨
㧍,f,ɔ:,ŋ,˧˥
㧎,ŋ,a:,,˩˨
㧏,k,ɔ:,ŋ,˥
㧐,s,ʊ,ŋ,˧˥
㧑,f,ɐi,,˥
㧒,l,ɵ,t,˨
㧓,kw,a:,,˥
㧔,kw,ɐi,,˧
㧕,l,ɐu,,˩˧
㧖,,a:,k,˥
㧗,tsʰ,i:,,˧˥
㧘,ts,i:,,˧
㧙,p,i:,t,˥
㧚,ŋ,a:,,˩˧
㧛,h,i:,n,˥
㧜,l,a:,p,˧
㧝,k,a:,,˥
㧞,,,,
㧟,kʰw,a:i,,˩˧
㧠,,,,
㧡,h,ɔ:i,,˨
㧢,ts,a:,n,˥
㧣,ts,y:,,˥
㧤,tsʰ,ʊ,ŋ,˧
㧥,s,i:,n,˧˥
㧦,kw,a:,ŋ,˥
㧧,s,ɔ:,,˥
㧨,kʰ,ɐu,,˩˨
㧩,pʰ,u:i,,˧
㧪,kw,a:i,,˧˥
㧫,ts,i:,,˩˨
㧬,ŋ,ʊ,ŋ,˧˥
㧭,kʰ,ʊ,ŋ,˩˨
㧮,p,ɐ,k,˨
㧯,l,ou,,˩˧
㧰,l,ɪ,k,˨
㧱,n,a:,,˩˨
㧲,s,ɐ,m,˧˥
㧳,p,ɐi,,˥
㧴,ŋ,ɔ:,,˩˧
㧵,p,ɐu,,˧˥
㧶,h,ɐ,ŋ,˥
㧷,t,a:u,,˧˥
㧸,pʰ,a:,ŋ,˥
㧹,tʰ,ɪ,k,˥
㧺,t,ɐ,p,˨
㧻,t,œ:,k,˧
㧼,p,i:u,,˧˥
㧽,k,u:,,˧
㧾,f,ɐ,t,˥
㧿,tsʰ,œ:,ŋ,˥
㨀,p,ɪ,ŋ,˧˥
㨁,tsʰ,i:,,˩˧
㨂,tsʰ,ɛ:,,˥
㨃,tsʰ,ɐ,ŋ,˩˨
㨄,ts,i:u,,˨
㨅,n,ɔ:i,,˨
㨆,l,ɐ,m,˩˧
㨇,f,ʊ,k,˨
㨈,ts,ɐi,,˥
㨉,m,a:,n,˩˧
㨊,w,a:i,,˩˨
㨋,ts,ɛ:,,˧˥
㨌,k,ɐu,,˧
㨍,p,ɔ:,ŋ,˥
㨎,ts,y:,,˩˨
㨏,tʰ,a:,n,˥
㨐,p,ʊ,k,˥
㨑,ts,ʊ,ŋ,˥
㨒,f,u:i,,˥
㨓,l,ou,,˩˨
㨔,h,a:,m,˨
㨕,ts,ɪ,ŋ,˩˨
㨖,ts,ɐ,t,˥
㨗,ts,i:,t,˨
㨘,s,a:,ŋ,˧˥
㨙,h,a:i,,˩˨
㨚,s,ɵ,n,˥
㨛,s,i:,m,˧˥
㨜,kʰ,i:,n,˩˨
㨝,s,i:,p,˧
㨞,s,ou,,˧
㨟,k,ɔ:i,,˥
㨠,m,ɪ,k,˨
㨡,w,a:,n,˩˨
㨢,n,ɐ,ŋ,˧
㨣,,,,
㨤,kʰw,a:i,,˩˧
㨥,n,ɐ,p,˨
㨦,s,ʊ,ŋ,˧˥
㨧,p,u:,n,˧˥
㨨,tsʰ,ɐu,,˥
㨩,ts,i:,t,˨
㨪,f,ɔ:,ŋ,˧˥
㨫,l,ɐ,m,˩˨
㨬,,,,
㨭,w,u:,,˨
㨮,t,ɐu,,˥
㨯,kw,ɔ:,k,˧
㨰,kw,a:,n,˧˥
㨱,ts,i:u,,˩˨
㨲,tsʰ,a:,k,˧
㨳,kw,a:i,,˧˥
㨴,k,i:,n,˧
㨵,ts,i:,n,˧˥
㨶,t,ou,,˧˥
㨷,k,a:,m,˧
㨸,p,ei,,˧
㨹,w,ɐi,,˨
㨺,m,i:,n,˩˧
㨻,tsʰ,ɐ,m,˧
㨼,l,œ:,k,˨
㨽,p,a:,t,˨
㨾,ts,œ:,ŋ,˨
㨿,k,ei,,˥
㩀,k,œ:,ŋ,˧
㩁,kʰ,ɔ:,k,˧
㩂,,,,
㩃,,,,
㩄,s,a:i,,˥
㩅,tsʰ,ɐu,,˥
㩆,ts,a:u,,˨
㩇,w,a:,k,˨
㩈,kʰw,a:,n,˥
㩉,l,ɐi,,˥
㩊,s,y:,n,˥
㩋,s,ʊ,k,˥
㩌,f,a:i,,˧
㩍,tsʰ,a:,k,˧
㩎,ts,i:,p,˧
㩏,,,,
㩐,,,,
㩑,,,,
㩒,k,ɐ,m,˨
㩓,w,ɐi,,˧˥
㩔,tʰ,y:,n,˩˨
㩕,l,ɪ,ŋ,˥
㩖,kʰ,œ:,ŋ,˩˨
㩗,kʰw,ɐi,,˩˨
㩘,h,ei,,˥
㩙,n,i:,m,˧˥
㩚,m,ʊ,ŋ,˩˨
㩛,f,a:,,˥
㩜,k,a:,m,˧
㩝,h,ou,,˩˨
㩞,tsʰ,a:,k,˧
㩟,ts,a:i,,˨
㩠,,ou,,˥
㩡,l,ɔ:,,˧˥
㩢,m,a:i,,˩˨
㩣,p,ʊ,k,˥
㩤,f,u:,,˥
㩥,tsʰ,ɐ,m,˧˥
㩦,kʰw,ɐi,,˩˨
㩧,p,ɔ:,k,˥
㩨,w,ɐi,,˨
㩩,kʰ,ɪ,ŋ,˧˥
㩪,kʰ,i:,t,˧
㩫,,,,
㩬,h,ei,,˥
㩭,k,a:u,,˧˥
㩮,kʰ,i:,n,˩˨
㩯,pʰ,u:,n,˩˨
㩰,ts,i:u,,˧˥
㩱,ts,œ:,k,˧
㩲,f,u:,n,˥
㩳,s,ʊ,ŋ,˧˥
㩴,k,ʊ,k,˨
㩵,ŋ,ɔ:,k,˨
㩶,n,i:,p,˨
㩷,,,,
㩸,t,i:,p,˨
㩹,t,i:,p,˨
㩺,pʰ,ei,,˥
㩻,h,ɐi,,˧˥
㩼,ts,i:,,˥
㩽,tsʰ,ɪ,k,˥
㩾,ts,ɵy,,˥
㩿,kw,a:,t,˨
㪀,ts,y:,,˥
㪁,kʰ,ɐ,m,˩˨
㪂,f,a:,t,˥
㪃,h,ɔ:,,˥
㪄,f,a:,t,˥
㪅,k,a:,ŋ,˥
㪆,t,ɐi,,˧˥
㪇,s,i:,n,˧
㪈,kw,ɐi,,˧
㪉,h,ɐ,p,˨
㪊,kʰw,ɐ,n,˩˨
㪋,h,ɔ:,n,˨
㪌,tʰ,ɔ:,ŋ,˧˥
㪍,p,u:,t,˨
㪎,s,i:,m,˧˥
㪏,p,ei,,˧˥
㪐,l,ʊ,k,˨
㪑,ts,i:,p,˨
㪒,ŋ,a:i,,˩˨
㪓,tsʰ,ɐi,,˩˨
㪔,s,a:,n,˧
㪕,t,i:u,,˨
㪖,l,ʊ,k,˨
㪗,tʰ,ɐu,,˧˥
㪘,l,i:,m,˩˧
㪙,f,ɔ:,,˧˥
㪚,s,ɐ,n,˧
㪛,ts,a:,m,˥
㪜,tsʰ,ɵy,,˧˥
㪝,l,i:,n,˨
㪞,m,ou,,˨
㪟,t,ɵ,n,˥
㪠,h,i:,m,˧
㪡,h,ɔ:,t,˧
㪢,s,a:u,,˧˥
㪣,h,ɐu,,˥
㪤,p,a:,t,˥
㪥,ts,a:,,˥
㪦,ts,a:,n,˩˧
㪧,kʰ,a:,p,˥
㪨,s,a:,m,˥
㪩,t,ʊ,k,˨
㪪,s,a:,,˥
㪫,ts,ɵy,,˨
㪬,tsʰ,œ:,k,˧
㪭,l,ou,,˩˨
㪮,l,ɪ,ŋ,˩˨
㪯,k,ɵy,,˧˥
㪰,ts,a:i,,˥
㪱,kʰ,u:,t,˧
㪲,,,,
㪳,,,,
㪴,k,ɐ,t,˧
㪵,p,u:,n,˧
㪶,h,ʊ,k,˨
㪷,t,ɐu,,˧˥
㪸,tsʰ,a:,m,˧˥
㪹,l,a:u,,˧˥
㪺,,,,
㪻,k,y:,n,˧
㪼,h,ɔ:,,˧˥
㪽,s,ɔ:,,˧˥
㪾,l,ɔ:,k,˧
㪿,ts,i:,t,˧
㫀,t,ɪ,ŋ,˧˥
㫁,t,y:,n,˨
㫂,ts,y:,,˧
㫃,ts,i:,n,˧˥
㫄,pʰ,ɔ:,ŋ,˩˨
㫅,kʰ,ei,,˩˨
㫆,,,,
㫇,,,,
㫈,,,,
㫉,,,,
㫊,ts,i:,,˧˥
㫋,ts,i:,n,˥
㫌,,,,
㫍,ts,a:u,,˩˨
㫎,f,ɐi,,˥
㫏,m,i:u,,˩˧
㫐,m,i:u,,˩˧
㫑,s,i:,,˩˨
㫒,k,ʊ,ŋ,˥
㫓,h,ei,,˧
㫔,k,ɐ,n,˧
㫕,kw,ɔ:,ŋ,˥
㫖,,,,
㫗,h,ɐu,,˩˧
㫘,m,ɐ,t,˨
㫙,f,u:,,˩˨
㫚,f,ɐ,t,˥
㫛,kw,ɔ:,ŋ,˧˥
㫜,tʰ,a:,n,˧˥
㫝,t,ɐi,,˥
㫞,tʰ,ou,,˥
㫟,ts,y:,n,˩˨
㫠,,,,
㫡,t,ʊ,ŋ,˥
㫢,h,ɵy,,˧
㫣,,,,
㫤,tsʰ,ɔ:,ŋ,˧˥
㫥,m,ɪ,ŋ,˩˨
㫦,tʰ,ou,,˥
㫧,p,ɔ:,k,˧
㫨,,ɔ:,n,˥
㫩,tsʰ,ɵ,n,˥
㫪,ts,ʊ,ŋ,˥
㫫,h,i:,n,˧˥
㫬,,,,
㫭,,,,
㫮,,,,
㫯,m,ou,,˨
㫰,l,ɔ:,ŋ,˩˧
㫱,n,ɐ,n,˩˧
㫲,p,u:,t,˨
㫳,s,ɐ,n,˩˨
㫴,h,ɐu,,˥
㫵,f,ei,,˥
㫶,ts,ɐu,,˧˥
㫷,k,ei,,˥
㫸,tsʰ,i:,p,˧
㫹,tsʰ,ʊ,k,˥
㫺,s,ɪ,k,˥
㫻,kʰw,a:,n,˧
㫼,ts,a:i,,˧
㫽,l,ʊ,k,˨
㫾,,,,
㫿,,,,
㬀,,,,
㬁,tsʰ,a:,p,˧
㬂,ts,y:,,˩˨
㬃,tʰ,ɔ:i,,˩˨
㬄,m,a:,,˨
㬅,m,a:,n,˨
㬆,m,ɐ,n,˩˧
㬇,w,u:,n,˨
㬈,w,ɐ,n,˥
㬉,h,y:,n,˥
㬊,w,u:,n,˨
㬋,h,ɐu,,˩˨
㬌,k,ɪ,ŋ,˧˥
㬍,p,ɔ:,k,˧
㬎,h,i:,n,˧˥
㬏,l,ɪ,k,˨
㬐,ts,ɵ,n,˧
㬑,,,,
㬒,m,ɔ:,ŋ,˩˧
㬓,pʰ,ɐu,,˥
㬔,h,ou,,˩˨
㬕,ts,œ:,ŋ,˩˨
㬖,,,,
㬗,ts,i:,n,˧˥
㬘,s,ʊ,k,˥
㬙,w,ɐi,,˩˧
㬚,tsʰ,i:,t,˧
㬛,kʰ,ɐ,p,˥
㬜,ts,ɵ,n,˧
㬝,tsʰ,ɐ,ŋ,˩˨
㬞,h,ɔ:,t,˧
㬟,,,,
㬠,s,ɐi,,˧
㬡,l,ɪ,ŋ,˩˨
㬢,f,u:i,,˥
㬣,t,ɵy,,˧
㬤,ts,a:,p,˥
㬥,p,ʊ,k,˨
㬦,,,,
㬧,p,ɔ:,k,˧
㬨,,,,
㬩,w,a:i,,˨
㬪,t,i:,p,˨
㬫,ts,i:,n,˧
㬬,,ɐ,k,˥
㬭,ts,i:u,,˧
㬮,n,ɐ,n,˨
㬯,l,i:,t,˨
㬰,ts,y:,,˩˨
㬱,tʰ,ɐi,,˧
㬲,tʰ,i:,m,˥
㬳,ŋ,,,˩˧
㬴,f,ʊ,ŋ,˧˥
㬵,k,a:u,,˥
㬶,h,ou,,˨
㬷,,,,
㬸,tʰ,i:u,,˥
㬹,ts,a:,ŋ,˥
㬺,,,,
㬻,p,a:,ŋ,˥
㬼,f,ʊ,k,˨
㬽,,,,
㬾,,,,
㬿,t,a:,n,˨
㭀,,,,
㭁,ts,ɪ,ŋ,˩˨
㭂,n,i:u,,˥
㭃,k,ɔ:,ŋ,˥
㭄,s,ɵ,n,˧
㭅,,,,
㭆,,,,
㭇,ts,y:,n,˧˥
㭈,kʰ,y:,t,˧
㭉,w,a:,,˩˨
㭊,s,ɪ,k,˥
㭋,p,ɐ,ŋ,˩˧
㭌,ts,y:,,˥
㭍,tsʰ,ɐ,t,˥
㭎,k,ɔ:,ŋ,˥
㭏,w,ɐi,,˩˧
㭐,,,,
㭑,m,u:i,,˨
㭒,ts,i:,,˧˥
㭓,p,i:,n,˨
㭔,l,ou,,˩˨
㭕,kʰ,ɵy,,˥
㭖,,,,
㭗,,,,
㭘,h,a:,p,˨
㭙,ts,a:,k,˨
㭚,l,ɵy,,˩˧
㭛,pʰ,a:i,,˧
㭜,ts,ʊ,ŋ,˩˨
㭝,kʰ,ɐu,,˩˨
㭞,l,y:,t,˧
㭟,k,ʊ,ŋ,˧˥
㭠,s,i:,n,˧˥
㭡,s,ɐi,,˧
㭢,h,ɪ,ŋ,˥
㭣,,,,
㭤,n,i:u,,˩˧
㭥,,,,
㭦,,,,
㭧,,,,
㭨,j,ɛ:,,˩˨
㭩,l,y:,t,˧
㭪,f,u:,,˥
㭫,tsʰ,ɔ:,,˩˨
㭬,tʰ,ou,,˩˧
㭭,p,a:,t,˧
㭮,tsʰ,y:,t,˧
㭯,tsʰ,i:,t,˧
㭰,ts,y:,,˥
㭱,h,a:,p,˨
㭲,k,ɪ,k,˨
㭳,,,,
㭴,k,i:,n,˥
㭵,,,,
㭶,,,,
㭷,,,,
㭸,tʰ,ou,,˩˨
㭹,ts,i:,n,˩˨
㭺,ts,i:,m,˧˥
㭻,tʰ,ɔ:,ŋ,˩˨
㭼,t,ɐ,p,˨
㭽,t,ɐi,,˧˥
㭾,kw,ɐ,t,˨
㭿,ŋ,ɔ:,ŋ,˩˨
㮀,h,a:,m,˩˨
㮁,ŋ,ɐu,,˩˨
㮂,k,ʊ,k,˥
㮃,w,ɐi,,˥
㮄,p,ɔ:,ŋ,˧˥
㮅,ts,ɵy,,˥
㮆,ts,i:,t,˨
㮇,tʰ,i:,m,˧
㮈,n,ɔ:i,,˨
㮉,,,,
㮊,,,,
㮋,ts,a:u,,˩˧
㮌,m,i:,n,˧˥
㮍,ts,i:,n,˥
㮎,p,u:i,,˥
㮏,n,ɔ:i,,˨
㮐,s,ɪ,ŋ,˧˥
㮑,tsʰ,a:,p,˧
㮒,ts,a:,n,˥
㮓,k,ɐ,ŋ,˧˥
㮔,tsʰ,ʊ,ŋ,˥
㮕,ts,y:,n,˩˧
㮖,k,ɐ,t,˧
㮗,kʰ,a:,n,˩˨
㮘,m,a:u,,˨
㮙,ŋ,ɔ:,k,˨
㮚,l,ɵ,t,˨
㮛,tsʰ,i:,,˩˨
㮜,ts,ɔ:,ŋ,˥
㮝,h,ɐ,t,˨
㮞,ts,i:,t,˧
㮟,n,i:,n,˩˧
㮠,,,,
㮡,k,u:,n,˧
㮢,h,ɐu,,˩˨
㮣,h,ʊ,k,˥
㮤,tsʰ,ʊ,ŋ,˩˨
㮥,f,a:,n,˩˧
㮦,s,ɔ:,k,˧
㮧,w,a:,t,˥
㮨,ts,ɪ,k,˥
㮩,s,ɪ,k,˥
㮪,kʰ,ʊ,ŋ,˩˨
㮫,h,a:,t,˨
㮬,ts,ʊ,ŋ,˥
㮭,h,ɐ,m,˩˨
㮮,k,i:,t,˧
㮯,w,ɐ,n,˩˨
㮰,pʰ,ei,,˩˨
㮱,s,ɪ,ŋ,˥
㮲,tsʰ,a:i,,˥
㮳,ts,a:,m,˨
㮴,s,ɐu,,˥
㮵,ts,i:,n,˥
㮶,s,ɐ,k,˧
㮷,k,ɐi,,˥
㮸,s,ʊ,ŋ,˧
㮹,ts,i:,,˧˥
㮺,p,u:,n,˧˥
㮻,,,,
㮼,,,,
㮽,,,,
㮾,l,ɔ:,ŋ,˩˧
㮿,p,i:,t,˥
㯀,s,y:,n,˩˨
㯁,pʰ,ɐ,ŋ,˩˧
㯂,t,a:i,,˧
㯃,tsʰ,ɐ,t,˥
㯄,ts,i:,,˥
㯅,p,ei,,˥
㯆,tsʰ,a:,n,˧˥
㯇,p,ɐi,,˨
㯈,tsʰ,ʊ,k,˥
㯉,w,ɔ:,k,˨
㯊,h,ɐ,n,˩˨
㯋,w,ɪ,ŋ,˨
㯌,tsʰ,y:,n,˩˨
㯍,ts,œ:,ŋ,˧
㯎,,,,
㯏,k,ʊ,k,˥
㯐,tʰ,ɵy,,˧˥
㯑,,,,
㯒,,,,
㯓,tʰ,a:,p,˧
㯔,tsʰ,ɵy,,˧
㯕,s,ɐi,,˥
㯖,t,a:,k,˥
㯗,h,a:,n,˩˨
㯘,f,u:,n,˧˥
㯙,tsʰ,i:,t,˧
㯚,t,a:,p,˧
㯛,w,u:,,˩˨
㯜,s,ɵy,,˨
㯝,l,ɵ,t,˨
㯞,k,y:,n,˧
㯟,l,ʊ,k,˥
㯠,ts,i:,n,˩˧
㯡,pʰ,ɐu,,˧
㯢,ts,ɐ,m,˨
㯣,f,ɐ,n,˥
㯤,l,ɪ,k,˨
㯥,tsʰ,ou,,˩˨
㯦,kʰ,ei,,˩˨
㯧,,,,
㯨,,,,
㯩,t,a:i,,˧
㯪,l,ɪ,ŋ,˩˨
㯫,kʰ,ɵy,,˩˨
㯬,l,i:,m,˩˧
㯭,l,ou,,˩˧
㯮,s,ʊ,k,˨
㯯,k,ʊ,ŋ,˧
㯰,tsʰ,i:,m,˥
㯱,pʰ,i:u,,˩˨
㯲,k,ɐ,m,˧
㯳,kʰ,ɪ,ŋ,˩˨
㯴,,,,
㯵,,,,
㯶,ts,ʊ,ŋ,˥
㯷,p,ʊ,k,˨
㯸,ts,ɵ,n,˧˥
㯹,p,i:u,,˥
㯺,l,ɐ,m,˨
㯻,kw,ɐ,n,˧˥
㯼,,,,
㯽,p,ɐ,n,˥
㯾,ts,ou,,˥
㯿,l,i:,p,˨
㰀,l,ɐi,,˩˨
㰁,l,ɔ:,,˧˥
㰂,s,ɐ,m,˧˥
㰃,m,i:,n,˩˨
㰄,ts,i:,n,˥
㰅,t,ɛ:,k,˨
㰆,p,ei,,˨
㰇,tsʰ,i:,m,˧
㰈,l,i:,m,˩˧
㰉,ts,ɵ,n,˥
㰊,tsʰ,a:,m,˩˨
㰋,pʰ,a:,n,˩˨
㰌,kw,ɔ:,k,˧
㰍,l,ʊ,ŋ,˩˨
㰎,ts,ɵy,,˧
㰏,k,ou,,˥
㰐,t,ɔ:,,˨
㰑,s,ɐ,n,˥
㰒,h,ɔ:,k,˨
㰓,,,,
㰔,s,i:,t,˧
㰕,h,ei,,˥
㰖,l,a:,m,˩˧
㰗,tsʰ,ɪ,k,˥
㰘,ts,i:,,˩˨
㰙,n,ɔ:,,˩˧
㰚,l,a:i,,˩˨
㰛,ŋ,ɔ:,k,˨
㰜,,,,
㰝,ts,y:,,˩˨
㰞,tsʰ,i:,,˥
㰟,k,ei,,˧
㰠,kʰ,ɔ:,ŋ,˧
㰡,h,ɐi,,˨
㰢,h,ɐ,ŋ,˥
㰣,ts,i:,,˧
㰤,kʰ,a:,,˧
㰥,w,a:i,,˧
㰦,h,ɵy,,˧
㰧,h,ɐi,,˨
㰨,h,ei,,˥
㰩,h,ɔ:i,,˥
㰪,w,a:,,˥
㰫,tsʰ,a:,m,˥
㰬,s,ɵ,n,˥
㰭,h,a:,p,˨
㰮,s,a:,n,˩˧
㰯,kʰ,a:u,,˧
㰰,h,ɐ,p,˨
㰱,tsʰ,i:,p,˧
㰲,ts,ʊ,k,˥
㰳,,a:,,˥
㰴,f,a:u,,˧˥
㰵,ts,ɵ,t,˥
㰶,ts,a:u,,˧˥
㰷,ts,i:,,˧
㰸,h,i:,m,˧
㰹,kʰ,a:,m,˩˧
㰺,h,a:,,˩˨
㰻,h,ei,,˥
㰼,h,ɐ,p,˨
㰽,h,i:,n,˧˥
㰾,k,i:u,,˧
㰿,h,ei,,˥
㱀,tsʰ,i:,,˧˥
㱁,s,i:,,˨
㱂,f,ɔ:,ŋ,˥
㱃,ts,a:,m,˧˥
㱄,k,ɐ,p,˧
㱅,ts,i:,,˧
㱆,h,ei,,˥
㱇,h,ei,,˥
㱈,tsʰ,i:,m,˧
㱉,ts,i:,p,˨
㱊,ts,a:u,,˥
㱋,kʰ,ɔ:,k,˧
㱌,tsʰ,i:,t,˧
㱍,l,y:,n,˩˨
㱎,kʰw,a:,n,˥
㱏,ts,ɪ,ŋ,˨
㱐,,,,
㱑,,,,
㱒,h,ɔ:,,˥
㱓,,,,
㱔,s,ɛ:,,˥
㱕,kw,ɐi,,˥
㱖,s,ɵy,,˨
㱗,ts,a:u,,˥
㱘,ts,i:,m,˥
㱙,p,a:i,,˨
㱚,tsʰ,ɐ,n,˥
㱛,tsʰ,y:,n,˧˥
㱜,ts,a:,t,˧
㱝,,,,
㱞,kʰ,a:,p,˥
㱟,pʰ,ei,,˥
㱠,f,u:,,˥
㱡,s,ɪ,ŋ,˥
㱢,l,ɔ:,ŋ,˩˨
㱣,tʰ,ɵy,,˧˥
㱤,s,ɛ:,k,˨
㱥,l,ɪ,ŋ,˩˨
㱦,k,ei,,˥
㱧,w,a:,t,˧
㱨,l,i:,m,˩˧
㱩,tsʰ,a:,n,˩˨
㱪,f,ɐ,n,˥
㱫,l,a:,n,˨
㱬,w,a:i,,˧˥
㱭,t,y:,n,˨
㱮,kʰ,u:i,,˧˥
㱯,k,ɔ:i,,˥
㱰,ts,ɔ:i,,˧˥
㱱,w,u:i,,˩˧
㱲,ts,ɪ,k,˥
㱳,m,ɔ:,k,˨
㱴,ts,i:,,˧
㱵,f,ɐ,n,˧
㱶,pʰ,ɐ,ŋ,˩˨
㱷,,,,
㱸,p,ɪ,k,˥
㱹,l,ɪ,k,˨
㱺,l,ou,,˩˨
㱻,l,ɔ:,,˧˥
㱼,h,ɔ:i,,˥
㱽,t,ɐ,m,˧˥
㱾,k,ɔ:i,,˥
㱿,kʰ,ɔ:,k,˧
㲀,t,a:i,,˧˥
㲁,h,ʊ,ŋ,˥
㲂,tsʰ,ɐ,ŋ,˧˥
㲃,k,a:u,,˧
㲄,h,ʊ,k,˥
㲅,k,ɐi,,˧
㲆,l,ɪ,ŋ,˩˨
㲇,tsʰ,i:,,˥
㲈,s,i:u,,˩˨
㲉,t,ɪ,k,˥
㲊,ts,ɵy,,˨
㲋,tsʰ,œ:,k,˧
㲌,n,ɪ,ŋ,˨
㲍,ts,i:,,˥
㲎,t,a:u,,˥
㲏,pʰ,i:u,,˩˧
㲐,,,,
㲑,,,,
㲒,p,ou,,˨
㲓,ts,ʊ,ŋ,˩˨
㲔,s,a:,n,˥
㲕,l,y:,t,˧
㲖,s,i:u,,˥
㲗,f,u:,,˥
㲘,kʰ,ɵy,,˩˨
㲙,s,a:u,,˥
㲚,s,a:,,˥
㲛,ts,i:,,˧˥
㲜,t,ɐ,m,˥
㲝,ts,ʊ,ŋ,˧˥
㲞,s,ɵ,t,˥
㲟,ts,ɪ,ŋ,˧˥
㲠,l,ei,,˩˨
㲡,n,ɔ:i,,˨
㲢,p,i:,n,˥
㲣,s,a:u,,˥
㲤,s,ɵy,,˥
㲥,tʰ,ɔ:,ŋ,˩˨
㲦,h,ɔ:,n,˨
㲧,tsʰ,ou,,˧
㲨,ts,ʊ,ŋ,˩˨
㲩,,,,
㲪,t,ɐ,ŋ,˥
㲫,p,ʊ,k,˨
㲬,ts,i:u,,˥
㲭,tʰ,ɐ,m,˧˥
㲮,,,,
㲯,ts,i:,m,˩˨
㲰,n,ɪ,ŋ,˩˨
㲱,l,i:,p,˨
㲲,t,i:,p,˨
㲳,t,i:,t,˨
㲴,ts,ʊ,ŋ,˧
㲵,s,i:u,,˥
㲶,l,ʊ,k,˨
㲷,t,a:,m,˨
㲸,kʰ,ɐ,p,˥
㲹,k,i:,p,˧
㲺,ts,ɪ,k,˥
㲻,n,ɪ,k,˨
㲼,ts,i:,,˨
㲽,ts,i:,n,˧˥
㲾,ts,y:,,˨
㲿,w,ɔ:,ŋ,˧˥
㳀,kw,ɔ:,,˧
㳁,ts,ɐ,k,˥
㳂,ts,y:,n,˩˨
㳃,tsʰ,ɵy,,˧
㳄,ts,i:,n,˩˨
㳅,l,a:u,,˩˨
㳆,tʰ,ʊ,ŋ,˧˥
㳇,f,u:,,˨
㳈,pʰ,u:i,,˥
㳉,,,,
㳊,ts,a:u,,˩˨
㳋,ts,a:u,,˥
㳌,,ɐ,t,˧
㳍,p,ou,,˧
㳎,p,i:,n,˨
㳏,s,a:i,,˨
㳐,m,i:u,,˩˧
㳑,ts,a:,t,˨
㳒,p,a:,,˥
㳓,,,,
㳔,t,ɵy,,˧
㳕,l,a:,n,˩˨
㳖,ts,i:,,˥
㳗,tsʰ,a:,,˧
㳘,tsʰ,ʊ,ŋ,˥
㳙,k,y:,n,˥
㳚,l,ɵ,t,˨
㳛,ts,y:,,˩˨
㳜,ts,a:u,,˥
㳝,h,ɔ:,ŋ,˥
㳞,tsʰ,ʊ,ŋ,˥
㳟,,,,
㳠,tʰ,a:,t,˧
㳡,kw,ɔ:,,˥
㳢,,,,
㳣,,,,
㳤,s,ʊ,k,˨
㳥,l,ʊ,ŋ,˨
㳦,h,a:i,,˨
㳧,ts,ɐ,p,˨
㳨,ts,a:,t,˧
㳩,tʰ,ɐ,n,˥
㳪,p,ei,,˧
㳫,t,ɐ,p,˨
㳬,s,y:,n,˩˨
㳭,ts,i:,n,˩˨
㳮,n,i:u,,˩˨
㳯,,,,
㳰,k,a:u,,˥
㳱,,,,
㳲,,,,
㳳,,,,
㳴,m,ɐ,t,˨
㳵,kw,ɐi,,˧
㳶,k,a:u,,˧
㳷,f,a:,t,˥
㳸,f,a:,,˥
㳹,w,ɔ:,ŋ,˧˥
㳺,ts,a:u,,˩˨
㳻,ts,a:,k,˧
㳼,p,ɐ,t,˥
㳽,m,ei,,˩˨
㳾,k,œ:,ŋ,˥
㳿,s,i:,t,˧
㴀,f,ɐ,n,˨
㴁,ts,a:,t,˨
㴂,t,ɐ,m,˥
㴃,l,ɵy,,˨
㴄,ts,ɪ,ŋ,˩˨
㴅,s,i:u,,˥
㴆,ts,ɐ,m,˧
㴇,m,ɔ:,ŋ,˩˨
㴈,ts,a:,n,˨
㴉,ts,a:i,,˧˥
㴊,ts,y:,n,˥
㴋,s,ʊ,k,˥
㴌,,,,
㴍,,,,
㴎,,,,
㴏,w,ɔ:,ŋ,˥
㴐,m,i:,n,˩˧
㴑,s,ou,,˧
㴒,ts,ɪ,k,˨
㴓,ts,a:i,,˧˥
㴔,kʰ,a:,p,˥
㴕,tsʰ,a:,p,˥
㴖,l,ɔ:,k,˨
㴗,ts,a:u,,˥
㴘,m,ou,,˨
㴙,ts,a:,,˧
㴚,s,ɵy,,˨
㴛,ts,i:,,˧
㴜,pʰ,i:,n,˧
㴝,l,ɐi,,˩˨
㴞,tsʰ,a:i,,˧
㴟,,,,
㴠,,,,
㴡,,,,
㴢,,,,
㴣,,,,
㴤,,,,
㴥,tsʰ,i:u,,˧
㴦,k,u:,n,˧
㴧,,,,
㴨,ts,ɐ,m,˨
㴩,ts,ʊ,ŋ,˧
㴪,ts,i:,p,˨
㴫,kw,a:,n,˨
㴬,ts,ɛ:,,˨
㴭,m,i:u,,˩˧
㴮,t,i:,p,˨
㴯,ts,i:,,˥
㴰,n,a:,ŋ,˩˨
㴱,s,ɐ,m,˥
㴲,s,i:,,˥
㴳,l,ʊ,ŋ,˩˧
㴴,ts,a:,m,˧
㴵,m,ɐ,t,˨
㴶,h,ʊ,k,˨
㴷,t,ɐ,m,˥
㴸,s,i:,m,˧˥
㴹,,,,
㴺,,,,
㴻,,,,
㴼,s,ʊ,k,˥
㴽,tsʰ,ɔ:,,˧
㴾,p,u:,t,˨
㴿,t,ɪ,ŋ,˧˥
㵀,ts,ʊ,k,˨
㵁,f,ɔ:,ŋ,˥
㵂,s,y:,,˧
㵃,s,ɛ:,,˩˨
㵄,h,ɔ:,n,˧
㵅,tʰ,ɐ,m,˥
㵆,h,ou,,˨
㵇,,,,
㵈,,,,
㵉,,,,
㵊,n,a:,,˩˨
㵋,m,ɪ,k,˨
㵌,tsʰ,ɵ,n,˩˨
㵍,m,u:,n,˨
㵎,k,a:,n,˧˥
㵏,tsʰ,ɵy,,˥
㵐,kʰ,y:,t,˧
㵑,h,ɔ:,,˨
㵒,f,ɐi,,˧
㵓,tʰ,i:,m,˥
㵔,t,ou,,˧˥
㵕,s,ɐ,m,˧
㵖,n,ɵy,,˧
㵗,pʰ,ɐ,ŋ,˩˨
㵘,m,a:,n,˨
㵙,tsʰ,ɪ,ŋ,˥
㵚,,,,
㵛,,,,
㵜,,,,
㵝,t,ɵy,,˧
㵞,s,ɐu,,˩˨
㵟,m,ei,,˩˨
㵠,f,a:,t,˥
㵡,p,ɔ:,k,˨
㵢,l,ɵy,,˩˨
㵣,h,ɔ:,t,˧
㵤,s,a:,p,˧
㵥,m,ɐ,t,˨
㵦,tsʰ,ɵy,,˩˨
㵧,,a:i,,˧
㵨,pʰ,ei,,˧
㵩,ts,a:i,,˨
㵪,ts,i:,n,˩˨
㵫,ts,i:,,˩˧
㵬,tsʰ,ɐ,p,˧
㵭,tsʰ,ɵy,,˩˨
㵮,s,ɵ,n,˩˨
㵯,f,ʊ,ŋ,˩˨
㵰,ts,ɵy,,˨
㵱,pʰ,i:u,,˧
㵲,m,ou,,˩˧
㵳,l,i:u,,˩˨
㵴,tsʰ,ɔ:,ŋ,˩˨
㵵,tʰ,ɔ:,k,˧
㵶,tsʰ,ɵy,,˧
㵷,p,i:,n,˨
㵸,ts,œ:,k,˨
㵹,w,u:,n,˩˨
㵺,h,ɐ,k,˥
㵻,s,a:u,,˧
㵼,,,,
㵽,l,ɵy,,˩˧
㵾,tsʰ,ɪ,ŋ,˨
㵿,h,a:,t,˨
㶀,p,ɐ,k,˨
㶁,kw,ɪ,k,˥
㶂,,,,
㶃,,,,
㶄,tʰ,ɵy,,˩˨
㶅,h,ɔ:,k,˨
㶆,ts,y:,,˥
㶇,w,a:,ŋ,˩˨
㶈,ts,ɪ,ŋ,˩˨
㶉,,,,
㶊,,,,
㶋,,,,
㶌,l,y:,n,˩˨
㶍,s,i:,n,˧˥
㶎,w,a:,n,˩˨
㶏,ts,a:,n,˥
㶐,,,,
㶑,l,i:,m,˨
㶒,s,i:,m,˧˥
㶓,tsʰ,ɔ:,ŋ,˩˨
㶔,p,ɐi,,˨
㶕,k,a:,n,˧˥
㶖,s,ʊ,k,˥
㶗,f,ɐ,n,˩˨
㶘,tʰ,i:,m,˩˧
㶙,,,,
㶚,p,a:,,˧
㶛,ts,y:,,˩˨
㶜,ts,y:,n,˥
㶝,,,,
㶞,n,ɔ:,ŋ,˩˧
㶟,l,ɵy,,˩˧
㶠,ts,ɪ,k,˨
㶡,f,ɔ:,,˧˥
㶢,,,,
㶣,tsʰ,ɐ,m,˩˨
㶤,tsʰ,a:u,,˧˥
㶥,k,ɔ:,n,˥
㶦,ts,ɵ,n,˩˨
㶧,h,ei,,˥
㶨,pʰ,ei,,˥
㶩,,,,
㶪,,,,
㶫,l,i:u,,˩˨
㶬,m,u:,t,˨
㶭,,a:i,,˧˥
㶮,s,i:u,,˥
㶯,k,a:u,,˧
㶰,h,ɐ,m,˩˨
㶱,,,,
㶲,ts,ʊ,ŋ,˨
㶳,ts,ɵ,n,˨
㶴,tsʰ,i:,,˧˥
㶵,ts,a:,m,˨
㶶,n,ʊ,ŋ,˩˨
㶷,,,,
㶸,,,,
㶹,h,ʊ,ŋ,˨
㶺,tʰ,i:,m,˨
㶻,p,ʊ,ŋ,˧˥
㶼,,ɔ:i,,˥
㶽,kw,a:,,˥
㶾,p,i:u,,˥
㶿,p,u:,t,˨
㷀,kʰ,ɪ,ŋ,˩˨
㷁,,,,
㷂,s,ɵy,,˨
㷃,tsʰ,ɵy,,˩˧
㷄,k,u:,n,˧
㷅,tsʰ,a:u,,˧˥
㷆,f,u:,,˩˧
㷇,f,u:i,,˥
㷈,,ɐ,t,˧
㷉,w,ɐ,n,˨
㷊,f,a:,n,˩˨
㷋,t,ɐ,m,˧˥
㷌,,,,
㷍,l,ɵ,n,˩˨
㷎,h,ɔ:,t,˧
㷏,ts,ʊ,ŋ,˧˥
㷐,kʰ,u:i,,˧˥
㷑,n,i:,m,˨
㷒,ts,y:,,˩˨
㷓,ts,ʊ,ŋ,˧˥
㷔,ts,i:,m,˨
㷕,ts,a:u,,˩˨
㷖,ts,i:u,,˧
㷗,kw,ɪ,ŋ,˧˥
㷘,tʰ,ɔ:i,,˩˨
㷙,ts,i:,n,˥
㷚,,,,
㷛,p,ou,,˥
㷜,,,,
㷝,,,,
㷞,,,,
㷟,tʰ,ɵy,,˧
㷠,l,ɵ,n,˩˨
㷡,kw,ɪ,ŋ,˧˥
㷢,ts,a:,,˧˥
㷣,s,ɪ,ŋ,˥
㷤,h,ʊ,k,˨
㷥,ts,ɪ,ŋ,˥
㷦,kw,ɪ,k,˥
㷧,,,,
㷨,,,,
㷩,h,ei,,˥
㷪,ts,y:,n,˧˥
㷫,h,ɪ,ŋ,˧
㷬,m,ɔ:,k,˨
㷭,f,ʊ,ŋ,˥
㷮,ts,ou,,˥
㷯,p,ɐ,ŋ,˥
㷰,tsʰ,i:,,˥
㷱,,,,
㷲,,,,
㷳,ŋ,ɐ,n,˨
㷴,l,ɪ,k,˨
㷵,m,ɐ,k,˨
㷶,p,ɪ,k,˥
㷷,k,y:,n,˧˥
㷸,ts,a:,p,˥
㷹,ts,a:u,,˧
㷺,,,,
㷻,m,ou,,˩˨
㷼,ts,i:,n,˧
㷽,,,,
㷾,kʰ,œ:,k,˨
㷿,h,i:,n,˥
㸀,tʰ,ɔ:i,,˨
㸁,h,ɔ:,n,˧˥
㸂,,,,
㸃,t,i:,m,˧˥
㸄,ts,ɐi,,˨
㸅,ts,i:,t,˧
㸆,,,,
㸇,,,,
㸈,ts,i:u,,˥
㸉,s,i:,t,˧
㸊,l,ɐi,,˨
㸋,f,a:,n,˩˨
㸌,f,ɔ:,k,˧
㸍,h,ei,,˧
㸎,n,i:,p,˨
㸏,m,ei,,˩˨
㸐,ts,i:,n,˩˨
㸑,tsʰ,y:,n,˧
㸒,ts,a:,m,˩˨
㸓,m,ɐ,t,˨
㸔,,,,
㸕,f,ɔ:,k,˧
㸖,kʰ,ɵy,,˥
㸗,tʰ,ʊ,ŋ,˩˨
㸘,w,ɐ,n,˨
㸙,ts,ɛ:,,˥
㸚,l,ei,,˩˧
㸛,s,i:u,,˩˨
㸜,h,ʊ,ŋ,˥
㸝,h,i:,n,˥
㸞,p,ɐ,n,˧˥
㸟,tʰ,a:i,,˧˥
㸠,tʰ,i:u,,˩˧
㸡,s,y:,,˩˨
㸢,p,ei,,˨
㸣,ts,i:,p,˨
㸤,pʰ,ɐ,ŋ,˩˨
㸥,tsʰ,ɐ,m,˩˨
㸦,w,u:,,˨
㸧,h,a:,n,˧˥
㸨,k,a:u,,˥
㸩,ŋ,ɔ:,n,˨
㸪,m,a:,n,˩˧
㸫,k,i:,n,˥
㸬,p,u:i,,˧
㸭,p,a:,,˥
㸮,f,ɐ,n,˩˨
㸯,f,ɔ:,,˥
㸰,tʰ,ɔ:,,˩˨
㸱,tʰ,ɔ:,,˩˨
㸲,ts,ɔ:,k,˧
㸳,l,ɪ,ŋ,˩˨
㸴,,,,
㸵,kw,ɐi,,˧˥
㸶,ts,i:,n,˥
㸷,s,i:,,˨
㸸,h,a:u,,˧
㸹,l,y:,t,˧
㸺,s,a:,,˥
㸻,ts,i:,,˨
㸼,f,ʊ,ŋ,˥
㸽,p,u:i,,˧
㸾,ts,a:,n,˨
㸿,t,ʊ,k,˨
㹀,p,u:,t,˨
㹁,l,œ:,ŋ,˩˨
㹂,h,i:,n,˧˥
㹃,f,ɛ:,,˧
㹄,ts,ɪ,k,˥
㹅,ts,ʊ,ŋ,˧˥
㹆,f,ɐi,,˥
㹇,k,i:,n,˥
㹈,l,ei,,˩˨
㹉,ts,y:,n,˩˨
㹊,ŋ,ɔ:,k,˨
㹋,s,a:u,,˥
㹌,tsʰ,a:,n,˧˥
㹍,t,ɪ,k,˨
㹎,l,ɵy,,˩˨
㹏,k,a:,n,˧˥
㹐,tsʰ,ʊ,ŋ,˩˨
㹑,tsʰ,i:,,˩˨
㹒,pʰ,ɐ,k,˨
㹓,ts,i:,,˨
㹔,k,œ:,ŋ,˥
㹕,f,u:,n,˥
㹖,w,a:,n,˨
㹗,tʰ,ou,,˥
㹘,ts,y:,,˩˨
㹙,ts,ɪ,ŋ,˩˨
㹚,ts,ɪ,ŋ,˩˨
㹛,ts,i:u,,˧˥
㹜,ŋ,a:,n,˩˨
㹝,s,i:,,˨
㹞,ŋ,a:,n,˩˨
㹟,kʰ,u:i,,˧˥
㹠,t,i:,n,˨
㹡,ts,y:,n,˩˨
㹢,k,a:,,˥
㹣,ts,ʊ,ŋ,˥
㹤,h,i:,p,˧
㹥,ts,y:,,˧
㹦,tsʰ,i:u,,˥
㹧,ts,œ:,ŋ,˥
㹨,ts,a:u,,˨
㹩,,,,
㹪,s,a:,n,˥
㹫,tʰ,a:i,,˩˨
㹬,s,i:,,˧˥
㹭,ts,a:i,,˨
㹮,m,ɔ:,k,˨
㹯,ts,a:u,,˥
㹰,,,,
㹱,ts,œ:,k,˧
㹲,h,ɐu,,˥
㹳,ŋ,,,˩˨
㹴,k,ɐ,ŋ,˥
㹵,k,ɪ,ŋ,˧
㹶,tʰ,ɪ,ŋ,˩˨
㹷,h,ei,,˥
㹸,ŋ,a:i,,˩˨
㹹,k,ɐ,ŋ,˥
㹺,t,ɐ,p,˨
㹻,w,a:i,,˥
㹼,k,ʊ,k,˥
㹽,tsʰ,a:,n,˧˥
㹾,pʰ,i:u,,˧˥
㹿,tsʰ,œ:,k,˧
㺀,n,ɐu,,˩˨
㺁,n,ou,,˩˧
㺂,k,a:,m,˧˥
㺃,k,ɐu,,˧˥
㺄,ts,y:,,˩˧
㺅,h,ɐu,,˩˨
㺆,,,,
㺇,s,i:,,˥
㺈,tsʰ,i:,,˥
㺉,h,ʊ,k,˨
㺊,ts,œ:,ŋ,˨
㺋,ts,ʊ,ŋ,˥
㺌,l,a:,m,˨
㺍,p,ɐ,n,˥
㺎,ts,ʊ,ŋ,˩˨
㺏,l,a:u,,˩˨
㺐,ts,ɐu,,˧˥
㺑,tsʰ,ɐ,m,˩˨
㺒,h,a:u,,˥
㺓,ts,ɪ,k,˥
㺔,f,a:i,,˥
㺕,p,i:,n,˨
㺖,h,ɐ,m,˧
㺗,tsʰ,a:,n,˥
㺘,s,ou,,˥
㺙,,,,
㺚,tsʰ,ɐ,t,˧
㺛,ts,y:,,˧
㺜,n,ʊ,ŋ,˩˨
㺝,h,ɐ,m,˩˧
㺞,ts,y:,,˩˨
㺟,ts,ʊ,k,˨
㺠,ts,a:u,,˨
㺡,l,ɪ,k,˨
㺢,kʰ,u:,t,˧
㺣,h,ei,,˥
㺤,tsʰ,i:,m,˥
㺥,tsʰ,a:,m,˩˨
㺦,l,y:,n,˩˨
㺧,h,ei,,˧
㺨,s,i:,,˥
㺩,k,ɐu,,˨
㺪,l,ʊ,ŋ,˩˨
㺫,,a:u,,˧
㺬,k,ʊ,ŋ,˧˥
㺭,k,ei,,˧˥
㺮,ts,y:,,˥
㺯,,,,
㺰,s,i:,,˥
㺱,ts,ɪ,ŋ,˩˨
㺲,n,a:u,,˧˥
㺳,m,u:i,,˩˨
㺴,p,a:,t,˧
㺵,k,ɐu,,˧˥
㺶,,,,
㺷,s,ɵ,t,˥
㺸,pʰ,ɪ,ŋ,˩˨
㺹,p,i:,n,˨
㺺,m,ou,,˨
㺻,,,,
㺼,,,,
㺽,,,,
㺾,,,,
㺿,ts,i:,,˩˨
㻀,ts,y:,,˩˨
㻁,kw,ɐi,,˥
㻂,pʰ,ɪ,ŋ,˩˨
㻃,kʰ,ʊ,k,˥
㻄,p,ou,,˧˥
㻅,w,u:i,,˨
㻆,,,,
㻇,,,,
㻈,,,,
㻉,p,ou,,˨
㻊,m,u:,n,˩˨
㻋,l,a:,t,˨
㻌,tsʰ,a:u,,˥
㻍,ŋ,,,˩˨
㻎,s,ɐ,t,˥
㻏,l,ɪ,ŋ,˩˨
㻐,,,,
㻑,kw,a:i,,˧
㻒,kʰw,a:,n,˧˥
㻓,l,i:,t,˨
㻔,t,ɔ:,,˧˥
㻕,kw,ɐ,t,˨
㻖,t,ɔ:i,,˨
㻗,f,a:i,,˧˥
㻘,,,,
㻙,,,,
㻚,,,,
㻛,,,,
㻜,,,,
㻝,l,a:,t,˨
㻞,p,ɐ,n,˥
㻟,tsʰ,ɵy,,˩˨
㻠,tʰ,ou,,˩˨
㻡,s,i:,t,˧
㻢,,,,
㻣,,,,
㻤,,,,
㻥,,,,
㻦,,,,
㻧,t,ɔ:,,˨
㻨,,,,
㻩,,,,
㻪,s,ɵy,,˨
㻫,p,i:,t,˥
㻬,s,y:,,˥
㻭,s,ɐ,t,˥
㻮,tsʰ,a:,n,˧
㻯,tʰ,ou,,˩˨
㻰,w,ɐi,,˨
㻱,ts,ɵ,n,˥
㻲,l,ɵy,,˩˧
㻳,,,,
㻴,,,,
㻵,ts,a:,n,˨
㻶,p,ɐ,t,˥
㻷,k,ɪ,k,˥
㻸,tsʰ,a:,m,˩˨
㻹,h,y:,n,˥
㻺,l,ɪ,k,˨
㻻,,,,
㻼,,,,
㻽,s,ɵy,,˨
㻾,ts,ʊ,ŋ,˧˥
㻿,s,ʊ,k,˨
㼀,,,,
㼁,,,,
㼂,w,a:,n,˨
㼃,,,,
㼄,k,ei,,˥
㼅,,,,
㼆,,,,
㼇,kʰ,a:i,,˧
㼈,l,ɵ,n,˨
㼉,ts,ɐ,m,˨
㼊,tʰ,y:,n,˩˨
㼋,k,u:,,˥
㼌,ts,y:,,˩˧
㼍,l,ɵy,,˩˧
㼎,p,ɔ:,k,˨
㼏,n,ei,,˨
㼐,pʰ,i:,n,˩˨
㼑,l,i:,n,˨
㼒,tʰ,ɔ:,ŋ,˧˥
㼓,l,i:,m,˩˨
㼔,w,a:,n,˥
㼕,t,ɔ:,ŋ,˥
㼖,l,a:i,,˩˧
㼗,tʰ,ɪ,ŋ,˩˨
㼘,ŋ,a:,,˩˧
㼙,tsʰ,ʊ,k,˥
㼚,k,ɔ:,ŋ,˥
㼛,ts,ɪ,ŋ,˩˨
㼜,,ɔ:,ŋ,˧
㼝,w,u:,n,˧˥
㼞,p,ɐ,ŋ,˥
㼟,p,a:,k,˨
㼠,tʰ,ɔ:,,˩˨
㼡,s,y:,,˩˨
㼢,k,ei,,˥
㼣,p,a:,k,˧
㼤,kʰ,i:,t,˧
㼥,tʰ,ɐu,,˧˥
㼦,k,ʊ,ŋ,˧˥
㼧,tʰ,ʊ,ŋ,˩˨
㼨,h,a:,m,˨
㼩,s,ɪ,ŋ,˩˨
㼪,k,ɐ,p,˧
㼫,f,u:,n,˥
㼬,h,ɐ,ŋ,˨
㼭,t,i:,m,˧
㼮,tsʰ,a:i,,˥
㼯,t,ʊ,ŋ,˨
㼰,p,ɛ:,,˥
㼱,ts,ɵ,n,˧
㼲,l,i:,t,˨
㼳,s,ɐ,ŋ,˧˥
㼴,ŋ,a:u,,˩˧
㼵,t,a:i,,˨
㼶,n,a:u,,˨
㼷,tsʰ,y:,n,˩˨
㼸,ts,ʊ,ŋ,˩˨
㼹,h,ɔ:,ŋ,˥
㼺,tʰ,ɔ:,ŋ,˩˨
㼻,tsʰ,ʊ,ŋ,˩˨
㼼,pʰ,i:u,,˥
㼽,s,ɔ:,ŋ,˧˥
㼾,l,ʊ,k,˨
㼿,tʰ,ʊ,ŋ,˩˨
㽀,ts,ɪ,ŋ,˨
㽁,l,ɪ,k,˨
㽂,s,ɐ,p,˧
㽃,p,ɐ,n,˥
㽄,s,i:,,˥
㽅,t,ɐ,ŋ,˥
㽆,t,ɔ:,ŋ,˥
㽇,w,u:,,˩˨
㽈,ŋ,a:i,,˨
㽉,k,ɐ,m,˧
㽊,s,ɪ,k,˥
㽋,l,ɔ:,,˩˨
㽌,l,ɐu,,˨
㽍,h,ɐ,m,˥
㽎,tʰ,a:,m,˩˨
㽏,,,,
㽐,tsʰ,i:,m,˥
㽑,tʰ,a:,m,˩˨
㽒,s,a:,ŋ,˥
㽓,,,,
㽔,,,,
㽕,ts,a:u,,˩˨
㽖,n,ɐ,m,˩˨
㽗,,,,
㽘,k,ɔ:,ŋ,˥
㽙,ts,ɵ,n,˧
㽚,tsʰ,ɪ,k,˥
㽛,ŋ,a:u,,˥
㽜,ts,y:,n,˧˥
㽝,l,ɐi,,˨
㽞,l,ɐu,,˩˨
㽟,l,y:,t,˧
㽠,h,a:,p,˥
㽡,p,a:i,,˧
㽢,,a:,m,˧˥
㽣,w,ɪ,k,˨
㽤,k,ʊ,k,˥
㽥,ts,a:u,,˩˨
㽦,tsʰ,ɵ,n,˩˨
㽧,ts,i:,,˥
㽨,tsʰ,ɔ:,,˥
㽩,tsʰ,ɐ,n,˧
㽪,ts,ɐ,ŋ,˧˥
㽫,ts,ʊ,ŋ,˥
㽬,f,u:,,˧
㽭,ts,y:,n,˩˧
㽮,s,ɪ,ŋ,˥
㽯,kʰw,ɐi,,˩˨
㽰,s,ɔ:,,˥
㽱,k,a:u,,˧˥
㽲,tsʰ,a:u,,˩˨
㽳,h,ɵy,,˥
㽴,ts,œ:,ŋ,˨
㽵,ts,ɔ:,ŋ,˥
㽶,,,,
㽷,s,ɵy,,˧
㽸,tsʰ,a:,m,˩˨
㽹,f,ɐ,n,˧
㽺,k,ɐ,p,˥
㽻,ts,i:,,˥
㽼,,,,
㽽,k,u:,,˧
㽾,ŋ,a:,t,˨
㽿,w,ɔ:,,˥
㾀,h,i:,p,˧
㾁,s,ɵ,t,˨
㾂,h,ɔ:i,,˥
㾃,tʰ,ɔ:,,˩˨
㾄,t,ʊ,k,˨
㾅,n,ou,,˩˧
㾆,tsʰ,i:,m,˥
㾇,t,ɔ:,,˧˥
㾈,f,u:,,˨
㾉,l,ɪ,ŋ,˩˨
㾊,ts,ɪ,k,˨
㾋,ts,a:u,,˥
㾌,p,ei,,˧
㾍,n,ɐi,,˥
㾎,,ɐ,t,˧
㾏,h,ɐi,,˨
㾐,l,ɐi,,˨
㾑,t,a:,p,˧
㾒,ts,y:,,˩˨
㾓,ts,y:,n,˥
㾔,l,ɵy,,˩˧
㾕,s,a:,n,˥
㾖,l,ei,,˩˧
㾗,k,ɐ,k,˧
㾘,,ɐ,ŋ,˧˥
㾙,ts,a:,n,˥
㾚,s,ɛ:,,˥
㾛,tsʰ,ɐ,m,˧˥
㾜,f,ɐ,n,˧˥
㾝,tsʰ,ɛ:,,˧
㾞,ts,a:u,,˩˨
㾟,p,ou,,˨
㾠,kʰw,ɔ:,ŋ,˩˨
㾡,kʰ,œ:,k,˧
㾢,l,ɔ:i,,˨
㾣,ts,a:,m,˥
㾤,h,ɔ:,ŋ,˥
㾥,tsʰ,ʊ,k,˥
㾦,pʰ,u:i,,˧
㾧,f,ɔ:,,˧
㾨,ts,i:,,˥
㾩,kw,a:i,,˥
㾪,s,a:,ŋ,˧˥
㾫,pʰ,i:,n,˥
㾬,k,a:i,,˥
㾭,ts,ɐu,,˧
㾮,,ou,,˧
㾯,f,u:i,,˥
㾰,w,u:,,˩˨
㾱,f,ɐi,,˧
㾲,,,,
㾳,,,,
㾴,ts,a:,,˥
㾵,k,ɐi,,˧
㾶,kw,ɐ,t,˥
㾷,s,ɐi,,˥
㾸,k,ou,,˧˥
㾹,tsʰ,a:i,,˩˨
㾺,m,a:,,˧
㾻,ts,y:,,˨
㾼,t,ɵy,,˥
㾽,ts,ɵy,,˨
㾾,tsʰ,i:,m,˥
㾿,l,ɔ:,ŋ,˩˨
㿀,p,a:,n,˥
㿁,,,,
㿂,ts,ɪ,ŋ,˥
㿃,ts,ɐi,,˨
㿄,,a:,m,˧
㿅,s,i:,n,˧
㿆,kw,ɔ:,,˥
㿇,ts,a:,p,˨
㿈,ts,ʊ,ŋ,˥
㿉,tʰ,ɵy,,˩˨
㿊,tsʰ,ɐ,m,˧˥
㿋,s,ou,,˧
㿌,tsʰ,i:,m,˥
㿍,k,a:i,,˧
㿎,f,a:,n,˩˨
㿏,kʰw,ɐ,n,˩˨
㿐,,,,
㿑,ts,œ:,k,˨
㿒,tʰ,ou,,˧˥
㿓,k,a:,p,˧
㿔,l,ɵy,,˩˧
㿕,ts,i:,m,˩˨
㿖,l,ou,,˩˨
㿗,tʰ,ɵy,,˩˨
㿘,ts,ɪ,ŋ,˩˨
㿙,pʰ,ei,,˧
㿚,l,ɔ:,,˨
㿛,l,ɐi,,˨
㿜,p,i:,t,˨
㿝,h,œ:,ŋ,˥
㿞,m,ou,,˨
㿟,k,ɐu,,˧˥
㿠,,,,
㿡,t,ɐu,,˥
㿢,ts,i:u,,˨
㿣,h,ɔ:,t,˧
㿤,tsʰ,ɵ,n,˧˥
㿥,h,ʊ,k,˨
㿦,n,ɪ,ŋ,˨
㿧,tsʰ,a:u,,˩˨
㿨,l,ɪ,k,˨
㿩,tʰ,ɔ:,ŋ,˧˥
㿪,w,u:,n,˩˨
㿫,p,ei,,˧
㿬,p,a:,,˥
㿭,tsʰ,a:,k,˧
㿮,ts,ɪ,ŋ,˩˨
㿯,t,ɐ,p,˨
㿰,p,ɪ,k,˥
㿱,h,ɔ:,k,˨
㿲,ts,i:,,˥
㿳,,,,
㿴,t,a:,p,˧
㿵,ts,i:,m,˩˧
㿶,p,ɔ:,ŋ,˥
㿷,tsʰ,ou,,˧
㿸,m,a:,n,˩˧
㿹,tʰ,a:,t,˧
㿺,m,ɔ:,k,˥
㿻,k,ɔ:,n,˥
㿼,ts,i:,n,˩˨
㿽,k,a:i,,˥
㿾,p,ou,,˧
㿿,ŋ,a:,,˩˧
䀀,f,ɐ,n,˧
䀁,ts,a:u,,˨
䀂,,ɔ:,n,˥
䀃,t,ɵy,,˥
䀄,m,ʊ,ŋ,˩˨
䀅,s,ɛ:,,˨
䀆,ts,ɵ,n,˨
䀇,k,u:,,˧˥
䀈,k,ei,,˥
䀉,k,i:u,,˧˥
䀊,k,ɐu,,˧˥
䀋,j,i:,m,˩˨
䀌,,,,
䀍,h,ɐ,m,˧
䀎,m,i:,n,˩˧
䀏,ts,y:,n,˨
䀐,s,a:,m,˥
䀑,w,a:,t,˧
䀒,tsʰ,i:,n,˥
䀓,w,u:,n,˨
䀔,ts,ɪ,ŋ,˨
䀕,ts,a:,m,˨
䀖,tʰ,i:,n,˥
䀗,kʰ,y:,t,˧
䀘,h,a:i,,˩˨
䀙,tsʰ,ɐi,,˧
䀚,ŋ,ɐu,,˩˨
䀛,m,a:,t,˨
䀜,f,a:,t,˥
䀝,,,,
䀞,tʰ,ou,,˥
䀟,f,a:i,,˧
䀠,kʰ,ɵy,,˩˨
䀡,ts,i:,m,˥
䀢,s,ɵ,n,˧
䀣,p,ei,,˧
䀤,m,ɐu,,˨
䀥,l,ɪ,k,˨
䀦,k,u:,,˧˥
䀧,f,ʊ,ŋ,˧˥
䀨,f,u:,n,˧
䀩,l,ɔ:,k,˨
䀪,h,ɔ:,ŋ,˩˨
䀫,k,a:,p,˧
䀬,tsʰ,y:,n,˩˨
䀭,k,ɔ:i,,˥
䀮,f,ɔ:,ŋ,˥
䀯,p,ɔ:,k,˨
䀰,k,ʊ,k,˥
䀱,f,ʊ,ŋ,˥
䀲,m,ʊ,k,˨
䀳,l,ɐ,t,˧
䀴,ts,ɪ,ŋ,˧˥
䀵,s,ɵ,n,˧
䀶,l,œ:,ŋ,˨
䀷,k,i:,p,˧
䀸,t,a:i,,˨
䀹,k,ɐ,p,˨
䀺,tsʰ,ɐu,,˥
䀻,p,ɪ,ŋ,˧˥
䀼,tsʰ,a:,n,˥
䀽,ts,i:,n,˧˥
䀾,t,ou,,˧˥
䀿,t,a:i,,˨
䁀,,,,
䁁,l,œ:,ŋ,˨
䁂,h,a:,n,˨
䁃,p,i:u,,˥
䁄,h,a:,ŋ,˨
䁅,m,a:,ŋ,˩˧
䁆,ts,a:,p,˥
䁇,m,a:,k,˨
䁈,h,ei,,˧˥
䁉,h,ei,,˧˥
䁊,w,a:,t,˧
䁋,h,i:,p,˧
䁌,w,a:,n,˧
䁍,h,ɐ,p,˥
䁎,tsʰ,a:,ŋ,˩˨
䁏,m,i:u,,˩˧
䁐,ts,ɪ,ŋ,˥
䁑,ts,œ:,ŋ,˩˨
䁒,tsʰ,a:,p,˥
䁓,ts,ɔ:,ŋ,˥
䁔,h,ɔ:,n,˨
䁕,m,ɐ,n,˩˨
䁖,l,a:u,,˥
䁗,h,ɔ:i,,˧˥
䁘,ts,i:u,,˩˨
䁙,ts,i:,n,˧˥
䁚,kʰ,ɪ,ŋ,˩˨
䁛,kʰw,a:i,,˩˧
䁜,f,ɔ:,ŋ,˧˥
䁝,kw,ɪ,ŋ,˥
䁞,s,a:,ŋ,˧˥
䁟,tsʰ,a:,,˩˨
䁠,l,i:,m,˩˨
䁡,,,,
䁢,s,y:,n,˩˨
䁣,s,y:,n,˩˨
䁤,tsʰ,ɪ,ŋ,˧
䁥,n,ɪ,k,˥
䁦,tsʰ,ɵy,,˧
䁧,m,i:u,,˩˨
䁨,kʰ,ɔ:,k,˧
䁩,ts,y:,,˩˨
䁪,ts,a:,m,˧˥
䁫,w,u:,,˩˨
䁬,tsʰ,ɐ,ŋ,˩˨
䁭,p,i:u,,˥
䁮,tsʰ,i:,m,˩˨
䁯,h,ɐ,p,˥
䁰,k,ɔ:,ŋ,˧˥
䁱,,a:u,,˥
䁲,m,ei,,˥
䁳,m,ɔ:,ŋ,˩˧
䁴,ts,i:,n,˧˥
䁵,pʰ,i:,n,˧˥
䁶,k,ɪ,k,˥
䁷,k,ɔ:,k,˧
䁸,n,ʊ,ŋ,˩˨
䁹,pʰ,a:i,,˨
䁺,s,ɪ,k,˥
䁻,s,œ:,k,˧
䁼,m,ɐ,k,˨
䁽,l,a:,p,˧
䁾,m,a:,t,˨
䁿,m,ɐ,k,˨
䂀,h,ei,,˥
䂁,tsʰ,ɐ,m,˥
䂂,kʰ,ɵy,,˩˨
䂃,tʰ,i:u,,˩˨
䂄,f,ɔ:,ŋ,˧
䂅,ts,i:,n,˥
䂆,h,ɛ:,k,˧
䂇,n,a:u,,˧˥
䂈,tʰ,ʊ,ŋ,˩˨
䂉,h,a:i,,˨
䂊,ts,y:,,˨
䂋,,,,
䂌,tsʰ,ʊ,ŋ,˥
䂍,p,ɔ:,k,˨
䂎,ts,y:,n,˧˥
䂏,t,i:u,,˥
䂐,ts,y:,t,˧
䂑,tsʰ,i:,,˥
䂒,h,a:,p,˥
䂓,kʰw,ɐi,,˥
䂔,h,a:,ŋ,˨
䂕,f,u:i,,˧
䂖,s,ɛ:,k,˨
䂗,kw,a:,t,˨
䂘,tsʰ,a:,m,˥
䂙,,,,
䂚,ŋ,ɐu,,˩˨
䂛,ts,y:,,˩˨
䂜,p,a:,ŋ,˥
䂝,ts,ɐ,k,˨
䂞,ts,ɛ:,,˧
䂟,k,a:,,˥
䂠,tsʰ,i:,,˧˥
䂡,t,ɐi,,˧˥
䂢,t,ʊ,ŋ,˧˥
䂣,tsʰ,i:,,˥
䂤,f,u:,,˨
䂥,m,ɐ,n,˩˨
䂦,ts,ɐ,n,˥
䂧,tsʰ,a:,n,˧˥
䂨,,,,
䂩,k,i:,n,˧˥
䂪,h,a:u,,˥
䂫,h,ɐ,ŋ,˥
䂬,k,ʊ,ŋ,˧˥
䂭,t,i:u,,˨
䂮,l,œ:,k,˨
䂯,kw,a:i,,˧
䂰,l,a:,p,˨
䂱,ts,ɵy,,˨
䂲,f,a:,t,˧
䂳,tsʰ,ɔ:,,˧˥
䂴,t,ɐ,n,˨
䂵,k,ʊ,ŋ,˥
䂶,k,i:,p,˧
䂷,kw,a:i,,˥
䂸,kw,ɔ:,k,˧
䂹,s,ɔ:,k,˧
䂺,w,ɔ:,,˧˥
䂻,ts,a:,ŋ,˨
䂼,n,i:,p,˨
䂽,t,i:u,,˨
䂾,l,ei,,˩˨
䂿,tʰ,a:,p,˧
䃀,tsʰ,ɵy,,˧
䃁,,a:,,˥
䃂,kw,ɐ,n,˧˥
䃃,,,,
䃄,,,,
䃅,t,ɐi,,˥
䃆,,,,
䃇,m,i:,n,˩˨
䃈,k,a:i,,˥
䃉,m,ɐ,n,˩˨
䃊,ts,ɵy,,˧˥
䃋,ts,y:,,˩˨
䃌,ts,ɐ,n,˥
䃍,ts,ɵy,,˨
䃎,ts,a:,,˧
䃏,s,a:,ŋ,˧˥
䃐,,,,
䃑,p,a:,n,˥
䃒,k,ɐ,k,˧
䃓,k,a:u,,˧
䃔,h,ʊ,ŋ,˩˨
䃕,l,ɔ:,k,˨
䃖,w,u:,,˧˥
䃗,tsʰ,ʊ,k,˥
䃘,h,ɐ,ŋ,˥
䃙,l,ʊ,k,˨
䃚,tsʰ,ʊ,k,˥
䃛,l,i:,n,˧˥
䃜,ts,i:,,˥
䃝,h,i:u,,˧
䃞,s,ʊ,k,˨
䃟,,,,
䃠,,,,
䃡,ts,ɐ,m,˥
䃢,ts,a:,m,˥
䃣,w,ɐi,,˧˥
䃤,s,ʊ,k,˥
䃥,tsʰ,ɔ:,ŋ,˩˨
䃦,t,ɵ,n,˥
䃧,l,ʊ,ŋ,˩˨
䃨,,,,
䃩,p,i:,t,˧
䃪,tʰ,a:,n,˩˨
䃫,t,a:,m,˧˥
䃬,kw,a:i,,˥
䃭,k,ɐ,m,˧˥
䃮,t,a:,t,˨
䃯,l,ɪ,k,˥
䃰,tsʰ,a:,t,˧
䃱,tsʰ,i:,m,˥
䃲,p,u:,n,˧˥
䃳,l,a:,p,˨
䃴,ts,y:,,˥
䃵,n,i:u,,˩˧
䃶,w,a:i,,˩˨
䃷,ts,ɪ,ŋ,˩˨
䃸,tsʰ,i:,m,˥
䃹,l,a:,n,˨
䃺,m,ɔ:,,˩˨
䃻,p,a:,,˧
䃼,,,,
䃽,kw,ɐi,,˧˥
䃾,p,ei,,˧˥
䃿,f,u:,,˥
䄀,w,ɔ:,,˨
䄁,ts,i:,,˨
䄂,l,ɐu,,˨
䄃,ts,œ:,ŋ,˥
䄄,ts,a:,n,˥
䄅,,a:,,˥
䄆,w,u:,t,˨
䄇,tsʰ,ɪ,ŋ,˩˨
䄈,tsʰ,œ:,ŋ,˩˨
䄉,ŋ,ɔ:,,˩˨
䄊,,,,
䄋,ts,i:,m,˧˥
䄌,ts,ɵy,,˧
䄍,tsʰ,a:i,,˩˨
䄎,h,ei,,˧˥
䄏,ts,i:u,,˥
䄐,h,y:,n,˧
䄑,w,u:,t,˨
䄒,n,a:,m,˩˧
䄓,w,ɔ:,ŋ,˩˨
䄔,k,ɵy,,˧˥
䄕,s,ɛ:,,˩˧
䄖,,,,
䄗,,,,
䄘,l,ɔ:,k,˨
䄙,m,ɪ,ŋ,˩˨
䄚,tsʰ,ou,,˩˨
䄛,l,a:u,,˩˨
䄜,l,ei,,˩˨
䄝,tsʰ,ɵ,n,˥
䄞,,,,
䄟,tsʰ,ɵy,,˧
䄠,s,i:,n,˨
䄡,t,a:,m,˥
䄢,ts,a:i,,˥
䄣,,,,
䄤,l,a:i,,˨
䄥,l,ɪ,ŋ,˩˨
䄦,l,i:u,,˩˧
䄧,ts,ɪ,ŋ,˩˨
䄨,ts,a:u,,˩˨
䄩,ts,ɪ,k,˨
䄪,t,i:u,,˧˥
䄫,h,ei,,˧˥
䄬,h,ɔ:,,˥
䄭,n,i:,n,˩˨
䄮,f,u:,,˥
䄯,k,i:,n,˧˥
䄰,f,ɔ:,ŋ,˧˥
䄱,f,ɔ:,ŋ,˥
䄲,tsʰ,ɵy,,˩˨
䄳,tsʰ,i:,n,˥
䄴,,,,
䄵,,,,
䄶,p,a:,t,˨
䄷,s,ɛ:,k,˨
䄸,pʰ,ɔ:,k,˧
䄹,n,i:,n,˩˨
䄺,ts,i:,,˨
䄻,ts,ɐu,,˨
䄼,tʰ,i:,m,˧˥
䄽,s,i:,n,˥
䄾,ts,ʊ,k,˨
䄿,ts,a:i,,˨
䅀,l,i:,t,˨
䅁,,ɔ:,n,˧
䅂,kʰ,ɔ:,k,˧
䅃,kʰ,ʊ,ŋ,˩˨
䅄,l,ei,,˨
䅅,kw,ɐi,,˥
䅆,ts,i:,,˧
䅇,s,ʊ,k,˥
䅈,ts,y:,n,˧˥
䅉,,a:,,˧
䅊,t,ou,,˧
䅋,w,ɐ,n,˩˧
䅌,k,y:,n,˥
䅍,tʰ,ɪ,ŋ,˩˧
䅎,ŋ,a:,,˩˨
䅏,m,ei,,˩˧
䅐,k,ɐ,n,˧˥
䅑,ts,ɵy,,˩˨
䅒,m,ɔ:,ŋ,˩˨
䅓,k,ɵy,,˧˥
䅔,ts,i:,,˥
䅕,k,ɵy,,˥
䅖,,a:,m,˥
䅗,s,ɵy,,˨
䅘,l,ɔ:i,,˩˨
䅙,w,a:,n,˨
䅚,tsʰ,i:,,˥
䅛,tsʰ,œ:,ŋ,˥
䅜,t,ɔ:,,˨
䅝,h,ʊ,ŋ,˥
䅞,n,ɔ:i,,˨
䅟,s,ɐ,m,˥
䅠,tʰ,a:i,,˩˨
䅡,s,ɵy,,˧˥
䅢,ts,a:u,,˨
䅣,w,ɔ:,ŋ,˩˨
䅤,h,ei,,˧
䅥,kʰ,i:,t,˧
䅦,n,ɐu,,˩˨
䅧,ts,a:,m,˥
䅨,h,ɵy,,˧˥
䅩,ts,i:,,˧˥
䅪,tʰ,ɵy,,˩˨
䅫,,,,
䅬,,ɐi,,˧
䅭,pʰ,ɔ:,ŋ,˩˨
䅮,tsʰ,ɔ:,ŋ,˧
䅯,tʰ,ɔ:,ŋ,˩˨
䅰,ts,a:,n,˧˥
䅱,tʰ,ɔ:,ŋ,˧
䅲,kʰ,ei,,˩˨
䅳,tsʰ,ɔ:,,˥
䅴,s,ɔ:,k,˧
䅵,ts,œ:,k,˧
䅶,n,a:u,,˨
䅷,tʰ,ou,,˩˨
䅸,s,a:,n,˥
䅹,l,a:u,,˩˧
䅺,p,i:u,,˥
䅻,l,ei,,˩˨
䅼,m,ɐ,n,˩˨
䅽,h,ɪ,ŋ,˥
䅾,s,ɐ,m,˩˨
䅿,w,a:,,˩˨
䆀,m,u:i,,˩˧
䆁,k,ou,,˥
䆂,l,ɐ,m,˩˨
䆃,t,ɪ,k,˨
䆄,s,i:,m,˩˨
䆅,tsʰ,i:,,˩˨
䆆,,,,
䆇,,,,
䆈,ts,i:,,˨
䆉,p,a:,,˨
䆊,s,ɵy,,˨
䆋,tsʰ,ɐu,,˥
䆌,,,,
䆍,l,ʊ,ŋ,˩˨
䆎,tsʰ,i:,m,˥
䆏,f,a:i,,˧
䆐,kw,ɔ:,k,˧
䆑,tsʰ,ɐ,ŋ,˧˥
䆒,k,ɐu,,˧
䆓,ts,y:,n,˩˧
䆔,tsʰ,ʊ,ŋ,˥
䆕,kʰ,y:,t,˧
䆖,w,ɐ,ŋ,˩˨
䆗,k,i:u,,˧
䆘,,ɐ,t,˧
䆙,ts,i:u,,˩˨
䆚,t,ʊ,ŋ,˨
䆛,ts,a:,,˧
䆜,ts,a:u,,˨
䆝,s,ɵ,t,˨
䆞,m,i:u,,˩˧
䆟,k,a:,p,˧
䆠,w,a:,n,˨
䆡,l,ɔ:,ŋ,˩˨
䆢,kʰ,y:,t,˧
䆣,s,ɐ,n,˩˨
䆤,tsʰ,y:,n,˥
䆥,tsʰ,y:,n,˥
䆦,s,ɐ,m,˥
䆧,f,ɔ:,,˧˥
䆨,m,ɪ,ŋ,˩˨
䆩,m,ɪ,ŋ,˩˨
䆪,h,ʊ,ŋ,˥
䆫,tsʰ,œ:,ŋ,˥
䆬,w,ɐ,n,˩˧
䆭,h,ɐ,n,˨
䆮,tsʰ,a:,m,˥
䆯,ts,y:,t,˧
䆰,ts,y:,,˥
䆱,t,ɐ,m,˨
䆲,h,ɔ:,ŋ,˥
䆳,s,ɵy,,˨
䆴,,,,
䆵,tsʰ,ɐ,ŋ,˩˨
䆶,ts,a:u,,˥
䆷,w,a:,t,˨
䆸,tsʰ,ɐ,ŋ,˩˨
䆹,tsʰ,ʊ,ŋ,˥
䆺,pʰ,u:,n,˥
䆻,kʰ,i:u,,˧
䆼,f,ɔ:,,˥
䆽,kʰ,ɵy,,˩˨
䆾,l,a:,m,˩˨
䆿,k,a:,m,˧
䇀,ts,ʊ,ŋ,˩˨
䇁,s,i:,,˥
䇂,h,i:,n,˥
䇃,tsʰ,i:,,˩˧
䇄,,,,
䇅,f,ɐ,t,˨
䇆,,,,
䇇,m,a:,ŋ,˩˨
䇈,w,ɐ,k,˨
䇉,,,,
䇊,,,,
䇋,h,ɔ:i,,˨
䇌,tsʰ,i:u,,˧
䇍,tsʰ,ʊ,k,˥
䇎,tsʰ,œ:,k,˧
䇏,t,ɵy,,˧
䇐,l,ei,,˨
䇑,p,a:,,˨
䇒,k,a:i,,˧
䇓,s,ɵy,,˥
䇔,l,ɵy,,˨
䇕,t,ɵy,,˧
䇖,w,ɐ,n,˩˧
䇗,ts,ʊ,ŋ,˥
䇘,w,u:,,˨
䇙,ts,a:,n,˩˧
䇚,pʰ,ɔ:,k,˧
䇛,ts,i:,,˧˥
䇜,l,i:,m,˩˧
䇝,ts,i:,m,˥
䇞,k,ɐ,m,˥
䇟,k,i:,n,˧
䇠,tsʰ,y:,,˩˧
䇡,tsʰ,y:,,˩˧
䇢,f,u:,,˧˥
䇣,n,i:,p,˨
䇤,ts,ɵy,,˨
䇥,ts,a:,k,˧
䇦,ts,œ:,ŋ,˧˥
䇧,ts,a:i,,˧
䇨,k,ʊ,ŋ,˧
䇩,ts,a:i,,˨
䇪,tsʰ,i:,,˥
䇫,k,ei,,˥
䇬,ts,i:,,˥
䇭,l,i:u,,˩˨
䇮,ts,a:,m,˨
䇯,ts,ʊ,ŋ,˧˥
䇰,ts,ɪ,ŋ,˥
䇱,n,ɐ,p,˨
䇲,,,,
䇳,ts,i:,n,˥
䇴,,,,
䇵,ŋ,a:,n,˩˨
䇶,k,ɔ:,k,˧
䇷,p,a:,t,˥
䇸,tsʰ,ɪ,ŋ,˩˨
䇹,kʰw,a:,n,˧˥
䇺,t,a:u,,˧˥
䇻,m,ei,,˩˧
䇼,tsʰ,i:,,˧
䇽,ts,a:i,,˧
䇾,ts,i:,n,˩˨
䇿,,,,
䈀,s,a:,n,˥
䈁,l,ɵ,n,˩˨
䈂,p,ɪ,ŋ,˧
䈃,ts,i:u,,˧˥
䈄,h,ɐ,m,˩˨
䈅,w,ɪ,k,˨
䈆,t,a:i,,˨
䈇,ts,a:u,,˧
䈈,f,ei,,˩˨
䈉,s,a:,p,˧
䈊,l,ɛ:,ŋ,˥
䈋,t,ɐ,p,˨
䈌,ts,ɵy,,˥
䈍,m,ɐ,ŋ,˩˨
䈎,ts,i:,p,˨
䈏,p,ɔ:,k,˨
䈐,kʰ,u:i,,˧˥
䈑,kw,a:,,˧˥
䈒,n,ɐ,m,˩˧
䈓,k,ɔ:,t,˧
䈔,k,a:,,˥
䈕,s,i:,,˩˨
䈖,f,ɔ:,,˥
䈗,s,ɔ:,,˧˥
䈘,tsʰ,i:,,˩˨
䈙,ts,ɐu,,˨
䈚,tʰ,ɔ:i,,˩˨
䈛,f,a:i,,˧
䈜,kʰ,a:,m,˩˨
䈝,s,ɵy,,˥
䈞,tsʰ,a:u,,˩˨
䈟,ts,a:,k,˥
䈠,w,u:,n,˨
䈡,k,ʊ,ŋ,˥
䈢,s,ɐi,,˧˥
䈣,ts,ɪ,ŋ,˧
䈤,kʰ,i:,m,˩˨
䈥,k,ɐ,n,˥
䈦,ts,ʊ,ŋ,˥
䈧,w,a:i,,˧˥
䈨,,,,
䈩,,,,
䈪,ts,ɪ,k,˥
䈫,n,ɐ,p,˨
䈬,pʰ,ou,,˩˨
䈭,s,a:u,,˥
䈮,k,ɵy,,˧
䈯,ts,a:,n,˥
䈰,s,ɐu,,˧˥
䈱,tʰ,ou,,˥
䈲,p,u:,n,˥
䈳,t,a:,p,˨
䈴,h,i:,m,˧
䈵,ts,ʊ,ŋ,˥
䈶,ts,ʊ,ŋ,˩˨
䈷,l,ɔ:,k,˧
䈸,h,ʊ,k,˨
䈹,s,a:u,,˧˥
䈺,ts,ʊ,ŋ,˥
䈻,pʰ,ou,,˩˨
䈼,m,i:,t,˨
䈽,k,ɐ,n,˥
䈾,s,ɐu,,˥
䈿,m,a:,k,˨
䉀,s,y:,,˧
䉁,l,ɪ,ŋ,˩˨
䉂,l,ɵy,,˩˧
䉃,ts,œ:,ŋ,˧˥
䉄,l,ɪ,ŋ,˩˨
䉅,tsʰ,a:,p,˥
䉆,t,i:u,,˧˥
䉇,,,,
䉈,s,a:,n,˧˥
䉉,k,u:,,˥
䉊,f,ɐ,n,˩˨
䉋,m,ei,,˨
䉌,s,ɵy,,˨
䉍,k,a:,n,˧˥
䉎,tʰ,ɔ:,ŋ,˩˨
䉏,,a:,m,˧˥
䉐,f,u:,,˥
䉑,m,ou,,˩˨
䉒,f,ɐ,n,˩˨
䉓,kʰ,ɔ:,k,˧
䉔,tsʰ,ɐ,n,˥
䉕,tsʰ,ɐ,ŋ,˩˨
䉖,l,ɪ,ŋ,˩˨
䉗,ts,a:,p,˥
䉘,tsʰ,ʊ,ŋ,˩˨
䉙,w,ɐ,n,˩˨
䉚,kʰ,a:u,,˧
䉛,ts,ʊ,k,˥
䉜,ts,i:,,˨
䉝,ts,i:,,˧˥
䉞,tsʰ,ɐ,ŋ,˩˨
䉟,w,ɔ:,k,˨
䉠,m,ei,,˩˨
䉡,tʰ,ɐ,m,˩˨
䉢,s,a:,p,˥
䉣,s,ɛ:,,˧
䉤,s,a:u,,˧˥
䉥,s,ʊ,ŋ,˥
䉦,tsʰ,i:,n,˥
䉧,l,ɐu,,˩˨
䉨,ŋ,a:i,,˨
䉩,,a:u,,˥
䉪,l,ɵy,,˨
䉫,l,ɐi,,˩˨
䉬,p,i:,t,˥
䉭,l,ɐ,p,˨
䉮,l,ɵ,n,˨
䉯,k,a:,,˧
䉰,ŋ,ɐu,,˩˨
䉱,,a:u,,˥
䉲,n,ei,,˩˨
䉳,s,i:,n,˥
䉴,ts,œ:,ŋ,˩˨
䉵,k,y:,n,˨
䉶,s,œ:,ŋ,˥
䉷,l,ɐ,m,˩˨
䉸,p,i:,n,˨
䉹,l,ɪ,ŋ,˩˨
䉺,h,ɔ:,ŋ,˧˥
䉻,kʰ,ei,,˩˨
䉼,l,i:u,,˨
䉽,p,ɐ,n,˧˥
䉾,p,ei,,˧
䉿,w,u:,,˩˨
䊀,w,u:,,˩˨
䊁,tsʰ,a:,p,˥
䊂,tsʰ,a:,k,˧
䊃,pʰ,a:u,,˧˥
䊄,kʰ,ʊ,ŋ,˩˨
䊅,m,a:,t,˨
䊆,kʰ,a:u,,˧
䊇,p,ou,,˨
䊈,m,u:i,,˩˨
䊉,s,ɐ,m,˧˥
䊊,m,ei,,˨
䊋,ts,ɔ:,ŋ,˥
䊌,,,,
䊍,tsʰ,i:,,˥
䊎,h,y:,n,˧
䊏,s,ɐ,m,˧˥
䊐,w,ɐ,n,˩˨
䊑,h,œ:,ŋ,˧˥
䊒,ts,ɪ,ŋ,˥
䊓,s,i:,,˨
䊔,ts,ɪ,ŋ,˥
䊕,k,i:,n,˥
䊖,f,a:,t,˥
䊗,w,ɔ:,ŋ,˩˨
䊘,ts,a:u,,˨
䊙,h,i:,n,˧˥
䊚,t,ɵy,,˥
䊛,s,a:,t,˧
䊜,tʰ,y:,n,˩˨
䊝,s,i:,t,˧
䊞,ts,a:,k,˨
䊟,m,u:,n,˩˨
䊠,h,ei,,˧
䊡,m,u:,n,˩˨
䊢,ts,œ:,ŋ,˥
䊣,w,ɔ:,ŋ,˩˨
䊤,tʰ,a:,m,˩˨
䊥,s,i:u,,˧
䊦,ts,i:,t,˧
䊧,p,a:i,,˧
䊨,l,ɔ:,,˩˨
䊩,f,a:,n,˩˨
䊪,l,ɐi,,˨
䊫,tsʰ,ɵy,,˥
䊬,tsʰ,a:,,˧
䊭,t,ou,,˨
䊮,t,ɛ:,k,˨
䊯,kʰ,ɔ:,ŋ,˩˨
䊰,tsʰ,y:,,˩˧
䊱,tsʰ,i:,m,˥
䊲,tsʰ,ɐ,n,˧˥
䊳,m,ei,,˩˨
䊴,h,i:,m,˧
䊵,kʰ,ɐu,,˩˨
䊶,ts,a:,n,˩˧
䊷,ts,i:,,˥
䊸,h,ɵy,,˥
䊹,tsʰ,i:,m,˥
䊺,w,u:,,˨
䊻,ts,i:,m,˥
䊼,tsʰ,i:,,˧˥
䊽,kw,a:i,,˧
䊾,m,ʊ,k,˨
䊿,f,u:,,˥
䋀,kʰw,a:,,˧
䋁,,ɐu,,˧
䋂,ŋ,ɐu,,˩˨
䋃,m,ou,,˨
䋄,l,ɵ,n,˩˨
䋅,,,,
䋆,,,,
䋇,,,,
䋈,ts,y:,,˩˨
䋉,kʰ,y:,t,˧
䋊,ts,ɪ,ŋ,˥
䋋,m,ɐ,n,˩˨
䋌,k,i:,n,˥
䋍,,ɔ:,,˥
䋎,ts,ɐ,n,˧˥
䋏,ts,ɔ:,k,˨
䋐,ts,y:,t,˨
䋑,p,ɪ,ŋ,˧˥
䋒,n,ou,,˨
䋓,ts,ɐu,,˧
䋔,p,i:,t,˥
䋕,ts,a:,m,˨
䋖,l,ɵ,t,˨
䋗,k,i:,n,˥
䋘,tʰ,ɵy,,˩˨
䋙,ŋ,a:i,,˨
䋚,ts,ɪ,k,˨
䋛,m,ɐi,,˩˧
䋜,h,ɪ,ŋ,˧
䋝,ts,ɪ,ŋ,˥
䋞,m,a:u,,˩˧
䋟,k,ei,,˨
䋠,p,ou,,˧˥
䋡,s,y:,,˥
䋢,p,i:,t,˧
䋣,f,a:,n,˩˨
䋤,ts,œ:,k,˨
䋥,l,a:i,,˨
䋦,f,a:,n,˩˨
䋧,kʰ,ɵy,,˩˨
䋨,f,u:,,˧˥
䋩,ts,i:,,˩˨
䋪,,ɔ:,,˥
䋫,ts,ɐ,ŋ,˥
䋬,ts,i:,m,˥
䋭,ts,ʊ,k,˨
䋮,k,a:,m,˥
䋯,h,ɪ,ŋ,˧
䋰,k,ʊ,k,˨
䋱,l,ɔ:i,,˩˨
䋲,m,ɐ,ŋ,˩˧
䋳,p,u:i,,˧
䋴,ts,a:u,,˧˥
䋵,ts,i:,,˧
䋶,s,ɵy,,˥
䋷,l,a:u,,˩˨
䋸,tsʰ,ɵ,n,˩˨
䋹,f,ʊ,k,˥
䋺,tsʰ,ɐu,,˥
䋻,n,ei,,˩˧
䋼,tʰ,ɪ,ŋ,˥
䋽,pʰ,ʊ,ŋ,˧˥
䋾,n,a:,,˩˧
䋿,w,u:i,,˥
䌀,f,ɔ:,,˥
䌁,ts,a:u,,˩˨
䌂,,a:u,,˧
䌃,s,i:u,,˥
䌄,k,ɐ,ŋ,˧˥
䌅,tʰ,ɔ:,ŋ,˩˨
䌆,kw,a:i,,˧˥
䌇,s,ɐ,k,˧
䌈,tʰ,a:,p,˧
䌉,k,ɔ:,ŋ,˥
䌊,ts,i:u,,˩˨
䌋,t,a:,p,˧
䌌,tsʰ,a:,p,˥
䌍,k,ɐ,n,˧˥
䌎,l,œ:,k,˨
䌏,m,ɐ,t,˨
䌐,m,ɪ,k,˨
䌑,k,i:,n,˥
䌒,l,ʊ,k,˨
䌓,p,u:,n,˥
䌔,,a:u,,˧
䌕,m,ei,,˩˨
䌖,ts,i:,t,˨
䌗,f,u:,,˧˥
䌘,n,ei,,˩˨
䌙,f,ɔ:,ŋ,˧˥
䌚,s,i:u,,˥
䌛,ts,a:u,,˩˨
䌜,n,i:,p,˨
䌝,k,ɐ,m,˥
䌞,l,i:,m,˩˧
䌟,pʰ,ɛ:,k,˧
䌠,ts,i:,m,˧˥
䌡,tʰ,ɐi,,˧˥
䌢,l,ɪ,ŋ,˩˨
䌣,w,a:i,,˧˥
䌤,s,i:,,˥
䌥,ts,a:,n,˧˥
䌦,t,ou,,˨
䌧,tsʰ,ɐu,,˩˨
䌨,tsʰ,ɐ,t,˧
䌩,m,i:,t,˨
䌪,ts,i:,m,˩˨
䌫,l,a:,m,˨
䌬,tsʰ,ʊ,ŋ,˩˨
䌭,ts,i:u,,˥
䌮,s,œ:,ŋ,˥
䌯,h,y:,n,˥
䌰,s,i:,p,˧
䌱,p,ɔ:,k,˨
䌲,f,ɐ,n,˥
䌳,s,i:,,˥
䌴,l,ɔ:,k,˨
䌵,ts,ʊ,k,˥
䌶,ts,i:,,˥
䌷,tsʰ,a:u,,˥
䌸,k,y:,n,˧
䌹,kw,ɪ,ŋ,˥
䌺,ts,i:,,˩˧
䌻,ts,ɪ,k,˨
䌼,ts,ɵy,,˨
䌽,tsʰ,ɔ:i,,˧˥
䌾,ts,a:,m,˩˨
䌿,f,ʊ,k,˥
䍀,l,a:,m,˩˨
䍁,s,ɵy,,˨
䍂,ts,y:,,˥
䍃,ts,i:u,,˩˨
䍄,t,i:,m,˧˥
䍅,l,ɪ,ŋ,˩˨
䍆,tsʰ,y:,,˩˧
䍇,t,a:,p,˨
䍈,p,i:u,,˧˥
䍉,tsʰ,ɐ,k,˧
䍊,k,a:u,,˥
䍋,tsʰ,ɵy,,˩˨
䍌,p,ou,,˨
䍍,k,ei,,˧˥
䍎,tsʰ,y:,n,˧
䍏,,,,
䍐,h,ɔ:,n,˧˥
䍑,h,ɔ:,n,˧˥
䍒,m,a:u,,˩˧
䍓,ŋ,a:,,˩˨
䍔,kw,a:,ŋ,˥
䍕,t,ɐi,,˥
䍖,f,a:u,,˩˨
䍗,ts,y:,n,˩˨
䍘,n,ei,,˩˨
䍙,m,u:i,,˩˨
䍚,l,ɔ:,ŋ,˨
䍛,k,u:,,˧
䍜,ts,a:u,,˧
䍝,t,ɐ,p,˨
䍞,kw,ɪ,k,˥
䍟,ts,ʊ,ŋ,˧
䍠,l,ei,,˩˨
䍡,l,ʊ,k,˨
䍢,m,ou,,˩˨
䍣,l,ɵy,,˩˨
䍤,ts,a:i,,˥
䍥,l,ɪ,k,˨
䍦,l,ei,,˩˨
䍧,ts,ɔ:,ŋ,˥
䍨,p,u:,t,˨
䍩,ts,œ:,ŋ,˩˧
䍪,m,ɐ,t,˨
䍫,f,ɔ:,,˥
䍬,pʰ,ɪ,ŋ,˥
䍭,tsʰ,ɐu,,˩˨
䍮,s,i:u,,˨
䍯,kw,ɐi,,˧˥
䍰,ts,a:,n,˥
䍱,tsʰ,ɵy,,˩˨
䍲,n,ɐi,,˩˨
䍳,kʰ,y:,t,˧
䍴,w,ɐi,,˧˥
䍵,kʰ,a:,p,˥
䍶,t,ʊ,ŋ,˥
䍷,w,ɐi,,˩˧
䍸,p,ɔ:,k,˧
䍹,ts,i:,n,˥
䍺,w,a:,n,˩˨
䍻,s,y:,n,˧˥
䍼,tsʰ,ɐ,m,˩˨
䍽,l,ɪ,k,˨
䍾,ts,i:,n,˧˥
䍿,w,ɐ,ŋ,˩˨
䎀,ts,y:,t,˨
䎁,w,u:,,˩˨
䎂,p,ou,,˧˥
䎃,ts,i:,m,˩˧
䎄,t,i:u,,˥
䎅,pʰ,ɐ,k,˧
䎆,l,a:,m,˩˧
䎇,ts,a:u,,˥
䎈,ts,a:i,,˨
䎉,w,a:,t,˨
䎊,pʰ,ɐ,k,˧
䎋,kʰ,a:u,,˧
䎌,tsʰ,ʊ,k,˥
䎍,f,u:,,˥
䎎,n,a:,,˩˧
䎏,h,a:,m,˩˨
䎐,tsʰ,ɐu,,˧˥
䎑,l,ʊ,k,˨
䎒,ts,a:,n,˧˥
䎓,t,a:,p,˨
䎔,f,u:,,˥
䎕,kw,a:,ŋ,˥
䎖,ts,ɐ,ŋ,˥
䎗,kʰ,i:u,,˩˨
䎘,s,ʊ,k,˥
䎙,p,a:,n,˥
䎚,w,ɐi,,˨
䎛,,,,
䎜,f,ɐ,n,˥
䎝,ts,y:,,˧
䎞,,,,
䎟,h,ei,,˧
䎠,n,ɔ:,,˨
䎡,n,y:,n,˩˧
䎢,h,ɐ,t,˥
䎣,tsʰ,i:,,˩˧
䎤,k,ʊ,k,˨
䎥,,,,
䎦,h,a:,m,˧˥
䎧,pʰ,ɔ:,ŋ,˩˧
䎨,,a:,m,˧
䎩,ts,i:,,˥
䎪,n,ɵ,t,˨
䎫,tsʰ,œ:,ŋ,˥
䎬,pʰ,a:,,˩˨
䎭,tsʰ,i:u,,˩˨
䎮,tʰ,a:i,,˧
䎯,h,ɔ:,n,˧˥
䎰,ts,ɔ:,k,˧
䎱,pʰ,a:,,˩˨
䎲,h,ei,,˧˥
䎳,ts,y:,t,˨
䎴,k,a:,ŋ,˥
䎵,p,ei,,˧
䎶,n,ei,,˨
䎷,ts,y:,,˧
䎸,ŋ,,,˨
䎹,m,a:,n,˩˨
䎺,ts,ɐi,,˧
䎻,ts,a:u,,˧˥
䎼,l,ʊ,k,˨
䎽,m,ɐ,n,˩˨
䎾,kw,a:,n,˧˥
䎿,tsʰ,ɐu,,˩˨
䏀,l,ɐ,t,˨
䏁,ts,ɔ:i,,˧˥
䏂,s,ɐu,,˧˥
䏃,m,i:,n,˩˨
䏄,ts,a:,t,˨
䏅,tsʰ,ɐi,,˧
䏆,tsʰ,ou,,˩˨
䏇,pʰ,i:u,,˧
䏈,l,y:,n,˩˨
䏉,s,a:,p,˥
䏊,l,ʊ,ŋ,˩˨
䏋,s,ʊ,k,˥
䏌,ŋ,a:,t,˨
䏍,ts,y:,n,˧
䏎,f,ʊ,ŋ,˩˨
䏏,h,ɵy,,˥
䏐,kʰ,y:,t,˧
䏑,ts,ɛ:,,˧
䏒,pʰ,i:,n,˧
䏓,k,u:,n,˧˥
䏔,n,a:u,,˧˥
䏕,n,ei,,˩˧
䏖,ts,a:,n,˩˧
䏗,kʰ,ɔ:i,,˧
䏘,,,,
䏙,t,ɐ,m,˥
䏚,m,i:u,,˩˧
䏛,tsʰ,ɵ,n,˧˥
䏜,h,ɔ:,,˥
䏝,ts,y:,n,˥
䏞,m,u:,t,˨
䏟,p,i:,t,˧
䏠,ts,a:,p,˥
䏡,tsʰ,ɛ:,,˧˥
䏢,p,ei,,˧˥
䏣,tsʰ,ɵy,,˧
䏤,s,ei,,˧
䏥,tʰ,a:,m,˥
䏦,kw,a:,t,˧
䏧,n,a:,,˩˨
䏨,t,ɵy,,˥
䏩,kʰ,a:,p,˥
䏪,n,ei,,˨
䏫,tsʰ,a:u,,˧
䏬,m,a:u,,˩˨
䏭,ts,y:,,˥
䏮,h,i:,p,˧
䏯,ts,i:,,˧
䏰,ts,a:,n,˧˥
䏱,k,ʊ,k,˥
䏲,t,i:,t,˨
䏳,ts,i:,t,˧
䏴,s,ɐu,,˧˥
䏵,m,ɔ:,ŋ,˩˧
䏶,p,a:i,,˨
䏷,h,ɔ:,n,˨
䏸,ts,y:,,˩˨
䏹,s,a:,m,˥
䏺,pʰ,ɔ:,ŋ,˥
䏻,n,a:,ŋ,˩˨
䏼,tsʰ,a:,n,˩˨
䏽,p,ou,,˨
䏾,pʰ,ɔ:,ŋ,˩˨
䏿,kʰ,ɐi,,˧˥
䐀,k,ei,,˧
䐁,t,œ:,k,˧
䐂,l,ʊ,k,˨
䐃,kʰw,a:,n,˧
䐄,h,a:,m,˨
䐅,ts,i:,,˩˨
䐆,tsʰ,ɔ:,,˥
䐇,s,ɵ,n,˩˨
䐈,pʰ,i:u,,˥
䐉,ts,i:,,˧
䐊,kʰw,a:,n,˥
䐋,tsʰ,ʊ,ŋ,˥
䐌,tʰ,i:,n,˧˥
䐍,ts,a:u,,˥
䐎,t,a:i,,˥
䐏,tsʰ,ɵ,n,˧˥
䐐,tsʰ,ɐu,,˥
䐑,p,ɐi,,˧
䐒,ts,a:,,˥
䐓,ts,a:u,,˩˨
䐔,p,a:,n,˧
䐕,tsʰ,a:,p,˥
䐖,ŋ,a:i,,˩˨
䐗,ts,y:,,˥
䐘,kʰ,œ:,k,˨
䐙,k,a:,k,˧
䐚,ts,ɪ,k,˥
䐛,t,ɐ,p,˧
䐜,tsʰ,ɐ,n,˥
䐝,s,ɔ:,,˧˥
䐞,ts,œ:,k,˨
䐟,k,ɔ:,ŋ,˧˥
䐠,,,,
䐡,tsʰ,i:,,˩˨
䐢,,,,
䐣,s,y:,n,˧˥
䐤,tsʰ,ɐi,,˥
䐥,ŋ,ɔ:,ŋ,˧
䐦,h,a:,p,˨
䐧,h,ou,,˧
䐨,k,ʊ,k,˥
䐩,,,,
䐪,,,,
䐫,s,ʊ,ŋ,˥
䐬,tsʰ,ou,,˩˨
䐭,,,,
䐮,tsʰ,ɐ,n,˧˥
䐯,l,ɵy,,˩˧
䐰,k,a:u,,˥
䐱,ts,ɐ,k,˨
䐲,,,,
䐳,ts,y:,,˩˨
䐴,,,,
䐵,w,ɔ:,ŋ,˧˥
䐶,,,,
䐷,t,a:,n,˥
䐸,kw,ɔ:,k,˧
䐹,,,,
䐺,tʰ,ɐ,m,˩˨
䐻,,,,
䐼,,,,
䐽,m,u:,n,˩˨
䐾,,,,
䐿,,ou,,˧
䑀,pʰ,ɪ,k,˥
䑁,,,,
䑂,,,,
䑃,m,ʊ,ŋ,˩˨
䑄,,,,
䑅,m,ʊ,ŋ,˩˨
䑆,ts,œ:,ŋ,˩˧
䑇,ts,ɐ,t,˥
䑈,,,,
䑉,ts,ɪ,ŋ,˩˨
䑊,,,,
䑋,ts,œ:,ŋ,˩˧
䑌,,,,
䑍,ts,i:,n,˥
䑎,,,,
䑏,kʰ,y:,n,˩˨
䑐,m,a:i,,˩˨
䑑,p,ʊ,k,˨
䑒,,,,
䑓,tʰ,ɔ:i,,˩˨
䑔,f,ɐi,,˧
䑕,s,y:,,˧˥
䑖,,,,
䑗,,,,
䑘,,,,
䑙,,,,
䑚,m,i:,n,˩˧
䑛,s,a:i,,˩˧
䑜,,,,
䑝,k,a:,,˧˥
䑞,s,ɵ,n,˧
䑟,w,ɔ:,ŋ,˩˨
䑠,l,i:u,,˩˧
䑡,tsʰ,a:,,˥
䑢,t,ou,,˥
䑣,,,,
䑤,,,,
䑥,,,,
䑦,kʰ,ɵy,,˩˨
䑧,f,u:,,˥
䑨,tʰ,ɔ:,,˩˨
䑩,,,,
䑪,,,,
䑫,,,,
䑬,tʰ,i:u,,˥
䑭,,,,
䑮,,,,
䑯,t,a:i,,˨
䑰,p,ou,,˨
䑱,w,u:,n,˧˥
䑲,ts,ɐu,,˧
䑳,l,ɵ,n,˩˨
䑴,kʰ,ei,,˩˨
䑵,m,ʊ,k,˨
䑶,s,i:,n,˨
䑷,,,,
䑸,ts,ʊ,ŋ,˥
䑹,s,ɐu,,˥
䑺,f,ɐ,n,˩˨
䑻,ts,a:u,,˩˨
䑼,s,a:u,,˧˥
䑽,t,ɐ,p,˨
䑾,,,,
䑿,s,ʊ,k,˥
䒀,p,ou,,˨
䒁,ts,a:,p,˨
䒂,ts,œ:,ŋ,˧˥
䒃,ts,ou,,˨
䒄,f,u:,,˧
䒅,,,,
䒆,tsʰ,i:,t,˧
䒇,t,a:u,,˧˥
䒈,,,,
䒉,m,ou,,˩˧
䒊,h,a:i,,˩˨
䒋,,,,
䒌,,,,
䒍,,,,
䒎,m,ɔ:,ŋ,˩˧
䒏,ts,ɐ,ŋ,˥
䒐,tsʰ,i:,,˧˥
䒑,tsʰ,ou,,˧˥
䒒,s,ɵy,,˥
䒓,,,,
䒔,,,,
䒕,s,i:u,,˧˥
䒖,,,,
䒗,k,a:,t,˥
䒘,s,ɵy,,˥
䒙,,,,
䒚,s,i:u,,˧˥
䒛,w,a:,n,˨
䒜,ŋ,a:u,,˩˨
䒝,,,,
䒞,tsʰ,ɐ,m,˩˨
䒟,t,a:,n,˥
䒠,f,ʊ,ŋ,˥
䒡,ts,a:,n,˩˧
䒢,,,,
䒣,ts,i:,m,˩˧
䒤,ts,a:,t,˨
䒥,,,,
䒦,,,,
䒧,k,ɔ:i,,˥
䒨,tsʰ,i:,,˧˥
䒩,w,ɔ:,,˩˨
䒪,p,i:,n,˨
䒫,t,ɔ:i,,˨
䒬,m,ɔ:,k,˨
䒭,t,ɐ,ŋ,˧˥
䒮,,,,
䒯,,,,
䒰,h,ɔ:,ŋ,˩˨
䒱,ts,ɪ,ŋ,˥
䒲,,,,
䒳,t,ɵy,,˧˥
䒴,ts,a:u,,˩˧
䒵,h,ou,,˧
䒶,tʰ,i:,n,˥
䒷,kʰ,u:,t,˧
䒸,h,y:,t,˧
䒹,,,,
䒺,k,ɐ,n,˧˥
䒻,,,,
䒼,,,,
䒽,m,ɔ:,ŋ,˩˧
䒾,ts,i:,,˥
䒿,,,,
䓀,,,,
䓁,,,,
䓂,ts,i:,n,˩˨
䓃,ts,a:,p,˥
䓄,,,,
䓅,,,,
䓆,ts,i:,t,˧
䓇,h,ɐ,k,˥
䓈,ts,ɪ,k,˨
䓉,ts,ɛ:,,˩˨
䓊,ŋ,,,˩˨
䓋,,,,
䓌,ts,i:,,˧
䓍,,,,
䓎,,,,
䓏,,,,
䓐,s,ɵ,n,˩˨
䓑,,,,
䓒,kw,a:i,,˧˥
䓓,tsʰ,a:u,,˩˨
䓔,,,,
䓕,w,a:i,,˧˥
䓖,kʰ,ʊ,ŋ,˩˨
䓗,tsʰ,ʊ,ŋ,˥
䓘,k,a:u,,˧
䓙,kw,ɐi,,˥
䓚,k,u:,,˥
䓛,w,a:,t,˥
䓜,,,,
䓝,l,a:u,,˩˨
䓞,l,ɵy,,˨
䓟,ts,ɐu,,˥
䓠,t,ɐ,p,˨
䓡,ts,i:,,˥
䓢,k,u:,,˧
䓣,l,œ:,ŋ,˩˧
䓤,f,ɐ,t,˥
䓥,,,,
䓦,t,i:,n,˧˥
䓧,k,ɪ,k,˥
䓨,,a:,ŋ,˥
䓩,,,,
䓪,,,,
䓫,,,,
䓬,,,,
䓭,tsʰ,ɐ,t,˧
䓮,m,ɐu,,˨
䓯,t,ʊ,k,˨
䓰,ts,a:,n,˥
䓱,tsʰ,a:i,,˩˨
䓲,ts,ɵy,,˨
䓳,k,ɪ,ŋ,˧
䓴,ts,i:,,˩˨
䓵,,,,
䓶,l,a:i,,˨
䓷,h,ɐ,ŋ,˨
䓸,k,ɐ,n,˥
䓹,ts,i:,,˧
䓺,m,ei,,˩˧
䓻,,,,
䓼,,,,
䓽,k,ei,,˧
䓾,s,ɔ:,,˥
䓿,,,,
䔀,s,ɵy,,˥
䔁,l,ɵ,t,˨
䔂,ts,ɔ:i,,˧˥
䔃,ts,ou,,˧˥
䔄,ts,i:u,,˩˨
䔅,k,ɵy,,˥
䔆,l,ei,,˩˨
䔇,h,ei,,˧˥
䔈,k,ʊ,ŋ,˧
䔉,s,y:,n,˧
䔊,,,,
䔋,,,,
䔌,,,,
䔍,,,,
䔎,tsʰ,ʊ,k,˥
䔏,tsʰ,ou,,˧
䔐,,,,
䔑,tsʰ,ɛ:,,˩˨
䔒,p,u:,n,˥
䔓,h,ɵy,,˧˥
䔔,k,ɪ,ŋ,˨
䔕,pʰ,ou,,˩˨
䔖,l,ɪ,ŋ,˩˨
䔗,tsʰ,œ:,ŋ,˩˨
䔘,,,,
䔙,tsʰ,œ:,k,˧
䔚,s,ɵ,n,˩˨
䔛,kʰ,ɪ,ŋ,˧˥
䔜,,,,
䔝,,,,
䔞,l,ɵy,,˨
䔟,ts,y:,,˩˨
䔠,s,ɐu,,˥
䔡,ts,y:,,˩˨
䔢,w,a:,,˩˨
䔣,l,ɐi,,˩˨
䔤,,,,
䔥,s,i:u,,˥
䔦,,,,
䔧,l,a:i,,˩˨
䔨,,,,
䔩,,,,
䔪,s,ɔ:,ŋ,˧˥
䔫,,,,
䔬,ts,i:,,˨
䔭,n,ɪ,ŋ,˨
䔮,s,i:,,˥
䔯,,,,
䔰,f,u:,,˥
䔱,ts,a:,p,˥
䔲,t,ɐ,ŋ,˥
䔳,k,i:,n,˥
䔴,,,,
䔵,k,a:,n,˥
䔶,tʰ,ɐi,,˩˨
䔷,kʰ,ɐ,m,˩˨
䔸,p,i:u,,˥
䔹,s,ɵy,,˨
䔺,,,,
䔻,t,ɵ,n,˥
䔼,s,ɐ,p,˧
䔽,,,,
䔾,,,,
䔿,tsʰ,y:,n,˧˥
䕀,f,u:,n,˧˥
䕁,,,,
䕂,,,,
䕃,ts,a:,m,˥
䕄,ts,ɪ,ŋ,˥
䕅,s,ou,,˧˥
䕆,,,,
䕇,,,,
䕈,t,i:,p,˨
䕉,ts,ɐ,k,˧
䕊,s,ɪ,k,˥
䕋,tʰ,ɔ:,ŋ,˩˨
䕌,ts,i:,,˨
䕍,ts,a:u,,˩˧
䕎,f,ʊ,k,˥
䕏,ŋ,ɔ:,,˩˨
䕐,,,,
䕑,s,ɵy,,˥
䕒,k,a:,,˥
䕓,tsʰ,a:,t,˧
䕔,h,a:,m,˩˨
䕕,m,a:,n,˨
䕖,s,y:,n,˥
䕗,,,,
䕘,l,ɪ,ŋ,˩˨
䕙,ts,i:,t,˨
䕚,kw,ɐi,,˨
䕛,k,a:,p,˧
䕜,,,,
䕝,tsʰ,ɪ,ŋ,˥
䕞,l,ɔ:,ŋ,˨
䕟,k,ʊ,k,˥
䕠,f,ɐi,,˧
䕡,,,,
䕢,,,,
䕣,h,a:,p,˨
䕤,,,,
䕥,,,,
䕦,ts,ɪ,ŋ,˩˨
䕧,,,,
䕨,tʰ,ɐ,ŋ,˩˨
䕩,,,,
䕪,ts,a:,k,˨
䕫,kʰw,ɐi,,˩˨
䕬,k,œ:,ŋ,˥
䕭,tsʰ,i:,m,˩˨
䕮,k,ʊ,k,˥
䕯,pʰ,i:u,,˩˨
䕰,,,,
䕱,t,ɐ,m,˥
䕲,l,ɐ,m,˩˧
䕳,n,ei,,˩˨
䕴,,,,
䕵,,,,
䕶,w,u:,,˨
䕷,m,ei,,˩˨
䕸,k,a:i,,˥
䕹,tsʰ,ɐ,p,˧
䕺,tsʰ,ʊ,ŋ,˩˨
䕻,l,ɐi,,˨
䕼,n,ɐ,n,˩˨
䕽,ts,ʊ,k,˨
䕾,ts,a:,m,˩˨
䕿,h,ɐ,m,˧
䖀,tsʰ,ɵy,,˧
䖁,ts,i:,,˧
䖂,l,y:,n,˩˨
䖃,l,a:,,˧
䖄,ts,i:,n,˩˨
䖅,l,ɪ,ŋ,˩˨
䖆,ts,œ:,ŋ,˨
䖇,w,ɐ,t,˥
䖈,ts,œ:,k,˨
䖉,h,ɵy,,˥
䖊,ts,i:,,˨
䖋,ts,œ:,k,˨
䖌,ts,i:,,˨
䖍,kʰ,i:,n,˩˨
䖎,,,,
䖏,tsʰ,y:,,˧
䖐,,,,
䖑,,,,
䖒,,,,
䖓,,,,
䖔,,,,
䖕,,,,
䖖,h,a:,p,˨
䖗,,,,
䖘,,,,
䖙,,,,
䖚,w,u:,,˥
䖛,s,ɐ,k,˧
䖜,,,,
䖝,tsʰ,ʊ,ŋ,˩˨
䖞,ts,ɐu,,˧˥
䖟,m,ɔ:,ŋ,˩˨
䖠,ts,y:,n,˩˨
䖡,,,,
䖢,m,i:u,,˩˨
䖣,ts,ɐu,,˧˥
䖤,ts,y:,n,˥
䖥,m,a:u,,˩˨
䖦,,,,
䖧,,,,
䖨,s,ɛ:,k,˨
䖩,p,i:,t,˥
䖪,,,,
䖫,pʰ,ɔ:,ŋ,˩˧
䖬,,,,
䖭,k,y:,n,˧˥
䖮,,,,
䖯,f,u:i,,˥
䖰,p,ei,,˥
䖱,h,ɔ:,ŋ,˩˨
䖲,tsʰ,ɵ,n,˩˨
䖳,tsʰ,a:,,˧
䖴,ts,i:u,,˩˨
䖵,kʰw,ɐ,n,˥
䖶,,,,
䖷,h,ei,,˥
䖸,ŋ,ɔ:,,˩˨
䖹,ts,œ:,ŋ,˩˨
䖺,s,i:u,,˨
䖻,ts,a:u,,˩˨
䖼,k,œ:,k,˧
䖽,l,ei,,˩˨
䖾,,,,
䖿,l,ei,,˩˨
䗀,,,,
䗁,,,,
䗂,f,u:,,˧˥
䗃,ts,ɐ,n,˧˥
䗄,f,u:,,˧˥
䗅,tsʰ,œ:,ŋ,˩˨
䗆,k,u:,n,˥
䗇,k,ʊ,k,˥
䗈,m,ɔ:,ŋ,˩˨
䗉,tsʰ,œ:,ŋ,˥
䗊,,,,
䗋,m,ɐu,,˩˨
䗌,s,ɪ,ŋ,˥
䗍,l,ɐi,,˩˧
䗎,ts,a:,n,˧˥
䗏,,,,
䗐,s,i:,,˥
䗑,,,,
䗒,p,ei,,˧
䗓,tsʰ,ʊ,ŋ,˥
䗔,h,ɐu,,˩˨
䗕,ts,y:,n,˥
䗖,t,a:i,,˧
䗗,,,,
䗘,,,,
䗙,h,ɔ:,n,˩˨
䗚,p,ɔ:,k,˧
䗛,s,a:u,,˥
䗜,l,a:u,,˩˨
䗝,tsʰ,a:,m,˩˨
䗞,tsʰ,a:,m,˩˨
䗟,,,,
䗠,s,y:,n,˩˨
䗡,ts,i:,n,˥
䗢,ts,ou,,˧˥
䗣,,,,
䗤,ŋ,a:u,,˩˧
䗥,ts,ʊ,ŋ,˥
䗦,f,ʊ,ŋ,˥
䗧,h,ɔ:,ŋ,˥
䗨,ts,y:,,˩˨
䗩,tsʰ,ɪ,k,˥
䗪,ts,ɛ:,,˧
䗫,m,a:,,˧
䗬,f,ʊ,ŋ,˥
䗭,,,,
䗮,tsʰ,ɔ:,ŋ,˧˥
䗯,ts,ɵ,n,˧
䗰,k,u:,n,˧
䗱,p,ʊ,k,˨
䗲,,,,
䗳,,,,
䗴,,,,
䗵,k,œ:,ŋ,˥
䗶,l,a:,p,˨
䗷,ts,i:,,˧
䗸,ts,ʊ,ŋ,˧˥
䗹,tsʰ,i:,,˧
䗺,ts,i:,n,˩˨
䗻,ts,ɪ,k,˥
䗼,f,a:,n,˥
䗽,,,,
䗾,h,i:,n,˧˥
䗿,n,ɪ,ŋ,˩˨
䘀,f,a:u,,˨
䘁,ts,i:,t,˨
䘂,,,,
䘃,m,a:,k,˨
䘄,,,,
䘅,n,a:,ŋ,˩˨
䘆,h,i:,n,˧˥
䘇,m,ɐ,n,˥
䘈,l,a:i,,˨
䘉,tsʰ,a:,m,˩˨
䘊,m,i:,t,˨
䘋,,,,
䘌,n,ɪ,k,˥
䘍,tsʰ,a:i,,˧
䘎,w,ɐ,n,˥
䘏,s,ɵ,t,˥
䘐,n,ʊ,k,˨
䘑,m,ɐ,k,˨
䘒,tsʰ,ɔ:,,˩˨
䘓,,,,
䘔,h,ɔ:,,˧˥
䘕,h,ɔ:,ŋ,˩˨
䘖,,,,
䘗,f,a:i,,˥
䘘,ts,y:,,˨
䘙,w,ɐi,,˨
䘚,ts,ɵ,t,˥
䘛,k,ei,,˥
䘜,k,ɐ,n,˥
䘝,ts,ɪ,k,˨
䘞,,,,
䘟,,,,
䘠,f,a:,t,˥
䘡,p,ei,,˧˥
䘢,,,,
䘣,,,,
䘤,,,,
䘥,,,,
䘦,f,ɐi,,˧
䘧,,,,
䘨,k,a:u,,˥
䘩,tsʰ,ɵ,n,˩˨
䘪,tsʰ,ʊ,ŋ,˥
䘫,ts,y:,,˩˨
䘬,ts,ʊ,ŋ,˩˨
䘭,s,ɐ,k,˧
䘮,s,ɔ:,ŋ,˥
䘯,s,ɐu,,˥
䘰,,,,
䘱,ts,y:,,˨
䘲,,,,
䘳,kʰ,a:,m,˥
䘴,ts,ʊ,ŋ,˥
䘵,l,ʊ,k,˨
䘶,,,,
䘷,,,,
䘸,,,,
䘹,tsʰ,ɵy,,˧
䘺,ts,a:,n,˨
䘻,ts,ʊ,k,˨
䘼,w,u:,n,˧˥
䘽,ŋ,a:i,,˩˨
䘾,k,u:,n,˧˥
䘿,f,a:,t,˥
䙀,p,ɐ,ŋ,˥
䙁,tsʰ,ɐ,n,˥
䙂,ts,ʊ,ŋ,˥
䙃,,,,
䙄,,,,
䙅,ts,i:u,,˥
䙆,,,,
䙇,,,,
䙈,h,ɐu,,˩˨
䙉,tsʰ,ɵ,n,˩˨
䙊,ts,ɛ:,,˨
䙋,,,,
䙌,k,u:i,,˧˥
䙍,,,,
䙎,,,,
䙏,p,ɔ:,k,˨
䙐,,,,
䙑,tsʰ,ɵy,,˥
䙒,tsʰ,ʊ,k,˨
䙓,p,a:i,,˧˥
䙔,,a:u,,˥
䙕,,,,
䙖,p,ɐ,ŋ,˥
䙗,,,,
䙘,,,,
䙙,tsʰ,i:,,˩˨
䙚,n,i:u,,˩˧
䙛,kw,a:,n,˧˥
䙜,f,ʊ,ŋ,˩˨
䙝,s,i:,t,˧
䙞,t,ɐ,ŋ,˥
䙟,w,ɐi,,˩˨
䙠,kʰ,y:,t,˧
䙡,kʰ,u:i,,˧˥
䙢,ts,a:,ŋ,˨
䙣,,,,
䙤,,,,
䙥,l,ɪ,ŋ,˩˨
䙦,,,,
䙧,f,ɐ,n,˥
䙨,kw,ɔ:,,˧˥
䙩,m,ʊ,ŋ,˩˨
䙪,pʰ,a:,n,˧
䙫,,,,
䙬,ts,ɪ,ŋ,˧
䙭,h,i:,n,˥
䙮,k,u:,n,˧
䙯,tsʰ,ʊ,k,˥
䙰,l,ei,,˩˨
䙱,s,ʊ,k,˨
䙲,tsʰ,ɛ:,ŋ,˥
䙳,p,i:u,,˥
䙴,s,i:,n,˥
䙵,s,a:i,,˥
䙶,,,,
䙷,t,a:,k,˥
䙸,t,ɐ,k,˥
䙹,,,,
䙺,l,i:,m,˩˨
䙻,,,,
䙼,,,,
䙽,,,,
䙾,s,i:,,˥
䙿,m,ei,,˨
䚀,,,,
䚁,,,,
䚂,h,ɐ,k,˥
䚃,,,,
䚄,l,ʊ,k,˥
䚅,l,ɔ:i,,˩˨
䚆,,,,
䚇,s,ɐ,ŋ,˧˥
䚈,,,,
䚉,h,a:,m,˥
䚊,,,,
䚋,w,a:,n,˩˨
䚌,,,,
䚍,,,,
䚎,ts,ɔ:,ŋ,˥
䚏,,,,
䚐,,,,
䚑,,,,
䚒,s,ɔ:,,˧˥
䚓,,,,
䚔,p,a:,n,˥
䚕,l,a:i,,˨
䚖,l,ɪ,ŋ,˩˨
䚗,k,ɔ:,ŋ,˥
䚘,,,,
䚙,,,,
䚚,,,,
䚛,,,,
䚜,p,ei,,˥
䚝,ts,ɵ,t,˥
䚞,,,,
䚟,t,a:i,,˧˥
䚠,w,ɐ,n,˨
䚡,s,ɔ:i,,˥
䚢,,,,
䚣,tʰ,a:i,,˧
䚤,,,,
䚥,ts,œ:,k,˨
䚦,,,,
䚧,l,ɐu,,˩˨
䚨,f,ɐi,,˧
䚩,f,a:,n,˩˨
䚪,kw,a:,n,˥
䚫,,,,
䚬,l,ɵ,n,˩˨
䚭,,,,
䚮,ts,ɪ,ŋ,˩˨
䚯,tʰ,ou,,˧˥
䚰,pʰ,ei,,˧˥
䚱,tsʰ,a:,n,˥
䚲,s,a:,n,˧
䚳,,,,
䚴,,,,
䚵,,,,
䚶,tʰ,i:,n,˥
䚷,ts,i:,,˥
䚸,,,,
䚹,pʰ,ei,,˧˥
䚺,m,i:u,,˩˧
䚻,ts,i:u,,˩˨
䚼,n,ʊ,k,˨
䚽,h,ou,,˧
䚾,n,i:,p,˨
䚿,,,,
䛀,f,ɐ,n,˧˥
䛁,n,ɐ,m,˩˨
䛂,tsʰ,i:,,˧˥
䛃,,,,
䛄,,,,
䛅,,,,
䛆,ts,a:u,,˧
䛇,,,,
䛈,h,i:,n,˥
䛉,,,,
䛊,,,,
䛋,,,,
䛌,tʰ,ou,,˩˨
䛍,f,ɐi,,˧
䛎,,,,
䛏,n,ei,,˩˨
䛐,tsʰ,i:,,˩˨
䛑,m,ɐ,t,˨
䛒,p,i:,n,˨
䛓,k,ɐ,m,˥
䛔,n,a:,,˩˨
䛕,n,a:,,˩˨
䛖,ts,a:i,,˨
䛗,,,,
䛘,ts,a:,m,˩˨
䛙,tsʰ,ʊ,k,˨
䛚,,,,
䛛,,,,
䛜,s,ɵ,n,˧
䛝,,,,
䛞,h,ɔ:,n,˩˧
䛟,k,ɐ,p,˧
䛠,t,a:u,,˧˥
䛡,w,a:,,˨
䛢,tʰ,ʊ,k,˥
䛣,,,,
䛤,tsʰ,ʊ,k,˥
䛥,h,ei,,˥
䛦,ts,ʊ,ŋ,˨
䛧,m,ɐi,,˩˨
䛨,s,ɵ,n,˧
䛩,kʰ,u:i,,˧˥
䛪,kʰ,ʊ,ŋ,˩˨
䛫,ts,œ:,ŋ,˥
䛬,tʰ,ou,,˩˨
䛭,h,ɐ,ŋ,˨
䛮,k,a:u,,˧
䛯,k,ɵy,,˧
䛰,w,ɐ,n,˨
䛱,,,,
䛲,m,ɐ,n,˩˨
䛳,ts,i:,m,˥
䛴,,,,
䛵,s,ɐu,,˨
䛶,l,ɔ:i,,˨
䛷,ts,y:,n,˧˥
䛸,ts,a:,m,˥
䛹,,,,
䛺,k,a:i,,˧
䛻,ts,a:u,,˩˧
䛼,w,ɐi,,˧˥
䛽,tsʰ,ɐ,p,˧
䛾,s,ou,,˧
䛿,k,a:,k,˧
䜀,n,ou,,˩˧
䜁,h,a:i,,˩˧
䜂,,,,
䜃,t,ɵy,,˥
䜄,tsʰ,i:,,˩˨
䜅,,,,
䜆,n,i:,p,˨
䜇,kw,ɐ,n,˧˥
䜈,tsʰ,ɐu,,˥
䜉,,,,
䜊,ts,ou,,˥
䜋,,,,
䜌,l,y:,n,˩˨
䜍,l,i:u,,˩˨
䜎,l,ou,,˩˨
䜏,,,,
䜐,,,,
䜑,m,ʊ,ŋ,˩˨
䜒,,ou,,˧
䜓,,,,
䜔,tsʰ,ɵy,,˩˨
䜕,,,,
䜖,t,ɐ,m,˨
䜗,,,,
䜘,k,ɪ,ŋ,˧˥
䜙,,,,
䜚,t,a:,p,˨
䜛,tsʰ,ɐ,m,˩˨
䜜,,,,
䜝,,,,
䜞,ts,a:i,,˥
䜟,tsʰ,a:,m,˧
䜠,ts,i:,,˧
䜡,,,,
䜢,,,,
䜣,,a:u,,˥
䜤,,,,
䜥,t,a:,n,˧
䜦,,,,
䜧,n,ou,,˩˧
䜨,,,,
䜩,ts,i:,n,˧
䜪,,,,
䜫,w,a:,ŋ,˩˨
䜬,tsʰ,a:i,,˩˨
䜭,ts,ɵ,n,˧
䜮,l,ou,,˩˨
䜯,k,ʊ,k,˥
䜰,,,,
䜱,,,,
䜲,l,a:i,,˨
䜳,,,,
䜴,s,i:,,˨
䜵,tsʰ,ɛ:,k,˧
䜶,h,ɔ:,ŋ,˩˨
䜷,tsʰ,ɐ,m,˥
䜸,,,,
䜹,tsʰ,ʊ,k,˥
䜺,,,,
䜻,s,i:,,˨
䜼,,,,
䜽,ts,y:,,˩˨
䜾,ts,a:,m,˥
䜿,,,,
䝀,l,ɐu,,˩˨
䝁,l,ou,,˩˨
䝂,s,y:,,˨
䝃,,,,
䝄,s,œ:,ŋ,˥
䝅,,,,
䝆,f,ɐ,t,˥
䝇,f,u:i,,˥
䝈,,a:,k,˥
䝉,,,,
䝊,,,,
䝋,tsʰ,ɵy,,˩˨
䝌,,,,
䝍,kw,a:,n,˥
䝎,,,,
䝏,l,ɐu,,˩˨
䝐,tsʰ,œ:,k,˧
䝑,tsʰ,ʊ,ŋ,˥
䝒,,,,
䝓,l,i:,p,˨
䝔,f,u:,n,˥
䝕,,,,
䝖,tsʰ,œ:,k,˧
䝗,ts,a:u,,˥
䝘,ŋ,a:i,,˨
䝙,,,,
䝚,n,ei,,˩˨
䝛,p,ɔ:,,˥
䝜,s,y:,n,˥
䝝,ts,i:,,˥
䝞,h,ou,,˨
䝟,,ɐ,t,˧
䝠,ts,y:,n,˩˨
䝡,m,a:,n,˨
䝢,m,a:,n,˨
䝣,kʰ,ɵy,,˩˨
䝤,l,ou,,˩˧
䝥,h,ou,,˩˨
䝦,,,,
䝧,,,,
䝨,ts,i:,n,˩˨
䝩,ts,ɐ,n,˧
䝪,,,,
䝫,ts,ɔ:,k,˧
䝬,,,,
䝭,k,ɐu,,˧
䝮,s,ɵ,n,˧
䝯,ts,i:,,˨
䝰,,,,
䝱,,,,
䝲,ts,ɵ,n,˧˥
䝳,,,,
䝴,ts,ɐi,,˥
䝵,,,,
䝶,,,,
䝷,ts,i:,,˧
䝸,,,,
䝹,ts,y:,n,˥
䝺,k,u:,n,˧
䝻,tsʰ,ɵy,,˧
䝼,tsʰ,ɪ,ŋ,˩˨
䝽,,,,
䝾,f,u:,,˧˥
䝿,kw,ɐi,,˧
䞀,h,ɐu,,˨
䞁,,ɐ,n,˧
䞂,n,y:,n,˨
䞃,ts,i:,,˧
䞄,p,i:u,,˧˥
䞅,ts,i:,,˩˨
䞆,s,ɔ:,,˧˥
䞇,ts,i:,,˧
䞈,kw,ɐi,,˧
䞉,s,ɪ,ŋ,˨
䞊,,,,
䞋,,,,
䞌,s,i:,t,˧
䞍,tsʰ,ɪ,ŋ,˩˨
䞎,,,,
䞏,,,,
䞐,,,,
䞑,h,ʊ,ŋ,˩˨
䞒,t,ʊ,ŋ,˨
䞓,tsʰ,ɪ,ŋ,˥
䞔,m,ei,,˩˧
䞕,ts,y:,,˩˨
䞖,,,,
䞗,tsʰ,a:i,,˥
䞘,k,ɐ,t,˨
䞙,,,,
䞚,,,,
䞛,,,,
䞜,f,u:,,˨
䞝,ts,ʊ,k,˨
䞞,f,a:,t,˥
䞟,p,ɐ,k,˥
䞠,,,,
䞡,tʰ,ɐ,n,˧˥
䞢,ts,a:,,˧
䞣,tsʰ,ɐ,k,˧
䞤,,,,
䞥,,,,
䞦,,,,
䞧,h,ɐu,,˨
䞨,kʰw,ɐi,,˧˥
䞩,,,,
䞪,ts,œ:,ŋ,˨
䞫,,,,
䞬,tʰ,a:u,,˧
䞭,,,,
䞮,,,,
䞯,,,,
䞰,,,,
䞱,,,,
䞲,,,,
䞳,p,a:,k,˨
䞴,,,,
䞵,,,,
䞶,tʰ,ɪ,k,˥
䞷,,a:,ŋ,˥
䞸,f,u:,,˨
䞹,w,ɐ,ŋ,˩˨
䞺,,,,
䞻,ts,ʊ,ŋ,˩˧
䞼,tsʰ,y:,n,˧˥
䞽,s,ɔ:,k,˧
䞾,t,a:i,,˨
䞿,h,i:,n,˥
䟀,,,,
䟁,,,,
䟂,m,ɐ,n,˨
䟃,tsʰ,a:,m,˧
䟄,,,,
䟅,,,,
䟆,p,ɐ,t,˥
䟇,k,ei,,˥
䟈,,,,
䟉,ts,ʊ,k,˨
䟊,,,,
䟋,,,,
䟌,,,,
䟍,p,i:,n,˥
䟎,,,,
䟏,l,ɪ,k,˥
䟐,h,i:,p,˧
䟑,ts,œ:,k,˨
䟒,h,y:,t,˧
䟓,t,ɪ,ŋ,˥
䟔,f,u:,,˨
䟕,tsʰ,a:,,˧
䟖,tsʰ,ɐ,ŋ,˥
䟗,s,ɛ:,,˩˨
䟘,,,,
䟙,tsʰ,a:i,,˧
䟚,kʰ,ei,,˩˨
䟛,,,,
䟜,n,ɐ,p,˨
䟝,tʰ,ɐu,,˧
䟞,tsʰ,y:,,˩˨
䟟,tsʰ,y:,t,˧
䟠,ts,y:,t,˨
䟡,t,a:i,,˧
䟢,tsʰ,a:,n,˧
䟣,,,,
䟤,p,i:,t,˥
䟥,,,,
䟦,p,ɐ,t,˨
䟧,tʰ,i:,n,˩˨
䟨,m,ɐ,n,˩˨
䟩,f,u:i,,˥
䟪,f,ʊ,ŋ,˧˥
䟫,tsʰ,a:,ŋ,˥
䟬,,,,
䟭,tʰ,ou,,˩˨
䟮,f,ʊ,k,˨
䟯,kʰ,u:,t,˧
䟰,,,,
䟱,tsʰ,i:,,˧
䟲,,,,
䟳,,,,
䟴,ŋ,ɐ,n,˧
䟵,kʰ,ɐu,,˩˨
䟶,tsʰ,ɔ:,,˧
䟷,,,,
䟸,kʰw,ɐi,,˩˨
䟹,,,,
䟺,p,u:i,,˧
䟻,,,,
䟼,m,ou,,˩˧
䟽,s,ɔ:,,˥
䟾,,,,
䟿,l,ʊ,k,˥
䠀,tsʰ,ɐ,ŋ,˥
䠁,ts,ɐi,,˥
䠂,tsʰ,ɔ:,,˧˥
䠃,l,œ:,ŋ,˩˧
䠄,,,,
䠅,,,,
䠆,tsʰ,œ:,ŋ,˩˨
䠇,,,,
䠈,,,,
䠉,w,u:,n,˨
䠊,f,a:i,,˩˨
䠋,p,ei,,˧˥
䠌,,,,
䠍,,,,
䠎,,a:,k,˥
䠏,kʰw,a:i,,˩˨
䠐,,,,
䠑,,,,
䠒,w,u:,,˩˨
䠓,,,,
䠔,m,a:i,,˩˨
䠕,,,,
䠖,,,,
䠗,tsʰ,ɐu,,˩˧
䠘,,,,
䠙,pʰ,a:u,,˩˨
䠚,m,a:,t,˨
䠛,ts,i:u,,˧˥
䠜,ts,ʊ,ŋ,˩˨
䠝,,,,
䠞,tsʰ,ʊ,k,˥
䠟,,,,
䠠,,,,
䠡,,,,
䠢,m,ʊ,ŋ,˨
䠣,s,y:,n,˧˥
䠤,,,,
䠥,p,i:,t,˨
䠦,tsʰ,i:,,˧
䠧,,,,
䠨,ts,i:,m,˥
䠩,k,u:i,,˨
䠪,t,y:,n,˨
䠫,,,,
䠬,t,ɐ,ŋ,˧
䠭,h,ɔ:,n,˩˧
䠮,h,ɐu,,˧˥
䠯,ts,œ:,k,˨
䠰,kʰ,y:,n,˩˨
䠱,ts,ʊ,k,˨
䠲,l,ɪ,ŋ,˩˨
䠳,,,,
䠴,,,,
䠵,f,u:,,˨
䠶,s,ɛ:,,˨
䠷,tʰ,i:u,,˥
䠸,,,,
䠹,h,a:i,,˩˨
䠺,,,,
䠻,kʰ,ʊ,ŋ,˩˨
䠼,,,,
䠽,,,,
䠾,s,i:,m,˧˥
䠿,kʰ,u:i,,˧˥
䡀,ts,i:,n,˧
䡁,l,ʊ,ŋ,˩˧
䡂,,,,
䡃,l,ɪ,k,˨
䡄,,,,
䡅,tsʰ,ɵ,n,˩˨
䡆,,,,
䡇,w,a:,t,˨
䡈,k,ɐu,,˧
䡉,,,,
䡊,f,a:,n,˧˥
䡋,k,ei,,˥
䡌,w,ɐ,ŋ,˩˨
䡍,p,ɐ,k,˨
䡎,l,ou,,˩˨
䡏,w,a:,ŋ,˩˨
䡐,tʰ,ɔ:,,˩˨
䡑,m,ɐ,n,˩˨
䡒,tʰ,i:,n,˩˨
䡓,h,i:,n,˥
䡔,,,,
䡕,tsʰ,ɪ,ŋ,˧˥
䡖,,,,
䡗,k,ʊ,ŋ,˧˥
䡘,tʰ,i:,n,˩˨
䡙,l,ɔ:,ŋ,˩˨
䡚,,,,
䡛,,,,
䡜,l,ʊ,k,˨
䡝,,,,
䡞,,,,
䡟,p,ei,,˨
䡠,,,,
䡡,k,ɐi,,˥
䡢,pʰ,i:,n,˧
䡣,,,,
䡤,ts,ɵy,,˧˥
䡥,ts,ʊ,ŋ,˧˥
䡦,s,ɔ:,ŋ,˧˥
䡧,w,u:,,˥
䡨,,,,
䡩,h,a:,m,˥
䡪,tsʰ,ɵy,,˥
䡫,,,,
䡬,m,a:,n,˨
䡭,s,a:u,,˥
䡮,ts,ʊ,ŋ,˥
䡯,tsʰ,ʊ,ŋ,˥
䡰,f,ɔ:,k,˧
䡱,ts,y:,n,˧˥
䡲,t,ɐ,n,˥
䡳,s,i:,,˥
䡴,tsʰ,ɔ:,ŋ,˩˨
䡵,s,ɵy,,˨
䡶,pʰ,ei,,˥
䡷,,,,
䡸,,,,
䡹,ts,a:,p,˥
䡺,w,ɐi,,˨
䡻,m,a:,n,˩˨
䡼,l,ɪ,ŋ,˩˨
䡽,,,,
䡾,ŋ,a:i,,˩˧
䡿,l,ɪ,ŋ,˩˨
䢀,k,a:,t,˥
䢁,ts,y:,t,˨
䢂,l,i:,p,˥
䢃,ŋ,ɐi,,˨
䢄,s,a:i,,˧˥
䢅,s,ɐ,n,˩˨
䢆,,,,
䢇,ts,ʊ,ŋ,˧˥
䢈,s,a:,n,˩˨
䢉,n,ʊ,ŋ,˩˨
䢊,ts,a:u,,˩˨
䢋,k,ɐu,,˧˥
䢌,,,,
䢍,f,ɔ:,ŋ,˧˥
䢎,k,ei,,˥
䢏,,,,
䢐,tsʰ,ou,,˩˨
䢑,,,,
䢒,k,a:u,,˥
䢓,ts,y:,,˥
䢔,h,ɐ,p,˨
䢕,,a:u,,˥
䢖,kw,a:i,,˧
䢗,kʰ,ʊ,k,˥
䢘,,,,
䢙,p,ɐi,,˨
䢚,k,ɐ,ŋ,˥
䢛,kw,ɪ,ŋ,˧˥
䢜,kw,ɐi,,˥
䢝,,a:,,˧
䢞,,,,
䢟,ts,a:u,,˩˨
䢠,s,ʊ,ŋ,˧
䢡,,,,
䢢,,,,
䢣,ts,i:u,,˩˨
䢤,s,ɵy,,˧˥
䢥,ts,i:,n,˧˥
䢦,s,ɵ,t,˥
䢧,l,i:u,,˨
䢨,s,ʊ,ŋ,˥
䢩,ts,y:,,˩˨
䢪,h,i:u,,˥
䢫,tsʰ,ɵy,,˩˨
䢬,tsʰ,i:,n,˥
䢭,s,i:,n,˨
䢮,,,,
䢯,l,ɵ,n,˩˨
䢰,tʰ,ɪ,k,˥
䢱,t,ʊ,k,˨
䢲,,,,
䢳,k,ei,,˧˥
䢴,tsʰ,i:,n,˥
䢵,f,u:,n,˧˥
䢶,p,ɔ:,ŋ,˥
䢷,,,,
䢸,,,,
䢹,,,,
䢺,tsʰ,ɵ,t,˥
䢻,s,ɐ,n,˩˨
䢼,tsʰ,ʊ,ŋ,˥
䢽,h,ɔ:,ŋ,˨
䢾,,,,
䢿,,ɔ:,n,˥
䣀,ŋ,a:i,,˩˨
䣁,ts,y:,,˩˧
䣂,l,ɔ:i,,˨
䣃,,,,
䣄,tʰ,ou,,˩˨
䣅,s,ɐ,n,˩˨
䣆,,,,
䣇,kʰ,ɐu,,˩˨
䣈,h,ɔ:,ŋ,˨
䣉,,,,
䣊,t,ɔ:,ŋ,˧˥
䣋,tsʰ,ɔ:i,,˧˥
䣌,t,ɐi,,˧˥
䣍,ts,i:,m,˥
䣎,tsʰ,i:,,˧˥
䣏,k,ʊ,ŋ,˥
䣐,ts,ɪ,ŋ,˥
䣑,tsʰ,i:,n,˩˨
䣒,,,,
䣓,,,,
䣔,tsʰ,a:u,,˩˨
䣕,m,a:,,˩˧
䣖,m,a:,,˩˧
䣗,,,,
䣘,tʰ,ɔ:,ŋ,˩˨
䣙,,,,
䣚,l,ɐu,,˩˨
䣛,s,ɐ,t,˥
䣜,,,,
䣝,tsʰ,y:,,˩˧
䣞,ŋ,ɔ:,k,˨
䣟,,,,
䣠,tʰ,a:i,,˧
䣡,,,,
䣢,,,,
䣣,t,ɔ:,ŋ,˧˥
䣤,,,,
䣥,p,ei,,˧˥
䣦,l,a:i,,˨
䣧,ts,ɪ,k,˨
䣨,s,ɵ,n,˩˨
䣩,s,ɵ,n,˩˨
䣪,,,,
䣫,,,,
䣬,kw,ɔ:,,˥
䣭,tʰ,ɐi,,˧
䣮,,,,
䣯,tʰ,i:,n,˧˥
䣰,k,ɵy,,˨
䣱,ts,y:,,˧
䣲,,,,
䣳,,,,
䣴,h,ɵy,,˧˥
䣵,n,ei,,˨
䣶,tʰ,i:,m,˩˨
䣷,ts,y:,,˥
䣸,,,,
䣹,f,ɐ,t,˨
䣺,k,y:,n,˥
䣻,,,,
䣼,l,œ:,ŋ,˩˨
䣽,ts,i:,,˥
䣾,,,,
䣿,,,,
䤀,,,,
䤁,t,ɐ,m,˥
䤂,m,ei,,˩˨
䤃,ts,a:,m,˥
䤄,m,i:,n,˩˧
䤅,,,,
䤆,kʰw,ɐi,,˩˨
䤇,s,ɐu,,˥
䤈,h,ei,,˥
䤉,m,ɐ,t,˨
䤊,m,a:u,,˩˨
䤋,kw,ɔ:,k,˧
䤌,tsʰ,œ:,ŋ,˥
䤍,,,,
䤎,,,,
䤏,pʰ,ei,,˧˥
䤐,,,,
䤑,,,,
䤒,,,,
䤓,m,ʊ,ŋ,˩˨
䤔,tsʰ,i:,n,˧˥
䤕,,,,
䤖,p,ou,,˨
䤗,,,,
䤘,,,,
䤙,,,,
䤚,l,ɐ,p,˨
䤛,kʰ,ɐu,,˩˨
䤜,t,ɵ,n,˨
䤝,ŋ,ɐ,ŋ,˨
䤞,w,ɐ,n,˩˧
䤟,,,,
䤠,ts,i:,,˧˥
䤡,ts,i:,m,˩˧
䤢,,,,
䤣,l,y:,t,˧
䤤,,,,
䤥,,,,
䤦,ts,y:,t,˨
䤧,w,a:i,,˨
䤨,pʰ,a:,n,˩˨
䤩,,,,
䤪,t,ɔ:,,˧˥
䤫,tsʰ,a:,m,˩˨
䤬,s,ɔ:,,˥
䤭,s,ɪ,k,˥
䤮,,,,
䤯,ts,ɪ,ŋ,˩˨
䤰,,,,
䤱,s,ɐi,,˨
䤲,,,,
䤳,ts,ɛ:,,˨
䤴,h,ɐ,m,˩˨
䤵,f,ei,,˥
䤶,,,,
䤷,,a:,m,˥
䤸,ts,y:,n,˧
䤹,s,a:u,,˥
䤺,k,ɐ,n,˥
䤻,t,ɔ:,,˨
䤼,s,i:,n,˧
䤽,kw,a:,n,˥
䤾,tʰ,ou,,˩˨
䤿,h,i:u,,˧
䥀,,,,
䥁,h,ɐ,m,˩˨
䥂,m,ʊ,ŋ,˨
䥃,,,,
䥄,,,,
䥅,kʰ,ɐ,m,˩˨
䥆,kʰ,ɐ,m,˩˨
䥇,s,i:,n,˧
䥈,m,ou,,˩˧
䥉,ts,y:,n,˥
䥊,tsʰ,œ:,ŋ,˥
䥋,p,a:,ŋ,˥
䥌,tʰ,i:,p,˧
䥍,ts,i:,,˧
䥎,s,ɵ,n,˩˨
䥏,ts,y:,,˩˧
䥐,m,ɐu,,˩˨
䥑,,,,
䥒,k,œ:,ŋ,˨
䥓,kʰ,ei,,˩˨
䥔,s,ʊ,k,˥
䥕,,,,
䥖,tʰ,i:,n,˩˨
䥗,f,u:,n,˧˥
䥘,tsʰ,ɔ:,,˧
䥙,s,ɵy,,˨
䥚,tsʰ,ɔ:,,˥
䥛,k,i:,t,˧
䥜,k,ɐ,n,˧
䥝,,ou,,˥
䥞,k,i:u,,˧˥
䥟,,,,
䥠,s,a:,m,˩˨
䥡,ts,i:,,˧
䥢,,,,
䥣,ts,ɔ:,k,˨
䥤,p,ɔ:,k,˨
䥥,l,i:,m,˩˨
䥦,,,,
䥧,s,y:,n,˩˨
䥨,l,ɵy,,˨
䥩,m,ei,,˩˨
䥪,h,i:,n,˧˥
䥫,t,i:u,,˥
䥬,p,a:,t,˨
䥭,ts,ɪ,ŋ,˧
䥮,ts,ʊ,k,˥
䥯,p,a:,,˨
䥰,m,ɔ:,ŋ,˩˨
䥱,s,ɛ:,,˧˥
䥲,,a:u,,˥
䥳,ts,a:u,,˥
䥴,tʰ,ɵ,n,˥
䥵,h,i:u,,˧˥
䥶,l,ɪ,k,˨
䥷,l,ou,,˩˧
䥸,n,ei,,˩˨
䥹,,,,
䥺,ts,ɛ:,,˩˨
䥻,,,,
䥼,,,,
䥽,pʰ,u:,t,˧
䥾,s,ɛ:,,˧˥
䥿,,,,
䦀,,,,
䦁,p,ɔ:,ŋ,˥
䦂,s,i:,n,˧
䦃,tsʰ,œ:,ŋ,˥
䦄,,,,
䦅,s,i:,n,˧
䦆,f,ɔ:,k,˧
䦇,k,ɐi,,˧
䦈,ts,ɛ:,,˥
䦉,,,,
䦊,,,,
䦋,ŋ,ou,,˩˨
䦌,,,,
䦍,,,,
䦎,k,u:,n,˧˥
䦏,,,,
䦐,,,,
䦑,,,,
䦒,t,ɔ:,ŋ,˨
䦓,ts,i:,m,˥
䦔,tʰ,a:,n,˧˥
䦕,pʰ,ɪ,ŋ,˥
䦖,,,,
䦗,kw,ɪ,k,˥
䦘,h,a:,n,˨
䦙,ts,i:,,˨
䦚,kʰ,u:,t,˧
䦛,ts,a:,ŋ,˧
䦜,ŋ,,,˩˨
䦝,,,,
䦞,ts,ɵ,n,˨
䦟,tsʰ,ɵy,,˧
䦠,tsʰ,i:,,˧˥
䦡,,,,
䦢,f,u:,t,˧
䦣,,,,
䦤,,,,
䦥,h,ɐ,n,˩˨
䦦,h,a:,m,˧˥
䦧,ts,ɪ,k,˥
䦨,l,a:,n,˩˨
䦩,,,,
䦪,,,,
䦫,ts,ɪ,ŋ,˥
䦬,,,,
䦭,,,,
䦮,,,,
䦯,ts,i:,,˧
䦰,k,ɐu,,˥
䦱,w,ɐi,,˧˥
䦲,ts,i:,m,˩˨
䦳,,,,
䦴,ts,ɪ,k,˨
䦵,,,,
䦶,ts,a:,ŋ,˧
䦷,tsʰ,ɵy,,˧
䦸,,,,
䦹,s,a:,p,˨
䦺,tsʰ,ɐ,p,˧
䦻,ts,i:,,˧˥
䦼,kʰ,y:,t,˧
䦽,ts,ɵy,,˨
䦾,w,a:,n,˩˧
䦿,,,,
䧀,,,,
䧁,,,,
䧂,ts,i:u,,˨
䧃,tʰ,i:,n,˩˨
䧄,,a:,k,˥
䧅,ts,i:,,˩˨
䧆,h,ʊ,ŋ,˩˨
䧇,ts,i:,,˥
䧈,,,,
䧉,l,ei,,˩˧
䧊,,,,
䧋,h,i:,n,˧˥
䧌,s,ɵy,,˥
䧍,kw,ɪ,k,˥
䧎,,,,
䧏,,,,
䧐,kw,ɪ,k,˥
䧑,tʰ,a:i,,˩˨
䧒,l,ɔ:i,,˩˨
䧓,ts,ɐu,,˥
䧔,n,i:,m,˨
䧕,s,ɪ,ŋ,˩˨
䧖,tsʰ,i:,n,˩˧
䧗,,,,
䧘,s,a:i,,˧
䧙,l,ɪ,ŋ,˩˨
䧚,h,ou,,˨
䧛,p,ɔ:,ŋ,˨
䧜,tsʰ,ɐ,ŋ,˩˨
䧝,tsʰ,i:,,˥
䧞,m,a:,,˨
䧟,h,a:,m,˨
䧠,s,ɵ,n,˩˨
䧡,ts,ʊ,ŋ,˩˨
䧢,kʰ,ɵy,,˥
䧣,ts,a:,n,˥
䧤,p,ʊ,k,˨
䧥,w,ɐi,,˨
䧦,w,ɐi,,˩˨
䧧,,,,
䧨,ts,i:,p,˨
䧩,,,,
䧪,,,,
䧫,h,ou,,˩˨
䧬,p,a:i,,˥
䧭,,,,
䧮,h,i:,n,˧
䧯,tsʰ,a:,m,˩˨
䧰,,,,
䧱,k,a:u,,˥
䧲,k,ɔ:,n,˥
䧳,tsʰ,i:,,˥
䧴,ts,i:,,˥
䧵,ts,a:,m,˨
䧶,p,ɐ,k,˨
䧷,,,,
䧸,k,u:,,˥
䧹,ts,ɪ,ŋ,˥
䧺,h,ʊ,ŋ,˩˨
䧻,k,ɐ,p,˧
䧼,h,ʊ,k,˨
䧽,,,,
䧾,s,y:,,˥
䧿,tsʰ,œ:,k,˧
䨀,t,ɛ:,k,˨
䨁,m,ou,,˨
䨂,tsʰ,ɐu,,˥
䨃,,,,
䨄,,a:,m,˥
䨅,l,i:u,,˩˨
䨆,p,ɐi,,˧
䨇,s,œ:,ŋ,˥
䨈,p,ɐ,n,˥
䨉,ts,ɪ,ŋ,˥
䨊,,,,
䨋,ts,œ:,k,˨
䨌,p,ɔ:,k,˨
䨍,ts,ɪ,ŋ,˩˨
䨎,w,ɐ,ŋ,˩˨
䨏,tsʰ,ɛ:,k,˧
䨐,h,a:,p,˥
䨑,tʰ,ɐi,,˩˨
䨒,w,u:,,˨
䨓,l,ɵy,,˩˨
䨔,p,ɔ:,k,˨
䨕,w,u:,,˥
䨖,ts,ɐi,,˧
䨗,f,u:,,˥
䨘,s,i:,n,˧
䨙,ts,a:,m,˩˨
䨚,f,ɐ,t,˥
䨛,s,ɪ,k,˥
䨜,p,a:,ŋ,˥
䨝,tsʰ,ɪ,ŋ,˥
䨞,ts,y:,,˧
䨟,w,a:,,˥
䨠,,ɔ:i,,˧˥
䨡,h,ɐ,m,˩˨
䨢,t,a:,m,˨
䨣,k,a:,k,˧
䨤,t,ɪ,k,˨
䨥,s,œ:,ŋ,˥
䨦,pʰ,ɔ:,ŋ,˩˨
䨧,ts,a:,m,˥
䨨,ts,a:,,˥
䨩,l,ɪ,ŋ,˩˨
䨪,m,ɐi,,˩˨
䨫,m,a:,k,˨
䨬,l,i:,m,˩˨
䨭,s,i:u,,˥
䨮,s,y:,t,˧
䨯,ts,a:,n,˨
䨰,p,u:,n,˧˥
䨱,f,ʊ,k,˨
䨲,,,,
䨳,h,ei,,˥
䨴,t,ɵy,,˨
䨵,tʰ,ɐ,m,˩˨
䨶,w,ɐ,n,˩˧
䨷,s,i:,n,˩˨
䨸,ts,a:,n,˧˥
䨹,s,ʊ,k,˥
䨺,,,,
䨻,,,,
䨼,w,u:,,˨
䨽,,,,
䨾,f,ei,,˧˥
䨿,,,,
䩀,p,ei,,˧
䩁,f,ei,,˥
䩂,,,,
䩃,,,,
䩄,tʰ,i:,n,˧˥
䩅,ts,i:,n,˧˥
䩆,,,,
䩇,,,,
䩈,p,ɪ,k,˥
䩉,f,u:,,˧˥
䩊,ts,y:,n,˧˥
䩋,m,ɔ:,,˥
䩌,tsʰ,i:u,,˩˨
䩍,l,i:u,,˩˨
䩎,,,,
䩏,m,i:,t,˨
䩐,f,a:,t,˥
䩑,w,ɐ,ŋ,˩˨
䩒,ts,y:,,˥
䩓,kʰ,ei,,˩˨
䩔,p,ɔ:,ŋ,˧˥
䩕,ŋ,ɔ:,ŋ,˩˨
䩖,s,a:,,˥
䩗,p,a:,,˧
䩘,t,a:i,,˥
䩙,ts,y:,n,˩˨
䩚,t,a:i,,˥
䩛,p,i:,t,˥
䩜,ts,ɐu,,˨
䩝,pʰ,ɐu,,˩˨
䩞,,,,
䩟,ts,i:,,˩˨
䩠,tʰ,ɪ,ŋ,˥
䩡,k,a:,p,˧
䩢,t,ɐ,t,˧
䩣,pʰ,ou,,˩˨
䩤,k,i:,t,˧
䩥,,,,
䩦,tʰ,i:u,,˩˨
䩧,h,y:,t,˧
䩨,tsʰ,œ:,ŋ,˧
䩩,,,,
䩪,k,u:,n,˧˥
䩫,l,œ:,ŋ,˩˧
䩬,p,ʊ,ŋ,˧˥
䩭,k,ei,,˥
䩮,l,ʊ,k,˨
䩯,k,ɪ,k,˨
䩰,k,y:,n,˥
䩱,ts,y:,,˩˨
䩲,t,ou,,˥
䩳,tsʰ,ʊ,k,˥
䩴,w,u:,,˩˨
䩵,w,ɐ,n,˨
䩶,,,,
䩷,p,ɔ:,ŋ,˥
䩸,ts,ʊ,ŋ,˩˨
䩹,ŋ,ɐ,k,˨
䩺,ts,ʊ,ŋ,˥
䩻,p,a:,,˧
䩼,f,ʊ,ŋ,˩˨
䩽,ts,y:,,˥
䩾,ts,ɛ:,,˧
䩿,p,a:,n,˨
䪀,f,a:,t,˥
䪁,p,ʊ,k,˨
䪂,k,a:,k,˧
䪃,t,ɵ,n,˥
䪄,w,ɔ:,ŋ,˩˨
䪅,t,ʊ,k,˨
䪆,tʰ,ɐi,,˧˥
䪇,p,ɔ:,k,˨
䪈,h,i:,n,˧˥
䪉,l,i:,p,˨
䪊,l,ʊ,ŋ,˩˨
䪋,w,ɐi,,˨
䪌,,,,
䪍,l,a:,n,˩˨
䪎,s,ɵy,,˥
䪏,,,,
䪐,p,ei,,˧
䪑,tʰ,ɔ:,,˩˨
䪒,ts,y:,,˧
䪓,,,,
䪔,p,ou,,˧˥
䪕,k,ʊ,k,˥
䪖,pʰ,ɐ,k,˧
䪗,h,a:,,˩˨
䪘,t,a:i,,˥
䪙,pʰ,ɔ:,k,˧
䪚,tʰ,ɐ,p,˧
䪛,f,a:,n,˥
䪜,s,i:,m,˩˨
䪝,w,ɔ:,k,˨
䪞,,,,
䪟,,,,
䪠,s,a:i,,˥
䪡,ts,ɐi,,˥
䪢,ts,ɐi,,˥
䪣,ts,ɐi,,˥
䪤,f,a:,n,˩˨
䪥,h,a:i,,˨
䪦,h,ʊ,ŋ,˩˨
䪧,tsʰ,i:,,˩˨
䪨,p,ɔ:,k,˨
䪩,ts,a:,m,˩˨
䪪,,,,
䪫,h,a:,ŋ,˥
䪬,p,u:,t,˨
䪭,ts,y:,n,˧˥
䪮,ts,a:u,,˥
䪯,,ɐ,ŋ,˥
䪰,ts,i:,,˥
䪱,k,ɔ:i,,˧˥
䪲,kʰw,a:,n,˥
䪳,w,ɐ,n,˩˧
䪴,t,a:,m,˧˥
䪵,ŋ,a:,,˩˧
䪶,ts,ɵy,,˥
䪷,k,a:u,,˧
䪸,m,ɐ,n,˩˨
䪹,pʰ,ɐi,,˩˨
䪺,k,ɔ:,k,˧
䪻,p,i:,n,˨
䪼,ts,y:,t,˧
䪽,h,ou,,˨
䪾,tsʰ,a:,n,˧˥
䪿,s,ɵ,n,˧
䫀,,,,
䫁,p,ei,,˨
䫂,t,ɔ:,,˥
䫃,s,ɵ,n,˩˨
䫄,,,,
䫅,s,ɐ,n,˧
䫆,t,i:,p,˨
䫇,ts,i:,m,˩˨
䫈,tsʰ,i:,m,˩˨
䫉,m,a:u,,˨
䫊,pʰ,u:i,,˩˨
䫋,tʰ,ɵy,,˩˨
䫌,pʰ,ei,,˧˥
䫍,f,u:,,˧˥
䫎,ts,y:,t,˧
䫏,h,ei,,˥
䫐,l,a:,m,˩˨
䫑,h,ei,,˥
䫒,m,u:,n,˩˨
䫓,ŋ,,,˩˨
䫔,h,a:i,,˨
䫕,ts,a:,t,˨
䫖,tsʰ,ɐ,m,˧˥
䫗,h,a:,,˩˨
䫘,h,ɔ:,t,˧
䫙,s,ɔ:,ŋ,˧˥
䫚,kw,a:,,˥
䫛,h,ɐu,,˩˨
䫜,,ɐu,,˥
䫝,f,ʊ,k,˥
䫞,kʰ,i:u,,˩˧
䫟,w,ɐ,n,˨
䫠,pʰ,ei,,˥
䫡,h,i:,m,˧
䫢,s,i:,,˥
䫣,h,a:i,,˩˨
䫤,m,ɐ,ŋ,˥
䫥,ŋ,a:i,,˩˧
䫦,k,ɔ:,k,˧
䫧,,,,
䫨,ŋ,ou,,˨
䫩,s,ɐ,n,˧˥
䫪,s,i:,n,˥
䫫,l,ɐu,,˩˨
䫬,ts,ɐ,m,˧˥
䫭,kʰ,u:i,,˧˥
䫮,tsʰ,ɐ,m,˩˨
䫯,tsʰ,i:,,˩˨
䫰,l,ɵ,n,˨
䫱,ts,y:,,˩˨
䫲,h,a:,m,˧˥
䫳,t,ʊ,k,˨
䫴,k,a:,m,˧
䫵,m,i:,n,˩˨
䫶,f,ɐ,n,˩˨
䫷,ŋ,ɔ:,k,˨
䫸,s,i:u,,˥
䫹,h,ʊ,ŋ,˩˨
䫺,w,ɐ,ŋ,˩˨
䫻,w,a:,t,˨
䫼,h,y:,t,˧
䫽,pʰ,ɐu,,˥
䫾,p,ɪ,k,˥
䫿,tsʰ,i:u,,˥
䬀,ts,a:u,,˥
䬁,n,a:,,˩˧
䬂,ts,y:,t,˨
䬃,s,ɐ,p,˧
䬄,s,y:,,˧
䬅,l,ɪ,k,˨
䬆,l,ɵ,t,˨
䬇,w,a:,t,˨
䬈,t,ɵy,,˧
䬉,w,a:,k,˨
䬊,s,a:,p,˧
䬋,l,ɪ,ŋ,˩˨
䬌,pʰ,a:u,,˥
䬍,f,ɐ,t,˥
䬎,kw,ɔ:,k,˧
䬏,f,a:u,,˧˥
䬐,w,a:i,,˧˥
䬑,w,a:i,,˨
䬒,s,a:u,,˥
䬓,,a:,m,˧
䬔,ts,y:,,˩˨
䬕,h,œ:,ŋ,˥
䬖,w,a:,ŋ,˩˨
䬗,ts,œ:,ŋ,˩˨
䬘,kw,ɪ,k,˥
䬙,ts,i:u,,˩˨
䬚,f,ɐ,n,˧
䬛,p,i:,t,˥
䬜,tsʰ,i:,,˥
䬝,w,a:,ŋ,˩˨
䬞,tʰ,ou,,˩˨
䬟,l,ɐu,,˩˨
䬠,f,ei,,˥
䬡,ts,y:,,˧
䬢,tʰ,ou,,˥
䬣,h,ei,,˧
䬤,ts,ɐ,n,˧
䬥,ts,i:,,˧
䬦,t,ɐu,,˧
䬧,ts,y:,n,˩˨
䬨,k,a:u,,˧
䬩,ts,ɐi,,˥
䬪,p,ɔ:,k,˧
䬫,tʰ,ɐi,,˩˨
䬬,ts,œ:,ŋ,˥
䬭,tʰ,ou,,˥
䬮,ts,i:,,˩˨
䬯,n,i:,m,˥
䬰,t,ou,,˨
䬱,p,a:,n,˨
䬲,ŋ,a:u,,˥
䬳,p,ɐ,n,˧˥
䬴,m,u:,t,˧
䬵,,ɐ,t,˧
䬶,,ɔ:,n,˧
䬷,s,ɛ:,,˧˥
䬸,tsʰ,a:,n,˥
䬹,ts,a:,t,˨
䬺,s,ɵy,,˥
䬻,ts,a:,n,˥
䬼,ts,y:,n,˥
䬽,t,ɵy,,˧
䬾,t,a:i,,˧
䬿,m,ei,,˩˧
䭀,s,ɵ,n,˧
䭁,ts,ɐi,,˧
䭂,ts,a:,p,˥
䭃,ts,a:,m,˩˧
䭄,s,i:,,˨
䭅,w,u:,,˩˨
䭆,n,ɵ,t,˨
䭇,ts,i:,t,˧
䭈,k,i:,n,˥
䭉,s,a:u,,˥
䭊,ts,ɪ,ŋ,˧˥
䭋,p,a:u,,˧˥
䭌,w,u:,,˩˨
䭍,f,u:,,˩˨
䭎,ts,i:,p,˨
䭏,,,,
䭐,s,ɵy,,˥
䭑,l,i:,m,˩˨
䭒,s,ɪ,k,˥
䭓,n,ɵ,t,˨
䭔,t,ɵy,,˥
䭕,tsʰ,i:,m,˧
䭖,ts,y:,,˧
䭗,ts,ɪ,ŋ,˧˥
䭘,ts,ɪ,ŋ,˧˥
䭙,k,a:,n,˧˥
䭚,tsʰ,ɔ:,ŋ,˩˨
䭛,t,ɐ,m,˨
䭜,,,,
䭝,kʰ,u:i,,˧˥
䭞,ts,ɪ,k,˨
䭟,ts,i:,p,˨
䭠,h,a:,m,˧˥
䭡,n,ɵy,,˨
䭢,n,ɪ,ŋ,˩˨
䭣,tsʰ,i:,,˩˨
䭤,h,i:,n,˧˥
䭥,ts,œ:,ŋ,˨
䭦,p,ɔ:,k,˧
䭧,m,ei,,˩˧
䭨,s,ɵy,,˧
䭩,m,ɔ:,,˥
䭪,l,œ:,ŋ,˩˨
䭫,kʰ,ɐi,,˧˥
䭬,kʰ,ɐi,,˧˥
䭭,s,a:u,,˧˥
䭮,p,ɐu,,˥
䭯,p,u:,t,˨
䭰,p,ʊ,ŋ,˧˥
䭱,p,i:,t,˨
䭲,ts,i:,,˧˥
䭳,ŋ,ɐi,,˨
䭴,m,ɐ,n,˩˧
䭵,f,a:,n,˩˨
䭶,kʰ,ei,,˩˨
䭷,m,ou,,˩˨
䭸,f,u:,,˨
䭹,ŋ,ɔ:,ŋ,˩˨
䭺,ŋ,ɔ:,ŋ,˩˨
䭻,f,ɐ,n,˥
䭼,kʰ,ei,,˩˨
䭽,kw,ɔ:,k,˧
䭾,tʰ,ɔ:,,˩˨
䭿,ts,a:,t,˨
䮀,p,u:,t,˨
䮁,pʰ,i:,n,˩˨
䮂,p,u:,t,˨
䮃,kʰ,ɵy,,˥
䮄,ts,y:,n,˥
䮅,,,,
䮆,p,a:i,,˨
䮇,w,ɐ,t,˨
䮈,tsʰ,i:,,˩˨
䮉,l,ɵy,,˩˨
䮊,ts,i:,,˩˨
䮋,l,i:,t,˨
䮌,ts,a:u,,˥
䮍,n,i:u,,˩˧
䮎,h,ei,,˥
䮏,ŋ,,,˩˨
䮐,kw,ɪ,ŋ,˥
䮑,j,y:,t,˧
䮒,pʰ,ei,,˥
䮓,tsʰ,œ:,k,˧
䮔,ts,ɵy,,˧˥
䮕,ts,y:,t,˧
䮖,tsʰ,œ:,ŋ,˥
䮗,ŋ,ɐ,n,˨
䮘,ts,i:,,˩˨
䮙,kw,ɪ,k,˥
䮚,l,ɪ,ŋ,˨
䮛,f,u:,,˨
䮜,tsʰ,ɐ,p,˧
䮝,w,ɐ,n,˩˨
䮞,tsʰ,ɵ,n,˧˥
䮟,s,ɐu,,˥
䮠,p,ɪ,k,˥
䮡,p,ei,,˧
䮢,t,i:,p,˨
䮣,s,ɔ:,ŋ,˥
䮤,h,ɔ:,k,˨
䮥,l,ɪ,k,˨
䮦,k,i:u,,˥
䮧,h,ɔ:,n,˩˨
䮨,ts,ɔ:i,,˧˥
䮩,kw,a:,t,˥
䮪,s,ɪ,ŋ,˩˨
䮫,l,a:u,,˩˨
䮬,m,a:,k,˨
䮭,m,ɪ,k,˨
䮮,m,ɐ,k,˨
䮯,ŋ,ou,,˨
䮰,ts,a:,k,˨
䮱,ts,ʊ,k,˨
䮲,w,ɔ:,ŋ,˩˨
䮳,f,a:,n,˩˨
䮴,t,ɐ,ŋ,˨
䮵,tʰ,ʊ,ŋ,˩˨
䮶,,,,
䮷,t,ʊ,k,˨
䮸,,a:,k,˥
䮹,kʰ,y:,t,˧
䮺,ts,ɐi,,˥
䮻,tʰ,ou,,˧˥
䮼,l,ɵ,n,˩˨
䮽,p,i:u,,˥
䮾,pʰ,ɔ:,ŋ,˩˨
䮿,k,i:,n,˧˥
䯀,n,i:,p,˨
䯁,l,ɵy,,˩˨
䯂,s,ɐ,n,˥
䯃,ŋ,ɔ:,n,˥
䯄,w,a:,,˥
䯅,n,i:,p,˨
䯆,ts,ɪ,k,˨
䯇,kw,a:,t,˨
䯈,h,i:,n,˧˥
䯉,,ɐ,t,˧
䯊,kʰ,a:,,˧
䯋,p,ɔ:,k,˨
䯌,h,ɐu,,˥
䯍,l,ɪ,ŋ,˩˨
䯎,k,ɔ:,n,˧
䯏,kw,a:,t,˧
䯐,h,ɐi,,˩˨
䯑,h,ɔ:,ŋ,˩˨
䯒,h,ɐ,ŋ,˩˨
䯓,kʰw,a:i,,˩˨
䯔,ts,a:,k,˧
䯕,tʰ,ɪ,ŋ,˥
䯖,l,ɔ:,ŋ,˩˨
䯗,p,ei,,˥
䯘,w,u:,n,˨
䯙,pʰ,ɐ,k,˧
䯚,ts,ɪ,ŋ,˥
䯛,w,u:,n,˧˥
䯜,tʰ,ɪ,k,˥
䯝,s,ɵy,,˩˧
䯞,kʰw,a:,,˥
䯟,t,ɵy,,˨
䯠,f,a:u,,˧˥
䯡,k,i:,m,˧
䯢,m,ɔ:,,˥
䯣,w,a:i,,˧˥
䯤,kʰ,u:i,,˧˥
䯥,ts,a:,p,˥
䯦,m,a:,,˧
䯧,,ɐ,t,˧
䯨,h,ɐu,,˥
䯩,,,,
䯪,h,a:u,,˧˥
䯫,h,ou,,˨
䯬,t,ɔ:,,˧˥
䯭,tsʰ,i:,m,˥
䯮,n,a:,ŋ,˩˨
䯯,s,ɵy,,˥
䯰,k,a:i,,˧
䯱,pʰ,ei,,˩˨
䯲,p,a:,,˥
䯳,s,ʊ,ŋ,˥
䯴,tsʰ,œ:,ŋ,˩˨
䯵,ts,i:,t,˨
䯶,m,ɐ,n,˩˨
䯷,s,ʊ,ŋ,˥
䯸,tsʰ,i:,,˧
䯹,tsʰ,i:,m,˥
䯺,kʰ,u:,t,˧
䯻,k,ɐi,,˧
䯼,t,ɪ,k,˨
䯽,f,u:,,˥
䯾,tʰ,i:u,,˩˨
䯿,tsʰ,y:,t,˧
䰀,w,ɔ:,,˧˥
䰁,f,ɐi,,˧
䰂,tsʰ,ɔ:i,,˧
䰃,p,ɔ:,ŋ,˧˥
䰄,s,ɔ:i,,˥
䰅,s,ou,,˥
䰆,ts,a:u,,˩˨
䰇,kʰ,ei,,˩˨
䰈,tsʰ,ɔ:,,˥
䰉,p,ɐ,n,˥
䰊,p,ɔ:,k,˧
䰋,m,ɐ,n,˩˨
䰌,ts,ʊ,ŋ,˧˥
䰍,ts,a:u,,˥
䰎,w,a:i,,˧˥
䰏,ts,a:i,,˧
䰐,l,a:,m,˩˨
䰑,s,i:u,,˥
䰒,m,ʊ,ŋ,˩˨
䰓,m,i:,n,˩˨
䰔,pʰ,u:,n,˩˨
䰕,l,ou,,˩˨
䰖,tsʰ,y:,n,˩˨
䰗,k,ɐu,,˥
䰘,k,ɐu,,˧˥
䰙,k,a:,n,˥
䰚,m,ɐ,n,˩˨
䰛,l,ɪ,k,˨
䰜,l,ɪ,k,˨
䰝,ts,ɐ,ŋ,˨
䰞,ts,y:,,˧˥
䰟,w,a:,n,˩˨
䰠,s,a:,n,˥
䰡,tsʰ,i:,,˧
䰢,h,a:,ŋ,˧
䰣,w,ɔ:,ŋ,˩˧
䰤,t,ʊ,ŋ,˥
䰥,w,a:,k,˨
䰦,pʰ,a:i,,˧˥
䰧,p,ou,,˨
䰨,m,ei,,˨
䰩,tsʰ,i:,,˧˥
䰪,m,ei,,˨
䰫,tsʰ,a:u,,˥
䰬,kw,a:,t,˥
䰭,ts,y:,,˩˨
䰮,,,,
䰯,ts,i:,,˩˧
䰰,n,a:u,,˨
䰱,l,ɪ,ŋ,˩˨
䰲,,ɐ,t,˧
䰳,,,,
䰴,k,ɐ,t,˥
䰵,ts,i:,,˥
䰶,,,,
䰷,pʰ,ɐ,ŋ,˩˧
䰸,k,ʊ,ŋ,˥
䰹,tsʰ,a:,k,˨
䰺,k,a:i,,˧
䰻,ts,y:,,˩˨
䰼,tsʰ,ɐ,m,˩˨
䰽,p,u:i,,˧
䰾,p,a:,,˥
䰿,tʰ,ɔ:,,˩˨
䱀,,ɔ:,ŋ,˧
䱁,kʰ,i:u,,˩˨
䱂,ts,a:u,,˧˥
䱃,t,i:,t,˨
䱄,k,a:i,,˧
䱅,,,,
䱆,s,ɪ,ŋ,˩˨
䱇,s,i:,n,˩˧
䱈,kʰ,ei,,˩˨
䱉,s,i:,n,˩˧
䱊,m,ɐi,,˩˧
䱋,t,a:,m,˧˥
䱌,ts,i:,,˩˨
䱍,k,ɐ,ŋ,˧˥
䱎,k,ɐ,ŋ,˧˥
䱏,t,a:u,,˨
䱐,f,u:,,˥
䱑,h,a:,p,˨
䱒,ts,a:,p,˥
䱓,tʰ,ɪ,ŋ,˩˨
䱔,tʰ,i:u,,˩˨
䱕,m,ɐu,,˩˨
䱖,l,a:u,,˩˨
䱗,tsʰ,a:,n,˥
䱘,l,ei,,˩˨
䱙,s,ʊ,k,˥
䱚,l,ʊ,k,˨
䱛,kw,ɪ,k,˥
䱜,tsʰ,ɔ:,k,˧
䱝,pʰ,a:i,,˩˨
䱞,n,ɔ:i,,˨
䱟,k,œ:,ŋ,˧
䱠,ts,a:,n,˨
䱡,k,ʊ,k,˥
䱢,ts,ɐ,ŋ,˥
䱣,tsʰ,y:,t,˧
䱤,h,a:,m,˨
䱥,t,ɐi,,˧
䱦,,,,
䱧,,,,
䱨,tsʰ,i:,t,˧
䱩,,,,
䱪,,,,
䱫,l,a:,t,˨
䱬,s,ɵy,,˥
䱭,k,ɐ,ŋ,˧˥
䱮,ŋ,ɐ,k,˨
䱯,m,ou,,˩˨
䱰,tsʰ,ɵy,,˩˨
䱱,tʰ,ɐi,,˩˨
䱲,ts,y:,n,˩˨
䱳,ts,i:,n,˥
䱴,k,a:,ŋ,˧˥
䱵,ts,ʊ,ŋ,˥
䱶,l,ɔ:,ŋ,˩˨
䱷,ts,y:,,˩˨
䱸,tsʰ,a:u,,˥
䱹,tsʰ,a:,,˩˨
䱺,h,a:i,,˩˨
䱻,kw,a:,t,˥
䱼,ts,i:,n,˧˥
䱽,tsʰ,œ:,ŋ,˥
䱾,l,a:u,,˥
䱿,tsʰ,a:,m,˧
䲀,ts,i:,,˧
䲁,tʰ,ɔ:,,˩˧
䲂,s,y:,n,˩˨
䲃,ts,ou,,˧˥
䲄,m,a:,n,˩˧
䲅,kʰw,ɐi,,˥
䲆,s,ou,,˥
䲇,,,,
䲈,,,,
䲉,s,i:,,˥
䲊,tʰ,ɔ:,,˩˧
䲋,s,ɐ,m,˩˨
䲌,f,u:,n,˧˥
䲍,tʰ,ɐ,ŋ,˩˨
䲎,,,,
䲏,l,ou,,˩˨
䲐,l,ou,,˩˧
䲑,ts,ɵy,,˩˨
䲒,h,ɐi,,˩˧
䲓,ts,i:,m,˩˧
䲔,k,œ:,ŋ,˥
䲕,pʰ,ou,,˧˥
䲖,tsʰ,a:,,˥
䲗,h,a:,m,˩˨
䲘,k,u:,n,˧˥
䲙,ts,i:,t,˧
䲚,l,ɐi,,˨
䲛,m,ʊ,ŋ,˩˨
䲜,ts,i:,p,˨
䲝,tsʰ,ɵy,,˧˥
䲞,l,ɐ,p,˨
䲟,ts,a:,n,˧
䲠,tsʰ,ɵ,n,˥
䲡,tsʰ,ɐu,,˥
䲢,tʰ,ɐ,ŋ,˩˨
䲣,ts,y:,,˩˨
䲤,,,,
䲥,k,ɐu,,˥
䲦,t,a:i,,˨
䲧,tsʰ,a:u,,˩˨
䲨,h,ʊ,ŋ,˩˨
䲩,s,i:,,˥
䲪,h,ei,,˧
䲫,k,a:u,,˥
䲬,k,ɐ,n,˥
䲭,tsʰ,i:,,˥
䲮,ts,y:,n,˩˨
䲯,k,a:,p,˨
䲰,w,ɐ,n,˨
䲱,f,ɔ:,ŋ,˧˥
䲲,k,ʊ,ŋ,˥
䲳,h,ɔ:,ŋ,˩˨
䲴,ts,ɐ,m,˨
䲵,ts,œ:,k,˧
䲶,,,,
䲷,,,,
䲸,k,a:i,,˧
䲹,pʰ,ei,,˩˨
䲺,k,ɐ,m,˧
䲻,ts,y:,n,˩˨
䲼,s,a:,ŋ,˥
䲽,s,ɛ:,k,˨
䲾,h,a:u,,˧˥
䲿,tsʰ,i:,,˩˨
䳀,t,i:,t,˨
䳁,p,ɐ,t,˨
䳂,t,i:u,,˥
䳃,ts,y:,n,˥
䳄,tsʰ,i:,,˥
䳅,ts,i:,,˧˥
䳆,p,a:,k,˨
䳇,m,ou,,˧˥
䳈,p,ou,,˧˥
䳉,t,ɐ,m,˥
䳊,p,a:,t,˨
䳋,tʰ,ʊ,ŋ,˩˨
䳌,k,y:,n,˥
䳍,k,ʊ,ŋ,˥
䳎,h,a:u,,˨
䳏,kw,a:i,,˧
䳐,tsʰ,i:,,˧
䳑,ts,ʊ,k,˥
䳒,ts,y:,n,˩˨
䳓,l,ou,,˩˧
䳔,k,ʊ,k,˥
䳕,f,a:u,,˩˨
䳖,n,i:,p,˨
䳗,ŋ,ɔ:,,˩˨
䳘,ŋ,ɔ:,,˩˨
䳙,s,ɪ,ŋ,˧˥
䳚,h,ɔ:,n,˧˥
䳛,,ɐ,n,˧
䳜,tʰ,ou,,˩˨
䳝,f,a:u,,˧˥
䳞,p,ɐ,ŋ,˥
䳟,m,ɪ,ŋ,˩˨
䳠,s,ɵy,,˩˨
䳡,ts,ɵy,,˥
䳢,h,ei,,˥
䳣,ts,y:,n,˥
䳤,p,i:,t,˧
䳥,,,,
䳦,h,y:,n,˥
䳧,h,a:u,,˩˨
䳨,w,ɔ:,ŋ,˩˨
䳩,ts,i:u,,˥
䳪,tʰ,ɵ,n,˥
䳫,kʰw,ɐi,,˩˨
䳬,,a:,,˧
䳭,ts,ɪ,k,˥
䳮,m,a:,k,˨
䳯,tsʰ,ʊ,ŋ,˩˨
䳰,p,ou,,˧˥
䳱,m,ou,,˨
䳲,ts,ɐ,n,˧
䳳,h,y:,t,˧
䳴,t,ɐ,p,˨
䳵,tsʰ,ɪ,k,˥
䳶,k,a:i,,˥
䳷,tsʰ,ʊ,ŋ,˩˨
䳸,m,a:,,˩˨
䳹,kʰ,a:u,,˧
䳺,,a:,m,˥
䳻,tsʰ,a:,m,˩˨
䳼,,a:u,,˥
䳽,h,ɔ:,k,˨
䳾,t,ɐ,ŋ,˥
䳿,ts,i:,n,˩˨
䴀,tʰ,ʊ,ŋ,˩˨
䴁,ts,y:,,˨
䴂,ts,œ:,ŋ,˨
䴃,n,ɐu,,˩˨
䴄,s,ɵ,n,˧
䴅,f,ɐ,n,˩˨
䴆,p,ʊ,k,˨
䴇,l,ɪ,ŋ,˩˨
䴈,,ou,,˧˥
䴉,s,y:,n,˩˨
䴊,f,a:,n,˧
䴋,s,y:,n,˩˨
䴌,m,ʊ,ŋ,˩˨
䴍,,ɐ,ŋ,˥
䴎,l,ɵy,,˩˧
䴏,ts,i:,n,˧
䴐,p,ou,,˧˥
䴑,t,i:,p,˨
䴒,l,ɪ,ŋ,˩˨
䴓,s,i:,,˥
䴔,k,a:u,,˥
䴕,l,i:,t,˨
䴖,ts,ɪ,ŋ,˥
䴗,kw,ɪ,k,˥
䴘,tʰ,a:i,,˥
䴙,pʰ,ɪ,k,˥
䴚,k,ɔ:,ŋ,˥
䴛,s,i:u,,˥
䴜,kw,a:,t,˧
䴝,tsʰ,ɐi,,˧
䴞,t,ɪ,k,˨
䴟,w,u:,n,˩˨
䴠,,ou,,˧˥
䴡,l,ɐi,,˨
䴢,m,ei,,˩˨
䴣,f,u:,,˥
䴤,s,a:,ŋ,˥
䴥,k,a:,,˥
䴦,ŋ,a:,n,˩˨
䴧,w,ɐi,,˥
䴨,,,,
䴩,pʰ,i:u,,˩˨
䴪,l,ʊ,k,˨
䴫,l,ɪ,ŋ,˩˨
䴬,ts,ɪ,k,˨
䴭,tsʰ,ɔ:,,˧
䴮,s,a:,n,˧
䴯,f,ɐ,t,˥
䴰,s,ʊ,k,˨
䴱,t,ɔ:,,˧˥
䴲,m,u:,t,˨
䴳,w,ɐ,t,˨
䴴,tʰ,i:,p,˧
䴵,p,ɪ,ŋ,˧˥
䴶,l,ɵ,t,˨
䴷,w,ɐ,n,˩˨
䴸,f,u:,,˥
䴹,kw,ɔ:,,˧˥
䴺,p,ou,,˨
䴻,l,ei,,˩˨
䴼,tsʰ,ɐ,n,˧˥
䴽,p,ei,,˥
䴾,tsʰ,ɔ:,,˩˨
䴿,m,ʊ,ŋ,˩˨
䵀,s,ɔ:,,˧˥
䵁,tsʰ,œ:,ŋ,˥
䵂,ts,ɐ,k,˨
䵃,kʰw,ɔ:,ŋ,˧
䵄,f,ʊ,ŋ,˥
䵅,ŋ,ou,,˩˨
䵆,m,ʊ,ŋ,˩˨
䵇,s,ɐ,m,˥
䵈,k,ʊ,k,˥
䵉,tʰ,ɐu,,˩˨
䵊,tʰ,ɵ,n,˥
䵋,f,u:i,,˧˥
䵌,tsʰ,i:,m,˥
䵍,tʰ,ɐ,n,˥
䵎,tsʰ,a:u,,˧
䵏,l,ou,,˩˧
䵐,ts,i:,n,˧˥
䵑,n,ɪ,k,˥
䵒,n,ɪ,k,˥
䵓,l,a:i,,˩˨
䵔,t,ʊ,ŋ,˧˥
䵕,k,ɵy,,˧
䵖,k,i:,n,˧
䵗,f,ʊ,k,˨
䵘,s,ɐi,,˧
䵙,ts,a:,,˥
䵚,tsʰ,ɵy,,˩˨
䵛,k,i:,n,˧
䵜,n,ʊ,ŋ,˧˥
䵝,ts,i:,,˧
䵞,kʰ,ɪ,ŋ,˩˨
䵟,k,ɔ:,n,˧˥
䵠,tsʰ,œ:,k,˧
䵡,k,ɐ,n,˧˥
䵢,m,a:,,˧
䵣,t,a:,t,˧
䵤,k,ɐ,n,˧˥
䵥,w,ɐ,t,˥
䵦,tsʰ,ɛ:,,˩˧
䵧,ts,ɔ:i,,˧
䵨,m,ɔ:,ŋ,˩˨
䵩,l,ɐi,,˩˨
䵪,kw,ɐ,n,˧
䵫,f,ɐ,n,˥
䵬,t,a:,p,˨
䵭,kʰ,ei,,˩˨
䵮,s,œ:,ŋ,˥
䵯,tʰ,ɵy,,˧
䵰,s,œ:,ŋ,˥
䵱,s,ɪ,k,˥
䵲,tsʰ,i:u,,˥
䵳,w,a:i,,˧
䵴,ts,a:,n,˨
䵵,ts,ɐ,t,˧
䵶,kʰ,ɵy,,˩˨
䵷,w,a:,,˥
䵸,tsʰ,a:u,,˥
䵹,ts,i:,,˥
䵺,t,ɪ,ŋ,˧˥
䵻,w,a:i,,˨
䵼,s,œ:,ŋ,˥
䵽,tsʰ,ɐ,t,˨
䵾,f,u:,,˩˨
䵿,n,i:,m,˥
䶀,t,ɐ,p,˨
䶁,t,ɐ,p,˨
䶂,ts,œ:,k,˧
䶃,h,ɐ,m,˩˨
䶄,pʰ,ɪ,ŋ,˩˨
䶅,kʰ,ɔ:,k,˧
䶆,tsʰ,ɵy,,˩˨
䶇,ts,ɐu,,˨
䶈,p,ɔ:,k,˧
䶉,l,ɐu,,˩˨
䶊,n,ʊ,k,˨
䶋,kʰ,a:,p,˥
䶌,pʰ,a:u,,˧
䶍,tʰ,ɐi,,˧
䶎,h,ɔ:,t,˧
䶏,tʰ,a:i,,˥
䶐,f,ɐi,,˧
䶑,tʰ,ɐi,,˧
䶒,tsʰ,ɐi,,˩˨
䶓,tsʰ,a:,p,˥
䶔,tsʰ,i:,,˩˨
䶕,p,a:,,˥
䶖,k,a:,m,˧
䶗,h,ɐ,p,˧
䶘,l,a:,p,˨
䶙,k,ɵy,,˨
䶚,k,ɵy,,˧˥
䶛,l,a:,t,˨
䶜,k,ʊ,k,˥
䶝,h,a:,p,˥
䶞,kʰ,ei,,˩˨
䶟,h,a:,m,˨
䶠,k,a:,m,˥
䶡,s,a:,t,˨
䶢,k,a:,m,˥
䶣,k,ɔ:i,,˥
䶤,w,a:,,˩˨
䶥,ts,ɵy,,˧˥
䶦,ts,ɐ,k,˧
䶧,ŋ,ɐu,,˩˧
䶨,tʰ,ɐ,m,˩˨
䶩,tsʰ,a:i,,˥
䶪,tsʰ,a:,t,˧
䶫,ts,i:,m,˨
䶬,k,i:,n,˥
䶭,,,,
䶮,ts,i:,m,˩˧
䶯,kw,a:i,,˥
䶰,ts,i:u,,˥
䶱,tʰ,ʊ,ŋ,˩˨
䶲,ts,i:,m,˩˨
䶳,ts,œ:,k,˨
䶴,tsʰ,ɵy,,˥
䶵,tsʰ,i:,,˩˨
䶶,,,,
䶷,,,,
䶸,,,,
䶹,,,,
䶺,,,,
䶻,,,,
䶼,,,,
䶽,,,,
䶾,,,,
䶿,,,,
