character,ipa_initial,ipa_final,tone
一,,i,1
丁,t,iŋ,1
丂,kʰ,ɑʊ,3
七,tɕʰ,i,1
丄,ʂ,ɑŋ,4
丅,ɕ,ja,4
丆,x,an,3
万,,wan,4
丈,ʈʂ,ɑŋ,4
三,s,an,1
上,ʂ,ɑŋ,4
下,ɕ,ja,4
丌,tɕ,i,1
不,p,u,4
与,,y,3
丏,m,jɛn,3
丐,k,ai,4
丑,ʈʂʰ,oʊ,3
丒,ʈʂʰ,oʊ,3
专,ʈʂ,wan,1
且,tɕʰ,je,3
丕,pʰ,i,1
世,ʂ,i,4
丗,ʂ,i,4
丘,tɕʰ,,1
丙,p,iŋ,3
业,,je,4
丛,tsʰ,ʊŋ,2
东,t,ʊŋ,1
丝,s,i,1
丞,ʈʂʰ,ɤŋ,2
丟,t,,1
丠,tɕʰ,,1
両,l,jɑŋ,3
丢,t,,1
丣,,,3
两,l,jɑŋ,3
严,,jɛn,2
並,p,iŋ,4
丧,s,ɑŋ,4
丨,k,,3
丩,tɕ,,1
个,k,ɤ,4
丫,,ja,1
丬,tɕʰ,jɑŋ,2
中,ʈʂ,ʊŋ,1
丮,tɕ,i,3
丯,tɕ,je,4
丰,f,ɤŋ,1
丱,k,wan,4
串,ʈʂʰ,wan,4
丳,ʈʂʰ,an,3
临,l,in,2
丵,ʈʂ,uɔ,2
丶,ʈʂ,u,3
丷,p,a,1
丸,,wan,2
丹,t,an,1
为,,,4
主,ʈʂ,u,3
丼,tɕ,iŋ,3
丽,l,i,4
举,tɕ,y,3
丿,pʰ,je,3
乀,f,u,2
乁,,i,2
乂,,i,4
乃,n,ai,3
乄,,u,3
久,tɕ,,3
乆,tɕ,,3
乇,tʰ,uɔ,1
么,m,ɤ,e
义,,i,4
乊,,i,1
之,ʈʂ,i,1
乌,,u,1
乍,ʈʂ,a,4
乎,x,u,1
乏,f,a,2
乐,l,ɤ,4
乑,,in,2
乒,pʰ,iŋ,1
乓,pʰ,ɑŋ,1
乔,tɕʰ,jɑʊ,2
乕,x,u,3
乖,k,wai,1
乗,ʈʂʰ,ɤŋ,2
乘,ʈʂʰ,ɤŋ,2
乙,,i,3
乚,,in,3
乛,,ja,a
乜,m,je,1
九,tɕ,,3
乞,tɕʰ,i,3
也,,je,3
习,ɕ,i,2
乡,ɕ,jɑŋ,1
乢,k,ai,4
乣,tɕ,,3
乤,ɕ,ja,4
乥,x,u,4
书,ʂ,u,1
乧,t,oʊ,3
乨,ʂ,i,3
乩,tɕ,i,1
乪,n,ɑŋ,2
乫,tɕ,ja,1
乬,tɕ,y,4
乭,ʂ,i,2
乮,m,ɑʊ,3
乯,x,u,1
买,m,ai,3
乱,l,wan,4
乲,ts,i,1
乳,ʐ,u,3
乴,ɕ,yɛ,2
乵,,jɛn,3
乶,f,u,3
乷,ʂ,a,1
乸,n,a,3
乹,k,an,1
乺,s,uɔ,3
乻,,y,2
乼,tsʰ,,i
乽,ʈʂ,ɤ,3
乾,tɕʰ,jɛn,2
乿,ʈʂ,i,4
亀,k,,1
亁,k,an,1
亂,l,wan,4
亃,l,in,3
亄,,i,4
亅,tɕ,yɛ,2
了,l,ɤ,e
亇,m,a,a
予,,y,3
争,ʈʂ,ɤŋ,1
亊,ʂ,i,4
事,ʂ,i,4
二,,,4
亍,ʈʂʰ,u,4
于,,y,2
亏,kʰ,,1
亐,,y,2
云,,yn,2
互,x,u,4
亓,tɕʰ,i,2
五,,u,3
井,tɕ,iŋ,3
亖,s,i,4
亗,s,,4
亘,k,ən,4
亙,k,ən,4
亚,,ja,4
些,ɕ,je,1
亜,,ja,4
亝,tɕʰ,i,2
亞,,ja,4
亟,tɕ,i,2
亠,tʰ,oʊ,2
亡,,wɑŋ,2
亢,kʰ,ɑŋ,4
亣,t,a,4
交,tɕ,jɑʊ,1
亥,x,ai,4
亦,,i,4
产,ʈʂʰ,an,3
亨,x,ɤŋ,1
亩,m,u,3
亪,,je,e
享,ɕ,jɑŋ,3
京,tɕ,iŋ,1
亭,tʰ,iŋ,2
亮,l,jɑŋ,4
亯,ɕ,jɑŋ,3
亰,tɕ,iŋ,1
亱,,je,4
亲,tɕʰ,in,1
亳,p,uɔ,2
亴,,,4
亵,ɕ,je,4
亶,t,an,3
亷,l,jɛn,2
亸,t,uɔ,3
亹,,,3
人,ʐ,ən,2
亻,ʐ,ən,2
亼,tɕ,i,2
亽,tɕ,i,2
亾,,wɑŋ,2
亿,,i,4
什,ʂ,ən,2
仁,ʐ,ən,2
仂,l,ɤ,4
仃,t,iŋ,1
仄,ts,ɤ,4
仅,tɕ,in,3
仆,pʰ,u,1
仇,ʈʂʰ,oʊ,2
仈,p,a,1
仉,ʈʂ,ɑŋ,3
今,tɕ,in,1
介,tɕ,je,4
仌,p,iŋ,1
仍,ʐ,ɤŋ,2
从,tsʰ,ʊŋ,2
仏,f,uɔ,2
仐,s,an,3
仑,l,,2
仒,p,iŋ,1
仓,tsʰ,ɑŋ,1
仔,ts,ai,3
仕,ʂ,i,4
他,tʰ,a,1
仗,ʈʂ,ɑŋ,4
付,f,u,4
仙,ɕ,jɛn,1
仚,ɕ,jɛn,1
仛,tʰ,uɔ,1
仜,x,ʊŋ,2
仝,tʰ,ʊŋ,2
仞,ʐ,ən,4
仟,tɕʰ,jɛn,1
仠,k,an,3
仡,k,ɤ,1
仢,p,uɔ,2
代,t,ai,4
令,l,iŋ,4
以,,i,3
仦,ʈʂʰ,ɑʊ,4
仧,ʈʂʰ,ɑŋ,2
仨,s,a,1
仩,ʈʂʰ,ɑŋ,2
仪,,i,2
仫,m,u,4
们,m,ən,n
仭,ʐ,ən,4
仮,f,an,3
仯,ʈʂʰ,ɑʊ,4
仰,,jɑŋ,3
仱,tɕʰ,jɛn,2
仲,ʈʂ,ʊŋ,4
仳,pʰ,i,3
仴,,uɔ,4
仵,,u,3
件,tɕ,jɛn,4
价,tɕ,ja,4
仸,,jɑʊ,3
仹,f,ɤŋ,1
仺,tsʰ,ɑŋ,1
任,ʐ,ən,4
仼,,wɑŋ,2
份,f,ən,4
仾,t,i,1
仿,f,ɑŋ,3
伀,ʈʂ,ʊŋ,1
企,tɕʰ,i,3
伂,pʰ,ei,4
伃,,y,2
伄,t,jɑʊ,4
伅,t,,4
伆,,u,4
伇,,i,4
伈,ɕ,in,3
伉,kʰ,ɑŋ,4
伊,,i,1
伋,tɕ,i,2
伌,,ai,4
伍,,u,3
伎,tɕ,i,4
伏,f,u,2
伐,f,a,2
休,ɕ,,1
伒,tɕ,in,4
伓,pʰ,i,1
伔,t,an,3
伕,f,u,1
伖,tʰ,ɑŋ,3
众,ʈʂ,ʊŋ,4
优,,,1
伙,x,uɔ,3
会,x,,4
伛,,y,3
伜,tsʰ,,4
伝,,yn,2
伞,s,an,3
伟,,,3
传,ʈʂʰ,wan,2
伡,ʈʂʰ,ɤ,1
伢,,ja,2
伣,tɕʰ,jɛn,4
伤,ʂ,ɑŋ,1
伥,ʈʂʰ,ɑŋ,1
伦,l,,2
伧,tsʰ,ɑŋ,1
伨,ɕ,yn,4
伩,ɕ,in,4
伪,,,3
伫,ʈʂ,u,4
伬,ts,ɤ,e
伭,ɕ,jɛn,2
伮,n,u,3
伯,p,uɔ,2
估,k,u,1
伱,n,i,3
伲,n,i,4
伳,ɕ,je,4
伴,p,an,4
伵,ɕ,y,4
伶,l,iŋ,2
伷,ʈʂ,oʊ,4
伸,ʂ,ən,1
伹,tɕʰ,y,1
伺,tsʰ,i,4
伻,p,ɤŋ,1
似,ʂ,i,4
伽,k,a,1
伾,pʰ,i,1
伿,,i,4
佀,s,i,4
佁,,i,3
佂,ʈʂ,ɤŋ,1
佃,t,jɛn,4
佄,x,an,1
佅,m,ai,4
但,t,an,4
佇,ʈʂ,u,4
佈,p,u,4
佉,tɕʰ,y,1
佊,p,i,3
佋,ʈʂ,ɑʊ,1
佌,tsʰ,i,3
位,,,4
低,t,i,1
住,ʈʂ,u,4
佐,ts,uɔ,3
佑,,,4
佒,,jɑŋ,3
体,tʰ,i,3
佔,ʈʂ,an,4
何,x,ɤ,2
佖,p,i,4
佗,tʰ,uɔ,2
佘,ʂ,ɤ,2
余,,y,2
佚,,i,4
佛,f,u,2
作,ts,uɔ,4
佝,k,oʊ,1
佞,n,iŋ,4
佟,tʰ,ʊŋ,2
你,n,i,3
佡,ɕ,jɛn,1
佢,tɕʰ,y,2
佣,,jʊŋ,1
佤,,wa,3
佥,tɕʰ,jɛn,1
佦,ʂ,i,i
佧,kʰ,a,3
佨,p,ɑʊ,1
佩,pʰ,ei,4
佪,x,,2
佫,x,ɤ,4
佬,l,ɑʊ,3
佭,ɕ,jɑŋ,2
佮,k,ɤ,2
佯,,jɑŋ,2
佰,p,ai,3
佱,f,a,3
佲,m,iŋ,3
佳,tɕ,ja,1
佴,,,4
併,p,iŋ,4
佶,tɕ,i,2
佷,x,ən,3
佸,x,uɔ,2
佹,k,,3
佺,tɕʰ,yan,2
佻,tʰ,jɑʊ,1
佼,tɕ,jɑʊ,3
佽,tsʰ,i,4
佾,,i,4
使,ʂ,i,3
侀,ɕ,iŋ,2
侁,ʂ,ən,1
侂,tʰ,uɔ,1
侃,kʰ,an,3
侄,ʈʂ,i,2
侅,k,ai,1
來,l,ai,2
侇,,i,2
侈,ʈʂʰ,i,3
侉,kʰ,wa,3
侊,k,wɑŋ,1
例,l,i,4
侌,,in,1
侍,ʂ,i,4
侎,m,i,3
侏,ʈʂ,u,1
侐,ɕ,y,4
侑,,,4
侒,,an,1
侓,l,u,4
侔,m,oʊ,2
侕,,,2
侖,l,,2
侗,t,ʊŋ,4
侘,ʈʂʰ,a,4
侙,ʈʂʰ,i,1
侚,ɕ,yn,4
供,k,ʊŋ,1
侜,ʈʂ,oʊ,1
依,,i,1
侞,ʐ,u,2
侟,tsʰ,,2
侠,ɕ,ja,2
価,s,i,4
侢,t,ai,4
侣,l,y,3
侤,tʰ,a,a
侥,tɕ,jɑʊ,3
侦,ʈʂ,ən,1
侧,tsʰ,ɤ,4
侨,tɕʰ,jɑʊ,2
侩,kʰ,wai,4
侪,ʈʂʰ,ai,2
侫,n,iŋ,4
侬,n,ʊŋ,2
侭,tɕ,in,3
侮,,u,3
侯,x,oʊ,2
侰,tɕ,jʊŋ,3
侱,ʈʂʰ,ɤŋ,3
侲,ʈʂ,ən,4
侳,ts,uɔ,4
侴,ʈʂʰ,oʊ,3
侵,tɕʰ,in,1
侶,l,y,3
侷,tɕ,y,2
侸,ʂ,u,4
侹,tʰ,iŋ,3
侺,ʂ,ən,4
侻,tʰ,,4
侼,p,uɔ,2
侽,n,an,2
侾,ɕ,jɑʊ,1
便,p,jɛn,4
俀,tʰ,,3
俁,,y,3
係,ɕ,i,4
促,tsʰ,u,4
俄,,ɤ,2
俅,tɕʰ,,2
俆,ɕ,y,2
俇,k,wɑŋ,4
俈,kʰ,u,4
俉,,u,3
俊,tɕ,yn,4
俋,,i,4
俌,f,u,3
俍,l,jɑŋ,2
俎,ts,u,3
俏,tɕʰ,jɑʊ,4
俐,l,i,4
俑,,jʊŋ,3
俒,x,,4
俓,tɕ,iŋ,4
俔,tɕʰ,jɛn,4
俕,s,an,4
俖,pʰ,ei,3
俗,s,u,2
俘,f,u,2
俙,ɕ,i,1
俚,l,i,3
俛,f,u,3
俜,pʰ,iŋ,1
保,p,ɑʊ,3
俞,,y,2
俟,tɕʰ,i,2
俠,ɕ,ja,2
信,ɕ,in,4
俢,ɕ,,1
俣,,y,3
俤,t,i,4
俥,ʈʂʰ,ɤ,1
俦,ʈʂʰ,oʊ,2
俧,ʈʂ,i,4
俨,,jɛn,3
俩,l,ja,3
俪,l,i,4
俫,l,ai,2
俬,s,i,1
俭,tɕ,jɛn,3
修,ɕ,,1
俯,f,u,3
俰,x,uɔ,4
俱,tɕ,y,4
俲,ɕ,jɑʊ,4
俳,pʰ,ai,2
俴,tɕ,jɛn,4
俵,p,jɑʊ,4
俶,ʈʂʰ,u,4
俷,f,ei,4
俸,f,ɤŋ,4
俹,,ja,4
俺,,an,3
俻,p,ei,4
俼,,y,4
俽,ɕ,in,1
俾,p,i,3
俿,x,u,3
倀,ʈʂʰ,ɑŋ,1
倁,ʈʂ,i,1
倂,p,iŋ,4
倃,tɕ,,4
倄,,jɑʊ,2
倅,tsʰ,,4
倆,l,ja,3
倇,,wan,3
倈,l,ai,2
倉,tsʰ,ɑŋ,1
倊,ts,ʊŋ,4
個,k,ɤ,4
倌,k,wan,1
倍,p,ei,4
倎,tʰ,jɛn,3
倏,ʂ,u,1
倐,ʂ,u,1
們,m,ən,n
倒,t,ɑʊ,4
倓,tʰ,an,2
倔,tɕ,yɛ,2
倕,ʈʂʰ,,2
倖,ɕ,iŋ,4
倗,pʰ,ɤŋ,2
倘,tʰ,ɑŋ,3
候,x,oʊ,4
倚,,i,3
倛,tɕʰ,i,1
倜,tʰ,i,4
倝,k,an,4
倞,tɕ,iŋ,4
借,tɕ,je,4
倠,s,,1
倡,ʈʂʰ,ɑŋ,4
倢,tɕ,je,2
倣,f,ɑŋ,3
値,ʈʂ,i,2
倥,kʰ,ʊŋ,1
倦,tɕ,yan,4
倧,ts,ʊŋ,1
倨,tɕ,y,4
倩,tɕʰ,jɛn,4
倪,n,i,2
倫,l,,2
倬,ʈʂ,uɔ,1
倭,,uɔ,1
倮,l,uɔ,3
倯,s,ʊŋ,1
倰,l,ɤŋ,4
倱,x,,4
倲,t,ʊŋ,1
倳,ts,i,4
倴,p,ən,4
倵,,u,3
倶,tɕ,y,4
倷,n,ai,3
倸,tsʰ,ai,3
倹,tɕ,jɛn,3
债,ʈʂ,ai,4
倻,,je,1
值,ʈʂ,i,2
倽,ʂ,a,4
倾,tɕʰ,iŋ,1
倿,n,iŋ,4
偀,,iŋ,1
偁,ʈʂʰ,ɤŋ,1
偂,tɕʰ,jɛn,2
偃,,jɛn,3
偄,ʐ,wan,3
偅,ʈʂ,ʊŋ,4
偆,ʈʂʰ,,3
假,tɕ,ja,3
偈,tɕ,i,4
偉,,,3
偊,,y,3
偋,p,iŋ,4
偌,ʐ,uɔ,4
偍,tʰ,i,2
偎,,,1
偏,pʰ,jɛn,1
偐,,jɛn,4
偑,f,ɤŋ,1
偒,tʰ,ɑŋ,3
偓,,uɔ,4
偔,,ɤ,4
偕,ɕ,je,2
偖,ʈʂʰ,ɤ,3
偗,ʂ,ɤŋ,3
偘,kʰ,an,3
偙,t,i,4
做,ts,uɔ,4
偛,ʈʂʰ,a,1
停,tʰ,iŋ,2
偝,p,ei,4
偞,ɕ,je,4
偟,x,wɑŋ,2
偠,,jɑʊ,3
偡,ʈʂ,an,4
偢,ʈʂʰ,oʊ,3
偣,,jɛn,1
偤,,,2
健,tɕ,jɛn,4
偦,ɕ,y,3
偧,ʈʂ,a,1
偨,tsʰ,i,1
偩,f,u,4
偪,p,i,1
偫,ʈʂ,i,4
偬,ts,ʊŋ,3
偭,m,jɛn,3
偮,tɕ,i,2
偯,,i,3
偰,ɕ,je,4
偱,ɕ,yn,2
偲,tsʰ,ai,1
偳,t,wan,1
側,tsʰ,ɤ,4
偵,ʈʂ,ən,1
偶,,oʊ,3
偷,tʰ,oʊ,1
偸,tʰ,oʊ,1
偹,p,ei,4
偺,ts,a,2
偻,l,oʊ,2
偼,tɕ,je,2
偽,,,3
偾,f,ən,4
偿,ʈʂʰ,ɑŋ,2
傀,k,,1
傁,s,oʊ,3
傂,ʈʂ,i,4
傃,s,u,4
傄,ɕ,ja,1
傅,f,u,4
傆,,yan,4
傇,ʐ,ʊŋ,3
傈,l,i,4
傉,n,u,4
傊,,yn,4
傋,tɕ,jɑŋ,3
傌,m,a,4
傍,p,ɑŋ,4
傎,t,jɛn,1
傏,tʰ,ɑŋ,2
傐,x,ɑʊ,4
傑,tɕ,je,2
傒,ɕ,i,1
傓,ʂ,an,4
傔,tɕʰ,jɛn,4
傕,tɕ,yɛ,2
傖,tsʰ,ɑŋ,1
傗,ʈʂʰ,u,4
傘,s,an,3
備,p,ei,4
傚,ɕ,jɑʊ,4
傛,,jʊŋ,3
傜,,jɑʊ,2
傝,tʰ,an,4
傞,s,uɔ,1
傟,,jɑŋ,3
傠,f,a,2
傡,p,iŋ,4
傢,tɕ,ja,1
傣,t,ai,3
傤,ts,ai,4
傥,tʰ,ɑŋ,3
傦,k,u,3
傧,p,in,1
储,ʈʂʰ,u,3
傩,n,uɔ,2
傪,tsʰ,an,1
傫,l,ei,3
催,tsʰ,,1
傭,,jʊŋ,1
傮,ts,ɑʊ,1
傯,ts,ʊŋ,3
傰,p,ɤŋ,1
傱,s,ʊŋ,3
傲,,ɑʊ,4
傳,ʈʂʰ,wan,2
傴,,y,3
債,ʈʂ,ai,4
傶,ts,u,2
傷,ʂ,ɑŋ,1
傸,ʈʂʰ,wɑŋ,3
傹,tɕ,iŋ,4
傺,ʈʂʰ,i,4
傻,ʂ,a,3
傼,x,an,4
傽,ʈʂ,ɑŋ,1
傾,tɕʰ,iŋ,1
傿,,jɛn,4
僀,t,i,4
僁,ɕ,je,4
僂,l,oʊ,2
僃,p,ei,4
僄,pʰ,jɑʊ,4
僅,tɕ,in,3
僆,l,jɛn,4
僇,l,u,4
僈,m,an,2
僉,tɕʰ,jɛn,1
僊,ɕ,jɛn,1
僋,tʰ,an,4
僌,,iŋ,2
働,t,ʊŋ,4
僎,ʈʂ,wan,4
像,ɕ,jɑŋ,4
僐,ʂ,an,4
僑,tɕʰ,jɑʊ,2
僒,tɕ,jʊŋ,3
僓,tʰ,,3
僔,ts,,3
僕,pʰ,u,2
僖,ɕ,i,1
僗,l,ɑʊ,2
僘,ʈʂʰ,ɑŋ,3
僙,k,wɑŋ,1
僚,l,jɑʊ,2
僛,tɕʰ,i,1
僜,ʈʂʰ,ɤŋ,1
僝,ʈʂʰ,an,2
僞,,,3
僟,tɕ,i,1
僠,p,uɔ,1
僡,x,,4
僢,ʈʂʰ,wan,3
僣,tʰ,je,3
僤,t,an,4
僥,tɕ,jɑʊ,3
僦,tɕ,,4
僧,s,ɤŋ,1
僨,f,ən,4
僩,ɕ,jɛn,4
僪,tɕ,y,2
僫,,ɤ,4
僬,tɕ,jɑʊ,1
僭,tɕ,jɛn,4
僮,tʰ,ʊŋ,2
僯,l,in,4
僰,p,uɔ,2
僱,k,u,4
僲,ɕ,jɛn,1
僳,s,u,4
僴,ɕ,jɛn,4
僵,tɕ,jɑŋ,1
僶,m,in,3
僷,,je,4
僸,tɕ,in,4
價,tɕ,ja,4
僺,tɕʰ,jɑʊ,4
僻,pʰ,i,4
僼,f,ɤŋ,1
僽,ʈʂ,oʊ,4
僾,,ai,4
僿,s,ai,4
儀,,i,2
儁,tɕ,yn,4
儂,n,ʊŋ,2
儃,ʈʂʰ,an,2
億,,i,4
儅,t,ɑŋ,4
儆,tɕ,iŋ,3
儇,ɕ,yan,1
儈,kʰ,wai,4
儉,tɕ,jɛn,3
儊,ʈʂʰ,u,4
儋,t,an,1
儌,tɕ,jɑʊ,3
儍,ʂ,a,3
儎,ts,ai,4
儏,tsʰ,an,4
儐,p,in,1
儑,,an,2
儒,ʐ,u,2
儓,tʰ,ai,2
儔,ʈʂʰ,oʊ,2
儕,ʈʂʰ,ai,2
儖,l,an,2
儗,n,i,3
儘,tɕ,in,3
儙,tɕʰ,jɛn,4
儚,m,ɤŋ,2
儛,,u,3
儜,n,iŋ,2
儝,tɕʰ,jʊŋ,2
儞,n,i,3
償,ʈʂʰ,ɑŋ,2
儠,l,je,4
儡,l,ei,3
儢,l,y,3
儣,kʰ,wɑŋ,3
儤,p,ɑʊ,4
儥,,y,4
儦,p,jɑʊ,1
儧,ts,an,3
儨,ʈʂ,i,4
儩,s,i,4
優,,,1
儫,x,ɑʊ,2
儬,tɕʰ,iŋ,4
儭,ʈʂʰ,ən,4
儮,l,i,4
儯,tʰ,ɤŋ,2
儰,,,3
儱,l,ʊŋ,3
儲,ʈʂʰ,u,3
儳,ʈʂʰ,an,2
儴,ʐ,ɑŋ,2
儵,ʂ,u,1
儶,x,,4
儷,l,i,4
儸,l,uɔ,2
儹,ts,an,3
儺,n,uɔ,2
儻,tʰ,ɑŋ,3
儼,,jɛn,3
儽,l,ei,2
儾,n,ɑŋ,4
儿,,,2
兀,,u,4
允,,yn,3
兂,ts,an,1
元,,yan,2
兄,ɕ,jʊŋ,1
充,ʈʂʰ,ʊŋ,1
兆,ʈʂ,ɑʊ,4
兇,ɕ,jʊŋ,1
先,ɕ,jɛn,1
光,k,wɑŋ,1
兊,t,,4
克,kʰ,ɤ,4
兌,t,,4
免,m,jɛn,3
兎,tʰ,u,4
兏,ʈʂʰ,ɑŋ,2
児,,,2
兑,t,,4
兒,,,2
兓,tɕ,in,1
兔,tʰ,u,4
兕,s,i,4
兖,,jɛn,3
兗,,jɛn,3
兘,ʂ,i,3
兙,,,
党,t,ɑŋ,3
兛,tɕʰ,jɛn,1
兜,t,oʊ,1
兝,f,ən,1
兞,m,ɑʊ,2
兟,ʂ,ən,1
兠,t,oʊ,1
兡,,,
兢,tɕ,iŋ,1
兣,l,i,3
兤,x,wɑŋ,3
入,ʐ,u,4
兦,,wɑŋ,2
內,n,ei,4
全,tɕʰ,yan,2
兩,l,jɑŋ,3
兪,,y,2
八,p,a,1
公,k,ʊŋ,1
六,l,,4
兮,ɕ,i,1
兯,x,an,n
兰,l,an,2
共,k,ʊŋ,4
兲,tʰ,jɛn,1
关,k,wan,1
兴,ɕ,iŋ,1
兵,p,iŋ,1
其,tɕʰ,i,2
具,tɕ,y,4
典,t,jɛn,3
兹,ts,i,1
兺,f,ən,1
养,,jɑŋ,3
兼,tɕ,jɛn,1
兽,ʂ,oʊ,4
兾,tɕ,i,4
兿,,i,4
冀,tɕ,i,4
冁,ʈʂʰ,an,3
冂,tɕ,jʊŋ,1
冃,m,ɑʊ,4
冄,ʐ,an,3
内,n,ei,4
円,,yan,2
冇,m,ɑʊ,3
冈,k,ɑŋ,1
冉,ʐ,an,3
冊,tsʰ,ɤ,4
冋,tɕ,jʊŋ,1
册,tsʰ,ɤ,4
再,ts,ai,4
冎,k,wa,3
冏,tɕ,jʊŋ,3
冐,m,ɑʊ,4
冑,ʈʂ,oʊ,4
冒,m,ɑʊ,4
冓,k,oʊ,4
冔,ɕ,y,3
冕,m,jɛn,3
冖,m,i,4
冗,ʐ,ʊŋ,3
冘,,in,2
写,ɕ,je,3
冚,kʰ,an,3
军,tɕ,yn,1
农,n,ʊŋ,2
冝,,i,2
冞,m,i,2
冟,ʂ,i,4
冠,k,wan,1
冡,m,ɤŋ,2
冢,ʈʂ,ʊŋ,3
冣,tɕ,y,4
冤,,yan,1
冥,m,iŋ,2
冦,kʰ,oʊ,4
冧,l,in,2
冨,f,u,4
冩,ɕ,je,3
冪,m,i,4
冫,p,iŋ,1
冬,t,ʊŋ,1
冭,tʰ,ai,4
冮,k,ɑŋ,1
冯,f,ɤŋ,2
冰,p,iŋ,1
冱,x,u,4
冲,ʈʂʰ,ʊŋ,1
决,tɕ,yɛ,2
冴,x,u,4
况,kʰ,wɑŋ,4
冶,,je,3
冷,l,ɤŋ,3
冸,pʰ,an,4
冹,f,u,2
冺,m,in,3
冻,t,ʊŋ,4
冼,ɕ,jɛn,3
冽,l,je,4
冾,tɕʰ,ja,4
冿,tɕ,jɛn,1
净,tɕ,iŋ,4
凁,s,oʊ,1
凂,m,ei,3
凃,tʰ,u,2
凄,tɕʰ,i,1
凅,k,u,4
准,ʈʂ,,3
凇,s,ʊŋ,1
凈,tɕ,iŋ,4
凉,l,jɑŋ,2
凊,tɕʰ,iŋ,4
凋,t,jɑʊ,1
凌,l,iŋ,2
凍,t,ʊŋ,4
凎,k,an,4
减,tɕ,jɛn,3
凐,,in,1
凑,tsʰ,oʊ,4
凒,,ai,2
凓,l,i,4
凔,ʈʂʰ,wɑŋ,4
凕,m,iŋ,3
凖,ʈʂ,,3
凗,tsʰ,,1
凘,s,i,1
凙,t,uɔ,2
凚,tɕ,in,4
凛,l,in,3
凜,l,in,3
凝,n,iŋ,2
凞,ɕ,i,1
凟,t,u,2
几,tɕ,i,3
凡,f,an,2
凢,f,an,2
凣,f,an,2
凤,f,ɤŋ,4
凥,tɕ,y,1
処,ʈʂʰ,u,3
凧,ʈʂ,ɤŋ,1
凨,f,ɤŋ,1
凩,m,u,4
凪,ʈʂ,i,3
凫,f,u,2
凬,f,ɤŋ,1
凭,pʰ,iŋ,2
凮,f,ɤŋ,1
凯,kʰ,ai,3
凰,x,wɑŋ,2
凱,kʰ,ai,3
凲,k,an,1
凳,t,ɤŋ,4
凴,pʰ,iŋ,2
凵,tɕʰ,jɛn,3
凶,ɕ,jʊŋ,1
凷,kʰ,wai,4
凸,tʰ,u,1
凹,,ɑʊ,1
出,ʈʂʰ,u,1
击,tɕ,i,1
凼,t,ɑŋ,4
函,x,an,2
凾,x,an,2
凿,ts,ɑʊ,2
刀,t,ɑʊ,1
刁,t,jɑʊ,1
刂,t,ɑʊ,1
刃,ʐ,ən,4
刄,ʐ,ən,4
刅,ʈʂʰ,wɑŋ,1
分,f,ən,1
切,tɕʰ,je,4
刈,,i,4
刉,tɕ,i,1
刊,kʰ,an,1
刋,tɕʰ,jɛn,4
刌,tsʰ,,3
刍,ʈʂʰ,u,2
刎,,,3
刏,tɕ,i,1
刐,t,an,3
刑,ɕ,iŋ,2
划,x,wa,4
刓,,wan,2
刔,tɕ,yɛ,2
刕,l,i,2
刖,,yɛ,4
列,l,je,4
刘,l,,2
则,ts,ɤ,2
刚,k,ɑŋ,1
创,ʈʂʰ,wɑŋ,4
刜,f,u,2
初,ʈʂʰ,u,1
刞,tɕʰ,y,4
刟,t,jɑʊ,1
删,ʂ,an,1
刡,m,in,3
刢,l,iŋ,2
刣,ʈʂ,ʊŋ,1
判,pʰ,an,4
別,p,je,2
刦,tɕ,je,2
刧,tɕ,je,2
刨,pʰ,ɑʊ,2
利,l,i,4
刪,ʂ,an,1
别,p,je,2
刬,ʈʂʰ,an,3
刭,tɕ,iŋ,3
刮,k,wa,1
刯,k,ɤŋ,1
到,t,ɑʊ,4
刱,ʈʂʰ,wɑŋ,4
刲,kʰ,,1
刳,kʰ,u,1
刴,t,uɔ,4
刵,,,4
制,ʈʂ,i,4
刷,ʂ,wa,1
券,tɕʰ,yan,4
刹,ʂ,a,1
刺,tsʰ,i,4
刻,kʰ,ɤ,4
刼,tɕ,je,2
刽,k,,4
刾,tsʰ,i,4
刿,k,,4
剀,kʰ,ai,3
剁,t,uɔ,4
剂,tɕ,i,4
剃,tʰ,i,4
剄,tɕ,iŋ,3
剅,l,oʊ,2
剆,l,uɔ,3
則,ts,ɤ,2
剈,,yan,1
剉,tsʰ,uɔ,4
削,ɕ,yɛ,1
剋,kʰ,ɤ,4
剌,l,a,2
前,tɕʰ,jɛn,2
剎,ʂ,a,1
剏,ʈʂʰ,wɑŋ,4
剐,k,wa,3
剑,tɕ,jɛn,4
剒,tsʰ,uɔ,4
剓,l,i,2
剔,tʰ,i,1
剕,f,ei,4
剖,pʰ,oʊ,1
剗,ʈʂʰ,an,3
剘,tɕʰ,i,2
剙,ʈʂʰ,wɑŋ,4
剚,ts,i,4
剛,k,ɑŋ,1
剜,,wan,1
剝,p,uɔ,1
剞,tɕ,i,1
剟,t,uɔ,1
剠,tɕʰ,iŋ,2
剡,ʂ,an,4
剢,t,u,1
剣,tɕ,jɛn,4
剤,tɕ,i,4
剥,p,uɔ,1
剦,,jɛn,1
剧,tɕ,y,4
剨,x,uɔ,1
剩,ʂ,ɤŋ,4
剪,tɕ,jɛn,3
剫,t,uɔ,2
剬,t,wan,1
剭,,u,1
剮,k,wa,3
副,f,u,4
剰,ʂ,ɤŋ,4
剱,tɕ,jɛn,4
割,k,ɤ,1
剳,t,a,2
剴,kʰ,ai,3
創,ʈʂʰ,wɑŋ,4
剶,ʈʂʰ,wan,1
剷,ʈʂʰ,an,3
剸,tʰ,wan,2
剹,l,u,4
剺,l,i,2
剻,pʰ,ɤŋ,3
剼,ʂ,an,1
剽,pʰ,jɑʊ,1
剾,kʰ,oʊ,1
剿,tɕ,jɑʊ,3
劀,k,wa,1
劁,tɕʰ,jɑʊ,1
劂,tɕ,yɛ,2
劃,x,wa,4
劄,ʈʂ,a,1
劅,ʈʂ,uɔ,2
劆,l,jɛn,2
劇,tɕ,y,4
劈,pʰ,i,1
劉,l,,2
劊,k,,4
劋,tɕ,jɑʊ,3
劌,k,,4
劍,tɕ,jɛn,4
劎,tɕ,jɛn,4
劏,tʰ,ɑŋ,1
劐,x,uɔ,1
劑,tɕ,i,4
劒,tɕ,jɛn,4
劓,,i,4
劔,tɕ,jɛn,4
劕,ʈʂ,i,4
劖,ʈʂʰ,an,2
劗,tɕ,jɛn,3
劘,m,uɔ,2
劙,l,i,2
劚,ʈʂ,u,2
力,l,i,4
劜,,ja,4
劝,tɕʰ,yan,4
办,p,an,4
功,k,ʊŋ,1
加,tɕ,ja,1
务,,u,4
劢,m,ai,4
劣,l,je,4
劤,tɕ,in,4
劥,kʰ,ɤŋ,1
劦,ɕ,je,2
劧,ʈʂ,i,3
动,t,ʊŋ,4
助,ʈʂ,u,4
努,n,u,3
劫,tɕ,je,2
劬,tɕʰ,y,2
劭,ʂ,ɑʊ,4
劮,,i,4
劯,ʈʂ,u,1
劰,m,uɔ,4
励,l,i,4
劲,tɕ,in,4
劳,l,ɑʊ,2
労,l,ɑʊ,2
劵,tɕ,yan,4
劶,kʰ,oʊ,3
劷,,jɑŋ,2
劸,,wa,1
効,ɕ,jɑʊ,4
劺,m,oʊ,2
劻,kʰ,wɑŋ,1
劼,tɕ,je,2
劽,l,je,4
劾,x,ɤ,2
势,ʂ,i,4
勀,kʰ,ɤ,4
勁,tɕ,in,4
勂,k,ɑʊ,4
勃,p,uɔ,2
勄,m,in,3
勅,ʈʂʰ,i,4
勆,l,ɑŋ,2
勇,,jʊŋ,3
勈,,jʊŋ,3
勉,m,jɛn,3
勊,kʰ,ɤ,4
勋,ɕ,yn,1
勌,tɕ,yan,4
勍,tɕʰ,iŋ,2
勎,l,u,4
勏,p,u,4
勐,m,ɤŋ,3
勑,ʈʂʰ,i,4
勒,l,ei,1
勓,kʰ,ai,4
勔,m,jɛn,3
動,t,ʊŋ,4
勖,ɕ,y,4
勗,ɕ,y,4
勘,kʰ,an,1
務,,u,4
勚,,i,4
勛,ɕ,yn,1
勜,,,3
勝,ʂ,ɤŋ,4
勞,l,ɑʊ,2
募,m,u,4
勠,l,u,4
勡,pʰ,jɑʊ,4
勢,ʂ,i,4
勣,tɕ,i,1
勤,tɕʰ,in,2
勥,tɕ,jɑŋ,4
勦,ʈʂʰ,ɑʊ,1
勧,tɕʰ,yan,4
勨,ɕ,jɑŋ,4
勩,,i,4
勪,tɕ,yɛ,2
勫,f,an,1
勬,tɕ,yan,1
勭,tʰ,ʊŋ,2
勮,tɕ,y,4
勯,t,an,1
勰,ɕ,je,2
勱,m,ai,4
勲,ɕ,yn,1
勳,ɕ,yn,1
勴,l,y,4
勵,l,i,4
勶,ʈʂʰ,ɤ,4
勷,ʐ,ɑŋ,2
勸,tɕʰ,yan,4
勹,p,ɑʊ,1
勺,ʂ,ɑʊ,2
勻,,yn,2
勼,tɕ,,1
勽,p,ɑʊ,4
勾,k,oʊ,1
勿,,u,4
匀,,yn,2
匁,,,2
匂,ɕ,jʊŋ,1
匃,k,ai,4
匄,k,ai,4
包,p,ɑʊ,1
匆,tsʰ,ʊŋ,1
匇,,i,4
匈,ɕ,jʊŋ,1
匉,pʰ,ɤŋ,1
匊,tɕ,y,1
匋,tʰ,ɑʊ,2
匌,k,ɤ,2
匍,pʰ,u,2
匎,,ɤ,4
匏,pʰ,ɑʊ,2
匐,f,u,2
匑,k,ʊŋ,1
匒,t,a,2
匓,tɕ,,4
匔,k,ʊŋ,1
匕,p,i,3
化,x,wa,4
北,p,ei,3
匘,n,ɑʊ,3
匙,ʂ,i,i
匚,f,ɑŋ,1
匛,tɕ,,4
匜,,i,2
匝,ts,a,1
匞,tɕ,jɑŋ,4
匟,kʰ,ɑŋ,4
匠,tɕ,jɑŋ,4
匡,kʰ,wɑŋ,1
匢,x,u,1
匣,ɕ,ja,2
匤,tɕʰ,y,1
匥,f,an,2
匦,k,,3
匧,tɕʰ,je,4
匨,ts,ɑŋ,1
匩,kʰ,wɑŋ,1
匪,f,ei,3
匫,x,u,1
匬,,y,3
匭,k,,3
匮,kʰ,,4
匯,x,,4
匰,t,an,1
匱,k,,4
匲,l,jɛn,2
匳,l,jɛn,2
匴,s,wan,3
匵,t,u,2
匶,tɕ,,4
匷,tɕ,yɛ,2
匸,ɕ,i,4
匹,pʰ,i,3
区,tɕʰ,y,1
医,,i,1
匼,kʰ,ɤ,1
匽,,jɛn,3
匾,p,jɛn,3
匿,n,i,4
區,tɕʰ,y,1
十,ʂ,i,2
卂,ɕ,yn,4
千,tɕʰ,jɛn,1
卄,n,jɛn,4
卅,s,a,4
卆,ts,u,2
升,ʂ,ɤŋ,1
午,,u,3
卉,x,,4
半,p,an,4
卋,ʂ,i,4
卌,ɕ,i,4
卍,,wan,4
华,x,wa,2
协,ɕ,je,2
卐,,wan,4
卑,p,ei,1
卒,ts,u,2
卓,ʈʂ,uɔ,2
協,ɕ,je,2
单,t,an,1
卖,m,ai,4
南,n,an,2
単,t,an,1
卙,tɕ,i,2
博,p,uɔ,2
卛,ʂ,wai,4
卜,p,uɔ,o
卝,kʰ,wɑŋ,4
卞,p,jɛn,4
卟,p,u,3
占,ʈʂ,an,4
卡,kʰ,a,3
卢,l,u,2
卣,,,3
卤,l,u,3
卥,ɕ,i,1
卦,k,wa,4
卧,,uɔ,4
卨,ɕ,je,4
卩,tɕ,je,2
卪,tɕ,je,2
卫,,,4
卬,,ɑŋ,2
卭,tɕʰ,jʊŋ,2
卮,ʈʂ,i,1
卯,m,ɑʊ,3
印,,in,4
危,,,1
卲,ʂ,ɑʊ,4
即,tɕ,i,2
却,tɕʰ,yɛ,4
卵,l,wan,3
卶,ʈʂʰ,i,3
卷,tɕ,yan,3
卸,ɕ,je,4
卹,ɕ,y,4
卺,tɕ,in,3
卻,tɕʰ,yɛ,4
卼,,u,4
卽,tɕ,i,2
卾,,ɤ,4
卿,tɕʰ,iŋ,1
厀,ɕ,i,1
厁,s,an,1
厂,ʈʂʰ,ɑŋ,3
厃,,,3
厄,,ɤ,4
厅,tʰ,iŋ,1
历,l,i,4
厇,ʈʂ,ɤ,2
厈,x,an,3
厉,l,i,4
厊,,ja,3
压,,ja,1
厌,,jɛn,4
厍,ʂ,ɤ,4
厎,t,i,3
厏,ʈʂ,a,3
厐,pʰ,ɑŋ,2
厑,,ja,2
厒,tɕʰ,je,4
厓,,ja,2
厔,ʈʂ,i,4
厕,tsʰ,ɤ,4
厖,pʰ,ɑŋ,2
厗,tʰ,i,2
厘,l,i,2
厙,ʂ,ɤ,4
厚,x,oʊ,4
厛,tʰ,iŋ,1
厜,ts,,1
厝,tsʰ,uɔ,4
厞,f,ei,4
原,,yan,2
厠,tsʰ,ɤ,4
厡,,yan,2
厢,ɕ,jɑŋ,1
厣,,jɛn,3
厤,l,i,4
厥,tɕ,yɛ,2
厦,ʂ,a,4
厧,t,jɛn,1
厨,ʈʂʰ,u,2
厩,tɕ,,4
厪,tɕ,in,3
厫,,ɑʊ,2
厬,k,,3
厭,,jɛn,4
厮,s,i,1
厯,l,i,4
厰,ʈʂʰ,ɑŋ,3
厱,l,an,2
厲,l,i,4
厳,,jɛn,2
厴,,jɛn,3
厵,,yan,2
厶,s,i,1
厷,k,ʊŋ,1
厸,l,in,2
厹,ʐ,oʊ,2
厺,tɕʰ,y,4
去,tɕʰ,y,4
厼,,,3
厽,l,ei,3
厾,t,u,1
县,ɕ,jɛn,4
叀,ʈʂ,wan,1
叁,s,an,1
参,tsʰ,an,1
參,tsʰ,an,1
叄,tsʰ,an,1
叅,tsʰ,an,1
叆,,ai,4
叇,t,ai,4
又,,,4
叉,ʈʂʰ,a,1
及,tɕ,i,2
友,,,3
双,ʂ,wɑŋ,1
反,f,an,3
収,ʂ,oʊ,1
叏,k,wai,4
叐,p,a,2
发,f,a,1
叒,ʐ,uɔ,4
叓,ʂ,i,4
叔,ʂ,u,1
叕,ʈʂ,uɔ,2
取,tɕʰ,y,3
受,ʂ,oʊ,4
变,p,jɛn,4
叙,ɕ,y,4
叚,tɕ,ja,3
叛,pʰ,an,4
叜,s,oʊ,3
叝,tɕ,i,2
叞,,,4
叟,s,oʊ,3
叠,t,je,2
叡,ʐ,,4
叢,tsʰ,ʊŋ,2
口,kʰ,oʊ,3
古,k,u,3
句,tɕ,y,4
另,l,iŋ,4
叧,k,wa,3
叨,t,ɑʊ,1
叩,kʰ,oʊ,4
只,ʈʂ,i,3
叫,tɕ,jɑʊ,4
召,ʈʂ,ɑʊ,4
叭,p,a,1
叮,t,iŋ,1
可,kʰ,ɤ,3
台,tʰ,ai,2
叱,ʈʂʰ,i,4
史,ʂ,i,3
右,,,4
叴,tɕʰ,,2
叵,pʰ,uɔ,3
叶,,je,4
号,x,ɑʊ,4
司,s,i,1
叹,tʰ,an,4
叺,ʈʂʰ,i,3
叻,l,ɤ,4
叼,t,jɑʊ,1
叽,tɕ,i,1
叾,l,jɑʊ,3
叿,x,ʊŋ,1
吀,m,je,1
吁,ɕ,y,1
吂,m,ɑŋ,2
吃,ʈʂʰ,i,1
各,k,ɤ,4
吅,ɕ,yan,1
吆,,jɑʊ,1
吇,ts,i,3
合,x,ɤ,2
吉,tɕ,i,2
吊,t,jɑʊ,4
吋,tsʰ,,4
同,tʰ,ʊŋ,2
名,m,iŋ,2
后,x,oʊ,4
吏,l,i,4
吐,tʰ,u,3
向,ɕ,jɑŋ,4
吒,ʈʂ,a,1
吓,ɕ,ja,4
吔,,je,3
吕,l,y,3
吖,,ja,1
吗,m,a,a
吘,,oʊ,3
吙,x,uɔ,1
吚,,i,1
君,tɕ,yn,1
吜,ʈʂʰ,oʊ,3
吝,l,in,4
吞,tʰ,,1
吟,,in,2
吠,f,ei,4
吡,p,i,3
吢,tɕʰ,in,4
吣,tɕʰ,in,4
吤,tɕ,je,4
吥,p,u,4
否,f,oʊ,3
吧,p,a,a
吨,t,,1
吩,f,ən,1
吪,,ɤ,2
含,x,an,2
听,tʰ,iŋ,1
吭,kʰ,ɤŋ,1
吮,ʂ,,3
启,tɕʰ,i,3
吰,x,ʊŋ,2
吱,ʈʂ,i,1
吲,,in,3
吳,,u,2
吴,,u,2
吵,ʈʂʰ,ɑʊ,3
吶,n,a,4
吷,ɕ,yɛ,4
吸,ɕ,i,1
吹,ʈʂʰ,,1
吺,t,oʊ,1
吻,,,3
吼,x,oʊ,3
吽,x,ʊŋ,1
吾,,u,2
吿,k,ɑʊ,4
呀,,ja,a
呁,tɕ,yn,4
呂,l,y,3
呃,,ɤ,4
呄,k,ɤ,2
呅,m,ei,2
呆,t,ai,1
呇,tɕʰ,i,3
呈,ʈʂʰ,ɤŋ,2
呉,,u,2
告,k,ɑʊ,4
呋,f,u,1
呌,tɕ,jɑʊ,4
呍,x,ʊŋ,1
呎,ʈʂʰ,i,3
呏,ʂ,ɤŋ,1
呐,n,a,4
呑,tʰ,,1
呒,,u,3
呓,,i,4
呔,t,ai,1
呕,,oʊ,3
呖,l,i,4
呗,p,ei,i
员,,yan,2
呙,k,uɔ,1
呚,,,n
呛,tɕʰ,jɑŋ,1
呜,,u,1
呝,,ɤ,4
呞,ʂ,i,1
呟,tɕ,yan,3
呠,pʰ,ən,3
呡,,,3
呢,n,ɤ,e
呣,,,2
呤,l,iŋ,4
呥,ʐ,an,2
呦,,,1
呧,t,i,3
周,ʈʂ,oʊ,1
呩,ʂ,i,4
呪,ʈʂ,oʊ,4
呫,tʰ,je,4
呬,ɕ,i,4
呭,,i,4
呮,tɕʰ,i,4
呯,pʰ,iŋ,2
呰,ts,i,3
呱,k,u,1
呲,tsʰ,i,1
味,,,4
呴,ɕ,y,3
呵,x,ɤ,1
呶,n,ɑʊ,2
呷,k,a,1
呸,pʰ,ei,1
呹,,i,4
呺,ɕ,jɑʊ,1
呻,ʂ,ən,1
呼,x,u,1
命,m,iŋ,4
呾,t,a,2
呿,tɕʰ,y,4
咀,tɕ,y,3
咁,k,an,4
咂,ts,a,1
咃,tʰ,uɔ,1
咄,t,uɔ,1
咅,pʰ,oʊ,3
咆,pʰ,ɑʊ,2
咇,p,je,2
咈,f,u,2
咉,,jɑŋ,1
咊,x,ɤ,2
咋,ts,a,3
和,x,ɤ,2
咍,x,ai,1
咎,tɕ,,4
咏,,jʊŋ,3
咐,f,u,4
咑,t,a,1
咒,ʈʂ,oʊ,4
咓,,wa,3
咔,kʰ,a,1
咕,k,u,1
咖,kʰ,a,1
咗,ts,uɔ,o
咘,p,u,4
咙,l,ʊŋ,2
咚,t,ʊŋ,1
咛,n,iŋ,2
咜,tʰ,a,a
咝,s,i,1
咞,ɕ,jɛn,4
咟,x,uɔ,4
咠,tɕʰ,i,4
咡,,,4
咢,,ɤ,4
咣,k,wɑŋ,1
咤,ʈʂ,a,4
咥,ɕ,i,4
咦,,i,2
咧,l,je,3
咨,ts,i,1
咩,m,je,1
咪,m,i,1
咫,ʈʂ,i,3
咬,,jɑʊ,3
咭,tɕ,i,1
咮,ʈʂ,oʊ,4
咯,k,ɤ,1
咰,ʂ,u,4
咱,ts,an,2
咲,ɕ,jɑʊ,4
咳,kʰ,ɤ,2
咴,x,,1
咵,kʰ,wa,3
咶,x,wai,4
咷,tʰ,ɑʊ,2
咸,ɕ,jɛn,2
咹,,ɤ,4
咺,ɕ,yan,3
咻,ɕ,,1
咼,k,uɔ,1
咽,,jɛn,4
咾,l,ɑʊ,3
咿,,i,1
哀,,ai,1
品,pʰ,in,3
哂,ʂ,ən,3
哃,tʰ,ʊŋ,2
哄,x,ʊŋ,3
哅,ɕ,jʊŋ,1
哆,t,uɔ,1
哇,,wa,a
哈,x,a,1
哉,ts,ai,1
哊,,,4
哋,t,je,4
哌,pʰ,ai,4
响,ɕ,jɑŋ,3
哎,,ai,1
哏,k,ən,2
哐,kʰ,wɑŋ,1
哑,,ja,3
哒,t,a,2
哓,ɕ,jɑʊ,1
哔,p,i,4
哕,x,,4
哖,n,jɛn,2
哗,x,wa,1
哘,ɕ,iŋ,g
哙,kʰ,wai,4
哚,t,uɔ,3
哛,f,ən,1
哜,tɕ,i,4
哝,n,ʊŋ,2
哞,m,oʊ,1
哟,,uɔ,1
哠,x,ɑʊ,4
員,,yan,2
哢,l,ʊŋ,4
哣,pʰ,oʊ,3
哤,m,ɑŋ,2
哥,k,ɤ,1
哦,,uɔ,2
哧,ʈʂʰ,i,1
哨,ʂ,ɑʊ,4
哩,l,i,1
哪,n,a,3
哫,ts,u,2
哬,x,ɤ,2
哭,kʰ,u,1
哮,ɕ,jɑʊ,1
哯,ɕ,jɛn,4
哰,l,ɑʊ,2
哱,p,uɔ,1
哲,ʈʂ,ɤ,2
哳,ʈʂ,a,1
哴,l,jɑŋ,4
哵,p,a,1
哶,m,je,1
哷,l,je,4
哸,s,,1
哹,f,u,2
哺,p,u,3
哻,x,an,1
哼,x,ɤŋ,1
哽,k,ɤŋ,3
哾,ʂ,uɔ,1
哿,k,ɤ,3
唀,,,4
唁,,jɛn,4
唂,k,u,1
唃,k,u,3
唄,p,ei,i
唅,x,an,2
唆,s,uɔ,1
唇,ʈʂʰ,,2
唈,,i,4
唉,,ai,1
唊,tɕ,ja,2
唋,tʰ,u,1
唌,ɕ,jɛn,2
唍,,wan,3
唎,l,i,4
唏,ɕ,i,1
唐,tʰ,ɑŋ,2
唑,ts,uɔ,4
唒,tɕʰ,,2
唓,ʈʂʰ,ɤ,1
唔,,u,2
唕,ts,ɑʊ,4
唖,,ja,3
唗,t,oʊ,1
唘,tɕʰ,i,3
唙,t,i,2
唚,tɕʰ,in,4
唛,m,a,4
唜,m,uɔ,4
唝,k,ʊŋ,4
唞,t,oʊ,3
唟,tɕʰ,y,4
唠,l,ɑʊ,2
唡,l,jɑŋ,3
唢,s,uɔ,3
唣,ts,ɑʊ,4
唤,x,wan,4
唥,l,ɑŋ,g
唦,ʂ,a,1
唧,tɕ,i,1
唨,ts,u,3
唩,,uɔ,1
唪,f,ɤŋ,3
唫,tɕ,in,4
唬,x,u,3
唭,tɕʰ,i,4
售,ʂ,oʊ,4
唯,,,2
唰,ʂ,wa,1
唱,ʈʂʰ,ɑŋ,4
唲,,,2
唳,l,i,4
唴,tɕʰ,jɑŋ,4
唵,,an,3
唶,ts,ɤ,2
唷,,uɔ,1
唸,n,jɛn,4
唹,,y,1
唺,tʰ,jɛn,3
唻,l,ai,4
唼,ʂ,a,4
唽,ɕ,i,1
唾,tʰ,uɔ,4
唿,x,u,1
啀,,ai,2
啁,ʈʂ,ɑʊ,1
啂,n,oʊ,3
啃,kʰ,ən,3
啄,ʈʂ,uɔ,2
啅,ʈʂ,uɔ,2
商,ʂ,ɑŋ,1
啇,t,i,4
啈,x,ɤŋ,1
啉,l,in,2
啊,,a,a
啋,tsʰ,ai,3
啌,ɕ,jɑŋ,1
啍,tʰ,,1
啎,,u,3
問,,,4
啐,tsʰ,,4
啑,ʂ,a,4
啒,k,u,3
啓,tɕʰ,i,3
啔,tɕʰ,i,3
啕,tʰ,ɑʊ,2
啖,t,an,4
啗,t,an,4
啘,,je,4
啙,ts,i,3
啚,p,i,3
啛,tsʰ,,4
啜,ʈʂʰ,wai,4
啝,x,ɤ,2
啞,,ja,3
啟,tɕʰ,i,3
啠,ʈʂ,ɤ,2
啡,f,ei,1
啢,l,jɑŋ,3
啣,ɕ,jɛn,2
啤,pʰ,i,2
啥,ʂ,a,2
啦,l,a,a
啧,ts,ɤ,2
啨,,iŋ,1
啩,k,wa,4
啪,pʰ,a,1
啫,ʈʂ,ɤ,3
啬,s,ɤ,4
啭,ʈʂ,wan,4
啮,n,je,4
啯,k,uɔ,1
啰,l,uɔ,1
啱,,jɛn,2
啲,t,i,1
啳,tɕʰ,yan,2
啴,ʈʂʰ,an,3
啵,p,uɔ,1
啶,t,iŋ,4
啷,l,ɑŋ,1
啸,ɕ,jɑʊ,4
啹,tɕ,y,2
啺,tʰ,ɑŋ,2
啻,ʈʂʰ,i,4
啼,tʰ,i,2
啽,,an,2
啾,tɕ,,1
啿,t,an,4
喀,kʰ,a,1
喁,,jʊŋ,2
喂,,,4
喃,n,an,2
善,ʂ,an,4
喅,,y,4
喆,ʈʂ,ɤ,2
喇,l,a,3
喈,tɕ,je,1
喉,x,oʊ,2
喊,x,an,3
喋,t,je,2
喌,ʈʂ,oʊ,1
喍,ʈʂʰ,ai,2
喎,,wai,1
喏,n,uɔ,4
喐,,y,4
喑,,in,1
喒,ts,a,2
喓,,jɑʊ,1
喔,,uɔ,1
喕,m,jɛn,3
喖,x,u,2
喗,,yn,3
喘,ʈʂʰ,wan,3
喙,x,,4
喚,x,wan,4
喛,x,wan,4
喜,ɕ,i,3
喝,x,ɤ,1
喞,tɕ,i,1
喟,kʰ,,4
喠,ʈʂ,ʊŋ,3
喡,,,2
喢,ʂ,a,4
喣,ɕ,y,3
喤,x,wɑŋ,2
喥,t,uɔ,2
喦,n,je,4
喧,ɕ,yan,1
喨,l,jɑŋ,4
喩,,y,4
喪,s,ɑŋ,4
喫,ʈʂʰ,i,1
喬,tɕʰ,jɑʊ,2
喭,,jɛn,4
單,t,an,1
喯,pʰ,ən,4
喰,tsʰ,an,1
喱,l,i,2
喲,,uɔ,1
喳,ʈʂ,a,1
喴,,,1
喵,m,jɑʊ,1
営,,iŋ,2
喷,pʰ,ən,1
喸,p,u,3
喹,kʰ,,2
喺,ɕ,i,2
喻,,y,4
喼,tɕ,je,1
喽,l,oʊ,2
喾,kʰ,u,4
喿,ts,ɑʊ,4
嗀,x,u,4
嗁,tʰ,i,2
嗂,,jɑʊ,2
嗃,x,ɤ,4
嗄,,a,2
嗅,ɕ,,4
嗆,tɕʰ,jɑŋ,1
嗇,s,ɤ,4
嗈,,jʊŋ,1
嗉,s,u,4
嗊,x,ʊŋ,3
嗋,ɕ,je,2
嗌,,ai,4
嗍,s,uɔ,1
嗎,m,a,a
嗏,ʈʂʰ,a,1
嗐,x,ai,4
嗑,kʰ,ɤ,1
嗒,t,a,1
嗓,s,ɑŋ,3
嗔,ʈʂʰ,ən,1
嗕,ʐ,u,4
嗖,s,oʊ,1
嗗,,wa,1
嗘,tɕ,i,1
嗙,pʰ,ɑŋ,3
嗚,,u,1
嗛,tɕʰ,jɛn,3
嗜,ʂ,i,4
嗝,k,ɤ,2
嗞,ts,i,1
嗟,tɕ,je,1
嗠,l,ɑʊ,4
嗡,,,1
嗢,,wa,4
嗣,s,i,4
嗤,ʈʂʰ,i,1
嗥,x,ɑʊ,2
嗦,s,uɔ,o
嗧,,,
嗨,x,ai,1
嗩,s,uɔ,3
嗪,tɕʰ,in,2
嗫,n,je,4
嗬,x,ɤ,1
嗭,ʈʂ,i,2
嗮,s,ai,4
嗯,,,2
嗰,k,ɤ,3
嗱,n,a,2
嗲,t,je,1
嗳,,ai,1
嗴,tɕʰ,jɑŋ,1
嗵,tʰ,ʊŋ,1
嗶,p,i,4
嗷,,ɑʊ,2
嗸,,ɑʊ,2
嗹,l,jɛn,2
嗺,ts,,1
嗻,ʈʂ,ɤ,1
嗼,m,uɔ,4
嗽,s,oʊ,4
嗾,s,oʊ,3
嗿,tʰ,an,3
嘀,t,i,2
嘁,tɕʰ,i,1
嘂,tɕ,jɑʊ,4
嘃,ʈʂʰ,ʊŋ,1
嘄,tɕ,jɑʊ,1
嘅,kʰ,ai,3
嘆,tʰ,an,4
嘇,ʂ,an,1
嘈,tsʰ,ɑʊ,2
嘉,tɕ,ja,1
嘊,,ai,2
嘋,ɕ,jɑʊ,4
嘌,pʰ,jɑʊ,4
嘍,l,oʊ,2
嘎,k,a,1
嘏,k,u,3
嘐,ɕ,jɑʊ,1
嘑,x,u,1
嘒,x,,4
嘓,k,uɔ,1
嘔,,oʊ,3
嘕,ɕ,jɛn,1
嘖,ts,ɤ,2
嘗,ʈʂʰ,ɑŋ,2
嘘,ɕ,y,1
嘙,pʰ,uɔ,2
嘚,t,ɤ,1
嘛,m,a,a
嘜,m,a,4
嘝,x,u,2
嘞,l,ei,i
嘟,t,u,1
嘠,k,a,1
嘡,tʰ,ɑŋ,1
嘢,,je,3
嘣,p,ɤŋ,1
嘤,,iŋ,1
嘥,s,ai,1
嘦,tɕ,jɑʊ,4
嘧,m,i,4
嘨,ɕ,jɑʊ,4
嘩,x,wa,1
嘪,m,ai,3
嘫,ʐ,an,2
嘬,ʈʂʰ,wai,4
嘭,pʰ,ɤŋ,1
嘮,l,ɑʊ,2
嘯,ɕ,jɑʊ,4
嘰,tɕ,i,1
嘱,ʈʂ,u,3
嘲,ʈʂʰ,ɑʊ,2
嘳,kʰ,,4
嘴,ts,,3
嘵,ɕ,jɑʊ,1
嘶,s,i,1
嘷,x,ɑʊ,2
嘸,f,u,3
嘹,l,jɑʊ,2
嘺,tɕʰ,jɑʊ,2
嘻,ɕ,i,1
嘼,ʈʂʰ,u,4
嘽,ʈʂʰ,an,3
嘾,t,an,4
嘿,x,ei,1
噀,ɕ,yn,4
噁,,ɤ,3
噂,ts,,3
噃,f,an,1
噄,ʈʂʰ,i,1
噅,x,,1
噆,ts,an,3
噇,ʈʂʰ,wɑŋ,2
噈,tsʰ,u,4
噉,t,an,4
噊,,y,4
噋,tʰ,,1
噌,tsʰ,ɤŋ,1
噍,tɕ,jɑʊ,4
噎,,je,1
噏,ɕ,i,1
噐,tɕʰ,i,4
噑,x,ɑʊ,2
噒,l,jɛn,2
噓,ɕ,y,1
噔,t,ɤŋ,1
噕,x,,1
噖,,in,2
噗,pʰ,u,1
噘,tɕ,yɛ,1
噙,tɕʰ,in,2
噚,ɕ,yn,2
噛,n,je,4
噜,l,u,1
噝,s,i,1
噞,,jɛn,3
噟,,iŋ,4
噠,t,a,1
噡,ʈʂ,an,1
噢,,uɔ,1
噣,ʈʂ,oʊ,4
噤,tɕ,in,4
噥,n,ʊŋ,2
噦,,yɛ,3
噧,ɕ,je,4
器,tɕʰ,i,4
噩,,ɤ,4
噪,ts,ɑʊ,4
噫,,i,1
噬,ʂ,i,4
噭,tɕ,jɑʊ,4
噮,,yan,4
噯,,ai,1
噰,,jʊŋ,1
噱,tɕ,yɛ,2
噲,kʰ,wai,4
噳,,y,3
噴,pʰ,ən,1
噵,t,ɑʊ,4
噶,k,a,2
噷,x,,m
噸,t,,1
噹,t,ɑŋ,1
噺,ɕ,in,1
噻,s,ai,1
噼,pʰ,i,1
噽,pʰ,i,3
噾,,in,1
噿,ts,,3
嚀,n,iŋ,2
嚁,t,i,2
嚂,l,an,4
嚃,tʰ,a,1
嚄,x,uɔ,1
嚅,ʐ,u,2
嚆,x,ɑʊ,1
嚇,ɕ,ja,4
嚈,,je,4
嚉,t,uɔ,1
嚊,pʰ,i,4
嚋,ʈʂʰ,oʊ,2
嚌,tɕ,i,4
嚍,tɕ,in,4
嚎,x,ɑʊ,2
嚏,tʰ,i,4
嚐,ʈʂʰ,ɑŋ,2
嚑,ɕ,yn,1
嚒,m,ɤ,1
嚓,tsʰ,a,1
嚔,tʰ,i,4
嚕,l,u,3
嚖,x,,4
嚗,p,uɔ,2
嚘,,,1
嚙,n,je,4
嚚,,in,2
嚛,x,u,4
嚜,m,ɤ,e
嚝,x,ʊŋ,1
嚞,ʈʂ,ɤ,2
嚟,l,i,2
嚠,l,,2
嚡,x,ai,i
嚢,n,ɑŋ,2
嚣,ɕ,jɑʊ,1
嚤,m,uɔ,2
嚥,,jɛn,4
嚦,l,i,4
嚧,l,u,2
嚨,l,ʊŋ,2
嚩,m,uɔ,2
嚪,t,an,4
嚫,ʈʂʰ,ən,4
嚬,pʰ,in,2
嚭,pʰ,i,3
嚮,ɕ,jɑŋ,4
嚯,x,uɔ,4
嚰,m,uɔ,2
嚱,ɕ,i,4
嚲,t,uɔ,3
嚳,kʰ,u,4
嚴,,jɛn,2
嚵,ʈʂʰ,an,2
嚶,,iŋ,1
嚷,ʐ,ɑŋ,3
嚸,t,jɛn,3
嚹,l,a,2
嚺,tʰ,a,4
嚻,ɕ,jɑʊ,1
嚼,tɕ,yɛ,2
嚽,ʈʂʰ,uɔ,4
嚾,x,wan,1
嚿,x,uɔ,4
囀,ʈʂ,wan,4
囁,n,je,4
囂,ɕ,jɑʊ,1
囃,tsʰ,a,4
囄,l,i,2
囅,ʈʂʰ,an,3
囆,ʈʂʰ,ai,4
囇,l,i,4
囈,,i,4
囉,l,uɔ,1
囊,n,ɑŋ,2
囋,ts,a,2
囌,s,u,1
囍,ɕ,i,3
囎,ts,ən,n
囏,tɕ,jɛn,1
囐,ts,a,2
囑,ʈʂ,u,3
囒,l,an,2
囓,n,je,4
囔,n,ɑŋ,1
囕,l,an,3
囖,l,uɔ,o
囗,,,2
囘,x,,2
囙,,in,1
囚,tɕʰ,,2
四,s,i,4
囜,n,in,2
囝,tɕ,jɛn,3
回,x,,2
囟,ɕ,in,4
因,,in,1
囡,n,an,1
团,tʰ,wan,2
団,tʰ,wan,2
囤,t,,4
囥,kʰ,ɑŋ,4
囦,,yan,1
囧,tɕ,jʊŋ,3
囨,pʰ,jɛn,1
囩,,yn,2
囪,tsʰ,ʊŋ,1
囫,x,u,2
囬,x,,2
园,,yan,2
囮,,ɤ,2
囯,k,uɔ,2
困,kʰ,,4
囱,tsʰ,ʊŋ,1
囲,tʰ,ʊŋ,1
図,tʰ,u,2
围,,,2
囵,l,,2
囶,k,uɔ,2
囷,tɕʰ,yn,1
囸,ʐ,i,4
囹,l,iŋ,2
固,k,u,4
囻,k,uɔ,2
囼,tʰ,ai,1
国,k,uɔ,2
图,tʰ,u,2
囿,,,4
圀,k,uɔ,2
圁,,in,2
圂,x,,4
圃,pʰ,u,3
圄,,y,3
圅,x,an,2
圆,,yan,2
圇,l,,2
圈,tɕʰ,yan,1
圉,,y,3
圊,tɕʰ,iŋ,1
國,k,uɔ,2
圌,ʈʂʰ,wan,2
圍,,,2
圎,,yan,2
圏,tɕʰ,yan,1
圐,kʰ,u,1
圑,pʰ,u,3
園,,yan,2
圓,,yan,2
圔,,ja,4
圕,tʰ,u,2
圖,tʰ,u,2
圗,tʰ,u,2
團,tʰ,wan,2
圙,l,yɛ,4
圚,x,,4
圛,,i,4
圜,x,wan,2
圝,l,wan,2
圞,l,wan,2
土,tʰ,u,3
圠,,ja,4
圡,tʰ,u,3
圢,tʰ,iŋ,3
圣,ʂ,ɤŋ,4
圤,pʰ,u,2
圥,l,u,4
圦,kʰ,wai,4
圧,,ja,1
在,ts,ai,4
圩,,,2
圪,k,ɤ,1
圫,,y,4
圬,,u,1
圭,k,,1
圮,pʰ,i,3
圯,,i,2
地,t,i,4
圱,tɕʰ,jɛn,1
圲,tɕʰ,jɛn,1
圳,ʈʂ,ən,4
圴,ʈʂ,uɔ,2
圵,t,ɑŋ,4
圶,tɕʰ,ja,4
圷,ɕ,ja,4
圸,ʂ,an,1
圹,kʰ,wɑŋ,4
场,ʈʂʰ,ɑŋ,3
圻,tɕʰ,i,2
圼,n,je,4
圽,m,uɔ,4
圾,tɕ,i,1
圿,tɕ,ja,2
址,ʈʂ,i,3
坁,ʈʂ,i,3
坂,p,an,3
坃,ɕ,yn,1
坄,,i,4
坅,tɕʰ,in,3
坆,m,ei,2
均,tɕ,yn,1
坈,ʐ,ʊŋ,3
坉,tʰ,,2
坊,f,ɑŋ,1
坋,p,ən,4
坌,p,ən,4
坍,tʰ,an,1
坎,kʰ,an,3
坏,x,wai,4
坐,ts,uɔ,4
坑,kʰ,ɤŋ,1
坒,p,i,4
坓,tɕ,iŋ,3
坔,t,i,4
坕,tɕ,iŋ,1
坖,tɕ,i,4
块,kʰ,wai,4
坘,t,i,3
坙,tɕ,iŋ,1
坚,tɕ,jɛn,1
坛,tʰ,an,2
坜,l,i,4
坝,p,a,4
坞,,u,4
坟,f,ən,2
坠,ʈʂ,,4
坡,pʰ,uɔ,1
坢,p,an,4
坣,tʰ,ɑŋ,2
坤,kʰ,,1
坥,tɕʰ,y,1
坦,tʰ,an,3
坧,ʈʂ,i,1
坨,tʰ,uɔ,2
坩,k,an,1
坪,pʰ,iŋ,2
坫,t,jɛn,4
坬,k,wa,4
坭,n,i,2
坮,tʰ,ai,2
坯,pʰ,i,1
坰,tɕ,jʊŋ,1
坱,,jɑŋ,3
坲,f,uɔ,2
坳,,ɑʊ,4
坴,l,u,4
坵,tɕʰ,,1
坶,m,u,3
坷,kʰ,ɤ,3
坸,k,oʊ,4
坹,ɕ,yɛ,4
坺,p,a,2
坻,ʈʂʰ,i,2
坼,ʈʂʰ,ɤ,4
坽,l,iŋ,2
坾,ʈʂ,u,4
坿,f,u,4
垀,x,u,1
垁,ʈʂ,i,4
垂,ʈʂʰ,,2
垃,l,a,1
垄,l,ʊŋ,3
垅,l,ʊŋ,3
垆,l,u,2
垇,,ɑʊ,4
垈,t,ai,4
垉,pʰ,ɑʊ,2
垊,m,in,n
型,ɕ,iŋ,2
垌,t,ʊŋ,4
垍,tɕ,i,4
垎,x,ɤ,4
垏,l,y,4
垐,tsʰ,i,2
垑,ʈʂʰ,i,3
垒,l,ei,3
垓,k,ai,1
垔,,in,1
垕,x,oʊ,4
垖,t,,1
垗,ʈʂ,ɑʊ,4
垘,f,u,2
垙,k,wɑŋ,1
垚,,jɑʊ,2
垛,t,uɔ,3
垜,t,uɔ,3
垝,k,,3
垞,ʈʂʰ,a,2
垟,,jɑŋ,2
垠,,in,2
垡,f,a,2
垢,k,oʊ,4
垣,,yan,2
垤,t,je,2
垥,ɕ,je,2
垦,kʰ,ən,3
垧,ʂ,ɑŋ,3
垨,ʂ,oʊ,3
垩,,ɤ,4
垪,p,iŋ,4
垫,t,jɛn,4
垬,x,ʊŋ,2
垭,,ja,1
垮,kʰ,wa,3
垯,t,a,a
垰,kʰ,a,3
垱,t,ɑŋ,4
垲,kʰ,ai,3
垳,x,ɑŋ,2
垴,n,ɑʊ,3
垵,,an,3
垶,ɕ,iŋ,1
垷,ɕ,jɛn,4
垸,,yan,4
垹,p,ɑŋ,1
垺,f,u,1
垻,p,a,4
垼,,i,4
垽,,in,4
垾,x,an,4
垿,ɕ,y,4
埀,ʈʂʰ,,2
埁,tɕʰ,in,2
埂,k,ɤŋ,3
埃,,ai,1
埄,p,ɤŋ,3
埅,f,ɑŋ,2
埆,tɕʰ,yɛ,4
埇,,jʊŋ,3
埈,tɕ,yn,4
埉,tɕ,ja,1
埊,t,i,4
埋,m,ai,2
埌,l,ɑŋ,4
埍,tɕ,yan,3
城,ʈʂʰ,ɤŋ,2
埏,ʂ,an,1
埐,tɕ,in,1
埑,ʈʂ,ɤ,2
埒,l,je,4
埓,l,je,4
埔,pʰ,u,3
埕,ʈʂʰ,ɤŋ,2
埖,x,wa,1
埗,p,u,4
埘,ʂ,i,2
埙,ɕ,yn,1
埚,k,uɔ,1
埛,tɕ,jʊŋ,1
埜,,je,3
埝,n,jɛn,4
埞,t,i,1
域,,y,4
埠,p,u,4
埡,,ja,1
埢,tɕʰ,yan,2
埣,s,,4
埤,pʰ,i,2
埥,tɕʰ,iŋ,1
埦,,wan,3
埧,tɕ,y,4
埨,l,,3
埩,ʈʂ,ɤŋ,1
埪,kʰ,ʊŋ,1
埫,ʈʂʰ,ʊŋ,3
埬,t,ʊŋ,1
埭,t,ai,4
埮,tʰ,an,4
埯,,an,3
埰,tsʰ,ai,4
埱,ʈʂʰ,u,4
埲,p,ɤŋ,3
埳,kʰ,an,3
埴,ʈʂ,i,2
埵,t,uɔ,3
埶,,i,4
執,ʈʂ,i,2
埸,,i,4
培,pʰ,ei,2
基,tɕ,i,1
埻,ʈʂ,,3
埼,tɕʰ,i,2
埽,s,ɑʊ,4
埾,tɕ,y,4
埿,n,i,2
堀,kʰ,u,1
堁,kʰ,ɤ,4
堂,tʰ,ɑŋ,2
堃,kʰ,,1
堄,n,i,4
堅,tɕ,jɛn,1
堆,t,,1
堇,tɕ,in,3
堈,k,ɑŋ,1
堉,,y,4
堊,,ɤ,4
堋,pʰ,ɤŋ,2
堌,k,u,4
堍,tʰ,u,4
堎,l,ɤŋ,4
堏,f,ɑŋ,g
堐,,ja,2
堑,tɕʰ,jɛn,4
堒,kʰ,,1
堓,,an,4
堔,ʂ,ən,1
堕,t,uɔ,4
堖,n,ɑʊ,3
堗,tʰ,u,1
堘,ʈʂʰ,ɤŋ,2
堙,,in,1
堚,x,,2
堛,p,i,4
堜,l,jɛn,4
堝,k,uɔ,1
堞,t,je,2
堟,ʈʂ,wan,4
堠,x,oʊ,4
堡,p,ɑʊ,3
堢,p,ɑʊ,3
堣,,y,2
堤,t,i,1
堥,m,ɑʊ,2
堦,tɕ,je,1
堧,ʐ,wan,2
堨,,je,4
堩,k,ɤŋ,4
堪,kʰ,an,1
堫,ts,ʊŋ,1
堬,,y,2
堭,x,wɑŋ,2
堮,,ɤ,4
堯,,jɑʊ,2
堰,,jɛn,4
報,p,ɑʊ,4
堲,tsʰ,i,2
堳,m,ei,2
場,ʈʂʰ,ɑŋ,3
堵,t,u,3
堶,tʰ,uɔ,2
堷,,in,4
堸,f,ɤŋ,2
堹,ʈʂ,ʊŋ,4
堺,tɕ,je,4
堻,tɕ,in,1
堼,x,ɤŋ,4
堽,k,ɑŋ,1
堾,ʈʂʰ,,1
堿,tɕ,jɛn,3
塀,pʰ,iŋ,2
塁,l,ei,3
塂,ɕ,jɑŋ,4
塃,x,wɑŋ,1
塄,l,ɤŋ,2
塅,t,wan,4
塆,,wan,1
塇,ɕ,yan,1
塈,tɕ,i,4
塉,tɕ,i,2
塊,kʰ,wai,4
塋,,iŋ,2
塌,tʰ,a,1
塍,ʈʂʰ,ɤŋ,2
塎,,jʊŋ,3
塏,kʰ,ai,3
塐,s,u,4
塑,s,u,4
塒,ʂ,i,2
塓,m,i,4
塔,tʰ,a,3
塕,,,3
塖,ʈʂʰ,ɤŋ,2
塗,tʰ,u,2
塘,tʰ,ɑŋ,2
塙,tɕʰ,yɛ,4
塚,ʈʂ,ʊŋ,3
塛,l,i,4
塜,ʈʂ,ʊŋ,3
塝,p,ɑŋ,4
塞,s,ai,1
塟,ts,ɑŋ,4
塠,t,,1
塡,tʰ,jɛn,2
塢,,u,4
塣,ʈʂ,ɤŋ,4
塤,ɕ,yn,1
塥,k,ɤ,2
塦,ʈʂ,ən,4
塧,,ai,4
塨,k,ʊŋ,1
塩,,jɛn,2
塪,kʰ,an,3
填,tʰ,jɛn,2
塬,,yan,2
塭,,,1
塮,ɕ,je,4
塯,l,,4
塰,x,ai,3
塱,l,ɑŋ,3
塲,ʈʂʰ,ɑŋ,2
塳,pʰ,ɤŋ,2
塴,p,ɤŋ,4
塵,ʈʂʰ,ən,2
塶,l,u,4
塷,l,u,3
塸,,oʊ,1
塹,tɕʰ,jɛn,4
塺,m,ei,2
塻,m,uɔ,4
塼,ʈʂ,wan,1
塽,ʂ,wɑŋ,3
塾,ʂ,u,2
塿,l,oʊ,3
墀,ʈʂʰ,i,2
墁,m,an,4
墂,p,jɑʊ,1
境,tɕ,iŋ,4
墄,tsʰ,ɤ,4
墅,ʂ,u,4
墆,ʈʂ,i,4
墇,ʈʂ,ɑŋ,4
墈,kʰ,an,4
墉,,jʊŋ,1
墊,t,jɛn,4
墋,ʈʂʰ,ən,3
墌,ʈʂ,i,2
墍,ɕ,i,4
墎,k,uɔ,1
墏,tɕʰ,jɑŋ,3
墐,tɕ,in,4
墑,t,i,4
墒,ʂ,ɑŋ,1
墓,m,u,4
墔,tsʰ,,1
墕,,jɛn,4
墖,tʰ,a,3
増,ts,ɤŋ,1
墘,tɕʰ,jɛn,2
墙,tɕʰ,jɑŋ,2
墚,l,jɑŋ,2
墛,,,4
墜,ʈʂ,,4
墝,tɕʰ,jɑʊ,1
增,ts,ɤŋ,1
墟,ɕ,y,1
墠,ʂ,an,4
墡,ʂ,an,4
墢,p,a,2
墣,pʰ,u,2
墤,kʰ,wai,4
墥,t,ʊŋ,3
墦,f,an,2
墧,tɕʰ,yɛ,4
墨,m,uɔ,4
墩,t,,1
墪,t,,1
墫,ts,,1
墬,t,i,4
墭,ʂ,ɤŋ,4
墮,t,uɔ,4
墯,t,uɔ,4
墰,tʰ,an,2
墱,t,ɤŋ,4
墲,m,u,2
墳,f,ən,2
墴,x,wɑŋ,2
墵,tʰ,an,2
墶,t,a,a
墷,,je,4
墸,ʈʂ,u,4
墹,tɕ,jɛn,4
墺,,ɑʊ,4
墻,tɕʰ,jɑŋ,2
墼,tɕ,i,1
墽,tɕʰ,jɑʊ,1
墾,kʰ,ən,3
墿,,i,4
壀,pʰ,i,2
壁,p,i,4
壂,t,jɛn,4
壃,tɕ,jɑŋ,1
壄,,je,3
壅,,jʊŋ,1
壆,ɕ,yɛ,2
壇,tʰ,an,2
壈,l,an,3
壉,tɕ,y,4
壊,x,wai,4
壋,t,ɑŋ,4
壌,ʐ,ɑŋ,3
壍,tɕʰ,jɛn,4
壎,ɕ,yn,1
壏,ɕ,jɛn,4
壐,ɕ,i,3
壑,x,ɤ,4
壒,,ai,4
壓,,ja,1
壔,t,ɑʊ,3
壕,x,ɑʊ,2
壖,ʐ,wan,2
壗,tɕ,in,4
壘,l,ei,3
壙,kʰ,wɑŋ,4
壚,l,u,2
壛,,jɛn,2
壜,tʰ,an,2
壝,,,3
壞,x,wai,4
壟,l,ʊŋ,3
壠,l,ʊŋ,3
壡,ʐ,,4
壢,l,i,4
壣,l,in,2
壤,ʐ,ɑŋ,3
壥,ʈʂʰ,an,2
壦,ɕ,yn,1
壧,,jɛn,2
壨,l,ei,2
壩,p,a,4
壪,,wan,1
士,ʂ,i,4
壬,ʐ,ən,2
壭,s,an,n
壮,ʈʂ,wɑŋ,4
壯,ʈʂ,wɑŋ,4
声,ʂ,ɤŋ,1
壱,,i,1
売,m,ai,4
壳,kʰ,ɤ,2
壴,ʈʂ,u,4
壵,ʈʂ,wɑŋ,4
壶,x,u,2
壷,x,u,2
壸,kʰ,,3
壹,,i,1
壺,x,u,2
壻,ɕ,y,4
壼,kʰ,,3
壽,ʂ,oʊ,4
壾,m,ɑŋ,3
壿,ts,,1
夀,ʂ,oʊ,4
夁,,i,1
夂,ʈʂ,i,3
夃,k,u,3
处,ʈʂʰ,u,4
夅,tɕ,jɑŋ,4
夆,f,ɤŋ,2
备,p,ei,4
夈,ʈʂ,ai,1
変,p,jɛn,4
夊,s,,1
夋,tɕʰ,yn,1
夌,l,iŋ,2
复,f,u,4
夎,tsʰ,uɔ,4
夏,ɕ,ja,4
夐,ɕ,jʊŋ,4
夑,ɕ,je,4
夒,n,ɑʊ,2
夓,ɕ,ja,4
夔,kʰ,,2
夕,ɕ,i,1
外,,wai,4
夗,,yan,4
夘,m,ɑʊ,3
夙,s,u,4
多,t,uɔ,1
夛,t,uɔ,1
夜,,je,4
夝,tɕʰ,iŋ,2
夞,,wai,4
够,k,oʊ,4
夠,k,oʊ,4
夡,tɕʰ,i,4
夢,m,ɤŋ,4
夣,m,ɤŋ,4
夤,,in,2
夥,x,uɔ,3
夦,ʈʂʰ,ən,3
大,t,a,4
夨,ts,ɤ,4
天,tʰ,jɛn,1
太,tʰ,ai,4
夫,f,u,1
夬,k,wai,4
夭,,jɑʊ,1
央,,jɑŋ,1
夯,x,ɑŋ,1
夰,k,ɑʊ,3
失,ʂ,i,1
夲,tʰ,ɑʊ,1
夳,tʰ,ai,4
头,tʰ,oʊ,2
夵,,jɛn,3
夶,p,i,3
夷,,i,2
夸,kʰ,wa,1
夹,tɕ,ja,1
夺,t,uɔ,2
夻,x,wa,4
夼,kʰ,wɑŋ,3
夽,,yn,3
夾,tɕ,ja,1
夿,p,a,1
奀,,ən,1
奁,l,jɛn,2
奂,x,wan,4
奃,t,i,1
奄,,jɛn,3
奅,pʰ,ɑʊ,4
奆,tɕ,yan,4
奇,tɕʰ,i,2
奈,n,ai,4
奉,f,ɤŋ,4
奊,ɕ,je,2
奋,f,ən,4
奌,t,jɛn,3
奍,tɕʰ,yan,1
奎,kʰ,,2
奏,ts,oʊ,4
奐,x,wan,4
契,tɕʰ,i,4
奒,kʰ,ai,1
奓,ʈʂ,a,1
奔,p,ən,1
奕,,i,4
奖,tɕ,jɑŋ,3
套,tʰ,ɑʊ,4
奘,ts,ɑŋ,4
奙,p,ən,3
奚,ɕ,i,1
奛,x,wɑŋ,3
奜,f,ei,3
奝,t,jɑʊ,1
奞,ɕ,yn,4
奟,p,ɤŋ,1
奠,t,jɛn,4
奡,,ɑʊ,4
奢,ʂ,ɤ,1
奣,,,3
奤,x,a,3
奥,,ɑʊ,4
奦,,u,4
奧,,ɑʊ,4
奨,tɕ,jɑŋ,3
奩,l,jɛn,2
奪,t,uɔ,2
奫,,yn,1
奬,tɕ,jɑŋ,3
奭,ʂ,i,4
奮,f,ən,4
奯,x,uɔ,4
奰,p,i,4
奱,l,wan,2
奲,t,uɔ,3
女,n,y,3
奴,n,u,2
奵,t,iŋ,3
奶,n,ai,3
奷,tɕʰ,jɛn,1
奸,tɕ,jɛn,1
她,tʰ,a,1
奺,tɕ,,3
奻,n,wan,2
奼,ʈʂʰ,a,4
好,x,ɑʊ,3
奾,ɕ,jɛn,1
奿,f,an,4
妀,tɕ,i,3
妁,ʂ,uɔ,4
如,ʐ,u,2
妃,f,ei,1
妄,,wɑŋ,4
妅,x,ʊŋ,2
妆,ʈʂ,wɑŋ,1
妇,f,u,4
妈,m,a,1
妉,t,an,1
妊,ʐ,ən,4
妋,f,u,1
妌,tɕ,iŋ,4
妍,,jɛn,2
妎,x,ai,4
妏,,,4
妐,ʈʂ,ʊŋ,1
妑,pʰ,a,1
妒,t,u,4
妓,tɕ,i,4
妔,kʰ,ɤŋ,1
妕,ʈʂ,ʊŋ,4
妖,,jɑʊ,1
妗,tɕ,in,4
妘,,yn,2
妙,m,jɑʊ,4
妚,f,oʊ,3
妛,ʈʂʰ,i,1
妜,,yɛ,4
妝,ʈʂ,wɑŋ,1
妞,n,,1
妟,,jɛn,4
妠,n,a,4
妡,ɕ,in,1
妢,f,ən,2
妣,p,i,3
妤,,y,2
妥,tʰ,uɔ,3
妦,f,ɤŋ,1
妧,,wan,4
妨,f,ɑŋ,2
妩,,u,3
妪,,y,4
妫,k,,1
妬,t,u,4
妭,p,a,2
妮,n,i,1
妯,ʈʂ,oʊ,2
妰,ʈʂ,uɔ,2
妱,ʈʂ,ɑʊ,1
妲,t,a,2
妳,n,i,3
妴,,yan,4
妵,tʰ,oʊ,3
妶,ɕ,jɛn,2
妷,ʈʂ,i,2
妸,,ɤ,1
妹,m,ei,4
妺,m,uɔ,4
妻,tɕʰ,i,1
妼,p,i,4
妽,ʂ,ən,1
妾,tɕʰ,je,4
妿,,ɤ,1
姀,x,ɤ,2
姁,ɕ,y,3
姂,f,a,2
姃,ʈʂ,ɤŋ,1
姄,m,in,2
姅,p,an,4
姆,m,u,3
姇,f,u,1
姈,l,iŋ,2
姉,ts,i,3
姊,ts,i,3
始,ʂ,i,3
姌,ʐ,an,3
姍,ʂ,an,1
姎,,jɑŋ,1
姏,m,an,2
姐,tɕ,je,3
姑,k,u,1
姒,s,i,4
姓,ɕ,iŋ,4
委,,,3
姕,ts,i,1
姖,tɕ,y,4
姗,ʂ,an,1
姘,pʰ,in,1
姙,ʐ,ən,4
姚,,jɑʊ,2
姛,t,ʊŋ,4
姜,tɕ,jɑŋ,1
姝,ʂ,u,1
姞,tɕ,i,2
姟,k,ai,1
姠,ɕ,jɑŋ,4
姡,x,wa,2
姢,tɕ,yan,1
姣,tɕ,jɑʊ,1
姤,k,oʊ,4
姥,l,ɑʊ,3
姦,tɕ,jɛn,1
姧,tɕ,jɛn,1
姨,,i,2
姩,n,jɛn,4
姪,ʈʂ,i,2
姫,tɕ,i,1
姬,tɕ,i,1
姭,ɕ,jɛn,4
姮,x,ɤŋ,2
姯,k,wɑŋ,1
姰,tɕ,yn,1
姱,kʰ,wa,1
姲,,jɛn,4
姳,m,iŋ,3
姴,l,je,4
姵,pʰ,ei,4
姶,,ɤ,4
姷,,,4
姸,,jɛn,2
姹,ʈʂʰ,a,4
姺,ʂ,ən,1
姻,,in,1
姼,ʂ,i,2
姽,k,,3
姾,tɕʰ,yan,2
姿,ts,i,1
娀,s,ʊŋ,1
威,,,1
娂,x,ʊŋ,2
娃,,wa,2
娄,l,oʊ,2
娅,,ja,4
娆,ʐ,ɑʊ,2
娇,tɕ,jɑʊ,1
娈,l,wan,2
娉,pʰ,iŋ,1
娊,ɕ,jɛn,4
娋,ʂ,ɑʊ,4
娌,l,i,3
娍,ʈʂʰ,ɤŋ,2
娎,ɕ,je,4
娏,m,ɑŋ,2
娐,f,u,1
娑,s,uɔ,1
娒,m,ei,2
娓,,,3
娔,kʰ,ɤ,4
娕,ʈʂʰ,uɔ,4
娖,ʈʂʰ,uɔ,4
娗,tʰ,iŋ,3
娘,n,jɑŋ,2
娙,ɕ,iŋ,2
娚,n,an,2
娛,,y,2
娜,n,a,4
娝,pʰ,oʊ,1
娞,n,ei,3
娟,tɕ,yan,1
娠,ʂ,ən,1
娡,ʈʂ,i,4
娢,x,an,2
娣,t,i,4
娤,ʈʂ,wɑŋ,1
娥,,ɤ,2
娦,pʰ,in,2
娧,tʰ,,4
娨,ɕ,jɛn,4
娩,m,jɛn,3
娪,,u,2
娫,,jɛn,2
娬,,u,3
娭,,ai,1
娮,,jɛn,2
娯,,y,2
娰,s,i,4
娱,,y,2
娲,,wa,1
娳,l,i,4
娴,ɕ,jɛn,2
娵,tɕ,y,1
娶,tɕʰ,y,3
娷,ʈʂ,,4
娸,tɕʰ,i,1
娹,ɕ,jɛn,2
娺,ʈʂ,uɔ,2
娻,t,ʊŋ,1
娼,ʈʂʰ,ɑŋ,1
娽,l,u,4
娾,,ai,3
娿,,ɤ,1
婀,,ɤ,1
婁,l,oʊ,2
婂,m,jɛn,2
婃,tsʰ,ʊŋ,2
婄,pʰ,oʊ,3
婅,tɕ,y,2
婆,pʰ,uɔ,2
婇,tsʰ,ai,3
婈,l,iŋ,2
婉,,wan,3
婊,p,jɑʊ,3
婋,ɕ,jɑʊ,1
婌,ʂ,u,2
婍,tɕʰ,i,3
婎,x,,1
婏,f,an,4
婐,,uɔ,3
婑,ʐ,,2
婒,tʰ,an,2
婓,f,ei,1
婔,f,ei,1
婕,tɕ,je,2
婖,tʰ,jɛn,1
婗,n,i,2
婘,tɕʰ,yan,2
婙,tɕ,iŋ,4
婚,x,,1
婛,tɕ,iŋ,1
婜,tɕʰ,jɛn,1
婝,t,jɛn,4
婞,ɕ,iŋ,4
婟,x,u,4
婠,,wan,1
婡,l,ai,2
婢,p,i,4
婣,,in,1
婤,ʈʂʰ,oʊ,1
婥,n,ɑʊ,4
婦,f,u,4
婧,tɕ,iŋ,4
婨,l,,2
婩,,an,4
婪,l,an,2
婫,kʰ,,1
婬,,in,2
婭,,ja,4
婮,tɕ,y,1
婯,l,i,4
婰,t,jɛn,3
婱,ɕ,jɛn,2
婲,x,wa,1
婳,x,wa,4
婴,,iŋ,1
婵,ʈʂʰ,an,2
婶,ʂ,ən,3
婷,tʰ,iŋ,2
婸,t,ɑŋ,4
婹,,jɑʊ,3
婺,,u,4
婻,n,an,4
婼,ʈʂʰ,uɔ,4
婽,tɕ,ja,3
婾,tʰ,oʊ,1
婿,ɕ,y,4
媀,,y,4
媁,,,2
媂,t,i,4
媃,ʐ,oʊ,2
媄,m,ei,3
媅,t,an,1
媆,ʐ,wan,3
媇,tɕʰ,in,1
媈,x,,1
媉,,uɔ,4
媊,tɕʰ,jɛn,2
媋,ʈʂʰ,,1
媌,m,jɑʊ,2
媍,f,u,4
媎,tɕ,je,3
媏,t,wan,1
媐,,i,2
媑,ʈʂ,ʊŋ,4
媒,m,ei,2
媓,x,wɑŋ,2
媔,m,jɛn,2
媕,,an,1
媖,,iŋ,1
媗,ɕ,yan,1
媘,tɕ,je,1
媙,,,1
媚,m,ei,4
媛,,yan,4
媜,ʈʂ,ɤŋ,1
媝,tɕʰ,,1
媞,ʂ,i,4
媟,ɕ,je,4
媠,tʰ,uɔ,3
媡,l,jɛn,4
媢,m,ɑʊ,4
媣,ʐ,an,3
媤,s,i,1
媥,pʰ,jɛn,1
媦,,,4
媧,,wa,1
媨,tsʰ,u,4
媩,x,u,2
媪,,ɑʊ,3
媫,tɕ,je,2
媬,p,ɑʊ,3
媭,ɕ,y,1
媮,tʰ,oʊ,1
媯,k,,1
媰,ʈʂʰ,u,2
媱,,jɑʊ,2
媲,pʰ,i,4
媳,ɕ,i,2
媴,,yan,2
媵,,iŋ,4
媶,ʐ,ʊŋ,2
媷,ʐ,u,4
媸,ʈʂʰ,i,1
媹,l,,2
媺,m,ei,3
媻,pʰ,an,2
媼,,ɑʊ,3
媽,m,a,1
媾,k,oʊ,4
媿,kʰ,,4
嫀,tɕʰ,in,2
嫁,tɕ,ja,4
嫂,s,ɑʊ,3
嫃,ʈʂ,ən,1
嫄,,yan,2
嫅,tɕ,je,1
嫆,ʐ,ʊŋ,2
嫇,m,iŋ,2
嫈,,iŋ,1
嫉,tɕ,i,2
嫊,s,u,4
嫋,n,jɑʊ,3
嫌,ɕ,jɛn,2
嫍,tʰ,ɑʊ,1
嫎,pʰ,ɑŋ,2
嫏,l,ɑŋ,2
嫐,n,ɑʊ,3
嫑,p,ɑʊ,2
嫒,,ai,4
嫓,pʰ,i,4
嫔,pʰ,in,2
嫕,,i,4
嫖,pʰ,jɑʊ,2
嫗,,y,4
嫘,l,ei,2
嫙,ɕ,yan,2
嫚,m,an,1
嫛,,i,1
嫜,ʈʂ,ɑŋ,1
嫝,kʰ,ɑŋ,1
嫞,,jʊŋ,1
嫟,n,i,4
嫠,l,i,2
嫡,t,i,2
嫢,k,,1
嫣,,jɛn,1
嫤,tɕ,in,3
嫥,ʈʂ,wan,1
嫦,ʈʂʰ,ɑŋ,2
嫧,ts,ɤ,2
嫨,x,an,1
嫩,n,ən,4
嫪,l,ɑʊ,4
嫫,m,uɔ,2
嫬,ʈʂ,ɤ,1
嫭,x,u,4
嫮,x,u,4
嫯,,ɑʊ,4
嫰,n,ən,4
嫱,tɕʰ,jɑŋ,2
嫲,m,a,a
嫳,pʰ,je,4
嫴,k,u,1
嫵,,u,3
嫶,tɕʰ,jɑʊ,2
嫷,tʰ,uɔ,3
嫸,ʈʂ,an,3
嫹,m,jɑʊ,2
嫺,ɕ,jɛn,2
嫻,ɕ,jɛn,2
嫼,m,uɔ,4
嫽,l,jɑʊ,2
嫾,l,jɛn,2
嫿,x,wa,4
嬀,k,,1
嬁,t,ɤŋ,1
嬂,ʈʂ,i,2
嬃,ɕ,y,1
嬄,,i,1
嬅,x,wa,4
嬆,ɕ,i,1
嬇,kʰ,,4
嬈,ʐ,ɑʊ,2
嬉,ɕ,i,1
嬊,,jɛn,4
嬋,ʈʂʰ,an,2
嬌,tɕ,jɑʊ,1
嬍,m,ei,3
嬎,f,an,4
嬏,f,an,1
嬐,ɕ,jɛn,1
嬑,,i,4
嬒,x,,4
嬓,tɕ,jɑʊ,4
嬔,f,u,4
嬕,ʂ,i,4
嬖,p,i,4
嬗,ʂ,an,4
嬘,s,,4
嬙,tɕʰ,jɑŋ,2
嬚,l,jɛn,3
嬛,x,wan,2
嬜,ɕ,in,1
嬝,n,jɑʊ,3
嬞,t,ʊŋ,3
嬟,,i,4
嬠,tsʰ,an,1
嬡,,ai,4
嬢,n,jɑŋ,2
嬣,n,iŋ,2
嬤,m,a,1
嬥,tʰ,jɑʊ,3
嬦,ʈʂʰ,oʊ,2
嬧,tɕ,in,4
嬨,tsʰ,i,2
嬩,,y,2
嬪,pʰ,in,2
嬫,ʐ,ʊŋ,2
嬬,ʐ,u,2
嬭,n,ai,3
嬮,,jɛn,1
嬯,tʰ,ai,2
嬰,,iŋ,1
嬱,tɕʰ,jɛn,4
嬲,n,jɑʊ,3
嬳,,yɛ,4
嬴,,iŋ,2
嬵,m,jɛn,2
嬶,p,i,2
嬷,m,a,1
嬸,ʂ,ən,3
嬹,ɕ,iŋ,4
嬺,n,i,4
嬻,t,u,2
嬼,l,,3
嬽,,yan,1
嬾,l,an,3
嬿,,jɛn,4
孀,ʂ,wɑŋ,1
孁,l,iŋ,2
孂,tɕ,jɑʊ,3
孃,n,jɑŋ,2
孄,l,an,3
孅,tɕʰ,jɛn,1
孆,,iŋ,1
孇,ʂ,wɑŋ,1
孈,x,,4
孉,tɕʰ,yan,2
孊,m,i,3
孋,l,i,2
孌,l,wan,2
孍,,jɛn,2
孎,ʈʂ,u,2
孏,l,an,3
子,ts,i,i
孑,tɕ,je,2
孒,tɕ,yɛ,2
孓,tɕ,yɛ,2
孔,kʰ,ʊŋ,3
孕,,yn,4
孖,m,a,1
字,ts,i,4
存,tsʰ,,2
孙,s,,1
孚,f,u,2
孛,p,ei,4
孜,ts,i,1
孝,ɕ,jɑʊ,4
孞,ɕ,in,4
孟,m,ɤŋ,4
孠,s,i,4
孡,tʰ,ai,1
孢,p,ɑʊ,1
季,tɕ,i,4
孤,k,u,1
孥,n,u,2
学,ɕ,yɛ,2
孧,,,4
孨,ʈʂ,wan,3
孩,x,ai,2
孪,l,wan,2
孫,s,,1
孬,n,ɑʊ,1
孭,m,je,1
孮,tsʰ,ʊŋ,2
孯,tɕʰ,jɛn,1
孰,ʂ,u,2
孱,tsʰ,an,4
孲,,ja,1
孳,ts,i,1
孴,n,i,3
孵,f,u,1
孶,ts,i,1
孷,l,i,2
學,ɕ,yɛ,2
孹,p,uɔ,4
孺,ʐ,u,2
孻,n,ai,2
孼,n,je,4
孽,n,je,4
孾,,iŋ,1
孿,l,wan,2
宀,m,jɛn,2
宁,n,iŋ,2
宂,ʐ,ʊŋ,3
它,tʰ,a,1
宄,k,,3
宅,ʈʂ,ai,2
宆,tɕʰ,jʊŋ,2
宇,,y,3
守,ʂ,oʊ,3
安,,an,1
宊,tʰ,u,1
宋,s,ʊŋ,4
完,,wan,2
宍,ʐ,oʊ,4
宎,,jɑʊ,3
宏,x,ʊŋ,2
宐,,i,2
宑,tɕ,iŋ,3
宒,ʈʂ,,1
宓,m,i,4
宔,ʈʂ,u,3
宕,t,ɑŋ,4
宖,x,ʊŋ,2
宗,ts,ʊŋ,1
官,k,wan,1
宙,ʈʂ,oʊ,4
定,t,iŋ,4
宛,,wan,3
宜,,i,2
宝,p,ɑʊ,3
实,ʂ,i,2
実,ʂ,i,2
宠,ʈʂʰ,ʊŋ,3
审,ʂ,ən,3
客,kʰ,ɤ,4
宣,ɕ,yan,1
室,ʂ,i,4
宥,,,4
宦,x,wan,4
宧,,i,2
宨,tʰ,jɑʊ,3
宩,ʂ,i,3
宪,ɕ,jɛn,4
宫,k,ʊŋ,1
宬,ʈʂʰ,ɤŋ,2
宭,tɕʰ,yn,2
宮,k,ʊŋ,1
宯,ɕ,jɑʊ,1
宰,ts,ai,3
宱,ʈʂ,a,4
宲,p,ɑʊ,3
害,x,ai,4
宴,,jɛn,4
宵,ɕ,jɑʊ,1
家,tɕ,ja,1
宷,ʂ,ən,3
宸,ʈʂʰ,ən,2
容,ʐ,ʊŋ,2
宺,x,wɑŋ,3
宻,m,i,4
宼,kʰ,oʊ,4
宽,kʰ,wan,1
宾,p,in,1
宿,s,u,4
寀,tsʰ,ai,3
寁,ts,an,3
寂,tɕ,i,4
寃,,yan,1
寄,tɕ,i,4
寅,,in,2
密,m,i,4
寇,kʰ,oʊ,4
寈,tɕʰ,iŋ,1
寉,x,ɤ,4
寊,ʈʂ,ən,1
寋,tɕ,jɛn,4
富,f,u,4
寍,n,iŋ,2
寎,p,iŋ,4
寏,x,wan,2
寐,m,ei,4
寑,tɕʰ,in,3
寒,x,an,2
寓,,y,4
寔,ʂ,i,2
寕,n,iŋ,2
寖,tɕ,in,4
寗,n,iŋ,2
寘,ʈʂ,i,4
寙,,y,3
寚,p,ɑʊ,3
寛,kʰ,wan,1
寜,n,iŋ,2
寝,tɕʰ,in,3
寞,m,uɔ,4
察,ʈʂʰ,a,2
寠,tɕ,y,4
寡,k,wa,3
寢,tɕʰ,in,3
寣,x,u,1
寤,,u,4
寥,l,jɑʊ,2
實,ʂ,i,2
寧,n,iŋ,2
寨,ʈʂ,ai,4
審,ʂ,ən,3
寪,,,3
寫,ɕ,je,3
寬,kʰ,wan,1
寭,x,,4
寮,l,jɑʊ,2
寯,tɕ,yn,4
寰,x,wan,2
寱,,i,4
寲,,i,2
寳,p,ɑʊ,3
寴,tɕʰ,in,1
寵,ʈʂʰ,ʊŋ,3
寶,p,ɑʊ,3
寷,f,ɤŋ,1
寸,tsʰ,,4
对,t,,4
寺,s,i,4
寻,ɕ,yn,2
导,t,ɑʊ,3
寽,l,y,4
対,t,,4
寿,ʂ,oʊ,4
尀,pʰ,uɔ,3
封,f,ɤŋ,1
専,ʈʂ,wan,1
尃,f,u,1
射,ʂ,ɤ,4
尅,kʰ,ɤ,4
将,tɕ,jɑŋ,1
將,tɕ,jɑŋ,1
專,ʈʂ,wan,1
尉,,,4
尊,ts,,1
尋,ɕ,yn,2
尌,ʂ,u,4
對,t,,4
導,t,ɑʊ,3
小,ɕ,jɑʊ,3
尐,tɕ,je,2
少,ʂ,ɑʊ,3
尒,,,3
尓,,,3
尔,,,3
尕,k,a,3
尖,tɕ,jɛn,1
尗,ʂ,u,1
尘,ʈʂʰ,ən,2
尙,ʂ,ɑŋ,4
尚,ʂ,ɑŋ,4
尛,m,uɔ,2
尜,k,a,2
尝,ʈʂʰ,ɑŋ,2
尞,l,jɑʊ,4
尟,ɕ,jɛn,3
尠,ɕ,jɛn,3
尡,kʰ,,n
尢,,,2
尣,,wɑŋ,1
尤,,,2
尥,l,jɑʊ,4
尦,l,jɑʊ,4
尧,,jɑʊ,2
尨,m,ɑŋ,2
尩,,wɑŋ,1
尪,,wɑŋ,1
尫,,wɑŋ,1
尬,k,a,4
尭,,jɑʊ,2
尮,t,uɔ,4
尯,kʰ,,4
尰,ʈʂ,ʊŋ,3
就,tɕ,,4
尲,k,an,1
尳,k,u,3
尴,k,an,1
尵,tʰ,,2
尶,k,an,1
尷,k,an,1
尸,ʂ,i,1
尹,,in,3
尺,ʈʂʰ,i,3
尻,kʰ,ɑʊ,1
尼,n,i,2
尽,tɕ,in,3
尾,,,3
尿,n,jɑʊ,4
局,tɕ,y,2
屁,pʰ,i,4
层,tsʰ,ɤŋ,2
屃,ɕ,i,4
屄,p,i,1
居,tɕ,y,1
屆,tɕ,je,4
屇,tʰ,jɛn,2
屈,tɕʰ,y,1
屉,tʰ,i,4
届,tɕ,je,4
屋,,u,1
屌,t,jɑʊ,3
屍,ʂ,i,1
屎,ʂ,i,3
屏,pʰ,iŋ,2
屐,tɕ,i,1
屑,ɕ,je,4
屒,ʈʂ,ən,3
屓,ɕ,je,4
屔,n,i,2
展,ʈʂ,an,3
屖,ɕ,i,1
屗,,,3
屘,m,an,3
屙,,ɤ,1
屚,l,oʊ,4
屛,pʰ,iŋ,2
屜,tʰ,i,4
屝,f,ei,4
属,ʂ,u,3
屟,ɕ,je,4
屠,tʰ,u,2
屡,l,y,3
屢,l,y,3
屣,ɕ,i,3
層,tsʰ,ɤŋ,2
履,l,y,3
屦,tɕ,y,4
屧,ɕ,je,4
屨,tɕ,y,4
屩,tɕ,yɛ,1
屪,l,jɑʊ,2
屫,tɕ,yɛ,2
屬,ʂ,u,3
屭,ɕ,i,4
屮,ʈʂʰ,ɤ,4
屯,tʰ,,2
屰,n,i,4
山,ʂ,an,1
屲,,wa,1
屳,ɕ,jɛn,1
屴,l,i,4
屵,,ɤ,4
屶,x,,4
屷,x,,4
屸,l,ʊŋ,2
屹,,i,4
屺,tɕʰ,i,3
屻,ʐ,ən,4
屼,,u,4
屽,x,an,4
屾,ʂ,ən,1
屿,,y,3
岀,ʈʂʰ,u,1
岁,s,,4
岂,tɕʰ,i,3
岃,ʐ,ən,4
岄,,yɛ,4
岅,p,an,3
岆,,jɑʊ,3
岇,,ɑŋ,2
岈,,ja,2
岉,,u,4
岊,tɕ,je,2
岋,,ɤ,4
岌,tɕ,i,2
岍,tɕʰ,jɛn,1
岎,f,ən,2
岏,,wan,2
岐,tɕʰ,i,2
岑,tsʰ,ən,2
岒,tɕʰ,jɛn,2
岓,tɕʰ,i,2
岔,ʈʂʰ,a,4
岕,tɕ,je,4
岖,tɕʰ,y,1
岗,k,ɑŋ,3
岘,ɕ,jɛn,4
岙,,ɑʊ,4
岚,l,an,2
岛,t,ɑʊ,3
岜,p,a,1
岝,ts,uɔ,4
岞,ts,uɔ,4
岟,,jɑŋ,3
岠,tɕ,y,4
岡,k,ɑŋ,1
岢,kʰ,ɤ,3
岣,k,oʊ,3
岤,ɕ,yɛ,2
岥,pʰ,uɔ,1
岦,l,i,4
岧,tʰ,jɑʊ,2
岨,tɕʰ,y,1
岩,,jɛn,2
岪,f,u,2
岫,ɕ,,4
岬,tɕ,ja,3
岭,l,iŋ,3
岮,tʰ,uɔ,2
岯,pʰ,i,2
岰,,ɑʊ,4
岱,t,ai,4
岲,kʰ,wɑŋ,4
岳,,yɛ,4
岴,tɕʰ,y,1
岵,x,u,4
岶,pʰ,uɔ,4
岷,m,in,2
岸,,an,4
岹,tʰ,jɑʊ,2
岺,l,iŋ,2
岻,ʈʂʰ,i,2
岼,pʰ,iŋ,2
岽,t,ʊŋ,1
岾,x,an,4
岿,kʰ,,1
峀,ɕ,,4
峁,m,ɑʊ,3
峂,tʰ,ʊŋ,2
峃,ɕ,yɛ,2
峄,,i,4
峅,p,jɛn,4
峆,x,ɤ,2
峇,p,a,1
峈,l,uɔ,4
峉,,ɤ,4
峊,f,u,4
峋,ɕ,yn,2
峌,t,je,2
峍,l,u,4
峎,,ən,3
峏,,,2
峐,k,ai,1
峑,tɕʰ,yan,1
峒,t,ʊŋ,4
峓,,i,2
峔,m,u,3
峕,ʂ,i,2
峖,,an,1
峗,,,2
峘,x,wan,2
峙,ʈʂ,i,4
峚,m,i,4
峛,l,i,3
峜,tɕ,i,4
峝,tʰ,ʊŋ,2
峞,,,2
峟,,,4
峠,tɕʰ,ja,3
峡,ɕ,ja,2
峢,l,i,3
峣,,jɑʊ,2
峤,tɕ,jɑʊ,4
峥,ʈʂ,ɤŋ,1
峦,l,wan,2
峧,tɕ,jɑʊ,1
峨,,ɤ,2
峩,,ɤ,2
峪,,y,4
峫,ɕ,je,2
峬,p,u,1
峭,tɕʰ,jɑʊ,4
峮,tɕʰ,yn,1
峯,f,ɤŋ,1
峰,f,ɤŋ,1
峱,n,ɑʊ,2
峲,l,i,3
峳,,,2
峴,ɕ,jɛn,4
峵,ʐ,ʊŋ,2
島,t,ɑʊ,3
峷,ʂ,ən,1
峸,ʈʂʰ,ɤŋ,2
峹,tʰ,u,2
峺,k,ɤŋ,3
峻,tɕ,yn,4
峼,k,ɑʊ,4
峽,ɕ,ja,2
峾,,in,2
峿,,y,3
崀,l,ɑŋ,4
崁,kʰ,an,4
崂,l,ɑʊ,2
崃,l,ai,2
崄,ɕ,jɛn,3
崅,tɕʰ,yɛ,4
崆,kʰ,ʊŋ,1
崇,ʈʂʰ,ʊŋ,2
崈,ʈʂʰ,ʊŋ,2
崉,tʰ,a,4
崊,l,in,2
崋,x,wa,4
崌,tɕ,y,1
崍,l,ai,2
崎,tɕʰ,i,2
崏,m,in,2
崐,kʰ,,1
崑,kʰ,,1
崒,ts,u,2
崓,k,u,4
崔,tsʰ,,1
崕,,ja,2
崖,,ja,2
崗,k,ɑŋ,3
崘,l,,2
崙,l,,2
崚,l,ɤŋ,2
崛,tɕ,yɛ,2
崜,t,uɔ,1
崝,ʈʂ,ɤŋ,1
崞,k,uɔ,1
崟,,in,2
崠,t,ʊŋ,1
崡,x,an,2
崢,ʈʂ,ɤŋ,1
崣,,,3
崤,ɕ,jɑʊ,2
崥,pʰ,i,2
崦,,jɛn,1
崧,s,ʊŋ,1
崨,tɕ,je,2
崩,p,ɤŋ,1
崪,ts,u,2
崫,kʰ,u,1
崬,t,ʊŋ,1
崭,ʈʂ,an,3
崮,k,u,4
崯,,in,2
崰,ts,i,1
崱,ts,ɤ,4
崲,x,wɑŋ,2
崳,,y,2
崴,,wai,3
崵,,jɑŋ,2
崶,f,ɤŋ,1
崷,tɕʰ,,2
崸,,jɑŋ,2
崹,tʰ,i,2
崺,,i,3
崻,ʈʂ,i,4
崼,ʂ,i,4
崽,ts,ai,3
崾,,jɑʊ,3
崿,,ɤ,4
嵀,ʈʂ,u,4
嵁,kʰ,an,1
嵂,l,y,4
嵃,,jɛn,3
嵄,m,ei,3
嵅,x,an,2
嵆,tɕ,i,1
嵇,tɕ,i,1
嵈,x,wan,4
嵉,tʰ,iŋ,2
嵊,ʂ,ɤŋ,4
嵋,m,ei,2
嵌,tɕʰ,jɛn,4
嵍,,u,4
嵎,,y,2
嵏,ts,ʊŋ,1
嵐,l,an,2
嵑,kʰ,ɤ,3
嵒,,jɛn,2
嵓,,jɛn,2
嵔,,,3
嵕,ts,ʊŋ,1
嵖,ʈʂʰ,a,2
嵗,s,,4
嵘,ʐ,ʊŋ,2
嵙,kʰ,ɤ,1
嵚,tɕʰ,in,1
嵛,,y,2
嵜,tɕʰ,i,2
嵝,l,oʊ,3
嵞,tʰ,u,2
嵟,t,,1
嵠,ɕ,i,1
嵡,,,3
嵢,tsʰ,ɑŋ,1
嵣,t,ɑŋ,4
嵤,ʐ,ʊŋ,2
嵥,tɕ,je,2
嵦,kʰ,ai,3
嵧,l,,2
嵨,,u,4
嵩,s,ʊŋ,1
嵪,tɕʰ,jɑʊ,1
嵫,ts,i,1
嵬,,,2
嵭,p,ɤŋ,1
嵮,t,jɛn,1
嵯,tsʰ,uɔ,2
嵰,tɕʰ,jɛn,3
嵱,,jʊŋ,3
嵲,n,je,4
嵳,tsʰ,uɔ,2
嵴,tɕ,i,3
嵵,ʂ,i,2
嵶,ʐ,uɔ,4
嵷,s,ʊŋ,3
嵸,ts,ʊŋ,1
嵹,tɕ,jɑŋ,4
嵺,l,jɑʊ,2
嵻,kʰ,ɑŋ,1
嵼,ʈʂʰ,an,3
嵽,t,je,2
嵾,tsʰ,ən,1
嵿,t,iŋ,3
嶀,tʰ,u,1
嶁,l,oʊ,3
嶂,ʈʂ,ɑŋ,4
嶃,ʈʂ,an,3
嶄,ʈʂ,an,3
嶅,,ɑʊ,2
嶆,tsʰ,ɑʊ,2
嶇,tɕʰ,y,1
嶈,tɕʰ,jɑŋ,1
嶉,tsʰ,,1
嶊,ts,,3
嶋,t,ɑʊ,3
嶌,t,ɑʊ,3
嶍,ɕ,i,2
嶎,,y,4
嶏,pʰ,ei,4
嶐,l,ʊŋ,2
嶑,ɕ,jɑŋ,4
嶒,tsʰ,ɤŋ,2
嶓,p,uɔ,1
嶔,tɕʰ,in,1
嶕,tɕ,jɑʊ,1
嶖,,jɛn,1
嶗,l,ɑʊ,2
嶘,ʈʂ,an,4
嶙,l,in,2
嶚,l,jɑʊ,2
嶛,l,jɑʊ,2
嶜,tɕ,in,1
嶝,t,ɤŋ,4
嶞,t,uɔ,4
嶟,ts,,1
嶠,tɕ,jɑʊ,4
嶡,k,,4
嶢,,jɑʊ,2
嶣,tɕ,jɑʊ,1
嶤,,jɑʊ,2
嶥,tɕ,yɛ,2
嶦,ʈʂ,an,1
嶧,,i,4
嶨,ɕ,yɛ,2
嶩,n,ɑʊ,2
嶪,,je,4
嶫,,je,4
嶬,,i,2
嶭,n,je,4
嶮,ɕ,jɛn,3
嶯,tɕ,i,2
嶰,ɕ,je,4
嶱,kʰ,ɤ,3
嶲,ɕ,i,1
嶳,t,i,4
嶴,,ɑʊ,4
嶵,ts,,3
嶶,,,1
嶷,,i,2
嶸,ʐ,ʊŋ,2
嶹,t,ɑʊ,3
嶺,l,iŋ,3
嶻,tɕ,je,2
嶼,,y,3
嶽,,yɛ,4
嶾,,in,3
嶿,ʐ,u,u
巀,tɕ,je,2
巁,l,i,4
巂,k,,1
巃,l,ʊŋ,2
巄,l,ʊŋ,2
巅,t,jɛn,1
巆,ʐ,ʊŋ,2
巇,ɕ,i,1
巈,tɕ,y,2
巉,ʈʂʰ,an,2
巊,,iŋ,3
巋,kʰ,,1
巌,,jɛn,2
巍,,,1
巎,n,ɑʊ,2
巏,tɕʰ,yan,2
巐,ʈʂʰ,ɑʊ,3
巑,tsʰ,wan,2
巒,l,wan,2
巓,t,jɛn,1
巔,t,jɛn,1
巕,n,je,4
巖,,jɛn,2
巗,,jɛn,2
巘,,jɛn,3
巙,kʰ,,2
巚,,jɛn,3
巛,ʈʂʰ,wan,1
巜,kʰ,wai,4
川,ʈʂʰ,wan,1
州,ʈʂ,oʊ,1
巟,x,wɑŋ,1
巠,tɕ,iŋ,1
巡,ɕ,yn,2
巢,ʈʂʰ,ɑʊ,2
巣,ʈʂʰ,ɑʊ,2
巤,l,je,4
工,k,ʊŋ,1
左,ts,uɔ,3
巧,tɕʰ,jɑʊ,3
巨,tɕ,y,4
巩,k,ʊŋ,3
巪,tɕ,y,4
巫,,u,1
巬,pʰ,u,u
巭,pʰ,u,u
差,ʈʂʰ,a,4
巯,tɕʰ,,2
巰,tɕʰ,,2
己,tɕ,i,3
已,,i,3
巳,s,i,4
巴,p,a,1
巵,ʈʂ,i,1
巶,ʈʂ,ɑʊ,1
巷,ɕ,jɑŋ,4
巸,,i,2
巹,tɕ,in,3
巺,ɕ,yn,4
巻,tɕ,yan,4
巼,p,a,1
巽,ɕ,yn,4
巾,tɕ,in,1
巿,f,u,2
帀,ts,a,1
币,p,i,4
市,ʂ,i,4
布,p,u,4
帄,t,iŋ,1
帅,ʂ,wai,4
帆,f,an,1
帇,n,je,4
师,ʂ,i,1
帉,f,ən,1
帊,pʰ,a,4
帋,ʈʂ,i,3
希,ɕ,i,1
帍,x,u,4
帎,t,an,4
帏,,,2
帐,ʈʂ,ɑŋ,4
帑,tʰ,ɑŋ,3
帒,t,ai,4
帓,m,uɔ,4
帔,pʰ,ei,4
帕,pʰ,a,4
帖,tʰ,je,1
帗,p,uɔ,1
帘,l,jɛn,2
帙,ʈʂ,i,4
帚,ʈʂ,oʊ,3
帛,p,uɔ,2
帜,ʈʂ,i,4
帝,t,i,4
帞,m,uɔ,4
帟,,i,4
帠,,i,4
帡,pʰ,iŋ,2
帢,tɕʰ,ja,4
帣,tɕ,yan,3
帤,ʐ,u,2
帥,ʂ,wai,4
带,t,ai,4
帧,ʈʂ,ən,1
帨,ʂ,,4
帩,tɕʰ,jɑʊ,4
帪,ʈʂ,ən,1
師,ʂ,i,1
帬,tɕʰ,yn,2
席,ɕ,i,2
帮,p,ɑŋ,1
帯,t,ai,4
帰,k,,1
帱,ʈʂʰ,oʊ,2
帲,pʰ,iŋ,2
帳,ʈʂ,ɑŋ,4
帴,s,an,4
帵,,wan,1
帶,t,ai,4
帷,,,2
常,ʈʂʰ,ɑŋ,2
帹,ʂ,a,4
帺,tɕʰ,i,2
帻,ts,ɤ,2
帼,k,uɔ,2
帽,m,ɑʊ,4
帾,t,u,3
帿,x,oʊ,2
幀,ʈʂ,ɤŋ,4
幁,ɕ,y,1
幂,m,i,4
幃,,,2
幄,,uɔ,4
幅,f,u,2
幆,,i,4
幇,p,ɑŋ,1
幈,pʰ,iŋ,2
幉,t,je,2
幊,k,ʊŋ,1
幋,pʰ,an,2
幌,x,wɑŋ,3
幍,tʰ,ɑʊ,1
幎,m,i,4
幏,tɕ,ja,4
幐,tʰ,ɤŋ,2
幑,x,,1
幒,ʈʂ,ʊŋ,1
幓,ʂ,an,1
幔,m,an,4
幕,m,u,4
幖,p,jɑʊ,1
幗,k,uɔ,2
幘,ts,ɤ,2
幙,m,u,4
幚,p,ɑŋ,1
幛,ʈʂ,ɑŋ,4
幜,tɕ,iŋ,3
幝,ʈʂʰ,an,3
幞,f,u,2
幟,ʈʂ,i,4
幠,x,u,1
幡,f,an,1
幢,ʈʂʰ,wɑŋ,2
幣,p,i,4
幤,p,i,4
幥,ʈʂ,ɑŋ,3
幦,m,i,4
幧,tɕʰ,jɑʊ,1
幨,ʈʂʰ,an,1
幩,f,ən,2
幪,m,ɤŋ,2
幫,p,ɑŋ,1
幬,ʈʂʰ,oʊ,2
幭,m,je,4
幮,ʈʂʰ,u,2
幯,tɕ,je,2
幰,ɕ,jɛn,3
幱,l,an,2
干,k,an,4
平,pʰ,iŋ,2
年,n,jɛn,2
幵,tɕ,jɛn,1
并,p,iŋ,4
幷,p,iŋ,4
幸,ɕ,iŋ,4
幹,k,an,4
幺,,jɑʊ,1
幻,x,wan,4
幼,,,4
幽,,,1
幾,tɕ,i,3
广,k,wɑŋ,3
庀,pʰ,i,3
庁,tʰ,iŋ,1
庂,ts,ɤ,4
広,k,wɑŋ,3
庄,ʈʂ,wɑŋ,1
庅,m,uɔ,2
庆,tɕʰ,iŋ,4
庇,p,i,4
庈,tɕʰ,in,2
庉,t,,4
床,ʈʂʰ,wɑŋ,2
庋,k,,3
庌,,ja,3
庍,p,ai,4
庎,tɕ,je,4
序,ɕ,y,4
庐,l,u,2
庑,,u,3
庒,ʈʂ,wɑŋ,1
库,kʰ,u,4
应,,iŋ,1
底,t,i,3
庖,pʰ,ɑʊ,2
店,t,jɛn,4
庘,,ja,1
庙,m,jɑʊ,4
庚,k,ɤŋ,1
庛,tsʰ,i,4
府,f,u,3
庝,tʰ,ʊŋ,2
庞,pʰ,ɑŋ,2
废,f,ei,4
庠,ɕ,jɑŋ,2
庡,,i,3
庢,ʈʂ,i,4
庣,tʰ,jɑʊ,1
庤,ʈʂ,i,4
庥,ɕ,,1
度,t,u,4
座,ts,uɔ,4
庨,ɕ,jɑʊ,1
庩,tʰ,u,2
庪,k,,3
庫,kʰ,u,4
庬,m,ɑŋ,2
庭,tʰ,iŋ,2
庮,,,3
庯,p,u,1
庰,p,iŋ,4
庱,ʈʂʰ,ɤŋ,3
庲,l,ai,2
庳,p,i,4
庴,tɕ,i,2
庵,,an,1
庶,ʂ,u,4
康,kʰ,ɑŋ,1
庸,,jʊŋ,1
庹,tʰ,uɔ,3
庺,s,ʊŋ,1
庻,ʂ,u,4
庼,tɕʰ,iŋ,3
庽,,y,4
庾,,y,3
庿,m,jɑʊ,4
廀,s,oʊ,1
廁,tsʰ,ɤ,4
廂,ɕ,jɑŋ,1
廃,f,ei,4
廄,tɕ,,4
廅,,ɤ,4
廆,k,,1
廇,l,,4
廈,ʂ,a,4
廉,l,jɛn,2
廊,l,ɑŋ,2
廋,s,oʊ,1
廌,ʈʂ,i,4
廍,p,u,4
廎,tɕʰ,iŋ,3
廏,tɕ,,4
廐,tɕ,,4
廑,tɕ,in,3
廒,,ɑʊ,2
廓,kʰ,uɔ,4
廔,l,oʊ,2
廕,,in,4
廖,l,jɑʊ,4
廗,t,ai,4
廘,l,u,4
廙,,i,4
廚,ʈʂʰ,u,2
廛,ʈʂʰ,an,2
廜,tʰ,u,2
廝,s,i,1
廞,ɕ,in,1
廟,m,jɑʊ,4
廠,ʈʂʰ,ɑŋ,3
廡,,u,3
廢,f,ei,4
廣,k,wɑŋ,3
廤,kʰ,u,4
廥,kʰ,wai,4
廦,p,i,4
廧,tɕʰ,jɑŋ,2
廨,ɕ,je,4
廩,l,in,3
廪,l,in,3
廫,l,jɑʊ,2
廬,l,u,2
廭,tɕ,i,4
廮,,iŋ,3
廯,ɕ,jɛn,1
廰,tʰ,iŋ,1
廱,,jʊŋ,1
廲,l,i,2
廳,tʰ,iŋ,1
廴,,in,3
廵,ɕ,yn,2
延,,jɛn,2
廷,tʰ,iŋ,2
廸,t,i,2
廹,pʰ,ai,3
建,tɕ,jɛn,4
廻,x,,2
廼,n,ai,3
廽,x,,2
廾,k,ʊŋ,3
廿,n,jɛn,4
开,kʰ,ai,1
弁,p,jɛn,4
异,,i,4
弃,tɕʰ,i,4
弄,n,ʊŋ,4
弅,f,ən,4
弆,tɕ,y,3
弇,,jɛn,3
弈,,i,4
弉,ts,ɑŋ,4
弊,p,i,4
弋,,i,4
弌,,i,1
弍,,,4
弎,s,an,1
式,ʂ,i,4
弐,,,4
弑,ʂ,i,4
弒,ʂ,i,4
弓,k,ʊŋ,1
弔,t,jɑʊ,4
引,,in,3
弖,x,u,4
弗,f,u,2
弘,x,ʊŋ,2
弙,,u,1
弚,tʰ,,2
弛,ʈʂʰ,i,2
弜,tɕ,jɑŋ,4
弝,p,a,4
弞,ʂ,ən,3
弟,t,i,4
张,ʈʂ,ɑŋ,1
弡,tɕ,yɛ,2
弢,tʰ,ɑʊ,1
弣,f,u,3
弤,t,i,3
弥,m,i,2
弦,ɕ,jɛn,2
弧,x,u,2
弨,ʈʂʰ,ɑʊ,1
弩,n,u,3
弪,tɕ,iŋ,4
弫,ʈʂ,ən,3
弬,,i,2
弭,m,i,3
弮,tɕʰ,yan,1
弯,,wan,1
弰,ʂ,ɑʊ,1
弱,ʐ,uɔ,4
弲,ɕ,yan,1
弳,tɕ,iŋ,4
弴,t,jɑʊ,1
張,ʈʂ,ɑŋ,1
弶,tɕ,jɑŋ,4
強,tɕʰ,jɑŋ,2
弸,pʰ,ɤŋ,2
弹,t,an,4
强,tɕʰ,jɑŋ,2
弻,p,i,4
弼,p,i,4
弽,ʂ,ɤ,4
弾,t,an,4
弿,tɕ,jɛn,3
彀,k,oʊ,4
彁,k,ɤ,1
彂,f,a,1
彃,p,i,4
彄,kʰ,oʊ,1
彅,tɕ,jɛn,3
彆,p,je,4
彇,ɕ,jɑʊ,1
彈,t,an,4
彉,k,uɔ,1
彊,tɕ,jɑŋ,4
彋,x,ʊŋ,2
彌,m,i,2
彍,k,uɔ,1
彎,,wan,1
彏,tɕ,yɛ,2
彐,tɕ,i,4
彑,tɕ,i,4
归,k,,1
当,t,ɑŋ,1
彔,l,u,4
录,l,u,4
彖,tʰ,wan,4
彗,x,,4
彘,ʈʂ,i,4
彙,x,,4
彚,x,,4
彛,,i,2
彜,,i,2
彝,,i,2
彞,,i,2
彟,,yɛ,1
彠,,yɛ,1
彡,ʂ,an,1
形,ɕ,iŋ,2
彣,,,2
彤,tʰ,ʊŋ,2
彥,,jɛn,4
彦,,jɛn,4
彧,,y,4
彨,ʈʂʰ,i,1
彩,tsʰ,ai,3
彪,p,jɑʊ,1
彫,t,jɑʊ,1
彬,p,in,1
彭,pʰ,ɤŋ,2
彮,,jʊŋ,3
彯,pʰ,jɑʊ,1
彰,ʈʂ,ɑŋ,1
影,,iŋ,3
彲,ʈʂʰ,i,1
彳,ʈʂʰ,i,4
彴,ʈʂ,uɔ,2
彵,tʰ,uɔ,3
彶,tɕ,i,2
彷,pʰ,ɑŋ,2
彸,ʈʂ,ʊŋ,1
役,,i,4
彺,,wɑŋ,2
彻,ʈʂʰ,ɤ,4
彼,p,i,3
彽,t,i,1
彾,l,iŋ,2
彿,f,u,2
往,,wɑŋ,3
征,ʈʂ,ɤŋ,1
徂,tsʰ,u,2
徃,,wɑŋ,3
径,tɕ,iŋ,4
待,t,ai,4
徆,ɕ,i,1
徇,ɕ,yn,4
很,x,ən,3
徉,,jɑŋ,2
徊,x,wai,2
律,l,y,4
後,x,oʊ,4
徍,,wɑŋ,3
徎,ʈʂʰ,ɤŋ,3
徏,ʈʂ,i,4
徐,ɕ,y,2
徑,tɕ,iŋ,4
徒,tʰ,u,2
従,tsʰ,ʊŋ,2
徔,ʈʂ,i,i
徕,l,ai,2
徖,tsʰ,ʊŋ,2
得,t,ɤ,2
徘,pʰ,ai,2
徙,ɕ,i,3
徚,t,ʊŋ,1
徛,tɕ,i,4
徜,ʈʂʰ,ɑŋ,2
徝,ʈʂ,i,4
從,tsʰ,ʊŋ,2
徟,ʈʂ,oʊ,1
徠,l,ai,2
御,,y,4
徢,ɕ,je,4
徣,tɕ,je,4
徤,tɕ,jɛn,4
徥,ʂ,i,4
徦,tɕ,ja,3
徧,p,jɛn,4
徨,x,wɑŋ,2
復,f,u,4
循,ɕ,yn,2
徫,,,3
徬,pʰ,ɑŋ,2
徭,,jɑʊ,2
微,,,1
徯,ɕ,i,1
徰,ʈʂ,ɤŋ,1
徱,pʰ,jɑʊ,4
徲,tʰ,i,2
徳,t,ɤ,2
徴,ʈʂ,ɤŋ,1
徵,ʈʂ,ɤŋ,1
徶,p,je,2
德,t,ɤ,2
徸,ʈʂʰ,ʊŋ,1
徹,ʈʂʰ,ɤ,4
徺,tɕ,jɑʊ,3
徻,x,,4
徼,tɕ,jɑʊ,3
徽,x,,1
徾,m,ei,2
徿,l,ʊŋ,4
忀,ɕ,jɑŋ,1
忁,p,ɑʊ,4
忂,tɕʰ,y,2
心,ɕ,in,1
忄,ɕ,in,n
必,p,i,4
忆,,i,4
忇,l,ɤ,4
忈,ʐ,ən,2
忉,t,ɑʊ,1
忊,t,iŋ,4
忋,k,ai,3
忌,tɕ,i,4
忍,ʐ,ən,3
忎,ʐ,ən,2
忏,ʈʂʰ,an,4
忐,tʰ,an,3
忑,tʰ,ɤ,4
忒,tʰ,ɤ,4
忓,k,an,1
忔,tɕʰ,i,4
忕,ʂ,i,4
忖,tsʰ,,3
志,ʈʂ,i,4
忘,,wɑŋ,4
忙,m,ɑŋ,2
忚,ɕ,i,1
忛,f,an,1
応,,iŋ,1
忝,tʰ,jɛn,3
忞,m,in,2
忟,,,3
忠,ʈʂ,ʊŋ,1
忡,ʈʂʰ,ʊŋ,1
忢,,u,4
忣,tɕ,i,2
忤,,u,3
忥,ɕ,i,4
忦,tɕ,ja,2
忧,,,1
忨,,wan,4
忩,tsʰ,ʊŋ,1
忪,s,ʊŋ,1
快,kʰ,wai,4
忬,,y,4
忭,p,jɛn,4
忮,ʈʂ,i,4
忯,tɕʰ,i,2
忰,tsʰ,,4
忱,ʈʂʰ,ən,2
忲,tʰ,ai,4
忳,tʰ,,2
忴,tɕʰ,jɛn,2
念,n,jɛn,4
忶,x,,2
忷,ɕ,jʊŋ,1
忸,n,,3
忹,kʰ,wɑŋ,2
忺,ɕ,jɛn,1
忻,ɕ,in,1
忼,kʰ,ɑŋ,1
忽,x,u,1
忾,kʰ,ai,4
忿,f,ən,4
怀,x,wai,2
态,tʰ,ai,4
怂,s,ʊŋ,3
怃,,u,3
怄,,oʊ,4
怅,ʈʂʰ,ɑŋ,4
怆,ʈʂʰ,wɑŋ,4
怇,tɕ,y,4
怈,,i,4
怉,p,ɑʊ,3
怊,ʈʂʰ,ɑʊ,1
怋,m,in,2
怌,pʰ,ei,1
怍,ts,uɔ,4
怎,ts,ən,3
怏,,jɑŋ,4
怐,tɕ,y,4
怑,p,an,4
怒,n,u,4
怓,n,ɑʊ,2
怔,ʈʂ,ɤŋ,1
怕,pʰ,a,4
怖,p,u,4
怗,tʰ,je,1
怘,x,u,4
怙,x,u,4
怚,tɕ,y,4
怛,t,a,2
怜,l,jɛn,2
思,s,i,1
怞,ʈʂʰ,oʊ,2
怟,t,i,4
怠,t,ai,4
怡,,i,2
怢,tʰ,u,1
怣,,,2
怤,f,u,1
急,tɕ,i,2
怦,pʰ,ɤŋ,1
性,ɕ,iŋ,4
怨,,yan,4
怩,n,i,2
怪,k,wai,4
怫,f,u,2
怬,ɕ,i,4
怭,p,i,4
怮,,,1
怯,tɕʰ,je,4
怰,ɕ,yan,4
怱,tsʰ,ʊŋ,1
怲,p,iŋ,3
怳,x,wɑŋ,3
怴,ɕ,y,4
怵,ʈʂʰ,u,4
怶,p,i,4
怷,ʂ,u,4
怸,ɕ,i,1
怹,tʰ,an,1
怺,,jʊŋ,3
总,ts,ʊŋ,3
怼,t,,4
怽,m,uɔ,o
怾,ʈʂ,i,3
怿,,i,4
恀,ʂ,i,4
恁,n,ən,4
恂,ɕ,yn,2
恃,ʂ,i,4
恄,ɕ,i,4
恅,l,ɑʊ,3
恆,x,ɤŋ,2
恇,kʰ,wɑŋ,1
恈,m,oʊ,2
恉,ʈʂ,i,3
恊,ɕ,je,2
恋,l,jɛn,4
恌,tʰ,jɑʊ,1
恍,x,wɑŋ,3
恎,t,je,2
恏,x,ɑʊ,4
恐,kʰ,ʊŋ,3
恑,k,,3
恒,x,ɤŋ,2
恓,ɕ,i,1
恔,tɕ,jɑʊ,3
恕,ʂ,u,4
恖,s,i,1
恗,x,u,1
恘,tɕʰ,,1
恙,,jɑŋ,4
恚,x,,4
恛,x,,2
恜,ʈʂʰ,i,4
恝,tɕ,ja,2
恞,,i,2
恟,ɕ,jʊŋ,1
恠,k,wai,4
恡,l,in,4
恢,x,,1
恣,ts,i,4
恤,ɕ,y,4
恥,ʈʂʰ,i,3
恦,ʂ,ɑŋ,4
恧,n,y,4
恨,x,ən,4
恩,,ən,1
恪,kʰ,ɤ,4
恫,t,ʊŋ,4
恬,tʰ,jɛn,2
恭,k,ʊŋ,1
恮,tɕʰ,yan,1
息,ɕ,i,1
恰,tɕʰ,ja,4
恱,,yɛ,4
恲,pʰ,ɤŋ,1
恳,kʰ,ən,3
恴,t,ɤ,2
恵,x,,4
恶,,ɤ,4
恷,ɕ,jɑʊ,o
恸,tʰ,ʊŋ,4
恹,,jɛn,1
恺,kʰ,ai,3
恻,tsʰ,ɤ,4
恼,n,ɑʊ,3
恽,,yn,4
恾,m,ɑŋ,2
恿,,jʊŋ,3
悀,,jʊŋ,3
悁,,yan,1
悂,pʰ,i,1
悃,kʰ,,3
悄,tɕʰ,jɑʊ,1
悅,,yɛ,4
悆,,y,4
悇,tʰ,u,2
悈,tɕ,je,4
悉,ɕ,i,1
悊,ʈʂ,ɤ,2
悋,l,in,4
悌,tʰ,i,4
悍,x,an,4
悎,x,ɑʊ,4
悏,tɕʰ,je,4
悐,tʰ,i,4
悑,p,u,4
悒,,i,4
悓,tɕʰ,jɛn,4
悔,x,,3
悕,ɕ,i,1
悖,p,ei,4
悗,m,an,2
悘,,i,1
悙,x,ɤŋ,1
悚,s,ʊŋ,3
悛,tɕʰ,yan,1
悜,ʈʂʰ,ɤŋ,3
悝,kʰ,,1
悞,,u,4
悟,,u,4
悠,,,1
悡,l,i,2
悢,l,jɑŋ,4
患,x,wan,4
悤,tsʰ,ʊŋ,1
悥,,i,4
悦,,yɛ,4
悧,l,i,4
您,n,in,2
悩,n,ɑʊ,3
悪,,ɤ,4
悫,tɕʰ,yɛ,4
悬,ɕ,yan,2
悭,tɕʰ,jɛn,1
悮,,u,4
悯,m,in,3
悰,tsʰ,ʊŋ,2
悱,f,ei,3
悲,p,ei,1
悳,t,ɤ,2
悴,tsʰ,,4
悵,ʈʂʰ,ɑŋ,4
悶,m,ən,4
悷,l,i,4
悸,tɕ,i,4
悹,k,wan,4
悺,k,wan,4
悻,ɕ,iŋ,4
悼,t,ɑʊ,4
悽,tɕʰ,i,1
悾,kʰ,ʊŋ,1
悿,tʰ,jɛn,3
惀,l,,2
惁,ɕ,i,1
惂,kʰ,an,3
惃,k,,3
惄,n,i,4
情,tɕʰ,iŋ,2
惆,ʈʂʰ,oʊ,2
惇,t,,1
惈,k,uɔ,3
惉,ʈʂ,an,1
惊,tɕ,iŋ,1
惋,,wan,3
惌,,yan,1
惍,tɕ,in,1
惎,tɕ,i,4
惏,l,an,2
惐,,y,4
惑,x,uɔ,4
惒,x,ɤ,2
惓,tɕʰ,yan,2
惔,tʰ,an,2
惕,tʰ,i,4
惖,tʰ,i,4
惗,n,je,4
惘,,wɑŋ,3
惙,ʈʂʰ,uɔ,4
惚,x,u,1
惛,x,,1
惜,ɕ,i,1
惝,ʈʂʰ,ɑŋ,3
惞,ɕ,in,1
惟,,,2
惠,x,,4
惡,,ɤ,4
惢,s,uɔ,3
惣,ts,ʊŋ,3
惤,tɕ,jɛn,1
惥,,jʊŋ,3
惦,t,jɛn,4
惧,tɕ,y,4
惨,tsʰ,an,3
惩,ʈʂʰ,ɤŋ,2
惪,t,ɤ,2
惫,p,ei,4
惬,tɕʰ,je,4
惭,tsʰ,an,2
惮,t,an,4
惯,k,wan,4
惰,t,uɔ,4
惱,n,ɑʊ,3
惲,,yn,4
想,ɕ,jɑŋ,3
惴,ʈʂ,,4
惵,t,je,2
惶,x,wɑŋ,2
惷,ʈʂʰ,,3
惸,tɕʰ,jʊŋ,2
惹,ʐ,ɤ,3
惺,ɕ,iŋ,1
惻,tsʰ,ɤ,4
惼,p,jɛn,3
惽,m,in,3
惾,ts,ʊŋ,1
惿,tʰ,i,2
愀,tɕʰ,jɑʊ,3
愁,ʈʂʰ,oʊ,2
愂,p,ei,4
愃,ɕ,yan,1
愄,,,1
愅,k,ɤ,2
愆,tɕʰ,jɛn,1
愇,,,3
愈,,y,4
愉,,y,2
愊,p,i,4
愋,ɕ,yan,1
愌,x,wan,4
愍,m,in,3
愎,p,i,4
意,,i,4
愐,m,jɛn,3
愑,,jʊŋ,3
愒,kʰ,ai,4
愓,t,ɑŋ,4
愔,,in,1
愕,,ɤ,4
愖,ʈʂʰ,ən,2
愗,m,ɑʊ,4
愘,tɕʰ,ja,4
愙,kʰ,ɤ,4
愚,,y,2
愛,,ai,4
愜,tɕʰ,je,4
愝,,jɛn,3
愞,n,uɔ,4
感,k,an,3
愠,,yn,4
愡,ts,ʊŋ,3
愢,s,ai,1
愣,l,ɤŋ,4
愤,f,ən,4
愥,,iŋ,1
愦,kʰ,,4
愧,kʰ,,4
愨,tɕʰ,yɛ,4
愩,k,ʊŋ,1
愪,,yn,2
愫,s,u,4
愬,s,u,4
愭,tɕʰ,i,2
愮,,jɑʊ,2
愯,s,ʊŋ,3
愰,x,wɑŋ,4
愱,tɕ,i,2
愲,k,u,3
愳,tɕ,y,4
愴,ʈʂʰ,wɑŋ,4
愵,n,i,4
愶,ɕ,je,2
愷,kʰ,ai,3
愸,ʈʂ,ɤŋ,3
愹,,jʊŋ,3
愺,tsʰ,ɑʊ,3
愻,ɕ,yn,4
愼,ʂ,ən,4
愽,p,uɔ,2
愾,kʰ,ai,4
愿,,yan,4
慀,ɕ,i,4
慁,x,,4
慂,,jʊŋ,3
慃,,jɑŋ,3
慄,l,i,4
慅,s,ɑʊ,1
慆,tʰ,ɑʊ,1
慇,,in,1
慈,tsʰ,i,2
慉,ɕ,y,4
慊,tɕʰ,jɛn,4
態,tʰ,ai,4
慌,x,wɑŋ,1
慍,,yn,4
慎,ʂ,ən,4
慏,m,iŋ,3
慐,k,ʊŋ,g
慑,ʂ,ɤ,4
慒,tsʰ,ʊŋ,2
慓,pʰ,jɑʊ,1
慔,m,u,4
慕,m,u,4
慖,k,uɔ,2
慗,ʈʂʰ,i,4
慘,tsʰ,an,3
慙,tsʰ,an,2
慚,tsʰ,an,2
慛,tsʰ,,1
慜,m,in,3
慝,tʰ,ɤ,4
慞,ʈʂ,ɑŋ,1
慟,tʰ,ʊŋ,4
慠,,ɑʊ,4
慡,ʂ,wɑŋ,3
慢,m,an,4
慣,k,wan,4
慤,tɕʰ,yɛ,4
慥,ts,ɑʊ,4
慦,tɕ,,4
慧,x,,4
慨,kʰ,ai,3
慩,l,jɛn,2
慪,,oʊ,4
慫,s,ʊŋ,3
慬,tɕʰ,in,2
慭,,in,4
慮,l,y,4
慯,ʂ,ɑŋ,1
慰,,,4
慱,tʰ,wan,2
慲,m,an,2
慳,tɕʰ,jɛn,1
慴,ʂ,ɤ,4
慵,,jʊŋ,1
慶,tɕʰ,iŋ,4
慷,kʰ,ɑŋ,1
慸,t,i,4
慹,ʈʂ,i,2
慺,l,oʊ,2
慻,tɕ,yan,4
慼,tɕʰ,i,1
慽,tɕʰ,i,1
慾,,y,4
慿,pʰ,iŋ,2
憀,l,jɑʊ,2
憁,tsʰ,ʊŋ,4
憂,,,1
憃,ʈʂʰ,ʊŋ,1
憄,ʈʂ,i,4
憅,tʰ,ʊŋ,4
憆,ʈʂʰ,ɤŋ,1
憇,tɕʰ,i,4
憈,tɕʰ,y,1
憉,pʰ,ɤŋ,2
憊,p,ei,4
憋,p,je,1
憌,tɕʰ,jʊŋ,2
憍,tɕ,jɑʊ,1
憎,ts,ɤŋ,1
憏,ʈʂʰ,i,4
憐,l,jɛn,2
憑,pʰ,iŋ,2
憒,kʰ,,4
憓,x,,4
憔,tɕʰ,jɑʊ,2
憕,ʈʂʰ,ɤŋ,2
憖,,in,4
憗,,in,4
憘,ɕ,i,3
憙,ɕ,i,1
憚,t,an,4
憛,tʰ,an,2
憜,t,uɔ,4
憝,t,,4
憞,t,,4
憟,s,u,4
憠,tɕ,yɛ,2
憡,tsʰ,ɤ,4
憢,ɕ,jɑʊ,1
憣,f,an,1
憤,f,ən,4
憥,l,ɑʊ,2
憦,l,ɑʊ,4
憧,ʈʂʰ,ʊŋ,1
憨,x,an,1
憩,tɕʰ,i,4
憪,ɕ,jɛn,2
憫,m,in,3
憬,tɕ,iŋ,3
憭,l,jɑʊ,3
憮,,u,3
憯,tsʰ,an,3
憰,tɕ,yɛ,2
憱,tsʰ,u,4
憲,ɕ,jɛn,4
憳,tʰ,an,3
憴,ʂ,ɤŋ,2
憵,pʰ,i,1
憶,,i,4
憷,ʈʂʰ,u,4
憸,ɕ,jɛn,1
憹,n,ɑʊ,2
憺,t,an,4
憻,tʰ,an,3
憼,tɕ,iŋ,3
憽,s,ʊŋ,1
憾,x,an,4
憿,tɕ,jɑʊ,3
懀,,,4
懁,ɕ,yan,1
懂,t,ʊŋ,3
懃,tɕʰ,in,2
懄,tɕʰ,in,2
懅,tɕ,y,4
懆,tsʰ,ɑʊ,3
懇,kʰ,ən,3
懈,ɕ,je,4
應,,iŋ,1
懊,,ɑʊ,4
懋,m,ɑʊ,4
懌,,i,4
懍,l,in,3
懎,s,ɤ,4
懏,tɕ,yn,4
懐,x,wai,2
懑,m,ən,4
懒,l,an,3
懓,,ai,4
懔,l,in,3
懕,,jɛn,1
懖,kʰ,uɔ,4
懗,ɕ,ja,4
懘,ʈʂʰ,i,4
懙,,y,3
懚,,in,4
懛,t,ai,1
懜,m,ɤŋ,3
懝,,ai,4
懞,m,ɤŋ,2
懟,t,,4
懠,tɕʰ,i,2
懡,m,uɔ,3
懢,l,an,2
懣,m,ən,4
懤,ʈʂʰ,oʊ,2
懥,ʈʂ,i,4
懦,n,uɔ,4
懧,n,uɔ,4
懨,,jɛn,1
懩,,jɑŋ,3
懪,p,uɔ,2
懫,ʈʂ,i,4
懬,kʰ,wɑŋ,4
懭,kʰ,wɑŋ,3
懮,,,3
懯,f,u,1
懰,l,,2
懱,m,je,4
懲,ʈʂʰ,ɤŋ,2
懳,x,,i
懴,ʈʂʰ,an,4
懵,m,ɤŋ,3
懶,l,an,3
懷,x,wai,2
懸,ɕ,yan,2
懹,ʐ,ɑŋ,4
懺,ʈʂʰ,an,4
懻,tɕ,i,4
懼,tɕ,y,4
懽,x,wan,1
懾,ʂ,ɤ,4
懿,,i,4
戀,l,jɛn,4
戁,n,an,3
戂,m,i,2
戃,tʰ,ɑŋ,3
戄,tɕ,yɛ,2
戅,k,ɑŋ,4
戆,k,ɑŋ,4
戇,ʈʂ,wɑŋ,4
戈,k,ɤ,1
戉,,yɛ,4
戊,,u,4
戋,tɕ,jɛn,1
戌,ɕ,y,1
戍,ʂ,u,4
戎,ʐ,ʊŋ,2
戏,ɕ,i,4
成,ʈʂʰ,ɤŋ,2
我,,uɔ,3
戒,tɕ,je,4
戓,k,ɤ,1
戔,tɕ,jɛn,1
戕,tɕʰ,jɑŋ,1
或,x,uɔ,4
戗,tɕʰ,jɑŋ,1
战,ʈʂ,an,4
戙,t,ʊŋ,4
戚,tɕʰ,i,1
戛,tɕ,ja,2
戜,t,je,2
戝,ts,ei,2
戞,tɕ,ja,2
戟,tɕ,i,3
戠,ʈʂ,i,1
戡,kʰ,an,1
戢,tɕ,i,2
戣,kʰ,,2
戤,k,ai,4
戥,t,ɤŋ,3
戦,ʈʂ,an,4
戧,tɕʰ,jɑŋ,1
戨,k,ɤ,1
戩,tɕ,jɛn,3
截,tɕ,je,2
戫,,y,4
戬,tɕ,jɛn,3
戭,,jɛn,3
戮,l,u,4
戯,x,u,1
戰,ʈʂ,an,4
戱,ɕ,i,4
戲,ɕ,i,4
戳,ʈʂʰ,uɔ,1
戴,t,ai,4
戵,tɕʰ,y,2
戶,x,u,4
户,x,u,4
戸,x,u,4
戹,,ɤ,4
戺,ʂ,i,4
戻,tʰ,i,4
戼,m,ɑʊ,3
戽,x,u,4
戾,l,i,4
房,f,ɑŋ,2
所,s,uɔ,3
扁,p,jɛn,3
扂,t,jɛn,4
扃,tɕ,jʊŋ,1
扄,ʂ,ɑŋ,3
扅,,i,2
扆,,i,3
扇,ʂ,an,4
扈,x,u,4
扉,f,ei,1
扊,,jɛn,3
手,ʂ,oʊ,3
扌,ʂ,oʊ,u
才,tsʰ,ai,2
扎,ʈʂ,a,1
扏,tɕʰ,,2
扐,l,ɤ,4
扑,pʰ,u,1
扒,p,a,1
打,t,a,3
扔,ʐ,ɤŋ,1
払,f,an,3
扖,ʐ,u,4
扗,ts,ai,4
托,tʰ,uɔ,1
扙,ʈʂ,ɑŋ,4
扚,t,jɑʊ,3
扛,kʰ,ɑŋ,2
扜,,y,1
扝,kʰ,u,1
扞,k,an,3
扟,ʂ,ən,1
扠,ʈʂʰ,a,1
扡,tʰ,uɔ,1
扢,k,u,3
扣,kʰ,oʊ,4
扤,,u,4
扥,t,ən,4
扦,tɕʰ,jɛn,1
执,ʈʂ,i,2
扨,ʐ,ən,4
扩,kʰ,uɔ,4
扪,m,ən,2
扫,s,ɑʊ,3
扬,,jɑŋ,2
扭,n,,3
扮,p,an,4
扯,ʈʂʰ,ɤ,3
扰,ʐ,ɑʊ,3
扱,ɕ,i,1
扲,tɕʰ,jɛn,2
扳,p,an,1
扴,tɕ,ja,2
扵,,y,2
扶,f,u,2
扷,,ɑʊ,4
扸,ɕ,i,1
批,pʰ,i,1
扺,ʈʂ,i,3
扻,ʈʂ,i,4
扼,,ɤ,4
扽,t,ən,4
找,ʈʂ,ɑʊ,3
承,ʈʂʰ,ɤŋ,2
技,tɕ,i,4
抁,,jɛn,3
抂,kʰ,wɑŋ,2
抃,p,jɛn,4
抄,ʈʂʰ,ɑʊ,1
抅,tɕ,y,1
抆,,,3
抇,x,u,2
抈,,yɛ,4
抉,tɕ,yɛ,2
把,p,a,3
抋,tɕʰ,in,4
抌,t,an,3
抍,ʈʂ,ɤŋ,3
抎,,yn,3
抏,,wan,2
抐,n,ɤ,4
抑,,i,4
抒,ʂ,u,1
抓,ʈʂ,wa,1
抔,pʰ,oʊ,2
投,tʰ,oʊ,2
抖,t,oʊ,3
抗,kʰ,ɑŋ,4
折,ʈʂ,ɤ,2
抙,pʰ,oʊ,2
抚,f,u,3
抛,pʰ,ɑʊ,1
抜,p,a,2
抝,,ɑʊ,3
択,ts,ɤ,2
抟,tʰ,wan,2
抠,kʰ,oʊ,1
抡,l,,1
抢,tɕʰ,jɑŋ,3
抣,,yn,n
护,x,u,4
报,p,ɑʊ,4
抦,p,iŋ,3
抧,ʈʂ,i,3
抨,pʰ,ɤŋ,1
抩,n,an,2
抪,p,u,4
披,pʰ,i,1
抬,tʰ,ai,2
抭,,jɑʊ,3
抮,ʈʂ,ən,3
抯,ʈʂ,a,1
抰,,jɑŋ,1
抱,p,ɑʊ,4
抲,x,ɤ,1
抳,n,i,3
抴,,je,4
抵,t,i,3
抶,ʈʂʰ,i,4
抷,pʰ,i,1
抸,tɕ,ja,1
抹,m,uɔ,3
抺,m,ei,4
抻,ʈʂʰ,ən,1
押,,ja,1
抽,ʈʂʰ,oʊ,1
抾,tɕʰ,y,1
抿,m,in,3
拀,ʈʂʰ,u,4
拁,tɕ,ja,1
拂,f,u,2
拃,ʈʂ,a,3
拄,ʈʂ,u,3
担,t,an,1
拆,ʈʂʰ,ai,1
拇,m,u,3
拈,n,jɛn,1
拉,l,a,1
拊,f,u,3
拋,pʰ,ɑʊ,1
拌,p,an,4
拍,pʰ,ai,1
拎,l,in,1
拏,n,a,2
拐,k,wai,3
拑,tɕʰ,jɛn,2
拒,tɕ,y,4
拓,tʰ,uɔ,4
拔,p,a,2
拕,tʰ,uɔ,1
拖,tʰ,uɔ,1
拗,,ɑʊ,3
拘,tɕ,y,1
拙,ʈʂ,uɔ,1
拚,pʰ,an,4
招,ʈʂ,ɑʊ,1
拜,p,ai,4
拝,p,ai,4
拞,t,i,3
拟,n,i,3
拠,tɕ,y,4
拡,kʰ,uɔ,4
拢,l,ʊŋ,3
拣,tɕ,jɛn,3
拤,tɕʰ,ja,2
拥,,jʊŋ,1
拦,l,an,2
拧,n,iŋ,2
拨,p,uɔ,1
择,ts,ɤ,2
拪,tɕʰ,jɛn,1
拫,x,ən,2
括,kʰ,uɔ,4
拭,ʂ,i,4
拮,tɕ,je,2
拯,ʈʂ,ɤŋ,3
拰,n,in,3
拱,k,ʊŋ,3
拲,k,ʊŋ,3
拳,tɕʰ,yan,2
拴,ʂ,wan,1
拵,tsʰ,,2
拶,ts,a,1
拷,kʰ,ɑʊ,3
拸,,i,2
拹,ɕ,je,2
拺,tsʰ,ɤ,4
拻,x,,1
拼,pʰ,in,1
拽,ʈʂ,wai,1
拾,ʂ,i,2
拿,n,a,2
挀,p,ai,1
持,ʈʂʰ,i,2
挂,k,wa,4
挃,ʈʂ,i,4
挄,kʰ,uɔ,4
挅,t,uɔ,3
挆,t,uɔ,3
指,ʈʂ,i,3
挈,tɕʰ,je,4
按,,an,4
挊,n,ʊŋ,4
挋,ʈʂ,ən,4
挌,k,ɤ,2
挍,tɕ,jɑʊ,4
挎,kʰ,wa,4
挏,t,ʊŋ,4
挐,n,a,2
挑,tʰ,jɑʊ,1
挒,l,je,4
挓,ʈʂ,a,1
挔,l,y,3
挕,t,je,2
挖,,wa,1
挗,tɕ,yɛ,2
挘,l,je,3
挙,tɕ,y,3
挚,ʈʂ,i,4
挛,l,wan,2
挜,,ja,4
挝,,uɔ,1
挞,tʰ,a,4
挟,ɕ,je,2
挠,n,ɑʊ,2
挡,t,ɑŋ,3
挢,tɕ,jɑʊ,3
挣,ʈʂ,ɤŋ,1
挤,tɕ,i,3
挥,x,,1
挦,ɕ,jɛn,2
挧,,y,3
挨,,ai,1
挩,tʰ,uɔ,1
挪,n,uɔ,2
挫,tsʰ,uɔ,4
挬,p,uɔ,2
挭,k,ɤŋ,3
挮,tʰ,i,3
振,ʈʂ,ən,4
挰,ʈʂʰ,ɤŋ,2
挱,s,a,1
挲,s,a,1
挳,kʰ,ɤŋ,1
挴,m,ei,3
挵,n,ʊŋ,4
挶,tɕ,y,1
挷,pʰ,ɤŋ,2
挸,tɕ,jɛn,3
挹,,i,4
挺,tʰ,iŋ,3
挻,ʂ,an,1
挼,ʐ,wa,2
挽,,wan,3
挾,ɕ,je,2
挿,ʈʂʰ,a,1
捀,f,ɤŋ,2
捁,tɕ,jɑʊ,3
捂,,u,3
捃,tɕ,yn,4
捄,tɕ,,4
捅,tʰ,ʊŋ,3
捆,kʰ,,3
捇,x,uɔ,4
捈,tʰ,u,2
捉,ʈʂ,uɔ,1
捊,pʰ,oʊ,2
捋,l,y,3
捌,p,a,1
捍,x,an,4
捎,ʂ,ɑʊ,1
捏,n,je,1
捐,tɕ,yan,1
捑,ts,ɤ,4
捒,ʂ,u,4
捓,,je,2
捔,tɕ,yɛ,2
捕,p,u,3
捖,,wan,2
捗,p,u,4
捘,ts,,4
捙,,je,4
捚,ʈʂ,ai,1
捛,l,y,3
捜,s,oʊ,1
捝,tʰ,uɔ,1
捞,l,ɑʊ,1
损,s,,3
捠,p,ɑŋ,1
捡,tɕ,jɛn,3
换,x,wan,4
捣,t,ɑʊ,3
捤,,,3
捥,,wan,4
捦,tɕʰ,in,2
捧,pʰ,ɤŋ,3
捨,ʂ,ɤ,3
捩,l,je,4
捪,m,in,2
捫,m,ən,2
捬,f,u,3
捭,p,ai,3
据,tɕ,y,4
捯,t,ɑʊ,2
捰,,uɔ,3
捱,,ai,2
捲,tɕ,yan,3
捳,,yɛ,4
捴,ts,ʊŋ,3
捵,ʈʂʰ,ən,1
捶,ʈʂʰ,,2
捷,tɕ,je,2
捸,tʰ,u,1
捹,p,ən,4
捺,n,a,4
捻,n,jɛn,3
捼,ʐ,uɔ,2
捽,ts,uɔ,2
捾,,uɔ,4
捿,tɕʰ,i,1
掀,ɕ,jɛn,1
掁,ʈʂʰ,ɤŋ,2
掂,t,jɛn,1
掃,s,ɑʊ,3
掄,l,,1
掅,tɕʰ,iŋ,4
掆,k,ɑŋ,1
掇,t,uɔ,1
授,ʂ,oʊ,4
掉,t,jɑʊ,4
掊,pʰ,oʊ,2
掋,t,i,3
掌,ʈʂ,ɑŋ,3
掍,x,,4
掎,tɕ,i,3
掏,tʰ,ɑʊ,1
掐,tɕʰ,ja,1
掑,tɕʰ,i,2
排,pʰ,ai,2
掓,ʂ,u,1
掔,tɕʰ,jɛn,1
掕,l,iŋ,2
掖,,je,1
掗,,ja,4
掘,tɕ,yɛ,2
掙,ʈʂ,ɤŋ,1
掚,l,jɑŋ,3
掛,k,wa,4
掜,,i,4
掝,x,uɔ,4
掞,ʂ,an,4
掟,ʈʂ,ɤŋ,3
掠,l,yɛ,4
採,tsʰ,ai,3
探,tʰ,an,4
掣,ʈʂʰ,ɤ,4
掤,p,iŋ,1
接,tɕ,je,1
掦,tʰ,i,4
控,kʰ,ʊŋ,4
推,tʰ,,1
掩,,jɛn,3
措,tsʰ,uɔ,4
掫,ʈʂ,oʊ,1
掬,tɕ,y,1
掭,tʰ,jɛn,4
掮,tɕʰ,jɛn,2
掯,kʰ,ən,4
掰,p,ai,1
掱,pʰ,a,2
掲,tɕ,je,1
掳,l,u,3
掴,k,wai,1
掵,m,iŋ,g
掶,tɕ,je,2
掷,ʈʂ,i,4
掸,t,an,3
掹,m,ɤŋ,g
掺,tsʰ,an,4
掻,s,ɑʊ,1
掼,k,wan,4
掽,pʰ,ɤŋ,4
掾,,yan,4
掿,n,uɔ,4
揀,tɕ,jɛn,3
揁,ʈʂ,ɤŋ,1
揂,tɕ,,1
揃,tɕ,jɛn,3
揄,,y,2
揅,,jɛn,2
揆,kʰ,,2
揇,n,an,3
揈,x,ʊŋ,1
揉,ʐ,oʊ,2
揊,pʰ,i,4
揋,,,1
揌,s,ai,1
揍,ts,oʊ,4
揎,ɕ,yan,1
描,m,jɑʊ,2
提,tʰ,i,2
揑,n,je,1
插,ʈʂʰ,a,1
揓,ʂ,i,4
揔,ts,ʊŋ,3
揕,ʈʂ,ən,4
揖,,i,1
揗,ɕ,yn,2
揘,,jʊŋ,2
揙,p,jɛn,1
揚,,jɑŋ,2
換,x,wan,4
揜,,jɛn,3
揝,ts,an,3
揞,,an,3
揟,ɕ,y,1
揠,,ja,4
握,,uɔ,4
揢,kʰ,ɤ,2
揣,ʈʂʰ,wai,1
揤,tɕ,i,2
揥,tʰ,i,4
揦,l,a,2
揧,l,a,4
揨,ʈʂʰ,ən,2
揩,kʰ,ai,1
揪,tɕ,,1
揫,tɕ,,1
揬,tʰ,u,2
揭,tɕ,je,1
揮,x,,1
揯,k,ən,4
揰,ʈʂʰ,ʊŋ,4
揱,ɕ,jɑʊ,1
揲,t,je,2
揳,ɕ,je,1
援,,yan,2
揵,tɕʰ,jɛn,2
揶,,je,2
揷,ʈʂʰ,a,1
揸,ʈʂ,a,1
揹,p,ei,1
揺,,jɑʊ,2
揻,,,1
揼,p,ɤŋ,g
揽,l,an,3
揾,,,4
揿,tɕʰ,in,4
搀,ʈʂʰ,an,1
搁,k,ɤ,1
搂,l,oʊ,3
搃,ts,ʊŋ,3
搄,k,ən,4
搅,tɕ,jɑʊ,3
搆,k,oʊ,4
搇,tɕʰ,in,4
搈,ʐ,ʊŋ,2
搉,tɕʰ,yɛ,4
搊,ʈʂʰ,oʊ,1
搋,ʈʂʰ,wai,1
搌,ʈʂ,an,3
損,s,,3
搎,s,,1
搏,p,uɔ,2
搐,ʈʂʰ,u,4
搑,ʐ,ʊŋ,2
搒,p,ɑŋ,4
搓,tsʰ,uɔ,1
搔,s,ɑʊ,1
搕,kʰ,ɤ,1
搖,,jɑʊ,2
搗,t,ɑʊ,3
搘,ʈʂ,i,1
搙,n,u,4
搚,l,a,1
搛,tɕ,jɛn,1
搜,s,oʊ,1
搝,tɕʰ,,3
搞,k,ɑʊ,3
搟,ɕ,jɛn,3
搠,ʂ,uɔ,4
搡,s,ɑŋ,3
搢,tɕ,in,4
搣,m,je,4
搤,,ɤ,4
搥,ʈʂʰ,,2
搦,n,uɔ,4
搧,ʂ,an,1
搨,tʰ,a,4
搩,ʈʂ,a,3
搪,tʰ,ɑŋ,2
搫,pʰ,an,2
搬,p,an,1
搭,t,a,1
搮,l,i,4
搯,tʰ,ɑʊ,1
搰,x,u,2
搱,ʈʂ,i,4
搲,,wa,1
搳,x,wa,2
搴,tɕʰ,jɛn,1
搵,,,4
搶,tɕʰ,jɑŋ,3
搷,tʰ,jɛn,2
搸,ʈʂ,ən,1
搹,,ɤ,4
携,ɕ,je,2
搻,n,uɔ,4
搼,tɕʰ,yan,2
搽,ʈʂʰ,a,2
搾,ʈʂ,a,4
搿,k,ɤ,2
摀,,u,3
摁,,ən,4
摂,ʂ,ɤ,4
摃,kʰ,ɑŋ,2
摄,ʂ,ɤ,4
摅,ʂ,u,1
摆,p,ai,3
摇,,jɑʊ,2
摈,p,in,4
摉,s,oʊ,1
摊,tʰ,an,1
摋,s,a,4
摌,ʈʂʰ,an,3
摍,s,uɔ,1
摎,tɕ,,1
摏,ʈʂʰ,ʊŋ,1
摐,ʈʂʰ,wɑŋ,1
摑,k,wai,1
摒,p,iŋ,3
摓,f,ɤŋ,2
摔,ʂ,wai,1
摕,t,i,4
摖,tɕʰ,i,4
摗,s,oʊ,1
摘,ʈʂ,ai,1
摙,l,jɛn,3
摚,ʈʂʰ,ɤŋ,1
摛,ʈʂʰ,i,1
摜,k,wan,4
摝,l,u,4
摞,l,uɔ,4
摟,l,oʊ,3
摠,ts,ʊŋ,3
摡,k,ai,4
摢,x,u,4
摣,ʈʂ,a,1
摤,ʈʂʰ,wɑŋ,3
摥,tʰ,ɑŋ,4
摦,x,wa,4
摧,tsʰ,,1
摨,n,ai,2
摩,m,uɔ,2
摪,tɕ,jɑŋ,1
摫,k,,1
摬,,iŋ,3
摭,ʈʂ,i,2
摮,,ɑʊ,2
摯,ʈʂ,i,4
摰,n,je,4
摱,m,an,4
摲,ʈʂʰ,an,4
摳,kʰ,oʊ,1
摴,ʈʂʰ,u,1
摵,ʂ,ɤ,4
摶,tʰ,wan,2
摷,tɕ,jɑʊ,3
摸,m,uɔ,1
摹,m,uɔ,2
摺,ʈʂ,ɤ,2
摻,tsʰ,an,4
摼,kʰ,ɤŋ,1
摽,p,jɑʊ,1
摾,tɕ,jɑŋ,4
摿,,jɑʊ,2
撀,k,oʊ,4
撁,tɕʰ,jɛn,1
撂,l,jɑʊ,4
撃,tɕ,i,1
撄,,iŋ,1
撅,tɕ,yɛ,1
撆,pʰ,je,1
撇,pʰ,je,1
撈,l,ɑʊ,1
撉,t,,1
撊,ɕ,jɛn,4
撋,ʐ,wan,2
撌,k,,4
撍,ts,an,3
撎,,i,4
撏,ɕ,jɛn,2
撐,ʈʂʰ,ɤŋ,1
撑,ʈʂʰ,ɤŋ,1
撒,s,a,1
撓,n,ɑʊ,2
撔,x,ʊŋ,4
撕,s,i,1
撖,x,an,4
撗,k,wɑŋ,4
撘,t,a,1
撙,ts,,3
撚,n,jɛn,3
撛,l,in,3
撜,ʈʂ,ɤŋ,3
撝,x,,1
撞,ʈʂ,wɑŋ,4
撟,tɕ,jɑʊ,3
撠,tɕ,i,3
撡,tsʰ,ɑʊ,1
撢,t,an,3
撣,t,an,3
撤,ʈʂʰ,ɤ,4
撥,p,uɔ,1
撦,ʈʂʰ,ɤ,3
撧,tɕ,yɛ,1
撨,f,u,3
撩,l,jɑʊ,1
撪,p,ən,4
撫,f,u,3
撬,tɕʰ,jɑʊ,4
播,p,uɔ,1
撮,tsʰ,uɔ,1
撯,ʈʂ,uɔ,2
撰,ʈʂ,wan,4
撱,,,3
撲,pʰ,u,1
撳,tɕʰ,in,4
撴,t,,1
撵,n,jɛn,3
撶,x,wa,2
撷,ɕ,je,2
撸,l,u,1
撹,tɕ,jɑʊ,3
撺,tsʰ,wan,1
撻,tʰ,a,4
撼,x,an,4
撽,tɕʰ,jɑʊ,4
撾,,uɔ,1
撿,tɕ,jɛn,3
擀,k,an,3
擁,,jʊŋ,1
擂,l,ei,2
擃,n,ɑŋ,3
擄,l,u,3
擅,ʂ,an,4
擆,ʈʂ,uɔ,2
擇,ts,ɤ,2
擈,pʰ,u,1
擉,ʈʂʰ,uɔ,4
擊,tɕ,i,1
擋,t,ɑŋ,3
擌,s,ɤ,4
操,tsʰ,ɑʊ,1
擎,tɕʰ,iŋ,2
擏,tɕʰ,iŋ,2
擐,x,wan,4
擑,tɕ,je,1
擒,tɕʰ,in,2
擓,kʰ,wai,3
擔,t,an,1
擕,ɕ,je,2
擖,kʰ,a,1
擗,pʰ,i,3
擘,p,ai,1
擙,,ɑʊ,4
據,tɕ,y,4
擛,,je,4
擜,,ɤ,4
擝,m,ɤŋ,1
擞,s,oʊ,3
擟,m,i,2
擠,tɕ,i,3
擡,tʰ,ai,2
擢,ʈʂ,uɔ,2
擣,t,ɑʊ,3
擤,ɕ,iŋ,3
擥,l,an,3
擦,tsʰ,a,1
擧,tɕ,y,3
擨,,je,2
擩,ʐ,u,3
擪,,je,4
擫,,je,4
擬,n,i,3
擭,,uɔ,4
擮,tɕ,je,2
擯,p,in,4
擰,n,iŋ,2
擱,k,ɤ,1
擲,ʈʂ,i,4
擳,ʈʂ,i,4
擴,kʰ,uɔ,4
擵,m,uɔ,2
擶,tɕ,jɛn,4
擷,ɕ,je,2
擸,l,je,4
擹,tʰ,an,1
擺,p,ai,3
擻,s,oʊ,3
擼,l,u,3
擽,l,yɛ,4
擾,ʐ,ɑʊ,3
擿,tʰ,i,1
攀,pʰ,an,1
攁,,jɑŋ,3
攂,l,ei,4
攃,tsʰ,a,1
攄,ʂ,u,1
攅,ts,an,3
攆,n,jɛn,3
攇,ɕ,jɛn,3
攈,tɕ,yn,4
攉,x,uɔ,1
攊,l,i,4
攋,l,a,4
攌,x,wan,3
攍,,iŋ,2
攎,l,u,2
攏,l,ʊŋ,3
攐,tɕʰ,jɛn,1
攑,tɕʰ,jɛn,1
攒,ts,an,3
攓,tɕʰ,jɛn,1
攔,l,an,2
攕,ɕ,jɛn,1
攖,,iŋ,1
攗,m,ei,2
攘,ʐ,ɑŋ,3
攙,ʈʂʰ,an,1
攚,,,3
攛,tsʰ,wan,1
攜,ɕ,je,2
攝,ʂ,ɤ,4
攞,l,uɔ,2
攟,tɕ,yn,4
攠,m,i,2
攡,ʈʂʰ,i,1
攢,ts,an,3
攣,l,wan,2
攤,tʰ,an,1
攥,ts,wan,4
攦,l,i,4
攧,t,jɛn,1
攨,,wa,1
攩,t,ɑŋ,3
攪,tɕ,jɑʊ,3
攫,tɕ,yɛ,2
攬,l,an,3
攭,l,i,4
攮,n,ɑŋ,3
支,ʈʂ,i,1
攰,k,,4
攱,k,,3
攲,tɕʰ,i,1
攳,ɕ,yn,2
攴,pʰ,u,1
攵,pʰ,u,1
收,ʂ,oʊ,1
攷,kʰ,ɑʊ,3
攸,,,1
改,k,ai,3
攺,,i,3
攻,k,ʊŋ,1
攼,k,an,1
攽,p,an,1
放,f,ɑŋ,4
政,ʈʂ,ɤŋ,4
敀,pʰ,uɔ,4
敁,t,jɛn,1
敂,kʰ,oʊ,4
敃,m,in,3
敄,,u,4
故,k,u,4
敆,x,ɤ,2
敇,tsʰ,ɤ,4
效,ɕ,jɑʊ,4
敉,m,i,3
敊,ʈʂʰ,u,4
敋,k,ɤ,2
敌,t,i,2
敍,ɕ,y,4
敎,tɕ,jɑʊ,4
敏,m,in,3
敐,ʈʂʰ,ən,2
救,tɕ,,4
敒,ʂ,ən,1
敓,t,uɔ,2
敔,,y,3
敕,ʈʂʰ,i,4
敖,,ɑʊ,2
敗,p,ai,4
敘,ɕ,y,4
教,tɕ,jɑʊ,4
敚,t,uɔ,2
敛,l,jɛn,3
敜,n,je,4
敝,p,i,4
敞,ʈʂʰ,ɑŋ,3
敟,t,jɛn,3
敠,t,uɔ,1
敡,,i,4
敢,k,an,3
散,s,an,4
敤,kʰ,ɤ,3
敥,,jɛn,4
敦,t,,1
敧,tɕ,i,1
敨,tʰ,oʊ,3
敩,ɕ,jɑʊ,4
敪,t,uɔ,1
敫,tɕ,jɑʊ,3
敬,tɕ,iŋ,4
敭,,jɑŋ,2
敮,ɕ,ja,2
敯,m,in,3
数,ʂ,u,4
敱,,ai,2
敲,tɕʰ,jɑʊ,1
敳,,ai,2
整,ʈʂ,ɤŋ,3
敵,t,i,2
敶,ʈʂ,ən,4
敷,f,u,1
數,ʂ,u,4
敹,l,jɑʊ,2
敺,tɕʰ,y,1
敻,ɕ,jʊŋ,4
敼,,i,3
敽,tɕ,jɑʊ,3
敾,ʂ,an,4
敿,tɕ,jɑʊ,3
斀,ʈʂ,uɔ,2
斁,,i,4
斂,l,jɛn,3
斃,p,i,4
斄,l,i,2
斅,ɕ,jɑʊ,4
斆,ɕ,jɑʊ,4
文,,,2
斈,ɕ,yɛ,2
斉,tɕʰ,i,2
斊,tɕʰ,i,2
斋,ʈʂ,ai,1
斌,p,in,1
斍,tɕ,yɛ,2
斎,ʈʂ,ai,1
斏,l,ɑŋ,2
斐,f,ei,3
斑,p,an,1
斒,p,an,1
斓,l,an,2
斔,,y,3
斕,l,an,2
斖,,,3
斗,t,oʊ,4
斘,ʂ,ɤŋ,1
料,l,jɑʊ,4
斚,tɕ,ja,3
斛,x,u,2
斜,ɕ,je,2
斝,tɕ,ja,3
斞,,y,3
斟,ʈʂ,ən,1
斠,tɕ,jɑʊ,4
斡,,uɔ,4
斢,tʰ,jɑʊ,3
斣,t,oʊ,4
斤,tɕ,in,1
斥,ʈʂʰ,i,4
斦,,in,2
斧,f,u,3
斨,tɕʰ,jɑŋ,1
斩,ʈʂ,an,3
斪,tɕʰ,y,2
斫,ʈʂ,uɔ,2
斬,ʈʂ,an,3
断,t,wan,4
斮,tsʰ,uɔ,4
斯,s,i,1
新,ɕ,in,1
斱,ʈʂ,uɔ,2
斲,ʈʂ,uɔ,2
斳,tɕʰ,in,2
斴,l,in,2
斵,ʈʂ,uɔ,2
斶,ʈʂʰ,u,4
斷,t,wan,4
斸,ʈʂ,u,3
方,f,ɑŋ,1
斺,ʈʂʰ,an,3
斻,x,ɑŋ,2
於,,y,2
施,ʂ,i,1
斾,pʰ,ei,4
斿,,,2
旀,m,ei,4
旁,pʰ,ɑŋ,2
旂,tɕʰ,i,2
旃,ʈʂ,an,1
旄,m,ɑʊ,2
旅,l,y,3
旆,pʰ,ei,4
旇,pʰ,i,1
旈,l,,2
旉,f,u,1
旊,f,ɑŋ,3
旋,ɕ,yan,2
旌,tɕ,iŋ,1
旍,tɕ,iŋ,1
旎,n,i,3
族,ts,u,2
旐,ʈʂ,ɑʊ,4
旑,,i,3
旒,l,,2
旓,ʂ,ɑʊ,1
旔,tɕ,jɛn,4
旕,,y,2
旖,,i,3
旗,tɕʰ,i,2
旘,ʈʂ,i,4
旙,f,an,1
旚,pʰ,jɑʊ,1
旛,f,an,1
旜,ʈʂ,an,1
旝,kʰ,wai,4
旞,s,,4
旟,,y,2
无,,u,2
旡,tɕ,i,4
既,tɕ,i,4
旣,tɕ,i,4
旤,x,uɔ,4
日,ʐ,i,4
旦,t,an,4
旧,tɕ,,4
旨,ʈʂ,i,3
早,ts,ɑʊ,3
旪,ɕ,je,2
旫,tʰ,jɑʊ,1
旬,ɕ,yn,2
旭,ɕ,y,4
旮,k,a,1
旯,l,a,2
旰,k,an,4
旱,x,an,4
旲,tʰ,ai,2
旳,t,i,4
旴,ɕ,y,1
旵,ʈʂʰ,an,3
时,ʂ,i,2
旷,kʰ,wɑŋ,4
旸,,jɑŋ,2
旹,ʂ,i,2
旺,,wɑŋ,4
旻,m,in,2
旼,m,in,2
旽,tʰ,,1
旾,ʈʂʰ,,1
旿,,u,3
昀,,yn,2
昁,p,ei,4
昂,,ɑŋ,2
昃,ts,ɤ,4
昄,p,an,3
昅,tɕ,je,2
昆,kʰ,,1
昇,ʂ,ɤŋ,1
昈,x,u,4
昉,f,ɑŋ,3
昊,x,ɑʊ,4
昋,k,,4
昌,ʈʂʰ,ɑŋ,1
昍,ɕ,yan,1
明,m,iŋ,2
昏,x,,1
昐,f,ən,1
昑,tɕʰ,in,3
昒,x,u,1
易,,i,4
昔,ɕ,i,1
昕,ɕ,in,1
昖,,jɛn,2
昗,ts,ɤ,4
昘,f,ɑŋ,3
昙,tʰ,an,2
昚,ʂ,ən,4
昛,tɕ,y,4
昜,,jɑŋ,2
昝,ts,an,3
昞,p,iŋ,3
星,ɕ,iŋ,1
映,,iŋ,4
昡,ɕ,yan,4
昢,pʰ,uɔ,4
昣,ʈʂ,ən,3
昤,l,iŋ,2
春,ʈʂʰ,,1
昦,x,ɑʊ,4
昧,m,ei,4
昨,ts,uɔ,2
昩,m,uɔ,4
昪,p,jɛn,4
昫,ɕ,y,4
昬,x,,1
昭,ʈʂ,ɑʊ,1
昮,ts,ʊŋ,4
是,ʂ,i,4
昰,ʂ,i,4
昱,,y,4
昲,f,ei,4
昳,t,je,2
昴,m,ɑʊ,3
昵,n,i,4
昶,ʈʂʰ,ɑŋ,3
昷,,,1
昸,t,ʊŋ,1
昹,,ai,3
昺,p,iŋ,3
昻,,ɑŋ,2
昼,ʈʂ,oʊ,4
昽,l,ʊŋ,2
显,ɕ,jɛn,3
昿,kʰ,wɑŋ,4
晀,tʰ,jɑʊ,3
晁,ʈʂʰ,ɑʊ,2
時,ʂ,i,2
晃,x,wɑŋ,3
晄,x,wɑŋ,3
晅,ɕ,yan,3
晆,kʰ,,2
晇,ɕ,y,1
晈,tɕ,jɑʊ,3
晉,tɕ,in,4
晊,ʈʂ,i,4
晋,tɕ,in,4
晌,ʂ,ɑŋ,3
晍,tʰ,ʊŋ,2
晎,x,ʊŋ,3
晏,,jɛn,4
晐,k,ai,1
晑,ɕ,jɑŋ,3
晒,ʂ,ai,4
晓,ɕ,jɑʊ,3
晔,,je,4
晕,,yn,1
晖,x,,1
晗,x,an,2
晘,x,an,4
晙,tɕ,yn,4
晚,,wan,3
晛,ɕ,jɛn,4
晜,kʰ,,1
晝,ʈʂ,oʊ,4
晞,ɕ,i,1
晟,ʈʂʰ,ɤŋ,2
晠,ʂ,ɤŋ,4
晡,p,u,1
晢,ʈʂ,ɤ,2
晣,ʈʂ,ɤ,2
晤,,u,4
晥,,wan,3
晦,x,,4
晧,x,ɑʊ,4
晨,ʈʂʰ,ən,2
晩,,wan,3
晪,tʰ,jɛn,3
晫,ʈʂ,uɔ,2
晬,ts,,4
晭,ʈʂ,oʊ,3
普,pʰ,u,3
景,tɕ,iŋ,3
晰,ɕ,i,1
晱,ʂ,an,3
晲,n,i,3
晳,ɕ,i,1
晴,tɕʰ,iŋ,2
晵,tɕʰ,i,3
晶,tɕ,iŋ,1
晷,k,,3
晸,ʈʂ,ɤŋ,3
晹,,i,4
智,ʈʂ,i,4
晻,,an,4
晼,,wan,3
晽,l,in,2
晾,l,jɑŋ,4
晿,ʈʂʰ,ɑŋ,1
暀,,wɑŋ,3
暁,ɕ,jɑʊ,3
暂,ts,an,4
暃,f,ei,1
暄,ɕ,yan,1
暅,k,ɤŋ,4
暆,,i,2
暇,ɕ,ja,2
暈,,yn,1
暉,x,,1
暊,ɕ,y,3
暋,m,in,3
暌,kʰ,,2
暍,,je,1
暎,,iŋ,4
暏,ʂ,u,3
暐,,,3
暑,ʂ,u,3
暒,tɕʰ,iŋ,2
暓,m,ɑʊ,4
暔,n,an,2
暕,tɕ,jɛn,3
暖,n,wan,3
暗,,an,4
暘,,jɑŋ,2
暙,ʈʂʰ,,1
暚,,jɑʊ,2
暛,s,uɔ,3
暜,pʰ,u,3
暝,m,iŋ,2
暞,tɕ,jɑʊ,3
暟,kʰ,ai,3
暠,k,ɑʊ,3
暡,,,3
暢,ʈʂʰ,ɑŋ,4
暣,tɕʰ,i,4
暤,x,ɑʊ,4
暥,,jɛn,4
暦,l,i,4
暧,,ai,4
暨,tɕ,i,4
暩,tɕ,i,4
暪,m,ən,4
暫,ts,an,4
暬,ɕ,je,4
暭,x,ɑʊ,4
暮,m,u,4
暯,m,uɔ,4
暰,tsʰ,ʊŋ,1
暱,n,i,4
暲,ʈʂ,ɑŋ,1
暳,x,,4
暴,p,ɑʊ,4
暵,x,an,4
暶,ɕ,yan,2
暷,ʈʂʰ,wan,2
暸,l,jɑʊ,2
暹,ɕ,jɛn,1
暺,tʰ,an,3
暻,tɕ,iŋ,3
暼,pʰ,je,1
暽,l,in,2
暾,tʰ,,1
暿,ɕ,i,3
曀,,i,4
曁,tɕ,i,4
曂,x,wɑŋ,4
曃,t,ai,4
曄,,je,4
曅,,je,4
曆,l,i,4
曇,tʰ,an,2
曈,tʰ,ʊŋ,2
曉,ɕ,jɑʊ,3
曊,f,ei,4
曋,ʂ,ən,3
曌,ʈʂ,ɑʊ,4
曍,x,ɑʊ,4
曎,,i,4
曏,ɕ,jɑŋ,3
曐,ɕ,iŋ,1
曑,ʂ,ən,1
曒,tɕ,jɑʊ,3
曓,p,ɑʊ,4
曔,tɕ,iŋ,4
曕,,jɛn,4
曖,,ai,4
曗,,je,4
曘,ʐ,u,2
曙,ʂ,u,3
曚,m,ɤŋ,2
曛,ɕ,yn,1
曜,,jɑʊ,4
曝,pʰ,u,4
曞,l,i,4
曟,ʈʂʰ,ən,2
曠,kʰ,wɑŋ,4
曡,t,je,2
曢,l,jɑʊ,3
曣,,jɛn,4
曤,x,uɔ,4
曥,l,u,2
曦,ɕ,i,1
曧,ʐ,ʊŋ,2
曨,l,ʊŋ,2
曩,n,ɑŋ,3
曪,l,uɔ,3
曫,l,wan,2
曬,ʂ,ai,4
曭,tʰ,ɑŋ,3
曮,,jɛn,3
曯,ʈʂ,u,2
曰,,yɛ,1
曱,,yɛ,1
曲,tɕʰ,y,1
曳,,je,4
更,k,ɤŋ,4
曵,,je,4
曶,x,u,1
曷,x,ɤ,2
書,ʂ,u,1
曹,tsʰ,ɑʊ,2
曺,tsʰ,ɑʊ,2
曻,ʂ,ɤŋ,1
曼,m,an,4
曽,tsʰ,ɤŋ,1
曾,tsʰ,ɤŋ,2
替,tʰ,i,4
最,ts,,4
朁,tsʰ,an,3
朂,ɕ,y,4
會,x,,4
朄,,in,3
朅,tɕʰ,je,4
朆,f,ən,1
朇,pʰ,i,2
月,,yɛ,4
有,,,3
朊,ʐ,wan,3
朋,pʰ,ɤŋ,2
朌,f,ən,2
服,f,u,2
朎,l,iŋ,2
朏,f,ei,3
朐,tɕʰ,y,2
朑,tʰ,i,4
朒,n,y,4
朓,tʰ,jɑʊ,3
朔,ʂ,uɔ,4
朕,ʈʂ,ən,4
朖,l,ɑŋ,3
朗,l,ɑŋ,3
朘,ts,,1
朙,m,iŋ,2
朚,x,wɑŋ,1
望,,wɑŋ,4
朜,tʰ,,1
朝,ʈʂʰ,ɑʊ,2
朞,tɕ,i,1
期,tɕʰ,i,1
朠,,iŋ,1
朡,ts,ʊŋ,1
朢,,wɑŋ,4
朣,tʰ,ʊŋ,2
朤,l,ɑŋ,3
朥,l,ɑʊ,2
朦,m,ɤŋ,2
朧,l,ʊŋ,2
木,m,u,4
朩,t,ɤŋ,3
未,,,4
末,m,uɔ,4
本,p,ən,3
札,ʈʂ,a,2
朮,ʂ,u,4
术,ʂ,u,4
朰,m,u,4
朱,ʈʂ,u,1
朲,ʐ,ən,2
朳,p,a,1
朴,pʰ,u,3
朵,t,uɔ,3
朶,t,uɔ,3
朷,t,ɑʊ,1
朸,l,i,4
朹,k,,3
机,tɕ,i,1
朻,tɕ,,1
朼,p,i,3
朽,ɕ,,3
朾,ʈʂʰ,ɤŋ,2
朿,tsʰ,i,4
杀,ʂ,a,1
杁,ʐ,u,4
杂,ts,a,2
权,tɕʰ,yan,2
杄,tɕʰ,jɛn,1
杅,,y,2
杆,k,an,1
杇,,u,1
杈,ʈʂʰ,a,1
杉,ʂ,an,1
杊,ɕ,yn,2
杋,f,an,2
杌,,u,4
杍,ts,i,3
李,l,i,3
杏,ɕ,iŋ,4
材,tsʰ,ai,2
村,tsʰ,,1
杒,ʐ,ən,4
杓,p,jɑʊ,1
杔,tʰ,uɔ,1
杕,t,i,4
杖,ʈʂ,ɑŋ,4
杗,m,ɑŋ,2
杘,ʈʂʰ,i,4
杙,,i,4
杚,k,ai,4
杛,k,ʊŋ,1
杜,t,u,4
杝,l,i,2
杞,tɕʰ,i,3
束,ʂ,u,4
杠,k,ɑŋ,1
条,tʰ,jɑʊ,2
杢,tɕ,jɑŋ,g
杣,m,jɛn,2
杤,,wan,4
来,l,ai,2
杦,tɕ,,3
杧,m,ɑŋ,2
杨,,jɑŋ,2
杩,m,a,4
杪,m,jɑʊ,3
杫,s,i,4
杬,,yan,2
杭,x,ɑŋ,2
杮,f,ei,4
杯,p,ei,1
杰,tɕ,je,2
東,t,ʊŋ,1
杲,k,ɑʊ,3
杳,,jɑʊ,3
杴,ɕ,jɛn,1
杵,ʈʂʰ,u,3
杶,ʈʂʰ,,1
杷,pʰ,a,2
杸,ʂ,u,1
杹,x,wa,4
杺,ɕ,in,1
杻,ʈʂʰ,oʊ,3
杼,ʈʂ,u,4
杽,ʈʂʰ,oʊ,3
松,s,ʊŋ,1
板,p,an,3
枀,s,ʊŋ,1
极,tɕ,i,2
枂,,uɔ,4
枃,tɕ,in,4
构,k,oʊ,4
枅,tɕ,i,1
枆,m,ɑʊ,2
枇,pʰ,i,2
枈,p,i,4
枉,,wɑŋ,3
枊,,ɑŋ,4
枋,f,ɑŋ,1
枌,f,ən,2
枍,,i,4
枎,f,u,2
枏,n,an,2
析,ɕ,i,1
枑,x,u,4
枒,,ja,1
枓,t,oʊ,3
枔,ɕ,in,2
枕,ʈʂ,ən,3
枖,,jɑʊ,1
林,l,in,2
枘,ʐ,,4
枙,,ɤ,3
枚,m,ei,2
枛,ʈʂ,ɑʊ,4
果,k,uɔ,3
枝,ʈʂ,i,1
枞,tsʰ,ʊŋ,1
枟,,yn,4
枠,ts,,i
枡,ʂ,ɤŋ,1
枢,ʂ,u,1
枣,ts,ɑʊ,3
枤,t,i,4
枥,l,i,4
枦,l,u,2
枧,tɕ,jɛn,3
枨,ʈʂʰ,ɤŋ,2
枩,s,ʊŋ,1
枪,tɕʰ,jɑŋ,1
枫,f,ɤŋ,1
枬,ʈʂ,an,1
枭,ɕ,jɑʊ,1
枮,ɕ,jɛn,1
枯,kʰ,u,1
枰,pʰ,iŋ,2
枱,tʰ,ai,2
枲,ɕ,i,3
枳,ʈʂ,i,3
枴,k,wai,3
枵,ɕ,jɑʊ,1
架,tɕ,ja,4
枷,tɕ,ja,1
枸,k,oʊ,3
枹,p,ɑʊ,1
枺,m,uɔ,4
枻,,i,4
枼,,je,4
枽,,je,4
枾,ʂ,i,4
枿,n,je,4
柀,p,i,3
柁,t,uɔ,4
柂,,i,2
柃,l,iŋ,2
柄,p,iŋ,3
柅,n,i,3
柆,l,a,1
柇,x,ɤ,2
柈,p,an,4
柉,f,an,2
柊,ʈʂ,ʊŋ,1
柋,t,ai,4
柌,tsʰ,i,2
柍,,jɑŋ,3
柎,f,u,1
柏,p,ai,3
某,m,oʊ,3
柑,k,an,1
柒,tɕʰ,i,1
染,ʐ,an,3
柔,ʐ,oʊ,2
柕,m,ɑʊ,4
柖,ʂ,ɑʊ,2
柗,s,ʊŋ,1
柘,ʈʂ,ɤ,4
柙,ɕ,ja,2
柚,,,4
柛,ʂ,ən,1
柜,k,,4
柝,tʰ,uɔ,4
柞,ʈʂ,a,4
柟,n,an,2
柠,n,iŋ,2
柡,,jʊŋ,3
柢,t,i,3
柣,ʈʂ,i,4
柤,ʈʂ,a,1
查,ʈʂʰ,a,2
柦,t,an,4
柧,k,u,1
柨,p,u,4
柩,tɕ,,4
柪,,ɑʊ,1
柫,f,u,2
柬,tɕ,jɛn,3
柭,p,a,1
柮,t,uɔ,4
柯,kʰ,ɤ,1
柰,n,ai,4
柱,ʈʂ,u,4
柲,p,i,4
柳,l,,3
柴,ʈʂʰ,ai,2
柵,ʂ,an,1
柶,s,i,4
柷,ʈʂʰ,u,4
柸,pʰ,ei,1
柹,ʂ,i,4
柺,k,wai,3
査,ʈʂ,a,1
柼,,jɑʊ,3
柽,ʈʂʰ,ɤŋ,1
柾,tɕ,,4
柿,ʂ,i,4
栀,ʈʂ,i,1
栁,l,,3
栂,m,ei,2
栃,l,i,4
栄,ʐ,ʊŋ,2
栅,ʈʂ,a,4
栆,ts,ɑʊ,3
标,p,jɑʊ,1
栈,ʈʂ,an,4
栉,ʈʂ,i,4
栊,l,ʊŋ,2
栋,t,ʊŋ,4
栌,l,u,2
栍,ʂ,ɤŋ,1
栎,l,i,4
栏,l,an,2
栐,,jʊŋ,3
树,ʂ,u,4
栒,ɕ,yn,2
栓,ʂ,wan,1
栔,tɕʰ,i,4
栕,ʈʂ,ən,1
栖,tɕʰ,i,1
栗,l,i,4
栘,,i,2
栙,ɕ,jɑŋ,2
栚,ʈʂ,ən,4
栛,l,i,4
栜,s,ɤ,4
栝,k,wa,1
栞,kʰ,an,1
栟,p,ən,1
栠,ʐ,ən,3
校,ɕ,jɑʊ,4
栢,p,ai,3
栣,ʐ,ən,3
栤,p,iŋ,4
栥,ts,i,1
栦,ʈʂʰ,oʊ,2
栧,,i,4
栨,tsʰ,i,4
栩,ɕ,y,3
株,ʈʂ,u,1
栫,tɕ,jɛn,4
栬,ts,,4
栭,,,2
栮,,,3
栯,,,3
栰,f,a,2
栱,k,ʊŋ,3
栲,kʰ,ɑʊ,3
栳,l,ɑʊ,3
栴,ʈʂ,an,1
栵,l,je,4
栶,,in,1
样,,jɑŋ,4
核,x,ɤ,2
根,k,ən,1
栺,,i,4
栻,ʂ,i,4
格,k,ɤ,2
栽,ts,ai,1
栾,l,wan,2
栿,f,u,2
桀,tɕ,je,2
桁,x,ɤŋ,2
桂,k,,4
桃,tʰ,ɑʊ,2
桄,k,wɑŋ,1
桅,,,2
框,kʰ,wɑŋ,1
桇,ʐ,u,2
案,,an,4
桉,,an,1
桊,tɕ,yan,4
桋,,i,2
桌,ʈʂ,uɔ,1
桍,kʰ,u,1
桎,ʈʂ,i,4
桏,tɕʰ,jʊŋ,2
桐,tʰ,ʊŋ,2
桑,s,ɑŋ,1
桒,s,ɑŋ,1
桓,x,wan,2
桔,tɕ,y,2
桕,tɕ,,4
桖,ɕ,yɛ,4
桗,t,uɔ,4
桘,ʈʂ,,4
桙,,y,2
桚,ts,an,3
桛,,,
桜,,iŋ,1
桝,tɕ,je,2
桞,l,,3
桟,ʈʂ,an,4
桠,,ja,1
桡,ʐ,ɑʊ,2
桢,ʈʂ,ən,1
档,t,ɑŋ,4
桤,tɕʰ,i,1
桥,tɕʰ,jɑʊ,2
桦,x,wa,4
桧,k,,4
桨,tɕ,jɑŋ,3
桩,ʈʂ,wɑŋ,1
桪,ɕ,yn,2
桫,s,uɔ,1
桬,ʂ,a,1
桭,ʈʂ,ən,1
桮,p,ei,1
桯,tʰ,iŋ,1
桰,kʰ,uɔ,4
桱,tɕ,iŋ,4
桲,pʰ,uɔ,o
桳,p,ən,4
桴,f,u,2
桵,ʐ,,2
桶,tʰ,ʊŋ,3
桷,tɕ,yɛ,2
桸,ɕ,i,1
桹,l,ɑŋ,2
桺,l,,3
桻,f,ɤŋ,1
桼,tɕʰ,i,1
桽,,,3
桾,tɕ,yn,1
桿,k,an,3
梀,s,u,4
梁,l,jɑŋ,2
梂,tɕʰ,,2
梃,tʰ,iŋ,3
梄,,,3
梅,m,ei,2
梆,p,ɑŋ,1
梇,l,ʊŋ,4
梈,pʰ,ɤŋ,1
梉,ʈʂ,wɑŋ,1
梊,t,i,4
梋,ɕ,yan,1
梌,tʰ,u,2
梍,ts,ɑʊ,4
梎,,ɑʊ,1
梏,k,u,4
梐,p,i,4
梑,t,i,2
梒,x,an,2
梓,ts,i,3
梔,ʈʂ,i,1
梕,ʐ,ən,4
梖,p,ei,4
梗,k,ɤŋ,3
梘,tɕ,jɛn,3
梙,x,wan,4
梚,,wan,3
梛,n,uɔ,2
梜,tɕ,ja,1
條,tʰ,jɑʊ,2
梞,tɕ,i,4
梟,ɕ,jɑʊ,1
梠,l,y,3
梡,x,,2
梢,ʂ,ɑʊ,1
梣,tsʰ,ən,2
梤,f,ən,2
梥,s,ʊŋ,1
梦,m,ɤŋ,4
梧,,u,2
梨,l,i,2
梩,l,i,2
梪,t,oʊ,4
梫,tɕʰ,in,3
梬,,iŋ,3
梭,s,uɔ,1
梮,tɕ,y,1
梯,tʰ,i,1
械,ɕ,je,4
梱,kʰ,,3
梲,ʈʂ,uɔ,2
梳,ʂ,u,1
梴,ʈʂʰ,an,1
梵,f,an,4
梶,,,3
梷,tɕ,iŋ,4
梸,l,i,2
梹,p,in,1
梺,ɕ,ja,4
梻,f,uɔ,2
梼,tʰ,ɑʊ,2
梽,ʈʂ,i,4
梾,l,ai,2
梿,l,jɛn,2
检,tɕ,jɛn,3
棁,ʈʂ,uɔ,1
棂,l,iŋ,2
棃,l,i,2
棄,tɕʰ,i,4
棅,p,iŋ,3
棆,l,,2
棇,tsʰ,ʊŋ,1
棈,tɕʰ,jɛn,4
棉,m,jɛn,2
棊,tɕʰ,i,2
棋,tɕʰ,i,2
棌,tsʰ,ai,4
棍,k,,4
棎,ʈʂʰ,an,2
棏,t,ɤ,2
棐,f,ei,3
棑,pʰ,ai,2
棒,p,ɑŋ,4
棓,p,ɑŋ,4
棔,x,,1
棕,ts,ʊŋ,1
棖,ʈʂʰ,ɤŋ,2
棗,ts,ɑʊ,3
棘,tɕ,i,2
棙,l,i,4
棚,pʰ,ɤŋ,2
棛,,y,4
棜,,y,4
棝,k,u,4
棞,tɕ,yn,4
棟,t,ʊŋ,4
棠,tʰ,ɑŋ,2
棡,k,ɑŋ,1
棢,,wɑŋ,3
棣,t,i,4
棤,tsʰ,uɔ,4
棥,f,an,2
棦,ʈʂʰ,ɤŋ,1
棧,ʈʂ,an,4
棨,tɕʰ,i,3
棩,,yan,1
棪,,jɛn,3
棫,,y,4
棬,tɕʰ,yan,1
棭,,i,4
森,s,ən,1
棯,ʐ,ən,3
棰,ʈʂʰ,,2
棱,l,ɤŋ,2
棲,tɕʰ,i,1
棳,ʈʂ,uɔ,1
棴,f,u,2
棵,kʰ,ɤ,1
棶,l,ai,2
棷,ts,oʊ,1
棸,ts,oʊ,1
棹,ʈʂ,ɑʊ,4
棺,k,wan,1
棻,f,ən,1
棼,f,ən,2
棽,ʂ,ən,1
棾,tɕʰ,iŋ,2
棿,n,i,2
椀,,wan,3
椁,k,uɔ,3
椂,l,u,4
椃,x,ɑʊ,2
椄,tɕ,je,1
椅,,i,3
椆,ʈʂʰ,oʊ,2
椇,tɕ,y,3
椈,tɕ,y,2
椉,ʈʂʰ,ɤŋ,2
椊,ts,uɔ,2
椋,l,jɑŋ,2
椌,tɕʰ,jɑŋ,1
植,ʈʂ,i,2
椎,ʈʂʰ,,2
椏,,ja,1
椐,tɕ,y,1
椑,p,ei,1
椒,tɕ,jɑʊ,1
椓,ʈʂ,uɔ,2
椔,ts,i,1
椕,p,in,1
椖,pʰ,ɤŋ,2
椗,t,iŋ,4
椘,ʈʂʰ,u,3
椙,ʈʂʰ,ɑŋ,1
椚,m,ən,1
椛,x,wa,1
検,tɕ,jɛn,3
椝,k,,1
椞,ɕ,i,4
椟,t,u,2
椠,tɕʰ,jɛn,4
椡,t,ɑʊ,4
椢,k,,4
椣,t,jɛn,3
椤,l,uɔ,2
椥,ʈʂ,i,1
椦,tɕʰ,yan,n
椧,m,iŋ,4
椨,f,u,3
椩,k,ɤŋ,1
椪,pʰ,ɤŋ,4
椫,ʂ,an,4
椬,,i,2
椭,tʰ,uɔ,3
椮,s,ən,1
椯,t,uɔ,3
椰,,je,1
椱,f,u,4
椲,,,3
椳,,,1
椴,t,wan,4
椵,tɕ,ja,3
椶,ts,ʊŋ,1
椷,tɕ,jɛn,1
椸,,i,2
椹,ʂ,ən,4
椺,ɕ,i,2
椻,,jɛn,4
椼,,jɛn,3
椽,ʈʂʰ,wan,2
椾,tɕ,jɛn,1
椿,ʈʂʰ,,1
楀,,y,3
楁,x,ɤ,2
楂,ʈʂ,a,1
楃,,uɔ,4
楄,pʰ,jɛn,2
楅,p,i,1
楆,,jɑʊ,1
楇,x,uɔ,4
楈,ɕ,y,1
楉,ʐ,uɔ,4
楊,,jɑŋ,2
楋,l,a,4
楌,,jɛn,2
楍,p,ən,3
楎,x,,1
楏,kʰ,,2
楐,tɕ,je,4
楑,kʰ,,2
楒,s,i,1
楓,f,ɤŋ,1
楔,ɕ,je,1
楕,tʰ,uɔ,3
楖,ʈʂ,i,4
楗,tɕ,jɛn,4
楘,m,u,4
楙,m,ɑʊ,4
楚,ʈʂʰ,u,3
楛,x,u,4
楜,x,u,2
楝,l,jɛn,4
楞,l,ɤŋ,2
楟,tʰ,iŋ,2
楠,n,an,2
楡,,y,2
楢,,,2
楣,m,ei,2
楤,s,ʊŋ,3
楥,ɕ,yan,4
楦,ɕ,yan,4
楧,,jɑŋ,3
楨,ʈʂ,ən,1
楩,pʰ,jɛn,2
楪,,je,4
楫,tɕ,i,2
楬,tɕ,je,2
業,,je,4
楮,ʈʂʰ,u,3
楯,t,,4
楰,,y,2
楱,ts,oʊ,4
楲,,,1
楳,m,ei,2
楴,tʰ,i,4
極,tɕ,i,2
楶,tɕ,je,2
楷,kʰ,ai,3
楸,tɕʰ,,1
楹,,iŋ,2
楺,ʐ,oʊ,3
楻,x,wɑŋ,2
楼,l,oʊ,2
楽,l,ɤ,4
楾,tɕʰ,yan,2
楿,ɕ,jɑŋ,1
榀,pʰ,in,3
榁,ʂ,i,3
概,k,ai,4
榃,tʰ,an,2
榄,l,an,3
榅,,,1
榆,,y,2
榇,ʈʂʰ,ən,4
榈,l,y,2
榉,tɕ,y,3
榊,ʂ,ən,2
榋,ʈʂʰ,u,u
榌,p,i,1
榍,ɕ,je,4
榎,tɕ,ja,3
榏,,i,4
榐,ʈʂ,an,3
榑,f,u,2
榒,n,uɔ,4
榓,m,i,4
榔,l,ɑŋ,2
榕,ʐ,ʊŋ,2
榖,k,u,3
榗,tɕ,jɛn,4
榘,tɕ,y,3
榙,tʰ,a,1
榚,,jɑʊ,3
榛,ʈʂ,ən,1
榜,p,ɑŋ,3
榝,ʂ,a,1
榞,,yan,2
榟,ts,i,3
榠,m,iŋ,2
榡,s,u,4
榢,tɕ,ja,4
榣,,jɑʊ,2
榤,tɕ,je,2
榥,x,wɑŋ,4
榦,k,an,4
榧,f,ei,3
榨,ʈʂ,a,4
榩,tɕʰ,jɛn,2
榪,m,a,4
榫,s,,3
榬,,yan,2
榭,ɕ,je,4
榮,ʐ,ʊŋ,2
榯,ʂ,i,2
榰,ʈʂ,i,1
榱,tsʰ,,1
榲,,,1
榳,tʰ,iŋ,2
榴,l,,2
榵,ʐ,ʊŋ,2
榶,tʰ,ɑŋ,2
榷,tɕʰ,yɛ,4
榸,ʈʂ,ai,1
榹,s,i,1
榺,ʂ,ɤŋ,4
榻,tʰ,a,4
榼,kʰ,ɤ,1
榽,ɕ,i,1
榾,k,u,3
榿,tɕʰ,i,1
槀,k,ɑʊ,3
槁,k,ɑʊ,3
槂,s,,1
槃,pʰ,an,2
槄,tʰ,ɑʊ,1
槅,k,ɤ,2
槆,ʈʂʰ,,1
槇,t,jɛn,1
槈,n,oʊ,4
槉,tɕ,i,2
槊,ʂ,uɔ,4
構,k,oʊ,4
槌,ʈʂʰ,,2
槍,tɕʰ,jɑŋ,1
槎,ʈʂʰ,a,2
槏,tɕʰ,jɛn,3
槐,x,wai,2
槑,m,ei,2
槒,ɕ,y,4
槓,k,ɑŋ,4
槔,k,ɑʊ,1
槕,ʈʂ,uɔ,1
槖,tʰ,uɔ,2
槗,tɕʰ,jɑʊ,2
様,,jɑŋ,4
槙,t,jɛn,1
槚,tɕ,ja,3
槛,kʰ,an,3
槜,ts,,4
槝,t,ɑʊ,3
槞,l,ʊŋ,2
槟,p,in,1
槠,ʈʂ,u,1
槡,s,ɑŋ,1
槢,ɕ,i,2
槣,tɕ,i,1
槤,l,jɛn,2
槥,x,,4
槦,,jʊŋ,1
槧,tɕʰ,jɛn,4
槨,k,uɔ,3
槩,k,ai,4
槪,k,ai,4
槫,tʰ,wan,2
槬,x,wa,4
槭,tɕʰ,i,1
槮,s,ən,1
槯,tsʰ,,1
槰,pʰ,ɤŋ,2
槱,,,3
槲,x,u,2
槳,tɕ,jɑŋ,3
槴,x,u,4
槵,x,wan,4
槶,k,,4
槷,n,je,4
槸,,i,4
槹,k,ɑʊ,1
槺,kʰ,ɑŋ,1
槻,k,,1
槼,k,,1
槽,tsʰ,ɑʊ,2
槾,m,an,4
槿,tɕ,in,3
樀,t,i,2
樁,ʈʂ,wɑŋ,1
樂,l,ɤ,4
樃,l,ɑŋ,3
樄,ʈʂʰ,ən,2
樅,tsʰ,ʊŋ,1
樆,l,i,2
樇,ɕ,,1
樈,tɕʰ,iŋ,2
樉,ʂ,wɑŋ,3
樊,f,an,2
樋,tʰ,ʊŋ,1
樌,k,wan,4
樍,ts,ɤ,2
樎,s,u,4
樏,l,ei,3
樐,l,u,3
樑,l,jɑŋ,2
樒,m,i,4
樓,l,oʊ,2
樔,ʈʂʰ,ɑʊ,2
樕,s,u,4
樖,kʰ,ɤ,1
樗,ʈʂʰ,u,1
樘,tʰ,ɑŋ,2
標,p,jɑʊ,1
樚,l,u,4
樛,tɕ,,1
樜,ʈʂ,ɤ,4
樝,ʈʂ,a,1
樞,ʂ,u,1
樟,ʈʂ,ɑŋ,1
樠,m,an,2
模,m,uɔ,2
樢,n,jɑʊ,3
樣,,jɑŋ,4
樤,tʰ,jɑʊ,2
樥,pʰ,ɤŋ,2
樦,ʈʂ,u,4
樧,ʂ,a,1
樨,ɕ,i,1
権,tɕʰ,yan,2
横,x,ɤŋ,2
樫,tɕ,jɛn,1
樬,tsʰ,ʊŋ,1
樭,tɕ,i,1
樮,,jɛn,1
樯,tɕʰ,jɑŋ,2
樰,ɕ,yɛ,3
樱,,iŋ,1
樲,,,4
樳,ɕ,yn,2
樴,ʈʂ,i,2
樵,tɕʰ,jɑʊ,2
樶,ts,,1
樷,tsʰ,ʊŋ,2
樸,pʰ,u,3
樹,ʂ,u,4
樺,x,wa,4
樻,kʰ,,4
樼,ʈʂ,ən,1
樽,ts,,1
樾,,yɛ,4
樿,ʂ,an,4
橀,ɕ,i,1
橁,ʈʂʰ,,1
橂,t,jɛn,4
橃,f,a,2
橄,k,an,3
橅,m,uɔ,2
橆,,u,3
橇,tɕʰ,jɑʊ,1
橈,ʐ,ɑʊ,2
橉,l,in,4
橊,l,,2
橋,tɕʰ,jɑʊ,2
橌,ɕ,jɛn,4
橍,ʐ,,4
橎,f,an,2
橏,ʈʂ,an,3
橐,tʰ,uɔ,2
橑,l,ɑʊ,3
橒,,yn,2
橓,ʂ,,4
橔,t,,1
橕,ʈʂʰ,ɤŋ,1
橖,tʰ,ɑŋ,2
橗,m,ɤŋ,2
橘,tɕ,y,2
橙,ʈʂʰ,ɤŋ,2
橚,s,u,4
橛,tɕ,yɛ,2
橜,tɕ,yɛ,2
橝,t,jɛn,4
橞,x,,4
機,tɕ,i,1
橠,n,uɔ,3
橡,ɕ,jɑŋ,4
橢,tʰ,uɔ,3
橣,n,iŋ,3
橤,ʐ,,3
橥,ʈʂ,u,1
橦,tʰ,ʊŋ,2
橧,ts,ɤŋ,1
橨,f,ən,2
橩,tɕʰ,jʊŋ,2
橪,ʐ,an,3
橫,x,ɤŋ,2
橬,tɕʰ,jɛn,2
橭,k,u,1
橮,l,,3
橯,l,ɑʊ,4
橰,k,ɑʊ,1
橱,ʈʂʰ,u,2
橲,ɕ,i,3
橳,ʂ,ɤŋ,4
橴,ts,i,3
橵,s,an,n
橶,tɕ,i,2
橷,t,oʊ,1
橸,tɕ,iŋ,1
橹,l,u,3
橺,tɕ,jɛn,n
橻,ʈʂʰ,u,u
橼,,yan,2
橽,tʰ,a,4
橾,ʂ,u,1
橿,tɕ,jɑŋ,1
檀,tʰ,an,2
檁,l,in,3
檂,n,ʊŋ,2
檃,,in,3
檄,ɕ,i,2
檅,x,,4
檆,ʂ,an,1
檇,ts,,4
檈,ɕ,yan,2
檉,ʈʂʰ,ɤŋ,1
檊,k,an,4
檋,tɕ,y,2
檌,ts,,4
檍,,i,4
檎,tɕʰ,in,2
檏,pʰ,u,3
檐,,jɛn,2
檑,l,ei,2
檒,f,ɤŋ,1
檓,x,,3
檔,t,ɑŋ,4
檕,tɕ,i,4
檖,s,,4
檗,p,uɔ,4
檘,pʰ,iŋ,2
檙,ʈʂʰ,ɤŋ,2
檚,ʈʂʰ,u,3
檛,ʈʂ,wa,1
檜,k,,4
檝,tɕ,i,2
檞,tɕ,je,3
檟,tɕ,ja,3
檠,tɕʰ,iŋ,2
檡,ʈʂ,ai,2
檢,tɕ,jɛn,3
檣,tɕʰ,jɑŋ,2
檤,t,ɑʊ,4
檥,,i,3
檦,p,jɑʊ,3
檧,s,ʊŋ,1
檨,ʂ,ɤ,1
檩,l,in,3
檪,l,i,4
檫,ʈʂʰ,a,2
檬,m,ɤŋ,2
檭,,in,2
檮,tʰ,ɑʊ,2
檯,tʰ,ai,2
檰,m,jɛn,2
檱,tɕʰ,i,2
檲,tʰ,wan,2
檳,p,in,1
檴,x,uɔ,4
檵,tɕ,i,4
檶,tɕʰ,jɛn,1
檷,n,i,3
檸,n,iŋ,2
檹,,i,1
檺,k,ɑʊ,3
檻,kʰ,an,3
檼,,in,4
檽,n,oʊ,4
檾,tɕʰ,iŋ,3
檿,,jɛn,3
櫀,tɕʰ,i,2
櫁,m,i,4
櫂,ʈʂ,ɑʊ,4
櫃,k,,4
櫄,ʈʂʰ,,1
櫅,tɕ,i,1
櫆,kʰ,,2
櫇,pʰ,uɔ,2
櫈,t,ɤŋ,4
櫉,ʈʂʰ,u,2
櫊,k,ɤ,2
櫋,m,jɛn,2
櫌,,,1
櫍,ʈʂ,i,4
櫎,x,wɑŋ,3
櫏,tɕʰ,jɛn,1
櫐,l,ei,3
櫑,l,ei,2
櫒,s,a,4
櫓,l,u,3
櫔,l,i,4
櫕,tsʰ,wan,2
櫖,l,y,4
櫗,m,je,4
櫘,x,,4
櫙,,oʊ,1
櫚,l,y,2
櫛,ʈʂ,i,4
櫜,k,ɑʊ,1
櫝,t,u,2
櫞,,yan,2
櫟,l,i,4
櫠,f,ei,4
櫡,ʈʂ,uɔ,2
櫢,s,oʊ,3
櫣,l,jɛn,2
櫤,tɕ,jɑŋ,4
櫥,ʈʂʰ,u,2
櫦,tɕʰ,iŋ,4
櫧,ʈʂ,u,1
櫨,l,u,2
櫩,,jɛn,2
櫪,l,i,4
櫫,ʈʂ,u,1
櫬,ʈʂʰ,ən,4
櫭,tɕ,je,2
櫮,,ɤ,4
櫯,s,u,1
櫰,x,wai,2
櫱,n,je,4
櫲,,y,4
櫳,l,ʊŋ,2
櫴,l,ai,4
櫵,tɕ,jɑʊ,o
櫶,ɕ,jɛn,3
櫷,k,,1
櫸,tɕ,y,3
櫹,ɕ,jɑʊ,1
櫺,l,iŋ,2
櫻,,iŋ,1
櫼,tɕ,jɛn,1
櫽,,in,3
櫾,,,2
櫿,,iŋ,2
欀,ɕ,jɑŋ,1
欁,n,ʊŋ,2
欂,p,uɔ,2
欃,ʈʂʰ,an,2
欄,l,an,2
欅,tɕ,y,3
欆,ʂ,wɑŋ,1
欇,ʂ,ɤ,4
欈,,,2
欉,tsʰ,ʊŋ,2
權,tɕʰ,yan,2
欋,tɕʰ,y,2
欌,tsʰ,ɑŋ,2
欍,tɕ,,4
欎,,y,4
欏,l,uɔ,2
欐,l,i,4
欑,tsʰ,wan,2
欒,l,wan,2
欓,t,ɑŋ,3
欔,tɕ,yɛ,2
欕,,jɛn,2
欖,l,an,3
欗,l,an,2
欘,ʈʂ,u,2
欙,l,ei,2
欚,l,i,3
欛,p,a,4
欜,n,ɑŋ,2
欝,,y,4
欞,l,iŋ,2
欟,k,wɑŋ,g
欠,tɕʰ,jɛn,4
次,tsʰ,i,4
欢,x,wan,1
欣,ɕ,in,1
欤,,y,2
欥,,i,4
欦,tɕʰ,jɛn,1
欧,,oʊ,1
欨,ɕ,y,1
欩,ʈʂʰ,ɑʊ,1
欪,ʈʂʰ,u,4
欫,tɕʰ,i,4
欬,kʰ,ai,4
欭,,i,4
欮,tɕ,yɛ,2
欯,ɕ,i,4
欰,ɕ,y,4
欱,x,ɤ,1
欲,,y,4
欳,kʰ,,4
欴,l,ɑŋ,2
欵,kʰ,wan,3
欶,ʂ,uɔ,4
欷,ɕ,i,1
欸,,ai,1
欹,,i,1
欺,tɕʰ,i,1
欻,ʈʂʰ,wa,1
欼,ʈʂʰ,i,3
欽,tɕʰ,in,1
款,kʰ,wan,3
欿,kʰ,an,3
歀,kʰ,wan,3
歁,kʰ,an,3
歂,ʈʂʰ,wan,3
歃,ʂ,a,4
歄,k,wa,1
歅,,in,1
歆,ɕ,in,1
歇,ɕ,je,1
歈,,y,2
歉,tɕʰ,jɛn,4
歊,ɕ,jɑʊ,1
歋,,je,4
歌,k,ɤ,1
歍,,u,1
歎,tʰ,an,4
歏,tɕ,in,4
歐,,oʊ,1
歑,x,u,1
歒,tʰ,i,4
歓,x,wan,1
歔,ɕ,y,1
歕,pʰ,ən,1
歖,ɕ,i,3
歗,ɕ,jɑʊ,4
歘,ʈʂʰ,wa,1
歙,ʂ,ɤ,4
歚,ʂ,an,4
歛,x,an,1
歜,ʈʂʰ,u,4
歝,,i,4
歞,,ɤ,4
歟,,y,2
歠,ʈʂʰ,uɔ,4
歡,x,wan,1
止,ʈʂ,i,3
正,ʈʂ,ɤŋ,4
此,tsʰ,i,3
步,p,u,4
武,,u,3
歧,tɕʰ,i,2
歨,p,u,4
歩,p,u,4
歪,,wai,1
歫,tɕ,y,4
歬,tɕʰ,jɛn,2
歭,ʈʂʰ,i,2
歮,s,ɤ,4
歯,ʈʂʰ,i,3
歰,s,ɤ,4
歱,ʈʂ,ʊŋ,3
歲,s,,4
歳,s,,4
歴,l,i,4
歵,ts,ɤ,2
歶,,y,2
歷,l,i,4
歸,k,,1
歹,t,ai,3
歺,,ɤ,4
死,s,i,3
歼,tɕ,jɛn,1
歽,ʈʂ,ɤ,2
歾,m,uɔ,4
歿,m,uɔ,4
殀,,jɑʊ,1
殁,m,uɔ,4
殂,tsʰ,u,2
殃,,jɑŋ,1
殄,tʰ,jɛn,3
殅,ʂ,ɤŋ,1
殆,t,ai,4
殇,ʂ,ɑŋ,1
殈,ɕ,y,4
殉,ɕ,yn,4
殊,ʂ,u,1
残,tsʰ,an,2
殌,tɕ,yɛ,2
殍,pʰ,jɑʊ,3
殎,tɕʰ,ja,4
殏,tɕʰ,,2
殐,s,u,4
殑,tɕʰ,iŋ,2
殒,,yn,3
殓,l,jɛn,4
殔,,i,4
殕,f,oʊ,3
殖,ʈʂ,i,2
殗,,je,4
殘,tsʰ,an,2
殙,x,,1
殚,t,an,1
殛,tɕ,i,2
殜,t,je,2
殝,ʈʂ,ən,1
殞,,yn,3
殟,,,1
殠,ʈʂʰ,oʊ,4
殡,p,in,4
殢,tʰ,i,4
殣,tɕ,in,4
殤,ʂ,ɑŋ,1
殥,,in,2
殦,t,jɑʊ,1
殧,tɕ,,4
殨,x,,4
殩,tsʰ,wan,4
殪,,i,4
殫,t,an,1
殬,t,u,4
殭,tɕ,jɑŋ,1
殮,l,jɛn,4
殯,p,in,4
殰,t,u,2
殱,tɕ,jɛn,1
殲,tɕ,jɛn,1
殳,ʂ,u,1
殴,,oʊ,1
段,t,wan,4
殶,ʈʂ,u,4
殷,,in,1
殸,tɕʰ,iŋ,4
殹,,i,4
殺,ʂ,a,1
殻,tɕʰ,jɑʊ,4
殼,kʰ,ɤ,2
殽,ɕ,jɑʊ,2
殾,ɕ,yn,4
殿,t,jɛn,4
毀,x,,3
毁,x,,3
毂,k,u,3
毃,tɕʰ,jɑʊ,1
毄,tɕ,i,1
毅,,i,4
毆,,oʊ,1
毇,x,,3
毈,t,wan,4
毉,,i,1
毊,ɕ,jɑʊ,1
毋,,u,2
毌,k,wan,4
母,m,u,3
毎,m,ei,3
每,m,ei,3
毐,,ai,3
毑,tɕ,je,3
毒,t,u,2
毓,,y,4
比,p,i,3
毕,p,i,4
毖,p,i,4
毗,pʰ,i,2
毘,pʰ,i,2
毙,p,i,4
毚,ʈʂʰ,an,2
毛,m,ɑʊ,2
毜,x,ɑʊ,2
毝,tsʰ,ai,3
毞,pʰ,i,2
毟,l,je,3
毠,tɕ,ja,1
毡,ʈʂ,an,1
毢,s,ai,1
毣,m,u,4
毤,tʰ,uɔ,4
毥,ɕ,yn,2
毦,,,3
毧,ʐ,ʊŋ,2
毨,ɕ,jɛn,3
毩,tɕ,y,2
毪,m,u,2
毫,x,ɑʊ,2
毬,tɕʰ,,2
毭,t,oʊ,4
毮,ʂ,a,1
毯,tʰ,an,3
毰,pʰ,ei,2
毱,tɕ,y,2
毲,t,uɔ,1
毳,tsʰ,,4
毴,p,i,1
毵,s,an,1
毶,s,an,1
毷,m,ɑʊ,4
毸,s,ai,1
毹,ʂ,u,1
毺,ʂ,u,1
毻,tʰ,uɔ,4
毼,x,ɤ,2
毽,tɕ,jɛn,4
毾,tʰ,a,4
毿,s,an,1
氀,l,y,2
氁,m,u,2
氂,m,ɑʊ,2
氃,tʰ,ʊŋ,2
氄,ʐ,ʊŋ,3
氅,ʈʂʰ,ɑŋ,3
氆,pʰ,u,3
氇,l,u,u
氈,ʈʂ,an,1
氉,s,ɑʊ,4
氊,ʈʂ,an,1
氋,m,ɤŋ,2
氌,l,u,3
氍,tɕʰ,y,2
氎,t,je,2
氏,ʂ,i,4
氐,t,i,1
民,m,in,2
氒,tɕ,yɛ,2
氓,m,ɑŋ,2
气,tɕʰ,i,4
氕,pʰ,je,1
氖,n,ai,3
気,tɕʰ,i,4
氘,t,ɑʊ,1
氙,ɕ,jɛn,1
氚,ʈʂʰ,wan,1
氛,f,ən,1
氜,,jɑŋ,2
氝,n,ei,4
氞,p,in,n
氟,f,u,2
氠,ʂ,ən,1
氡,t,ʊŋ,1
氢,tɕʰ,iŋ,1
氣,tɕʰ,i,4
氤,,in,1
氥,ɕ,i,1
氦,x,ai,4
氧,,jɑŋ,3
氨,,an,1
氩,,ja,4
氪,kʰ,ɤ,4
氫,tɕʰ,iŋ,1
氬,,ja,4
氭,t,ʊŋ,1
氮,t,an,4
氯,l,y,4
氰,tɕʰ,iŋ,2
氱,,jɑŋ,3
氲,,yn,1
氳,,yn,1
水,ʂ,,3
氵,ʂ,,i
氶,ʈʂ,ɤŋ,3
氷,p,iŋ,1
永,,jʊŋ,3
氹,t,ɑŋ,4
氺,ʂ,,3
氻,l,ɤ,4
氼,n,i,4
氽,tʰ,,3
氾,f,an,4
氿,k,,3
汀,tʰ,iŋ,1
汁,ʈʂ,i,1
求,tɕʰ,,2
汃,p,in,1
汄,ts,ɤ,4
汅,m,jɛn,3
汆,tsʰ,wan,1
汇,x,,4
汈,t,jɑʊ,1
汉,x,an,4
汊,ʈʂʰ,a,4
汋,ʈʂ,uɔ,2
汌,ʈʂʰ,wan,4
汍,,wan,2
汎,f,an,4
汏,t,a,4
汐,ɕ,i,1
汑,tʰ,uɔ,1
汒,m,ɑŋ,2
汓,tɕʰ,,2
汔,tɕʰ,i,4
汕,ʂ,an,4
汖,pʰ,in,4
汗,x,an,4
汘,tɕʰ,jɛn,1
汙,,u,1
汚,,u,1
汛,ɕ,yn,4
汜,s,i,4
汝,ʐ,u,3
汞,k,ʊŋ,3
江,tɕ,jɑŋ,1
池,ʈʂʰ,i,2
污,,u,1
汢,tʰ,u,u
汣,tɕ,,3
汤,tʰ,ɑŋ,1
汥,ʈʂ,i,1
汦,ʈʂ,i,3
汧,tɕʰ,jɛn,1
汨,m,i,4
汩,k,u,3
汪,,wɑŋ,1
汫,tɕ,iŋ,3
汬,tɕ,iŋ,3
汭,ʐ,,4
汮,tɕ,yn,1
汯,x,ʊŋ,2
汰,tʰ,ai,4
汱,tɕʰ,yan,3
汲,tɕ,i,2
汳,p,jɛn,4
汴,p,jɛn,4
汵,k,an,4
汶,,,4
汷,ʈʂ,ʊŋ,1
汸,f,ɑŋ,1
汹,ɕ,jʊŋ,1
決,tɕ,yɛ,2
汻,x,u,3
汼,n,,2
汽,tɕʰ,i,4
汾,f,ən,2
汿,ɕ,y,4
沀,ɕ,y,4
沁,tɕʰ,in,4
沂,,i,2
沃,,uɔ,4
沄,,yn,2
沅,,yan,2
沆,x,ɑŋ,4
沇,,jɛn,3
沈,ʂ,ən,3
沉,ʈʂʰ,ən,2
沊,t,an,4
沋,,,2
沌,t,,4
沍,x,u,4
沎,x,uɔ,4
沏,tɕʰ,i,1
沐,m,u,4
沑,n,y,4
沒,m,ei,2
沓,t,a,2
沔,m,jɛn,3
沕,m,i,4
沖,ʈʂʰ,ʊŋ,1
沗,pʰ,ɑŋ,1
沘,p,i,3
沙,ʂ,a,1
沚,ʈʂ,i,3
沛,pʰ,ei,4
沜,pʰ,an,4
沝,ʈʂ,,3
沞,ts,a,1
沟,k,oʊ,1
沠,l,,2
没,m,ei,2
沢,ts,ɤ,2
沣,f,ɤŋ,1
沤,,oʊ,1
沥,l,i,4
沦,l,,2
沧,tsʰ,ɑŋ,1
沨,f,ɤŋ,1
沩,,,2
沪,x,u,4
沫,m,uɔ,4
沬,m,ei,4
沭,ʂ,u,4
沮,tɕ,y,3
沯,ts,a,2
沰,tʰ,uɔ,1
沱,tʰ,uɔ,2
沲,tʰ,uɔ,2
河,x,ɤ,2
沴,l,i,4
沵,m,i,3
沶,,i,2
沷,f,a,1
沸,f,ei,4
油,,,2
沺,tʰ,jɛn,2
治,ʈʂ,i,4
沼,ʈʂ,ɑʊ,3
沽,k,u,1
沾,ʈʂ,an,1
沿,,jɛn,2
泀,s,i,1
況,kʰ,wɑŋ,4
泂,tɕ,jʊŋ,3
泃,tɕ,y,1
泄,ɕ,je,4
泅,tɕʰ,,2
泆,,i,4
泇,tɕ,ja,1
泈,ʈʂ,ʊŋ,1
泉,tɕʰ,yan,2
泊,pʰ,uɔ,1
泋,x,,4
泌,m,i,4
泍,p,ən,1
泎,ts,ɤ,2
泏,ʈʂ,u,2
泐,l,ɤ,4
泑,,,1
泒,k,u,1
泓,x,ʊŋ,2
泔,k,an,1
法,f,a,3
泖,m,ɑʊ,3
泗,s,i,4
泘,x,u,1
泙,pʰ,iŋ,2
泚,tsʰ,i,3
泛,f,an,4
泜,ʈʂ,i,1
泝,s,u,4
泞,n,iŋ,4
泟,ʈʂʰ,ɤŋ,1
泠,l,iŋ,2
泡,pʰ,ɑʊ,4
波,p,uɔ,1
泣,tɕʰ,i,4
泤,s,i,4
泥,n,i,2
泦,tɕ,y,2
泧,s,a,4
注,ʈʂ,u,4
泩,ʂ,ɤŋ,1
泪,l,ei,4
泫,ɕ,yan,4
泬,tɕ,yɛ,2
泭,f,u,2
泮,pʰ,an,4
泯,m,in,3
泰,tʰ,ai,4
泱,,jɑŋ,1
泲,tɕ,i,3
泳,,jʊŋ,3
泴,k,wan,4
泵,p,ɤŋ,4
泶,ɕ,yɛ,2
泷,l,ʊŋ,2
泸,l,u,2
泹,t,an,4
泺,l,uɔ,4
泻,ɕ,je,4
泼,pʰ,uɔ,1
泽,ts,ɤ,2
泾,tɕ,iŋ,1
泿,,in,2
洀,pʰ,an,2
洁,tɕ,je,2
洂,,je,4
洃,x,,1
洄,x,,2
洅,ts,ai,4
洆,ʈʂʰ,ɤŋ,2
洇,,in,1
洈,,,2
洉,x,oʊ,4
洊,tɕ,jɛn,4
洋,,jɑŋ,2
洌,l,je,4
洍,s,i,4
洎,tɕ,i,4
洏,,,2
洐,ɕ,iŋ,2
洑,f,u,2
洒,s,a,3
洓,s,ɤ,4
洔,ʈʂ,i,3
洕,,in,4
洖,,u,2
洗,ɕ,i,3
洘,kʰ,ɑʊ,3
洙,ʈʂ,u,1
洚,tɕ,jɑŋ,4
洛,l,uɔ,4
洜,l,uɔ,4
洝,,an,4
洞,t,ʊŋ,4
洟,tʰ,i,4
洠,m,oʊ,2
洡,l,ei,4
洢,,i,1
洣,m,i,3
洤,tɕʰ,yan,2
津,tɕ,in,1
洦,pʰ,uɔ,4
洧,,,3
洨,ɕ,jɑʊ,2
洩,ɕ,je,4
洪,x,ʊŋ,2
洫,ɕ,y,4
洬,s,u,4
洭,kʰ,wɑŋ,1
洮,tʰ,ɑʊ,2
洯,tɕʰ,je,4
洰,tɕ,y,4
洱,,,3
洲,ʈʂ,oʊ,1
洳,ʐ,u,4
洴,pʰ,iŋ,2
洵,ɕ,yn,2
洶,ɕ,jʊŋ,1
洷,ʈʂ,i,4
洸,k,wɑŋ,1
洹,x,wan,2
洺,m,iŋ,2
活,x,uɔ,2
洼,,wa,1
洽,tɕʰ,ja,4
派,pʰ,ai,4
洿,,u,1
浀,tɕʰ,y,1
流,l,,2
浂,,i,4
浃,tɕ,ja,1
浄,tɕ,iŋ,4
浅,tɕʰ,jɛn,3
浆,tɕ,jɑŋ,1
浇,tɕ,jɑʊ,1
浈,ʈʂ,ən,1
浉,ʂ,i,1
浊,ʈʂ,uɔ,2
测,tsʰ,ɤ,4
浌,f,a,2
浍,x,,4
济,tɕ,i,4
浏,l,,2
浐,ʈʂʰ,an,3
浑,x,,2
浒,x,u,3
浓,n,ʊŋ,2
浔,ɕ,yn,2
浕,tɕ,in,4
浖,l,je,4
浗,tɕʰ,,2
浘,,,3
浙,ʈʂ,ɤ,4
浚,tɕ,yn,4
浛,x,an,2
浜,p,ɑŋ,1
浝,m,ɑŋ,2
浞,ʈʂ,uɔ,2
浟,,,2
浠,ɕ,i,1
浡,p,uɔ,2
浢,t,oʊ,4
浣,x,wan,4
浤,x,ʊŋ,2
浥,,i,4
浦,pʰ,u,3
浧,,iŋ,3
浨,l,an,3
浩,x,ɑʊ,4
浪,l,ɑŋ,4
浫,x,an,3
浬,l,i,3
浭,k,ɤŋ,1
浮,f,u,2
浯,,u,2
浰,l,jɛn,4
浱,ʈʂʰ,,2
浲,f,ɤŋ,2
浳,,i,4
浴,,y,4
浵,tʰ,ʊŋ,2
浶,l,ɑʊ,2
海,x,ai,3
浸,tɕ,in,4
浹,tɕ,ja,1
浺,ʈʂʰ,ʊŋ,1
浻,tɕ,jʊŋ,3
浼,m,ei,3
浽,s,,1
浾,ʈʂʰ,ɤŋ,1
浿,pʰ,ei,4
涀,ɕ,jɛn,4
涁,ʂ,ən,4
涂,tʰ,u,2
涃,kʰ,,4
涄,pʰ,iŋ,1
涅,n,je,4
涆,x,an,4
涇,tɕ,iŋ,1
消,ɕ,jɑʊ,1
涉,ʂ,ɤ,4
涊,n,jɛn,3
涋,tʰ,u,1
涌,,jʊŋ,3
涍,ɕ,jɑʊ,4
涎,ɕ,jɛn,2
涏,tʰ,iŋ,3
涐,,ɤ,2
涑,s,u,4
涒,tʰ,,1
涓,tɕ,yan,1
涔,tsʰ,ən,2
涕,tʰ,i,4
涖,l,i,4
涗,ʂ,,4
涘,s,i,4
涙,l,ei,4
涚,ʂ,,4
涛,tʰ,ɑʊ,1
涜,t,u,2
涝,l,ɑʊ,4
涞,l,ai,2
涟,l,jɛn,2
涠,,,2
涡,,uɔ,1
涢,,yn,2
涣,x,wan,4
涤,t,i,2
涥,x,ɤŋ,1
润,ʐ,,4
涧,tɕ,jɛn,4
涨,ʈʂ,ɑŋ,3
涩,s,ɤ,4
涪,f,u,2
涫,k,wan,4
涬,ɕ,iŋ,4
涭,ʂ,oʊ,4
涮,ʂ,wan,4
涯,,ja,2
涰,ʈʂʰ,uɔ,4
涱,ʈʂ,ɑŋ,4
液,,je,4
涳,kʰ,ʊŋ,1
涴,,uɔ,4
涵,x,an,2
涶,tʰ,uɔ,1
涷,t,ʊŋ,1
涸,x,ɤ,2
涹,,uɔ,1
涺,tɕ,y,1
涻,ʂ,ɤ,4
涼,l,jɑŋ,2
涽,x,,1
涾,tʰ,a,4
涿,ʈʂ,uɔ,1
淀,t,jɛn,4
淁,tɕʰ,je,4
淂,t,ɤ,2
淃,tɕ,yan,4
淄,ts,i,1
淅,ɕ,i,1
淆,ɕ,jɑʊ,2
淇,tɕʰ,i,2
淈,k,u,3
淉,k,uɔ,3
淊,,jɛn,1
淋,l,in,2
淌,tʰ,ɑŋ,3
淍,ʈʂ,oʊ,1
淎,pʰ,ɤŋ,3
淏,x,ɑʊ,4
淐,ʈʂʰ,ɑŋ,1
淑,ʂ,u,1
淒,tɕʰ,i,1
淓,f,ɑŋ,1
淔,ʈʂ,i,2
淕,l,u,4
淖,n,ɑʊ,4
淗,tɕ,y,2
淘,tʰ,ɑʊ,2
淙,tsʰ,ʊŋ,2
淚,l,ei,4
淛,ʈʂ,ɤ,4
淜,pʰ,iŋ,2
淝,f,ei,2
淞,s,ʊŋ,1
淟,tʰ,jɛn,3
淠,pʰ,i,4
淡,t,an,4
淢,,y,4
淣,n,i,2
淤,,y,1
淥,l,u,4
淦,k,an,4
淧,m,i,4
淨,tɕ,iŋ,4
淩,l,iŋ,2
淪,l,,2
淫,,in,2
淬,tsʰ,,4
淭,tɕʰ,y,2
淮,x,wai,2
淯,,y,4
淰,n,jɛn,3
深,ʂ,ən,1
淲,p,jɑʊ,1
淳,ʈʂʰ,,2
淴,x,u,1
淵,,yan,1
淶,l,ai,2
混,x,,4
淸,tɕʰ,iŋ,1
淹,,jɛn,1
淺,tɕʰ,jɛn,3
添,tʰ,jɛn,1
淼,m,jɑʊ,3
淽,ʈʂ,i,3
淾,,in,3
淿,p,uɔ,2
渀,p,ən,4
渁,,yan,1
渂,,,4
渃,ʐ,uɔ,4
渄,f,ei,1
清,tɕʰ,iŋ,1
渆,,yan,1
渇,kʰ,ɤ,3
済,tɕ,i,4
渉,ʂ,ɤ,4
渊,,yan,1
渋,s,ɤ,4
渌,l,u,4
渍,ts,i,4
渎,t,u,2
渏,,i,1
渐,tɕ,jɛn,4
渑,m,jɛn,3
渒,pʰ,ai,4
渓,ɕ,i,1
渔,,y,2
渕,,yan,1
渖,ʂ,ən,3
渗,ʂ,ən,4
渘,ʐ,oʊ,2
渙,x,wan,4
渚,ʈʂ,u,3
減,tɕ,jɛn,3
渜,n,wan,3
渝,,y,2
渞,tɕʰ,,2
渟,tʰ,iŋ,2
渠,tɕʰ,y,2
渡,t,u,4
渢,f,an,2
渣,ʈʂ,a,1
渤,p,uɔ,2
渥,,uɔ,4
渦,,uɔ,1
渧,t,i,4
渨,,,1
温,,,1
渪,ʐ,u,2
渫,ɕ,je,4
測,tsʰ,ɤ,4
渭,,,4
渮,x,ɤ,2
港,k,ɑŋ,3
渰,,jɛn,3
渱,x,ʊŋ,2
渲,ɕ,yan,4
渳,m,i,3
渴,kʰ,ɤ,3
渵,m,ɑʊ,2
渶,,iŋ,1
渷,,jɛn,3
游,,,2
渹,x,ʊŋ,1
渺,m,jɑʊ,3
渻,ʂ,ɤŋ,3
渼,m,ei,3
渽,ts,ai,1
渾,x,,2
渿,n,ai,4
湀,k,,3
湁,ʈʂʰ,i,4
湂,,ɤ,4
湃,pʰ,ai,4
湄,m,ei,2
湅,l,jɛn,4
湆,tɕʰ,i,4
湇,tɕʰ,i,4
湈,m,ei,2
湉,tʰ,jɛn,2
湊,tsʰ,oʊ,4
湋,,,2
湌,tsʰ,an,1
湍,tʰ,wan,1
湎,m,jɛn,3
湏,x,,4
湐,m,uɔ,4
湑,ɕ,y,1
湒,tɕ,i,2
湓,pʰ,ən,2
湔,tɕ,jɛn,1
湕,tɕ,jɛn,3
湖,x,u,2
湗,f,ɤŋ,4
湘,ɕ,jɑŋ,1
湙,,i,4
湚,,in,4
湛,ʈʂ,an,4
湜,ʂ,i,2
湝,tɕ,je,1
湞,ʈʂ,ən,1
湟,x,wɑŋ,2
湠,tʰ,an,4
湡,,y,2
湢,p,i,4
湣,m,in,3
湤,ʂ,i,1
湥,tʰ,u,1
湦,ʂ,ɤŋ,1
湧,,jʊŋ,3
湨,tɕ,y,2
湩,t,ʊŋ,4
湪,tʰ,wan,4
湫,tɕ,jɑʊ,3
湬,tɕ,jɑʊ,3
湭,tɕʰ,,2
湮,,jɛn,1
湯,tʰ,ɑŋ,1
湰,l,ʊŋ,2
湱,x,uɔ,4
湲,,yan,2
湳,n,an,3
湴,p,an,4
湵,,,3
湶,tɕʰ,yan,2
湷,ʈʂ,wɑŋ,1
湸,l,jɑŋ,4
湹,ʈʂʰ,an,2
湺,ɕ,jɛn,2
湻,ʈʂʰ,,2
湼,n,je,4
湽,ts,i,1
湾,,wan,1
湿,ʂ,i,1
満,m,an,3
溁,,iŋ,2
溂,l,a,4
溃,kʰ,,4
溄,f,ɤŋ,2
溅,tɕ,jɛn,4
溆,ɕ,y,4
溇,l,oʊ,2
溈,,,2
溉,k,ai,4
溊,p,uɔ,1
溋,,iŋ,2
溌,pʰ,uɔ,1
溍,tɕ,in,4
溎,,jɛn,4
溏,tʰ,ɑŋ,2
源,,yan,2
溑,s,uɔ,3
溒,,yan,2
溓,l,jɛn,2
溔,,jɑʊ,3
溕,m,ɤŋ,2
準,ʈʂ,,3
溗,ʈʂʰ,ɤŋ,2
溘,kʰ,ɤ,4
溙,tʰ,ai,4
溚,tʰ,a,3
溛,,wa,1
溜,l,,1
溝,k,oʊ,1
溞,s,ɑʊ,1
溟,m,iŋ,2
溠,ʈʂ,a,4
溡,ʂ,i,2
溢,,i,4
溣,l,,4
溤,m,a,3
溥,pʰ,u,3
溦,,,1
溧,l,i,4
溨,ts,ai,1
溩,,u,4
溪,ɕ,i,1
溫,,,1
溬,tɕʰ,jɑŋ,1
溭,ts,ɤ,2
溮,ʂ,i,1
溯,s,u,4
溰,,ai,2
溱,tɕʰ,in,2
溲,s,oʊ,1
溳,,yn,2
溴,ɕ,,4
溵,,in,1
溶,ʐ,ʊŋ,2
溷,x,,4
溸,s,u,4
溹,s,uɔ,4
溺,n,i,4
溻,tʰ,a,1
溼,ʂ,i,1
溽,ʐ,u,4
溾,,ai,1
溿,pʰ,an,4
滀,ʈʂʰ,u,4
滁,ʈʂʰ,u,2
滂,pʰ,ɑŋ,1
滃,,,1
滄,tsʰ,ɑŋ,1
滅,m,je,4
滆,k,ɤ,2
滇,t,jɛn,1
滈,x,ɑʊ,4
滉,x,wɑŋ,4
滊,ɕ,i,4
滋,ts,i,1
滌,t,i,2
滍,ʈʂ,i,4
滎,ɕ,iŋ,2
滏,f,u,3
滐,tɕ,je,2
滑,x,wa,2
滒,k,ɤ,1
滓,ts,i,3
滔,tʰ,ɑʊ,1
滕,tʰ,ɤŋ,2
滖,s,,1
滗,p,i,4
滘,tɕ,jɑʊ,4
滙,x,,4
滚,k,,3
滛,,in,2
滜,k,ɑʊ,1
滝,l,ʊŋ,2
滞,ʈʂ,i,4
滟,,jɛn,4
滠,ʂ,ɤ,4
满,m,an,3
滢,,iŋ,2
滣,ʈʂʰ,,2
滤,l,y,4
滥,l,an,4
滦,l,wan,2
滧,,jɑʊ,2
滨,p,in,1
滩,tʰ,an,1
滪,,y,4
滫,ɕ,,3
滬,x,u,4
滭,p,i,4
滮,p,jɑʊ,1
滯,ʈʂ,i,4
滰,tɕ,jɑŋ,4
滱,kʰ,oʊ,4
滲,ʂ,ən,4
滳,ʂ,ɑŋ,1
滴,t,i,1
滵,m,i,4
滶,,ɑʊ,2
滷,l,u,3
滸,x,u,3
滹,x,u,1
滺,,,1
滻,ʈʂʰ,an,3
滼,f,an,4
滽,,jʊŋ,1
滾,k,,3
滿,m,an,3
漀,tɕʰ,iŋ,3
漁,,y,2
漂,pʰ,jɑʊ,1
漃,tɕ,i,4
漄,,ja,2
漅,ʈʂʰ,ɑʊ,2
漆,tɕʰ,i,1
漇,ɕ,i,3
漈,tɕ,i,4
漉,l,u,4
漊,l,oʊ,2
漋,l,ʊŋ,2
漌,tɕ,in,3
漍,k,uɔ,2
漎,tsʰ,ʊŋ,2
漏,l,oʊ,4
漐,ʈʂ,i,2
漑,k,ai,4
漒,tɕʰ,jɑŋ,2
漓,l,i,2
演,,jɛn,3
漕,tsʰ,ɑʊ,2
漖,tɕ,jɑʊ,4
漗,tsʰ,ʊŋ,1
漘,ʈʂʰ,,2
漙,tʰ,wan,2
漚,,oʊ,1
漛,tʰ,ɤŋ,2
漜,,je,3
漝,ɕ,i,2
漞,m,i,4
漟,tʰ,ɑŋ,2
漠,m,uɔ,4
漡,ʂ,ɑŋ,1
漢,x,an,4
漣,l,jɛn,2
漤,l,an,3
漥,,wa,1
漦,ʈʂʰ,i,2
漧,k,an,1
漨,f,ɤŋ,2
漩,ɕ,yan,2
漪,,i,1
漫,m,an,4
漬,ts,i,4
漭,m,ɑŋ,3
漮,kʰ,ɑŋ,1
漯,l,uɔ,4
漰,pʰ,ɤŋ,1
漱,ʂ,u,4
漲,ʈʂ,ɑŋ,3
漳,ʈʂ,ɑŋ,1
漴,ʈʂ,wɑŋ,4
漵,ɕ,y,4
漶,x,wan,4
漷,x,uɔ,3
漸,tɕ,jɛn,4
漹,,jɛn,1
漺,ʂ,wɑŋ,3
漻,l,jɑʊ,2
漼,tsʰ,,3
漽,tʰ,i,2
漾,,jɑŋ,4
漿,tɕ,jɑŋ,1
潀,tsʰ,ʊŋ,2
潁,,iŋ,3
潂,x,ʊŋ,2
潃,ɕ,,3
潄,ʂ,u,4
潅,k,wan,4
潆,,iŋ,2
潇,ɕ,jɑʊ,1
潈,ts,ʊŋ,g
潉,kʰ,,1
潊,ɕ,y,4
潋,l,jɛn,4
潌,ʈʂ,i,4
潍,,,2
潎,pʰ,i,4
潏,,y,4
潐,tɕ,jɑʊ,4
潑,pʰ,uɔ,1
潒,t,ɑŋ,4
潓,x,,4
潔,tɕ,je,2
潕,,u,3
潖,pʰ,a,2
潗,tɕ,i,2
潘,pʰ,an,1
潙,,,2
潚,s,u,4
潛,tɕʰ,jɛn,2
潜,tɕʰ,jɛn,2
潝,ɕ,i,1
潞,l,u,4
潟,ɕ,i,4
潠,ɕ,yn,4
潡,t,,4
潢,x,wɑŋ,2
潣,m,in,3
潤,ʐ,,4
潥,s,u,4
潦,l,ɑʊ,3
潧,ʈʂ,ən,1
潨,tsʰ,ʊŋ,2
潩,,i,4
潪,ʈʂ,ɤ,4
潫,,wan,1
潬,ʂ,an,4
潭,tʰ,an,2
潮,ʈʂʰ,ɑʊ,2
潯,ɕ,yn,2
潰,kʰ,,4
潱,,je,1
潲,ʂ,ɑʊ,4
潳,tʰ,u,2
潴,ʈʂ,u,1
潵,s,a,3
潶,x,ei,1
潷,p,i,4
潸,ʂ,an,1
潹,ʈʂʰ,an,2
潺,ʈʂʰ,an,2
潻,ʂ,u,3
潼,tʰ,ʊŋ,2
潽,pʰ,u,1
潾,l,in,2
潿,,,2
澀,s,ɤ,4
澁,s,ɤ,4
澂,ʈʂʰ,ɤŋ,2
澃,tɕ,jʊŋ,3
澄,ʈʂʰ,ɤŋ,2
澅,x,wa,4
澆,tɕ,jɑʊ,1
澇,l,ɑʊ,4
澈,ʈʂʰ,ɤ,4
澉,k,an,3
澊,tsʰ,,1
澋,x,ʊŋ,4
澌,s,i,1
澍,ʂ,u,4
澎,pʰ,ɤŋ,1
澏,x,an,2
澐,,yn,2
澑,l,,4
澒,x,ʊŋ,4
澓,f,u,2
澔,x,ɑʊ,4
澕,x,ɤ,2
澖,ɕ,jɛn,2
澗,tɕ,jɛn,4
澘,ʂ,an,1
澙,ɕ,i,4
澚,,y,u
澛,l,u,3
澜,l,an,2
澝,n,iŋ,4
澞,,y,2
澟,l,in,3
澠,m,jɛn,3
澡,ts,ɑʊ,3
澢,t,ɑŋ,1
澣,x,wan,4
澤,ts,ɤ,2
澥,ɕ,je,4
澦,,y,4
澧,l,i,3
澨,ʂ,i,4
澩,ɕ,yɛ,2
澪,l,iŋ,2
澫,,wan,4
澬,ts,i,1
澭,,jʊŋ,1
澮,x,,4
澯,tsʰ,an,4
澰,l,jɛn,4
澱,t,jɛn,4
澲,,je,4
澳,,ɑʊ,4
澴,x,wan,2
澵,ʈʂ,ən,1
澶,ʈʂʰ,an,2
澷,m,an,4
澸,t,an,3
澹,t,an,4
澺,,i,4
澻,s,,4
澼,pʰ,i,4
澽,tɕ,y,4
澾,tʰ,a,4
澿,tɕʰ,in,2
激,tɕ,i,1
濁,ʈʂ,uɔ,2
濂,l,jɛn,2
濃,n,ʊŋ,2
濄,k,uɔ,1
濅,tɕ,in,4
濆,f,ən,2
濇,s,ɤ,4
濈,tɕ,i,2
濉,s,,1
濊,x,,4
濋,ʈʂʰ,u,3
濌,tʰ,a,4
濍,s,ʊŋ,1
濎,t,iŋ,3
濏,s,ɤ,4
濐,ʈʂ,u,3
濑,l,ai,4
濒,p,in,1
濓,l,jɛn,2
濔,m,i,3
濕,ʂ,i,1
濖,ʂ,u,4
濗,m,i,4
濘,n,iŋ,4
濙,,iŋ,2
濚,,iŋ,2
濛,m,ɤŋ,2
濜,tɕ,in,4
濝,tɕʰ,i,2
濞,p,i,4
濟,tɕ,i,4
濠,x,ɑʊ,2
濡,ʐ,u,2
濢,tsʰ,,4
濣,,uɔ,4
濤,tʰ,ɑʊ,1
濥,,in,3
濦,,in,3
濧,t,,4
濨,tsʰ,i,2
濩,x,uɔ,4
濪,tɕʰ,iŋ,4
濫,l,an,4
濬,tɕ,yn,4
濭,,ai,3
濮,pʰ,u,2
濯,ʈʂ,uɔ,2
濰,,,2
濱,p,in,1
濲,k,u,3
濳,tɕʰ,jɛn,2
濴,,iŋ,2
濵,p,in,1
濶,kʰ,uɔ,4
濷,f,ei,4
濸,tsʰ,ɑŋ,1
濹,m,ɤ,e
濺,tɕ,jɛn,4
濻,,,3
濼,l,uɔ,4
濽,ts,an,4
濾,l,y,4
濿,l,i,4
瀀,,,1
瀁,,jɑŋ,4
瀂,l,u,3
瀃,s,i,4
瀄,ʈʂ,i,4
瀅,,iŋ,2
瀆,t,u,2
瀇,,wɑŋ,3
瀈,x,,1
瀉,ɕ,je,4
瀊,pʰ,an,2
瀋,ʂ,ən,3
瀌,p,jɑʊ,1
瀍,ʈʂʰ,an,2
瀎,m,uɔ,4
瀏,l,,2
瀐,tɕ,jɛn,1
瀑,pʰ,u,4
瀒,s,ɤ,4
瀓,ʈʂʰ,ɤŋ,2
瀔,k,u,3
瀕,p,in,1
瀖,x,uɔ,4
瀗,ɕ,jɛn,4
瀘,l,u,2
瀙,tɕʰ,in,4
瀚,x,an,4
瀛,,iŋ,2
瀜,ʐ,ʊŋ,2
瀝,l,i,4
瀞,tɕ,iŋ,4
瀟,ɕ,jɑʊ,1
瀠,,iŋ,2
瀡,s,,3
瀢,,,3
瀣,ɕ,je,4
瀤,x,wai,2
瀥,ɕ,yɛ,4
瀦,ʈʂ,u,1
瀧,l,ʊŋ,2
瀨,l,ai,4
瀩,t,,4
瀪,f,an,2
瀫,x,u,2
瀬,l,ai,4
瀭,ʂ,u,1
瀮,l,iŋ,g
瀯,,iŋ,2
瀰,m,i,2
瀱,tɕ,i,4
瀲,l,jɛn,4
瀳,tɕ,jɛn,4
瀴,,iŋ,2
瀵,f,ən,4
瀶,l,in,2
瀷,,i,4
瀸,tɕ,jɛn,1
瀹,,yɛ,4
瀺,ʈʂʰ,an,2
瀻,t,ai,4
瀼,ʐ,ɑŋ,2
瀽,tɕ,jɛn,3
瀾,l,an,2
瀿,f,an,2
灀,ʂ,wɑŋ,4
灁,,yan,1
灂,ʈʂ,uɔ,2
灃,f,ɤŋ,1
灄,ʂ,ɤ,4
灅,l,ei,3
灆,l,an,2
灇,tsʰ,ʊŋ,2
灈,tɕʰ,y,2
灉,,jʊŋ,1
灊,tɕʰ,jɛn,2
灋,f,a,3
灌,k,wan,4
灍,tɕ,yɛ,2
灎,,jɛn,4
灏,x,ɑʊ,4
灐,,iŋ,2
灑,s,a,3
灒,ts,an,4
灓,l,wan,2
灔,,jɛn,4
灕,l,i,2
灖,m,i,3
灗,ʂ,an,4
灘,tʰ,an,1
灙,t,ɑŋ,3
灚,tɕ,jɑʊ,3
灛,ʈʂʰ,an,3
灜,,iŋ,2
灝,x,ɑʊ,4
灞,p,a,4
灟,ʈʂ,u,2
灠,l,an,3
灡,l,an,2
灢,n,ɑŋ,3
灣,,wan,1
灤,l,wan,2
灥,ɕ,yn,2
灦,ɕ,jɛn,3
灧,,jɛn,4
灨,k,an,4
灩,,jɛn,4
灪,,y,4
火,x,uɔ,3
灬,p,jɑʊ,1
灭,m,je,4
灮,k,wɑŋ,1
灯,t,ɤŋ,1
灰,x,,1
灱,ɕ,jɑʊ,1
灲,ɕ,jɑʊ,1
灳,x,,1
灴,x,ʊŋ,1
灵,l,iŋ,2
灶,ts,ɑʊ,4
灷,ʈʂ,wan,4
灸,tɕ,,3
灹,ʈʂ,a,4
灺,ɕ,je,4
灻,ʈʂʰ,i,4
灼,ʈʂ,uɔ,2
災,ts,ai,1
灾,ts,ai,1
灿,tsʰ,an,4
炀,,jɑŋ,2
炁,tɕʰ,i,4
炂,ʈʂ,ʊŋ,1
炃,f,ən,2
炄,n,,3
炅,tɕ,jʊŋ,3
炆,,,2
炇,pʰ,u,1
炈,,i,4
炉,l,u,2
炊,ʈʂʰ,,1
炋,pʰ,i,1
炌,kʰ,ai,4
炍,pʰ,an,4
炎,,jɛn,2
炏,kʰ,ai,4
炐,pʰ,ɑŋ,4
炑,m,u,4
炒,ʈʂʰ,ɑʊ,3
炓,l,jɑʊ,4
炔,k,,4
炕,kʰ,ɑŋ,4
炖,t,,4
炗,k,wɑŋ,1
炘,ɕ,in,1
炙,ʈʂ,i,4
炚,k,wɑŋ,1
炛,k,wɑŋ,1
炜,,,3
炝,tɕʰ,jɑŋ,4
炞,p,jɛn,n
炟,t,a,2
炠,ɕ,ja,2
炡,ʈʂ,ɤŋ,1
炢,ʈʂ,u,2
炣,kʰ,ɤ,3
炤,ʈʂ,ɑʊ,4
炥,f,u,2
炦,p,a,2
炧,ɕ,je,4
炨,ɕ,je,4
炩,l,iŋ,4
炪,ʈʂ,uɔ,1
炫,ɕ,yan,4
炬,tɕ,y,4
炭,tʰ,an,4
炮,pʰ,ɑʊ,4
炯,tɕ,jʊŋ,3
炰,pʰ,ɑʊ,2
炱,tʰ,ai,2
炲,tʰ,ai,2
炳,p,iŋ,3
炴,,jɑŋ,3
炵,tʰ,ʊŋ,1
炶,ʂ,an,3
炷,ʈʂ,u,4
炸,ʈʂ,a,4
点,t,jɛn,3
為,,,4
炻,ʂ,i,2
炼,l,jɛn,4
炽,ʈʂʰ,i,4
炾,x,wɑŋ,3
炿,ʈʂ,oʊ,1
烀,x,u,1
烁,ʂ,uɔ,4
烂,l,an,4
烃,tʰ,iŋ,1
烄,tɕ,jɑʊ,3
烅,ɕ,y,4
烆,x,ɤŋ,2
烇,tɕʰ,yan,3
烈,l,je,4
烉,x,wan,4
烊,,jɑŋ,2
烋,ɕ,,1
烌,ɕ,,1
烍,ɕ,jɛn,3
烎,,in,2
烏,,u,1
烐,ʈʂ,oʊ,1
烑,,jɑʊ,2
烒,ʂ,i,4
烓,,,1
烔,tʰ,ʊŋ,2
烕,m,je,4
烖,ts,ai,1
烗,kʰ,ai,4
烘,x,ʊŋ,1
烙,l,ɑʊ,4
烚,ɕ,ja,2
烛,ʈʂ,u,2
烜,ɕ,yan,3
烝,ʈʂ,ɤŋ,1
烞,pʰ,uɔ,4
烟,,jɛn,1
烠,x,,2
烡,k,wɑŋ,1
烢,ʈʂʰ,ɤ,4
烣,x,,1
烤,kʰ,ɑʊ,3
烥,tɕ,y,4
烦,f,an,2
烧,ʂ,ɑʊ,1
烨,,je,4
烩,x,,4
烪,,,
烫,tʰ,ɑŋ,4
烬,tɕ,in,4
热,ʐ,ɤ,4
烮,l,je,4
烯,ɕ,i,1
烰,f,u,2
烱,tɕ,jʊŋ,3
烲,ɕ,je,4
烳,pʰ,u,3
烴,tʰ,iŋ,1
烵,ʈʂ,uɔ,2
烶,tʰ,iŋ,3
烷,,wan,2
烸,x,ai,3
烹,pʰ,ɤŋ,1
烺,l,ɑŋ,3
烻,,jɛn,4
烼,ɕ,y,4
烽,f,ɤŋ,1
烾,ʈʂʰ,i,4
烿,ʐ,ʊŋ,2
焀,x,u,2
焁,ɕ,i,1
焂,ʂ,u,1
焃,x,ɤ,4
焄,ɕ,yn,1
焅,kʰ,u,4
焆,tɕ,yan,1
焇,ɕ,jɑʊ,1
焈,ɕ,i,1
焉,,jɛn,1
焊,x,an,4
焋,ʈʂ,wɑŋ,4
焌,tɕ,yn,4
焍,t,i,4
焎,ɕ,je,4
焏,tɕ,i,2
焐,,u,4
焑,,jɛn,1
焒,l,y,3
焓,x,an,2
焔,,jɛn,4
焕,x,wan,4
焖,m,ən,4
焗,tɕ,y,2
焘,t,ɑʊ,4
焙,p,ei,4
焚,f,ən,2
焛,l,in,4
焜,kʰ,,1
焝,x,,4
焞,tʰ,,1
焟,ɕ,i,1
焠,tsʰ,,4
無,,u,2
焢,x,ʊŋ,1
焣,ʈʂʰ,ɑʊ,3
焤,f,u,3
焥,,uɔ,4
焦,tɕ,jɑʊ,1
焧,tsʰ,ʊŋ,1
焨,f,ɤŋ,4
焩,pʰ,iŋ,2
焪,tɕʰ,jʊŋ,2
焫,ʐ,uɔ,4
焬,ɕ,i,1
焭,tɕʰ,jʊŋ,2
焮,ɕ,in,4
焯,ʈʂʰ,ɑʊ,1
焰,,jɛn,4
焱,,jɛn,4
焲,,i,4
焳,tɕ,yɛ,2
焴,,y,4
焵,k,ɑŋ,4
然,ʐ,an,2
焷,pʰ,i,2
焸,ɕ,jʊŋ,4
焹,k,ɑŋ,4
焺,ʂ,ɤŋ,1
焻,ʈʂʰ,ɑŋ,4
焼,ʂ,ɑʊ,1
焽,ɕ,jʊŋ,3
焾,n,jɛn,3
焿,k,ɤŋ,1
煀,,,i
煁,ʈʂʰ,ən,2
煂,x,ɤ,4
煃,kʰ,,3
煄,ʈʂ,ʊŋ,3
煅,t,wan,4
煆,ɕ,ja,1
煇,x,,1
煈,f,ɤŋ,4
煉,l,jɛn,4
煊,ɕ,yan,1
煋,ɕ,iŋ,1
煌,x,wɑŋ,2
煍,tɕ,jɑʊ,3
煎,tɕ,jɛn,1
煏,p,i,4
煐,,iŋ,1
煑,ʈʂ,u,3
煒,,,3
煓,tʰ,wan,1
煔,ʂ,an,3
煕,ɕ,i,1
煖,n,wan,3
煗,n,wan,3
煘,ʈʂʰ,an,2
煙,,jɛn,1
煚,tɕ,jʊŋ,3
煛,tɕ,jʊŋ,3
煜,,y,4
煝,m,ei,4
煞,ʂ,a,1
煟,,,4
煠,ʈʂ,a,2
煡,tɕ,in,4
煢,tɕʰ,jʊŋ,2
煣,ʐ,oʊ,2
煤,m,ei,2
煥,x,wan,4
煦,ɕ,y,4
照,ʈʂ,ɑʊ,4
煨,,,1
煩,f,an,2
煪,tɕʰ,,2
煫,s,,4
煬,,jɑŋ,2
煭,l,je,4
煮,ʈʂ,u,3
煯,tɕ,je,1
煰,ts,ɑʊ,4
煱,k,wa,1
煲,p,ɑʊ,1
煳,x,u,2
煴,,yn,1
煵,n,an,3
煶,ʂ,i,4
煷,l,jɑŋ,g
煸,p,jɛn,1
煹,k,oʊ,4
煺,tʰ,,4
煻,tʰ,ɑŋ,2
煼,ʈʂʰ,ɑʊ,3
煽,ʂ,an,1
煾,,ən,1
煿,p,uɔ,2
熀,x,wɑŋ,3
熁,ɕ,je,2
熂,ɕ,i,4
熃,,u,4
熄,ɕ,i,1
熅,,yn,4
熆,x,ɤ,2
熇,x,ɤ,4
熈,ɕ,i,1
熉,,yn,2
熊,ɕ,jʊŋ,2
熋,n,ai,2
熌,ʂ,an,3
熍,tɕʰ,jʊŋ,2
熎,,jɑʊ,4
熏,ɕ,yn,1
熐,m,i,4
熑,l,jɛn,2
熒,,iŋ,2
熓,,u,3
熔,ʐ,ʊŋ,2
熕,k,ʊŋ,1
熖,,jɛn,4
熗,tɕʰ,jɑŋ,4
熘,l,,1
熙,ɕ,i,1
熚,p,i,4
熛,p,jɑʊ,1
熜,tsʰ,ʊŋ,1
熝,l,u,4
熞,tɕ,jɛn,1
熟,ʂ,u,2
熠,,i,4
熡,l,oʊ,2
熢,pʰ,ɤŋ,2
熣,s,,1
熤,,i,4
熥,tʰ,ɤŋ,1
熦,tɕ,yɛ,2
熧,ts,ʊŋ,1
熨,,yn,4
熩,x,u,4
熪,,i,2
熫,ʈʂ,i,4
熬,,ɑʊ,2
熭,,,4
熮,l,,3
熯,x,an,4
熰,,oʊ,1
熱,ʐ,ɤ,4
熲,tɕ,jʊŋ,3
熳,m,an,4
熴,kʰ,,1
熵,ʂ,ɑŋ,1
熶,tsʰ,wan,4
熷,ts,ɤŋ,1
熸,tɕ,jɛn,1
熹,ɕ,i,1
熺,ɕ,i,1
熻,ɕ,i,1
熼,,i,4
熽,ɕ,jɑʊ,4
熾,ʈʂʰ,i,4
熿,x,wɑŋ,2
燀,ʈʂʰ,an,3
燁,,je,4
燂,tʰ,an,2
燃,ʐ,an,2
燄,,jɛn,4
燅,ɕ,yn,2
燆,tɕʰ,jɑʊ,1
燇,tɕ,yn,4
燈,t,ɤŋ,1
燉,t,,4
燊,ʂ,ən,1
燋,tɕ,jɑʊ,1
燌,f,ən,2
燍,s,i,1
燎,l,jɑʊ,2
燏,,y,4
燐,l,in,2
燑,tʰ,ʊŋ,2
燒,ʂ,ɑʊ,1
燓,f,ən,2
燔,f,an,2
燕,,jɛn,4
燖,ɕ,yn,2
燗,l,an,4
燘,m,ei,3
燙,tʰ,ɑŋ,4
燚,,i,4
燛,tɕ,jʊŋ,3
燜,m,ən,4
燝,tɕ,iŋ,g
燞,tɕ,jɑʊ,3
營,,iŋ,2
燠,,y,4
燡,,i,4
燢,ɕ,yɛ,2
燣,l,an,2
燤,tʰ,ai,4
燥,ts,ɑʊ,4
燦,tsʰ,an,4
燧,s,,4
燨,ɕ,i,1
燩,tɕʰ,yɛ,4
燪,ts,ʊŋ,3
燫,l,jɛn,2
燬,x,,3
燭,ʈʂ,u,2
燮,ɕ,je,4
燯,l,iŋ,2
燰,,,1
燱,,i,4
燲,ɕ,je,2
燳,ʈʂ,ɑʊ,4
燴,x,,4
燵,t,a,2
燶,n,ʊŋ,2
燷,l,an,2
燸,ʐ,u,2
燹,ɕ,jɛn,3
燺,x,ɤ,4
燻,ɕ,yn,1
燼,tɕ,in,4
燽,ʈʂʰ,oʊ,2
燾,t,ɑʊ,4
燿,,jɑʊ,4
爀,x,ɤ,4
爁,l,an,4
爂,p,jɑʊ,1
爃,ʐ,ʊŋ,2
爄,l,i,4
爅,m,uɔ,4
爆,p,ɑʊ,4
爇,ʐ,uɔ,4
爈,l,y,4
爉,l,a,4
爊,,ɑʊ,1
爋,ɕ,yn,1
爌,kʰ,wɑŋ,4
爍,ʂ,uɔ,4
爎,l,jɑʊ,2
爏,l,i,4
爐,l,u,2
爑,tɕ,yɛ,2
爒,l,jɑʊ,3
爓,,jɛn,4
爔,ɕ,i,1
爕,ɕ,je,4
爖,l,ʊŋ,2
爗,,je,4
爘,tsʰ,an,1
爙,ʐ,ɑŋ,3
爚,,yɛ,4
爛,l,an,4
爜,tsʰ,ʊŋ,2
爝,tɕ,yɛ,2
爞,ʈʂʰ,ʊŋ,2
爟,k,wan,4
爠,tɕ,y,u
爡,ʈʂʰ,ɤ,4
爢,m,i,2
爣,tʰ,ɑŋ,3
爤,l,an,4
爥,ʈʂ,u,2
爦,l,an,3
爧,l,iŋ,2
爨,tsʰ,wan,4
爩,,y,4
爪,ʈʂ,ɑʊ,3
爫,ʈʂ,ɑʊ,3
爬,pʰ,a,2
爭,ʈʂ,ɤŋ,1
爮,pʰ,ɑʊ,2
爯,ʈʂʰ,ɤŋ,1
爰,,yan,2
爱,,ai,4
爲,,,4
爳,x,an,n
爴,tɕ,yɛ,2
爵,tɕ,yɛ,2
父,f,u,4
爷,,je,2
爸,p,a,4
爹,t,je,1
爺,,je,2
爻,,jɑʊ,2
爼,ts,u,3
爽,ʂ,wɑŋ,3
爾,,,3
爿,pʰ,an,2
牀,ʈʂʰ,wɑŋ,2
牁,kʰ,ɤ,1
牂,ts,ɑŋ,1
牃,t,je,2
牄,tɕʰ,jɑŋ,1
牅,,jʊŋ,1
牆,tɕʰ,jɑŋ,2
片,pʰ,jɛn,4
版,p,an,3
牉,pʰ,an,4
牊,ʈʂʰ,ɑʊ,2
牋,tɕ,jɛn,1
牌,pʰ,ai,2
牍,t,u,2
牎,ʈʂʰ,wɑŋ,1
牏,,y,2
牐,ʈʂ,a,2
牑,p,jɛn,1
牒,t,je,2
牓,p,ɑŋ,3
牔,p,uɔ,2
牕,ʈʂʰ,wɑŋ,1
牖,,,3
牗,,,3
牘,t,u,2
牙,,ja,2
牚,ʈʂʰ,ɤŋ,1
牛,n,,2
牜,n,,2
牝,pʰ,in,4
牞,tɕ,,1
牟,m,oʊ,2
牠,tʰ,a,1
牡,m,u,3
牢,l,ɑʊ,2
牣,ʐ,ən,4
牤,m,ɑŋ,1
牥,f,ɑŋ,1
牦,m,ɑʊ,2
牧,m,u,4
牨,k,ɑŋ,1
物,,u,4
牪,,jɛn,4
牫,k,ɤ,1
牬,p,ei,4
牭,s,i,4
牮,tɕ,jɛn,4
牯,k,u,3
牰,,,4
牱,k,ɤ,1
牲,ʂ,ɤŋ,1
牳,m,u,3
牴,t,i,3
牵,tɕʰ,jɛn,1
牶,tɕʰ,yan,4
牷,tɕʰ,yan,2
牸,ts,i,4
特,tʰ,ɤ,4
牺,ɕ,i,1
牻,m,ɑŋ,2
牼,kʰ,ɤŋ,1
牽,tɕʰ,jɛn,1
牾,,u,3
牿,k,u,4
犀,ɕ,i,1
犁,l,i,2
犂,l,i,2
犃,pʰ,oʊ,3
犄,tɕ,i,1
犅,k,ɑŋ,1
犆,ʈʂ,i,2
犇,p,ən,1
犈,tɕʰ,yan,2
犉,ʈʂʰ,,2
犊,t,u,2
犋,tɕ,y,4
犌,tɕ,ja,1
犍,tɕ,jɛn,1
犎,f,ɤŋ,1
犏,pʰ,jɛn,1
犐,kʰ,ɤ,1
犑,tɕ,y,2
犒,kʰ,ɑʊ,4
犓,ʈʂʰ,u,2
犔,ɕ,i,4
犕,p,ei,4
犖,l,uɔ,4
犗,tɕ,je,4
犘,m,a,2
犙,s,an,1
犚,,,4
犛,m,ɑʊ,2
犜,t,,1
犝,tʰ,ʊŋ,2
犞,tɕʰ,jɑʊ,2
犟,tɕ,jɑŋ,4
犠,ɕ,i,1
犡,l,i,4
犢,t,u,2
犣,l,je,4
犤,pʰ,ai,2
犥,pʰ,jɑʊ,1
犦,p,uɔ,2
犧,ɕ,i,1
犨,ʈʂʰ,oʊ,1
犩,,,2
犪,kʰ,,2
犫,ʈʂʰ,oʊ,1
犬,tɕʰ,yan,3
犭,tɕʰ,yan,3
犮,p,a,2
犯,f,an,4
犰,tɕʰ,,2
犱,tɕ,i,3
犲,ʈʂʰ,ai,2
犳,ʈʂ,uɔ,2
犴,,an,4
犵,k,ɤ,1
状,ʈʂ,wɑŋ,4
犷,k,wɑŋ,3
犸,m,a,4
犹,,,2
犺,kʰ,ɑŋ,4
犻,p,uɔ,2
犼,x,oʊ,3
犽,,ja,4
犾,,in,2
犿,x,wan,1
狀,ʈʂ,wɑŋ,4
狁,,yn,3
狂,kʰ,wɑŋ,2
狃,n,,3
狄,t,i,2
狅,kʰ,wɑŋ,2
狆,ʈʂ,ʊŋ,4
狇,m,u,4
狈,p,ei,4
狉,pʰ,i,1
狊,tɕ,y,2
狋,,i,2
狌,ʂ,ɤŋ,1
狍,pʰ,ɑʊ,2
狎,ɕ,ja,2
狏,tʰ,uɔ,2
狐,x,u,2
狑,l,iŋ,2
狒,f,ei,4
狓,pʰ,i,2
狔,n,i,3
狕,,jɑʊ,3
狖,,,4
狗,k,oʊ,3
狘,ɕ,yɛ,4
狙,tɕ,y,1
狚,t,an,4
狛,p,uɔ,2
狜,kʰ,u,3
狝,ɕ,jɛn,3
狞,n,iŋ,2
狟,x,wan,2
狠,x,ən,3
狡,tɕ,jɑʊ,3
狢,x,ɤ,2
狣,ʈʂ,ɑʊ,4
狤,tɕ,i,2
狥,ɕ,yn,4
狦,ʂ,an,1
狧,tʰ,a,4
狨,ʐ,ʊŋ,2
狩,ʂ,oʊ,4
狪,tʰ,ʊŋ,2
狫,l,ɑʊ,3
独,t,u,2
狭,ɕ,ja,2
狮,ʂ,i,1
狯,kʰ,wai,4
狰,ʈʂ,ɤŋ,1
狱,,y,4
狲,s,,1
狳,,y,2
狴,p,i,4
狵,m,ɑŋ,2
狶,ɕ,i,1
狷,tɕ,yan,4
狸,l,i,2
狹,ɕ,ja,2
狺,,in,2
狻,s,wan,1
狼,l,ɑŋ,2
狽,p,ei,4
狾,ʈʂ,i,4
狿,,jɛn,2
猀,ʂ,a,1
猁,l,i,4
猂,x,an,4
猃,ɕ,jɛn,3
猄,tɕ,iŋ,1
猅,pʰ,ai,2
猆,f,ei,1
猇,ɕ,jɑʊ,1
猈,p,ai,4
猉,tɕʰ,i,2
猊,n,i,2
猋,p,jɑʊ,1
猌,,in,4
猍,l,ai,2
猎,l,je,4
猏,tɕ,jɛn,1
猐,tɕʰ,jɑŋ,1
猑,kʰ,,1
猒,,jɛn,4
猓,k,uɔ,3
猔,ts,ʊŋ,4
猕,m,i,2
猖,ʈʂʰ,ɑŋ,1
猗,,i,1
猘,ʈʂ,i,4
猙,ʈʂ,ɤŋ,1
猚,,ja,2
猛,m,ɤŋ,3
猜,tsʰ,ai,1
猝,tsʰ,u,4
猞,ʂ,ɤ,1
猟,l,je,4
猠,t,jɛn,3
猡,l,uɔ,2
猢,x,u,2
猣,ts,ʊŋ,1
猤,k,,4
猥,,,3
猦,f,ɤŋ,1
猧,,uɔ,1
猨,,yan,2
猩,ɕ,iŋ,1
猪,ʈʂ,u,1
猫,m,ɑʊ,1
猬,,,4
猭,ʈʂʰ,wan,1
献,ɕ,jɛn,4
猯,tʰ,wan,1
猰,,ja,4
猱,n,ɑʊ,2
猲,ɕ,je,1
猳,tɕ,ja,1
猴,x,oʊ,2
猵,p,jɛn,1
猶,,,2
猷,,,2
猸,m,ei,2
猹,ʈʂʰ,a,2
猺,,jɑʊ,2
猻,s,,1
猼,p,uɔ,2
猽,m,iŋ,2
猾,x,wa,2
猿,,yan,2
獀,s,oʊ,1
獁,m,a,4
獂,,yan,2
獃,t,ai,1
獄,,y,4
獅,ʂ,i,1
獆,x,ɑʊ,2
獇,tɕʰ,jɑŋ,1
獈,,i,4
獉,ʈʂ,ən,1
獊,tsʰ,ɑŋ,1
獋,x,ɑʊ,2
獌,m,an,4
獍,tɕ,iŋ,4
獎,tɕ,jɑŋ,3
獏,m,uɔ,4
獐,ʈʂ,ɑŋ,1
獑,ʈʂʰ,an,2
獒,,ɑʊ,2
獓,,ɑʊ,2
獔,x,ɑʊ,2
獕,tsʰ,,1
獖,p,ən,4
獗,tɕ,yɛ,2
獘,p,i,4
獙,p,i,4
獚,x,wɑŋ,2
獛,pʰ,u,2
獜,l,in,2
獝,ɕ,y,4
獞,tʰ,ʊŋ,2
獟,,jɑʊ,4
獠,l,jɑʊ,2
獡,ʂ,uɔ,4
獢,ɕ,jɑʊ,1
獣,ʂ,oʊ,4
獤,t,,1
獥,tɕ,jɑʊ,4
獦,k,ɤ,2
獧,tɕ,yan,4
獨,t,u,2
獩,x,,4
獪,kʰ,wai,4
獫,ɕ,jɛn,3
獬,ɕ,je,4
獭,tʰ,a,3
獮,ɕ,jɛn,3
獯,ɕ,yn,1
獰,n,iŋ,2
獱,p,jɛn,1
獲,x,uɔ,4
獳,n,oʊ,4
獴,m,ɤŋ,3
獵,l,je,4
獶,n,ɑʊ,3
獷,k,wɑŋ,3
獸,ʂ,oʊ,4
獹,l,u,2
獺,tʰ,a,3
獻,ɕ,jɛn,4
獼,m,i,2
獽,ʐ,ɑŋ,2
獾,x,wan,1
獿,n,ɑʊ,3
玀,l,uɔ,2
玁,ɕ,jɛn,3
玂,tɕʰ,i,2
玃,tɕ,yɛ,2
玄,ɕ,yan,2
玅,m,jɑʊ,4
玆,ts,i,1
率,l,y,4
玈,l,u,2
玉,,y,4
玊,s,u,4
王,,wɑŋ,2
玌,tɕʰ,,2
玍,k,a,3
玎,t,iŋ,1
玏,l,ɤ,4
玐,p,a,1
玑,tɕ,i,1
玒,x,ʊŋ,2
玓,t,i,4
玔,ʈʂʰ,wan,4
玕,k,an,1
玖,tɕ,,3
玗,,y,2
玘,tɕʰ,i,3
玙,,y,2
玚,ʈʂʰ,ɑŋ,4
玛,m,a,3
玜,x,ʊŋ,2
玝,,u,3
玞,f,u,1
玟,,,2
玠,tɕ,je,4
玡,,ja,2
玢,p,in,1
玣,p,jɛn,4
玤,p,ɑŋ,4
玥,,yɛ,4
玦,tɕ,yɛ,2
玧,m,ən,2
玨,tɕ,yɛ,2
玩,,wan,2
玪,tɕ,jɛn,1
玫,m,ei,2
玬,t,an,3
玭,pʰ,in,2
玮,,,3
环,x,wan,2
现,ɕ,jɛn,4
玱,tɕʰ,jɑŋ,1
玲,l,iŋ,2
玳,t,ai,4
玴,,i,4
玵,,an,2
玶,pʰ,iŋ,2
玷,t,jɛn,4
玸,f,u,2
玹,ɕ,yan,2
玺,ɕ,i,3
玻,p,uɔ,1
玼,tsʰ,i,3
玽,k,oʊ,3
玾,tɕ,ja,3
玿,ʂ,ɑʊ,2
珀,pʰ,uɔ,4
珁,tsʰ,i,2
珂,kʰ,ɤ,1
珃,ʐ,an,3
珄,ʂ,ɤŋ,1
珅,ʂ,ən,1
珆,,i,2
珇,ts,u,3
珈,tɕ,ja,1
珉,m,in,2
珊,ʂ,an,1
珋,l,,3
珌,p,i,4
珍,ʈʂ,ən,1
珎,ʈʂ,ən,1
珏,tɕ,yɛ,2
珐,f,a,4
珑,l,ʊŋ,2
珒,tɕ,in,1
珓,tɕ,jɑʊ,4
珔,tɕ,jɛn,4
珕,l,i,4
珖,k,wɑŋ,1
珗,ɕ,jɛn,1
珘,ʈʂ,oʊ,1
珙,k,ʊŋ,3
珚,,jɛn,1
珛,ɕ,,4
珜,,jɑŋ,2
珝,ɕ,y,3
珞,l,uɔ,4
珟,s,u,4
珠,ʈʂ,u,1
珡,tɕʰ,in,2
珢,,in,2
珣,ɕ,yn,2
珤,p,ɑʊ,3
珥,,,3
珦,ɕ,jɑŋ,4
珧,,jɑʊ,2
珨,ɕ,ja,2
珩,x,ɑŋ,2
珪,k,,1
珫,ʈʂʰ,ʊŋ,1
珬,ɕ,y,4
班,p,an,1
珮,pʰ,ei,4
珯,l,ɑʊ,3
珰,t,ɑŋ,1
珱,,iŋ,1
珲,x,,1
珳,,,2
珴,,ɤ,2
珵,ʈʂʰ,ɤŋ,2
珶,t,i,4
珷,,u,3
珸,,u,2
珹,ʈʂʰ,ɤŋ,2
珺,tɕ,yn,4
珻,m,ei,2
珼,p,ei,4
珽,tʰ,iŋ,3
現,ɕ,jɛn,4
珿,ʈʂʰ,u,4
琀,x,an,2
琁,ɕ,yan,2
琂,,jɛn,2
球,tɕʰ,,2
琄,ɕ,yan,4
琅,l,ɑŋ,2
理,l,i,3
琇,ɕ,,4
琈,f,u,2
琉,l,,2
琊,,ja,2
琋,ɕ,i,1
琌,l,iŋ,2
琍,l,i,2
琎,tɕ,in,4
琏,l,jɛn,3
琐,s,uɔ,3
琑,s,uɔ,3
琒,f,ɤŋ,1
琓,,wan,2
琔,t,jɛn,4
琕,pʰ,in,2
琖,ʈʂ,an,3
琗,s,ɤ,4
琘,m,in,2
琙,,y,4
琚,tɕ,y,1
琛,ʈʂʰ,ən,1
琜,l,ai,2
琝,m,in,2
琞,ʂ,ɤŋ,4
琟,,,2
琠,tʰ,jɛn,3
琡,ʈʂʰ,u,4
琢,ts,uɔ,2
琣,p,ɤŋ,3
琤,ʈʂʰ,ɤŋ,1
琥,x,u,3
琦,tɕʰ,i,2
琧,,ɤ,4
琨,kʰ,,1
琩,ʈʂʰ,ɑŋ,1
琪,tɕʰ,i,2
琫,p,ɤŋ,3
琬,,wan,3
琭,l,u,4
琮,tsʰ,ʊŋ,2
琯,k,wan,3
琰,,jɛn,3
琱,t,jɑʊ,1
琲,p,ei,4
琳,l,in,2
琴,tɕʰ,in,2
琵,pʰ,i,2
琶,pʰ,a,2
琷,tɕʰ,yɛ,4
琸,ʈʂ,uɔ,2
琹,tɕʰ,in,2
琺,f,a,4
琻,tɕ,in,1
琼,tɕʰ,jʊŋ,2
琽,t,u,3
琾,tɕ,je,4
琿,x,,2
瑀,,y,3
瑁,m,ɑʊ,4
瑂,m,ei,2
瑃,ʈʂʰ,,1
瑄,ɕ,yan,1
瑅,tʰ,i,2
瑆,ɕ,iŋ,1
瑇,t,ai,4
瑈,ʐ,oʊ,2
瑉,m,in,2
瑊,tɕ,jɛn,1
瑋,,,3
瑌,ʐ,wan,3
瑍,x,wan,4
瑎,ɕ,je,2
瑏,ʈʂʰ,wan,1
瑐,tɕ,jɛn,3
瑑,ʈʂ,wan,4
瑒,ʈʂʰ,ɑŋ,4
瑓,l,jɛn,4
瑔,tɕʰ,yan,2
瑕,ɕ,ja,2
瑖,t,wan,4
瑗,,yan,4
瑘,,ja,2
瑙,n,ɑʊ,3
瑚,x,u,2
瑛,,iŋ,1
瑜,,y,2
瑝,x,wɑŋ,2
瑞,ʐ,,4
瑟,s,ɤ,4
瑠,l,,2
瑡,ʂ,i,1
瑢,ʐ,ʊŋ,2
瑣,s,uɔ,3
瑤,,jɑʊ,2
瑥,,,1
瑦,,u,3
瑧,ʈʂ,ən,1
瑨,tɕ,in,4
瑩,,iŋ,2
瑪,m,a,3
瑫,tʰ,ɑʊ,1
瑬,l,,2
瑭,tʰ,ɑŋ,2
瑮,l,i,4
瑯,l,ɑŋ,2
瑰,k,,1
瑱,ʈʂ,ən,4
瑲,tɕʰ,jɑŋ,1
瑳,tsʰ,uɔ,1
瑴,tɕ,yɛ,2
瑵,ʈʂ,ɑʊ,3
瑶,,jɑʊ,2
瑷,,ai,4
瑸,p,in,1
瑹,ʂ,u,1
瑺,ʈʂʰ,ɑŋ,2
瑻,kʰ,,1
瑼,ʈʂ,wan,1
瑽,tsʰ,ʊŋ,1
瑾,tɕ,in,3
瑿,,i,1
璀,tsʰ,,3
璁,tsʰ,ʊŋ,1
璂,tɕʰ,i,2
璃,l,i,2
璄,tɕ,iŋ,3
璅,s,uɔ,3
璆,tɕʰ,,2
璇,ɕ,yan,2
璈,,ɑʊ,2
璉,l,jɛn,3
璊,m,ən,2
璋,ʈʂ,ɑŋ,1
璌,,in,2
璍,,je,4
璎,,iŋ,1
璏,,,4
璐,l,u,4
璑,,u,2
璒,t,ɤŋ,1
璓,ɕ,,4
璔,ts,ɤŋ,1
璕,ɕ,yn,2
璖,tɕʰ,y,2
璗,t,ɑŋ,4
璘,l,in,2
璙,l,jɑʊ,2
璚,tɕʰ,jʊŋ,2
璛,s,u,4
璜,x,wɑŋ,2
璝,k,,1
璞,pʰ,u,2
璟,tɕ,iŋ,3
璠,f,an,2
璡,tɕ,in,4
璢,l,,2
璣,tɕ,i,1
璤,x,,4
璥,tɕ,iŋ,3
璦,,ai,4
璧,p,i,4
璨,tsʰ,an,4
璩,tɕʰ,y,2
璪,ts,ɑʊ,3
璫,t,ɑŋ,1
璬,tɕ,jɑʊ,3
璭,k,,4
璮,tʰ,an,3
璯,x,,4
環,x,wan,2
璱,s,ɤ,4
璲,s,,4
璳,tʰ,jɛn,2
璴,ʈʂʰ,u,3
璵,,y,2
璶,tɕ,in,4
璷,l,u,2
璸,p,in,1
璹,ʂ,u,2
璺,,,4
璻,ts,,3
璼,l,an,2
璽,ɕ,i,3
璾,ts,i,1
璿,ɕ,yan,2
瓀,ʐ,wan,3
瓁,,uɔ,4
瓂,k,ai,4
瓃,l,ei,2
瓄,t,u,2
瓅,l,i,4
瓆,ʈʂ,i,4
瓇,ʐ,oʊ,2
瓈,l,i,2
瓉,ts,an,4
瓊,tɕʰ,jʊŋ,2
瓋,tʰ,i,4
瓌,k,,1
瓍,s,,2
瓎,l,a,4
瓏,l,ʊŋ,2
瓐,l,u,2
瓑,l,i,4
瓒,ts,an,4
瓓,l,an,4
瓔,,iŋ,1
瓕,m,i,2
瓖,ɕ,jɑŋ,1
瓗,tɕʰ,jʊŋ,2
瓘,k,wan,4
瓙,t,ɑʊ,4
瓚,ts,an,4
瓛,x,wan,2
瓜,k,wa,1
瓝,p,uɔ,2
瓞,t,je,2
瓟,p,uɔ,2
瓠,x,u,4
瓡,ʈʂ,i,2
瓢,pʰ,jɑʊ,2
瓣,p,an,4
瓤,ʐ,ɑŋ,2
瓥,l,i,4
瓦,,wa,3
瓧,,,
瓨,ɕ,jɑŋ,2
瓩,tɕʰ,jɛn,1
瓪,p,an,3
瓫,pʰ,ən,2
瓬,f,ɑŋ,3
瓭,t,an,3
瓮,,,4
瓯,,oʊ,1
瓰,,,
瓱,,,
瓲,,wa,a
瓳,x,u,2
瓴,l,iŋ,2
瓵,,i,2
瓶,pʰ,iŋ,2
瓷,tsʰ,i,2
瓸,p,ai,3
瓹,tɕ,yan,1
瓺,ʈʂʰ,ɑŋ,2
瓻,ʈʂʰ,i,1
瓼,,,
瓽,t,ɑŋ,4
瓾,m,ɤŋ,3
瓿,p,u,4
甀,ʈʂ,,4
甁,pʰ,iŋ,2
甂,p,jɛn,1
甃,ʈʂ,oʊ,4
甄,ʈʂ,ən,1
甅,,,
甆,tsʰ,i,2
甇,,iŋ,1
甈,tɕʰ,i,4
甉,ɕ,jɛn,2
甊,l,oʊ,3
甋,t,i,4
甌,,oʊ,1
甍,m,ɤŋ,2
甎,ʈʂ,wan,1
甏,p,ɤŋ,4
甐,l,in,4
甑,ts,ɤŋ,4
甒,,u,3
甓,pʰ,i,4
甔,t,an,1
甕,,,4
甖,,iŋ,1
甗,,jɛn,3
甘,k,an,1
甙,t,ai,4
甚,ʂ,ən,4
甛,tʰ,jɛn,2
甜,tʰ,jɛn,2
甝,x,an,2
甞,ʈʂʰ,ɑŋ,2
生,ʂ,ɤŋ,1
甠,tɕʰ,iŋ,2
甡,ʂ,ən,1
產,ʈʂʰ,an,3
産,ʈʂʰ,an,3
甤,ʐ,,2
甥,ʂ,ɤŋ,1
甦,s,u,1
甧,ʂ,ən,1
用,,jʊŋ,4
甩,ʂ,wai,3
甪,l,u,4
甫,f,u,3
甬,,jʊŋ,3
甭,p,ɤŋ,2
甮,f,ɤŋ,4
甯,n,iŋ,2
田,tʰ,jɛn,2
由,,,2
甲,tɕ,ja,3
申,ʂ,ən,1
甴,ʈʂ,a,2
电,t,jɛn,4
甶,f,u,2
男,n,an,2
甸,t,jɛn,1
甹,pʰ,iŋ,1
町,tʰ,iŋ,1
画,x,wa,4
甼,tʰ,iŋ,3
甽,ʈʂ,ən,4
甾,ts,ai,1
甿,m,ɤŋ,2
畀,p,i,4
畁,p,i,4
畂,l,,4
畃,ɕ,yn,2
畄,l,,2
畅,ʈʂʰ,ɑŋ,4
畆,m,u,3
畇,,yn,2
畈,f,an,4
畉,f,u,2
畊,k,ɤŋ,1
畋,tʰ,jɛn,2
界,tɕ,je,4
畍,tɕ,je,4
畎,tɕʰ,yan,3
畏,,,4
畐,f,u,2
畑,tʰ,jɛn,2
畒,m,u,3
畓,t,uɔ,1
畔,pʰ,an,4
畕,tɕ,jɑŋ,1
畖,,wa,1
畗,t,a,2
畘,n,an,2
留,l,,2
畚,p,ən,3
畛,ʈʂ,ən,3
畜,ʈʂʰ,u,4
畝,m,u,3
畞,m,u,3
畟,tsʰ,ɤ,4
畠,tʰ,jɛn,2
畡,k,ai,1
畢,p,i,4
畣,t,a,2
畤,ʈʂ,i,4
略,l,yɛ,4
畦,tɕʰ,i,2
畧,l,yɛ,4
畨,pʰ,an,1
畩,,i,1
番,f,an,1
畫,x,wa,4
畬,ʂ,ɤ,1
畭,,y,2
畮,m,u,3
畯,tɕ,yn,4
異,,i,4
畱,l,,2
畲,ʂ,ɤ,1
畳,t,je,2
畴,ʈʂʰ,oʊ,2
畵,x,wa,4
當,t,ɑŋ,1
畷,ʈʂ,,4
畸,tɕ,i,1
畹,,wan,3
畺,tɕ,jɑŋ,1
畻,ʈʂʰ,ɤŋ,2
畼,ʈʂʰ,ɑŋ,4
畽,tʰ,,3
畾,l,ei,2
畿,tɕ,i,1
疀,ʈʂʰ,a,1
疁,l,,2
疂,t,je,2
疃,tʰ,wan,3
疄,l,in,4
疅,tɕ,jɑŋ,1
疆,tɕ,jɑŋ,1
疇,ʈʂʰ,oʊ,2
疈,pʰ,i,4
疉,t,je,2
疊,t,je,2
疋,pʰ,i,3
疌,tɕ,je,2
疍,t,an,4
疎,ʂ,u,1
疏,ʂ,u,1
疐,ʈʂ,i,4
疑,,i,2
疒,n,ɤ,4
疓,n,ai,3
疔,t,iŋ,1
疕,p,i,3
疖,tɕ,je,1
疗,l,jɑʊ,2
疘,k,ɑŋ,1
疙,k,ɤ,1
疚,tɕ,,4
疛,ʈʂ,oʊ,3
疜,ɕ,ja,4
疝,ʂ,an,4
疞,ɕ,y,1
疟,n,yɛ,4
疠,l,i,4
疡,,jɑŋ,2
疢,ʈʂʰ,ən,4
疣,,,2
疤,p,a,1
疥,tɕ,je,4
疦,tɕ,yɛ,2
疧,tɕʰ,i,2
疨,ɕ,ja,1
疩,tsʰ,,4
疪,p,i,4
疫,,i,4
疬,l,i,4
疭,ts,ʊŋ,4
疮,ʈʂʰ,wɑŋ,1
疯,f,ɤŋ,1
疰,ʈʂ,u,4
疱,pʰ,ɑʊ,4
疲,pʰ,i,2
疳,k,an,1
疴,kʰ,ɤ,1
疵,tsʰ,i,1
疶,ɕ,yɛ,1
疷,ʈʂ,i,1
疸,t,an,3
疹,ʈʂ,ən,3
疺,f,a,2
疻,ʈʂ,i,3
疼,tʰ,ɤŋ,2
疽,tɕ,y,1
疾,tɕ,i,2
疿,f,ei,4
痀,tɕ,y,1
痁,ʂ,an,1
痂,tɕ,ja,1
痃,ɕ,yan,2
痄,ʈʂ,a,4
病,p,iŋ,4
痆,n,je,4
症,ʈʂ,ɤŋ,4
痈,,jʊŋ,1
痉,tɕ,iŋ,4
痊,tɕʰ,yan,2
痋,tʰ,ɤŋ,2
痌,tʰ,ʊŋ,1
痍,,i,2
痎,tɕ,je,1
痏,,,3
痐,x,,2
痑,tʰ,an,1
痒,,jɑŋ,3
痓,ʈʂʰ,i,4
痔,ʈʂ,i,4
痕,x,ən,2
痖,,ja,3
痗,m,ei,4
痘,t,oʊ,4
痙,tɕ,iŋ,4
痚,ɕ,jɑʊ,1
痛,tʰ,ʊŋ,4
痜,tʰ,u,1
痝,m,ɑŋ,2
痞,pʰ,i,3
痟,ɕ,jɑʊ,1
痠,s,wan,1
痡,f,u,1
痢,l,i,4
痣,ʈʂ,i,4
痤,tsʰ,uɔ,2
痥,t,uɔ,2
痦,,u,4
痧,ʂ,a,1
痨,l,ɑʊ,2
痩,ʂ,oʊ,4
痪,x,wan,4
痫,ɕ,jɛn,2
痬,,i,4
痭,p,ɤŋ,1
痮,ʈʂ,ɑŋ,4
痯,k,wan,3
痰,tʰ,an,2
痱,f,ei,4
痲,m,a,2
痳,l,in,2
痴,ʈʂʰ,i,1
痵,tɕ,i,4
痶,tʰ,jɛn,3
痷,,an,1
痸,ʈʂʰ,i,4
痹,p,i,4
痺,p,i,4
痻,m,in,2
痼,k,u,4
痽,t,,1
痾,,ɤ,1
痿,,,3
瘀,,y,1
瘁,tsʰ,,4
瘂,,ja,3
瘃,ʈʂ,u,2
瘄,tsʰ,u,4
瘅,t,an,1
瘆,ʂ,ən,4
瘇,ʈʂ,ʊŋ,3
瘈,ʈʂʰ,i,4
瘉,,y,4
瘊,x,oʊ,2
瘋,f,ɤŋ,1
瘌,l,a,4
瘍,,jɑŋ,2
瘎,ʈʂʰ,ən,2
瘏,tʰ,u,2
瘐,,y,3
瘑,k,uɔ,1
瘒,,,2
瘓,x,wan,4
瘔,kʰ,u,4
瘕,tɕ,ja,3
瘖,,in,1
瘗,,i,4
瘘,l,oʊ,4
瘙,s,ɑʊ,4
瘚,tɕ,yɛ,2
瘛,ʈʂʰ,i,4
瘜,ɕ,i,1
瘝,k,wan,1
瘞,,i,4
瘟,,,1
瘠,tɕ,i,2
瘡,ʈʂʰ,wɑŋ,1
瘢,p,an,1
瘣,x,,4
瘤,l,,2
瘥,ʈʂʰ,ai,4
瘦,ʂ,oʊ,4
瘧,n,yɛ,4
瘨,t,jɛn,1
瘩,t,a,1
瘪,p,je,3
瘫,tʰ,an,1
瘬,ʈʂ,ɑŋ,4
瘭,p,jɑʊ,1
瘮,ʂ,ən,4
瘯,tsʰ,u,4
瘰,l,uɔ,3
瘱,,i,4
瘲,ts,ʊŋ,4
瘳,ʈʂʰ,oʊ,1
瘴,ʈʂ,ɑŋ,4
瘵,ʈʂ,ai,4
瘶,s,oʊ,4
瘷,s,ɤ,4
瘸,tɕʰ,yɛ,2
瘹,t,jɑʊ,4
瘺,l,oʊ,4
瘻,l,oʊ,4
瘼,m,uɔ,4
瘽,tɕʰ,in,2
瘾,,in,3
瘿,,iŋ,3
癀,x,wɑŋ,2
癁,f,u,2
療,l,jɑʊ,2
癃,l,ʊŋ,2
癄,tɕʰ,jɑʊ,2
癅,l,,2
癆,l,ɑʊ,2
癇,ɕ,jɛn,2
癈,f,ei,4
癉,t,an,1
癊,,in,4
癋,x,ɤ,4
癌,,ai,2
癍,p,an,1
癎,ɕ,jɛn,2
癏,k,wan,1
癐,k,,4
癑,n,ʊŋ,4
癒,,y,4
癓,,,2
癔,,i,4
癕,,jʊŋ,1
癖,pʰ,i,3
癗,l,ei,3
癘,l,i,4
癙,ʂ,u,3
癚,t,an,4
癛,l,in,3
癜,t,jɛn,4
癝,l,in,3
癞,l,ai,4
癟,p,je,3
癠,tɕ,i,4
癡,ʈʂʰ,i,1
癢,,jɑŋ,3
癣,ɕ,yan,3
癤,tɕ,je,1
癥,ʈʂ,ɤŋ,1
癦,m,ɤ,e
癧,l,i,4
癨,x,uɔ,4
癩,l,ai,4
癪,tɕ,i,1
癫,t,jɛn,1
癬,ɕ,yan,3
癭,,iŋ,3
癮,,in,3
癯,tɕʰ,y,2
癰,,jʊŋ,1
癱,tʰ,an,1
癲,t,jɛn,1
癳,l,uɔ,3
癴,l,wan,2
癵,l,wan,2
癶,p,uɔ,1
癷,p,uɔ,1
癸,k,,3
癹,p,a,2
発,f,a,1
登,t,ɤŋ,1
發,f,a,1
白,p,ai,2
百,p,ai,3
癿,tɕʰ,je,2
皀,tɕ,i,2
皁,ts,ɑʊ,4
皂,ts,ɑʊ,4
皃,m,ɑʊ,4
的,t,ɤ,e
皅,pʰ,a,1
皆,tɕ,je,1
皇,x,wɑŋ,2
皈,k,,1
皉,tsʰ,i,3
皊,l,iŋ,2
皋,k,ɑʊ,1
皌,m,uɔ,4
皍,tɕ,i,2
皎,tɕ,jɑʊ,3
皏,pʰ,ɤŋ,3
皐,k,ɑʊ,1
皑,,ai,2
皒,,ɤ,2
皓,x,ɑʊ,4
皔,x,an,4
皕,p,i,4
皖,,wan,3
皗,ʈʂʰ,oʊ,2
皘,tɕʰ,jɛn,4
皙,ɕ,i,1
皚,,ai,2
皛,ɕ,jɑʊ,3
皜,x,ɑʊ,4
皝,x,wɑŋ,4
皞,x,ɑʊ,4
皟,ts,ɤ,2
皠,tsʰ,,3
皡,x,ɑʊ,4
皢,ɕ,jɑʊ,3
皣,,je,4
皤,pʰ,uɔ,2
皥,x,ɑʊ,4
皦,tɕ,jɑʊ,3
皧,,ai,4
皨,ɕ,iŋ,1
皩,x,wɑŋ,4
皪,l,i,4
皫,pʰ,jɑʊ,3
皬,x,ɤ,2
皭,tɕ,jɑʊ,4
皮,pʰ,i,2
皯,k,an,3
皰,pʰ,ɑʊ,4
皱,ʈʂ,oʊ,4
皲,tɕ,yn,1
皳,tɕʰ,,2
皴,tsʰ,,1
皵,tɕʰ,yɛ,4
皶,ʈʂ,a,1
皷,k,u,3
皸,tɕ,yn,1
皹,tɕ,yn,1
皺,ʈʂ,oʊ,4
皻,ʈʂ,a,1
皼,k,u,3
皽,ʈʂ,ɑʊ,1
皾,t,u,2
皿,m,in,3
盀,tɕʰ,i,3
盁,,iŋ,2
盂,,y,2
盃,p,ei,1
盄,ʈʂ,ɑʊ,1
盅,ʈʂ,ʊŋ,1
盆,pʰ,ən,2
盇,x,ɤ,2
盈,,iŋ,2
盉,x,ɤ,2
益,,i,4
盋,p,uɔ,1
盌,,wan,3
盍,x,ɤ,2
盎,,ɑŋ,4
盏,ʈʂ,an,3
盐,,jɛn,2
监,tɕ,jɛn,1
盒,x,ɤ,2
盓,,y,1
盔,kʰ,,1
盕,f,an,4
盖,k,ai,4
盗,t,ɑʊ,4
盘,pʰ,an,2
盙,f,u,3
盚,tɕʰ,,2
盛,ʂ,ɤŋ,4
盜,t,ɑʊ,4
盝,l,u,4
盞,ʈʂ,an,3
盟,m,ɤŋ,2
盠,l,i,2
盡,tɕ,in,3
盢,ɕ,y,4
監,tɕ,jɛn,1
盤,pʰ,an,2
盥,k,wan,4
盦,,an,1
盧,l,u,2
盨,ɕ,y,3
盩,ʈʂ,oʊ,1
盪,t,ɑŋ,4
盫,,an,1
盬,k,u,3
盭,l,i,4
目,m,u,4
盯,t,iŋ,1
盰,k,an,4
盱,ɕ,y,1
盲,m,ɑŋ,2
盳,,wɑŋ,4
直,ʈʂ,i,2
盵,tɕʰ,i,4
盶,,yan,3
盷,tʰ,jɛn,2
相,ɕ,jɑŋ,1
盹,t,,3
盺,ɕ,in,1
盻,ɕ,i,4
盼,pʰ,an,4
盽,f,ɤŋ,1
盾,t,,4
盿,m,in,2
眀,m,iŋ,2
省,ʂ,ɤŋ,3
眂,ʂ,i,4
眃,,yn,2
眄,m,jɛn,3
眅,pʰ,an,1
眆,f,ɑŋ,3
眇,m,jɑʊ,3
眈,t,an,1
眉,m,ei,2
眊,m,ɑʊ,4
看,kʰ,an,4
県,ɕ,jɛn,4
眍,kʰ,oʊ,1
眎,ʂ,i,4
眏,,jɑŋ,1
眐,ʈʂ,ɤŋ,1
眑,,jɑʊ,3
眒,ʂ,ən,1
眓,x,uɔ,4
眔,t,a,4
眕,ʈʂ,ən,3
眖,kʰ,wɑŋ,4
眗,tɕ,y,1
眘,ʂ,ən,4
眙,,i,2
眚,ʂ,ɤŋ,3
眛,m,ei,4
眜,m,uɔ,4
眝,ʈʂ,u,4
眞,ʈʂ,ən,1
真,ʈʂ,ən,1
眠,m,jɛn,2
眡,ʂ,i,4
眢,,yan,1
眣,t,je,2
眤,n,i,4
眥,ts,i,4
眦,ts,i,4
眧,ʈʂʰ,ɑʊ,3
眨,ʈʂ,a,3
眩,ɕ,yan,4
眪,p,iŋ,3
眫,m,i,3
眬,l,ʊŋ,2
眭,s,,1
眮,tʰ,ʊŋ,2
眯,m,i,1
眰,t,je,4
眱,t,i,4
眲,n,ɤ,4
眳,m,iŋ,2
眴,ɕ,yan,4
眵,ʈʂʰ,i,1
眶,kʰ,wɑŋ,4
眷,tɕ,yan,4
眸,m,oʊ,2
眹,ʈʂ,ən,4
眺,tʰ,jɑʊ,4
眻,,jɑŋ,2
眼,,jɛn,3
眽,m,uɔ,4
眾,ʈʂ,ʊŋ,4
眿,m,uɔ,4
着,ʈʂ,ɤ,e
睁,ʈʂ,ɤŋ,1
睂,m,ei,2
睃,s,uɔ,1
睄,ʂ,ɑʊ,4
睅,x,an,4
睆,x,wan,4
睇,t,i,4
睈,ʈʂʰ,ɤŋ,3
睉,tsʰ,uɔ,2
睊,tɕ,yan,4
睋,,ɤ,2
睌,m,an,3
睍,ɕ,jɛn,4
睎,ɕ,i,1
睏,kʰ,,4
睐,l,ai,4
睑,tɕ,jɛn,3
睒,ʂ,an,3
睓,tʰ,jɛn,3
睔,k,,4
睕,,wan,3
睖,l,ɤŋ,4
睗,ʂ,i,4
睘,tɕʰ,jʊŋ,2
睙,l,je,4
睚,,ja,2
睛,tɕ,iŋ,1
睜,ʈʂ,ɤŋ,1
睝,l,i,2
睞,l,ai,4
睟,s,,4
睠,tɕ,yan,4
睡,ʂ,,4
睢,s,,1
督,t,u,1
睤,p,i,4
睥,pʰ,i,4
睦,m,u,4
睧,x,,1
睨,n,i,4
睩,l,u,4
睪,,i,4
睫,tɕ,je,2
睬,tsʰ,ai,3
睭,ʈʂ,oʊ,3
睮,,y,2
睯,x,,1
睰,m,a,4
睱,ɕ,ja,4
睲,ɕ,iŋ,3
睳,x,,1
睴,k,,4
睵,ts,ai,1
睶,ʈʂʰ,,3
睷,tɕ,jɛn,1
睸,m,ei,4
睹,t,u,3
睺,x,oʊ,2
睻,ɕ,yan,1
睼,tʰ,jɛn,4
睽,kʰ,,2
睾,k,ɑʊ,1
睿,ʐ,,4
瞀,m,ɑʊ,4
瞁,ɕ,y,4
瞂,f,a,2
瞃,,uɔ,4
瞄,m,jɑʊ,2
瞅,ʈʂʰ,oʊ,3
瞆,kʰ,,4
瞇,m,i,1
瞈,,,3
瞉,kʰ,oʊ,4
瞊,t,ɑŋ,4
瞋,ʈʂʰ,ən,1
瞌,kʰ,ɤ,1
瞍,s,oʊ,3
瞎,ɕ,ja,1
瞏,tɕʰ,jʊŋ,2
瞐,m,uɔ,4
瞑,m,iŋ,2
瞒,m,an,2
瞓,f,ən,4
瞔,ts,ɤ,2
瞕,ʈʂ,ɑŋ,4
瞖,,i,4
瞗,t,jɑʊ,1
瞘,kʰ,oʊ,1
瞙,m,uɔ,4
瞚,ʂ,,4
瞛,tsʰ,ʊŋ,1
瞜,l,oʊ,1
瞝,ʈʂʰ,i,1
瞞,m,an,2
瞟,pʰ,jɑʊ,3
瞠,ʈʂʰ,ɤŋ,1
瞡,k,,1
瞢,m,ɤŋ,2
瞣,,wan,4
瞤,ʐ,,2
瞥,pʰ,je,1
瞦,ɕ,i,1
瞧,tɕʰ,jɑʊ,2
瞨,pʰ,u,2
瞩,ʈʂ,u,3
瞪,t,ɤŋ,4
瞫,ʂ,ən,3
瞬,ʂ,,4
瞭,l,jɑʊ,3
瞮,ʈʂʰ,ɤ,4
瞯,ɕ,jɛn,2
瞰,kʰ,an,4
瞱,,je,4
瞲,ɕ,y,4
瞳,tʰ,ʊŋ,2
瞴,m,oʊ,2
瞵,l,in,2
瞶,k,,4
瞷,tɕ,jɛn,4
瞸,,je,4
瞹,,ai,4
瞺,x,,4
瞻,ʈʂ,an,1
瞼,tɕ,jɛn,3
瞽,k,u,3
瞾,ʈʂ,ɑʊ,4
瞿,tɕʰ,y,2
矀,m,ei,2
矁,ʈʂʰ,oʊ,3
矂,s,ɑʊ,4
矃,n,iŋ,3
矄,ɕ,yn,1
矅,,jɑʊ,4
矆,x,uɔ,4
矇,m,ɤŋ,2
矈,m,jɛn,2
矉,pʰ,in,2
矊,m,jɛn,2
矋,l,ei,3
矌,kʰ,wɑŋ,4
矍,tɕ,yɛ,2
矎,ɕ,yan,1
矏,m,jɛn,2
矐,x,uɔ,4
矑,l,u,2
矒,m,ɤŋ,2
矓,l,ʊŋ,2
矔,k,wan,4
矕,m,an,3
矖,ɕ,i,3
矗,ʈʂʰ,u,4
矘,tʰ,ɑŋ,3
矙,kʰ,an,4
矚,ʈʂ,u,3
矛,m,ɑʊ,2
矜,tɕ,in,1
矝,tɕ,in,1
矞,,y,4
矟,ʂ,uɔ,4
矠,ts,ɤ,2
矡,tɕ,yɛ,2
矢,ʂ,i,3
矣,,i,3
矤,ʂ,ən,3
知,ʈʂ,i,1
矦,x,oʊ,2
矧,ʂ,ən,3
矨,,iŋ,3
矩,tɕ,y,3
矪,ʈʂ,oʊ,1
矫,tɕ,jɑʊ,3
矬,tsʰ,uɔ,2
短,t,wan,3
矮,,ai,3
矯,tɕ,jɑʊ,3
矰,ts,ɤŋ,1
矱,,yɛ,1
矲,p,a,4
石,ʂ,i,2
矴,t,iŋ,4
矵,tɕʰ,i,4
矶,tɕ,i,1
矷,ts,i,3
矸,k,an,1
矹,,u,4
矺,ʈʂ,ɤ,2
矻,kʰ,u,1
矼,k,ɑŋ,1
矽,ɕ,i,4
矾,f,an,2
矿,kʰ,wɑŋ,4
砀,t,ɑŋ,4
码,m,a,3
砂,ʂ,a,1
砃,t,an,1
砄,tɕ,yɛ,2
砅,l,i,4
砆,f,u,1
砇,m,in,2
砈,,ɤ,3
砉,x,uɔ,4
砊,kʰ,ɑŋ,1
砋,ʈʂ,i,3
砌,tɕʰ,i,4
砍,kʰ,an,3
砎,tɕ,je,4
砏,p,in,1
砐,,ɤ,4
砑,,ja,4
砒,pʰ,i,1
砓,ʈʂ,ɤ,2
研,,jɛn,2
砕,s,,4
砖,ʈʂ,wan,1
砗,ʈʂʰ,ɤ,1
砘,t,,4
砙,,wa,3
砚,,jɛn,4
砛,tɕ,in,1
砜,f,ɤŋ,1
砝,f,a,2
砞,m,uɔ,4
砟,ʈʂ,a,3
砠,tɕ,y,1
砡,,y,4
砢,kʰ,ɤ,1
砣,tʰ,uɔ,2
砤,tʰ,uɔ,2
砥,t,i,3
砦,ʈʂ,ai,4
砧,ʈʂ,ən,1
砨,,ɤ,4
砩,f,u,2
砪,m,u,3
砫,ʈʂ,u,4
砬,l,a,2
砭,p,jɛn,1
砮,n,u,3
砯,pʰ,iŋ,1
砰,pʰ,ɤŋ,1
砱,l,iŋ,2
砲,pʰ,ɑʊ,4
砳,l,ɤ,4
破,pʰ,uɔ,4
砵,p,uɔ,1
砶,pʰ,uɔ,4
砷,ʂ,ən,1
砸,ts,a,2
砹,,ai,4
砺,l,i,4
砻,l,ʊŋ,2
砼,tʰ,ʊŋ,2
砽,,jʊŋ,4
砾,l,i,4
砿,kʰ,wɑŋ,4
础,ʈʂʰ,u,3
硁,kʰ,ɤŋ,1
硂,tɕʰ,yan,2
硃,ʈʂ,u,1
硄,kʰ,wɑŋ,1
硅,k,,1
硆,,ɤ,4
硇,n,ɑʊ,2
硈,tɕʰ,ja,4
硉,l,u,4
硊,,,3
硋,,ai,4
硌,k,ɤ,4
硍,ɕ,jɛn,4
硎,ɕ,iŋ,2
硏,,jɛn,2
硐,t,ʊŋ,4
硑,pʰ,ɤŋ,1
硒,ɕ,i,1
硓,l,ɑʊ,3
硔,x,ʊŋ,2
硕,ʂ,uɔ,4
硖,ɕ,ja,2
硗,tɕʰ,jɑʊ,1
硘,tɕʰ,iŋ,g
硙,,,2
硚,tɕʰ,jɑʊ,2
硛,,i,4
硜,kʰ,ɤŋ,1
硝,ɕ,jɑʊ,1
硞,tɕʰ,yɛ,4
硟,ʈʂʰ,an,4
硠,l,ɑŋ,2
硡,x,ʊŋ,1
硢,,y,2
硣,ɕ,jɑʊ,1
硤,ɕ,ja,2
硥,m,ɑŋ,3
硦,l,uɔ,4
硧,,jʊŋ,3
硨,ʈʂʰ,ɤ,1
硩,ʈʂʰ,ɤ,4
硪,,uɔ,4
硫,l,,2
硬,,iŋ,4
硭,m,ɑŋ,2
确,tɕʰ,yɛ,4
硯,,jɛn,4
硰,ʂ,a,1
硱,kʰ,,3
硲,,y,4
硳,ʈʂʰ,i,4
硴,x,wa,1
硵,l,u,3
硶,ʈʂʰ,ən,3
硷,tɕ,jɛn,3
硸,n,yɛ,4
硹,s,ʊŋ,1
硺,ʈʂ,uɔ,2
硻,kʰ,ɤŋ,1
硼,pʰ,ɤŋ,2
硽,,jɛn,1
硾,ʈʂ,,4
硿,kʰ,ʊŋ,1
碀,ʈʂʰ,ɤŋ,2
碁,tɕʰ,i,2
碂,ts,ʊŋ,4
碃,tɕʰ,iŋ,4
碄,l,in,2
碅,tɕ,yn,1
碆,p,uɔ,1
碇,t,iŋ,4
碈,m,in,2
碉,t,jɑʊ,1
碊,tɕ,jɛn,1
碋,x,ɤ,4
碌,l,u,4
碍,,ai,4
碎,s,,4
碏,tɕʰ,yɛ,4
碐,l,ɤŋ,2
碑,p,ei,1
碒,,in,2
碓,t,,4
碔,,u,3
碕,tɕʰ,i,2
碖,l,,3
碗,,wan,3
碘,t,jɛn,3
碙,n,ɑʊ,2
碚,p,ei,4
碛,tɕʰ,i,4
碜,ʈʂʰ,ən,3
碝,ʐ,wan,3
碞,,jɛn,2
碟,t,je,2
碠,t,iŋ,4
碡,t,u,2
碢,tʰ,uɔ,2
碣,tɕ,je,2
碤,,iŋ,1
碥,p,jɛn,3
碦,kʰ,ɤ,4
碧,p,i,4
碨,,,4
碩,ʂ,uɔ,4
碪,ʈʂ,ən,1
碫,t,wan,4
碬,ɕ,ja,2
碭,t,ɑŋ,4
碮,tʰ,i,2
碯,n,ɑʊ,3
碰,pʰ,ɤŋ,4
碱,tɕ,jɛn,3
碲,t,i,4
碳,tʰ,an,4
碴,ʈʂʰ,a,2
碵,tʰ,jɛn,2
碶,tɕʰ,i,4
碷,t,,4
碸,f,ɤŋ,1
碹,ɕ,yan,4
確,tɕʰ,yɛ,4
碻,tɕʰ,yɛ,4
碼,m,a,3
碽,k,ʊŋ,1
碾,n,jɛn,3
碿,s,u,4
磀,,ɤ,2
磁,tsʰ,i,2
磂,l,,2
磃,s,i,1
磄,tʰ,ɑŋ,2
磅,p,ɑŋ,4
磆,x,wa,2
磇,pʰ,i,1
磈,,,3
磉,s,ɑŋ,3
磊,l,ei,3
磋,tsʰ,uɔ,1
磌,tʰ,jɛn,2
磍,ɕ,ja,2
磎,ɕ,i,1
磏,l,jɛn,2
磐,pʰ,an,2
磑,,,2
磒,,yn,3
磓,t,,1
磔,ʈʂ,ɤ,2
磕,kʰ,ɤ,1
磖,l,a,2
磗,ʈʂ,wan,1
磘,,jɑʊ,2
磙,k,,3
磚,ʈʂ,wan,1
磛,ʈʂʰ,an,2
磜,tɕʰ,i,4
磝,,ɑʊ,2
磞,pʰ,ɤŋ,1
磟,l,,4
磠,l,u,3
磡,kʰ,an,4
磢,ʈʂʰ,wɑŋ,3
磣,ʈʂʰ,ən,3
磤,,in,3
磥,l,ei,3
磦,p,jɑʊ,1
磧,tɕʰ,i,4
磨,m,uɔ,2
磩,tɕʰ,i,4
磪,tsʰ,,1
磫,ts,ʊŋ,1
磬,tɕʰ,iŋ,4
磭,ʈʂʰ,uɔ,4
磮,l,,2
磯,tɕ,i,1
磰,ʂ,an,4
磱,l,ɑʊ,2
磲,tɕʰ,y,2
磳,ts,ɤŋ,1
磴,t,ɤŋ,4
磵,tɕ,jɛn,4
磶,ɕ,i,4
磷,l,in,2
磸,t,iŋ,4
磹,tʰ,an,2
磺,x,wɑŋ,2
磻,pʰ,an,2
磼,ts,a,2
磽,tɕʰ,jɑʊ,1
磾,t,i,1
磿,l,i,4
礀,tɕ,jɛn,4
礁,tɕ,jɑʊ,1
礂,ɕ,i,1
礃,ʈʂ,ɑŋ,3
礄,tɕʰ,jɑʊ,2
礅,t,,1
礆,tɕ,jɛn,3
礇,,y,4
礈,ʈʂ,,4
礉,x,ɤ,2
礊,kʰ,ɤ,4
礋,ts,ɤ,2
礌,l,ei,2
礍,tɕ,je,2
礎,ʈʂʰ,u,3
礏,,je,4
礐,tɕʰ,yɛ,4
礑,t,ɑŋ,4
礒,,i,3
礓,tɕ,jɑŋ,1
礔,pʰ,i,1
礕,pʰ,i,1
礖,,y,4
礗,pʰ,in,1
礘,,ɤ,4
礙,,ai,4
礚,kʰ,ɤ,1
礛,tɕ,jɛn,1
礜,,y,4
礝,ʐ,wan,3
礞,m,ɤŋ,2
礟,pʰ,ɑʊ,4
礠,tsʰ,i,2
礡,p,uɔ,2
礢,,jɑŋ,3
礣,m,a,4
礤,tsʰ,a,3
礥,ɕ,jɛn,2
礦,kʰ,wɑŋ,4
礧,l,ei,2
礨,l,ei,3
礩,ʈʂ,i,4
礪,l,i,4
礫,l,i,4
礬,f,an,2
礭,tɕʰ,yɛ,4
礮,pʰ,ɑʊ,4
礯,,iŋ,1
礰,l,i,4
礱,l,ʊŋ,2
礲,l,ʊŋ,2
礳,m,uɔ,4
礴,p,uɔ,2
礵,ʂ,wɑŋ,1
礶,k,wan,4
礷,l,an,2
礸,tsʰ,a,3
礹,,jɛn,2
示,ʂ,i,4
礻,ʂ,i,4
礼,l,i,3
礽,ʐ,ɤŋ,2
社,ʂ,ɤ,4
礿,,yɛ,4
祀,s,i,4
祁,tɕʰ,i,2
祂,tʰ,a,1
祃,m,a,4
祄,ɕ,je,4
祅,,jɑʊ,1
祆,ɕ,jɛn,1
祇,tɕʰ,i,2
祈,tɕʰ,i,2
祉,ʈʂ,i,3
祊,p,ɤŋ,1
祋,t,,4
祌,ʈʂ,ʊŋ,4
祍,ʐ,ən,4
祎,,i,1
祏,ʂ,i,2
祐,,,4
祑,ʈʂ,i,4
祒,tʰ,jɑʊ,2
祓,f,u,2
祔,f,u,4
祕,m,i,4
祖,ts,u,3
祗,ʈʂ,i,1
祘,s,wan,4
祙,m,ei,4
祚,ts,uɔ,4
祛,tɕʰ,y,1
祜,x,u,4
祝,ʈʂ,u,4
神,ʂ,ən,2
祟,s,,4
祠,tsʰ,i,2
祡,ʈʂʰ,ai,2
祢,m,i,2
祣,l,y,3
祤,,y,3
祥,ɕ,jɑŋ,2
祦,,u,2
祧,tʰ,jɑʊ,1
票,pʰ,jɑʊ,4
祩,ʈʂ,u,4
祪,k,,3
祫,ɕ,ja,2
祬,ʈʂ,i,1
祭,tɕ,i,4
祮,k,ɑʊ,4
祯,ʈʂ,ən,1
祰,k,ɑʊ,4
祱,ʂ,,4
祲,tɕ,in,4
祳,ʂ,ən,4
祴,k,ai,1
祵,kʰ,,3
祶,t,i,4
祷,t,ɑʊ,3
祸,x,uɔ,4
祹,tʰ,ɑʊ,2
祺,tɕʰ,i,2
祻,k,u,4
祼,k,wan,4
祽,ts,,4
祾,l,iŋ,2
祿,l,u,4
禀,p,iŋ,3
禁,tɕ,in,4
禂,t,ɑʊ,3
禃,ʈʂ,i,2
禄,l,u,4
禅,ʈʂʰ,an,2
禆,p,i,4
禇,ʈʂ,ɤ,3
禈,x,,1
禉,,,3
禊,ɕ,i,4
禋,,in,1
禌,ts,i,1
禍,x,uɔ,4
禎,ʈʂ,ən,1
福,f,u,2
禐,,yan,4
禑,,u,2
禒,ɕ,jɛn,3
禓,,jɑŋ,2
禔,ʈʂ,i,1
禕,,i,1
禖,m,ei,2
禗,s,i,1
禘,t,i,4
禙,p,ei,4
禚,ʈʂ,uɔ,2
禛,ʈʂ,ən,1
禜,,jʊŋ,3
禝,tɕ,i,4
禞,k,ɑʊ,4
禟,tʰ,ɑŋ,2
禠,s,i,1
禡,m,a,4
禢,tʰ,a,4
禣,f,u,4
禤,ɕ,yan,1
禥,tɕʰ,i,2
禦,,y,4
禧,ɕ,i,3
禨,tɕ,i,1
禩,s,i,4
禪,ʈʂʰ,an,2
禫,t,an,4
禬,k,,4
禭,s,,4
禮,l,i,3
禯,n,ʊŋ,2
禰,m,i,2
禱,t,ɑʊ,3
禲,l,i,4
禳,ʐ,ɑŋ,2
禴,,yɛ,4
禵,tʰ,i,2
禶,ts,an,4
禷,l,ei,4
禸,ʐ,oʊ,2
禹,,y,3
禺,,y,2
离,l,i,2
禼,ɕ,je,4
禽,tɕʰ,in,2
禾,x,ɤ,2
禿,tʰ,u,1
秀,ɕ,,4
私,s,i,1
秂,ʐ,ən,2
秃,tʰ,u,1
秄,ts,i,3
秅,ʈʂʰ,a,2
秆,k,an,3
秇,,i,4
秈,ɕ,jɛn,1
秉,p,iŋ,3
秊,n,jɛn,2
秋,tɕʰ,,1
秌,tɕʰ,,1
种,ʈʂ,ʊŋ,3
秎,f,ən,4
秏,x,ɑʊ,4
秐,,yn,2
科,kʰ,ɤ,1
秒,m,jɑʊ,3
秓,ʈʂ,i,1
秔,tɕ,iŋ,1
秕,p,i,3
秖,ʈʂ,i,1
秗,,y,4
秘,m,i,4
秙,kʰ,u,4
秚,p,an,4
秛,pʰ,i,1
秜,n,i,2
秝,l,i,4
秞,,,2
租,ts,u,1
秠,pʰ,i,1
秡,p,uɔ,2
秢,l,iŋ,2
秣,m,uɔ,4
秤,ʈʂʰ,ɤŋ,4
秥,n,jɛn,2
秦,tɕʰ,in,2
秧,,jɑŋ,1
秨,ts,uɔ,2
秩,ʈʂ,i,4
秪,ʈʂ,i,1
秫,ʂ,u,2
秬,tɕ,y,4
秭,ts,i,3
秮,x,uɔ,2
积,tɕ,i,1
称,ʈʂʰ,ɤŋ,1
秱,tʰ,ʊŋ,2
秲,ʈʂ,i,4
秳,x,uɔ,2
秴,x,ɤ,2
秵,,in,1
秶,ts,i,1
秷,ʈʂ,i,4
秸,tɕ,je,1
秹,ʐ,ən,3
秺,t,u,4
移,,i,2
秼,ʈʂ,u,1
秽,x,,4
秾,n,ʊŋ,2
秿,f,u,4
稀,ɕ,i,1
稁,k,ɑʊ,3
稂,l,ɑŋ,2
稃,f,u,1
稄,ɕ,yn,4
稅,ʂ,,4
稆,l,y,3
稇,kʰ,,3
稈,k,an,3
稉,tɕ,iŋ,1
稊,tʰ,i,2
程,ʈʂʰ,ɤŋ,2
稌,tʰ,u,2
稍,ʂ,ɑʊ,1
税,ʂ,,4
稏,,ja,4
稐,l,,3
稑,l,u,4
稒,k,u,4
稓,ts,uɔ,2
稔,ʐ,ən,3
稕,ʈʂ,,4
稖,p,ɑŋ,4
稗,p,ai,4
稘,tɕ,i,1
稙,ʈʂ,i,1
稚,ʈʂ,i,4
稛,kʰ,,3
稜,l,ɤŋ,2
稝,pʰ,ɤŋ,2
稞,kʰ,ɤ,1
稟,p,iŋ,3
稠,ʈʂʰ,oʊ,2
稡,ts,,4
稢,,y,4
稣,s,u,1
稤,l,yɛ,4
稥,ɕ,jɑŋ,1
稦,,i,1
稧,ɕ,i,4
稨,p,jɛn,3
稩,tɕ,i,4
稪,f,u,2
稫,pʰ,i,4
稬,n,uɔ,4
稭,tɕ,je,1
種,ʈʂ,ʊŋ,3
稯,ts,ʊŋ,1
稰,ɕ,y,3
稱,ʈʂʰ,ɤŋ,1
稲,t,ɑʊ,4
稳,,,3
稴,ɕ,jɛn,2
稵,ts,i,1
稶,,y,4
稷,tɕ,i,4
稸,ɕ,y,4
稹,ʈʂ,ən,3
稺,ʈʂ,i,4
稻,t,ɑʊ,4
稼,tɕ,ja,4
稽,tɕ,i,1
稾,k,ɑʊ,3
稿,k,ɑʊ,3
穀,k,u,3
穁,ʐ,ʊŋ,2
穂,s,,4
穃,ʐ,ʊŋ,g
穄,tɕ,i,4
穅,kʰ,ɑŋ,1
穆,m,u,4
穇,tsʰ,an,3
穈,m,ei,2
穉,ʈʂ,i,4
穊,tɕ,i,4
穋,l,u,4
穌,s,u,1
積,tɕ,i,1
穎,,iŋ,3
穏,,,3
穐,tɕʰ,,1
穑,s,ɤ,4
穒,x,ɤ,4
穓,,i,4
穔,x,wɑŋ,2
穕,tɕʰ,je,4
穖,tɕ,i,3
穗,s,,4
穘,ɕ,jɑʊ,1
穙,pʰ,u,2
穚,tɕ,jɑʊ,1
穛,ʈʂ,uɔ,1
穜,ʈʂ,ʊŋ,3
穝,ts,,i
穞,l,y,3
穟,s,,4
穠,n,ʊŋ,2
穡,s,ɤ,4
穢,x,,4
穣,ʐ,ɑŋ,2
穤,n,uɔ,4
穥,,y,4
穦,pʰ,in,1
穧,tɕ,i,4
穨,tʰ,,2
穩,,,3
穪,ʈʂʰ,ɤŋ,1
穫,x,uɔ,4
穬,kʰ,wɑŋ,4
穭,l,y,3
穮,p,jɑʊ,1
穯,s,ɤ,4
穰,ʐ,ɑŋ,2
穱,ʈʂ,uɔ,1
穲,l,i,2
穳,tsʰ,wan,2
穴,ɕ,yɛ,2
穵,,wa,1
究,tɕ,,1
穷,tɕʰ,jʊŋ,2
穸,ɕ,i,1
穹,tɕʰ,jʊŋ,2
空,kʰ,ʊŋ,1
穻,,y,1
穼,ʂ,ən,1
穽,tɕ,iŋ,3
穾,,jɑʊ,4
穿,ʈʂʰ,wan,1
窀,ʈʂ,,1
突,tʰ,u,1
窂,l,ɑʊ,2
窃,tɕʰ,je,4
窄,ʈʂ,ai,3
窅,,jɑʊ,3
窆,p,jɛn,3
窇,p,ɑʊ,2
窈,,jɑʊ,3
窉,p,iŋ,3
窊,,wa,1
窋,ʈʂ,u,2
窌,tɕ,jɑʊ,4
窍,tɕʰ,jɑʊ,4
窎,t,jɑʊ,4
窏,,u,1
窐,k,,1
窑,,jɑʊ,2
窒,ʈʂ,i,4
窓,ʈʂʰ,wɑŋ,1
窔,,jɑʊ,4
窕,tʰ,jɑʊ,3
窖,tɕ,jɑʊ,4
窗,ʈʂʰ,wɑŋ,1
窘,tɕ,jʊŋ,3
窙,ɕ,jɑʊ,1
窚,ʈʂʰ,ɤŋ,2
窛,kʰ,oʊ,4
窜,tsʰ,wan,4
窝,,uɔ,1
窞,t,an,4
窟,kʰ,u,1
窠,kʰ,ɤ,1
窡,ʈʂ,uɔ,2
窢,ɕ,y,1
窣,s,u,1
窤,k,wan,1
窥,kʰ,,1
窦,t,oʊ,4
窧,ʈʂ,uɔ,o
窨,ɕ,yn,1
窩,,uɔ,1
窪,,wa,1
窫,,ja,4
窬,,y,2
窭,tɕ,y,4
窮,tɕʰ,jʊŋ,2
窯,,jɑʊ,2
窰,,jɑʊ,2
窱,tʰ,jɑʊ,3
窲,ʈʂʰ,ɑʊ,2
窳,,y,3
窴,tʰ,jɛn,2
窵,t,jɑʊ,4
窶,tɕ,y,4
窷,l,jɑʊ,4
窸,ɕ,i,1
窹,,u,4
窺,kʰ,,1
窻,ʈʂʰ,wɑŋ,1
窼,ʈʂ,ɑʊ,1
窽,kʰ,wan,3
窾,kʰ,wan,3
窿,l,ʊŋ,2
竀,ʈʂʰ,ɤŋ,1
竁,tsʰ,,4
竂,l,jɑʊ,2
竃,ts,ɑʊ,4
竄,tsʰ,wan,4
竅,tɕʰ,jɑʊ,4
竆,tɕʰ,jʊŋ,2
竇,t,oʊ,4
竈,ts,ɑʊ,4
竉,l,ʊŋ,3
竊,tɕʰ,je,4
立,l,i,4
竌,ʈʂʰ,u,4
竍,ʂ,i,2
竎,f,u,4
竏,tɕʰ,jɛn,1
竐,ʈʂʰ,u,4
竑,x,ʊŋ,2
竒,tɕʰ,i,2
竓,x,ɑʊ,2
竔,ʂ,ɤŋ,1
竕,f,ən,1
竖,ʂ,u,4
竗,m,jɑʊ,4
竘,tɕʰ,y,3
站,ʈʂ,an,4
竚,ʈʂ,u,4
竛,l,iŋ,2
竜,l,ʊŋ,2
竝,p,iŋ,4
竞,tɕ,iŋ,4
竟,tɕ,iŋ,4
章,ʈʂ,ɑŋ,1
竡,p,ai,3
竢,s,i,4
竣,tɕ,yn,4
竤,x,ʊŋ,2
童,tʰ,ʊŋ,2
竦,s,ʊŋ,3
竧,tɕ,iŋ,4
竨,t,jɑʊ,4
竩,,i,4
竪,ʂ,u,4
竫,tɕ,iŋ,4
竬,tɕʰ,y,3
竭,tɕ,je,2
竮,pʰ,iŋ,1
端,t,wan,1
竰,l,i,2
竱,ʈʂ,wan,3
竲,tsʰ,ɤŋ,2
竳,t,ɤŋ,1
竴,tsʰ,,1
竵,,wai,1
競,tɕ,iŋ,4
竷,kʰ,an,3
竸,tɕ,iŋ,4
竹,ʈʂ,u,2
竺,ʈʂ,u,2
竻,l,ɤ,4
竼,pʰ,ɤŋ,2
竽,,y,2
竾,ʈʂʰ,i,2
竿,k,an,1
笀,m,ɑŋ,2
笁,ʈʂ,u,2
笂,,wan,2
笃,t,u,3
笄,tɕ,i,1
笅,tɕ,jɑʊ,3
笆,p,a,1
笇,s,wan,4
笈,tɕ,i,2
笉,tɕʰ,in,3
笊,ʈʂ,ɑʊ,4
笋,s,,3
笌,,ja,2
笍,ʈʂ,,4
笎,,yan,2
笏,x,u,4
笐,x,ɑŋ,2
笑,ɕ,jɑʊ,4
笒,tsʰ,ən,2
笓,p,i,4
笔,p,i,3
笕,tɕ,jɛn,3
笖,,i,3
笗,t,ʊŋ,1
笘,ʂ,an,1
笙,ʂ,ɤŋ,1
笚,t,a,1
笛,t,i,2
笜,ʈʂ,u,2
笝,n,a,4
笞,ʈʂʰ,i,1
笟,k,u,1
笠,l,i,4
笡,tɕʰ,je,4
笢,m,in,3
笣,p,ɑʊ,1
笤,tʰ,jɑʊ,2
笥,s,i,4
符,f,u,2
笧,tsʰ,ɤ,4
笨,p,ən,4
笩,f,a,2
笪,t,a,2
笫,ts,i,3
第,t,i,4
笭,l,iŋ,2
笮,ts,ɤ,2
笯,n,u,2
笰,f,u,2
笱,k,oʊ,3
笲,f,an,2
笳,tɕ,ja,1
笴,k,an,3
笵,f,an,4
笶,ʂ,i,3
笷,m,ɑʊ,3
笸,pʰ,uɔ,3
笹,tʰ,i,i
笺,tɕ,jɛn,1
笻,tɕʰ,jʊŋ,2
笼,l,ʊŋ,2
笽,m,in,3
笾,p,jɛn,1
笿,l,uɔ,4
筀,k,,4
筁,tɕʰ,y,1
筂,ʈʂʰ,i,2
筃,,in,1
筄,,jɑʊ,4
筅,ɕ,jɛn,3
筆,p,i,3
筇,tɕʰ,jʊŋ,2
筈,kʰ,uɔ,4
等,t,ɤŋ,3
筊,ɕ,jɑʊ,2
筋,tɕ,in,1
筌,tɕʰ,yan,2
筍,s,,3
筎,ʐ,u,2
筏,f,a,2
筐,kʰ,wɑŋ,1
筑,ʈʂ,u,4
筒,tʰ,ʊŋ,3
筓,tɕ,i,1
答,t,a,2
筕,x,ɑŋ,2
策,tsʰ,ɤ,4
筗,ʈʂ,ʊŋ,4
筘,kʰ,oʊ,4
筙,l,ai,2
筚,p,i,4
筛,ʂ,ai,1
筜,t,ɑŋ,1
筝,ʈʂ,ɤŋ,1
筞,tsʰ,ɤ,4
筟,f,u,1
筠,,yn,2
筡,tʰ,u,2
筢,pʰ,a,2
筣,l,i,2
筤,l,ɑŋ,2
筥,tɕ,y,3
筦,k,wan,3
筧,tɕ,jɛn,3
筨,x,an,2
筩,tʰ,ʊŋ,2
筪,ɕ,ja,2
筫,ʈʂ,i,4
筬,ʈʂʰ,ɤŋ,2
筭,s,wan,4
筮,ʂ,i,4
筯,ʈʂ,u,4
筰,ts,uɔ,2
筱,ɕ,jɑʊ,3
筲,ʂ,ɑʊ,1
筳,tʰ,iŋ,2
筴,tsʰ,ɤ,4
筵,,jɛn,2
筶,k,ɑʊ,4
筷,kʰ,wai,4
筸,k,an,1
筹,ʈʂʰ,oʊ,2
筺,kʰ,wɑŋ,1
筻,k,ɑŋ,4
筼,,yn,2
筽,,oʊ,1
签,tɕʰ,jɛn,1
筿,ɕ,jɑʊ,3
简,tɕ,jɛn,3
箁,pʰ,oʊ,2
箂,l,ai,2
箃,ts,oʊ,1
箄,p,i,3
箅,p,i,4
箆,p,i,4
箇,k,ɤ,4
箈,tʰ,ai,2
箉,k,wai,3
箊,,y,1
箋,tɕ,jɛn,1
箌,t,ɑʊ,4
箍,k,u,1
箎,ʈʂʰ,i,2
箏,ʈʂ,ɤŋ,1
箐,tɕʰ,iŋ,4
箑,ʂ,a,4
箒,ʈʂ,oʊ,3
箓,l,u,4
箔,p,uɔ,2
箕,tɕ,i,1
箖,l,in,2
算,s,wan,4
箘,tɕ,yn,4
箙,f,u,2
箚,ʈʂ,a,2
箛,k,u,1
箜,kʰ,ʊŋ,1
箝,tɕʰ,jɛn,2
箞,tɕʰ,jɛn,1
箟,tɕ,yn,4
箠,ʈʂʰ,,2
管,k,wan,3
箢,,yan,1
箣,tsʰ,ɤ,4
箤,ts,u,2
箥,p,uɔ,3
箦,ts,ɤ,2
箧,tɕʰ,je,4
箨,tʰ,uɔ,4
箩,l,uɔ,2
箪,t,an,1
箫,ɕ,jɑʊ,1
箬,ʐ,uɔ,4
箭,tɕ,jɛn,4
箮,ɕ,yan,1
箯,p,jɛn,1
箰,s,,3
箱,ɕ,jɑŋ,1
箲,ɕ,jɛn,3
箳,pʰ,iŋ,2
箴,ʈʂ,ən,1
箵,ɕ,iŋ,1
箶,x,u,2
箷,,i,2
箸,ʈʂ,u,4
箹,,yɛ,1
箺,ʈʂʰ,,1
箻,l,y,4
箼,,u,1
箽,t,ʊŋ,3
箾,ʂ,uɔ,4
箿,tɕ,i,2
節,tɕ,je,2
篁,x,wɑŋ,2
篂,ɕ,iŋ,1
篃,m,ei,4
範,f,an,4
篅,ʈʂʰ,wan,2
篆,ʈʂ,wan,4
篇,pʰ,jɛn,1
篈,f,ɤŋ,1
築,ʈʂ,u,4
篊,x,wɑŋ,2
篋,tɕʰ,je,4
篌,x,oʊ,2
篍,tɕʰ,,1
篎,m,jɑʊ,3
篏,tɕʰ,jɛn,4
篐,k,u,1
篑,kʰ,,4
篒,ʂ,i,i
篓,l,oʊ,3
篔,,yn,2
篕,x,ɤ,2
篖,tʰ,ɑŋ,2
篗,,yɛ,4
篘,ʈʂʰ,oʊ,1
篙,k,ɑʊ,1
篚,f,ei,3
篛,ʐ,uɔ,4
篜,ʈʂ,ɤŋ,1
篝,k,oʊ,1
篞,n,je,4
篟,tɕʰ,jɛn,4
篠,ɕ,jɑʊ,3
篡,tsʰ,wan,4
篢,l,ʊŋ,3
篣,pʰ,ɤŋ,2
篤,t,u,3
篥,l,i,4
篦,p,i,4
篧,ʈʂ,uɔ,2
篨,ʈʂʰ,u,2
篩,ʂ,ai,1
篪,ʈʂʰ,i,2
篫,ʈʂ,u,4
篬,tɕʰ,jɑŋ,1
篭,l,ʊŋ,2
篮,l,an,2
篯,tɕ,jɛn,1
篰,p,u,4
篱,l,i,2
篲,x,,4
篳,p,i,4
篴,t,i,2
篵,tsʰ,ʊŋ,1
篶,,jɛn,1
篷,pʰ,ɤŋ,2
篸,tsʰ,an,3
篹,ʈʂ,wan,4
篺,pʰ,i,2
篻,pʰ,jɑʊ,3
篼,t,oʊ,1
篽,,y,4
篾,m,je,4
篿,tʰ,wan,2
簀,ts,ɤ,2
簁,ʂ,ai,1
簂,k,,4
簃,,i,2
簄,x,u,4
簅,ʈʂʰ,an,3
簆,kʰ,oʊ,4
簇,tsʰ,u,4
簈,pʰ,iŋ,2
簉,ts,ɑʊ,4
簊,tɕ,i,1
簋,k,,3
簌,s,u,4
簍,l,oʊ,3
簎,tsʰ,ɤ,4
簏,l,u,4
簐,n,jɛn,3
簑,s,uɔ,1
簒,tsʰ,wan,4
簓,t,jɑʊ,1
簔,s,uɔ,1
簕,l,ɤ,4
簖,t,wan,4
簗,ʈʂ,u,4
簘,ɕ,jɑʊ,1
簙,p,uɔ,2
簚,m,i,4
簛,ʂ,ai,1
簜,t,ɑŋ,4
簝,l,jɑʊ,2
簞,t,an,1
簟,t,jɛn,4
簠,f,u,3
簡,tɕ,jɛn,3
簢,m,in,3
簣,kʰ,,4
簤,t,ai,4
簥,tɕ,jɑʊ,1
簦,t,ɤŋ,1
簧,x,wɑŋ,2
簨,s,,3
簩,l,ɑʊ,2
簪,ts,an,1
簫,ɕ,jɑʊ,1
簬,l,u,4
簭,ʂ,i,4
簮,ts,an,1
簯,tɕʰ,i,i
簰,pʰ,ai,2
簱,tɕʰ,i,2
簲,pʰ,ai,2
簳,k,an,3
簴,tɕ,y,4
簵,l,u,4
簶,l,u,4
簷,,jɛn,2
簸,p,uɔ,3
簹,t,ɑŋ,1
簺,s,ai,4
簻,ʈʂ,wa,1
簼,k,oʊ,1
簽,tɕʰ,jɛn,1
簾,l,jɛn,2
簿,p,u,4
籀,ʈʂ,oʊ,4
籁,l,ai,4
籂,ʂ,i,i
籃,l,an,2
籄,kʰ,,4
籅,,y,2
籆,,yɛ,4
籇,x,ɑʊ,2
籈,ʈʂ,ən,1
籉,tʰ,ai,2
籊,tʰ,i,4
籋,n,je,4
籌,ʈʂʰ,oʊ,2
籍,tɕ,i,2
籎,,i,2
籏,tɕʰ,i,2
籐,tʰ,ɤŋ,2
籑,ʈʂ,wan,4
籒,ʈʂ,oʊ,4
籓,f,an,1
籔,s,oʊ,3
籕,ʈʂ,oʊ,4
籖,tɕʰ,jɛn,n
籗,ʈʂ,uɔ,2
籘,tʰ,ɤŋ,2
籙,l,u,4
籚,l,u,2
籛,tɕ,jɛn,3
籜,tʰ,uɔ,4
籝,,iŋ,2
籞,,y,4
籟,l,ai,4
籠,l,ʊŋ,2
籡,tɕʰ,je,4
籢,l,jɛn,2
籣,l,an,2
籤,tɕʰ,jɛn,1
籥,,yɛ,4
籦,ʈʂ,ʊŋ,1
籧,tɕʰ,y,2
籨,l,jɛn,2
籩,p,jɛn,1
籪,t,wan,4
籫,ts,wan,3
籬,l,i,2
籭,s,i,1
籮,l,uɔ,2
籯,,iŋ,2
籰,,yɛ,4
籱,ʈʂ,uɔ,2
籲,,y,4
米,m,i,3
籴,t,i,2
籵,f,an,2
籶,ʂ,ən,1
籷,ʈʂ,ɤ,2
籸,ʂ,ən,1
籹,n,y,3
籺,x,ɤ,2
类,l,ei,4
籼,ɕ,jɛn,1
籽,ts,i,3
籾,n,i,2
籿,tsʰ,,4
粀,ʈʂ,ɑŋ,4
粁,tɕʰ,jɛn,1
粂,ʈʂ,ai,1
粃,p,i,3
粄,p,an,3
粅,,u,4
粆,ʂ,a,1
粇,kʰ,ɑŋ,1
粈,ʐ,oʊ,2
粉,f,ən,3
粊,p,i,4
粋,tsʰ,,4
粌,,in,n
粍,ʈʂ,ɤ,2
粎,m,i,3
粏,tʰ,ai,i
粐,x,u,4
粑,p,a,1
粒,l,i,4
粓,k,an,1
粔,tɕ,y,4
粕,pʰ,uɔ,4
粖,m,uɔ,4
粗,tsʰ,u,1
粘,ʈʂ,an,1
粙,ʈʂ,oʊ,4
粚,ʈʂʰ,i,1
粛,s,u,4
粜,tʰ,jɑʊ,4
粝,l,i,4
粞,ɕ,i,1
粟,s,u,4
粠,x,ʊŋ,2
粡,tʰ,ʊŋ,2
粢,ts,i,1
粣,tsʰ,ɤ,4
粤,,yɛ,4
粥,ʈʂ,oʊ,1
粦,l,in,2
粧,ʈʂ,wɑŋ,1
粨,p,ai,3
粩,l,ɑʊ,1
粪,f,ən,4
粫,,,2
粬,tɕʰ,y,1
粭,x,ɤ,2
粮,l,jɑŋ,2
粯,ɕ,jɛn,4
粰,f,u,2
粱,l,jɑŋ,2
粲,tsʰ,an,4
粳,tɕ,iŋ,1
粴,l,i,3
粵,,yɛ,4
粶,l,u,4
粷,tɕ,y,2
粸,tɕʰ,i,2
粹,tsʰ,,4
粺,p,ai,4
粻,ʈʂ,ɑŋ,1
粼,l,in,2
粽,ts,ʊŋ,4
精,tɕ,iŋ,1
粿,k,uɔ,3
糀,x,wa,1
糁,s,an,3
糂,s,an,3
糃,tʰ,ɑŋ,2
糄,p,jɛn,3
糅,ʐ,oʊ,2
糆,m,jɛn,4
糇,x,oʊ,2
糈,ɕ,y,3
糉,ts,ʊŋ,4
糊,x,u,2
糋,tɕ,jɛn,4
糌,ts,an,1
糍,tsʰ,i,2
糎,l,i,2
糏,ɕ,je,4
糐,f,u,1
糑,n,uɔ,4
糒,p,ei,4
糓,k,u,3
糔,ɕ,,3
糕,k,ɑʊ,1
糖,tʰ,ɑŋ,2
糗,tɕʰ,,3
糘,tɕ,ja,1
糙,tsʰ,ɑʊ,1
糚,ʈʂ,wɑŋ,1
糛,tʰ,ɑŋ,2
糜,m,i,2
糝,s,an,3
糞,f,ən,4
糟,ts,ɑʊ,1
糠,kʰ,ɑŋ,1
糡,tɕ,jɑŋ,4
糢,m,uɔ,2
糣,s,an,3
糤,s,an,3
糥,n,uɔ,4
糦,ɕ,i,1
糧,l,jɑŋ,2
糨,tɕ,jɑŋ,4
糩,kʰ,wai,4
糪,p,uɔ,4
糫,x,wan,2
糬,ʂ,u,3
糭,ts,ʊŋ,4
糮,ɕ,jɛn,4
糯,n,uɔ,4
糰,tʰ,wan,2
糱,n,je,4
糲,l,i,4
糳,ts,uɔ,4
糴,t,i,2
糵,n,je,4
糶,tʰ,jɑʊ,4
糷,l,an,4
糸,m,i,4
糹,s,i,1
糺,tɕ,,1
系,ɕ,i,4
糼,k,ʊŋ,1
糽,ʈʂ,ɤŋ,3
糾,tɕ,,1
糿,,,4
紀,tɕ,i,4
紁,ʈʂʰ,a,4
紂,ʈʂ,oʊ,4
紃,ɕ,yn,2
約,,yɛ,1
紅,x,ʊŋ,2
紆,,y,1
紇,x,ɤ,2
紈,,wan,2
紉,ʐ,ən,4
紊,,,3
紋,,,2
紌,tɕʰ,,2
納,n,a,4
紎,ts,i,1
紏,tʰ,oʊ,3
紐,n,,3
紑,f,oʊ,2
紒,tɕ,i,4
紓,ʂ,u,1
純,ʈʂʰ,,2
紕,pʰ,i,1
紖,ʈʂ,ən,4
紗,ʂ,a,1
紘,x,ʊŋ,2
紙,ʈʂ,i,3
級,tɕ,i,2
紛,f,ən,1
紜,,yn,2
紝,ʐ,ən,4
紞,t,an,3
紟,tɕ,in,1
素,s,u,4
紡,f,ɑŋ,3
索,s,uɔ,3
紣,tsʰ,,4
紤,tɕ,,3
紥,ts,a,1
紦,p,a,a
紧,tɕ,in,3
紨,f,u,1
紩,ʈʂ,i,4
紪,tɕʰ,i,1
紫,ts,i,3
紬,ʈʂʰ,oʊ,2
紭,x,ʊŋ,2
紮,ts,a,1
累,l,ei,4
細,ɕ,i,4
紱,f,u,2
紲,ɕ,je,4
紳,ʂ,ən,1
紴,p,uɔ,1
紵,ʈʂ,u,4
紶,tɕʰ,y,1
紷,l,iŋ,2
紸,ʈʂ,u,4
紹,ʂ,ɑʊ,4
紺,k,an,4
紻,,jɑŋ,3
紼,f,u,2
紽,tʰ,uɔ,2
紾,ʈʂ,ən,3
紿,t,ai,4
絀,ʈʂʰ,u,4
絁,ʂ,i,1
終,ʈʂ,ʊŋ,1
絃,ɕ,jɛn,2
組,ts,u,3
絅,tɕ,jʊŋ,1
絆,p,an,4
絇,tɕʰ,y,2
絈,m,uɔ,4
絉,ʂ,u,4
絊,ts,,4
絋,kʰ,wɑŋ,4
経,tɕ,iŋ,1
絍,ʐ,ən,4
絎,x,ɑŋ,2
絏,ɕ,je,4
結,tɕ,je,2
絑,ʈʂ,u,1
絒,ʈʂʰ,oʊ,2
絓,k,wa,4
絔,p,ai,3
絕,tɕ,yɛ,2
絖,kʰ,wɑŋ,4
絗,x,u,2
絘,tsʰ,i,4
絙,x,wan,2
絚,k,ɤŋ,1
絛,tʰ,ɑʊ,1
絜,tɕ,je,2
絝,kʰ,u,4
絞,tɕ,jɑʊ,3
絟,tɕʰ,yan,2
絠,k,ai,3
絡,l,uɔ,4
絢,ɕ,yan,4
絣,p,ɤŋ,1
絤,ɕ,jɛn,4
絥,f,u,2
給,k,ei,3
絧,t,ʊŋ,4
絨,ʐ,ʊŋ,2
絩,tʰ,jɑʊ,4
絪,,in,1
絫,l,ei,3
絬,ɕ,je,4
絭,tɕ,yan,4
絮,ɕ,y,4
絯,k,ai,1
絰,t,je,2
統,tʰ,ʊŋ,3
絲,s,i,1
絳,tɕ,jɑŋ,4
絴,ɕ,jɑŋ,2
絵,x,,4
絶,tɕ,yɛ,2
絷,ʈʂ,i,2
絸,tɕ,jɛn,3
絹,tɕ,yan,4
絺,ʈʂʰ,i,1
絻,m,jɛn,3
絼,ʈʂ,ən,4
絽,l,y,3
絾,ʈʂʰ,ɤŋ,2
絿,tɕʰ,,2
綀,ʂ,u,1
綁,p,ɑŋ,3
綂,tʰ,ʊŋ,3
綃,ɕ,jɑʊ,1
綄,x,wan,2
綅,tɕʰ,in,1
綆,k,ɤŋ,3
綇,ɕ,,3
綈,tʰ,i,2
綉,tʰ,oʊ,4
綊,ɕ,je,2
綋,x,ʊŋ,2
綌,ɕ,i,4
綍,f,u,2
綎,tʰ,iŋ,1
綏,s,,1
綐,t,,4
綑,kʰ,,3
綒,f,u,1
經,tɕ,iŋ,1
綔,x,u,4
綕,ʈʂ,i,1
綖,,jɛn,2
綗,tɕ,jʊŋ,3
綘,f,ɤŋ,2
継,tɕ,i,4
続,ɕ,y,4
綛,ʐ,ən,3
綜,ts,ʊŋ,1
綝,ʈʂʰ,ən,1
綞,t,uɔ,3
綟,l,i,4
綠,l,y,4
綡,l,jɑŋ,2
綢,ʈʂʰ,oʊ,2
綣,tɕʰ,yan,3
綤,ʂ,ɑʊ,4
綥,tɕʰ,i,2
綦,tɕʰ,i,2
綧,ʈʂ,,3
綨,tɕʰ,i,2
綩,,wan,3
綪,tɕʰ,jɛn,4
綫,ɕ,jɛn,4
綬,ʂ,oʊ,4
維,,,2
綮,tɕʰ,i,3
綯,tʰ,ɑʊ,2
綰,,wan,3
綱,k,ɑŋ,1
網,,wɑŋ,3
綳,p,ɤŋ,1
綴,ʈʂ,,4
綵,tsʰ,ai,3
綶,k,uɔ,3
綷,tsʰ,,4
綸,l,,2
綹,l,,3
綺,tɕʰ,i,3
綻,ʈʂ,an,4
綼,p,i,4
綽,ʈʂʰ,uɔ,4
綾,l,iŋ,2
綿,m,jɛn,2
緀,tɕʰ,i,1
緁,tɕʰ,je,4
緂,tʰ,jɛn,2
緃,ts,ʊŋ,1
緄,k,,3
緅,ts,oʊ,1
緆,ɕ,i,1
緇,ts,i,1
緈,ɕ,iŋ,4
緉,l,jɑŋ,3
緊,tɕ,in,3
緋,f,ei,1
緌,ʐ,,2
緍,m,in,2
緎,,y,4
総,ts,ʊŋ,3
緐,f,an,2
緑,l,y,4
緒,ɕ,y,4
緓,,iŋ,1
緔,ʂ,ɑŋ,4
緕,tɕʰ,i,i
緖,ɕ,y,4
緗,ɕ,jɑŋ,1
緘,tɕ,jɛn,1
緙,kʰ,ɤ,4
線,ɕ,jɛn,4
緛,ʐ,wan,3
緜,m,jɛn,2
緝,tɕ,i,1
緞,t,wan,4
緟,ʈʂʰ,ʊŋ,2
締,t,i,4
緡,m,in,2
緢,m,jɑʊ,2
緣,,yan,2
緤,ɕ,je,4
緥,p,ɑʊ,3
緦,s,i,1
緧,tɕʰ,,1
編,p,jɛn,1
緩,x,wan,3
緪,k,ɤŋ,1
緫,tsʰ,ʊŋ,1
緬,m,jɛn,3
緭,,,4
緮,f,u,4
緯,,,3
緰,tʰ,oʊ,2
緱,k,oʊ,1
緲,m,jɑʊ,3
緳,ɕ,je,2
練,l,jɛn,4
緵,ts,ʊŋ,1
緶,p,jɛn,4
緷,,yn,4
緸,,in,1
緹,tʰ,i,2
緺,k,wa,1
緻,ʈʂ,i,4
緼,,yn,4
緽,ʈʂʰ,ɤŋ,1
緾,ʈʂʰ,an,2
緿,t,ai,4
縀,ɕ,ja,2
縁,,yan,2
縂,ts,ʊŋ,3
縃,ɕ,y,1
縄,ʂ,ɤŋ,2
縅,,,1
縆,k,ɤŋ,1
縇,ɕ,yan,1
縈,,iŋ,2
縉,tɕ,in,4
縊,,i,4
縋,ʈʂ,,4
縌,n,i,4
縍,p,ɑŋ,1
縎,k,u,3
縏,pʰ,an,2
縐,ʈʂ,oʊ,4
縑,tɕ,jɛn,1
縒,tsʰ,i,1
縓,tɕʰ,yan,2
縔,ʂ,wɑŋ,3
縕,,yn,4
縖,ɕ,ja,2
縗,tsʰ,,1
縘,ɕ,i,1
縙,ʐ,ʊŋ,2
縚,tʰ,ɑʊ,1
縛,f,u,4
縜,,yn,2
縝,ʈʂʰ,ən,1
縞,k,ɑʊ,3
縟,ʐ,u,4
縠,x,u,2
縡,ts,ai,4
縢,tʰ,ɤŋ,2
縣,ɕ,jɛn,4
縤,s,u,4
縥,ʈʂ,ən,3
縦,ts,ʊŋ,4
縧,tʰ,ɑʊ,1
縨,x,wɑŋ,3
縩,tsʰ,ai,4
縪,p,i,4
縫,f,ɤŋ,4
縬,tsʰ,u,4
縭,l,i,2
縮,s,uɔ,1
縯,,jɛn,3
縰,ɕ,i,3
縱,ts,ʊŋ,4
縲,l,ei,2
縳,tɕ,yan,4
縴,tɕʰ,jɛn,4
縵,m,an,4
縶,ʈʂ,i,2
縷,l,y,3
縸,m,u,4
縹,pʰ,jɑʊ,3
縺,l,jɛn,2
縻,m,i,2
縼,ɕ,yan,4
總,ts,ʊŋ,3
績,tɕ,i,1
縿,ʂ,an,1
繀,s,,4
繁,f,an,2
繂,l,y,4
繃,p,ɤŋ,3
繄,,i,1
繅,s,ɑʊ,1
繆,m,oʊ,2
繇,,jɑʊ,2
繈,tɕʰ,jɑŋ,3
繉,x,,2
繊,ɕ,jɛn,1
繋,tɕ,i,4
繌,ʂ,a,a
繍,ɕ,,4
繎,ʐ,an,2
繏,ɕ,yan,4
繐,s,,4
繑,tɕʰ,jɑʊ,1
繒,ts,ɤŋ,1
繓,ts,uɔ,3
織,ʈʂ,i,1
繕,ʂ,an,4
繖,s,an,3
繗,l,in,2
繘,,y,4
繙,f,an,1
繚,l,jɑʊ,2
繛,ʈʂʰ,uɔ,4
繜,ts,,1
繝,tɕ,jɛn,4
繞,ʐ,ɑʊ,4
繟,ʈʂʰ,an,3
繠,ʐ,,3
繡,ɕ,,4
繢,x,,4
繣,x,wa,4
繤,ts,wan,3
繥,ɕ,i,1
繦,tɕʰ,jɑŋ,3
繧,,yn,n
繨,t,a,a
繩,ʂ,ɤŋ,2
繪,x,,4
繫,ɕ,i,4
繬,s,ɤ,4
繭,tɕ,jɛn,3
繮,tɕ,jɑŋ,1
繯,x,wan,2
繰,ts,ɑʊ,3
繱,tsʰ,ʊŋ,1
繲,ɕ,je,4
繳,tɕ,jɑʊ,3
繴,p,i,4
繵,t,an,4
繶,,i,4
繷,n,ʊŋ,3
繸,s,,4
繹,,i,4
繺,ʂ,ai,3
繻,ɕ,y,1
繼,tɕ,i,4
繽,p,in,1
繾,tɕʰ,jɛn,3
繿,l,an,2
纀,pʰ,u,2
纁,ɕ,yn,1
纂,ts,wan,3
纃,tɕʰ,i,2
纄,pʰ,ɤŋ,2
纅,,jɑʊ,4
纆,m,uɔ,4
纇,l,ei,4
纈,ɕ,je,2
纉,ts,wan,3
纊,kʰ,wɑŋ,4
纋,,,1
續,ɕ,y,4
纍,l,ei,2
纎,ɕ,jɛn,1
纏,ʈʂʰ,an,2
纐,tɕ,jɑʊ,3
纑,l,u,2
纒,ʈʂʰ,an,2
纓,,iŋ,1
纔,tsʰ,ai,2
纕,ʐ,ɑŋ,3
纖,ɕ,jɛn,1
纗,ts,,1
纘,ts,wan,3
纙,l,uɔ,4
纚,l,i,2
纛,t,ɑʊ,4
纜,l,an,3
纝,l,ei,2
纞,l,jɛn,4
纟,s,i,1
纠,tɕ,,1
纡,,y,1
红,x,ʊŋ,2
纣,ʈʂ,oʊ,4
纤,ɕ,jɛn,1
纥,k,ɤ,1
约,,yɛ,1
级,tɕ,i,2
纨,,wan,2
纩,kʰ,wɑŋ,4
纪,tɕ,i,4
纫,ʐ,ən,4
纬,,,3
纭,,yn,2
纮,x,ʊŋ,2
纯,ʈʂʰ,,2
纰,pʰ,i,1
纱,ʂ,a,1
纲,k,ɑŋ,1
纳,n,a,4
纴,ʐ,ən,4
纵,ts,ʊŋ,4
纶,l,,2
纷,f,ən,1
纸,ʈʂ,i,3
纹,,,2
纺,f,ɑŋ,3
纻,ʈʂ,u,4
纼,ʈʂ,ən,4
纽,n,,3
纾,ʂ,u,1
线,ɕ,jɛn,4
绀,k,an,4
绁,ɕ,je,4
绂,f,u,2
练,l,jɛn,4
组,ts,u,3
绅,ʂ,ən,1
细,ɕ,i,4
织,ʈʂ,i,1
终,ʈʂ,ʊŋ,1
绉,ʈʂ,oʊ,4
绊,p,an,4
绋,f,u,2
绌,ʈʂʰ,u,4
绍,ʂ,ɑʊ,4
绎,,i,4
经,tɕ,iŋ,1
绐,t,ai,4
绑,p,ɑŋ,3
绒,ʐ,ʊŋ,2
结,tɕ,je,2
绔,kʰ,u,4
绕,ʐ,ɑʊ,4
绖,t,je,2
绗,x,ɑŋ,2
绘,x,,4
给,k,ei,3
绚,ɕ,yan,4
绛,tɕ,jɑŋ,4
络,l,uɔ,4
绝,tɕ,yɛ,2
绞,tɕ,jɑʊ,3
统,tʰ,ʊŋ,3
绠,k,ɤŋ,3
绡,ɕ,jɑʊ,1
绢,tɕ,yan,4
绣,ɕ,,4
绤,ɕ,i,4
绥,s,,2
绦,tʰ,ɑʊ,1
继,tɕ,i,4
绨,tʰ,i,2
绩,tɕ,i,4
绪,ɕ,y,4
绫,l,iŋ,2
绬,,iŋ,1
续,ɕ,y,4
绮,tɕʰ,i,3
绯,f,ei,1
绰,ʈʂʰ,uɔ,4
绱,ʂ,ɑŋ,4
绲,k,,3
绳,ʂ,ɤŋ,2
维,,,2
绵,m,jɛn,2
绶,ʂ,oʊ,4
绷,p,ɤŋ,1
绸,ʈʂʰ,oʊ,2
绹,tʰ,ɑʊ,2
绺,l,,3
绻,tɕʰ,yan,3
综,ts,ʊŋ,1
绽,ʈʂ,an,4
绾,,wan,3
绿,l,y,4
缀,ʈʂ,,4
缁,ts,i,1
缂,kʰ,ɤ,4
缃,ɕ,jɑŋ,1
缄,tɕ,jɛn,1
缅,m,jɛn,3
缆,l,an,3
缇,tʰ,i,2
缈,m,jɑʊ,3
缉,tɕ,i,1
缊,,yn,1
缋,x,,4
缌,s,i,1
缍,t,uɔ,3
缎,t,wan,4
缏,p,jɛn,4
缐,ɕ,jɛn,4
缑,k,oʊ,1
缒,ʈʂ,,4
缓,x,wan,3
缔,t,i,4
缕,l,y,3
编,p,jɛn,1
缗,m,in,2
缘,,yan,2
缙,tɕ,in,4
缚,f,u,4
缛,ʐ,u,4
缜,ʈʂ,ən,3
缝,f,ɤŋ,4
缞,tsʰ,,1
缟,k,ɑʊ,3
缠,ʈʂʰ,an,2
缡,l,i,2
缢,,i,4
缣,tɕ,jɛn,1
缤,p,in,1
缥,pʰ,jɑʊ,1
缦,m,an,4
缧,l,ei,2
缨,,iŋ,1
缩,s,uɔ,1
缪,m,oʊ,2
缫,s,ɑʊ,1
缬,ɕ,je,2
缭,l,jɑʊ,2
缮,ʂ,an,4
缯,ts,ɤŋ,1
缰,tɕ,jɑŋ,1
缱,tɕʰ,jɛn,3
缲,tɕʰ,jɑʊ,1
缳,x,wan,2
缴,tɕ,jɑʊ,3
缵,ts,wan,3
缶,f,oʊ,3
缷,ɕ,je,4
缸,k,ɑŋ,1
缹,f,oʊ,3
缺,tɕʰ,yɛ,1
缻,f,oʊ,3
缼,tɕʰ,i,i
缽,p,uɔ,1
缾,pʰ,iŋ,2
缿,ɕ,jɑŋ,4
罀,ʈʂ,ɑʊ,o
罁,k,ɑŋ,1
罂,,iŋ,1
罃,,iŋ,1
罄,tɕʰ,iŋ,4
罅,ɕ,ja,4
罆,k,wan,4
罇,ts,,1
罈,tʰ,an,2
罉,ʈʂʰ,ɤŋ,1
罊,tɕʰ,i,4
罋,,,4
罌,,iŋ,1
罍,l,ei,2
罎,tʰ,an,2
罏,l,u,2
罐,k,wan,4
网,,wɑŋ,3
罒,,wɑŋ,3
罓,k,ɑŋ,1
罔,,wɑŋ,3
罕,x,an,3
罖,l,uɔ,2
罗,l,uɔ,2
罘,f,u,2
罙,ʂ,ən,1
罚,f,a,2
罛,k,u,1
罜,ʈʂ,u,3
罝,tɕ,y,1
罞,m,ɑʊ,2
罟,k,u,3
罠,m,in,2
罡,k,ɑŋ,1
罢,p,a,4
罣,k,wa,4
罤,tʰ,i,2
罥,tɕ,yan,4
罦,f,u,2
罧,ʂ,ən,4
罨,,jɛn,3
罩,ʈʂ,ɑʊ,4
罪,ts,,4
罫,k,wa,4
罬,ʈʂ,uɔ,2
罭,,y,4
置,ʈʂ,i,4
罯,,an,3
罰,f,a,2
罱,l,an,3
署,ʂ,u,3
罳,s,i,1
罴,pʰ,i,2
罵,m,a,4
罶,l,,3
罷,p,a,4
罸,f,a,2
罹,l,i,2
罺,ʈʂʰ,ɑʊ,2
罻,,,4
罼,p,i,4
罽,tɕ,i,4
罾,ts,ɤŋ,1
罿,ʈʂʰ,ʊŋ,1
羀,l,,3
羁,tɕ,i,1
羂,tɕ,yan,4
羃,m,i,4
羄,ʈʂ,ɑʊ,4
羅,l,uɔ,2
羆,pʰ,i,2
羇,tɕ,i,1
羈,tɕ,i,1
羉,l,wan,2
羊,,jɑŋ,2
羋,m,i,3
羌,tɕʰ,jɑŋ,1
羍,t,a,2
美,m,ei,3
羏,,jɑŋ,2
羐,,,3
羑,,,3
羒,f,ən,2
羓,p,a,1
羔,k,ɑʊ,1
羕,,jɑŋ,4
羖,k,u,3
羗,tɕʰ,jɑŋ,1
羘,ts,ɑŋ,1
羙,k,ɑʊ,1
羚,l,iŋ,2
羛,,i,4
羜,ʈʂ,u,4
羝,t,i,1
羞,ɕ,,1
羟,tɕʰ,jɑŋ,3
羠,,i,2
羡,ɕ,jɛn,4
羢,ʐ,ʊŋ,2
羣,tɕʰ,yn,2
群,tɕʰ,yn,2
羥,tɕʰ,jɑŋ,3
羦,x,wan,2
羧,s,uɔ,1
羨,ɕ,jɛn,4
義,,i,4
羪,,jɑŋ,g
羫,tɕʰ,jɑŋ,1
羬,tɕʰ,jɛn,2
羭,,y,2
羮,k,ɤŋ,1
羯,tɕ,je,2
羰,tʰ,ɑŋ,1
羱,,yan,2
羲,ɕ,i,1
羳,f,an,2
羴,ʂ,an,1
羵,f,ən,2
羶,ʂ,an,1
羷,l,jɛn,3
羸,l,ei,2
羹,k,ɤŋ,1
羺,n,oʊ,2
羻,tɕʰ,jɑŋ,4
羼,ʈʂʰ,an,4
羽,,y,3
羾,k,ʊŋ,4
羿,,i,4
翀,ʈʂʰ,ʊŋ,1
翁,,,1
翂,f,ən,1
翃,x,ʊŋ,2
翄,ʈʂʰ,i,4
翅,ʈʂʰ,i,4
翆,tsʰ,,4
翇,f,u,2
翈,ɕ,ja,2
翉,p,ən,3
翊,,i,4
翋,l,a,1
翌,,i,4
翍,pʰ,i,1
翎,l,iŋ,2
翏,l,,4
翐,ʈʂ,i,4
翑,tɕʰ,y,2
習,ɕ,i,2
翓,ɕ,je,2
翔,ɕ,jɑŋ,2
翕,ɕ,i,1
翖,ɕ,i,1
翗,kʰ,ɤ,2
翘,tɕʰ,jɑʊ,4
翙,x,,4
翚,x,,1
翛,ɕ,jɑʊ,1
翜,ʂ,a,4
翝,x,ʊŋ,2
翞,tɕ,jɑŋ,1
翟,t,i,2
翠,tsʰ,,4
翡,f,ei,3
翢,t,ɑʊ,4
翣,ʂ,a,4
翤,ʈʂʰ,i,4
翥,ʈʂ,u,4
翦,tɕ,jɛn,3
翧,ɕ,yan,1
翨,ʈʂʰ,i,4
翩,pʰ,jɛn,1
翪,ts,ʊŋ,1
翫,,wan,2
翬,x,,1
翭,x,oʊ,2
翮,x,ɤ,2
翯,x,ɤ,4
翰,x,an,4
翱,,ɑʊ,2
翲,pʰ,jɑʊ,1
翳,,i,4
翴,l,jɛn,2
翵,x,oʊ,2
翶,,ɑʊ,2
翷,l,in,2
翸,pʰ,ən,3
翹,tɕʰ,jɑʊ,4
翺,,ɑʊ,2
翻,f,an,1
翼,,i,4
翽,x,,4
翾,ɕ,yan,1
翿,t,ɑʊ,4
耀,,jɑʊ,4
老,l,ɑʊ,3
耂,l,ɑʊ,3
考,kʰ,ɑʊ,3
耄,m,ɑʊ,4
者,ʈʂ,ɤ,3
耆,tɕʰ,i,2
耇,k,oʊ,3
耈,k,oʊ,3
耉,k,oʊ,3
耊,t,je,2
耋,t,je,2
而,,,2
耍,ʂ,wa,3
耎,ʐ,wan,3
耏,n,ai,4
耐,n,ai,4
耑,t,wan,1
耒,l,ei,3
耓,tʰ,iŋ,1
耔,ts,i,3
耕,k,ɤŋ,1
耖,ʈʂʰ,ɑʊ,4
耗,x,ɑʊ,4
耘,,yn,2
耙,p,a,4
耚,pʰ,i,1
耛,,i,2
耜,s,i,4
耝,tɕʰ,y,4
耞,tɕ,ja,1
耟,tɕ,y,4
耠,x,uɔ,1
耡,ʈʂʰ,u,2
耢,l,ɑʊ,4
耣,l,,3
耤,tɕ,i,2
耥,tʰ,ɑŋ,1
耦,,oʊ,3
耧,l,oʊ,2
耨,n,oʊ,4
耩,tɕ,jɑŋ,3
耪,pʰ,ɑŋ,3
耫,ʈʂ,a,2
耬,l,oʊ,2
耭,tɕ,i,1
耮,l,ɑʊ,4
耯,x,uɔ,4
耰,,,1
耱,m,uɔ,4
耲,x,wai,2
耳,,,3
耴,,i,4
耵,t,iŋ,1
耶,,je,2
耷,t,a,1
耸,s,ʊŋ,3
耹,tɕʰ,in,2
耺,,yn,2
耻,ʈʂʰ,i,3
耼,t,an,1
耽,t,an,1
耾,x,ʊŋ,2
耿,k,ɤŋ,3
聀,ʈʂ,i,2
聁,pʰ,an,4
聂,n,je,4
聃,t,an,1
聄,ʈʂ,ən,3
聅,ʈʂʰ,ɤ,4
聆,l,iŋ,2
聇,ʈʂ,ɤŋ,1
聈,,,3
聉,,wa,4
聊,l,jɑʊ,2
聋,l,ʊŋ,2
职,ʈʂ,i,2
聍,n,iŋ,2
聎,tʰ,jɑʊ,1
聏,,,2
聐,,ja,4
聑,tʰ,je,1
聒,k,wa,1
聓,ɕ,y,4
联,l,jɛn,2
聕,x,ɑʊ,4
聖,ʂ,ɤŋ,4
聗,l,je,4
聘,pʰ,in,4
聙,tɕ,iŋ,1
聚,tɕ,y,4
聛,p,i,3
聜,t,i,3
聝,k,uɔ,2
聞,,,2
聟,ɕ,y,4
聠,pʰ,iŋ,1
聡,tsʰ,ʊŋ,1
聢,t,iŋ,4
聣,n,i,2
聤,tʰ,iŋ,2
聥,tɕ,y,3
聦,tsʰ,ʊŋ,1
聧,kʰ,,1
聨,l,jɛn,2
聩,kʰ,,4
聪,tsʰ,ʊŋ,1
聫,l,jɛn,2
聬,,,3
聭,kʰ,,4
聮,l,jɛn,2
聯,l,jɛn,2
聰,tsʰ,ʊŋ,1
聱,,ɑʊ,2
聲,ʂ,ɤŋ,1
聳,s,ʊŋ,3
聴,tʰ,iŋ,1
聵,kʰ,,4
聶,n,je,4
職,ʈʂ,i,2
聸,t,an,1
聹,n,iŋ,2
聺,tɕʰ,je,2
聻,n,i,3
聼,tʰ,iŋ,1
聽,tʰ,iŋ,1
聾,l,ʊŋ,2
聿,,y,4
肀,,y,4
肁,ʈʂ,ɑʊ,4
肂,s,i,4
肃,s,u,4
肄,,i,4
肅,s,u,4
肆,s,i,4
肇,ʈʂ,ɑʊ,4
肈,ʈʂ,ɑʊ,4
肉,ʐ,oʊ,4
肊,,i,4
肋,l,ɤ,1
肌,tɕ,i,1
肍,tɕʰ,,2
肎,kʰ,ən,3
肏,tsʰ,ɑʊ,4
肐,k,ɤ,1
肑,p,uɔ,2
肒,x,wan,4
肓,x,wɑŋ,1
肔,ʈʂʰ,i,3
肕,ʐ,ən,4
肖,ɕ,jɑʊ,4
肗,ʐ,u,3
肘,ʈʂ,oʊ,3
肙,,yan,4
肚,t,u,4
肛,k,ɑŋ,1
肜,ʐ,ʊŋ,2
肝,k,an,1
肞,ʈʂʰ,a,1
肟,,uɔ,4
肠,ʈʂʰ,ɑŋ,2
股,k,u,3
肢,ʈʂ,i,1
肣,x,an,2
肤,f,u,1
肥,f,ei,2
肦,f,ən,2
肧,pʰ,ei,1
肨,pʰ,ɑŋ,4
肩,tɕ,jɛn,1
肪,f,ɑŋ,2
肫,ʈʂ,,1
肬,,,2
肭,n,a,4
肮,,ɑŋ,1
肯,kʰ,ən,3
肰,ʐ,an,2
肱,k,ʊŋ,1
育,,y,4
肳,,,3
肴,,jɑʊ,2
肵,tɕʰ,i,2
肶,pʰ,i,2
肷,tɕʰ,jɛn,3
肸,ɕ,i,1
肹,ɕ,i,1
肺,f,ei,4
肻,kʰ,ən,3
肼,tɕ,iŋ,3
肽,tʰ,ai,4
肾,ʂ,ən,4
肿,ʈʂ,ʊŋ,3
胀,ʈʂ,ɑŋ,4
胁,ɕ,je,2
胂,ʂ,ən,4
胃,,,4
胄,ʈʂ,oʊ,4
胅,t,je,2
胆,t,an,3
胇,f,ei,4
胈,p,a,2
胉,p,uɔ,2
胊,tɕʰ,y,2
胋,tʰ,jɛn,2
背,p,ei,4
胍,k,wa,1
胎,tʰ,ai,1
胏,ts,i,3
胐,f,ei,3
胑,ʈʂ,i,1
胒,n,i,4
胓,pʰ,iŋ,2
胔,ts,i,4
胕,f,u,3
胖,pʰ,ɑŋ,4
胗,ʈʂ,ən,1
胘,ɕ,jɛn,2
胙,ts,uɔ,4
胚,pʰ,ei,1
胛,tɕ,ja,3
胜,ʂ,ɤŋ,4
胝,ʈʂ,i,1
胞,p,ɑʊ,1
胟,m,u,3
胠,tɕʰ,y,1
胡,x,u,2
胢,kʰ,ɤ,1
胣,ʈʂʰ,i,3
胤,,in,4
胥,ɕ,y,1
胦,,jɑŋ,1
胧,l,ʊŋ,2
胨,t,ʊŋ,4
胩,kʰ,a,3
胪,l,u,2
胫,tɕ,iŋ,4
胬,n,u,3
胭,,jɛn,1
胮,pʰ,ɑŋ,1
胯,kʰ,wa,4
胰,,i,2
胱,k,wɑŋ,1
胲,x,ai,3
胳,k,ɤ,1
胴,t,ʊŋ,4
胵,ʈʂʰ,i,1
胶,tɕ,jɑʊ,1
胷,ɕ,jʊŋ,1
胸,ɕ,jʊŋ,1
胹,,,2
胺,,an,4
胻,x,ɤŋ,2
胼,pʰ,jɛn,2
能,n,ɤŋ,2
胾,ts,i,4
胿,k,,1
脀,ʈʂʰ,ɤŋ,2
脁,tʰ,jɑʊ,3
脂,ʈʂ,i,1
脃,tsʰ,,4
脄,m,ei,2
脅,ɕ,je,2
脆,tsʰ,,4
脇,ɕ,je,2
脈,m,ai,4
脉,m,ai,4
脊,tɕ,i,2
脋,ɕ,je,2
脌,n,in,n
脍,kʰ,wai,4
脎,s,a,4
脏,ts,ɑŋ,4
脐,tɕʰ,i,2
脑,n,ɑʊ,3
脒,m,i,3
脓,n,ʊŋ,2
脔,l,wan,2
脕,,wan,4
脖,p,uɔ,2
脗,,,3
脘,,wan,3
脙,ɕ,,1
脚,tɕ,jɑʊ,3
脛,tɕ,iŋ,4
脜,,,3
脝,x,ɤŋ,1
脞,tsʰ,uɔ,3
脟,l,je,4
脠,ʂ,an,1
脡,tʰ,iŋ,3
脢,m,ei,2
脣,ʈʂʰ,,2
脤,ʂ,ən,4
脥,tɕʰ,jɛn,3
脦,t,ɤ,e
脧,tɕ,yan,1
脨,tsʰ,u,4
脩,ɕ,,1
脪,ɕ,in,4
脫,tʰ,uɔ,1
脬,pʰ,ɑʊ,1
脭,ʈʂʰ,ɤŋ,2
脮,n,ei,3
脯,pʰ,u,2
脰,t,oʊ,4
脱,tʰ,uɔ,1
脲,n,jɑʊ,4
脳,n,ɑʊ,3
脴,pʰ,i,3
脵,k,u,3
脶,l,uɔ,2
脷,l,i,4
脸,l,jɛn,3
脹,ʈʂ,ɑŋ,4
脺,tsʰ,,4
脻,tɕ,je,1
脼,l,jɑŋ,3
脽,ʂ,,2
脾,pʰ,i,2
脿,p,jɑʊ,1
腀,l,,2
腁,pʰ,jɛn,2
腂,l,ei,3
腃,kʰ,,4
腄,ʈʂʰ,,2
腅,t,an,4
腆,tʰ,jɛn,3
腇,n,ei,3
腈,tɕ,iŋ,1
腉,n,ai,2
腊,l,a,4
腋,,je,4
腌,,jɛn,1
腍,ʐ,ən,4
腎,ʂ,ən,4
腏,ʈʂʰ,uɔ,4
腐,f,u,3
腑,f,u,3
腒,tɕ,y,1
腓,f,ei,2
腔,tɕʰ,jɑŋ,1
腕,,wan,4
腖,t,ʊŋ,4
腗,pʰ,i,2
腘,k,uɔ,2
腙,ts,ʊŋ,1
腚,t,iŋ,4
腛,,uɔ,4
腜,m,ei,2
腝,n,i,2
腞,ʈʂ,wan,4
腟,ʈʂʰ,i,4
腠,tsʰ,oʊ,4
腡,l,uɔ,2
腢,,oʊ,3
腣,t,i,4
腤,,an,1
腥,ɕ,iŋ,1
腦,n,ɑʊ,3
腧,ʂ,u,4
腨,ʂ,wan,4
腩,n,an,3
腪,,yn,4
腫,ʈʂ,ʊŋ,3
腬,ʐ,oʊ,2
腭,,ɤ,4
腮,s,ai,1
腯,tʰ,u,2
腰,,jɑʊ,1
腱,tɕ,jɛn,4
腲,,,3
腳,tɕ,jɑʊ,3
腴,,y,2
腵,tɕ,ja,1
腶,t,wan,4
腷,p,i,4
腸,ʈʂʰ,ɑŋ,2
腹,f,u,4
腺,ɕ,jɛn,4
腻,n,i,4
腼,m,jɛn,3
腽,,wa,4
腾,tʰ,ɤŋ,2
腿,tʰ,,3
膀,p,ɑŋ,3
膁,tɕʰ,jɛn,3
膂,l,y,3
膃,,wa,4
膄,ʂ,oʊ,4
膅,tʰ,ɑŋ,2
膆,s,u,4
膇,ʈʂ,,4
膈,k,ɤ,2
膉,,i,4
膊,p,uɔ,2
膋,l,jɑʊ,2
膌,tɕ,i,2
膍,pʰ,i,2
膎,ɕ,je,2
膏,k,ɑʊ,1
膐,l,y,3
膑,p,in,4
膒,,oʊ,1
膓,ʈʂʰ,ɑŋ,2
膔,l,u,4
膕,k,uɔ,2
膖,pʰ,ɑŋ,1
膗,ʈʂʰ,wai,2
膘,p,jɑʊ,1
膙,tɕ,jɑŋ,3
膚,f,u,1
膛,tʰ,ɑŋ,2
膜,m,uɔ,2
膝,ɕ,i,1
膞,ʈʂ,wan,1
膟,l,y,4
膠,tɕ,jɑʊ,1
膡,,iŋ,4
膢,l,y,2
膣,ʈʂ,i,4
膤,ɕ,yɛ,3
膥,tsʰ,,1
膦,l,in,4
膧,tʰ,ʊŋ,2
膨,pʰ,ɤŋ,2
膩,n,i,4
膪,ʈʂʰ,wai,4
膫,l,jɑʊ,2
膬,tsʰ,,4
膭,k,,1
膮,ɕ,jɑʊ,1
膯,tʰ,ɤŋ,1
膰,f,an,2
膱,ʈʂ,i,2
膲,tɕ,jɑʊ,1
膳,ʂ,an,4
膴,x,u,1
膵,tsʰ,,4
膶,ʐ,,4
膷,ɕ,jɑŋ,1
膸,s,,3
膹,f,ən,4
膺,,iŋ,1
膻,ʂ,an,1
膼,ʈʂ,wa,1
膽,t,an,3
膾,kʰ,wai,4
膿,n,ʊŋ,2
臀,tʰ,,2
臁,l,jɛn,2
臂,p,i,4
臃,,jʊŋ,1
臄,tɕ,yɛ,2
臅,ʈʂʰ,u,4
臆,,i,4
臇,tɕ,yan,3
臈,l,a,4
臉,l,jɛn,3
臊,s,ɑʊ,1
臋,tʰ,,2
臌,k,u,3
臍,tɕʰ,i,2
臎,tsʰ,,4
臏,p,in,4
臐,ɕ,yn,1
臑,n,ɑʊ,4
臒,,uɔ,4
臓,ts,ɑŋ,4
臔,ɕ,jɛn,4
臕,p,jɑʊ,1
臖,ɕ,iŋ,4
臗,kʰ,wan,1
臘,l,a,4
臙,,jɛn,1
臚,l,u,2
臛,x,uɔ,4
臜,ts,a,1
臝,l,uɔ,3
臞,tɕʰ,y,2
臟,ts,ɑŋ,4
臠,l,wan,2
臡,n,i,2
臢,ts,a,1
臣,ʈʂʰ,ən,2
臤,tɕʰ,jɛn,1
臥,,uɔ,4
臦,k,wɑŋ,4
臧,ts,ɑŋ,1
臨,l,in,2
臩,k,wɑŋ,3
自,ts,i,4
臫,tɕ,jɑʊ,3
臬,n,je,4
臭,ʈʂʰ,oʊ,4
臮,tɕ,i,4
臯,k,ɑʊ,1
臰,ʈʂʰ,oʊ,4
臱,m,jɛn,2
臲,n,je,4
至,ʈʂ,i,4
致,ʈʂ,i,4
臵,k,ɤ,2
臶,tɕ,jɛn,4
臷,t,je,2
臸,ʈʂ,i,1
臹,ɕ,,1
臺,tʰ,ai,2
臻,ʈʂ,ən,1
臼,tɕ,,4
臽,ɕ,jɛn,4
臾,,y,2
臿,ʈʂʰ,a,1
舀,,jɑʊ,3
舁,,y,2
舂,ʈʂʰ,ʊŋ,1
舃,ɕ,i,4
舄,ɕ,i,4
舅,tɕ,,4
舆,,y,2
與,,y,3
興,ɕ,iŋ,4
舉,tɕ,y,3
舊,tɕ,,4
舋,ɕ,in,4
舌,ʂ,ɤ,2
舍,ʂ,ɤ,3
舎,ʂ,ɤ,4
舏,tɕ,,3
舐,ʂ,i,4
舑,tʰ,an,1
舒,ʂ,u,1
舓,ʂ,i,4
舔,tʰ,jɛn,3
舕,tʰ,an,4
舖,pʰ,u,4
舗,pʰ,u,4
舘,k,wan,3
舙,x,wa,4
舚,tʰ,jɛn,4
舛,ʈʂʰ,wan,3
舜,ʂ,,4
舝,ɕ,ja,2
舞,,u,3
舟,ʈʂ,oʊ,1
舠,t,ɑʊ,1
舡,ʈʂʰ,wan,2
舢,ʂ,an,1
舣,,i,3
舤,f,an,2
舥,pʰ,a,1
舦,tʰ,ai,4
舧,f,an,2
舨,p,an,3
舩,ʈʂʰ,wan,2
航,x,ɑŋ,2
舫,f,ɑŋ,3
般,p,an,1
舭,p,i,3
舮,l,u,2
舯,ʈʂ,ʊŋ,1
舰,tɕ,jɛn,4
舱,tsʰ,ɑŋ,1
舲,l,iŋ,2
舳,ʈʂ,u,2
舴,ts,ɤ,2
舵,t,uɔ,4
舶,p,uɔ,2
舷,ɕ,jɛn,2
舸,k,ɤ,3
船,ʈʂʰ,wan,2
舺,ɕ,ja,2
舻,l,u,2
舼,tɕʰ,jʊŋ,2
舽,pʰ,ɑŋ,2
舾,ɕ,i,1
舿,kʰ,wa,1
艀,f,u,2
艁,ts,ɑʊ,4
艂,f,ɤŋ,2
艃,l,i,2
艄,ʂ,ɑʊ,1
艅,,y,2
艆,l,ɑŋ,2
艇,tʰ,iŋ,3
艈,,y,4
艉,,,3
艊,p,uɔ,2
艋,m,ɤŋ,3
艌,n,jɛn,4
艍,tɕ,y,1
艎,x,wɑŋ,2
艏,ʂ,oʊ,3
艐,kʰ,ɤ,4
艑,p,jɛn,4
艒,m,u,4
艓,t,je,2
艔,t,ɑʊ,4
艕,p,ɑŋ,4
艖,ʈʂʰ,a,1
艗,,i,4
艘,s,oʊ,1
艙,tsʰ,ɑŋ,1
艚,tsʰ,ɑʊ,2
艛,l,oʊ,2
艜,t,ai,4
艝,ɕ,yɛ,3
艞,,jɑʊ,4
艟,ʈʂʰ,ʊŋ,1
艠,t,ɤŋ,1
艡,t,ɑŋ,1
艢,tɕʰ,jɑŋ,2
艣,l,u,3
艤,,i,3
艥,tɕ,i,2
艦,tɕ,jɛn,4
艧,x,uɔ,4
艨,m,ɤŋ,2
艩,tɕʰ,i,2
艪,l,u,3
艫,l,u,2
艬,ʈʂʰ,an,2
艭,ʂ,wɑŋ,1
艮,k,ən,3
良,l,jɑŋ,2
艰,tɕ,jɛn,1
艱,tɕ,jɛn,1
色,s,ɤ,4
艳,,jɛn,4
艴,f,u,2
艵,pʰ,iŋ,1
艶,,jɛn,4
艷,,jɛn,4
艸,tsʰ,ɑʊ,3
艹,tsʰ,ɑʊ,3
艺,,i,4
艻,l,ɤ,4
艼,tʰ,iŋ,1
艽,tɕ,jɑʊ,1
艾,,ai,4
艿,n,ai,3
芀,tʰ,jɑʊ,2
芁,tɕ,jɑʊ,1
节,tɕ,je,2
芃,pʰ,ɤŋ,2
芄,,wan,2
芅,,i,4
芆,ʈʂʰ,ai,1
芇,m,jɛn,2
芈,m,i,3
芉,k,an,1
芊,tɕʰ,jɛn,1
芋,,y,4
芌,,y,4
芍,ʂ,ɑʊ,2
芎,tɕʰ,jʊŋ,1
芏,t,u,4
芐,x,u,4
芑,tɕʰ,i,3
芒,m,ɑŋ,2
芓,ts,i,4
芔,x,,4
芕,s,,1
芖,ʈʂ,i,4
芗,ɕ,jɑŋ,1
芘,pʰ,i,2
芙,f,u,2
芚,tʰ,,2
芛,,,3
芜,,u,2
芝,ʈʂ,i,1
芞,tɕʰ,i,4
芟,ʂ,an,1
芠,,,2
芡,tɕʰ,jɛn,4
芢,ʐ,ən,2
芣,f,u,2
芤,kʰ,oʊ,1
芥,tɕ,je,4
芦,l,u,2
芧,ɕ,y,4
芨,tɕ,i,1
芩,tɕʰ,in,2
芪,tɕʰ,i,2
芫,,jɛn,2
芬,f,ən,1
芭,p,a,1
芮,ʐ,,4
芯,ɕ,in,1
芰,tɕ,i,4
花,x,wa,1
芲,x,wa,1
芳,f,ɑŋ,1
芴,,u,4
芵,tɕ,yɛ,2
芶,k,oʊ,3
芷,ʈʂ,i,3
芸,,yn,2
芹,tɕʰ,in,2
芺,,ɑʊ,3
芻,ʈʂʰ,u,2
芼,m,ɑʊ,4
芽,,ja,2
芾,f,ei,4
芿,ʐ,ɤŋ,4
苀,x,ɑŋ,2
苁,tsʰ,ʊŋ,1
苂,,in,2
苃,,,3
苄,p,jɛn,4
苅,,i,4
苆,tɕʰ,je,1
苇,,,3
苈,l,i,4
苉,pʰ,i,3
苊,,ɤ,4
苋,ɕ,jɛn,4
苌,ʈʂʰ,ɑŋ,2
苍,tsʰ,ɑŋ,1
苎,ʈʂ,u,4
苏,s,u,1
苐,tʰ,i,2
苑,,yan,4
苒,ʐ,an,3
苓,l,iŋ,2
苔,tʰ,ai,2
苕,ʂ,ɑʊ,2
苖,t,i,2
苗,m,jɑʊ,2
苘,tɕʰ,iŋ,3
苙,l,i,4
苚,,jʊŋ,4
苛,kʰ,ɤ,1
苜,m,u,4
苝,p,ei,4
苞,p,ɑʊ,1
苟,k,oʊ,3
苠,m,in,2
苡,,i,3
苢,,i,3
苣,tɕ,y,4
苤,pʰ,je,3
若,ʐ,uɔ,4
苦,kʰ,u,3
苧,n,iŋ,2
苨,n,i,3
苩,p,uɔ,2
苪,p,iŋ,3
苫,ʂ,an,1
苬,ɕ,,2
苭,,jɑʊ,3
苮,ɕ,jɛn,1
苯,p,ən,3
苰,x,ʊŋ,2
英,,iŋ,1
苲,ʈʂ,a,3
苳,t,ʊŋ,1
苴,tɕ,y,1
苵,t,je,2
苶,n,je,2
苷,k,an,1
苸,x,u,1
苹,pʰ,iŋ,2
苺,m,ei,2
苻,f,u,2
苼,ʂ,ɤŋ,1
苽,k,u,1
苾,p,i,4
苿,,,4
茀,f,u,2
茁,ʈʂ,uɔ,2
茂,m,ɑʊ,4
范,f,an,4
茄,tɕ,ja,1
茅,m,ɑʊ,2
茆,m,ɑʊ,2
茇,p,a,2
茈,tsʰ,i,2
茉,m,uɔ,4
茊,ts,i,1
茋,ʈʂ,i,3
茌,ʈʂʰ,i,2
茍,tɕ,i,4
茎,tɕ,iŋ,1
茏,l,ʊŋ,2
茐,tsʰ,ʊŋ,1
茑,n,jɑʊ,3
茒,,yan,2
茓,ɕ,yɛ,2
茔,,iŋ,2
茕,tɕʰ,jʊŋ,2
茖,k,ɤ,2
茗,m,iŋ,2
茘,l,i,4
茙,ʐ,ʊŋ,2
茚,,in,4
茛,k,ən,4
茜,tɕʰ,jɛn,4
茝,ʈʂʰ,ai,3
茞,ʈʂʰ,ən,2
茟,,y,4
茠,x,ɑʊ,1
茡,ts,i,4
茢,l,je,4
茣,,u,2
茤,tɕ,i,4
茥,k,,1
茦,tsʰ,i,4
茧,tɕ,jɛn,3
茨,tsʰ,i,2
茩,k,oʊ,4
茪,k,wɑŋ,1
茫,m,ɑŋ,2
茬,ʈʂʰ,a,2
茭,tɕ,jɑʊ,1
茮,tɕ,jɑʊ,1
茯,f,u,2
茰,,y,2
茱,ʈʂ,u,1
茲,ts,i,1
茳,tɕ,jɑŋ,1
茴,x,,2
茵,,in,1
茶,ʈʂʰ,a,2
茷,f,a,2
茸,ʐ,ʊŋ,1
茹,ʐ,u,2
茺,ʈʂʰ,ʊŋ,1
茻,m,ɑŋ,3
茼,tʰ,ʊŋ,2
茽,ʈʂ,ʊŋ,4
茾,tɕʰ,jɛn,1
茿,ʈʂ,u,2
荀,ɕ,yn,2
荁,x,wan,2
荂,f,u,1
荃,tɕʰ,yan,2
荄,k,ai,1
荅,t,a,1
荆,tɕ,iŋ,1
荇,ɕ,iŋ,4
荈,ʈʂʰ,wan,3
草,tsʰ,ɑʊ,3
荊,tɕ,iŋ,1
荋,,,2
荌,,an,4
荍,tɕʰ,jɑʊ,2
荎,ʈʂʰ,i,2
荏,ʐ,ən,3
荐,tɕ,jɛn,4
荑,tʰ,i,2
荒,x,wɑŋ,1
荓,pʰ,iŋ,2
荔,l,i,4
荕,tɕ,in,1
荖,l,ɑʊ,3
荗,ʂ,u,4
荘,ʈʂ,wɑŋ,1
荙,t,a,2
荚,tɕ,ja,2
荛,ʐ,ɑʊ,2
荜,p,i,4
荝,tsʰ,ɤ,4
荞,tɕʰ,jɑʊ,2
荟,x,,4
荠,tɕ,i,4
荡,t,ɑŋ,4
荢,ts,i,4
荣,ʐ,ʊŋ,2
荤,x,,1
荥,ɕ,iŋ,2
荦,l,uɔ,4
荧,,iŋ,2
荨,ɕ,yn,2
荩,tɕ,in,4
荪,s,,1
荫,,in,1
荬,m,ai,3
荭,x,ʊŋ,2
荮,ʈʂ,oʊ,4
药,,jɑʊ,4
荰,t,u,4
荱,,,3
荲,l,i,2
荳,t,oʊ,4
荴,f,u,1
荵,ʐ,ən,3
荶,,in,2
荷,x,ɤ,2
荸,p,i,2
荹,p,u,4
荺,,yn,3
荻,t,i,2
荼,tʰ,u,2
荽,s,,1
荾,s,,1
荿,ʈʂʰ,ɤŋ,2
莀,ʈʂʰ,ən,2
莁,,u,2
莂,p,je,2
莃,ɕ,i,1
莄,k,ɤŋ,3
莅,l,i,4
莆,pʰ,u,2
莇,ʈʂ,u,4
莈,m,uɔ,4
莉,l,i,4
莊,ʈʂ,wɑŋ,1
莋,ts,uɔ,2
莌,tʰ,uɔ,1
莍,tɕʰ,,2
莎,ʂ,a,1
莏,s,uɔ,1
莐,ʈʂʰ,ən,2
莑,pʰ,ɤŋ,2
莒,tɕ,y,3
莓,m,ei,2
莔,m,ɤŋ,2
莕,ɕ,iŋ,4
莖,tɕ,iŋ,1
莗,ʈʂʰ,ɤ,1
莘,ʂ,ən,1
莙,tɕ,yn,1
莚,,jɛn,2
莛,tʰ,iŋ,2
莜,,,2
莝,tsʰ,uɔ,4
莞,k,wan,3
莟,x,an,4
莠,,,3
莡,tsʰ,uɔ,4
莢,tɕ,ja,2
莣,,wɑŋ,2
莤,s,u,4
莥,n,,3
莦,ʂ,ɑʊ,1
莧,ɕ,jɛn,4
莨,l,ɑŋ,4
莩,f,u,2
莪,,ɤ,2
莫,m,uɔ,4
莬,,,4
莭,tɕ,je,2
莮,n,an,2
莯,m,u,4
莰,kʰ,an,3
莱,l,ai,2
莲,l,jɛn,2
莳,ʂ,i,2
莴,,uɔ,1
莵,tʰ,u,4
莶,ɕ,jɛn,1
获,x,uɔ,4
莸,,,2
莹,,iŋ,2
莺,,iŋ,1
莻,k,ʊŋ,4
莼,ʈʂʰ,,2
莽,m,ɑŋ,3
莾,m,ɑŋ,3
莿,tsʰ,i,4
菀,,wan,3
菁,tɕ,iŋ,1
菂,t,i,4
菃,tɕʰ,y,2
菄,t,ʊŋ,1
菅,tɕ,jɛn,1
菆,ts,oʊ,1
菇,k,u,1
菈,l,a,1
菉,l,u,4
菊,tɕ,y,2
菋,,,4
菌,tɕ,yn,1
菍,n,je,4
菎,kʰ,,1
菏,x,ɤ,2
菐,pʰ,u,2
菑,ts,ai,1
菒,k,ɑʊ,3
菓,k,uɔ,3
菔,f,u,2
菕,l,,2
菖,ʈʂʰ,ɑŋ,1
菗,ʈʂʰ,oʊ,2
菘,s,ʊŋ,1
菙,ʈʂʰ,,2
菚,ʈʂ,an,4
菛,m,ən,2
菜,tsʰ,ai,4
菝,p,a,2
菞,l,i,2
菟,tʰ,u,2
菠,p,uɔ,1
菡,x,an,4
菢,p,ɑʊ,4
菣,tɕʰ,in,4
菤,tɕ,yan,3
菥,ɕ,i,1
菦,tɕʰ,in,2
菧,t,i,3
菨,tɕ,je,1
菩,pʰ,u,2
菪,t,ɑŋ,4
菫,tɕ,in,3
菬,tɕʰ,jɑʊ,2
菭,tʰ,ai,2
菮,k,ɤŋ,1
華,x,wa,2
菰,k,u,1
菱,l,iŋ,2
菲,f,ei,1
菳,tɕʰ,in,2
菴,,an,1
菵,,wɑŋ,3
菶,p,ɤŋ,3
菷,ʈʂ,oʊ,3
菸,,jɛn,1
菹,tɕ,y,1
菺,tɕ,jɛn,1
菻,l,in,3
菼,tʰ,an,3
菽,ʂ,u,1
菾,tʰ,jɛn,2
菿,t,ɑʊ,4
萀,x,u,3
萁,tɕʰ,i,2
萂,x,ɤ,2
萃,tsʰ,,4
萄,tʰ,ɑʊ,2
萅,ʈʂʰ,,1
萆,p,i,4
萇,ʈʂʰ,ɑŋ,2
萈,x,wan,2
萉,f,ei,4
萊,l,ai,2
萋,tɕʰ,i,1
萌,m,ɤŋ,2
萍,pʰ,iŋ,2
萎,,,1
萏,t,an,4
萐,ʂ,a,4
萑,x,wan,2
萒,,jɛn,3
萓,,i,2
萔,tʰ,jɑʊ,2
萕,tɕʰ,i,2
萖,,wan,3
萗,tsʰ,ɤ,4
萘,n,ai,4
萙,ʈʂ,ən,3
萚,tʰ,uɔ,4
萛,tɕ,,1
萜,tʰ,je,1
萝,l,uɔ,2
萞,p,i,4
萟,,i,4
萠,pʰ,an,1
萡,p,uɔ,o
萢,pʰ,ɑʊ,1
萣,t,iŋ,4
萤,,iŋ,2
营,,iŋ,2
萦,,iŋ,2
萧,ɕ,jɑʊ,1
萨,s,a,4
萩,tɕʰ,,1
萪,kʰ,ɤ,1
萫,ɕ,jɑŋ,4
萬,,wan,4
萭,,y,3
萮,,y,2
萯,f,u,4
萰,l,jɛn,4
萱,ɕ,yan,1
萲,ɕ,yan,1
萳,n,an,3
萴,tsʰ,ɤ,4
萵,,uɔ,1
萶,ʈʂʰ,,3
萷,ɕ,jɑʊ,1
萸,,y,2
萹,p,jɛn,3
萺,m,ɑʊ,4
萻,,an,1
萼,,ɤ,4
落,l,uɔ,4
萾,,iŋ,2
萿,kʰ,uɔ,4
葀,kʰ,uɔ,4
葁,tɕ,jɑŋ,1
葂,m,jɛn,3
葃,ts,uɔ,4
葄,ts,uɔ,4
葅,ts,u,1
葆,p,ɑʊ,3
葇,ʐ,oʊ,2
葈,ɕ,i,3
葉,,je,4
葊,,an,1
葋,tɕʰ,y,2
葌,tɕ,jɛn,1
葍,f,u,2
葎,l,y,4
葏,tɕ,iŋ,1
葐,pʰ,ən,2
葑,f,ɤŋ,1
葒,x,ʊŋ,2
葓,x,ʊŋ,2
葔,x,oʊ,2
葕,,jɛn,4
葖,tʰ,u,1
著,ʈʂ,u,4
葘,ts,i,1
葙,ɕ,jɑŋ,1
葚,ʐ,ən,4
葛,k,ɤ,2
葜,tɕʰ,ja,1
葝,tɕʰ,iŋ,2
葞,m,i,3
葟,x,wɑŋ,2
葠,ʂ,ən,1
葡,pʰ,u,2
葢,k,ai,4
董,t,ʊŋ,3
葤,ʈʂ,oʊ,4
葥,tɕ,jɛn,4
葦,,,3
葧,p,uɔ,2
葨,,,1
葩,pʰ,a,1
葪,tɕ,i,4
葫,x,u,2
葬,ts,ɑŋ,4
葭,tɕ,ja,1
葮,t,wan,4
葯,,jɑʊ,4
葰,s,,1
葱,tsʰ,ʊŋ,1
葲,tɕʰ,yan,2
葳,,,1
葴,ʈʂ,ən,1
葵,kʰ,,2
葶,tʰ,iŋ,2
葷,x,,1
葸,ɕ,i,3
葹,ʂ,i,1
葺,tɕʰ,i,4
葻,l,an,2
葼,ts,ʊŋ,1
葽,,jɑʊ,1
葾,,yan,1
葿,m,ei,2
蒀,,yn,1
蒁,ʂ,u,4
蒂,t,i,4
蒃,ʈʂ,wan,4
蒄,k,wan,1
蒅,ʐ,an,3
蒆,ɕ,yɛ,1
蒇,ʈʂʰ,an,3
蒈,kʰ,ai,3
蒉,kʰ,,4
蒊,x,wa,1
蒋,tɕ,jɑŋ,3
蒌,l,oʊ,2
蒍,,,3
蒎,pʰ,ai,4
蒏,,,u
蒐,s,oʊ,1
蒑,,in,1
蒒,ʂ,i,1
蒓,ʈʂʰ,,2
蒔,ʂ,i,2
蒕,,yn,1
蒖,ʈʂ,ən,1
蒗,l,ɑŋ,4
蒘,ʐ,u,2
蒙,m,ɤŋ,2
蒚,l,i,4
蒛,tɕʰ,yɛ,1
蒜,s,wan,4
蒝,,yan,2
蒞,l,i,4
蒟,tɕ,y,3
蒠,ɕ,i,1
蒡,p,ɑŋ,4
蒢,ʈʂʰ,u,2
蒣,ɕ,y,2
蒤,tʰ,u,2
蒥,l,,2
蒦,x,uɔ,4
蒧,t,jɛn,3
蒨,tɕʰ,jɛn,4
蒩,ts,u,1
蒪,pʰ,uɔ,4
蒫,tsʰ,uɔ,2
蒬,,yan,1
蒭,ʈʂʰ,u,2
蒮,,y,4
蒯,kʰ,wai,3
蒰,pʰ,an,2
蒱,pʰ,u,2
蒲,pʰ,u,2
蒳,n,a,4
蒴,ʂ,uɔ,4
蒵,ɕ,i,2
蒶,f,ən,2
蒷,,yn,2
蒸,ʈʂ,ɤŋ,1
蒹,tɕ,jɛn,1
蒺,tɕ,i,2
蒻,ʐ,uɔ,4
蒼,tsʰ,ɑŋ,1
蒽,,ən,1
蒾,m,i,2
蒿,x,ɑʊ,1
蓀,s,,1
蓁,ʈʂ,ən,1
蓂,m,iŋ,2
蓃,s,oʊ,1
蓄,ɕ,y,4
蓅,l,,2
蓆,ɕ,i,2
蓇,k,u,3
蓈,l,ɑŋ,2
蓉,ʐ,ʊŋ,2
蓊,,,3
蓋,k,ai,4
蓌,tsʰ,uɔ,4
蓍,ʂ,i,1
蓎,tʰ,ɑŋ,2
蓏,l,uɔ,3
蓐,ʐ,u,4
蓑,s,uɔ,1
蓒,ɕ,yan,1
蓓,p,ei,4
蓔,,jɑʊ,3
蓕,k,,4
蓖,p,i,4
蓗,ts,ʊŋ,3
蓘,k,,3
蓙,ts,uɔ,4
蓚,tʰ,jɑʊ,2
蓛,tsʰ,ɤ,4
蓜,pʰ,ei,4
蓝,l,an,2
蓞,t,an,4
蓟,tɕ,i,4
蓠,l,i,2
蓡,ʂ,ən,1
蓢,l,ɑŋ,3
蓣,,y,4
蓤,l,iŋ,2
蓥,,iŋ,2
蓦,m,uɔ,4
蓧,t,jɑʊ,4
蓨,tʰ,jɑʊ,2
蓩,m,ɑʊ,3
蓪,tʰ,ʊŋ,1
蓫,ʈʂʰ,u,4
蓬,pʰ,ɤŋ,2
蓭,,an,1
蓮,l,jɛn,2
蓯,tsʰ,ʊŋ,1
蓰,ɕ,i,3
蓱,pʰ,iŋ,2
蓲,tɕʰ,,1
蓳,tɕ,in,3
蓴,ʈʂʰ,,2
蓵,tɕ,je,2
蓶,,,2
蓷,tʰ,,1
蓸,tsʰ,ɑʊ,2
蓹,,y,4
蓺,,i,4
蓻,ts,i,2
蓼,l,jɑʊ,3
蓽,p,i,4
蓾,l,u,3
蓿,ɕ,y,u
蔀,p,u,4
蔁,ʈʂ,ɑŋ,1
蔂,l,ei,2
蔃,tɕʰ,jɑŋ,2
蔄,m,an,4
蔅,,jɛn,2
蔆,l,iŋ,2
蔇,tɕ,i,4
蔈,p,jɑʊ,1
蔉,k,,3
蔊,x,an,3
蔋,t,i,2
蔌,s,u,4
蔍,l,u,4
蔎,ʂ,ɤ,4
蔏,ʂ,ɑŋ,1
蔐,t,i,2
蔑,m,je,4
蔒,ɕ,yn,1
蔓,m,an,4
蔔,p,uɔ,2
蔕,t,i,4
蔖,tsʰ,uɔ,2
蔗,ʈʂ,ɤ,4
蔘,ʂ,ən,1
蔙,ɕ,yan,4
蔚,,,4
蔛,x,u,2
蔜,,ɑʊ,2
蔝,m,i,3
蔞,l,oʊ,2
蔟,tsʰ,u,4
蔠,ʈʂ,ʊŋ,1
蔡,tsʰ,ai,4
蔢,pʰ,uɔ,2
蔣,tɕ,jɑŋ,3
蔤,m,i,4
蔥,tsʰ,ʊŋ,1
蔦,n,jɑʊ,3
蔧,x,,4
蔨,tɕ,yan,4
蔩,,in,2
蔪,tɕ,jɛn,4
蔫,n,jɛn,1
蔬,ʂ,u,1
蔭,,in,1
蔮,k,uɔ,2
蔯,ʈʂʰ,ən,2
蔰,x,u,4
蔱,ʂ,a,1
蔲,kʰ,oʊ,4
蔳,tɕʰ,jɛn,4
蔴,m,a,2
蔵,ts,ɑŋ,1
蔶,ts,ɤ,2
蔷,tɕʰ,jɑŋ,2
蔸,t,oʊ,1
蔹,l,jɛn,3
蔺,l,in,4
蔻,kʰ,oʊ,4
蔼,,ai,3
蔽,p,i,4
蔾,l,i,2
蔿,,,3
蕀,tɕ,i,2
蕁,tɕʰ,jɛn,2
蕂,ʂ,ɤŋ,4
蕃,f,an,1
蕄,m,ɤŋ,2
蕅,,oʊ,3
蕆,ʈʂʰ,an,3
蕇,t,jɛn,3
蕈,ɕ,yn,4
蕉,tɕ,jɑʊ,1
蕊,ʐ,,3
蕋,ʐ,,3
蕌,l,ei,3
蕍,,y,2
蕎,tɕʰ,jɑʊ,2
蕏,ʈʂʰ,u,2
蕐,x,wa,2
蕑,tɕ,jɛn,1
蕒,m,ai,3
蕓,,yn,2
蕔,p,ɑʊ,1
蕕,,,2
蕖,tɕʰ,y,2
蕗,l,u,4
蕘,ʐ,ɑʊ,2
蕙,x,,4
蕚,,ɤ,4
蕛,tʰ,i,2
蕜,f,ei,3
蕝,tɕ,yɛ,2
蕞,ts,,4
蕟,f,a,4
蕠,ʐ,u,2
蕡,f,ən,2
蕢,kʰ,,4
蕣,ʂ,,4
蕤,ʐ,,2
蕥,,ja,3
蕦,ɕ,y,1
蕧,f,u,4
蕨,tɕ,yɛ,2
蕩,t,ɑŋ,4
蕪,,u,2
蕫,t,ʊŋ,3
蕬,s,i,1
蕭,ɕ,jɑʊ,1
蕮,ɕ,i,4
蕯,l,ʊŋ,2
蕰,,,1
蕱,ʂ,ɑʊ,1
蕲,tɕʰ,i,2
蕳,tɕ,jɛn,1
蕴,,yn,4
蕵,s,,1
蕶,l,iŋ,2
蕷,,y,4
蕸,ɕ,ja,2
蕹,,,4
蕺,tɕ,i,2
蕻,x,ʊŋ,2
蕼,s,i,4
蕽,n,ʊŋ,2
蕾,l,ei,3
蕿,ɕ,yan,1
薀,,yn,4
薁,,y,4
薂,ɕ,i,2
薃,x,ɑʊ,4
薄,p,ɑʊ,2
薅,x,ɑʊ,1
薆,,ai,4
薇,,,1
薈,x,,4
薉,x,,4
薊,tɕ,i,4
薋,tsʰ,i,2
薌,ɕ,jɑŋ,1
薍,,wan,4
薎,m,je,4
薏,,i,4
薐,l,ɤŋ,2
薑,tɕ,jɑŋ,1
薒,tsʰ,an,4
薓,ʂ,ən,1
薔,tɕʰ,jɑŋ,2
薕,l,jɛn,2
薖,kʰ,ɤ,1
薗,,yan,2
薘,t,a,2
薙,tʰ,i,4
薚,tʰ,ɑŋ,1
薛,ɕ,yɛ,1
薜,p,i,4
薝,ʈʂ,an,1
薞,s,,1
薟,ɕ,jɛn,1
薠,f,an,2
薡,t,iŋ,3
薢,ɕ,je,4
薣,k,u,3
薤,ɕ,je,4
薥,ʂ,u,3
薦,tɕ,jɛn,4
薧,x,ɑʊ,1
薨,x,ʊŋ,1
薩,s,a,4
薪,ɕ,in,1
薫,ɕ,yn,1
薬,,jɑʊ,4
薭,p,ai,4
薮,s,oʊ,3
薯,ʂ,u,3
薰,ɕ,yn,1
薱,t,,4
薲,pʰ,in,2
薳,,,3
薴,n,iŋ,2
薵,ʈʂʰ,oʊ,2
薶,m,ai,2
薷,ʐ,u,2
薸,pʰ,jɑʊ,2
薹,tʰ,ai,2
薺,tɕ,i,4
薻,ts,ɑʊ,3
薼,ʈʂʰ,ən,2
薽,ʈʂ,ən,1
薾,,,3
薿,n,i,3
藀,,iŋ,2
藁,k,ɑʊ,3
藂,tsʰ,ʊŋ,2
藃,ɕ,jɑʊ,1
藄,tɕʰ,i,2
藅,f,a,2
藆,tɕ,jɛn,3
藇,ɕ,y,4
藈,kʰ,,2
藉,tɕ,i,2
藊,p,jɛn,3
藋,t,jɑʊ,4
藌,m,i,4
藍,l,an,2
藎,tɕ,in,4
藏,tsʰ,ɑŋ,2
藐,m,jɑʊ,3
藑,tɕʰ,jʊŋ,2
藒,tɕʰ,je,4
藓,ɕ,jɛn,3
藔,l,jɑʊ,2
藕,,oʊ,3
藖,ɕ,jɛn,2
藗,s,u,4
藘,l,y,2
藙,,i,4
藚,ɕ,y,4
藛,ɕ,je,3
藜,l,i,2
藝,,i,4
藞,l,a,3
藟,l,ei,3
藠,tɕ,jɑʊ,4
藡,t,i,2
藢,ʈʂ,i,3
藣,p,ei,1
藤,tʰ,ɤŋ,2
藥,,jɑʊ,4
藦,m,uɔ,4
藧,x,wan,4
藨,p,jɑʊ,1
藩,f,an,1
藪,s,oʊ,3
藫,tʰ,an,2
藬,tʰ,,1
藭,tɕʰ,jʊŋ,2
藮,tɕʰ,jɑʊ,2
藯,,,4
藰,l,,2
藱,x,,4
藲,,oʊ,1
藳,k,ɑʊ,3
藴,,yn,4
藵,p,ɑʊ,3
藶,l,i,4
藷,ʂ,u,3
藸,ʈʂʰ,u,2
藹,,ai,3
藺,l,in,4
藻,ts,ɑʊ,3
藼,ɕ,yan,1
藽,tɕʰ,in,4
藾,l,ai,4
藿,x,uɔ,4
蘀,tʰ,uɔ,4
蘁,,u,4
蘂,ʐ,,3
蘃,ʐ,,3
蘄,tɕʰ,i,2
蘅,x,ɤŋ,2
蘆,l,u,2
蘇,s,u,1
蘈,tʰ,,2
蘉,m,ɤŋ,2
蘊,,yn,4
蘋,pʰ,iŋ,2
蘌,,y,3
蘍,ɕ,yn,1
蘎,tɕ,i,4
蘏,tɕ,jʊŋ,1
蘐,ɕ,yan,1
蘑,m,uɔ,2
蘒,tɕʰ,,1
蘓,s,u,1
蘔,tɕ,jʊŋ,1
蘕,pʰ,ɤŋ,2
蘖,n,je,4
蘗,p,uɔ,4
蘘,ʐ,ɑŋ,2
蘙,,i,4
蘚,ɕ,jɛn,3
蘛,,y,2
蘜,tɕ,y,2
蘝,l,jɛn,3
蘞,l,jɛn,3
蘟,,in,3
蘠,tɕʰ,jɑŋ,2
蘡,,iŋ,1
蘢,l,ʊŋ,2
蘣,tʰ,oʊ,3
蘤,x,wa,1
蘥,,yɛ,4
蘦,l,iŋ,2
蘧,tɕʰ,y,2
蘨,,jɑʊ,2
蘩,f,an,2
蘪,m,ei,2
蘫,x,an,4
蘬,kʰ,,1
蘭,l,an,2
蘮,tɕ,i,4
蘯,t,ɑŋ,4
蘰,m,an,4
蘱,l,ei,4
蘲,l,ei,2
蘳,x,,1
蘴,f,ɤŋ,1
蘵,ʈʂ,i,1
蘶,,,4
蘷,kʰ,,2
蘸,ʈʂ,an,4
蘹,x,wai,2
蘺,l,i,2
蘻,tɕ,i,4
蘼,m,i,2
蘽,l,ei,3
蘾,x,wai,4
蘿,l,uɔ,2
虀,tɕ,i,1
虁,kʰ,,2
虂,l,u,4
虃,tɕ,jɛn,1
虄,s,a,4
虅,tʰ,ɤŋ,2
虆,l,ei,2
虇,tɕʰ,yan,3
虈,ɕ,jɑʊ,1
虉,,i,4
虊,l,wan,2
虋,m,ən,2
虌,p,je,1
虍,x,u,1
虎,x,u,3
虏,l,u,3
虐,n,yɛ,4
虑,l,y,4
虒,s,i,1
虓,ɕ,jɑʊ,1
虔,tɕʰ,jɛn,2
處,ʈʂʰ,u,4
虖,x,u,1
虗,ɕ,y,1
虘,tsʰ,uɔ,2
虙,f,u,2
虚,ɕ,y,1
虛,ɕ,y,1
虜,l,u,3
虝,x,u,3
虞,,y,2
號,x,ɑʊ,4
虠,tɕ,jɑʊ,1
虡,tɕ,y,4
虢,k,uɔ,2
虣,p,ɑʊ,4
虤,,jɛn,2
虥,ʈʂ,an,4
虦,ʈʂ,an,4
虧,kʰ,,1
虨,p,in,1
虩,ɕ,i,4
虪,ʂ,u,4
虫,ʈʂʰ,ʊŋ,2
虬,tɕʰ,,2
虭,t,jɑʊ,1
虮,tɕ,i,3
虯,tɕʰ,,2
虰,t,iŋ,1
虱,ʂ,i,1
虲,ɕ,ja,1
虳,tɕ,yɛ,2
虴,ʈʂ,ɤ,2
虵,ʂ,ɤ,2
虶,,y,1
虷,x,an,2
虸,ts,i,3
虹,x,ʊŋ,2
虺,x,,1
虻,m,ɤŋ,2
虼,k,ɤ,4
虽,s,,1
虾,ɕ,ja,1
虿,ʈʂʰ,ai,4
蚀,ʂ,i,2
蚁,,i,3
蚂,m,a,3
蚃,ɕ,jɑŋ,3
蚄,f,ɑŋ,1
蚅,,ɤ,4
蚆,p,a,1
蚇,ʈʂʰ,i,3
蚈,tɕʰ,jɛn,1
蚉,,,2
蚊,,,2
蚋,ʐ,,4
蚌,p,ɑŋ,4
蚍,pʰ,i,2
蚎,,yɛ,4
蚏,,yɛ,4
蚐,tɕ,yn,1
蚑,tɕʰ,i,2
蚒,tʰ,ʊŋ,2
蚓,,in,3
蚔,tɕʰ,i,2
蚕,tsʰ,an,2
蚖,,yan,2
蚗,tɕ,yɛ,2
蚘,x,,2
蚙,tɕʰ,in,2
蚚,tɕʰ,i,2
蚛,ʈʂ,ʊŋ,4
蚜,,ja,2
蚝,x,ɑʊ,2
蚞,m,u,4
蚟,,wɑŋ,2
蚠,f,ən,2
蚡,f,ən,2
蚢,x,ɑŋ,2
蚣,k,ʊŋ,1
蚤,ts,ɑʊ,3
蚥,f,u,4
蚦,ʐ,an,2
蚧,tɕ,je,4
蚨,f,u,2
蚩,ʈʂʰ,i,1
蚪,t,oʊ,3
蚫,p,ɑʊ,4
蚬,ɕ,jɛn,3
蚭,n,i,2
蚮,t,ai,4
蚯,tɕʰ,,1
蚰,,,2
蚱,ʈʂ,a,4
蚲,pʰ,iŋ,2
蚳,ʈʂʰ,i,2
蚴,,,4
蚵,x,ɤ,2
蚶,x,an,1
蚷,tɕ,y,4
蚸,l,i,4
蚹,f,u,4
蚺,ʐ,an,2
蚻,ʈʂ,a,2
蚼,k,oʊ,3
蚽,pʰ,i,2
蚾,pʰ,i,2
蚿,ɕ,jɛn,2
蛀,ʈʂ,u,4
蛁,t,jɑʊ,1
蛂,p,je,2
蛃,p,iŋ,3
蛄,k,u,1
蛅,ʈʂ,an,1
蛆,tɕʰ,y,1
蛇,ʂ,ɤ,2
蛈,tʰ,je,3
蛉,l,iŋ,2
蛊,k,u,3
蛋,t,an,4
蛌,k,u,3
蛍,,iŋ,2
蛎,l,i,4
蛏,ʈʂʰ,ɤŋ,1
蛐,tɕʰ,y,1
蛑,m,oʊ,2
蛒,k,ɤ,2
蛓,tsʰ,i,4
蛔,x,,2
蛕,x,,2
蛖,m,ɑŋ,2
蛗,f,u,4
蛘,,jɑŋ,2
蛙,,wa,1
蛚,l,je,4
蛛,ʈʂ,u,1
蛜,,i,1
蛝,ɕ,jɛn,2
蛞,kʰ,uɔ,4
蛟,tɕ,jɑʊ,1
蛠,l,i,4
蛡,,i,4
蛢,pʰ,iŋ,2
蛣,tɕʰ,i,1
蛤,x,a,2
蛥,ʂ,ɤ,2
蛦,,i,2
蛧,,wɑŋ,3
蛨,m,uɔ,4
蛩,tɕʰ,jʊŋ,2
蛪,tɕʰ,je,4
蛫,k,,3
蛬,tɕʰ,jʊŋ,2
蛭,ʈʂ,i,4
蛮,m,an,2
蛯,l,ɑʊ,3
蛰,ʈʂ,ɤ,2
蛱,tɕ,ja,2
蛲,n,ɑʊ,2
蛳,s,i,1
蛴,tɕʰ,i,2
蛵,ɕ,iŋ,1
蛶,tɕ,je,4
蛷,tɕʰ,,2
蛸,ʂ,ɑʊ,1
蛹,,jʊŋ,3
蛺,tɕ,ja,2
蛻,tʰ,,4
蛼,ʈʂʰ,ɤ,1
蛽,p,ei,4
蛾,,ɤ,2
蛿,x,an,4
蜀,ʂ,u,3
蜁,ɕ,yan,2
蜂,f,ɤŋ,1
蜃,ʂ,ən,4
蜄,ʂ,ən,4
蜅,f,u,3
蜆,ɕ,jɛn,4
蜇,ʈʂ,ɤ,1
蜈,,u,2
蜉,f,u,2
蜊,l,i,2
蜋,l,ɑŋ,2
蜌,p,i,4
蜍,ʈʂʰ,u,2
蜎,,yan,1
蜏,,,3
蜐,tɕ,je,2
蜑,t,an,4
蜒,,jɛn,2
蜓,tʰ,iŋ,2
蜔,t,jɛn,4
蜕,tʰ,,4
蜖,x,,2
蜗,,uɔ,1
蜘,ʈʂ,i,1
蜙,s,ʊŋ,1
蜚,f,ei,1
蜛,tɕ,y,1
蜜,m,i,4
蜝,tɕʰ,i,2
蜞,tɕʰ,i,2
蜟,,y,4
蜠,tɕ,yn,4
蜡,l,a,4
蜢,m,ɤŋ,3
蜣,tɕʰ,jɑŋ,1
蜤,s,i,1
蜥,ɕ,i,1
蜦,l,,2
蜧,l,i,4
蜨,t,je,2
蜩,tʰ,jɑʊ,2
蜪,tʰ,ɑʊ,2
蜫,kʰ,,1
蜬,x,an,2
蜭,x,an,4
蜮,,y,4
蜯,p,ɑŋ,4
蜰,f,ei,2
蜱,pʰ,i,2
蜲,,,1
蜳,t,,1
蜴,,i,4
蜵,,yan,1
蜶,s,uɔ,4
蜷,tɕʰ,yan,2
蜸,tɕʰ,jɛn,3
蜹,ʐ,,4
蜺,n,i,2
蜻,tɕʰ,iŋ,1
蜼,,,4
蜽,l,jɑŋ,3
蜾,k,uɔ,3
蜿,,wan,1
蝀,t,ʊŋ,1
蝁,,ɤ,4
蝂,p,an,3
蝃,t,i,4
蝄,,wɑŋ,3
蝅,tsʰ,an,2
蝆,,jɑŋ,3
蝇,,iŋ,2
蝈,k,uɔ,1
蝉,ʈʂʰ,an,2
蝊,t,iŋ,4
蝋,l,a,4
蝌,kʰ,ɤ,1
蝍,tɕ,je,2
蝎,ɕ,je,1
蝏,tʰ,iŋ,2
蝐,m,ɑʊ,4
蝑,ɕ,y,1
蝒,m,jɛn,2
蝓,,y,2
蝔,tɕ,je,1
蝕,ʂ,i,2
蝖,ɕ,yan,1
蝗,x,wɑŋ,2
蝘,,jɛn,3
蝙,p,jɛn,1
蝚,ʐ,oʊ,2
蝛,,,1
蝜,f,u,4
蝝,,yan,2
蝞,m,ei,4
蝟,,,4
蝠,f,u,2
蝡,ʐ,u,2
蝢,ɕ,je,2
蝣,,,2
蝤,tɕʰ,,2
蝥,m,ɑʊ,2
蝦,ɕ,ja,1
蝧,,iŋ,1
蝨,ʂ,i,1
蝩,ʈʂʰ,ʊŋ,2
蝪,tʰ,ɑŋ,1
蝫,ʈʂ,u,1
蝬,ts,ʊŋ,1
蝭,tʰ,i,2
蝮,f,u,4
蝯,,yan,2
蝰,kʰ,,2
蝱,m,ɤŋ,2
蝲,l,a,4
蝳,t,u,2
蝴,x,u,2
蝵,tɕʰ,,1
蝶,t,je,2
蝷,l,i,4
蝸,,uɔ,1
蝹,,yn,1
蝺,tɕʰ,y,3
蝻,n,an,3
蝼,l,oʊ,2
蝽,ʈʂʰ,,1
蝾,ʐ,ʊŋ,2
蝿,,iŋ,2
螀,tɕ,jɑŋ,1
螁,p,an,n
螂,l,ɑŋ,2
螃,pʰ,ɑŋ,2
螄,s,i,1
螅,ɕ,i,1
螆,tsʰ,i,4
螇,ɕ,i,1
螈,,yan,2
螉,,,1
螊,l,jɛn,2
螋,s,oʊ,1
螌,p,an,1
融,ʐ,ʊŋ,2
螎,ʐ,ʊŋ,2
螏,tɕ,i,2
螐,,u,1
螑,ɕ,,4
螒,x,an,4
螓,tɕʰ,in,2
螔,,i,2
螕,p,i,1
螖,x,wa,2
螗,tʰ,ɑŋ,2
螘,,i,3
螙,t,u,4
螚,n,ai,4
螛,x,ɤ,2
螜,x,u,2
螝,k,,1
螞,m,a,3
螟,m,iŋ,2
螠,,i,4
螡,,,2
螢,,iŋ,2
螣,tʰ,ɤ,4
螤,ʈʂ,ʊŋ,1
螥,tsʰ,ɑŋ,1
螦,s,ɑʊ,1
螧,tɕʰ,i,2
螨,m,an,3
螩,tʰ,jɑʊ,o
螪,ʂ,ɑŋ,1
螫,ʂ,i,4
螬,tsʰ,ɑʊ,2
螭,ʈʂʰ,i,1
螮,t,i,4
螯,,ɑʊ,2
螰,l,u,4
螱,,,4
螲,ʈʂ,i,4
螳,tʰ,ɑŋ,2
螴,ʈʂʰ,ən,2
螵,pʰ,jɑʊ,1
螶,tɕʰ,y,2
螷,pʰ,i,2
螸,,y,2
螹,tɕ,jɛn,4
螺,l,uɔ,2
螻,l,oʊ,2
螼,tɕʰ,in,3
螽,ʈʂ,ʊŋ,1
螾,,in,3
螿,tɕ,jɑŋ,1
蟀,ʂ,wai,4
蟁,,,2
蟂,ɕ,jɑʊ,1
蟃,,wan,4
蟄,ʈʂ,ɤ,2
蟅,ʈʂ,ɤ,4
蟆,m,a,2
蟇,m,a,2
蟈,k,uɔ,1
蟉,l,,2
蟊,m,ɑʊ,2
蟋,ɕ,i,1
蟌,tsʰ,ʊŋ,1
蟍,l,i,2
蟎,m,an,3
蟏,ɕ,jɑʊ,1
蟐,ʈʂʰ,ɑŋ,g
蟑,ʈʂ,ɑŋ,1
蟒,m,ɑŋ,3
蟓,ɕ,jɑŋ,4
蟔,m,uɔ,4
蟕,ts,,1
蟖,s,i,1
蟗,tɕʰ,,1
蟘,tʰ,ɤ,4
蟙,ʈʂ,i,2
蟚,pʰ,ɤŋ,2
蟛,pʰ,ɤŋ,2
蟜,tɕ,jɑʊ,3
蟝,tɕʰ,y,2
蟞,p,je,1
蟟,l,jɑʊ,2
蟠,pʰ,an,2
蟡,k,,3
蟢,ɕ,i,3
蟣,tɕ,i,3
蟤,ʈʂ,wan,1
蟥,x,wɑŋ,2
蟦,f,ei,2
蟧,l,ɑʊ,2
蟨,tɕ,yɛ,2
蟩,tɕ,yɛ,2
蟪,x,,4
蟫,,in,2
蟬,ʈʂʰ,an,2
蟭,tɕ,jɑʊ,1
蟮,ʂ,an,4
蟯,n,ɑʊ,2
蟰,ɕ,jɑʊ,1
蟱,,u,2
蟲,ʈʂʰ,ʊŋ,2
蟳,ɕ,yn,2
蟴,s,i,1
蟵,ʈʂʰ,u,2
蟶,ʈʂʰ,ɤŋ,1
蟷,t,ɑŋ,1
蟸,l,i,3
蟹,ɕ,je,4
蟺,ʂ,an,4
蟻,,i,3
蟼,tɕ,iŋ,3
蟽,t,a,2
蟾,ʈʂʰ,an,2
蟿,tɕʰ,i,4
蠀,tsʰ,i,1
蠁,ɕ,jɑŋ,3
蠂,ʂ,ɤ,4
蠃,l,uɔ,3
蠄,tɕʰ,in,2
蠅,,iŋ,2
蠆,ʈʂʰ,ai,4
蠇,l,i,4
蠈,ts,ei,2
蠉,ɕ,yan,1
蠊,l,jɛn,2
蠋,ʈʂ,u,2
蠌,ts,ɤ,2
蠍,ɕ,je,1
蠎,m,ɑŋ,3
蠏,ɕ,je,4
蠐,tɕʰ,i,2
蠑,ʐ,ʊŋ,2
蠒,tɕ,jɛn,3
蠓,m,ɤŋ,3
蠔,x,ɑʊ,2
蠕,ʐ,u,2
蠖,x,uɔ,4
蠗,ʈʂ,uɔ,2
蠘,tɕ,je,2
蠙,pʰ,in,2
蠚,x,ɤ,1
蠛,m,je,4
蠜,f,an,2
蠝,l,ei,3
蠞,tɕ,je,2
蠟,l,a,4
蠠,m,in,3
蠡,l,i,2
蠢,ʈʂʰ,,3
蠣,l,i,4
蠤,tɕʰ,,1
蠥,n,je,4
蠦,l,u,2
蠧,t,u,4
蠨,ɕ,jɑʊ,1
蠩,ʈʂ,u,1
蠪,l,ʊŋ,2
蠫,l,i,2
蠬,l,ʊŋ,2
蠭,f,ɤŋ,1
蠮,,je,1
蠯,pʰ,i,2
蠰,n,ɑŋ,2
蠱,k,u,3
蠲,tɕ,yan,1
蠳,,iŋ,1
蠴,ʂ,u,3
蠵,ɕ,i,1
蠶,tsʰ,an,2
蠷,tɕʰ,y,2
蠸,tɕʰ,yan,2
蠹,t,u,4
蠺,tsʰ,an,2
蠻,m,an,2
蠼,tɕʰ,y,2
蠽,tɕ,je,2
蠾,ʈʂ,u,2
蠿,ʈʂ,uɔ,1
血,ɕ,yɛ,4
衁,x,wɑŋ,1
衂,n,y,4
衃,pʰ,ei,1
衄,n,y,4
衅,ɕ,in,4
衆,ʈʂ,ʊŋ,4
衇,m,ai,4
衈,,,4
衉,kʰ,a,1
衊,m,je,4
衋,ɕ,i,4
行,ɕ,iŋ,2
衍,,jɛn,3
衎,kʰ,an,4
衏,,yan,4
衐,tɕʰ,y,2
衑,l,iŋ,2
衒,ɕ,yan,4
術,ʂ,u,4
衔,ɕ,jɛn,2
衕,tʰ,ʊŋ,4
衖,ɕ,jɑŋ,4
街,tɕ,je,1
衘,ɕ,jɛn,2
衙,,ja,2
衚,x,u,2
衛,,,4
衜,t,ɑʊ,4
衝,ʈʂʰ,ʊŋ,1
衞,,,4
衟,t,ɑʊ,4
衠,ʈʂ,,1
衡,x,ɤŋ,2
衢,tɕʰ,y,2
衣,,i,1
衤,,i,1
补,p,u,3
衦,k,an,3
衧,,y,2
表,p,jɑʊ,3
衩,ʈʂʰ,a,3
衪,,i,2
衫,ʂ,an,1
衬,ʈʂʰ,ən,4
衭,f,u,1
衮,k,,3
衯,f,ən,1
衰,ʂ,wai,1
衱,tɕ,je,2
衲,n,a,4
衳,ʈʂ,ʊŋ,1
衴,t,an,3
衵,,i,4
衶,ʈʂ,ʊŋ,4
衷,ʈʂ,ʊŋ,1
衸,tɕ,je,4
衹,ʈʂ,i,3
衺,ɕ,je,2
衻,ʐ,an,2
衼,ʈʂ,i,1
衽,ʐ,ən,4
衾,tɕʰ,in,1
衿,tɕ,in,1
袀,tɕ,yn,1
袁,,yan,2
袂,m,ei,4
袃,ʈʂʰ,ai,4
袄,,ɑʊ,3
袅,n,jɑʊ,3
袆,x,,1
袇,ʐ,an,2
袈,tɕ,ja,1
袉,tʰ,uɔ,2
袊,l,iŋ,3
袋,t,ai,4
袌,p,ɑʊ,4
袍,pʰ,ɑʊ,2
袎,,jɑʊ,4
袏,ts,uɔ,4
袐,p,i,4
袑,ʂ,ɑʊ,4
袒,tʰ,an,3
袓,tɕ,y,4
袔,x,ɤ,4
袕,ɕ,yɛ,2
袖,ɕ,,4
袗,ʈʂ,ən,3
袘,,i,2
袙,pʰ,a,4
袚,p,uɔ,1
袛,t,i,1
袜,,wa,4
袝,f,u,4
袞,k,,3
袟,ʈʂ,i,4
袠,ʈʂ,i,4
袡,ʐ,an,2
袢,pʰ,an,4
袣,,i,4
袤,m,ɑʊ,4
袥,tʰ,uɔ,1
袦,n,a,4
袧,k,oʊ,1
袨,ɕ,yan,4
袩,ʈʂ,ɤ,2
袪,tɕʰ,y,1
被,p,ei,4
袬,,y,4
袭,ɕ,i,2
袮,m,i,2
袯,p,uɔ,2
袰,p,uɔ,1
袱,f,u,2
袲,ʈʂʰ,i,3
袳,ʈʂʰ,i,3
袴,kʰ,u,4
袵,ʐ,ən,4
袶,tɕ,jɑŋ,4
袷,tɕ,ja,2
袸,tɕ,jɛn,4
袹,p,uɔ,2
袺,tɕ,je,2
袻,,,2
袼,k,ɤ,1
袽,ʐ,u,2
袾,ʈʂ,u,1
袿,k,,1
裀,,in,1
裁,tsʰ,ai,2
裂,l,je,4
裃,kʰ,a,3
裄,ɕ,iŋ,g
装,ʈʂ,wɑŋ,1
裆,t,ɑŋ,1
裇,ɕ,y,1
裈,kʰ,,1
裉,kʰ,ən,4
裊,n,jɑʊ,3
裋,ʂ,u,4
裌,tɕ,ja,2
裍,kʰ,,3
裎,ʈʂʰ,ɤŋ,2
裏,l,i,3
裐,tɕ,yan,1
裑,ʂ,ən,1
裒,pʰ,oʊ,2
裓,k,ɤ,2
裔,,i,4
裕,,y,4
裖,ʈʂ,ən,3
裗,l,,2
裘,tɕʰ,,2
裙,tɕʰ,yn,2
裚,tɕ,i,4
裛,,i,4
補,p,u,3
裝,ʈʂ,wɑŋ,1
裞,ʂ,,4
裟,ʂ,a,1
裠,tɕʰ,yn,2
裡,l,i,3
裢,l,jɛn,2
裣,l,jɛn,3
裤,kʰ,u,4
裥,tɕ,jɛn,3
裦,f,oʊ,2
裧,ʈʂʰ,an,1
裨,p,i,4
裩,kʰ,,1
裪,tʰ,ɑʊ,2
裫,,yan,4
裬,l,iŋ,2
裭,ʈʂʰ,i,3
裮,ʈʂʰ,ɑŋ,1
裯,ʈʂʰ,oʊ,2
裰,t,uɔ,1
裱,p,jɑʊ,3
裲,l,jɑŋ,3
裳,ʂ,ɑŋ,g
裴,pʰ,ei,2
裵,pʰ,ei,2
裶,f,ei,1
裷,,yan,1
裸,l,uɔ,3
裹,k,uɔ,3
裺,,jɛn,3
裻,t,u,2
裼,tʰ,i,4
製,ʈʂ,i,4
裾,tɕ,y,1
裿,,i,3
褀,tɕʰ,i,2
褁,k,uɔ,3
褂,k,wa,4
褃,kʰ,ən,4
褄,tɕʰ,i,1
褅,tʰ,i,4
褆,tʰ,i,2
複,f,u,4
褈,ʈʂʰ,ʊŋ,2
褉,ɕ,je,4
褊,p,jɛn,3
褋,t,je,2
褌,kʰ,,1
褍,t,wan,1
褎,ɕ,,4
褏,ɕ,,4
褐,x,ɤ,4
褑,,yan,4
褒,p,ɑʊ,1
褓,p,ɑʊ,3
褔,f,u,4
褕,,y,2
褖,tʰ,wan,4
褗,,jɛn,3
褘,x,,1
褙,p,ei,4
褚,ʈʂʰ,u,3
褛,l,y,3
褜,pʰ,ɑʊ,2
褝,t,an,1
褞,,yn,3
褟,tʰ,a,1
褠,k,oʊ,1
褡,t,a,1
褢,x,wai,2
褣,ʐ,ʊŋ,2
褤,,yan,4
褥,ʐ,u,4
褦,n,ai,4
褧,tɕ,jʊŋ,3
褨,s,uɔ,3
褩,p,an,1
褪,tʰ,,4
褫,ʈʂʰ,i,3
褬,s,ɑŋ,3
褭,n,jɑʊ,3
褮,,iŋ,1
褯,tɕ,je,4
褰,tɕʰ,jɛn,1
褱,x,wai,2
褲,kʰ,u,4
褳,l,jɛn,2
褴,l,an,2
褵,l,i,2
褶,ʈʂ,ɤ,3
褷,ʂ,i,1
褸,l,y,3
褹,,i,4
褺,t,je,1
褻,ɕ,je,4
褼,ɕ,jɛn,1
褽,,,4
褾,p,jɑʊ,3
褿,tsʰ,ɑʊ,2
襀,tɕ,i,1
襁,tɕʰ,jɑŋ,3
襂,s,ən,1
襃,p,ɑʊ,1
襄,ɕ,jɑŋ,1
襅,p,i,4
襆,f,u,2
襇,tɕ,jɛn,3
襈,ʈʂ,wan,4
襉,tɕ,jɛn,3
襊,tsʰ,,4
襋,tɕ,i,2
襌,t,an,1
襍,ts,a,2
襎,f,an,2
襏,p,uɔ,2
襐,ɕ,jɑŋ,4
襑,ɕ,in,2
襒,p,je,2
襓,ʐ,ɑʊ,2
襔,m,an,3
襕,l,an,2
襖,,ɑʊ,3
襗,ts,ɤ,2
襘,k,,4
襙,tsʰ,ɑʊ,4
襚,s,,4
襛,n,ʊŋ,2
襜,ʈʂʰ,an,1
襝,l,jɛn,3
襞,p,i,4
襟,tɕ,in,1
襠,t,ɑŋ,1
襡,ʂ,u,3
襢,tʰ,an,3
襣,p,i,4
襤,l,an,2
襥,f,u,2
襦,ʐ,u,2
襧,ʈʂ,i,3
襨,t,,4
襩,ʂ,u,3
襪,,wa,4
襫,ʂ,i,4
襬,p,ai,3
襭,ɕ,je,2
襮,p,uɔ,2
襯,ʈʂʰ,ən,4
襰,l,ai,4
襱,l,ʊŋ,2
襲,ɕ,i,2
襳,ɕ,jɛn,1
襴,l,an,2
襵,ʈʂ,ɤ,3
襶,t,ai,4
襷,tɕ,y,3
襸,ts,an,4
襹,ʂ,i,1
襺,tɕ,jɛn,3
襻,pʰ,an,4
襼,,i,4
襽,l,an,2
襾,,ja,4
西,ɕ,i,1
覀,ɕ,i,1
要,,jɑʊ,4
覂,f,ɤŋ,3
覃,tʰ,an,2
覄,f,u,4
覅,f,jɑʊ,4
覆,f,u,4
覇,p,a,4
覈,x,ɤ,2
覉,tɕ,i,1
覊,tɕ,i,1
見,tɕ,jɛn,4
覌,k,wan,1
覍,p,jɛn,4
覎,,jɛn,4
規,k,,1
覐,tɕ,yɛ,2
覑,pʰ,jɛn,3
覒,m,ɑʊ,4
覓,m,i,4
覔,m,i,4
覕,m,je,4
視,ʂ,i,4
覗,s,i,4
覘,ʈʂʰ,an,1
覙,l,uɔ,2
覚,tɕ,yɛ,2
覛,m,i,4
覜,tʰ,jɑʊ,4
覝,l,jɛn,2
覞,,jɑʊ,4
覟,ʈʂ,i,4
覠,tɕ,yn,1
覡,ɕ,i,2
覢,ʂ,an,3
覣,,,1
覤,ɕ,i,4
覥,tʰ,jɛn,3
覦,,y,2
覧,l,an,3
覨,,ɤ,4
覩,t,u,3
親,tɕʰ,in,1
覫,pʰ,ɑŋ,3
覬,tɕ,i,4
覭,m,iŋ,2
覮,,iŋ,2
覯,k,oʊ,4
覰,tɕʰ,y,1
覱,ʈʂ,an,4
覲,tɕ,in,4
観,k,wan,1
覴,t,ɤŋ,1
覵,tɕ,jɛn,4
覶,l,uɔ,2
覷,tɕʰ,y,4
覸,tɕ,jɛn,1
覹,,,2
覺,tɕ,yɛ,2
覻,tɕʰ,y,1
覼,l,uɔ,2
覽,l,an,3
覾,ʂ,ən,3
覿,t,i,2
觀,k,wan,1
见,tɕ,jɛn,4
观,k,wan,1
觃,,jɛn,4
规,k,,1
觅,m,i,4
视,ʂ,i,4
觇,ʈʂʰ,an,1
览,l,an,3
觉,tɕ,yɛ,2
觊,tɕ,i,4
觋,ɕ,i,2
觌,t,i,2
觍,tʰ,jɛn,3
觎,,y,2
觏,k,oʊ,4
觐,tɕ,in,4
觑,tɕʰ,y,4
角,tɕ,jɑʊ,3
觓,tɕʰ,,2
觔,tɕ,in,1
觕,tsʰ,u,1
觖,tɕ,yɛ,2
觗,ʈʂ,i,4
觘,ʈʂʰ,ɑʊ,4
觙,tɕ,i,2
觚,k,u,1
觛,t,an,4
觜,ts,i,1
觝,t,i,3
觞,ʂ,ɑŋ,1
觟,x,wa,4
觠,tɕʰ,yan,2
觡,k,ɤ,2
觢,ʂ,i,4
解,tɕ,je,3
觤,k,,3
觥,k,ʊŋ,1
触,ʈʂʰ,u,4
觧,tɕ,je,3
觨,x,,4
觩,tɕʰ,,2
觪,ɕ,iŋ,1
觫,s,u,4
觬,n,i,2
觭,tɕ,i,1
觮,l,u,4
觯,ʈʂ,i,4
觰,ʈʂ,a,1
觱,p,i,4
觲,ɕ,iŋ,1
觳,x,u,2
觴,ʂ,ɑŋ,1
觵,k,ʊŋ,1
觶,ʈʂ,i,4
觷,ɕ,yɛ,2
觸,ʈʂʰ,u,4
觹,ɕ,i,1
觺,,i,2
觻,l,i,4
觼,tɕ,yɛ,2
觽,ɕ,i,1
觾,,jɛn,4
觿,ɕ,i,1
言,,jɛn,2
訁,,jɛn,2
訂,t,iŋ,4
訃,f,u,4
訄,tɕʰ,,2
訅,tɕʰ,,2
訆,tɕ,jɑʊ,4
訇,x,ʊŋ,1
計,tɕ,i,4
訉,f,an,4
訊,ɕ,yn,4
訋,t,jɑʊ,4
訌,x,ʊŋ,4
訍,ʈʂʰ,ai,4
討,tʰ,ɑʊ,3
訏,ɕ,y,1
訐,tɕ,je,2
訑,,i,2
訒,ʐ,ən,4
訓,ɕ,yn,4
訔,,in,2
訕,ʂ,an,4
訖,tɕʰ,i,4
託,tʰ,uɔ,1
記,tɕ,i,4
訙,ɕ,yn,4
訚,,in,2
訛,,ɤ,2
訜,f,ən,1
訝,,ja,4
訞,,jɑʊ,1
訟,s,ʊŋ,4
訠,ʂ,ən,3
訡,,in,2
訢,ɕ,in,1
訣,tɕ,yɛ,2
訤,ɕ,jɑʊ,2
訥,n,ɤ,4
訦,ʈʂʰ,ən,2
訧,,,2
訨,ʈʂ,i,3
訩,ɕ,jʊŋ,1
訪,f,ɑŋ,3
訫,ɕ,in,4
訬,ʈʂʰ,ɑʊ,1
設,ʂ,ɤ,4
訮,,jɛn,2
訯,s,a,3
訰,ʈʂ,,4
許,ɕ,y,3
訲,,i,4
訳,,i,4
訴,s,u,4
訵,ʈʂʰ,i,1
訶,x,ɤ,1
訷,ʂ,ən,1
訸,x,ɤ,2
訹,ɕ,y,4
診,ʈʂ,ən,3
註,ʈʂ,u,4
証,ʈʂ,ɤŋ,4
訽,k,oʊ,4
訾,ts,i,1
訿,ts,i,3
詀,ʈʂ,an,1
詁,k,u,3
詂,f,u,4
詃,tɕ,jɛn,3
詄,t,je,2
詅,l,iŋ,2
詆,t,i,3
詇,,jɑŋ,4
詈,l,i,4
詉,n,ɑʊ,2
詊,pʰ,an,4
詋,ʈʂ,oʊ,4
詌,k,an,4
詍,,i,4
詎,tɕ,y,4
詏,,jɑʊ,4
詐,ʈʂ,a,4
詑,,i,2
詒,,i,2
詓,tɕʰ,y,3
詔,ʈʂ,ɑʊ,4
評,pʰ,iŋ,2
詖,p,i,4
詗,ɕ,jʊŋ,4
詘,tɕʰ,y,1
詙,p,a,2
詚,t,a,2
詛,ts,u,3
詜,tʰ,ɑʊ,1
詝,ʈʂ,u,3
詞,tsʰ,i,2
詟,ʈʂ,ɤ,2
詠,,jʊŋ,3
詡,ɕ,y,3
詢,ɕ,yn,2
詣,,i,4
詤,x,wɑŋ,3
詥,x,ɤ,2
試,ʂ,i,4
詧,ʈʂʰ,a,2
詨,ɕ,jɑʊ,4
詩,ʂ,i,1
詪,x,ən,3
詫,ʈʂʰ,a,4
詬,k,oʊ,4
詭,k,,3
詮,tɕʰ,yan,2
詯,x,,4
詰,tɕ,je,2
話,x,wa,4
該,k,ai,1
詳,ɕ,jɑŋ,2
詴,,,1
詵,ʂ,ən,1
詶,ʈʂ,oʊ,4
詷,tʰ,ʊŋ,2
詸,m,i,2
詹,ʈʂ,an,1
詺,m,iŋ,4
詻,,ɤ,4
詼,x,,1
詽,,jɛn,2
詾,ɕ,jʊŋ,1
詿,k,wa,4
誀,,,4
誁,p,iŋ,4
誂,tʰ,jɑʊ,3
誃,,i,2
誄,l,ei,3
誅,ʈʂ,u,1
誆,kʰ,wɑŋ,1
誇,kʰ,wa,1
誈,,u,1
誉,,y,4
誊,tʰ,ɤŋ,2
誋,tɕ,i,4
誌,ʈʂ,i,4
認,ʐ,ən,4
誎,tsʰ,u,4
誏,l,ɑŋ,3
誐,,ɤ,2
誑,kʰ,wɑŋ,2
誒,,ei,2
誓,ʂ,i,4
誔,tʰ,iŋ,3
誕,t,an,4
誖,p,ei,4
誗,ʈʂʰ,an,2
誘,,,4
誙,kʰ,ɤŋ,1
誚,tɕʰ,jɑʊ,4
誛,tɕʰ,in,1
誜,ʂ,wa,4
誝,,an,1
語,,y,3
誟,ɕ,jɑʊ,4
誠,ʈʂʰ,ɤŋ,2
誡,tɕ,je,4
誢,ɕ,jɛn,4
誣,,u,1
誤,,u,4
誥,k,ɑʊ,4
誦,s,ʊŋ,4
誧,p,u,1
誨,x,,4
誩,tɕ,iŋ,4
說,ʂ,uɔ,1
誫,ʈʂ,ən,4
説,ʂ,uɔ,1
読,t,u,2
誮,x,wa,1
誯,ʈʂʰ,ɑŋ,4
誰,ʂ,,2
誱,tɕ,je,2
課,kʰ,ɤ,4
誳,tɕʰ,y,1
誴,tsʰ,ʊŋ,2
誵,ɕ,jɑʊ,2
誶,s,,4
誷,,wɑŋ,3
誸,ɕ,jɛn,2
誹,f,ei,3
誺,ʈʂʰ,i,1
誻,tʰ,a,4
誼,,i,4
誽,n,i,4
誾,,in,2
調,t,jɑʊ,4
諀,pʰ,i,3
諁,ʈʂ,uɔ,2
諂,ʈʂʰ,an,3
諃,ʈʂʰ,ən,1
諄,ʈʂ,,1
諅,tɕ,i,4
諆,tɕʰ,i,1
談,tʰ,an,2
諈,ʈʂ,,4
諉,,,3
諊,tɕ,y,1
請,tɕʰ,iŋ,3
諌,t,ʊŋ,3
諍,ʈʂ,ɤŋ,4
諎,ts,ɤ,2
諏,ts,oʊ,1
諐,tɕʰ,jɛn,1
諑,ʈʂ,uɔ,2
諒,l,jɑŋ,4
諓,tɕ,jɛn,4
諔,ʈʂʰ,u,4
諕,x,ɑʊ,2
論,l,,4
諗,ʂ,ən,3
諘,p,jɑʊ,3
諙,x,wa,4
諚,pʰ,jɛn,2
諛,,y,2
諜,t,je,2
諝,ɕ,y,1
諞,pʰ,jɛn,3
諟,ʂ,i,4
諠,ɕ,yan,1
諡,ʂ,i,4
諢,x,,4
諣,x,wa,4
諤,,ɤ,4
諥,ʈʂ,ʊŋ,4
諦,t,i,4
諧,ɕ,je,2
諨,f,u,2
諩,pʰ,u,3
諪,tʰ,iŋ,2
諫,tɕ,jɛn,4
諬,tɕʰ,i,3
諭,,y,4
諮,ts,i,1
諯,ʈʂ,wan,1
諰,ɕ,i,3
諱,x,,4
諲,,in,1
諳,,an,1
諴,ɕ,jɛn,2
諵,n,an,2
諶,ʈʂʰ,ən,2
諷,f,ɤŋ,3
諸,ʈʂ,u,1
諹,,jɑŋ,2
諺,,jɛn,4
諻,x,wɑŋ,2
諼,ɕ,yan,1
諽,k,ɤ,2
諾,n,uɔ,4
諿,tɕʰ,i,1
謀,m,oʊ,2
謁,,je,4
謂,,,4
謃,ɕ,iŋ,1
謄,tʰ,ɤŋ,2
謅,ʈʂ,oʊ,1
謆,ʂ,an,4
謇,tɕ,jɛn,3
謈,pʰ,uɔ,2
謉,kʰ,,4
謊,x,wɑŋ,3
謋,x,uɔ,4
謌,k,ɤ,1
謍,,iŋ,2
謎,m,i,2
謏,ɕ,jɑʊ,3
謐,m,i,4
謑,ɕ,i,3
謒,tɕʰ,jɑŋ,1
謓,ʈʂʰ,ən,1
謔,ɕ,yɛ,4
謕,tʰ,i,2
謖,s,u,4
謗,p,ɑŋ,4
謘,ʈʂʰ,i,2
謙,tɕʰ,jɛn,1
謚,ʂ,i,4
講,tɕ,jɑŋ,3
謜,,yan,2
謝,ɕ,je,4
謞,x,ɤ,4
謟,tʰ,ɑʊ,1
謠,,jɑʊ,2
謡,,jɑʊ,2
謢,l,u,1
謣,,y,2
謤,p,jɑʊ,1
謥,tsʰ,ʊŋ,4
謦,tɕʰ,iŋ,3
謧,l,i,2
謨,m,uɔ,2
謩,m,uɔ,2
謪,ʂ,ɑŋ,1
謫,ʈʂ,ɤ,2
謬,m,,4
謭,tɕ,jɛn,3
謮,ts,ɤ,2
謯,tɕ,je,1
謰,l,jɛn,2
謱,l,oʊ,2
謲,tsʰ,an,4
謳,,oʊ,1
謴,k,,4
謵,ɕ,i,2
謶,ʈʂ,uɔ,2
謷,,ɑʊ,2
謸,,ɑʊ,2
謹,tɕ,in,3
謺,ʈʂ,ɤ,2
謻,,i,2
謼,x,u,1
謽,tɕ,jɑŋ,4
謾,m,an,2
謿,ʈʂʰ,ɑʊ,2
譀,x,an,4
譁,x,wa,2
譂,ʈʂʰ,an,3
譃,ɕ,y,1
譄,ts,ɤŋ,1
譅,s,ɤ,4
譆,ɕ,i,1
譇,ʈʂ,a,1
譈,t,,4
證,ʈʂ,ɤŋ,4
譊,n,ɑʊ,2
譋,l,an,2
譌,,ɤ,2
譍,,iŋ,1
譎,tɕ,yɛ,2
譏,tɕ,i,1
譐,ts,,3
譑,tɕ,jɑʊ,3
譒,p,uɔ,4
譓,x,,4
譔,ʈʂ,wan,4
譕,,u,2
譖,ts,ən,4
譗,ʈʂ,a,2
識,ʂ,i,2
譙,tɕʰ,jɑʊ,4
譚,tʰ,an,2
譛,ts,ən,4
譜,pʰ,u,3
譝,ʂ,ɤŋ,2
譞,ɕ,yan,1
譟,ts,ɑʊ,4
譠,tʰ,an,2
譡,t,ɑŋ,3
譢,s,,4
譣,ɕ,jɛn,3
譤,tɕ,i,1
譥,tɕ,jɑʊ,4
警,tɕ,iŋ,3
譧,ʈʂ,an,4
譨,n,ɑŋ,2
譩,,i,1
譪,,ai,3
譫,ʈʂ,an,1
譬,pʰ,i,4
譭,x,,3
譮,x,wa,4
譯,,i,4
議,,i,4
譱,ʂ,an,4
譲,ʐ,ɑŋ,4
譳,n,oʊ,4
譴,tɕʰ,jɛn,3
譵,t,,4
譶,tʰ,a,4
護,x,u,4
譸,ʈʂ,oʊ,1
譹,x,ɑʊ,2
譺,,ai,4
譻,,iŋ,1
譼,tɕ,jɛn,4
譽,,y,4
譾,tɕ,jɛn,3
譿,x,,4
讀,t,u,2
讁,ʈʂ,ɤ,2
讂,ɕ,yan,4
讃,ts,an,4
讄,l,ei,3
讅,ʂ,ən,3
讆,,,4
讇,ʈʂʰ,an,3
讈,l,i,4
讉,,i,2
變,p,jɛn,4
讋,ʈʂ,ɤ,2
讌,,jɛn,4
讍,,ɤ,4
讎,ʈʂʰ,oʊ,2
讏,,,4
讐,ʈʂʰ,oʊ,2
讑,,jɑʊ,4
讒,ʈʂʰ,an,2
讓,ʐ,ɑŋ,4
讔,,in,3
讕,l,an,2
讖,ʈʂʰ,ən,4
讗,ɕ,je,2
讘,n,je,4
讙,x,wan,1
讚,ts,an,4
讛,,i,4
讜,t,ɑŋ,3
讝,ʈʂ,an,2
讞,,jɛn,4
讟,t,u,2
讠,,jɛn,2
计,tɕ,i,4
订,t,iŋ,4
讣,f,u,4
认,ʐ,ən,4
讥,tɕ,i,1
讦,tɕ,je,2
讧,x,ʊŋ,4
讨,tʰ,ɑʊ,3
让,ʐ,ɑŋ,4
讪,ʂ,an,4
讫,tɕʰ,i,4
讬,tʰ,uɔ,1
训,ɕ,yn,4
议,,i,4
讯,ɕ,yn,4
记,tɕ,i,4
讱,ʐ,ən,4
讲,tɕ,jɑŋ,3
讳,x,,4
讴,,oʊ,1
讵,tɕ,y,4
讶,,ja,4
讷,n,ɤ,4
许,ɕ,y,3
讹,,ɤ,2
论,l,,4
讻,ɕ,jʊŋ,1
讼,s,ʊŋ,4
讽,f,ɤŋ,3
设,ʂ,ɤ,4
访,f,ɑŋ,3
诀,tɕ,yɛ,2
证,ʈʂ,ɤŋ,4
诂,k,u,3
诃,x,ɤ,1
评,pʰ,iŋ,2
诅,ts,u,3
识,ʂ,i,2
诇,ɕ,jʊŋ,4
诈,ʈʂ,a,4
诉,s,u,4
诊,ʈʂ,ən,3
诋,t,i,3
诌,ʈʂ,oʊ,1
词,tsʰ,i,2
诎,tɕʰ,y,1
诏,ʈʂ,ɑʊ,4
诐,p,i,4
译,,i,4
诒,,i,2
诓,kʰ,wɑŋ,1
诔,l,ei,3
试,ʂ,i,4
诖,k,wa,4
诗,ʂ,i,1
诘,tɕ,i,2
诙,x,,1
诚,ʈʂʰ,ɤŋ,2
诛,ʈʂ,u,1
诜,ʂ,ən,1
话,x,wa,4
诞,t,an,4
诟,k,oʊ,4
诠,tɕʰ,yan,2
诡,k,,3
询,ɕ,yn,2
诣,,i,4
诤,ʈʂ,ɤŋ,4
该,k,ai,1
详,ɕ,jɑŋ,2
诧,ʈʂʰ,a,4
诨,x,,4
诩,ɕ,y,3
诪,ʈʂ,oʊ,1
诫,tɕ,je,4
诬,,u,1
语,,y,3
诮,tɕʰ,jɑʊ,4
误,,u,4
诰,k,ɑʊ,4
诱,,,4
诲,x,,4
诳,kʰ,wɑŋ,2
说,ʂ,uɔ,1
诵,s,ʊŋ,4
诶,,ei,2
请,tɕʰ,iŋ,3
诸,ʈʂ,u,1
诹,ts,oʊ,1
诺,n,uɔ,4
读,t,u,2
诼,ʈʂ,uɔ,2
诽,f,ei,3
课,kʰ,ɤ,4
诿,,,3
谀,,y,2
谁,ʂ,,2
谂,ʂ,ən,3
调,t,jɑʊ,4
谄,ʈʂʰ,an,3
谅,l,jɑŋ,4
谆,ʈʂ,,1
谇,s,,4
谈,tʰ,an,2
谉,ʂ,ən,3
谊,,i,4
谋,m,oʊ,2
谌,ʈʂʰ,ən,2
谍,t,je,2
谎,x,wɑŋ,3
谏,tɕ,jɛn,4
谐,ɕ,je,2
谑,ɕ,yɛ,4
谒,,je,4
谓,,,4
谔,,ɤ,4
谕,,y,4
谖,ɕ,yan,1
谗,ʈʂʰ,an,2
谘,ts,i,1
谙,,an,1
谚,,jɛn,4
谛,t,i,4
谜,m,i,2
谝,pʰ,jɛn,2
谞,ɕ,y,1
谟,m,uɔ,2
谠,t,ɑŋ,3
谡,s,u,4
谢,ɕ,je,4
谣,,jɑʊ,2
谤,p,ɑŋ,4
谥,ʂ,i,4
谦,tɕʰ,jɛn,1
谧,m,i,4
谨,tɕ,in,3
谩,m,an,2
谪,ʈʂ,ɤ,2
谫,tɕ,jɛn,3
谬,m,,4
谭,tʰ,an,2
谮,ts,ən,4
谯,tɕʰ,jɑʊ,2
谰,l,an,2
谱,pʰ,u,3
谲,tɕ,yɛ,2
谳,,jɛn,4
谴,tɕʰ,jɛn,3
谵,ʈʂ,an,1
谶,ʈʂʰ,ən,4
谷,k,u,3
谸,tɕʰ,jɛn,1
谹,x,ʊŋ,2
谺,ɕ,ja,1
谻,tɕ,i,2
谼,x,ʊŋ,2
谽,x,an,1
谾,x,ʊŋ,1
谿,ɕ,i,1
豀,ɕ,i,1
豁,x,uɔ,1
豂,l,jɑʊ,2
豃,x,an,3
豄,t,u,2
豅,l,ʊŋ,2
豆,t,oʊ,4
豇,tɕ,jɑŋ,1
豈,tɕʰ,i,3
豉,ʂ,i,4
豊,l,i,3
豋,t,ɤŋ,1
豌,,wan,1
豍,p,i,1
豎,ʂ,u,4
豏,ɕ,jɛn,4
豐,f,ɤŋ,1
豑,ʈʂ,i,4
豒,ʈʂ,i,4
豓,,jɛn,4
豔,,jɛn,4
豕,ʂ,i,3
豖,ʈʂʰ,u,4
豗,x,,1
豘,tʰ,,2
豙,,i,4
豚,tʰ,,2
豛,,i,4
豜,tɕ,jɛn,1
豝,p,a,1
豞,x,oʊ,4
豟,,ɤ,4
豠,ʈʂʰ,u,2
象,ɕ,jɑŋ,4
豢,x,wan,4
豣,tɕ,jɛn,1
豤,kʰ,ən,3
豥,k,ai,1
豦,tɕ,y,4
豧,f,u,1
豨,ɕ,i,1
豩,p,in,1
豪,x,ɑʊ,2
豫,,y,4
豬,ʈʂ,u,1
豭,tɕ,ja,1
豮,f,ən,2
豯,ɕ,i,1
豰,p,uɔ,2
豱,,,1
豲,x,wan,2
豳,p,in,1
豴,t,i,2
豵,ts,ʊŋ,1
豶,f,ən,2
豷,,i,4
豸,ʈʂ,i,4
豹,p,ɑʊ,4
豺,ʈʂʰ,ai,2
豻,,an,4
豼,pʰ,i,2
豽,n,a,4
豾,pʰ,i,1
豿,k,oʊ,3
貀,n,a,4
貁,,,4
貂,t,jɑʊ,1
貃,m,uɔ,4
貄,s,i,4
貅,ɕ,,1
貆,x,wan,2
貇,kʰ,,1
貈,x,ɤ,2
貉,x,ɑʊ,2
貊,m,uɔ,4
貋,,an,4
貌,m,ɑʊ,4
貍,l,i,2
貎,n,i,2
貏,p,i,3
貐,,y,3
貑,tɕ,ja,1
貒,tʰ,wan,1
貓,m,ɑʊ,1
貔,pʰ,i,2
貕,ɕ,i,1
貖,,i,4
貗,tɕ,y,4
貘,m,uɔ,4
貙,ʈʂʰ,u,1
貚,tʰ,an,2
貛,x,wan,1
貜,tɕ,yɛ,2
貝,p,ei,4
貞,ʈʂ,ən,1
貟,,yan,2
負,f,u,4
財,tsʰ,ai,2
貢,k,ʊŋ,4
貣,tʰ,ɤ,4
貤,,i,2
貥,x,ɑŋ,2
貦,,wan,2
貧,pʰ,in,2
貨,x,uɔ,4
販,f,an,4
貪,tʰ,an,1
貫,k,wan,4
責,ts,ɤ,2
貭,ʈʂ,i,4
貮,,,4
貯,ʈʂ,u,4
貰,ʂ,i,4
貱,p,i,4
貲,ts,i,1
貳,,,4
貴,k,,4
貵,pʰ,jɛn,3
貶,p,jɛn,3
買,m,ai,3
貸,t,ai,4
貹,ʂ,ɤŋ,4
貺,kʰ,wɑŋ,4
費,f,ei,4
貼,tʰ,je,1
貽,,i,2
貾,ʈʂʰ,i,2
貿,m,ɑʊ,4
賀,x,ɤ,4
賁,p,i,4
賂,l,u,4
賃,l,in,4
賄,x,,4
賅,k,ai,1
賆,pʰ,jɛn,2
資,ts,i,1
賈,tɕ,ja,3
賉,ɕ,y,4
賊,ts,ei,2
賋,tɕ,jɑʊ,3
賌,k,ai,1
賍,ts,ɑŋ,1
賎,tɕ,jɛn,4
賏,,iŋ,1
賐,ɕ,yn,4
賑,ʈʂ,ən,4
賒,ʂ,ɤ,1
賓,p,in,1
賔,p,in,1
賕,tɕʰ,,2
賖,ʂ,ɤ,1
賗,ʈʂʰ,wan,4
賘,ts,ɑŋ,1
賙,ʈʂ,oʊ,1
賚,l,ai,4
賛,ts,an,4
賜,tsʰ,i,4
賝,ʈʂʰ,ən,1
賞,ʂ,ɑŋ,3
賟,tʰ,jɛn,3
賠,pʰ,ei,2
賡,k,ɤŋ,1
賢,ɕ,jɛn,2
賣,m,ai,4
賤,tɕ,jɛn,4
賥,s,,4
賦,f,u,4
賧,tʰ,an,4
賨,tsʰ,ʊŋ,2
賩,tsʰ,ʊŋ,2
質,ʈʂ,i,4
賫,tɕ,i,1
賬,ʈʂ,ɑŋ,4
賭,t,u,3
賮,tɕ,in,4
賯,ɕ,jʊŋ,1
賰,ʈʂʰ,,3
賱,,yn,3
賲,p,ɑʊ,3
賳,ts,ai,1
賴,l,ai,4
賵,f,ɤŋ,4
賶,tsʰ,ɑŋ,4
賷,tɕ,i,1
賸,ʂ,ɤŋ,4
賹,,i,4
賺,ʈʂ,wan,4
賻,f,u,4
購,k,oʊ,4
賽,s,ai,4
賾,ts,ɤ,2
賿,l,jɑʊ,2
贀,,i,4
贁,p,ai,4
贂,ʈʂʰ,ən,3
贃,,wan,4
贄,ʈʂ,i,4
贅,ʈʂ,,4
贆,p,jɑʊ,1
贇,,yn,1
贈,ts,ɤŋ,4
贉,t,an,4
贊,ts,an,4
贋,,jɛn,4
贌,pʰ,u,2
贍,ʂ,an,4
贎,,wan,4
贏,,iŋ,2
贐,tɕ,in,4
贑,k,an,4
贒,ɕ,jɛn,2
贓,ts,ɑŋ,1
贔,p,i,4
贕,t,u,2
贖,ʂ,u,2
贗,,jɛn,4
贘,ʂ,ɑŋ,3
贙,ɕ,yan,4
贚,l,ʊŋ,4
贛,k,an,4
贜,ts,ɑŋ,1
贝,p,ei,4
贞,ʈʂ,ən,1
负,f,u,4
贠,,yan,2
贡,k,ʊŋ,4
财,tsʰ,ai,2
责,ts,ɤ,2
贤,ɕ,jɛn,2
败,p,ai,4
账,ʈʂ,ɑŋ,4
货,x,uɔ,4
质,ʈʂ,i,4
贩,f,an,4
贪,tʰ,an,1
贫,pʰ,in,2
贬,p,jɛn,3
购,k,oʊ,4
贮,ʈʂ,u,4
贯,k,wan,4
贰,,,4
贱,tɕ,jɛn,4
贲,p,ən,1
贳,ʂ,i,4
贴,tʰ,je,1
贵,k,,4
贶,kʰ,wɑŋ,4
贷,t,ai,4
贸,m,ɑʊ,4
费,f,ei,4
贺,x,ɤ,4
贻,,i,2
贼,ts,ei,2
贽,ʈʂ,i,4
贾,tɕ,ja,3
贿,x,,4
赀,ts,i,1
赁,l,in,4
赂,l,u,4
赃,ts,ɑŋ,1
资,ts,i,1
赅,k,ai,1
赆,tɕ,in,4
赇,tɕʰ,,2
赈,ʈʂ,ən,4
赉,l,ai,4
赊,ʂ,ɤ,1
赋,f,u,4
赌,t,u,3
赍,tɕ,i,1
赎,ʂ,u,2
赏,ʂ,ɑŋ,3
赐,tsʰ,i,4
赑,p,i,4
赒,ʈʂ,oʊ,1
赓,k,ɤŋ,1
赔,pʰ,ei,2
赕,t,an,3
赖,l,ai,4
赗,f,ɤŋ,4
赘,ʈʂ,,4
赙,f,u,4
赚,ʈʂ,wan,4
赛,s,ai,4
赜,ts,ɤ,2
赝,,jɛn,4
赞,ts,an,4
赟,,yn,1
赠,ts,ɤŋ,4
赡,ʂ,an,4
赢,,iŋ,2
赣,k,an,4
赤,ʈʂʰ,i,4
赥,ɕ,i,1
赦,ʂ,ɤ,4
赧,n,an,3
赨,tʰ,ʊŋ,2
赩,ɕ,i,4
赪,ʈʂʰ,ɤŋ,1
赫,x,ɤ,4
赬,ʈʂʰ,ɤŋ,1
赭,ʈʂ,ɤ,3
赮,ɕ,ja,2
赯,tʰ,ɑŋ,2
走,ts,oʊ,3
赱,ts,oʊ,3
赲,l,i,4
赳,tɕ,,1
赴,f,u,4
赵,ʈʂ,ɑʊ,4
赶,k,an,3
起,tɕʰ,i,3
赸,ʂ,an,4
赹,tɕʰ,jʊŋ,2
赺,,in,3
赻,ɕ,jɛn,3
赼,ts,i,1
赽,tɕ,yɛ,2
赾,tɕʰ,in,3
赿,ʈʂʰ,i,2
趀,tsʰ,i,1
趁,ʈʂʰ,ən,4
趂,ʈʂʰ,ən,4
趃,t,je,2
趄,tɕ,y,1
超,ʈʂʰ,ɑʊ,1
趆,t,i,1
趇,ɕ,i,4
趈,ʈʂ,an,1
趉,tɕ,yɛ,2
越,,yɛ,4
趋,tɕʰ,y,1
趌,tɕ,i,2
趍,ʈʂʰ,i,2
趎,ʈʂʰ,u,2
趏,k,wa,1
趐,ɕ,yɛ,4
趑,ts,i,1
趒,tʰ,jɑʊ,2
趓,t,uɔ,3
趔,l,je,4
趕,k,an,3
趖,s,uɔ,1
趗,tsʰ,u,4
趘,ɕ,i,2
趙,ʈʂ,ɑʊ,4
趚,s,u,4
趛,,in,3
趜,tɕ,y,2
趝,tɕ,jɛn,4
趞,tɕʰ,yɛ,4
趟,tʰ,ɑŋ,4
趠,ʈʂʰ,uɔ,4
趡,tsʰ,,3
趢,l,u,4
趣,tɕʰ,y,4
趤,t,ɑŋ,4
趥,tɕʰ,,1
趦,ts,i,1
趧,tʰ,i,2
趨,tɕʰ,y,1
趩,ʈʂʰ,i,4
趪,x,wɑŋ,2
趫,tɕʰ,jɑʊ,2
趬,tɕʰ,jɑʊ,1
趭,tɕ,jɑʊ,4
趮,ts,ɑʊ,4
趯,tʰ,i,4
趰,,,3
趱,ts,an,3
趲,ts,an,3
足,ts,u,2
趴,pʰ,a,1
趵,p,ɑʊ,4
趶,kʰ,u,4
趷,kʰ,ɤ,1
趸,t,,3
趹,tɕ,yɛ,2
趺,f,u,1
趻,ʈʂʰ,ən,3
趼,tɕ,jɛn,3
趽,f,ɑŋ,4
趾,ʈʂ,i,3
趿,tʰ,a,1
跀,,yɛ,4
跁,p,a,4
跂,tɕʰ,i,2
跃,,yɛ,4
跄,tɕʰ,jɑŋ,1
跅,tʰ,uɔ,4
跆,tʰ,ai,2
跇,,i,4
跈,n,jɛn,3
跉,l,iŋ,2
跊,m,ei,4
跋,p,a,2
跌,t,je,1
跍,kʰ,u,1
跎,tʰ,uɔ,2
跏,tɕ,ja,1
跐,tsʰ,i,1
跑,pʰ,ɑʊ,3
跒,tɕʰ,ja,3
跓,ʈʂ,u,4
跔,tɕ,y,1
跕,t,jɛn,3
跖,ʈʂ,i,2
跗,f,u,1
跘,pʰ,an,2
跙,tɕ,y,4
跚,ʂ,an,1
跛,p,uɔ,3
跜,n,i,2
距,tɕ,y,4
跞,l,i,4
跟,k,ən,1
跠,,i,2
跡,tɕ,i,1
跢,t,uɔ,4
跣,ɕ,jɛn,3
跤,tɕ,jɑʊ,1
跥,t,uɔ,4
跦,ʈʂ,u,1
跧,tɕʰ,yan,2
跨,kʰ,wa,4
跩,ʈʂ,wai,3
跪,k,,4
跫,tɕʰ,jʊŋ,2
跬,kʰ,,3
跭,ɕ,jɑŋ,2
跮,ʈʂʰ,i,4
路,l,u,4
跰,pʰ,jɛn,2
跱,ʈʂ,i,4
跲,tɕ,ja,2
跳,tʰ,jɑʊ,4
跴,tsʰ,ai,3
践,tɕ,jɛn,4
跶,t,a,2
跷,tɕʰ,jɑʊ,1
跸,p,i,4
跹,ɕ,jɛn,1
跺,t,uɔ,4
跻,tɕ,i,1
跼,tɕ,y,2
跽,tɕ,i,4
跾,ʂ,u,1
跿,tʰ,u,2
踀,ʈʂʰ,u,4
踁,tɕ,iŋ,4
踂,n,je,4
踃,ɕ,jɑʊ,1
踄,p,u,4
踅,ɕ,yɛ,2
踆,tsʰ,,1
踇,m,u,3
踈,ʂ,u,1
踉,l,jɑŋ,2
踊,,jʊŋ,3
踋,tɕ,jɑʊ,3
踌,ʈʂʰ,oʊ,2
踍,tɕʰ,jɑʊ,1
踎,m,oʊ,2
踏,tʰ,a,4
踐,tɕ,jɛn,4
踑,tɕʰ,i,2
踒,,uɔ,1
踓,,,3
踔,ʈʂʰ,uɔ,1
踕,tɕ,je,2
踖,tɕ,i,2
踗,n,je,4
踘,tɕ,y,1
踙,n,je,4
踚,l,,2
踛,l,u,4
踜,l,ɤŋ,4
踝,x,wai,2
踞,tɕ,y,4
踟,ʈʂʰ,i,2
踠,,wan,3
踡,tɕʰ,yan,2
踢,tʰ,i,1
踣,p,uɔ,2
踤,ts,u,2
踥,tɕʰ,je,4
踦,,i,3
踧,tsʰ,u,4
踨,ts,ʊŋ,1
踩,tsʰ,ai,3
踪,ts,ʊŋ,1
踫,pʰ,ɤŋ,4
踬,ʈʂ,i,4
踭,ʈʂ,ɤŋ,1
踮,t,jɛn,3
踯,ʈʂ,i,2
踰,,y,2
踱,t,uɔ,2
踲,t,,4
踳,ʈʂʰ,wan,3
踴,,jʊŋ,3
踵,ʈʂ,ʊŋ,3
踶,t,i,4
踷,ʈʂ,a,3
踸,ʈʂʰ,ən,3
踹,ʈʂʰ,wai,4
踺,tɕ,jɛn,4
踻,k,wa,1
踼,tʰ,ɑŋ,2
踽,tɕ,y,3
踾,f,u,2
踿,ts,u,2
蹀,t,je,2
蹁,pʰ,jɛn,2
蹂,ʐ,oʊ,2
蹃,n,uɔ,4
蹄,tʰ,i,2
蹅,ʈʂʰ,a,3
蹆,tʰ,,3
蹇,tɕ,jɛn,3
蹈,t,ɑʊ,3
蹉,tsʰ,uɔ,1
蹊,tɕʰ,i,1
蹋,tʰ,a,4
蹌,tɕʰ,jɑŋ,1
蹍,n,jɛn,3
蹎,t,jɛn,1
蹏,tʰ,i,2
蹐,tɕ,i,2
蹑,n,je,4
蹒,pʰ,an,2
蹓,l,,1
蹔,ts,an,4
蹕,p,i,4
蹖,ʈʂʰ,ʊŋ,1
蹗,l,u,4
蹘,l,jɑʊ,2
蹙,tsʰ,u,4
蹚,tʰ,ɑŋ,1
蹛,t,ai,4
蹜,s,u,4
蹝,ɕ,i,3
蹞,kʰ,,3
蹟,tɕ,i,1
蹠,ʈʂ,i,2
蹡,tɕʰ,jɑŋ,1
蹢,t,i,2
蹣,pʰ,an,2
蹤,ts,ʊŋ,1
蹥,l,jɛn,2
蹦,p,ɤŋ,4
蹧,ts,ɑʊ,1
蹨,n,jɛn,3
蹩,p,je,2
蹪,tʰ,,2
蹫,tɕ,y,2
蹬,t,ɤŋ,1
蹭,tsʰ,ɤŋ,4
蹮,ɕ,jɛn,1
蹯,f,an,2
蹰,ʈʂʰ,u,2
蹱,ʈʂ,ʊŋ,1
蹲,t,,1
蹳,p,uɔ,1
蹴,tsʰ,u,4
蹵,tsʰ,u,4
蹶,tɕ,yɛ,2
蹷,tɕ,yɛ,2
蹸,l,in,4
蹹,tʰ,a,2
蹺,tɕʰ,jɑʊ,1
蹻,tɕ,yɛ,1
蹼,pʰ,u,3
蹽,l,jɑʊ,1
蹾,t,,1
蹿,tsʰ,wan,1
躀,k,wan,4
躁,ts,ɑʊ,4
躂,t,a,2
躃,p,i,4
躄,p,i,4
躅,ʈʂ,u,2
躆,tɕ,y,4
躇,ʈʂʰ,u,2
躈,tɕʰ,jɑʊ,4
躉,t,,3
躊,ʈʂʰ,oʊ,2
躋,tɕ,i,1
躌,,u,3
躍,,yɛ,4
躎,n,jɛn,3
躏,l,in,4
躐,l,je,4
躑,ʈʂ,i,2
躒,l,i,4
躓,ʈʂ,i,4
躔,ʈʂʰ,an,2
躕,ʈʂʰ,u,2
躖,t,wan,4
躗,,,4
躘,l,ʊŋ,2
躙,l,in,4
躚,ɕ,jɛn,1
躛,,,4
躜,ts,wan,1
躝,l,an,2
躞,ɕ,je,4
躟,ʐ,ɑŋ,2
躠,s,a,3
躡,n,je,4
躢,tʰ,a,4
躣,tɕʰ,y,2
躤,tɕ,i,2
躥,tsʰ,wan,1
躦,tsʰ,uɔ,2
躧,ɕ,i,3
躨,kʰ,,2
躩,tɕ,yɛ,2
躪,l,in,4
身,ʂ,ən,1
躬,k,ʊŋ,1
躭,t,an,1
躮,f,ən,1
躯,tɕʰ,y,1
躰,tʰ,i,3
躱,t,uɔ,3
躲,t,uɔ,3
躳,k,ʊŋ,1
躴,l,ɑŋ,2
躵,ʐ,ən,3
躶,l,uɔ,3
躷,,ai,3
躸,tɕ,i,1
躹,tɕ,y,2
躺,tʰ,ɑŋ,3
躻,kʰ,ʊŋ,1
躼,l,ɑʊ,4
躽,,jɛn,3
躾,m,ei,3
躿,kʰ,ɑŋ,1
軀,tɕʰ,y,1
軁,l,oʊ,2
軂,l,ɑʊ,4
軃,t,uɔ,3
軄,ʈʂ,i,2
軅,,jɛn,4
軆,tʰ,i,3
軇,t,ɑʊ,4
軈,,iŋ,1
軉,,y,4
車,ʈʂʰ,ɤ,1
軋,,ja,4
軌,k,,3
軍,tɕ,yn,1
軎,,,4
軏,,yɛ,4
軐,ɕ,in,4
軑,t,ai,4
軒,ɕ,yan,1
軓,f,an,4
軔,ʐ,ən,4
軕,ʂ,an,1
軖,kʰ,wɑŋ,2
軗,ʂ,u,1
軘,tʰ,,2
軙,ʈʂʰ,ən,2
軚,t,ai,4
軛,,ɤ,4
軜,n,a,4
軝,tɕʰ,i,2
軞,m,ɑʊ,2
軟,ʐ,wan,3
軠,kʰ,wɑŋ,2
軡,tɕʰ,jɛn,2
転,ʈʂ,wan,3
軣,x,ʊŋ,1
軤,x,u,1
軥,tɕʰ,y,2
軦,kʰ,wɑŋ,4
軧,t,i,3
軨,l,iŋ,2
軩,t,ai,4
軪,,ɑʊ,1
軫,ʈʂ,ən,3
軬,f,an,4
軭,kʰ,wɑŋ,1
軮,,jɑŋ,3
軯,pʰ,ɤŋ,1
軰,p,ei,4
軱,k,u,1
軲,k,u,1
軳,pʰ,ɑʊ,2
軴,ʈʂ,u,4
軵,ʐ,ʊŋ,3
軶,,ɤ,4
軷,p,a,2
軸,ʈʂ,oʊ,2
軹,ʈʂ,i,3
軺,,jɑʊ,2
軻,kʰ,ɤ,1
軼,,i,4
軽,ʈʂ,i,4
軾,ʂ,i,4
軿,pʰ,iŋ,2
輀,,,2
輁,k,ʊŋ,3
輂,tɕ,y,2
較,tɕ,jɑʊ,4
輄,k,wɑŋ,1
輅,x,ɤ,2
輆,kʰ,ai,3
輇,tɕʰ,yan,2
輈,ʈʂ,oʊ,1
載,ts,ai,4
輊,ʈʂ,i,4
輋,ʂ,ɤ,1
輌,l,jɑŋ,4
輍,,y,4
輎,ʂ,ɑʊ,1
輏,,,2
輐,,wan,4
輑,,in,3
輒,ʈʂ,ɤ,2
輓,,wan,3
輔,f,u,3
輕,tɕʰ,iŋ,1
輖,ʈʂ,oʊ,1
輗,n,i,2
輘,l,ɤŋ,2
輙,ʈʂ,ɤ,2
輚,ʈʂ,an,4
輛,l,jɑŋ,4
輜,ts,i,1
輝,x,,1
輞,,wɑŋ,3
輟,ʈʂʰ,uɔ,4
輠,k,uɔ,3
輡,kʰ,an,3
輢,,i,3
輣,pʰ,ɤŋ,2
輤,tɕʰ,jɛn,4
輥,k,,3
輦,n,jɛn,3
輧,pʰ,iŋ,2
輨,k,wan,3
輩,p,ei,4
輪,l,,2
輫,pʰ,ai,2
輬,l,jɑŋ,2
輭,ʐ,wan,3
輮,ʐ,oʊ,2
輯,tɕ,i,2
輰,,jɑŋ,2
輱,ɕ,jɛn,2
輲,ʈʂʰ,wan,2
輳,tsʰ,oʊ,4
輴,ʈʂʰ,,1
輵,k,ɤ,2
輶,,,2
輷,x,ʊŋ,1
輸,ʂ,u,1
輹,f,u,4
輺,ts,i,1
輻,f,u,2
輼,,,1
輽,p,ən,4
輾,ʈʂ,an,3
輿,,y,2
轀,,,1
轁,tʰ,ɑʊ,1
轂,k,u,3
轃,ʈʂ,ən,1
轄,ɕ,ja,2
轅,,yan,2
轆,l,u,4
轇,tɕ,jɑʊ,1
轈,ʈʂʰ,ɑʊ,2
轉,ʈʂ,wan,3
轊,,,4
轋,x,,2
轌,ɕ,yɛ,3
轍,ʈʂ,ɤ,2
轎,tɕ,jɑʊ,4
轏,ʈʂ,an,4
轐,p,u,2
轑,l,ɑʊ,3
轒,f,ən,2
轓,f,an,1
轔,l,in,2
轕,k,ɤ,2
轖,s,ɤ,4
轗,kʰ,an,3
轘,x,wan,2
轙,,i,3
轚,tɕ,i,2
轛,ʈʂ,,4
轜,,,2
轝,,y,4
轞,tɕ,jɛn,4
轟,x,ʊŋ,1
轠,l,ei,2
轡,pʰ,ei,4
轢,l,i,4
轣,l,i,4
轤,l,u,2
轥,l,in,4
车,ʈʂʰ,ɤ,1
轧,,ja,4
轨,k,,3
轩,ɕ,yan,1
轪,t,ai,4
轫,ʐ,ən,4
转,ʈʂ,wan,3
轭,,ɤ,4
轮,l,,2
软,ʐ,wan,3
轰,x,ʊŋ,1
轱,k,u,1
轲,kʰ,ɤ,1
轳,l,u,2
轴,ʈʂ,oʊ,2
轵,ʈʂ,i,3
轶,,i,4
轷,x,u,1
轸,ʈʂ,ən,3
轹,l,i,4
轺,,jɑʊ,2
轻,tɕʰ,iŋ,1
轼,ʂ,i,4
载,ts,ai,4
轾,ʈʂ,i,4
轿,tɕ,jɑʊ,4
辀,ʈʂ,oʊ,1
辁,tɕʰ,yan,2
辂,l,u,4
较,tɕ,jɑʊ,4
辄,ʈʂ,ɤ,2
辅,f,u,3
辆,l,jɑŋ,4
辇,n,jɛn,3
辈,p,ei,4
辉,x,,1
辊,k,,3
辋,,wɑŋ,3
辌,l,jɑŋ,2
辍,ʈʂʰ,uɔ,4
辎,ts,i,1
辏,tsʰ,oʊ,4
辐,f,u,2
辑,tɕ,i,2
辒,,,1
输,ʂ,u,1
辔,pʰ,ei,4
辕,,yan,2
辖,ɕ,ja,2
辗,n,jɛn,3
辘,l,u,4
辙,ʈʂ,ɤ,2
辚,l,in,2
辛,ɕ,in,1
辜,k,u,1
辝,tsʰ,i,2
辞,tsʰ,i,2
辟,pʰ,i,4
辠,ts,,4
辡,p,jɛn,4
辢,l,a,4
辣,l,a,4
辤,tsʰ,i,2
辥,ɕ,yɛ,1
辦,p,an,4
辧,p,jɛn,4
辨,p,jɛn,4
辩,p,jɛn,4
辪,ɕ,yɛ,1
辫,p,jɛn,4
辬,p,an,1
辭,tsʰ,i,2
辮,p,jɛn,4
辯,p,jɛn,4
辰,ʈʂʰ,ən,2
辱,ʐ,u,3
農,n,ʊŋ,2
辳,n,ʊŋ,2
辴,ʈʂʰ,an,3
辵,ʈʂʰ,uɔ,4
辶,ʈʂʰ,uɔ,4
辷,,i,1
辸,ʐ,ɤŋ,2
边,p,jɛn,1
辺,p,jɛn,1
辻,ʂ,i,2
込,,y,1
辽,l,jɑʊ,2
达,t,a,2
辿,ʈʂʰ,an,1
迀,k,an,1
迁,tɕʰ,jɛn,1
迂,,y,1
迃,,y,1
迄,tɕʰ,i,4
迅,ɕ,yn,4
迆,,i,2
过,k,uɔ,4
迈,m,ai,4
迉,tɕʰ,i,1
迊,ts,a,1
迋,,wɑŋ,4
迌,tʰ,u,4
迍,ʈʂ,,1
迎,,iŋ,2
迏,t,a,2
运,,yn,4
近,tɕ,in,4
迒,x,ɑŋ,2
迓,,ja,4
返,f,an,3
迕,,u,4
迖,t,a,2
迗,,ɤ,2
还,x,ai,2
这,ʈʂ,ɤ,4
迚,t,a,2
进,tɕ,in,4
远,,yan,3
违,,,2
连,l,jɛn,2
迟,ʈʂʰ,i,2
迠,ʈʂʰ,ɤ,4
迡,n,i,4
迢,tʰ,jɑʊ,2
迣,ʈʂ,i,4
迤,,i,2
迥,tɕ,jʊŋ,3
迦,tɕ,ja,1
迧,ʈʂʰ,ən,2
迨,t,ai,4
迩,,,3
迪,t,i,2
迫,pʰ,uɔ,4
迬,ʈʂ,u,4
迭,t,je,2
迮,ts,ɤ,2
迯,tʰ,ɑʊ,2
述,ʂ,u,4
迱,tʰ,uɔ,2
迲,tɕʰ,y,u
迳,tɕ,iŋ,4
迴,x,,2
迵,t,ʊŋ,4
迶,,,4
迷,m,i,2
迸,p,ɤŋ,4
迹,tɕ,i,4
迺,n,ai,3
迻,,i,2
迼,tɕ,je,2
追,ʈʂ,,1
迾,l,je,4
迿,ɕ,yn,4
退,tʰ,,4
送,s,ʊŋ,4
适,ʂ,i,4
逃,tʰ,ɑʊ,2
逄,pʰ,ɑŋ,2
逅,x,oʊ,4
逆,n,i,4
逇,t,,4
逈,tɕ,jʊŋ,3
选,ɕ,yan,3
逊,ɕ,yn,4
逋,p,u,1
逌,,,1
逍,ɕ,jɑʊ,1
逎,tɕʰ,,2
透,tʰ,oʊ,4
逐,ʈʂ,u,2
逑,tɕʰ,,2
递,t,i,4
逓,t,i,4
途,tʰ,u,2
逕,tɕ,iŋ,4
逖,tʰ,i,4
逗,t,oʊ,4
逘,,i,3
這,ʈʂ,ɤ,4
通,tʰ,ʊŋ,1
逛,k,wɑŋ,4
逜,,u,4
逝,ʂ,i,4
逞,ʈʂʰ,ɤŋ,3
速,s,u,4
造,ts,ɑʊ,4
逡,tɕʰ,yn,1
逢,f,ɤŋ,2
連,l,jɛn,2
逤,s,uɔ,4
逥,x,,2
逦,l,i,3
逧,k,u,3
逨,l,ai,2
逩,p,ən,4
逪,tsʰ,uɔ,4
逫,tɕ,yɛ,2
逬,p,ɤŋ,4
逭,x,wan,4
逮,t,ai,3
逯,l,u,4
逰,,,2
週,ʈʂ,oʊ,1
進,tɕ,in,4
逳,,y,4
逴,ʈʂʰ,uɔ,1
逵,kʰ,,2
逶,,,1
逷,tʰ,i,4
逸,,i,4
逹,t,a,2
逺,,yan,3
逻,l,uɔ,2
逼,p,i,1
逽,n,uɔ,4
逾,,y,2
逿,t,ɑŋ,4
遀,s,,2
遁,t,,4
遂,s,,4
遃,,jɛn,3
遄,ʈʂʰ,wan,2
遅,ʈʂʰ,i,2
遆,tʰ,i,2
遇,,y,4
遈,ʂ,i,2
遉,ʈʂ,ən,1
遊,,,2
運,,yn,4
遌,,ɤ,4
遍,p,jɛn,4
過,k,uɔ,4
遏,,ɤ,4
遐,ɕ,ja,2
遑,x,wɑŋ,2
遒,tɕʰ,,2
道,t,ɑʊ,4
達,t,a,2
違,,,2
遖,n,an,2
遗,,i,2
遘,k,oʊ,4
遙,,jɑʊ,2
遚,ʈʂʰ,oʊ,4
遛,l,,2
遜,ɕ,yn,4
遝,tʰ,a,4
遞,t,i,4
遟,ʈʂʰ,i,2
遠,,yan,3
遡,s,u,4
遢,tʰ,a,4
遣,tɕʰ,jɛn,3
遤,m,a,3
遥,,jɑʊ,2
遦,k,wan,4
遧,ʈʂ,ɑŋ,1
遨,,ɑʊ,2
適,ʂ,i,4
遪,tsʰ,a,4
遫,ʈʂʰ,i,4
遬,s,u,4
遭,ts,ɑʊ,1
遮,ʈʂ,ɤ,1
遯,t,,4
遰,t,i,4
遱,l,oʊ,2
遲,ʈʂʰ,i,2
遳,tsʰ,uɔ,1
遴,l,in,2
遵,ts,,1
遶,ʐ,ɑʊ,4
遷,tɕʰ,jɛn,1
選,ɕ,yan,3
遹,,y,4
遺,,i,2
遻,,ɤ,4
遼,l,jɑʊ,2
遽,tɕ,y,4
遾,ʂ,i,4
避,p,i,4
邀,,jɑʊ,1
邁,m,ai,4
邂,ɕ,je,4
邃,s,,4
還,x,ai,2
邅,ʈʂ,an,1
邆,tʰ,ɤŋ,2
邇,,,3
邈,m,jɑʊ,3
邉,p,jɛn,1
邊,p,jɛn,1
邋,l,a,1
邌,l,i,2
邍,,yan,2
邎,,jɑʊ,2
邏,l,uɔ,2
邐,l,i,3
邑,,i,4
邒,tʰ,iŋ,2
邓,t,ɤŋ,4
邔,tɕʰ,i,3
邕,,jʊŋ,1
邖,ʂ,an,1
邗,x,an,2
邘,,y,2
邙,m,ɑŋ,2
邚,ʐ,u,2
邛,tɕʰ,jʊŋ,2
邜,ɕ,i,1
邝,kʰ,wɑŋ,4
邞,f,u,1
邟,kʰ,ɑŋ,4
邠,p,in,1
邡,f,ɑŋ,1
邢,ɕ,iŋ,2
那,n,a,4
邤,ɕ,in,1
邥,ʂ,ən,3
邦,p,ɑŋ,1
邧,,yan,2
邨,tsʰ,,1
邩,x,uɔ,3
邪,ɕ,je,2
邫,p,ɑŋ,1
邬,,u,1
邭,tɕ,y,4
邮,,,2
邯,x,an,2
邰,tʰ,ai,2
邱,tɕʰ,,1
邲,p,i,4
邳,pʰ,i,1
邴,p,iŋ,3
邵,ʂ,ɑʊ,4
邶,p,ei,4
邷,,wa,3
邸,t,i,3
邹,ts,oʊ,1
邺,,je,4
邻,l,in,2
邼,kʰ,wɑŋ,1
邽,k,,1
邾,ʈʂ,u,1
邿,ʂ,i,1
郀,kʰ,u,1
郁,,y,4
郂,k,ai,1
郃,x,ɤ,2
郄,tɕʰ,je,4
郅,ʈʂ,i,4
郆,tɕ,i,2
郇,x,wan,2
郈,x,oʊ,4
郉,ɕ,iŋ,2
郊,tɕ,jɑʊ,1
郋,ɕ,i,2
郌,k,,1
郍,n,uɔ,2
郎,l,ɑŋ,2
郏,tɕ,ja,2
郐,kʰ,wai,4
郑,ʈʂ,ɤŋ,4
郒,l,ɑŋ,2
郓,,yn,4
郔,,jɛn,2
郕,ʈʂʰ,ɤŋ,2
郖,t,oʊ,4
郗,ɕ,i,1
郘,l,y,3
郙,f,u,3
郚,,u,2
郛,f,u,2
郜,k,ɑʊ,4
郝,x,ɑʊ,3
郞,l,ɑŋ,2
郟,tɕ,ja,2
郠,k,ɤŋ,3
郡,tɕ,yn,4
郢,,iŋ,3
郣,p,uɔ,2
郤,ɕ,i,4
郥,p,ei,4
郦,l,i,4
郧,,yn,2
部,p,u,4
郩,ɕ,jɑʊ,2
郪,tɕʰ,i,1
郫,pʰ,i,2
郬,tɕʰ,iŋ,1
郭,k,uɔ,1
郮,ʈʂ,oʊ,1
郯,tʰ,an,2
郰,ts,oʊ,1
郱,pʰ,iŋ,2
郲,l,ai,2
郳,n,i,2
郴,ʈʂʰ,ən,1
郵,,,2
郶,p,u,4
郷,ɕ,jɑŋ,1
郸,t,an,1
郹,tɕ,y,2
郺,,jʊŋ,1
郻,tɕʰ,jɑʊ,1
郼,,i,1
都,t,oʊ,1
郾,,jɛn,3
郿,m,ei,2
鄀,ʐ,uɔ,4
鄁,p,ei,4
鄂,,ɤ,4
鄃,ʂ,u,1
鄄,tɕ,yan,4
鄅,,y,3
鄆,,yn,4
鄇,x,oʊ,2
鄈,kʰ,,2
鄉,ɕ,jɑŋ,1
鄊,ɕ,jɑŋ,1
鄋,s,oʊ,1
鄌,tʰ,ɑŋ,2
鄍,m,iŋ,2
鄎,ɕ,i,1
鄏,ʐ,u,3
鄐,ʈʂʰ,u,4
鄑,ts,i,1
鄒,ts,oʊ,1
鄓,,je,4
鄔,,u,1
鄕,ɕ,jɑŋ,1
鄖,,yn,2
鄗,x,ɑʊ,4
鄘,,jʊŋ,1
鄙,p,i,3
鄚,m,ɑʊ,4
鄛,ʈʂʰ,ɑʊ,2
鄜,f,u,1
鄝,l,jɑʊ,3
鄞,,in,2
鄟,ʈʂ,wan,1
鄠,x,u,4
鄡,tɕʰ,jɑʊ,1
鄢,,jɛn,1
鄣,ʈʂ,ɑŋ,1
鄤,m,an,4
鄥,tɕʰ,jɑʊ,1
鄦,ɕ,y,3
鄧,t,ɤŋ,4
鄨,p,i,4
鄩,ɕ,yn,2
鄪,p,i,4
鄫,ts,ɤŋ,1
鄬,,,2
鄭,ʈʂ,ɤŋ,4
鄮,m,ɑʊ,4
鄯,ʂ,an,4
鄰,l,in,2
鄱,pʰ,uɔ,2
鄲,t,an,1
鄳,m,ɤŋ,2
鄴,,je,4
鄵,tsʰ,ɑʊ,4
鄶,kʰ,wai,4
鄷,f,ɤŋ,1
鄸,m,ɤŋ,2
鄹,ts,oʊ,1
鄺,kʰ,wɑŋ,4
鄻,l,jɛn,3
鄼,ts,an,4
鄽,ʈʂʰ,an,2
鄾,,,1
鄿,tɕ,i,1
酀,,jɛn,4
酁,ʈʂʰ,an,2
酂,tsʰ,uɔ,2
酃,l,iŋ,2
酄,x,wan,1
酅,ɕ,i,1
酆,f,ɤŋ,1
酇,ts,an,4
酈,l,i,4
酉,,,3
酊,t,iŋ,1
酋,tɕʰ,,2
酌,ʈʂ,uɔ,2
配,pʰ,ei,4
酎,ʈʂ,oʊ,4
酏,,i,3
酐,k,an,1
酑,,y,2
酒,tɕ,,3
酓,,jɛn,3
酔,ts,,4
酕,m,ɑʊ,2
酖,ʈʂ,ən,4
酗,ɕ,y,4
酘,t,oʊ,4
酙,ʈʂ,ən,1
酚,f,ən,1
酛,,yan,2
酜,f,u,u
酝,,yn,4
酞,tʰ,ai,4
酟,tʰ,jɛn,1
酠,tɕʰ,ja,3
酡,tʰ,uɔ,2
酢,tsʰ,u,4
酣,x,an,1
酤,k,u,1
酥,s,u,1
酦,pʰ,uɔ,4
酧,ʈʂʰ,oʊ,2
酨,ts,ai,4
酩,m,iŋ,3
酪,l,ɑʊ,4
酫,ʈʂʰ,uɔ,4
酬,ʈʂʰ,oʊ,2
酭,,,4
酮,tʰ,ʊŋ,2
酯,ʈʂ,i,3
酰,ɕ,jɛn,1
酱,tɕ,jɑŋ,4
酲,ʈʂʰ,ɤŋ,2
酳,,in,4
酴,tʰ,u,2
酵,tɕ,jɑʊ,4
酶,m,ei,2
酷,kʰ,u,4
酸,s,wan,1
酹,l,ei,4
酺,pʰ,u,2
酻,ts,,4
酼,x,ai,3
酽,,jɛn,4
酾,ʂ,ai,1
酿,n,jɑŋ,4
醀,,,2
醁,l,u,4
醂,l,an,3
醃,,jɛn,1
醄,tʰ,ɑʊ,2
醅,pʰ,ei,1
醆,ʈʂ,an,3
醇,ʈʂʰ,,2
醈,tʰ,an,2
醉,ts,,4
醊,ʈʂ,,4
醋,tsʰ,u,4
醌,kʰ,,1
醍,tʰ,i,2
醎,ɕ,jɛn,2
醏,t,u,1
醐,x,u,2
醑,ɕ,y,3
醒,ɕ,iŋ,3
醓,tʰ,an,3
醔,tɕʰ,,2
醕,ʈʂʰ,,2
醖,,yn,4
醗,pʰ,uɔ,4
醘,kʰ,ɤ,1
醙,s,oʊ,1
醚,m,i,2
醛,tɕʰ,yan,2
醜,ʈʂʰ,oʊ,3
醝,tsʰ,uɔ,1
醞,,yn,4
醟,,jʊŋ,4
醠,,ɑŋ,4
醡,ʈʂ,a,4
醢,x,ai,3
醣,tʰ,ɑŋ,2
醤,tɕ,jɑŋ,4
醥,pʰ,jɑʊ,3
醦,ʈʂʰ,ən,3
醧,,y,4
醨,l,i,2
醩,ts,ɑʊ,1
醪,l,ɑʊ,2
醫,,i,1
醬,tɕ,jɑŋ,4
醭,p,u,2
醮,tɕ,jɑʊ,4
醯,ɕ,i,1
醰,tʰ,an,2
醱,f,a,1
醲,n,ʊŋ,2
醳,,i,4
醴,l,i,3
醵,tɕ,y,4
醶,,jɛn,4
醷,,i,4
醸,n,jɑŋ,4
醹,ʐ,u,2
醺,ɕ,yn,1
醻,ʈʂʰ,oʊ,2
醼,,jɛn,4
醽,l,iŋ,2
醾,m,i,2
醿,m,i,2
釀,n,jɑŋ,4
釁,ɕ,in,4
釂,tɕ,jɑʊ,4
釃,ʂ,ai,1
釄,m,i,2
釅,,jɛn,4
釆,p,jɛn,4
采,tsʰ,ai,3
釈,ʂ,i,4
釉,,,4
释,ʂ,i,4
釋,ʂ,i,4
里,l,i,3
重,ʈʂ,ʊŋ,4
野,,je,3
量,l,jɑŋ,4
釐,l,i,2
金,tɕ,in,1
釒,tɕ,in,1
釓,tɕʰ,,2
釔,,i,3
釕,l,jɑʊ,3
釖,t,ɑʊ,1
釗,ʈʂ,ɑʊ,1
釘,t,iŋ,1
釙,pʰ,uɔ,4
釚,tɕʰ,,2
釛,p,a,1
釜,f,u,3
針,ʈʂ,ən,1
釞,ʈʂ,i,2
釟,p,a,1
釠,l,wan,4
釡,f,u,3
釢,n,ai,3
釣,t,jɑʊ,4
釤,ʂ,an,4
釥,tɕʰ,jɑʊ,3
釦,kʰ,oʊ,4
釧,ʈʂʰ,wan,4
釨,ts,i,3
釩,f,an,3
釪,x,wa,2
釫,x,wa,2
釬,x,an,4
釭,k,ɑŋ,1
釮,tɕʰ,i,2
釯,m,ɑŋ,2
釰,ʐ,i,4
釱,t,i,4
釲,s,i,4
釳,ɕ,i,4
釴,,i,4
釵,ʈʂʰ,ai,1
釶,ʂ,i,1
釷,tʰ,u,3
釸,ɕ,i,1
釹,n,y,3
釺,tɕʰ,jɛn,1
釻,tɕʰ,,2
釼,tɕ,jɛn,4
釽,pʰ,i,4
釾,,je,2
釿,tɕ,in,1
鈀,p,a,3
鈁,f,ɑŋ,1
鈂,ʈʂʰ,ən,2
鈃,ɕ,iŋ,2
鈄,t,oʊ,3
鈅,,yɛ,4
鈆,tɕʰ,jɛn,1
鈇,f,u,1
鈈,pʰ,i,1
鈉,n,a,4
鈊,ɕ,in,1
鈋,,ɤ,2
鈌,tɕ,yɛ,2
鈍,t,,4
鈎,k,oʊ,1
鈏,,in,3
鈐,tɕʰ,jɛn,2
鈑,p,an,3
鈒,s,a,4
鈓,ʐ,ən,2
鈔,ʈʂʰ,ɑʊ,1
鈕,n,,3
鈖,f,ən,1
鈗,,yn,3
鈘,,i,3
鈙,tɕʰ,in,2
鈚,pʰ,i,1
鈛,k,uɔ,1
鈜,x,ʊŋ,2
鈝,,in,2
鈞,tɕ,yn,1
鈟,t,jɑʊ,4
鈠,,i,4
鈡,ʈʂ,ʊŋ,1
鈢,ɕ,i,3
鈣,k,ai,4
鈤,ʐ,i,4
鈥,x,uɔ,3
鈦,tʰ,ai,4
鈧,kʰ,ɑŋ,4
鈨,,yan,2
鈩,l,u,2
鈪,,ɤ,4
鈫,tɕʰ,in,2
鈬,t,uɔ,2
鈭,ts,i,1
鈮,n,i,3
鈯,tʰ,u,2
鈰,ʂ,i,4
鈱,m,in,2
鈲,k,u,1
鈳,kʰ,ɤ,1
鈴,l,iŋ,2
鈵,p,iŋ,3
鈶,s,i,4
鈷,k,u,3
鈸,p,uɔ,2
鈹,pʰ,i,1
鈺,,y,4
鈻,s,i,4
鈼,ts,uɔ,2
鈽,p,u,1
鈾,,,2
鈿,tʰ,jɛn,2
鉀,tɕ,ja,3
鉁,ʈʂ,ən,1
鉂,ʂ,i,3
鉃,ʂ,i,4
鉄,ʈʂ,i,2
鉅,tɕ,y,4
鉆,ʈʂʰ,an,1
鉇,ʂ,i,1
鉈,ʂ,i,1
鉉,ɕ,yan,4
鉊,ʈʂ,ɑʊ,1
鉋,p,ɑʊ,4
鉌,x,ɤ,2
鉍,p,i,4
鉎,ʂ,ɤŋ,1
鉏,ʈʂʰ,u,2
鉐,ʂ,i,2
鉑,p,uɔ,2
鉒,ʈʂ,u,4
鉓,ʈʂʰ,i,4
鉔,ts,a,1
鉕,pʰ,uɔ,1
鉖,tʰ,ʊŋ,2
鉗,tɕʰ,jɛn,2
鉘,f,u,2
鉙,ʈʂ,ai,3
鉚,l,,3
鉛,tɕʰ,jɛn,1
鉜,f,u,2
鉝,l,i,4
鉞,,yɛ,4
鉟,pʰ,i,1
鉠,,jɑŋ,1
鉡,p,an,4
鉢,p,uɔ,1
鉣,tɕ,je,2
鉤,k,oʊ,1
鉥,ʂ,u,4
鉦,ʈʂ,ɤŋ,1
鉧,m,u,3
鉨,ɕ,i,3
鉩,ɕ,i,3
鉪,t,i,4
鉫,tɕ,ja,1
鉬,m,u,4
鉭,tʰ,an,3
鉮,x,wan,2
鉯,,i,3
鉰,s,i,1
鉱,kʰ,wɑŋ,4
鉲,kʰ,a,3
鉳,p,ei,3
鉴,tɕ,jɛn,4
鉵,tʰ,ʊŋ,2
鉶,ɕ,iŋ,2
鉷,x,ʊŋ,2
鉸,tɕ,jɑʊ,3
鉹,ʈʂʰ,i,3
鉺,,,4
鉻,l,uɔ,4
鉼,p,iŋ,3
鉽,ʂ,i,4
鉾,m,oʊ,2
鉿,tɕ,ja,1
銀,,in,2
銁,tɕ,yn,1
銂,ʈʂ,oʊ,1
銃,ʈʂʰ,ʊŋ,4
銄,ɕ,jɑŋ,3
銅,tʰ,ʊŋ,2
銆,m,uɔ,4
銇,l,ei,4
銈,tɕ,i,1
銉,,y,4
銊,ɕ,y,4
銋,ʐ,ən,2
銌,ts,,4
銍,ʈʂ,i,4
銎,tɕʰ,jʊŋ,2
銏,ʂ,an,4
銐,ʈʂʰ,i,4
銑,ɕ,jɛn,3
銒,ɕ,iŋ,2
銓,tɕʰ,yan,2
銔,pʰ,i,1
銕,tʰ,je,3
銖,ʈʂ,u,1
銗,ɕ,jɑŋ,4
銘,m,iŋ,2
銙,kʰ,wa,3
銚,,jɑʊ,2
銛,ɕ,jɛn,1
銜,ɕ,jɛn,2
銝,ɕ,,1
銞,tɕ,yn,1
銟,ʈʂʰ,a,1
銠,l,ɑʊ,3
銡,tɕ,i,2
銢,pʰ,i,3
銣,ʐ,u,2
銤,m,i,3
銥,,i,1
銦,,in,1
銧,k,wɑŋ,1
銨,,an,3
銩,t,,1
銪,,,3
銫,s,ɤ,4
銬,kʰ,ɑʊ,4
銭,tɕʰ,jɛn,2
銮,l,wan,2
銯,s,i,1
銰,,ai,1
銱,t,jɑʊ,4
銲,x,an,4
銳,ʐ,,4
銴,ʂ,i,4
銵,kʰ,ɤŋ,1
銶,tɕʰ,,2
銷,ɕ,jɑʊ,1
銸,ʈʂ,ɤ,2
銹,ɕ,,4
銺,ts,ɑŋ,4
銻,tʰ,i,2
銼,tsʰ,uɔ,4
銽,k,wa,1
銾,x,ʊŋ,4
銿,ʈʂ,ʊŋ,1
鋀,tʰ,oʊ,1
鋁,l,y,3
鋂,m,ei,2
鋃,l,ɑŋ,2
鋄,,wan,4
鋅,ɕ,in,1
鋆,,yn,2
鋇,p,ei,4
鋈,,u,4
鋉,s,u,4
鋊,,y,4
鋋,ʈʂʰ,an,2
鋌,t,iŋ,4
鋍,p,uɔ,2
鋎,x,an,4
鋏,tɕ,ja,2
鋐,x,ʊŋ,2
鋑,tsʰ,wan,1
鋒,f,ɤŋ,1
鋓,ʈʂʰ,an,1
鋔,,wan,3
鋕,ʈʂ,i,4
鋖,s,i,1
鋗,ɕ,yan,1
鋘,x,wa,2
鋙,,y,3
鋚,tʰ,jɑʊ,2
鋛,kʰ,wɑŋ,4
鋜,ʈʂ,uɔ,2
鋝,l,yɛ,4
鋞,ɕ,iŋ,2
鋟,tɕʰ,in,3
鋠,ʂ,ən,4
鋡,x,an,2
鋢,l,yɛ,4
鋣,,je,2
鋤,ʈʂʰ,u,2
鋥,ts,ɤŋ,4
鋦,tɕ,y,1
鋧,ɕ,jɛn,4
鋨,tʰ,je,3
鋩,m,ɑŋ,2
鋪,pʰ,u,4
鋫,l,i,2
鋬,pʰ,an,4
鋭,ʐ,,4
鋮,ʈʂʰ,ɤŋ,2
鋯,k,ɑʊ,4
鋰,l,i,3
鋱,tʰ,ɤ,4
鋲,p,iŋ,1
鋳,ʈʂ,u,4
鋴,ʈʂ,ən,4
鋵,tʰ,u,1
鋶,l,,3
鋷,ts,,4
鋸,tɕ,y,4
鋹,ʈʂʰ,ɑŋ,3
鋺,,yan,3
鋻,tɕ,jɛn,4
鋼,k,ɑŋ,1
鋽,t,jɑʊ,4
鋾,tʰ,ɑʊ,2
鋿,ʈʂʰ,ɑŋ,2
錀,l,,2
錁,k,uɔ,3
錂,l,iŋ,2
錃,pʰ,i,1
錄,l,u,4
錅,l,i,2
錆,tɕʰ,jɑŋ,1
錇,pʰ,oʊ,2
錈,tɕ,yan,3
錉,m,in,2
錊,ts,,4
錋,pʰ,ɤŋ,2
錌,,an,4
錍,pʰ,i,1
錎,ɕ,jɛn,4
錏,,ja,1
錐,ʈʂ,,1
錑,l,ei,4
錒,kʰ,ɤ,1
錓,kʰ,ʊŋ,1
錔,tʰ,a,4
錕,kʰ,,1
錖,t,u,2
錗,n,ei,4
錘,ʈʂʰ,,2
錙,ts,i,1
錚,ʈʂ,ɤŋ,1
錛,p,ən,1
錜,n,je,4
錝,ts,ʊŋ,4
錞,ʈʂʰ,,2
錟,tʰ,an,2
錠,t,iŋ,4
錡,tɕʰ,i,2
錢,tɕʰ,jɛn,2
錣,ʈʂ,,4
錤,tɕ,i,1
錥,,y,4
錦,tɕ,in,3
錧,k,wan,3
錨,m,ɑʊ,2
錩,ʈʂʰ,ɑŋ,1
錪,tʰ,jɛn,3
錫,ɕ,i,1
錬,l,jɛn,4
錭,tʰ,ɑʊ,2
錮,k,u,4
錯,tsʰ,uɔ,4
錰,ʂ,u,4
錱,ʈʂ,ən,1
録,l,u,4
錳,m,ɤŋ,3
錴,l,u,4
錵,x,wa,1
錶,p,jɑʊ,3
錷,k,a,2
錸,l,ai,2
錹,kʰ,ən,3
錺,f,ɑŋ,1
錻,,u,u
錼,n,ai,4
錽,,wan,4
錾,ts,an,4
錿,x,u,3
鍀,t,ɤ,2
鍁,ɕ,jɛn,1
鍂,pʰ,jɛn,1
鍃,x,uɔ,1
鍄,l,jɑŋ,4
鍅,f,a,3
鍆,m,ən,2
鍇,kʰ,ai,3
鍈,,iŋ,1
鍉,t,i,1
鍊,l,jɛn,4
鍋,k,uɔ,1
鍌,ɕ,jɛn,3
鍍,t,u,4
鍎,tʰ,u,2
鍏,,,2
鍐,ts,ʊŋ,1
鍑,f,u,4
鍒,ʐ,oʊ,2
鍓,tɕ,i,2
鍔,,ɤ,4
鍕,tɕ,yn,1
鍖,ʈʂʰ,ən,3
鍗,tʰ,i,2
鍘,ʈʂ,a,2
鍙,x,u,4
鍚,,jɑŋ,2
鍛,t,wan,4
鍜,ɕ,ja,2
鍝,,y,2
鍞,kʰ,ɤŋ,1
鍟,ʂ,ɤŋ,1
鍠,x,wɑŋ,2
鍡,,,3
鍢,f,u,4
鍣,ʈʂ,ɑʊ,1
鍤,ʈʂʰ,a,1
鍥,tɕʰ,je,4
鍦,ʂ,i,1
鍧,x,ʊŋ,1
鍨,kʰ,,2
鍩,tʰ,jɛn,3
鍪,m,oʊ,2
鍫,tɕʰ,jɑʊ,1
鍬,tɕʰ,jɑʊ,1
鍭,x,oʊ,2
鍮,tʰ,oʊ,1
鍯,tsʰ,ʊŋ,1
鍰,x,wan,2
鍱,,je,4
鍲,m,in,2
鍳,tɕ,jɛn,4
鍴,t,wan,1
鍵,tɕ,jɛn,4
鍶,s,ʊŋ,1
鍷,kʰ,,2
鍸,x,u,2
鍹,ɕ,yan,1
鍺,t,uɔ,3
鍻,tɕ,je,2
鍼,ʈʂ,ən,1
鍽,p,jɛn,1
鍾,ʈʂ,ʊŋ,1
鍿,ts,i,1
鎀,ɕ,,1
鎁,,je,2
鎂,m,ei,3
鎃,pʰ,ai,4
鎄,,ai,1
鎅,tɕ,je,4
鎆,tɕʰ,jɛn,n
鎇,m,ei,2
鎈,s,uɔ,3
鎉,t,a,2
鎊,p,ɑŋ,4
鎋,ɕ,ja,2
鎌,l,jɛn,2
鎍,s,uɔ,3
鎎,kʰ,ai,4
鎏,l,,2
鎐,,jɑʊ,2
鎑,,je,4
鎒,n,oʊ,4
鎓,,,1
鎔,ʐ,ʊŋ,2
鎕,tʰ,ɑŋ,2
鎖,s,uɔ,3
鎗,tɕʰ,jɑŋ,1
鎘,l,i,4
鎙,ʂ,uɔ,4
鎚,ʈʂʰ,,2
鎛,p,uɔ,2
鎜,pʰ,an,2
鎝,t,a,1
鎞,p,i,1
鎟,s,ɑŋ,3
鎠,k,ɑŋ,1
鎡,ts,i,1
鎢,,u,1
鎣,,iŋ,2
鎤,x,wɑŋ,4
鎥,tʰ,jɑʊ,2
鎦,l,,2
鎧,kʰ,ai,3
鎨,s,,3
鎩,ʂ,a,1
鎪,s,oʊ,1
鎫,,wan,4
鎬,x,ɑʊ,4
鎭,ʈʂ,ən,4
鎮,ʈʂ,ən,4
鎯,l,ɑŋ,2
鎰,,i,4
鎱,,yan,2
鎲,tʰ,ɑŋ,3
鎳,n,je,4
鎴,ɕ,i,2
鎵,tɕ,ja,1
鎶,k,ɤ,1
鎷,m,a,3
鎸,tɕ,yan,1
鎹,s,ʊŋ,4
鎺,ts,u,3
鎻,s,uɔ,3
鎼,ɕ,ja,4
鎽,f,ɤŋ,1
鎾,,,1
鎿,n,a,2
鏀,l,u,3
鏁,s,uɔ,3
鏂,,oʊ,1
鏃,ts,u,2
鏄,tʰ,wan,2
鏅,ɕ,,1
鏆,k,wan,4
鏇,ɕ,yan,4
鏈,l,jɛn,4
鏉,ʂ,oʊ,4
鏊,,ɑʊ,4
鏋,m,an,3
鏌,m,uɔ,4
鏍,l,uɔ,2
鏎,p,i,4
鏏,,,4
鏐,l,,2
鏑,t,i,2
鏒,s,an,3
鏓,ts,ʊŋ,3
鏔,,i,2
鏕,l,u,4
鏖,,ɑʊ,2
鏗,kʰ,ɤŋ,1
鏘,tɕʰ,jɑŋ,1
鏙,tsʰ,,1
鏚,tɕʰ,i,1
鏛,ʈʂʰ,ɑŋ,2
鏜,tʰ,ɑŋ,1
鏝,m,an,4
鏞,,jʊŋ,1
鏟,ʈʂʰ,an,3
鏠,f,ɤŋ,1
鏡,tɕ,iŋ,4
鏢,p,jɑʊ,1
鏣,ʂ,u,4
鏤,l,oʊ,4
鏥,ɕ,,4
鏦,tsʰ,ʊŋ,1
鏧,l,ʊŋ,2
鏨,ts,an,4
鏩,tɕ,jɛn,4
鏪,tsʰ,ɑʊ,2
鏫,l,i,2
鏬,ɕ,ja,4
鏭,ɕ,i,1
鏮,kʰ,ɑŋ,1
鏯,ʂ,wɑŋ,3
鏰,p,ɤŋ,4
鏱,ʈʂ,ɑŋ,g
鏲,tɕʰ,jɛn,n
鏳,ʈʂʰ,ɤŋ,1
鏴,l,u,4
鏵,x,wa,2
鏶,tɕ,i,2
鏷,pʰ,u,2
鏸,x,,4
鏹,tɕʰ,jɑŋ,3
鏺,pʰ,uɔ,1
鏻,l,in,2
鏼,s,ɤ,4
鏽,ɕ,,4
鏾,s,an,3
鏿,ʈʂʰ,ɤŋ,1
鐀,kʰ,,4
鐁,s,i,1
鐂,l,,2
鐃,n,ɑʊ,2
鐄,x,wɑŋ,2
鐅,pʰ,je,3
鐆,s,,4
鐇,f,an,2
鐈,tɕʰ,jɑʊ,2
鐉,tɕʰ,yan,1
鐊,,jɑŋ,2
鐋,tʰ,ɑŋ,1
鐌,ɕ,jɑŋ,4
鐍,tɕ,yɛ,2
鐎,tɕ,jɑʊ,1
鐏,ts,,1
鐐,l,jɑʊ,2
鐑,tɕʰ,je,4
鐒,l,ɑʊ,2
鐓,t,,4
鐔,ɕ,in,2
鐕,ts,an,1
鐖,tɕ,i,1
鐗,tɕ,jɛn,3
鐘,ʈʂ,ʊŋ,1
鐙,t,ɤŋ,4
鐚,,ja,1
鐛,,iŋ,3
鐜,t,,1
鐝,tɕ,yɛ,2
鐞,n,oʊ,4
鐟,ts,an,1
鐠,pʰ,u,3
鐡,tʰ,je,3
鐢,f,an,2
鐣,ʈʂʰ,ɤŋ,1
鐤,t,iŋ,3
鐥,ʂ,an,4
鐦,kʰ,ai,1
鐧,tɕ,jɛn,1
鐨,f,ei,4
鐩,s,,4
鐪,l,u,3
鐫,tɕ,yan,1
鐬,x,,4
鐭,,y,4
鐮,l,jɛn,2
鐯,ʈʂ,uɔ,2
鐰,tɕʰ,jɑʊ,1
鐱,tɕ,jɛn,4
鐲,ʈʂ,uɔ,2
鐳,l,ei,2
鐴,p,i,4
鐵,tʰ,je,3
鐶,x,wan,2
鐷,,je,4
鐸,t,uɔ,2
鐹,k,uɔ,3
鐺,t,ɑŋ,1
鐻,tɕ,y,4
鐼,f,ən,2
鐽,t,a,2
鐾,p,ei,4
鐿,,i,4
鑀,,ai,4
鑁,ts,ʊŋ,1
鑂,ɕ,yn,4
鑃,t,jɑʊ,4
鑄,ʈʂ,u,4
鑅,x,ɤŋ,2
鑆,ʈʂ,,4
鑇,tɕ,i,1
鑈,n,je,4
鑉,x,ɤ,2
鑊,x,uɔ,4
鑋,tɕʰ,iŋ,1
鑌,p,in,1
鑍,,iŋ,1
鑎,kʰ,,4
鑏,n,iŋ,2
鑐,ɕ,y,1
鑑,tɕ,jɛn,4
鑒,tɕ,jɛn,4
鑓,tɕʰ,jɛn,3
鑔,ʈʂʰ,a,3
鑕,ʈʂ,i,4
鑖,m,je,4
鑗,l,i,2
鑘,l,ei,2
鑙,tɕ,i,1
鑚,ts,wan,4
鑛,kʰ,wɑŋ,4
鑜,ʂ,ɑŋ,3
鑝,pʰ,ɤŋ,2
鑞,l,a,4
鑟,t,u,2
鑠,ʂ,uɔ,4
鑡,ʈʂʰ,uɔ,4
鑢,l,y,4
鑣,p,jɑʊ,1
鑤,p,ɑʊ,4
鑥,l,u,3
鑦,ɕ,jɛn,n
鑧,kʰ,wan,1
鑨,l,ʊŋ,2
鑩,,ɤ,4
鑪,l,u,2
鑫,ɕ,in,1
鑬,tɕ,jɛn,4
鑭,l,an,4
鑮,p,uɔ,2
鑯,tɕ,jɛn,1
鑰,,jɑʊ,4
鑱,ʈʂʰ,an,2
鑲,ɕ,jɑŋ,1
鑳,tɕ,jɛn,4
鑴,ɕ,i,1
鑵,k,wan,4
鑶,tsʰ,ɑŋ,2
鑷,n,je,4
鑸,l,ei,3
鑹,tsʰ,wan,1
鑺,tɕʰ,y,2
鑻,pʰ,an,4
鑼,l,uɔ,2
鑽,ts,wan,1
鑾,l,wan,2
鑿,ts,ɑʊ,2
钀,n,je,4
钁,tɕ,yɛ,2
钂,tʰ,ɑŋ,3
钃,ʈʂ,u,2
钄,l,an,2
钅,tɕ,in,1
钆,k,a,2
钇,,i,3
针,ʈʂ,ən,1
钉,t,iŋ,1
钊,ʈʂ,ɑʊ,1
钋,pʰ,uɔ,1
钌,l,jɑʊ,3
钍,tʰ,u,3
钎,tɕʰ,jɛn,1
钏,ʈʂʰ,wan,4
钐,ʂ,an,1
钑,s,a,4
钒,f,an,2
钓,t,jɑʊ,4
钔,m,ən,2
钕,n,y,3
钖,,jɑŋ,2
钗,ʈʂʰ,ai,1
钘,ɕ,iŋ,2
钙,k,ai,4
钚,p,u,4
钛,tʰ,ai,4
钜,tɕ,y,4
钝,t,,4
钞,ʈʂʰ,ɑʊ,1
钟,ʈʂ,ʊŋ,1
钠,n,a,4
钡,p,ei,4
钢,k,ɑŋ,1
钣,p,an,3
钤,tɕʰ,jɛn,2
钥,,jɑʊ,4
钦,tɕʰ,in,1
钧,tɕ,yn,1
钨,,u,1
钩,k,oʊ,1
钪,kʰ,ɑŋ,4
钫,f,ɑŋ,1
钬,x,uɔ,3
钭,tʰ,oʊ,3
钮,n,,3
钯,p,a,3
钰,,y,4
钱,tɕʰ,jɛn,2
钲,ʈʂ,ɤŋ,1
钳,tɕʰ,jɛn,2
钴,k,u,3
钵,p,uɔ,1
钶,kʰ,ɤ,1
钷,pʰ,uɔ,3
钸,p,u,1
钹,p,uɔ,2
钺,,yɛ,4
钻,ts,wan,1
钼,m,u,4
钽,tʰ,an,3
钾,tɕ,ja,3
钿,t,jɛn,4
铀,,,2
铁,tʰ,je,3
铂,p,uɔ,2
铃,l,iŋ,2
铄,ʂ,uɔ,4
铅,tɕʰ,jɛn,1
铆,m,ɑʊ,3
铇,p,ɑʊ,4
铈,ʂ,i,4
铉,ɕ,yan,4
铊,tʰ,a,1
铋,p,i,4
铌,n,i,2
铍,pʰ,i,1
铎,t,uɔ,2
铏,ɕ,iŋ,2
铐,kʰ,ɑʊ,4
铑,l,ɑʊ,3
铒,,,3
铓,m,ɑŋ,2
铔,,ja,1
铕,,,3
铖,ʈʂʰ,ɤŋ,2
铗,tɕ,ja,2
铘,,je,2
铙,n,ɑʊ,2
铚,ʈʂ,i,4
铛,t,ɑŋ,1
铜,tʰ,ʊŋ,2
铝,l,y,3
铞,t,jɑʊ,4
铟,,in,1
铠,kʰ,ai,3
铡,ʈʂ,a,2
铢,ʈʂ,u,1
铣,ɕ,i,3
铤,t,iŋ,4
铥,t,,1
铦,ɕ,jɛn,1
铧,x,wa,2
铨,tɕʰ,yan,2
铩,ʂ,a,1
铪,x,a,1
铫,t,jɑʊ,4
铬,k,ɤ,4
铭,m,iŋ,2
铮,ʈʂ,ɤŋ,1
铯,s,ɤ,4
铰,tɕ,jɑʊ,3
铱,,i,1
铲,ʈʂʰ,an,3
铳,ʈʂʰ,ʊŋ,4
铴,tʰ,ɑŋ,1
铵,,an,3
银,,in,2
铷,ʐ,u,2
铸,ʈʂ,u,4
铹,l,ɑʊ,2
铺,pʰ,u,4
铻,,u,2
铼,l,ai,2
铽,tʰ,ɤ,4
链,l,jɛn,4
铿,kʰ,ɤŋ,1
销,ɕ,jɑʊ,1
锁,s,uɔ,3
锂,l,i,3
锃,ts,ɤŋ,4
锄,ʈʂʰ,u,2
锅,k,uɔ,1
锆,k,ɑʊ,4
锇,,ɤ,2
锈,ɕ,,4
锉,tsʰ,uɔ,4
锊,l,yɛ,4
锋,f,ɤŋ,1
锌,ɕ,in,1
锍,l,,3
锎,kʰ,ai,1
锏,tɕ,jɛn,3
锐,ʐ,,4
锑,tʰ,i,1
锒,l,ɑŋ,2
锓,tɕʰ,in,3
锔,tɕ,y,1
锕,,a,1
锖,tɕʰ,jɑŋ,1
锗,ʈʂ,ɤ,3
锘,n,uɔ,4
错,tsʰ,uɔ,4
锚,m,ɑʊ,2
锛,p,ən,1
锜,tɕʰ,i,2
锝,t,ɤ,2
锞,kʰ,ɤ,4
锟,kʰ,,1
锠,ʈʂʰ,ɑŋ,1
锡,ɕ,i,1
锢,k,u,4
锣,l,uɔ,2
锤,ʈʂʰ,,2
锥,ʈʂ,,1
锦,tɕ,in,3
锧,ʈʂ,i,4
锨,ɕ,jɛn,1
锩,tɕ,yan,3
锪,x,uɔ,1
锫,pʰ,ei,2
锬,tʰ,an,2
锭,t,iŋ,4
键,tɕ,jɛn,4
锯,tɕ,y,4
锰,m,ɤŋ,3
锱,ts,i,1
锲,tɕʰ,je,4
锳,,iŋ,1
锴,kʰ,ai,3
锵,tɕʰ,jɑŋ,1
锶,s,i,1
锷,,ɤ,4
锸,ʈʂʰ,a,1
锹,tɕʰ,jɑʊ,1
锺,ʈʂ,ʊŋ,1
锻,t,wan,4
锼,s,oʊ,1
锽,x,wɑŋ,2
锾,x,wan,2
锿,,ai,1
镀,t,u,4
镁,m,ei,3
镂,l,oʊ,4
镃,ts,i,1
镄,f,ei,4
镅,m,ei,2
镆,m,uɔ,4
镇,ʈʂ,ən,4
镈,p,uɔ,2
镉,k,ɤ,2
镊,n,je,4
镋,tʰ,ɑŋ,3
镌,tɕ,yan,1
镍,n,je,4
镎,n,a,2
镏,l,,2
镐,k,ɑʊ,3
镑,p,ɑŋ,4
镒,,i,4
镓,tɕ,ja,1
镔,p,in,1
镕,ʐ,ʊŋ,2
镖,p,jɑʊ,1
镗,tʰ,ɑŋ,1
镘,m,an,4
镙,l,uɔ,2
镚,p,ɤŋ,4
镛,,jʊŋ,1
镜,tɕ,iŋ,4
镝,t,i,1
镞,ts,u,2
镟,ɕ,yan,4
镠,l,,2
镡,ʈʂʰ,an,2
镢,tɕ,yɛ,2
镣,l,jɑʊ,4
镤,pʰ,u,2
镥,l,u,3
镦,t,,4
镧,l,an,2
镨,pʰ,u,3
镩,tsʰ,wan,1
镪,tɕʰ,jɑŋ,1
镫,t,ɤŋ,4
镬,x,uɔ,4
镭,l,ei,2
镮,x,wan,2
镯,ʈʂ,uɔ,2
镰,l,jɛn,2
镱,,i,4
镲,ʈʂʰ,a,3
镳,p,jɑʊ,1
镴,l,a,4
镵,ʈʂʰ,an,2
镶,ɕ,jɑŋ,1
長,ʈʂ,ɑŋ,3
镸,ʈʂʰ,ɑŋ,2
镹,tɕ,,3
镺,,ɑʊ,3
镻,t,je,2
镼,tɕʰ,y,1
镽,l,jɑʊ,3
镾,m,i,2
长,ʈʂ,ɑŋ,3
門,m,ən,2
閁,m,a,4
閂,ʂ,wan,1
閃,ʂ,an,3
閄,x,uɔ,4
閅,m,ən,2
閆,,jɛn,2
閇,p,i,4
閈,x,an,4
閉,p,i,4
閊,ʂ,an,1
開,kʰ,ai,1
閌,kʰ,ɑŋ,4
閍,p,ɤŋ,1
閎,x,ʊŋ,2
閏,ʐ,,4
閐,s,an,4
閑,ɕ,jɛn,2
閒,ɕ,jɛn,2
間,tɕ,jɛn,1
閔,m,in,3
閕,ɕ,ja,1
閖,ʂ,,i
閗,t,oʊ,4
閘,ʈʂ,a,2
閙,n,ɑʊ,4
閚,ʈʂ,an,1
閛,pʰ,ɤŋ,1
閜,ɕ,ja,3
閝,l,iŋ,2
閞,p,jɛn,4
閟,p,i,4
閠,ʐ,,4
閡,,ai,4
関,k,wan,1
閣,k,ɤ,2
閤,k,ɤ,2
閥,f,a,2
閦,ʈʂʰ,u,4
閧,x,ʊŋ,4
閨,k,,1
閩,m,in,3
閪,s,ɤ,1
閫,kʰ,,3
閬,l,ɑŋ,4
閭,l,y,2
閮,tʰ,iŋ,2
閯,ʂ,a,4
閰,tɕ,y,2
閱,,yɛ,4
閲,,yɛ,4
閳,ʈʂʰ,an,3
閴,tɕʰ,y,4
閵,l,in,4
閶,ʈʂʰ,ɑŋ,1
閷,ʂ,ai,4
閸,kʰ,,3
閹,,jɛn,1
閺,,,2
閻,,jɛn,2
閼,,ɤ,4
閽,x,,1
閾,,y,4
閿,,,2
闀,x,ʊŋ,4
闁,p,ɑʊ,1
闂,x,ʊŋ,4
闃,tɕʰ,y,4
闄,,jɑʊ,3
闅,,,2
闆,p,an,3
闇,,an,4
闈,,,2
闉,,in,1
闊,kʰ,uɔ,4
闋,tɕʰ,yɛ,4
闌,l,an,2
闍,t,u,1
闎,tɕʰ,yan,2
闏,f,ɤŋ,1
闐,tʰ,jɛn,2
闑,n,je,4
闒,tʰ,a,4
闓,kʰ,ai,3
闔,x,ɤ,2
闕,tɕʰ,yɛ,4
闖,ʈʂʰ,wɑŋ,3
闗,k,wan,1
闘,t,oʊ,4
闙,tɕʰ,i,3
闚,kʰ,,1
闛,tʰ,ɑŋ,2
關,k,wan,1
闝,pʰ,jɑʊ,2
闞,kʰ,an,4
闟,ɕ,i,4
闠,x,,4
闡,ʈʂʰ,an,3
闢,pʰ,i,4
闣,t,ɑŋ,4
闤,x,wan,2
闥,tʰ,a,4
闦,,,2
闧,tʰ,a,1
门,m,ən,2
闩,ʂ,wan,1
闪,ʂ,an,3
闫,,jɛn,2
闬,x,an,4
闭,p,i,4
问,,,4
闯,ʈʂʰ,wɑŋ,3
闰,ʐ,,4
闱,,,2
闲,ɕ,jɛn,2
闳,x,ʊŋ,2
间,tɕ,jɛn,1
闵,m,in,3
闶,kʰ,ɑŋ,1
闷,m,ən,4
闸,ʈʂ,a,2
闹,n,ɑʊ,4
闺,k,,1
闻,,,2
闼,tʰ,a,4
闽,m,in,3
闾,l,y,2
闿,kʰ,ai,3
阀,f,a,2
阁,k,ɤ,2
阂,x,ɤ,2
阃,kʰ,,3
阄,tɕ,,1
阅,,yɛ,4
阆,l,ɑŋ,2
阇,t,u,1
阈,,y,4
阉,,jɛn,1
阊,ʈʂʰ,ɑŋ,1
阋,ɕ,i,4
阌,,,2
阍,x,,1
阎,,jɛn,2
阏,,ɤ,4
阐,ʈʂʰ,an,3
阑,l,an,2
阒,tɕʰ,y,4
阓,x,,4
阔,kʰ,uɔ,4
阕,tɕʰ,yɛ,4
阖,x,ɤ,2
阗,tʰ,jɛn,2
阘,t,a,2
阙,tɕʰ,yɛ,1
阚,x,an,3
阛,x,wan,2
阜,f,u,4
阝,f,u,4
阞,l,ɤ,4
队,t,,4
阠,ɕ,in,4
阡,tɕʰ,jɛn,1
阢,,u,4
阣,k,ai,4
阤,ʈʂ,i,4
阥,,in,1
阦,,jɑŋ,2
阧,t,oʊ,3
阨,,ɤ,4
阩,ʂ,ɤŋ,1
阪,p,an,3
阫,pʰ,ei,2
阬,kʰ,ɤŋ,1
阭,,yn,3
阮,ʐ,wan,3
阯,ʈʂ,i,3
阰,pʰ,i,2
阱,tɕ,iŋ,3
防,f,ɑŋ,2
阳,,jɑŋ,2
阴,,in,1
阵,ʈʂ,ən,4
阶,tɕ,je,1
阷,ʈʂʰ,ɤŋ,1
阸,,ɤ,4
阹,tɕʰ,y,1
阺,t,i,3
阻,ts,u,3
阼,ts,uɔ,4
阽,t,jɛn,4
阾,l,iŋ,3
阿,,a,1
陀,tʰ,uɔ,2
陁,tʰ,uɔ,2
陂,p,ei,1
陃,p,iŋ,3
附,f,u,4
际,tɕ,i,4
陆,l,u,4
陇,l,ʊŋ,3
陈,ʈʂʰ,ən,2
陉,ɕ,iŋ,2
陊,t,uɔ,4
陋,l,oʊ,4
陌,m,uɔ,4
降,tɕ,jɑŋ,4
陎,ʂ,u,1
陏,t,uɔ,4
限,ɕ,jɛn,4
陑,,,2
陒,k,,3
陓,,y,1
陔,k,ai,1
陕,ʂ,an,3
陖,tɕ,yn,4
陗,tɕʰ,jɑʊ,4
陘,ɕ,iŋ,2
陙,ʈʂʰ,,2
陚,f,u,4
陛,p,i,4
陜,ɕ,ja,2
陝,ʂ,an,3
陞,ʂ,ɤŋ,1
陟,ʈʂ,i,4
陠,pʰ,u,1
陡,t,oʊ,3
院,,yan,4
陣,ʈʂ,ən,4
除,ʈʂʰ,u,2
陥,ɕ,jɛn,4
陦,t,ɑʊ,3
陧,n,je,4
陨,,yn,3
险,ɕ,jɛn,3
陪,pʰ,ei,2
陫,f,ei,4
陬,ts,oʊ,1
陭,,i,4
陮,t,,4
陯,l,,2
陰,,in,1
陱,tɕ,y,1
陲,ʈʂʰ,,2
陳,ʈʂʰ,ən,2
陴,pʰ,i,2
陵,l,iŋ,2
陶,tʰ,ɑʊ,2
陷,ɕ,jɛn,4
陸,l,u,4
陹,ʂ,ɤŋ,1
険,ɕ,jɛn,3
陻,,in,1
陼,ʈʂ,u,3
陽,,jɑŋ,2
陾,ʐ,ɤŋ,2
陿,ɕ,ja,2
隀,ʈʂʰ,ʊŋ,2
隁,,jɛn,4
隂,,in,1
隃,ʂ,u,4
隄,t,i,1
隅,,y,2
隆,l,ʊŋ,2
隇,,,1
隈,,,1
隉,n,je,4
隊,t,,4
隋,s,,2
隌,,an,3
隍,x,wɑŋ,2
階,tɕ,je,1
随,s,,2
隐,,in,3
隑,k,ai,4
隒,,jɛn,3
隓,x,,1
隔,k,ɤ,2
隕,,yn,3
隖,,u,4
隗,kʰ,,2
隘,,ai,4
隙,ɕ,i,4
隚,tʰ,ɑŋ,2
際,tɕ,i,4
障,ʈʂ,ɑŋ,4
隝,t,ɑʊ,3
隞,,ɑʊ,2
隟,ɕ,i,4
隠,,in,3
隡,s,a,4
隢,ʐ,ɑʊ,3
隣,l,in,2
隤,tʰ,,2
隥,t,ɤŋ,4
隦,tɕ,jɑʊ,3
隧,s,,4
隨,s,,2
隩,,ɑʊ,4
險,ɕ,jɛn,3
隫,f,ən,2
隬,n,i,3
隭,,,2
隮,tɕ,i,1
隯,t,ɑʊ,3
隰,ɕ,i,2
隱,,in,3
隲,ʈʂ,i,4
隳,x,,1
隴,l,ʊŋ,3
隵,ɕ,i,1
隶,l,i,4
隷,l,i,4
隸,l,i,4
隹,ʈʂ,,1
隺,x,u,2
隻,ʈʂ,i,1
隼,s,,3
隽,tɕ,yan,4
难,n,an,2
隿,,i,4
雀,tɕʰ,yɛ,4
雁,,jɛn,4
雂,tɕʰ,in,2
雃,tɕʰ,jɛn,1
雄,ɕ,jʊŋ,2
雅,,ja,3
集,tɕ,i,2
雇,k,u,4
雈,x,wan,2
雉,ʈʂ,i,4
雊,k,oʊ,4
雋,tɕ,yan,4
雌,tsʰ,i,2
雍,,jʊŋ,1
雎,tɕ,y,1
雏,ʈʂʰ,u,2
雐,x,u,1
雑,ts,a,2
雒,l,uɔ,4
雓,,y,2
雔,ʈʂʰ,oʊ,2
雕,t,jɑʊ,1
雖,s,,1
雗,x,an,4
雘,,uɔ,4
雙,ʂ,wɑŋ,1
雚,k,wan,4
雛,ʈʂʰ,u,2
雜,ts,a,2
雝,,jʊŋ,1
雞,tɕ,i,1
雟,ɕ,i,1
雠,ʈʂʰ,oʊ,2
雡,l,,4
離,l,i,2
難,n,an,2
雤,ɕ,yɛ,2
雥,ts,a,2
雦,tɕ,i,2
雧,tɕ,i,2
雨,,y,3
雩,,y,2
雪,ɕ,yɛ,3
雫,n,a,3
雬,f,oʊ,3
雭,s,ɤ,4
雮,m,u,4
雯,,,2
雰,f,ən,1
雱,pʰ,ɑŋ,1
雲,,yn,2
雳,l,i,4
雴,ʈʂʰ,i,4
雵,,jɑŋ,1
零,l,iŋ,2
雷,l,ei,2
雸,,an,2
雹,p,ɑʊ,2
雺,,u,4
電,t,jɛn,4
雼,t,ɑŋ,4
雽,x,u,4
雾,,u,4
雿,t,jɑʊ,4
需,ɕ,y,1
霁,tɕ,i,4
霂,m,u,4
霃,ʈʂʰ,ən,2
霄,ɕ,jɑʊ,1
霅,ʈʂ,a,4
霆,tʰ,iŋ,2
震,ʈʂ,ən,4
霈,pʰ,ei,4
霉,m,ei,2
霊,l,iŋ,2
霋,tɕʰ,i,1
霌,ʈʂ,oʊ,1
霍,x,uɔ,4
霎,ʂ,a,4
霏,f,ei,1
霐,x,ʊŋ,2
霑,ʈʂ,an,1
霒,,in,1
霓,n,i,2
霔,ʈʂ,u,4
霕,tʰ,,2
霖,l,in,2
霗,l,iŋ,2
霘,t,ʊŋ,4
霙,,iŋ,1
霚,,u,4
霛,l,iŋ,2
霜,ʂ,wɑŋ,1
霝,l,iŋ,2
霞,ɕ,ja,2
霟,x,ʊŋ,2
霠,,in,1
霡,m,ai,4
霢,m,ai,4
霣,,yn,3
霤,l,,4
霥,m,ɤŋ,4
霦,p,in,1
霧,,u,4
霨,,,4
霩,kʰ,uɔ,4
霪,,in,2
霫,ɕ,i,2
霬,,i,4
霭,,ai,3
霮,t,an,4
霯,tʰ,ɤŋ,4
霰,ɕ,jɛn,4
霱,,y,4
露,l,u,4
霳,l,ʊŋ,2
霴,t,ai,4
霵,tɕ,i,2
霶,pʰ,ɑŋ,1
霷,,jɑŋ,2
霸,p,a,4
霹,pʰ,i,1
霺,,,2
霻,f,ɤŋ,1
霼,ɕ,i,4
霽,tɕ,i,4
霾,m,ai,2
霿,m,ɤŋ,2
靀,m,ɤŋ,2
靁,l,ei,2
靂,l,i,4
靃,x,uɔ,4
靄,,ai,3
靅,f,ei,4
靆,t,ai,4
靇,l,ʊŋ,2
靈,l,iŋ,2
靉,,ai,4
靊,f,ɤŋ,1
靋,l,i,4
靌,p,ɑʊ,3
靍,x,ɤ,4
靎,x,ɤ,4
靏,x,ɤ,4
靐,p,iŋ,4
靑,tɕʰ,iŋ,1
青,tɕʰ,iŋ,1
靓,tɕ,iŋ,4
靔,tʰ,jɛn,1
靕,ʈʂ,ən,1
靖,tɕ,iŋ,4
靗,ʈʂʰ,ɤŋ,1
靘,tɕʰ,iŋ,4
静,tɕ,iŋ,4
靚,tɕ,iŋ,4
靛,t,jɛn,4
靜,tɕ,iŋ,4
靝,tʰ,jɛn,1
非,f,ei,1
靟,f,ei,1
靠,kʰ,ɑʊ,4
靡,m,i,2
面,m,jɛn,4
靣,m,jɛn,4
靤,p,ɑʊ,4
靥,,je,4
靦,tʰ,jɛn,3
靧,x,,4
靨,,je,4
革,k,ɤ,2
靪,t,iŋ,1
靫,ʈʂʰ,a,2
靬,tɕʰ,jɛn,2
靭,ʐ,ən,4
靮,t,i,2
靯,t,u,4
靰,,u,4
靱,ʐ,ən,4
靲,tɕʰ,in,2
靳,tɕ,in,4
靴,ɕ,yɛ,1
靵,n,,3
靶,p,a,3
靷,,in,3
靸,s,a,3
靹,n,a,4
靺,m,uɔ,4
靻,ts,u,3
靼,t,a,2
靽,p,an,4
靾,,i,4
靿,,jɑʊ,4
鞀,tʰ,ɑʊ,2
鞁,p,ei,4
鞂,tɕ,je,1
鞃,x,ʊŋ,2
鞄,pʰ,ɑʊ,2
鞅,,jɑŋ,1
鞆,p,iŋ,3
鞇,,in,1
鞈,k,ɤ,2
鞉,tʰ,ɑʊ,2
鞊,tɕ,je,2
鞋,ɕ,je,2
鞌,,an,1
鞍,,an,1
鞎,x,ən,2
鞏,k,ʊŋ,3
鞐,tɕʰ,ja,3
鞑,t,a,2
鞒,tɕʰ,jɑʊ,2
鞓,tʰ,iŋ,1
鞔,m,an,2
鞕,,iŋ,4
鞖,s,,1
鞗,tʰ,jɑʊ,2
鞘,tɕʰ,jɑʊ,4
鞙,ɕ,yan,4
鞚,kʰ,ʊŋ,4
鞛,p,ɤŋ,3
鞜,tʰ,a,4
鞝,ʂ,ɑŋ,4
鞞,p,iŋ,3
鞟,kʰ,uɔ,4
鞠,tɕ,y,1
鞡,l,a,a
鞢,ɕ,je,4
鞣,ʐ,oʊ,2
鞤,p,ɑŋ,1
鞥,,ɤŋ,1
鞦,tɕʰ,,1
鞧,tɕʰ,,1
鞨,x,ɤ,2
鞩,tɕʰ,jɑʊ,4
鞪,m,u,4
鞫,tɕ,y,1
鞬,tɕ,jɛn,1
鞭,p,jɛn,1
鞮,t,i,1
鞯,tɕ,jɛn,1
鞰,,,1
鞱,tʰ,ɑʊ,1
鞲,k,oʊ,1
鞳,tʰ,a,4
鞴,p,ei,4
鞵,ɕ,je,2
鞶,pʰ,an,2
鞷,k,ɤ,2
鞸,p,i,4
鞹,kʰ,uɔ,4
鞺,tʰ,ɑŋ,1
鞻,l,oʊ,2
鞼,k,,4
鞽,tɕʰ,jɑʊ,2
鞾,ɕ,yɛ,1
鞿,tɕ,i,1
韀,tɕ,jɛn,1
韁,tɕ,jɑŋ,1
韂,ʈʂʰ,an,4
韃,t,a,2
韄,x,u,4
韅,ɕ,jɛn,3
韆,tɕʰ,jɛn,1
韇,t,u,2
韈,,wa,4
韉,tɕ,jɛn,1
韊,l,an,2
韋,,,2
韌,ʐ,ən,4
韍,f,u,2
韎,m,ei,4
韏,tɕʰ,yan,4
韐,k,ɤ,2
韑,,,3
韒,tɕʰ,jɑʊ,4
韓,x,an,2
韔,ʈʂʰ,ɑŋ,4
韕,kʰ,uɔ,4
韖,ʐ,oʊ,3
韗,,yn,4
韘,ʂ,ɤ,4
韙,,,3
韚,k,ɤ,2
韛,p,ai,4
韜,tʰ,ɑʊ,1
韝,k,oʊ,1
韞,,yn,4
韟,k,ɑʊ,1
韠,p,i,4
韡,,,3
韢,s,,4
韣,t,u,2
韤,,wa,4
韥,t,u,2
韦,,,2
韧,ʐ,ən,4
韨,f,u,2
韩,x,an,2
韪,,,3
韫,,yn,4
韬,tʰ,ɑʊ,1
韭,tɕ,,3
韮,tɕ,,3
韯,ɕ,jɛn,1
韰,ɕ,je,4
韱,ɕ,jɛn,1
韲,tɕ,i,1
音,,in,1
韴,ts,a,2
韵,,yn,4
韶,ʂ,ɑʊ,2
韷,l,ɤ,4
韸,pʰ,ɤŋ,2
韹,x,wɑŋ,2
韺,,iŋ,1
韻,,yn,4
韼,pʰ,ɤŋ,2
韽,,an,1
韾,,in,1
響,ɕ,jɑŋ,3
頀,x,u,4
頁,,je,4
頂,t,iŋ,3
頃,tɕʰ,iŋ,3
頄,kʰ,,2
項,ɕ,jɑŋ,4
順,ʂ,,4
頇,x,an,1
須,ɕ,y,1
頉,,i,2
頊,ɕ,y,1
頋,,ɤ,3
頌,s,ʊŋ,4
頍,kʰ,,3
頎,tɕʰ,i,2
頏,x,ɑŋ,2
預,,y,4
頑,,wan,2
頒,p,an,1
頓,t,,4
頔,t,i,2
頕,t,an,1
頖,pʰ,an,4
頗,pʰ,uɔ,1
領,l,iŋ,3
頙,ʈʂʰ,ɤ,4
頚,tɕ,iŋ,3
頛,l,ei,4
頜,x,ɤ,2
頝,tɕʰ,jɑʊ,1
頞,,ɤ,4
頟,,ɤ,2
頠,,,3
頡,ɕ,je,2
頢,kʰ,uɔ,4
頣,ʂ,ən,3
頤,,i,2
頥,,i,2
頦,x,ai,2
頧,t,,3
頨,,y,3
頩,pʰ,iŋ,1
頪,l,ei,4
頫,f,u,3
頬,tɕ,ja,2
頭,tʰ,oʊ,2
頮,x,,4
頯,kʰ,,2
頰,tɕ,ja,2
頱,l,uɔ,1
頲,tʰ,iŋ,3
頳,ʈʂʰ,ɤŋ,1
頴,,iŋ,3
頵,,yn,1
頶,x,u,2
頷,x,an,4
頸,tɕ,iŋ,3
頹,tʰ,,2
頺,tʰ,,2
頻,pʰ,in,2
頼,l,ai,4
頽,tʰ,,2
頾,ts,i,1
頿,ts,i,1
顀,ʈʂʰ,,2
顁,t,iŋ,4
顂,l,ai,4
顃,tʰ,an,2
顄,x,an,4
顅,tɕʰ,jɛn,1
顆,kʰ,ɤ,1
顇,tsʰ,,4
顈,ɕ,yan,3
顉,tɕʰ,in,1
顊,,i,2
顋,s,ai,1
題,tʰ,i,2
額,,ɤ,2
顎,,ɤ,4
顏,,jɛn,2
顐,,,4
顑,kʰ,an,3
顒,,jʊŋ,2
顓,ʈʂ,wan,1
顔,,jɛn,2
顕,ɕ,jɛn,3
顖,ɕ,in,4
顗,,i,3
願,,yan,4
顙,s,ɑŋ,3
顚,t,jɛn,1
顛,t,jɛn,1
顜,tɕ,jɑŋ,3
顝,kʰ,,1
類,l,ei,4
顟,l,ɑʊ,2
顠,pʰ,jɑʊ,3
顡,,wai,4
顢,m,an,2
顣,tsʰ,u,4
顤,,jɑʊ,2
顥,x,ɑʊ,4
顦,tɕʰ,jɑʊ,2
顧,k,u,4
顨,ɕ,yn,4
顩,,jɛn,3
顪,x,,4
顫,ʈʂʰ,an,4
顬,ʐ,u,2
顭,m,ɤŋ,2
顮,p,in,1
顯,ɕ,jɛn,3
顰,pʰ,in,2
顱,l,u,2
顲,l,an,3
顳,n,je,4
顴,tɕʰ,yan,2
页,,je,4
顶,t,iŋ,3
顷,tɕʰ,iŋ,3
顸,x,an,1
项,ɕ,jɑŋ,4
顺,ʂ,,4
须,ɕ,y,1
顼,ɕ,y,1
顽,,wan,2
顾,k,u,4
顿,t,,4
颀,tɕʰ,i,2
颁,p,an,1
颂,s,ʊŋ,4
颃,x,ɑŋ,2
预,,y,4
颅,l,u,2
领,l,iŋ,3
颇,pʰ,uɔ,3
颈,tɕ,iŋ,3
颉,tɕ,je,2
颊,tɕ,ja,2
颋,tʰ,iŋ,3
颌,x,ɤ,2
颍,,iŋ,3
颎,tɕ,jʊŋ,3
颏,kʰ,ɤ,1
颐,,i,2
频,pʰ,in,2
颒,x,,4
颓,tʰ,,2
颔,x,an,4
颕,,iŋ,3
颖,,iŋ,3
颗,kʰ,ɤ,1
题,tʰ,i,2
颙,,jʊŋ,2
颚,,ɤ,4
颛,ʈʂ,wan,1
颜,,jɛn,2
额,,ɤ,2
颞,n,je,4
颟,m,an,1
颠,t,jɛn,1
颡,s,ɑŋ,3
颢,x,ɑʊ,4
颣,l,ei,4
颤,ʈʂʰ,an,4
颥,ʐ,u,2
颦,pʰ,in,2
颧,tɕʰ,yan,2
風,f,ɤŋ,1
颩,p,jɑʊ,1
颪,k,wa,1
颫,f,u,2
颬,ɕ,ja,1
颭,ʈʂ,an,3
颮,p,jɑʊ,1
颯,s,a,4
颰,p,a,2
颱,tʰ,ai,2
颲,l,je,4
颳,k,wa,1
颴,ɕ,yan,4
颵,ʂ,ɑʊ,1
颶,tɕ,y,4
颷,p,jɑʊ,1
颸,s,i,1
颹,,,3
颺,,jɑŋ,2
颻,,jɑʊ,2
颼,s,oʊ,1
颽,kʰ,ai,3
颾,s,oʊ,1
颿,f,an,1
飀,l,,2
飁,ɕ,i,2
飂,l,,4
飃,pʰ,jɑʊ,1
飄,pʰ,jɑʊ,1
飅,l,,2
飆,p,jɑʊ,1
飇,p,jɑʊ,1
飈,p,jɑʊ,1
飉,l,jɑʊ,2
飊,p,jɑʊ,1
飋,s,ɤ,4
飌,f,ɤŋ,1
飍,ɕ,,1
风,f,ɤŋ,1
飏,,jɑŋ,2
飐,ʈʂ,an,3
飑,p,jɑʊ,1
飒,s,a,4
飓,tɕ,y,4
飔,s,i,1
飕,s,oʊ,1
飖,,jɑʊ,2
飗,l,,2
飘,pʰ,jɑʊ,1
飙,p,jɑʊ,1
飚,p,jɑʊ,1
飛,f,ei,1
飜,f,an,1
飝,f,ei,1
飞,f,ei,1
食,ʂ,i,2
飠,ʂ,i,2
飡,tsʰ,an,1
飢,tɕ,i,1
飣,t,iŋ,4
飤,s,i,4
飥,tʰ,uɔ,1
飦,ʈʂ,an,1
飧,s,,1
飨,ɕ,jɑŋ,3
飩,tʰ,,2
飪,ʐ,ən,4
飫,,y,4
飬,tɕ,yan,4
飭,ʈʂʰ,i,4
飮,,in,3
飯,f,an,4
飰,f,an,4
飱,s,,1
飲,,in,3
飳,tʰ,oʊ,3
飴,,i,2
飵,ts,uɔ,4
飶,p,i,4
飷,tɕ,je,3
飸,tʰ,ɑʊ,1
飹,p,ɑʊ,3
飺,tsʰ,i,2
飻,tʰ,je,4
飼,s,i,4
飽,p,ɑʊ,3
飾,ʂ,i,4
飿,t,uɔ,4
餀,x,ai,4
餁,ʐ,ən,4
餂,tʰ,jɛn,3
餃,tɕ,jɑʊ,3
餄,tɕ,ja,2
餅,p,iŋ,3
餆,,jɑʊ,2
餇,tʰ,ʊŋ,2
餈,tsʰ,i,2
餉,ɕ,jɑŋ,3
養,,jɑŋ,3
餋,tɕ,yan,4
餌,,,3
餍,,jɛn,4
餎,l,ɤ,e
餏,ɕ,i,1
餐,tsʰ,an,1
餑,p,uɔ,1
餒,n,ei,3
餓,,ɤ,4
餔,p,u,4
餕,tɕ,yn,4
餖,t,oʊ,4
餗,s,u,4
餘,,y,2
餙,ʂ,i,4
餚,,jɑʊ,2
餛,x,,2
餜,k,uɔ,3
餝,ʂ,i,4
餞,tɕ,jɛn,4
餟,ʈʂ,,4
餠,p,iŋ,3
餡,ɕ,jɛn,4
餢,p,u,4
餣,,je,4
餤,tʰ,an,2
餥,f,ei,1
餦,ʈʂ,ɑŋ,1
餧,,,4
館,k,wan,3
餩,,ɤ,4
餪,n,wan,3
餫,,yn,4
餬,x,u,2
餭,x,wɑŋ,2
餮,tʰ,je,4
餯,x,,4
餰,tɕ,jɛn,1
餱,x,oʊ,2
餲,,ai,4
餳,tʰ,ɑŋ,2
餴,f,ən,1
餵,,,4
餶,k,u,3
餷,ʈʂʰ,a,1
餸,s,ʊŋ,4
餹,tʰ,ɑŋ,2
餺,p,uɔ,2
餻,k,ɑʊ,1
餼,ɕ,i,4
餽,kʰ,,4
餾,l,,4
餿,s,oʊ,1
饀,tʰ,ɑʊ,2
饁,,je,4
饂,,,1
饃,m,uɔ,2
饄,tʰ,ɑŋ,2
饅,m,an,2
饆,p,i,4
饇,,y,4
饈,ɕ,,1
饉,tɕ,in,3
饊,s,an,3
饋,kʰ,,4
饌,ʈʂ,wan,4
饍,ʂ,an,4
饎,ʈʂʰ,i,4
饏,t,an,4
饐,,i,4
饑,tɕ,i,1
饒,ʐ,ɑʊ,2
饓,ʈʂʰ,ɤŋ,1
饔,,jʊŋ,1
饕,tʰ,ɑʊ,1
饖,,,4
饗,ɕ,jɑŋ,3
饘,ʈʂ,an,1
饙,f,ən,1
饚,x,ai,4
饛,m,ɤŋ,2
饜,,jɛn,4
饝,m,uɔ,2
饞,ʈʂʰ,an,2
饟,ɕ,jɑŋ,3
饠,l,uɔ,2
饡,ts,an,4
饢,n,ɑŋ,2
饣,ʂ,i,2
饤,t,iŋ,4
饥,tɕ,i,1
饦,tʰ,uɔ,1
饧,tʰ,ɑŋ,2
饨,tʰ,,2
饩,ɕ,i,4
饪,ʐ,ən,4
饫,,y,4
饬,ʈʂʰ,i,4
饭,f,an,4
饮,,in,3
饯,tɕ,jɛn,4
饰,ʂ,i,4
饱,p,ɑʊ,3
饲,s,i,4
饳,t,uɔ,4
饴,,i,2
饵,,,3
饶,ʐ,ɑʊ,2
饷,ɕ,jɑŋ,3
饸,x,ɤ,2
饹,l,ɤ,e
饺,tɕ,jɑʊ,3
饻,ɕ,i,1
饼,p,iŋ,3
饽,p,uɔ,1
饾,t,oʊ,4
饿,,ɤ,4
馀,,y,2
馁,n,ei,3
馂,tɕ,yn,4
馃,k,uɔ,3
馄,x,,2
馅,ɕ,jɛn,4
馆,k,wan,3
馇,ʈʂʰ,a,1
馈,kʰ,,4
馉,k,u,3
馊,s,oʊ,1
馋,ʈʂʰ,an,2
馌,,je,4
馍,m,uɔ,2
馎,p,uɔ,2
馏,l,,2
馐,ɕ,,1
馑,tɕ,in,3
馒,m,an,2
馓,s,an,3
馔,ʈʂ,wan,4
馕,n,ɑŋ,2
首,ʂ,oʊ,3
馗,kʰ,,2
馘,k,uɔ,2
香,ɕ,jɑŋ,1
馚,f,ən,2
馛,p,uɔ,2
馜,n,i,3
馝,p,i,4
馞,p,uɔ,2
馟,tʰ,u,2
馠,x,an,1
馡,f,ei,1
馢,tɕ,jɛn,1
馣,,an,1
馤,,ai,4
馥,f,u,4
馦,ɕ,jɛn,1
馧,,yn,1
馨,ɕ,in,1
馩,f,ən,2
馪,pʰ,in,1
馫,ɕ,in,1
馬,m,a,3
馭,,y,4
馮,f,ɤŋ,2
馯,x,an,4
馰,t,i,2
馱,tʰ,uɔ,2
馲,ʈʂ,ɤ,2
馳,ʈʂʰ,i,2
馴,ɕ,yn,2
馵,ʈʂ,u,4
馶,ʈʂ,i,1
馷,pʰ,ei,4
馸,ɕ,in,4
馹,ʐ,i,4
馺,s,a,4
馻,,yn,3
馼,,,2
馽,ʈʂ,i,2
馾,t,an,4
馿,l,y,2
駀,,,2
駁,p,uɔ,2
駂,p,ɑʊ,3
駃,tɕ,yɛ,2
駄,tʰ,uɔ,2
駅,,i,4
駆,tɕʰ,y,1
駇,,,2
駈,tɕʰ,y,1
駉,tɕ,jʊŋ,1
駊,pʰ,uɔ,3
駋,ʈʂ,ɑʊ,1
駌,,yan,1
駍,pʰ,ei,2
駎,ʈʂ,oʊ,4
駏,tɕ,y,4
駐,ʈʂ,u,4
駑,n,u,2
駒,tɕ,y,1
駓,pʰ,i,1
駔,ts,ɑŋ,3
駕,tɕ,ja,4
駖,l,iŋ,2
駗,ʈʂ,ən,3
駘,tʰ,ai,2
駙,f,u,4
駚,,jɑŋ,3
駛,ʂ,i,3
駜,p,i,4
駝,tʰ,uɔ,2
駞,tʰ,uɔ,2
駟,s,i,4
駠,l,,2
駡,m,a,4
駢,pʰ,jɛn,2
駣,tʰ,ɑʊ,2
駤,ʈʂ,i,4
駥,ʐ,ʊŋ,2
駦,tʰ,ɤŋ,2
駧,t,ʊŋ,4
駨,ɕ,yn,1
駩,tɕʰ,yan,1
駪,ʂ,ən,1
駫,tɕ,jʊŋ,1
駬,,,3
駭,x,ai,4
駮,p,uɔ,2
駯,ʈʂ,u,1
駰,,in,1
駱,l,uɔ,4
駲,ʈʂ,oʊ,1
駳,t,an,4
駴,x,ai,4
駵,l,,2
駶,tɕ,y,2
駷,s,ʊŋ,3
駸,tɕʰ,in,1
駹,m,ɑŋ,2
駺,l,ɑŋ,2
駻,x,an,4
駼,tʰ,u,2
駽,ɕ,yan,1
駾,tʰ,,4
駿,tɕ,yn,4
騀,,ɤ,3
騁,ʈʂʰ,ɤŋ,3
騂,ɕ,iŋ,1
騃,,ai,2
騄,l,u,4
騅,ʈʂ,,1
騆,ʈʂ,oʊ,1
騇,ʂ,ɤ,4
騈,pʰ,jɛn,2
騉,kʰ,,1
騊,tʰ,ɑʊ,2
騋,l,ai,2
騌,ts,ʊŋ,1
騍,kʰ,ɤ,4
騎,tɕʰ,i,2
騏,tɕʰ,i,2
騐,,jɛn,4
騑,f,ei,1
騒,s,ɑʊ,1
験,,jɛn,4
騔,k,ɤ,2
騕,,jɑʊ,3
騖,,u,4
騗,pʰ,jɛn,4
騘,tsʰ,ʊŋ,1
騙,pʰ,jɛn,4
騚,tɕʰ,jɛn,2
騛,f,ei,1
騜,x,wɑŋ,2
騝,tɕʰ,jɛn,2
騞,x,uɔ,1
騟,,y,2
騠,tʰ,i,2
騡,tɕʰ,yan,2
騢,ɕ,ja,2
騣,ts,ʊŋ,1
騤,kʰ,,2
騥,ʐ,oʊ,2
騦,s,i,1
騧,k,wa,1
騨,tʰ,uɔ,2
騩,k,,1
騪,s,oʊ,1
騫,tɕʰ,jɛn,1
騬,ʈʂʰ,ɤŋ,2
騭,ʈʂ,i,4
騮,l,,2
騯,pʰ,ɤŋ,2
騰,tʰ,ɤŋ,2
騱,ɕ,i,2
騲,tsʰ,ɑʊ,3
騳,t,u,2
騴,,jɛn,4
騵,,yan,2
騶,ts,oʊ,1
騷,s,ɑʊ,1
騸,ʂ,an,4
騹,tɕʰ,i,2
騺,ʈʂ,i,4
騻,ʂ,wɑŋ,1
騼,l,u,4
騽,ɕ,i,2
騾,l,uɔ,2
騿,ʈʂ,ɑŋ,1
驀,m,uɔ,4
驁,,ɑʊ,4
驂,tsʰ,an,1
驃,p,jɑʊ,1
驄,tsʰ,ʊŋ,1
驅,tɕʰ,y,1
驆,p,i,4
驇,ʈʂ,i,4
驈,,y,4
驉,ɕ,y,1
驊,x,wa,2
驋,p,uɔ,1
驌,s,u,4
驍,ɕ,jɑʊ,1
驎,l,in,2
驏,ʈʂ,an,4
驐,t,,1
驑,l,,2
驒,tʰ,uɔ,2
驓,tsʰ,ɤŋ,2
驔,t,jɛn,4
驕,tɕ,jɑʊ,1
驖,tʰ,je,3
驗,,jɛn,4
驘,l,uɔ,2
驙,ʈʂ,an,1
驚,tɕ,iŋ,1
驛,,i,4
驜,,je,4
驝,tʰ,uɔ,1
驞,pʰ,in,1
驟,ʈʂ,oʊ,4
驠,,jɛn,4
驡,l,ʊŋ,2
驢,l,y,2
驣,tʰ,ɤŋ,2
驤,ɕ,jɑŋ,1
驥,tɕ,i,4
驦,ʂ,wɑŋ,1
驧,tɕ,y,2
驨,ɕ,i,2
驩,x,wan,1
驪,l,i,2
驫,p,jɑʊ,1
马,m,a,3
驭,,y,4
驮,tʰ,uɔ,2
驯,ɕ,yn,4
驰,ʈʂʰ,i,2
驱,tɕʰ,y,1
驲,ʐ,i,4
驳,p,uɔ,2
驴,l,y,2
驵,ts,ɑŋ,3
驶,ʂ,i,3
驷,s,i,4
驸,f,u,4
驹,tɕ,y,1
驺,ts,oʊ,1
驻,ʈʂ,u,4
驼,tʰ,uɔ,2
驽,n,u,2
驾,tɕ,ja,4
驿,,i,4
骀,t,ai,4
骁,ɕ,jɑʊ,1
骂,m,a,4
骃,,in,1
骄,tɕ,jɑʊ,1
骅,x,wa,2
骆,l,uɔ,4
骇,x,ai,4
骈,pʰ,jɛn,2
骉,p,jɑʊ,1
骊,l,i,2
骋,ʈʂʰ,ɤŋ,3
验,,jɛn,4
骍,ɕ,iŋ,1
骎,tɕʰ,in,1
骏,tɕ,yn,4
骐,tɕʰ,i,2
骑,tɕʰ,i,2
骒,kʰ,ɤ,4
骓,ʈʂ,,1
骔,ts,ʊŋ,1
骕,s,u,4
骖,tsʰ,an,1
骗,pʰ,jɛn,4
骘,ʈʂ,i,4
骙,kʰ,,2
骚,s,ɑʊ,1
骛,,u,4
骜,,ɑʊ,4
骝,l,,2
骞,tɕʰ,jɛn,1
骟,ʂ,an,4
骠,p,jɑʊ,1
骡,l,uɔ,2
骢,tsʰ,ʊŋ,1
骣,ʈʂʰ,an,3
骤,ʈʂ,oʊ,4
骥,tɕ,i,4
骦,ʂ,wɑŋ,1
骧,ɕ,jɑŋ,1
骨,k,u,3
骩,,,3
骪,,,3
骫,,,3
骬,,y,2
骭,k,an,4
骮,,i,4
骯,,ɑŋ,1
骰,tʰ,oʊ,2
骱,tɕ,je,4
骲,p,ɑʊ,4
骳,p,ei,4
骴,tsʰ,i,1
骵,tʰ,i,3
骶,t,i,3
骷,kʰ,u,1
骸,x,ai,2
骹,tɕʰ,jɑʊ,1
骺,x,oʊ,2
骻,kʰ,wa,4
骼,k,ɤ,2
骽,tʰ,,3
骾,k,ɤŋ,3
骿,pʰ,jɛn,2
髀,p,i,4
髁,kʰ,ɤ,1
髂,tɕʰ,ja,4
髃,,y,2
髄,s,,3
髅,l,oʊ,2
髆,p,uɔ,2
髇,ɕ,jɑʊ,1
髈,p,ɑŋ,3
髉,p,uɔ,2
髊,tsʰ,i,1
髋,kʰ,wan,1
髌,p,in,4
髍,m,uɔ,2
髎,l,jɑʊ,2
髏,l,oʊ,2
髐,ɕ,jɑʊ,1
髑,t,u,2
髒,ts,ɑŋ,1
髓,s,,3
體,tʰ,i,3
髕,p,in,4
髖,kʰ,wan,1
髗,l,u,2
高,k,ɑʊ,1
髙,k,ɑʊ,1
髚,tɕʰ,jɑʊ,4
髛,kʰ,ɑʊ,1
髜,tɕʰ,jɑʊ,3
髝,l,ɑʊ,2
髞,s,ɑʊ,4
髟,p,jɑʊ,1
髠,kʰ,,1
髡,kʰ,,1
髢,t,i,2
髣,f,ɑŋ,3
髤,ɕ,,1
髥,ʐ,an,2
髦,m,ɑʊ,2
髧,t,an,4
髨,kʰ,,1
髩,p,in,4
髪,f,a,4
髫,tʰ,jɑʊ,2
髬,pʰ,i,1
髭,ts,i,1
髮,f,a,4
髯,ʐ,an,2
髰,tʰ,i,4
髱,p,ɑʊ,4
髲,p,i,4
髳,m,ɑʊ,2
髴,f,u,2
髵,,,2
髶,ʐ,ʊŋ,2
髷,tɕʰ,y,1
髸,k,ʊŋ,1
髹,ɕ,,1
髺,kʰ,uɔ,4
髻,tɕ,i,4
髼,pʰ,ɤŋ,2
髽,ʈʂ,wa,1
髾,ʂ,ɑʊ,1
髿,s,uɔ,1
鬀,tʰ,i,4
鬁,l,i,4
鬂,p,in,4
鬃,ts,ʊŋ,1
鬄,t,i,2
鬅,pʰ,ɤŋ,2
鬆,s,ʊŋ,1
鬇,ʈʂ,ɤŋ,1
鬈,tɕʰ,yan,2
鬉,ts,ʊŋ,1
鬊,ʂ,,4
鬋,tɕ,jɛn,3
鬌,tʰ,uɔ,3
鬍,x,u,2
鬎,l,a,4
鬏,tɕ,,1
鬐,tɕʰ,i,2
鬑,l,jɛn,2
鬒,ʈʂ,ən,3
鬓,p,in,4
鬔,pʰ,ɤŋ,2
鬕,m,a,4
鬖,s,an,1
鬗,m,an,2
鬘,m,an,2
鬙,s,ɤŋ,1
鬚,ɕ,y,1
鬛,l,je,4
鬜,tɕʰ,jɛn,1
鬝,tɕʰ,jɛn,1
鬞,n,ɑŋ,2
鬟,x,wan,2
鬠,kʰ,uɔ,4
鬡,n,iŋ,2
鬢,p,in,4
鬣,l,je,4
鬤,ʐ,ɑŋ,2
鬥,t,oʊ,4
鬦,t,oʊ,4
鬧,n,ɑʊ,4
鬨,x,ʊŋ,4
鬩,ɕ,i,4
鬪,t,oʊ,4
鬫,x,an,3
鬬,t,oʊ,4
鬭,t,oʊ,4
鬮,tɕ,,1
鬯,ʈʂʰ,ɑŋ,4
鬰,,y,4
鬱,,y,4
鬲,k,ɤ,2
鬳,,jɛn,4
鬴,f,u,3
鬵,tɕʰ,in,2
鬶,k,,1
鬷,ts,ʊŋ,1
鬸,l,,4
鬹,k,,1
鬺,ʂ,ɑŋ,1
鬻,,y,4
鬼,k,,3
鬽,m,ei,4
鬾,tɕ,i,4
鬿,tɕʰ,i,2
魀,k,a,4
魁,kʰ,,2
魂,x,,2
魃,p,a,2
魄,pʰ,uɔ,4
魅,m,ei,4
魆,ɕ,y,1
魇,,jɛn,3
魈,ɕ,jɑʊ,1
魉,l,jɑŋ,3
魊,,y,4
魋,tʰ,,2
魌,tɕʰ,i,1
魍,,wɑŋ,3
魎,l,jɑŋ,3
魏,,,4
魐,k,an,1
魑,ʈʂʰ,i,1
魒,pʰ,jɑʊ,1
魓,p,i,4
魔,m,uɔ,2
魕,tɕ,i,3
魖,ɕ,y,1
魗,ʈʂʰ,oʊ,3
魘,,jɛn,3
魙,ʈʂ,an,1
魚,,y,2
魛,t,ɑʊ,1
魜,ʐ,ən,2
魝,tɕ,je,2
魞,p,a,1
魟,x,ʊŋ,2
魠,tʰ,uɔ,1
魡,t,jɑʊ,4
魢,tɕ,i,3
魣,ɕ,y,4
魤,,ɤ,2
魥,,ɤ,4
魦,ʂ,a,1
魧,x,ɑŋ,2
魨,tʰ,,2
魩,m,uɔ,4
魪,tɕ,je,4
魫,ʂ,ən,3
魬,p,an,3
魭,,yan,2
魮,pʰ,i,2
魯,l,u,3
魰,,,2
魱,x,u,2
魲,l,u,2
魳,ts,a,1
魴,f,ɑŋ,2
魵,f,ən,2
魶,n,a,4
魷,,,2
魸,pʰ,jɛn,4
魹,m,uɔ,2
魺,x,ɤ,2
魻,ɕ,ja,2
魼,tɕʰ,y,1
魽,x,an,2
魾,pʰ,i,1
魿,l,iŋ,2
鮀,tʰ,uɔ,2
鮁,p,uɔ,1
鮂,tɕʰ,,2
鮃,pʰ,iŋ,2
鮄,f,u,2
鮅,p,i,4
鮆,tsʰ,i,3
鮇,,,4
鮈,tɕ,y,1
鮉,t,jɑʊ,1
鮊,p,a,4
鮋,,,2
鮌,k,,3
鮍,pʰ,i,1
鮎,n,jɛn,2
鮏,ɕ,iŋ,1
鮐,tʰ,ai,2
鮑,p,ɑʊ,4
鮒,f,u,4
鮓,ʈʂ,a,3
鮔,tɕ,y,4
鮕,k,u,1
鮖,ʂ,i,2
鮗,t,ʊŋ,1
鮘,t,ai,i
鮙,tʰ,a,4
鮚,tɕ,je,2
鮛,ʂ,u,1
鮜,x,oʊ,4
鮝,ɕ,jɑŋ,3
鮞,,,2
鮟,,an,4
鮠,,,2
鮡,ʈʂ,ɑʊ,4
鮢,ʈʂ,u,1
鮣,,in,4
鮤,l,je,4
鮥,l,uɔ,4
鮦,tʰ,ʊŋ,2
鮧,tʰ,i,3
鮨,,i,4
鮩,p,iŋ,4
鮪,,,3
鮫,tɕ,jɑʊ,1
鮬,kʰ,u,1
鮭,k,,1
鮮,ɕ,jɛn,1
鮯,k,ɤ,2
鮰,x,,2
鮱,l,ɑʊ,3
鮲,f,u,2
鮳,kʰ,ɑʊ,4
鮴,ɕ,,1
鮵,t,uɔ,2
鮶,tɕ,yn,1
鮷,tʰ,i,2
鮸,m,jɛn,3
鮹,ʂ,ɑʊ,1
鮺,ʈʂ,a,3
鮻,s,uɔ,1
鮼,tɕʰ,in,1
鮽,,y,2
鮾,n,ei,3
鮿,ʈʂ,ɤ,2
鯀,k,,3
鯁,k,ɤŋ,3
鯂,s,u,1
鯃,,u,2
鯄,tɕʰ,,2
鯅,ʂ,an,1
鯆,pʰ,u,1
鯇,x,wan,4
鯈,tʰ,jɑʊ,2
鯉,l,i,3
鯊,ʂ,a,1
鯋,ʂ,a,1
鯌,kʰ,ɑʊ,4
鯍,m,ɤŋ,2
鯎,ʈʂʰ,ɤŋ,2
鯏,l,i,2
鯐,ts,oʊ,3
鯑,ɕ,i,1
鯒,,jʊŋ,3
鯓,ʂ,ən,1
鯔,ts,i,1
鯕,tɕʰ,i,2
鯖,ʈʂ,ɤŋ,1
鯗,ɕ,jɑŋ,3
鯘,n,ei,3
鯙,ʈʂʰ,,2
鯚,tɕ,i,4
鯛,t,jɑʊ,1
鯜,tɕʰ,je,4
鯝,k,u,4
鯞,ʈʂ,oʊ,3
鯟,t,ʊŋ,1
鯠,l,ai,2
鯡,f,ei,4
鯢,n,i,2
鯣,,i,4
鯤,kʰ,,1
鯥,l,u,4
鯦,tɕ,,4
鯧,ʈʂʰ,ɑŋ,1
鯨,tɕ,iŋ,1
鯩,l,,2
鯪,l,iŋ,2
鯫,ts,oʊ,1
鯬,l,i,2
鯭,m,ɤŋ,3
鯮,ts,ʊŋ,1
鯯,ʈʂ,i,4
鯰,n,jɛn,2
鯱,x,u,3
鯲,,y,2
鯳,t,i,3
鯴,ʂ,i,1
鯵,ʂ,ən,1
鯶,x,wan,4
鯷,tʰ,i,2
鯸,x,oʊ,2
鯹,ɕ,iŋ,1
鯺,ʈʂ,u,1
鯻,l,a,4
鯼,ts,ʊŋ,1
鯽,ts,ei,2
鯾,p,jɛn,1
鯿,p,jɛn,1
鰀,x,wan,4
鰁,tɕʰ,yan,2
鰂,ts,ei,2
鰃,,,1
鰄,,,1
鰅,,y,2
鰆,ʈʂʰ,,1
鰇,ʐ,oʊ,2
鰈,t,je,2
鰉,x,wɑŋ,2
鰊,l,jɛn,4
鰋,,jɛn,3
鰌,tɕʰ,,1
鰍,tɕʰ,,1
鰎,tɕ,jɛn,3
鰏,p,i,1
鰐,,ɤ,4
鰑,,jɑŋ,2
鰒,f,u,4
鰓,s,ai,1
鰔,k,an,3
鰕,ɕ,ja,1
鰖,tʰ,uɔ,3
鰗,x,u,2
鰘,ʂ,i,4
鰙,ʐ,uɔ,4
鰚,ɕ,yan,1
鰛,,,1
鰜,tɕʰ,jɛn,4
鰝,x,ɑʊ,4
鰞,,u,1
鰟,f,ɑŋ,2
鰠,s,ɑʊ,1
鰡,l,,2
鰢,m,a,3
鰣,ʂ,i,2
鰤,ʂ,i,1
鰥,k,wan,1
鰦,ts,i,1
鰧,tʰ,ɤŋ,2
鰨,tʰ,a,3
鰩,,jɑʊ,2
鰪,,ɤ,2
鰫,,jʊŋ,2
鰬,tɕʰ,jɛn,2
鰭,tɕʰ,i,2
鰮,,,1
鰯,ʐ,uɔ,4
鰰,ʂ,ən,2
鰱,l,jɛn,2
鰲,,ɑʊ,2
鰳,l,ɤ,4
鰴,x,,1
鰵,m,in,3
鰶,tɕ,i,4
鰷,tʰ,jɑʊ,2
鰸,tɕʰ,y,1
鰹,tɕ,jɛn,1
鰺,ʂ,ən,1
鰻,m,an,2
鰼,ɕ,i,2
鰽,tɕʰ,,2
鰾,p,jɑʊ,4
鰿,tɕ,i,4
鱀,tɕ,i,4
鱁,ʈʂ,u,2
鱂,tɕ,jɑŋ,1
鱃,ɕ,,1
鱄,ʈʂ,wan,1
鱅,,jʊŋ,1
鱆,ʈʂ,ɑŋ,1
鱇,kʰ,ɑŋ,1
鱈,ɕ,yɛ,3
鱉,p,je,1
鱊,,y,4
鱋,tɕʰ,y,1
鱌,ɕ,jɑŋ,4
鱍,p,uɔ,1
鱎,tɕ,jɑʊ,3
鱏,ɕ,yn,2
鱐,s,u,4
鱑,x,wɑŋ,2
鱒,ts,,1
鱓,ʂ,an,4
鱔,ʂ,an,4
鱕,f,an,1
鱖,k,,4
鱗,l,in,2
鱘,ɕ,yn,2
鱙,m,jɑʊ,2
鱚,ɕ,i,3
鱛,ts,ɤŋ,1
鱜,ɕ,jɑŋ,1
鱝,f,ən,4
鱞,k,wan,1
鱟,x,oʊ,4
鱠,kʰ,wai,4
鱡,ts,ei,2
鱢,s,ɑʊ,1
鱣,ʈʂ,an,1
鱤,k,an,3
鱥,k,,4
鱦,,iŋ,4
鱧,l,i,3
鱨,ʈʂʰ,ɑŋ,2
鱩,l,ei,2
鱪,ʂ,u,3
鱫,,ai,4
鱬,ʐ,u,2
鱭,tɕ,i,4
鱮,ɕ,y,4
鱯,x,u,4
鱰,ʂ,u,3
鱱,l,i,4
鱲,l,je,4
鱳,l,i,4
鱴,m,je,4
鱵,ʈʂ,ən,1
鱶,ɕ,jɑŋ,3
鱷,,ɤ,4
鱸,l,u,2
鱹,k,wan,4
鱺,l,i,2
鱻,ɕ,jɛn,1
鱼,,y,2
鱽,t,ɑʊ,1
鱾,tɕ,i,3
鱿,,,2
鲀,tʰ,,2
鲁,l,u,3
鲂,f,ɑŋ,2
鲃,p,a,1
鲄,x,ɤ,2
鲅,p,a,4
鲆,pʰ,iŋ,2
鲇,n,jɛn,2
鲈,l,u,2
鲉,,,2
鲊,ʈʂ,a,3
鲋,f,u,4
鲌,p,a,4
鲍,p,ɑʊ,4
鲎,x,oʊ,4
鲏,pʰ,i,2
鲐,tʰ,ai,2
鲑,k,,1
鲒,tɕ,je,2
鲓,kʰ,ɑʊ,4
鲔,,,3
鲕,,,2
鲖,tʰ,ʊŋ,2
鲗,ts,ei,2
鲘,x,oʊ,4
鲙,kʰ,wai,4
鲚,tɕ,i,4
鲛,tɕ,jɑʊ,1
鲜,ɕ,jɛn,1
鲝,ʈʂ,a,3
鲞,ɕ,jɑŋ,3
鲟,ɕ,yn,2
鲠,k,ɤŋ,3
鲡,l,i,2
鲢,l,jɛn,2
鲣,tɕ,jɛn,1
鲤,l,i,3
鲥,ʂ,i,2
鲦,tʰ,jɑʊ,2
鲧,k,,3
鲨,ʂ,a,1
鲩,x,wan,4
鲪,tɕ,yn,1
鲫,tɕ,i,4
鲬,,jʊŋ,3
鲭,tɕʰ,iŋ,1
鲮,l,iŋ,2
鲯,tɕʰ,i,2
鲰,ts,oʊ,1
鲱,f,ei,1
鲲,kʰ,,1
鲳,ʈʂʰ,ɑŋ,1
鲴,k,u,4
鲵,n,i,2
鲶,n,jɛn,2
鲷,t,jɑʊ,1
鲸,tɕ,iŋ,1
鲹,ʂ,ən,1
鲺,ʂ,i,1
鲻,ts,i,1
鲼,f,ən,4
鲽,t,je,2
鲾,p,i,1
鲿,ʈʂʰ,ɑŋ,2
鳀,tʰ,i,2
鳁,,,1
鳂,,,1
鳃,s,ai,1
鳄,,ɤ,4
鳅,tɕʰ,,1
鳆,f,u,4
鳇,x,wɑŋ,2
鳈,tɕʰ,yan,2
鳉,tɕ,jɑŋ,1
鳊,p,jɛn,1
鳋,s,ɑʊ,1
鳌,,ɑʊ,2
鳍,tɕʰ,i,2
鳎,tʰ,a,3
鳏,k,wan,1
鳐,,jɑʊ,2
鳑,pʰ,ɑŋ,2
鳒,tɕ,jɛn,1
鳓,l,ɤ,4
鳔,p,jɑʊ,4
鳕,ɕ,yɛ,3
鳖,p,je,1
鳗,m,an,2
鳘,m,in,3
鳙,,jʊŋ,1
鳚,,,4
鳛,ɕ,i,2
鳜,k,,4
鳝,ʂ,an,4
鳞,l,in,2
鳟,ts,,1
鳠,x,u,4
鳡,k,an,3
鳢,l,i,3
鳣,ʈʂ,an,1
鳤,k,wan,3
鳥,n,jɑʊ,3
鳦,,i,3
鳧,f,u,2
鳨,l,i,4
鳩,tɕ,,1
鳪,p,u,2
鳫,,jɛn,4
鳬,f,u,3
鳭,t,jɑʊ,1
鳮,tɕ,i,1
鳯,f,ɤŋ,4
鳰,ʐ,u,4
鳱,k,an,1
鳲,ʂ,i,1
鳳,f,ɤŋ,4
鳴,m,iŋ,2
鳵,p,ɑʊ,3
鳶,,yan,1
鳷,ʈʂ,i,1
鳸,x,u,4
鳹,tɕʰ,in,2
鳺,f,u,1
鳻,p,an,1
鳼,,,2
鳽,tɕ,jɛn,1
鳾,ʂ,i,1
鳿,,y,4
鴀,f,oʊ,3
鴁,,jɑʊ,1
鴂,tɕ,yɛ,2
鴃,tɕ,yɛ,2
鴄,pʰ,i,3
鴅,x,wan,1
鴆,ʈʂ,ən,4
鴇,p,ɑʊ,3
鴈,,jɛn,4
鴉,,ja,1
鴊,ʈʂ,ɤŋ,4
鴋,f,ɑŋ,1
鴌,f,ɤŋ,4
鴍,,,2
鴎,,oʊ,1
鴏,t,ai,4
鴐,k,ɤ,1
鴑,ʐ,u,2
鴒,l,iŋ,2
鴓,m,je,4
鴔,f,u,2
鴕,tʰ,uɔ,2
鴖,m,in,2
鴗,l,i,4
鴘,p,jɛn,3
鴙,ʈʂ,i,4
鴚,k,ɤ,1
鴛,,yan,1
鴜,tsʰ,i,2
鴝,tɕʰ,y,2
鴞,ɕ,jɑʊ,1
鴟,ʈʂʰ,i,1
鴠,t,an,4
鴡,tɕ,y,1
鴢,,jɑʊ,3
鴣,k,u,1
鴤,ʈʂ,ʊŋ,1
鴥,,y,4
鴦,,jɑŋ,1
鴧,,y,4
鴨,,ja,1
鴩,tʰ,je,3
鴪,,y,4
鴫,tʰ,jɛn,2
鴬,,iŋ,1
鴭,t,,1
鴮,,u,1
鴯,,,2
鴰,k,wa,1
鴱,,ai,4
鴲,ʈʂ,i,1
鴳,,jɛn,4
鴴,x,ɤŋ,2
鴵,ɕ,jɑʊ,1
鴶,tɕ,ja,2
鴷,l,je,4
鴸,ʈʂ,u,1
鴹,,jɑŋ,2
鴺,tʰ,i,2
鴻,x,ʊŋ,2
鴼,l,uɔ,4
鴽,ʐ,u,2
鴾,m,oʊ,2
鴿,k,ɤ,1
鵀,ʐ,ən,2
鵁,tɕ,jɑʊ,1
鵂,ɕ,,1
鵃,ʈʂ,oʊ,1
鵄,ʈʂʰ,i,1
鵅,l,uɔ,4
鵆,x,ɤŋ,2
鵇,n,jɛn,2
鵈,,ɤ,3
鵉,l,wan,2
鵊,tɕ,ja,2
鵋,tɕ,i,4
鵌,tʰ,u,2
鵍,x,wan,1
鵎,tʰ,uɔ,3
鵏,p,u,3
鵐,,u,2
鵑,tɕ,yan,1
鵒,,y,4
鵓,p,uɔ,2
鵔,tɕ,yn,4
鵕,tɕ,yn,4
鵖,p,i,1
鵗,ɕ,i,1
鵘,tɕ,yn,4
鵙,tɕ,y,2
鵚,tʰ,u,1
鵛,tɕ,iŋ,1
鵜,tʰ,i,2
鵝,,ɤ,2
鵞,,ɤ,2
鵟,kʰ,wɑŋ,2
鵠,x,u,2
鵡,,u,3
鵢,ʂ,ən,1
鵣,l,ai,4
鵤,tɕ,jɑʊ,o
鵥,pʰ,an,4
鵦,l,u,4
鵧,pʰ,i,2
鵨,ʂ,u,1
鵩,f,u,2
鵪,,an,1
鵫,ʈʂ,uɔ,2
鵬,pʰ,ɤŋ,2
鵭,tɕʰ,in,2
鵮,tɕʰ,jɛn,1
鵯,p,ei,1
鵰,t,jɑʊ,1
鵱,l,u,4
鵲,tɕʰ,yɛ,4
鵳,tɕ,jɛn,1
鵴,tɕ,y,2
鵵,tʰ,u,4
鵶,,ja,1
鵷,,yan,1
鵸,tɕʰ,i,2
鵹,l,i,2
鵺,,je,4
鵻,ʈʂ,,1
鵼,kʰ,ʊŋ,1
鵽,t,uɔ,4
鵾,kʰ,,1
鵿,ʂ,ɤŋ,1
鶀,tɕʰ,i,2
鶁,tɕ,iŋ,1
鶂,,i,4
鶃,,i,4
鶄,tɕ,iŋ,1
鶅,ts,i,1
鶆,l,ai,2
鶇,t,ʊŋ,1
鶈,tɕʰ,i,1
鶉,ʈʂʰ,,2
鶊,k,ɤŋ,1
鶋,tɕ,y,1
鶌,tɕ,yɛ,2
鶍,,i,4
鶎,ts,,1
鶏,tɕ,i,1
鶐,ʂ,u,4
鶑,,iŋ,1
鶒,ʈʂʰ,i,4
鶓,m,jɑʊ,2
鶔,ʐ,oʊ,2
鶕,,an,1
鶖,tɕʰ,,1
鶗,tʰ,i,2
鶘,x,u,2
鶙,tʰ,i,2
鶚,,ɤ,4
鶛,tɕ,je,1
鶜,m,ɑʊ,2
鶝,f,u,2
鶞,ʈʂʰ,,1
鶟,tʰ,u,2
鶠,,jɛn,3
鶡,x,ɤ,2
鶢,,yan,2
鶣,pʰ,jɛn,1
鶤,kʰ,,1
鶥,m,ei,2
鶦,x,u,2
鶧,,iŋ,1
鶨,ʈʂʰ,wan,4
鶩,,u,4
鶪,tɕ,y,2
鶫,t,ʊŋ,1
鶬,tsʰ,ɑŋ,1
鶭,f,ɑŋ,3
鶮,x,ɤ,4
鶯,,iŋ,1
鶰,,yan,2
鶱,ɕ,jɛn,1
鶲,,,1
鶳,ʂ,i,1
鶴,x,ɤ,4
鶵,ʈʂʰ,u,2
鶶,tʰ,ɑŋ,2
鶷,ɕ,ja,2
鶸,ʐ,uɔ,4
鶹,l,,2
鶺,tɕ,i,2
鶻,k,u,2
鶼,tɕ,jɛn,1
鶽,s,,3
鶾,x,an,4
鶿,tsʰ,i,2
鷀,tsʰ,i,2
鷁,,i,4
鷂,,jɑʊ,4
鷃,,jɛn,4
鷄,tɕ,i,1
鷅,l,i,4
鷆,tʰ,jɛn,2
鷇,kʰ,oʊ,4
鷈,tʰ,i,1
鷉,tʰ,i,1
鷊,,i,4
鷋,tʰ,u,2
鷌,m,a,3
鷍,ɕ,jɑʊ,1
鷎,k,ɑʊ,1
鷏,tʰ,jɛn,2
鷐,ʈʂʰ,ən,2
鷑,tɕ,i,2
鷒,tʰ,wan,2
鷓,ʈʂ,ɤ,4
鷔,,ɑʊ,2
鷕,,jɑʊ,3
鷖,,i,1
鷗,,oʊ,1
鷘,ʈʂʰ,i,4
鷙,ʈʂ,i,4
鷚,l,,4
鷛,,jʊŋ,1
鷜,l,y,2
鷝,p,i,4
鷞,ʂ,wɑŋ,1
鷟,ʈʂ,uɔ,2
鷠,,y,2
鷡,,u,2
鷢,tɕ,yɛ,2
鷣,,in,2
鷤,tʰ,i,2
鷥,s,i,1
鷦,tɕ,jɑʊ,1
鷧,,i,4
鷨,x,wa,2
鷩,p,i,4
鷪,,iŋ,1
鷫,s,u,4
鷬,x,wɑŋ,2
鷭,f,an,2
鷮,tɕ,jɑʊ,1
鷯,l,jɑʊ,2
鷰,,jɛn,4
鷱,k,ɑʊ,1
鷲,tɕ,,4
鷳,ɕ,jɛn,2
鷴,ɕ,jɛn,2
鷵,tʰ,u,2
鷶,m,ai,3
鷷,ts,,1
鷸,,y,4
鷹,,iŋ,1
鷺,l,u,4
鷻,tʰ,wan,2
鷼,ɕ,jɛn,2
鷽,ɕ,yɛ,2
鷾,,i,4
鷿,pʰ,i,4
鸀,ʈʂʰ,u,3
鸁,l,uɔ,2
鸂,ɕ,i,1
鸃,,i,2
鸄,tɕ,i,1
鸅,ts,ɤ,2
鸆,,y,2
鸇,ʈʂ,an,1
鸈,,je,4
鸉,,jɑŋ,2
鸊,pʰ,i,4
鸋,n,iŋ,2
鸌,x,u,4
鸍,m,i,2
鸎,,iŋ,1
鸏,m,ɤŋ,2
鸐,t,i,2
鸑,,yɛ,4
鸒,,y,4
鸓,l,ei,3
鸔,p,u,3
鸕,l,u,2
鸖,x,ɤ,4
鸗,l,ʊŋ,2
鸘,ʂ,wɑŋ,1
鸙,,yɛ,4
鸚,,iŋ,1
鸛,k,wan,4
鸜,tɕʰ,y,2
鸝,l,i,2
鸞,l,wan,2
鸟,n,jɑʊ,3
鸠,tɕ,,1
鸡,tɕ,i,1
鸢,,yan,1
鸣,m,iŋ,2
鸤,ʂ,i,1
鸥,,oʊ,1
鸦,,ja,1
鸧,tsʰ,ɑŋ,1
鸨,p,ɑʊ,3
鸩,ʈʂ,ən,4
鸪,k,u,1
鸫,t,ʊŋ,1
鸬,l,u,2
鸭,,ja,1
鸮,ɕ,jɑʊ,1
鸯,,jɑŋ,1
鸰,l,iŋ,2
鸱,ʈʂʰ,i,1
鸲,tɕʰ,y,2
鸳,,yan,1
鸴,ɕ,yɛ,2
鸵,tʰ,uɔ,2
鸶,s,i,1
鸷,ʈʂ,i,4
鸸,,,2
鸹,k,wa,1
鸺,ɕ,,1
鸻,x,ɤŋ,2
鸼,ʈʂ,oʊ,1
鸽,k,ɤ,1
鸾,l,wan,2
鸿,x,ʊŋ,2
鹀,,u,2
鹁,p,uɔ,2
鹂,l,i,2
鹃,tɕ,yan,1
鹄,k,u,3
鹅,,ɤ,2
鹆,,y,4
鹇,ɕ,jɛn,2
鹈,tʰ,i,2
鹉,,u,3
鹊,tɕʰ,yɛ,4
鹋,m,jɑʊ,2
鹌,,an,1
鹍,kʰ,,1
鹎,p,ei,1
鹏,pʰ,ɤŋ,2
鹐,tɕʰ,jɛn,1
鹑,ʈʂʰ,,2
鹒,k,ɤŋ,1
鹓,,yan,1
鹔,s,u,4
鹕,x,u,2
鹖,x,ɤ,2
鹗,,ɤ,4
鹘,k,u,3
鹙,tɕʰ,,1
鹚,tsʰ,i,2
鹛,m,ei,2
鹜,,u,4
鹝,,i,4
鹞,,jɑʊ,4
鹟,,,1
鹠,l,,2
鹡,tɕ,i,2
鹢,,i,4
鹣,tɕ,jɛn,1
鹤,x,ɤ,4
鹥,,i,1
鹦,,iŋ,1
鹧,ʈʂ,ɤ,4
鹨,l,,4
鹩,l,jɑʊ,2
鹪,tɕ,jɑʊ,1
鹫,tɕ,,4
鹬,,y,4
鹭,l,u,4
鹮,x,wan,2
鹯,ʈʂ,an,1
鹰,,iŋ,1
鹱,x,u,4
鹲,m,ɤŋ,2
鹳,k,wan,4
鹴,ʂ,wɑŋ,1
鹵,l,u,3
鹶,tɕ,in,1
鹷,l,iŋ,2
鹸,tɕ,jɛn,3
鹹,ɕ,jɛn,2
鹺,tsʰ,uɔ,2
鹻,tɕ,jɛn,3
鹼,tɕ,jɛn,3
鹽,,jɛn,2
鹾,tsʰ,uɔ,2
鹿,l,u,4
麀,,,1
麁,tsʰ,u,1
麂,tɕ,i,3
麃,pʰ,ɑʊ,2
麄,tsʰ,u,1
麅,pʰ,ɑʊ,2
麆,ʈʂ,u,4
麇,tɕ,yn,1
麈,ʈʂ,u,3
麉,tɕ,jɛn,1
麊,m,i,2
麋,m,i,2
麌,,y,3
麍,l,,2
麎,ʈʂʰ,ən,2
麏,tɕ,yn,1
麐,l,in,2
麑,n,i,2
麒,tɕʰ,i,2
麓,l,u,4
麔,tɕ,,4
麕,tɕ,yn,1
麖,tɕ,iŋ,1
麗,l,i,4
麘,ɕ,jɑŋ,1
麙,ɕ,jɛn,2
麚,tɕ,ja,1
麛,m,i,2
麜,l,i,4
麝,ʂ,ɤ,4
麞,ʈʂ,ɑŋ,1
麟,l,in,2
麠,tɕ,iŋ,1
麡,tɕʰ,i,2
麢,l,iŋ,2
麣,,jɛn,2
麤,tsʰ,u,1
麥,m,ai,4
麦,m,ai,4
麧,x,ɤ,2
麨,ʈʂʰ,ɑʊ,3
麩,f,u,1
麪,m,jɛn,4
麫,m,jɛn,4
麬,f,u,1
麭,pʰ,ɑʊ,4
麮,tɕʰ,y,4
麯,tɕʰ,y,1
麰,m,oʊ,2
麱,f,u,1
麲,ɕ,jɛn,4
麳,l,ai,2
麴,tɕʰ,y,1
麵,m,jɛn,4
麶,ʈʂʰ,i,i
麷,f,ɤŋ,1
麸,f,u,1
麹,tɕʰ,y,1
麺,m,jɛn,4
麻,m,a,2
麼,m,ɤ,e
麽,m,uɔ,2
麾,x,,1
麿,m,i,2
黀,ts,oʊ,1
黁,n,,2
黂,f,ən,2
黃,x,wɑŋ,2
黄,x,wɑŋ,2
黅,tɕ,in,1
黆,k,wɑŋ,1
黇,tʰ,jɛn,1
黈,tʰ,oʊ,3
黉,x,ʊŋ,2
黊,x,wa,4
黋,kʰ,wɑŋ,4
黌,x,ʊŋ,2
黍,ʂ,u,3
黎,l,i,2
黏,n,jɛn,2
黐,ʈʂʰ,i,1
黑,x,ei,1
黒,x,ei,1
黓,,i,4
黔,tɕʰ,jɛn,2
黕,t,an,3
黖,ɕ,i,4
黗,tʰ,,1
默,m,uɔ,4
黙,m,uɔ,4
黚,tɕʰ,jɛn,2
黛,t,ai,4
黜,ʈʂʰ,u,4
黝,,,3
點,t,jɛn,3
黟,,i,1
黠,ɕ,ja,2
黡,,jɛn,3
黢,tɕʰ,y,1
黣,m,ei,3
黤,,jɛn,3
黥,tɕʰ,iŋ,2
黦,,yɛ,4
黧,l,i,2
黨,t,ɑŋ,3
黩,t,u,2
黪,tsʰ,an,3
黫,,jɛn,1
黬,,jɛn,2
黭,,jɛn,3
黮,t,an,3
黯,,an,4
黰,ʈʂ,ən,3
黱,t,ai,4
黲,tsʰ,an,3
黳,,i,1
黴,m,ei,2
黵,ʈʂ,an,3
黶,,jɛn,3
黷,t,u,2
黸,l,u,2
黹,ʈʂ,i,3
黺,f,ən,3
黻,f,u,2
黼,f,u,3
黽,m,jɛn,3
黾,m,in,3
黿,,yan,2
鼀,tsʰ,u,4
鼁,tɕʰ,y,4
鼂,ʈʂʰ,ɑʊ,2
鼃,,wa,1
鼄,ʈʂ,u,1
鼅,ʈʂ,i,1
鼆,m,ɤŋ,2
鼇,,ɑʊ,2
鼈,p,je,1
鼉,tʰ,uɔ,2
鼊,p,i,4
鼋,,yan,2
鼌,ʈʂʰ,ɑʊ,2
鼍,tʰ,uɔ,2
鼎,t,iŋ,3
鼏,m,i,4
鼐,n,ai,4
鼑,t,iŋ,3
鼒,ts,i,1
鼓,k,u,3
鼔,k,u,3
鼕,t,ʊŋ,1
鼖,f,ən,2
鼗,tʰ,ɑʊ,2
鼘,,yan,1
鼙,pʰ,i,2
鼚,ʈʂʰ,ɑŋ,1
鼛,k,ɑʊ,1
鼜,tɕʰ,i,4
鼝,,yan,1
鼞,tʰ,ɑŋ,1
鼟,tʰ,ɤŋ,1
鼠,ʂ,u,3
鼡,ʂ,u,3
鼢,f,ən,2
鼣,f,ei,4
鼤,,,2
鼥,p,a,2
鼦,t,jɑʊ,1
鼧,tʰ,uɔ,2
鼨,ʈʂ,ʊŋ,1
鼩,tɕʰ,y,2
鼪,ʂ,ɤŋ,1
鼫,ʂ,i,2
鼬,,,4
鼭,ʂ,i,2
鼮,tʰ,iŋ,2
鼯,,u,2
鼰,tɕ,y,2
鼱,tɕ,iŋ,1
鼲,x,,2
鼳,tɕ,y,2
鼴,,jɛn,3
鼵,tʰ,u,1
鼶,s,i,1
鼷,ɕ,i,1
鼸,ɕ,jɛn,4
鼹,,jɛn,3
鼺,l,ei,2
鼻,p,i,2
鼼,,jɑʊ,4
鼽,tɕʰ,,2
鼾,x,an,1
鼿,,u,4
齀,,u,4
齁,x,oʊ,1
齂,ɕ,je,4
齃,,ɤ,4
齄,ʈʂ,a,1
齅,ɕ,,4
齆,,,4
齇,ʈʂ,a,1
齈,n,ʊŋ,4
齉,n,ɑŋ,4
齊,tɕʰ,i,2
齋,ʈʂ,ai,1
齌,tɕ,i,4
齍,ts,i,1
齎,tɕ,i,1
齏,tɕ,i,1
齐,tɕʰ,i,2
齑,tɕ,i,1
齒,ʈʂʰ,i,3
齓,ʈʂʰ,ən,4
齔,ʈʂʰ,ən,4
齕,x,ɤ,2
齖,,ja,2
齗,,in,2
齘,ɕ,je,4
齙,p,ɑʊ,1
齚,ts,ɤ,2
齛,ɕ,je,4
齜,ʈʂʰ,ai,2
齝,ʈʂʰ,i,1
齞,,jɛn,3
齟,tɕ,y,3
齠,tʰ,jɑʊ,2
齡,l,iŋ,2
齢,l,iŋ,2
齣,ʈʂʰ,u,1
齤,tɕʰ,yan,2
齥,ɕ,je,4
齦,kʰ,ən,3
齧,n,je,4
齨,tɕ,,4
齩,,jɑʊ,3
齪,ʈʂʰ,uɔ,4
齫,,yn,3
齬,,y,3
齭,ʈʂʰ,u,3
齮,,i,3
齯,n,i,2
齰,ts,ɤ,2
齱,ts,oʊ,1
齲,tɕʰ,y,3
齳,,yn,3
齴,,jɛn,3
齵,,oʊ,2
齶,,ɤ,4
齷,,uɔ,4
齸,,i,4
齹,tsʰ,i,1
齺,ts,oʊ,1
齻,t,jɛn,1
齼,ʈʂʰ,u,3
齽,tɕ,in,4
齾,,ja,4
齿,ʈʂʰ,i,3
龀,ʈʂʰ,ən,4
龁,x,ɤ,2
龂,,in,2
龃,tɕ,y,3
龄,l,iŋ,2
龅,p,ɑʊ,1
龆,tʰ,jɑʊ,2
龇,ts,i,1
龈,kʰ,ən,3
龉,,y,3
龊,ʈʂʰ,uɔ,4
龋,tɕʰ,y,3
龌,,uɔ,4
龍,l,ʊŋ,2
龎,pʰ,ɑŋ,2
龏,k,ʊŋ,1
龐,pʰ,ɑŋ,2
龑,,jɛn,3
龒,l,ʊŋ,2
龓,l,ʊŋ,3
龔,k,ʊŋ,1
龕,kʰ,an,1
龖,t,a,2
龗,l,iŋ,2
龘,t,a,2
龙,l,ʊŋ,2
龚,k,ʊŋ,1
龛,kʰ,an,1
龜,k,,1
龝,tɕʰ,,1
龞,p,je,1
龟,k,,1
龠,,yɛ,4
龡,ʈʂʰ,,1
龢,x,ɤ,2
龣,tɕ,yɛ,2
龤,ɕ,je,2
龥,,y,4
龦,,,
龧,,,
龨,,,
龩,,,
龪,,,
龫,,,
龬,,,
龭,,,
龮,,,
龯,,,
龰,,,
龱,,,
龲,,,
龳,,,
龴,,,
龵,,,
龶,,,
龷,,,
龸,,,
龹,,,
龺,,,
龻,,,
龼,,,
龽,,,
龾,,,
龿,,,
鿀,,,
鿁,,,
鿂,,,
鿃,ʂ,an,3
鿄,,,
鿅,,,
鿆,,,
鿇,,,
鿈,,,
鿉,,,
鿊,,,
鿋,,,
鿌,,,
鿍,k,ɑŋ,4
鿎,tʰ,a,3
鿏,m,ai,4
鿐,,,
鿑,,,
鿒,,,
鿓,,,
鿔,k,ɤ,1
鿕,t,an,1
鿖,,,
鿗,,,
鿘,,,
鿙,,,
鿚,,,
鿛,,,
鿜,,,
鿝,,,
鿞,,,
鿟,,,
鿠,,,
鿡,,,
鿢,,,
鿣,,,
鿤,,,
鿥,,,
鿦,,,
鿧,,,
鿨,,,
鿩,,,
鿪,,,
鿫,,ɑʊ,4
鿬,tʰ,jɛn,2
鿭,n,i,3
鿮,,,
鿯,,,
鿰,,,
鿱,,,
鿲,,,
鿳,,,
鿴,,,
鿵,,,
鿶,,,
鿷,,,
鿸,,,
鿹,,,
鿺,,,
鿻,,,
鿼,,,
鿽,,,
鿾,,,
鿿,,,
㐀,tɕʰ,,1
㐁,tʰ,jɛn,4
㐂,,,
㐃,,,
㐄,kʰ,wa,4
㐅,,u,3
㐆,,in,3
㐇,,,
㐈,,,
㐉,,,
㐊,,,
㐋,,,
㐌,,i,2
㐍,,,
㐎,,,
㐏,,,
㐐,,,
㐑,,,
㐒,,,
㐓,,,
㐔,,,
㐕,,,
㐖,ɕ,je,2
㐗,,,
㐘,,,
㐙,,,
㐚,,,
㐛,,,
㐜,ʈʂʰ,oʊ,2
㐝,,,
㐞,,,
㐟,,,
㐠,,,
㐡,n,uɔ,4
㐢,,,
㐣,,,
㐤,t,an,1
㐥,,,
㐦,,,
㐧,,,
㐨,ɕ,y,4
㐩,ɕ,iŋ,2
㐪,,,
㐫,ɕ,jʊŋ,1
㐬,l,,2
㐭,l,in,3
㐮,ɕ,jɑŋ,1
㐯,,jʊŋ,1
㐰,ɕ,in,4
㐱,ʈʂ,ən,3
㐲,t,ai,4
㐳,,u,4
㐴,pʰ,an,1
㐵,ʐ,u,2
㐶,,,
㐷,m,a,3
㐸,tɕʰ,jɛn,4
㐹,,i,4
㐺,,in,2
㐻,n,ei,4
㐼,ʈʂʰ,ɤŋ,4
㐽,f,ɤŋ,1
㐾,,,
㐿,,,
㑀,,,
㑁,ʈʂ,uɔ,1
㑂,f,ɑŋ,3
㑃,,ɑʊ,3
㑄,,u,3
㑅,ts,uɔ,4
㑆,,,
㑇,ʈʂ,oʊ,4
㑈,t,ʊŋ,4
㑉,s,u,4
㑊,,i,4
㑋,tɕʰ,jʊŋ,2
㑌,kʰ,wɑŋ,1
㑍,l,ei,4
㑎,n,ɑʊ,3
㑏,ʈʂ,u,4
㑐,ʂ,u,1
㑑,,,
㑒,,,
㑓,,,
㑔,ɕ,y,3
㑕,,,
㑖,,,
㑗,ʂ,ən,1
㑘,tɕ,je,4
㑙,t,je,2
㑚,n,uɔ,2
㑛,s,u,4
㑜,,i,4
㑝,l,ʊŋ,4
㑞,,iŋ,4
㑟,p,ɤŋ,3
㑠,,,
㑡,,,
㑢,,,
㑣,l,an,2
㑤,m,jɑʊ,2
㑥,,i,4
㑦,l,i,4
㑧,tɕ,i,4
㑨,,y,3
㑩,l,uɔ,2
㑪,ʈʂʰ,ai,2
㑫,,,
㑬,,,
㑭,,,
㑮,x,,2
㑯,ɕ,y,3
㑰,x,,4
㑱,ʐ,ɑʊ,3
㑲,,,
㑳,ʈʂ,oʊ,4
㑴,,,
㑵,x,an,4
㑶,ɕ,i,4
㑷,tʰ,ai,4
㑸,,jɑʊ,2
㑹,x,,4
㑺,tɕ,yn,4
㑻,m,a,4
㑼,l,yɛ,4
㑽,tʰ,ɑŋ,2
㑾,,jɑʊ,2
㑿,ʈʂ,ɑʊ,4
㒀,ʈʂ,ai,1
㒁,,y,3
㒂,ʈʂ,uɔ,2
㒃,,,4
㒄,ʐ,an,3
㒅,tɕʰ,i,3
㒆,ʈʂʰ,i,4
㒇,,u,3
㒈,x,an,4
㒉,tʰ,ɑŋ,3
㒊,s,ɤ,4
㒋,s,i,1
㒌,tɕʰ,jʊŋ,2
㒍,l,ei,2
㒎,s,a,4
㒏,,,
㒐,,,
㒑,kʰ,,3
㒒,pʰ,u,2
㒓,tʰ,a,4
㒔,ʂ,u,2
㒕,,jɑŋ,1
㒖,,oʊ,3
㒗,tʰ,ai,2
㒘,,,
㒙,m,jɛn,2
㒚,,in,4
㒛,t,jɑʊ,4
㒜,,y,3
㒝,m,je,4
㒞,tɕ,yn,4
㒟,n,jɑʊ,3
㒠,ɕ,je,4
㒡,,,2
㒢,,,
㒣,,,
㒤,ʈʂʰ,ɤ,4
㒥,f,ɤŋ,1
㒦,l,ei,3
㒧,l,i,4
㒨,,,
㒩,l,uɔ,3
㒪,,,
㒫,tɕ,i,4
㒬,,,
㒭,,,
㒮,,,
㒯,,,
㒰,tɕʰ,yan,2
㒱,,,
㒲,tsʰ,ai,2
㒳,l,jɑŋ,3
㒴,k,u,3
㒵,m,ɑʊ,4
㒶,,,
㒷,k,wa,3
㒸,s,,4
㒹,,,
㒺,,,
㒻,m,ɑʊ,4
㒼,m,an,2
㒽,tɕʰ,yan,1
㒾,ʂ,i,4
㒿,l,i,2
㓀,,,
㓁,,wɑŋ,3
㓂,kʰ,oʊ,4
㓃,t,u,4
㓄,ʈʂ,ən,4
㓅,tʰ,iŋ,1
㓆,,,
㓇,,,
㓈,p,iŋ,4
㓉,x,uɔ,4
㓊,t,ʊŋ,4
㓋,k,ʊŋ,4
㓌,ʈʂʰ,ɤŋ,1
㓍,,,
㓎,tɕʰ,in,1
㓏,tɕ,jʊŋ,3
㓐,l,u,4
㓑,ɕ,iŋ,4
㓒,,,
㓓,n,an,2
㓔,ɕ,je,4
㓕,,,
㓖,p,i,4
㓗,tɕ,je,2
㓘,s,u,4
㓙,,,
㓚,k,ʊŋ,1
㓛,,,
㓜,,,4
㓝,ɕ,iŋ,2
㓞,tɕʰ,ja,4
㓟,pʰ,i,2
㓠,t,jɛn,4
㓡,f,u,3
㓢,l,uɔ,4
㓣,tɕʰ,ja,4
㓤,tɕʰ,ja,4
㓥,tʰ,ɑŋ,1
㓦,p,ai,1
㓧,k,an,1
㓨,tsʰ,i,2
㓩,ɕ,yan,1
㓪,l,ɑŋ,3
㓫,,,
㓬,,,
㓭,ʂ,ɤ,2
㓮,t,jɑʊ,1
㓯,l,i,2
㓰,x,wa,4
㓱,tʰ,oʊ,2
㓲,pʰ,jɛn,1
㓳,t,i,1
㓴,ʐ,wan,3
㓵,,ɤ,4
㓶,tɕʰ,je,4
㓷,,i,4
㓸,ʈʂ,uɔ,1
㓹,ʐ,,4
㓺,tɕ,jɛn,1
㓻,,,
㓼,ʈʂʰ,i,4
㓽,ʈʂʰ,ʊŋ,2
㓾,ɕ,i,1
㓿,,,
㔀,l,yɛ,4
㔁,t,ɤŋ,1
㔂,l,in,2
㔃,tɕ,yɛ,2
㔄,s,u,4
㔅,ɕ,jɑʊ,4
㔆,ts,an,4
㔇,,,
㔈,,,
㔉,ʈʂ,u,3
㔊,ʈʂ,an,3
㔋,tɕ,jɛn,1
㔌,ts,oʊ,4
㔍,ʈʂʰ,wa,1
㔎,ɕ,je,4
㔏,l,i,4
㔐,,,
㔑,ʈʂʰ,i,4
㔒,ɕ,i,2
㔓,tɕ,jɛn,3
㔔,,,
㔕,tɕ,i,2
㔖,,,
㔗,f,ei,4
㔘,ʈʂʰ,u,4
㔙,p,ɤŋ,1
㔚,tɕ,je,2
㔛,,,
㔜,p,a,2
㔝,l,jɑŋ,3
㔞,kʰ,wai,4
㔟,,,
㔠,ɕ,ja,1
㔡,p,je,1
㔢,tɕ,yɛ,2
㔣,l,ei,2
㔤,ɕ,in,4
㔥,p,ai,4
㔦,,jɑŋ,3
㔧,l,y,4
㔨,p,ei,4
㔩,,ɤ,4
㔪,l,u,3
㔫,,,
㔬,,,
㔭,ʈʂʰ,ɤ,4
㔮,n,uɔ,2
㔯,ɕ,yan,2
㔰,x,ɤŋ,2
㔱,,y,3
㔲,,,
㔳,k,,3
㔴,,i,4
㔵,ɕ,yan,3
㔶,k,ʊŋ,4
㔷,l,oʊ,4
㔸,tʰ,i,1
㔹,l,ɤ,4
㔺,ʂ,i,4
㔻,,,
㔼,s,,3
㔽,,jɑʊ,4
㔾,ɕ,jɛn,1
㔿,ts,oʊ,4
㕀,,,
㕁,tɕʰ,yɛ,4
㕂,,in,2
㕃,ɕ,i,1
㕄,ʈʂ,i,3
㕅,tɕ,ja,2
㕆,x,u,4
㕇,l,a,1
㕈,,i,3
㕉,kʰ,ɤ,4
㕊,f,u,1
㕋,tɕʰ,in,2
㕌,,ai,4
㕍,,,
㕎,kʰ,ɤ,4
㕏,ʈʂʰ,u,2
㕐,ɕ,je,3
㕑,ʈʂʰ,u,2
㕒,,,1
㕓,,,
㕔,,,
㕕,x,wan,4
㕖,s,u,4
㕗,,,4
㕘,,,
㕙,tɕ,yn,4
㕚,ʈʂ,ɑʊ,3
㕛,ɕ,y,4
㕜,ʂ,i,3
㕝,,,
㕞,ʂ,wa,1
㕟,kʰ,,4
㕠,ʂ,wɑŋ,1
㕡,x,ɤ,2
㕢,k,ai,4
㕣,,jɛn,3
㕤,tɕʰ,,2
㕥,ʂ,ən,1
㕦,x,wa,4
㕧,ɕ,i,1
㕨,f,an,4
㕩,pʰ,ɑŋ,4
㕪,t,an,3
㕫,f,ɑŋ,3
㕬,k,ʊŋ,1
㕭,,ɑʊ,1
㕮,f,u,3
㕯,n,ɤ,4
㕰,ɕ,yɛ,4
㕱,,,2
㕲,x,wa,2
㕳,,,
㕴,ʈʂʰ,ən,2
㕵,k,uɔ,2
㕶,,,3
㕷,x,wa,4
㕸,l,i,4
㕹,f,a,2
㕺,ɕ,jɑʊ,1
㕻,pʰ,oʊ,3
㕼,,,
㕽,s,i,4
㕾,,,
㕿,,,
㖀,l,ɤ,4
㖁,l,in,4
㖂,,i,4
㖃,x,oʊ,3
㖄,,,
㖅,ɕ,y,4
㖆,tɕʰ,y,2
㖇,,,2
㖈,,,
㖉,,,
㖊,ɕ,yn,2
㖋,,,
㖌,,,
㖍,,,
㖎,,,
㖏,n,je,4
㖐,,,3
㖑,ɕ,je,4
㖒,tʰ,i,2
㖓,x,ʊŋ,2
㖔,tʰ,,3
㖕,n,je,4
㖖,n,je,4
㖗,,in,2
㖘,ʈʂ,ən,1
㖙,,,
㖚,,,
㖛,,,
㖜,,,
㖝,,,
㖞,,wai,1
㖟,ʂ,oʊ,4
㖠,n,uɔ,4
㖡,,je,4
㖢,tɕʰ,i,2
㖣,tʰ,oʊ,4
㖤,x,an,2
㖥,tɕ,yn,4
㖦,t,ʊŋ,3
㖧,x,,1
㖨,l,u,4
㖩,tɕ,y,1
㖪,x,uɔ,4
㖫,l,iŋ,2
㖬,,,
㖭,tʰ,jɛn,3
㖮,l,,2
㖯,,,
㖰,,,
㖱,,,
㖲,,,
㖳,,,
㖴,,,
㖵,k,ɤ,2
㖶,,jɛn,1
㖷,ʂ,i,2
㖸,ɕ,yɛ,2
㖹,pʰ,ən,1
㖺,ʈʂʰ,,3
㖻,n,,2
㖼,t,uɔ,3
㖽,ts,ɤ,2
㖾,,ɤ,4
㖿,ɕ,je,2
㗀,,,1
㗁,,ɤ,4
㗂,ʂ,ɤŋ,3
㗃,,,3
㗄,kʰ,u,1
㗅,x,u,2
㗆,k,ɤ,2
㗇,ɕ,ja,2
㗈,m,an,4
㗉,l,yɛ,4
㗊,tɕ,i,2
㗋,x,oʊ,2
㗌,ʈʂ,i,4
㗍,,,
㗎,,,
㗏,,wai,1
㗐,,,
㗑,p,ai,i
㗒,,ai,4
㗓,ʈʂ,,1
㗔,tɕʰ,jɛn,1
㗕,k,oʊ,4
㗖,t,an,4
㗗,p,ei,1
㗘,p,uɔ,2
㗙,ʈʂʰ,u,1
㗚,l,i,4
㗛,ɕ,jɑʊ,4
㗜,ɕ,,4
㗝,,,
㗞,,,
㗟,,,
㗠,,,
㗡,,,
㗢,x,ʊŋ,2
㗣,tʰ,i,4
㗤,tsʰ,u,4
㗥,kʰ,uɔ,4
㗦,l,ɑʊ,2
㗧,ʈʂ,i,4
㗨,ɕ,je,1
㗩,ɕ,i,1
㗪,,,
㗫,tɕʰ,je,4
㗬,ʈʂ,a,1
㗭,ɕ,i,1
㗮,,,
㗯,,,
㗰,tsʰ,ʊŋ,2
㗱,tɕ,i,2
㗲,x,uɔ,4
㗳,tʰ,a,3
㗴,,jɛn,2
㗵,ɕ,y,4
㗶,pʰ,uɔ,1
㗷,s,ai,3
㗸,,,
㗹,,,
㗺,,,
㗻,k,uɔ,1
㗼,,je,4
㗽,ɕ,jɑŋ,3
㗾,ɕ,yɛ,1
㗿,x,ɤ,2
㘀,ts,uɔ,4
㘁,,i,4
㘂,tsʰ,i,2
㘃,,,
㘄,l,ɤŋ,1
㘅,ɕ,jɛn,2
㘆,tʰ,ai,3
㘇,ʐ,ʊŋ,2
㘈,,i,4
㘉,ʈʂ,i,4
㘊,ɕ,i,1
㘋,ɕ,jɛn,2
㘌,tɕ,y,4
㘍,tɕ,i,2
㘎,x,an,3
㘏,,,
㘐,pʰ,ɑʊ,4
㘑,l,i,4
㘒,,,
㘓,l,an,2
㘔,s,ai,3
㘕,x,an,3
㘖,,jɛn,2
㘗,tɕʰ,y,1
㘘,,,
㘙,,jɛn,2
㘚,x,an,3
㘛,kʰ,an,1
㘜,ʈʂʰ,i,3
㘝,n,je,4
㘞,x,uɔ,4
㘟,,,
㘠,p,i,4
㘡,ɕ,ja,2
㘢,,,3
㘣,ɕ,yan,2
㘤,,wan,1
㘥,,,2
㘦,tɕʰ,in,2
㘧,ɕ,y,4
㘨,n,je,4
㘩,p,i,4
㘪,x,ɑʊ,4
㘫,tɕ,iŋ,3
㘬,,ɑʊ,4
㘭,,ɑʊ,4
㘮,,,
㘯,,,
㘰,ʈʂ,ən,1
㘱,tʰ,an,1
㘲,tɕ,y,2
㘳,,,
㘴,ts,uɔ,4
㘵,p,u,4
㘶,tɕ,je,2
㘷,,ai,4
㘸,ts,ɑŋ,4
㘹,tsʰ,i,2
㘺,f,a,2
㘻,,,
㘼,,,
㘽,,,
㘾,,,
㘿,n,je,4
㙀,l,,4
㙁,m,ei,2
㙂,t,,4
㙃,p,ɑŋ,1
㙄,p,i,4
㙅,p,ɑʊ,3
㙆,,,
㙇,ʈʂʰ,u,4
㙈,ɕ,ja,4
㙉,tʰ,jɛn,3
㙊,ʈʂʰ,ɑŋ,2
㙋,,,
㙌,,,
㙍,t,uɔ,1
㙎,,,1
㙏,f,u,4
㙐,t,uɔ,3
㙑,,y,3
㙒,,je,3
㙓,kʰ,,2
㙔,,,3
㙕,kʰ,wai,4
㙖,,,
㙗,,,1
㙘,,jɑʊ,1
㙙,l,ʊŋ,3
㙚,ɕ,iŋ,1
㙛,p,u,3
㙜,ʈʂʰ,i,2
㙝,ɕ,je,2
㙞,n,je,4
㙟,l,ɑŋ,3
㙠,,i,1
㙡,ts,ʊŋ,1
㙢,m,an,2
㙣,ʈʂ,ɑŋ,4
㙤,ɕ,ja,4
㙥,k,,4
㙦,ɕ,je,2
㙧,,,
㙨,tɕ,i,4
㙩,l,jɑʊ,2
㙪,,i,4
㙫,tɕ,i,2
㙬,,in,2
㙭,,,
㙮,t,a,1
㙯,,i,4
㙰,ɕ,je,4
㙱,x,ɑʊ,4
㙲,,jʊŋ,3
㙳,kʰ,an,3
㙴,ʈʂʰ,an,4
㙵,tʰ,ai,2
㙶,tʰ,ɑŋ,2
㙷,ʈʂ,i,2
㙸,p,ɑʊ,4
㙹,m,ɤŋ,2
㙺,kʰ,,2
㙻,ʈʂʰ,an,2
㙼,l,ei,3
㙽,,,
㙾,ɕ,i,4
㙿,,,
㚀,ɕ,i,1
㚁,tɕʰ,jɑʊ,4
㚂,n,ɑŋ,4
㚃,,yn,1
㚄,,,
㚅,l,ʊŋ,2
㚆,f,u,4
㚇,ts,ʊŋ,1
㚈,,,
㚉,k,u,3
㚊,kʰ,ai,1
㚋,t,jɑʊ,1
㚌,x,wa,4
㚍,kʰ,,3
㚎,,,
㚏,k,ɑʊ,3
㚐,tʰ,ɑʊ,4
㚑,,,
㚒,ʂ,an,3
㚓,l,ai,3
㚔,n,je,4
㚕,f,u,2
㚖,k,ɑʊ,3
㚗,tɕʰ,je,2
㚘,p,an,4
㚙,tɕ,ja,1
㚚,kʰ,ʊŋ,1
㚛,ɕ,i,4
㚜,,y,4
㚝,ʈʂ,,1
㚞,ʂ,ən,3
㚟,ʈʂʰ,uɔ,4
㚠,ɕ,jɑʊ,1
㚡,tɕ,i,3
㚢,n,u,2
㚣,ɕ,jɑʊ,2
㚤,,i,4
㚥,,y,2
㚦,,i,2
㚧,,jɛn,3
㚨,ʂ,ən,3
㚩,ʐ,an,3
㚪,x,ɑʊ,4
㚫,s,a,4
㚬,tɕ,yn,1
㚭,,,2
㚮,,,
㚯,ɕ,in,2
㚰,pʰ,ei,1
㚱,tɕʰ,,1
㚲,ʈʂʰ,an,1
㚳,,,
㚴,p,u,4
㚵,t,ʊŋ,1
㚶,s,i,4
㚷,,,3
㚸,,,
㚹,m,ɑʊ,3
㚺,,yn,4
㚻,tɕ,i,1
㚼,,,
㚽,tɕʰ,jɑʊ,3
㚾,ɕ,jʊŋ,1
㚿,pʰ,ɑʊ,2
㛀,ʈʂʰ,u,2
㛁,pʰ,ɤŋ,1
㛂,n,uɔ,3
㛃,tɕ,je,2
㛄,,i,1
㛅,,,4
㛆,t,uɔ,4
㛇,,,
㛈,,,
㛉,,,
㛊,t,uɔ,3
㛋,,,
㛌,,,
㛍,tɕʰ,je,4
㛎,l,y,3
㛏,tɕʰ,,2
㛐,s,oʊ,3
㛑,tsʰ,an,4
㛒,t,oʊ,4
㛓,ɕ,i,1
㛔,f,ɤŋ,1
㛕,,i,4
㛖,s,uɔ,1
㛗,tɕʰ,je,1
㛘,pʰ,uɔ,4
㛙,ɕ,in,1
㛚,tʰ,ʊŋ,3
㛛,ɕ,in,4
㛜,,,2
㛝,p,ei,4
㛞,l,ʊŋ,4
㛟,,,
㛠,,,
㛡,,,
㛢,,,
㛣,,yn,2
㛤,l,i,2
㛥,tʰ,a,4
㛦,l,an,3
㛧,m,an,3
㛨,tɕʰ,jɑŋ,3
㛩,ʈʂ,oʊ,2
㛪,,jɛn,4
㛫,ɕ,i,1
㛬,l,u,4
㛭,ɕ,i,1
㛮,s,ɑʊ,3
㛯,f,an,4
㛰,,,
㛱,,,3
㛲,f,a,4
㛳,,i,4
㛴,n,ɑʊ,3
㛵,ʈʂʰ,ɤŋ,1
㛶,tʰ,an,4
㛷,tɕ,i,1
㛸,ʂ,u,4
㛹,pʰ,jɛn,2
㛺,,an,1
㛻,kʰ,wa,1
㛼,ʈʂʰ,a,1
㛽,,,
㛾,ɕ,jɛn,2
㛿,ʈʂ,i,4
㜀,,,
㜁,,,
㜂,f,ɤŋ,1
㜃,l,jɛn,4
㜄,ɕ,yn,2
㜅,ɕ,y,4
㜆,m,i,4
㜇,x,,4
㜈,m,u,4
㜉,,jʊŋ,1
㜊,ʈʂ,an,3
㜋,,i,4
㜌,n,oʊ,3
㜍,tʰ,ɑŋ,2
㜎,ɕ,i,1
㜏,,yn,2
㜐,ʂ,u,4
㜑,f,u,2
㜒,,i,4
㜓,t,a,2
㜔,,,
㜕,l,jɛn,2
㜖,tsʰ,ɑʊ,2
㜗,tsʰ,an,1
㜘,tɕ,y,4
㜙,l,u,4
㜚,s,u,4
㜛,n,ən,4
㜜,,ɑʊ,4
㜝,,an,3
㜞,tɕʰ,jɛn,4
㜟,,,
㜠,tsʰ,,1
㜡,tsʰ,ʊŋ,1
㜢,,,
㜣,ʐ,an,2
㜤,n,jɛn,3
㜥,m,ai,2
㜦,ɕ,in,2
㜧,,yɛ,4
㜨,n,ai,2
㜩,,ɑʊ,4
㜪,ʂ,ən,1
㜫,m,a,4
㜬,,,
㜭,,,
㜮,l,an,4
㜯,ɕ,i,1
㜰,,yɛ,4
㜱,ʈʂ,i,4
㜲,,,3
㜳,x,wai,2
㜴,m,ɤŋ,4
㜵,n,jɑʊ,3
㜶,,wan,3
㜷,m,i,2
㜸,n,je,4
㜹,tɕʰ,y,2
㜺,ts,an,4
㜻,l,jɛn,4
㜼,ʈʂ,i,2
㜽,ts,i,3
㜾,x,ai,2
㜿,ɕ,y,4
㝀,x,ɑʊ,4
㝁,ɕ,yan,1
㝂,ʈʂ,i,4
㝃,m,jɛn,3
㝄,ʈʂʰ,,2
㝅,k,oʊ,4
㝆,,,
㝇,ʈʂʰ,,2
㝈,l,wan,2
㝉,ʈʂ,u,4
㝊,ʂ,oʊ,3
㝋,l,jɑʊ,3
㝌,tɕ,,4
㝍,ɕ,je,3
㝎,t,iŋ,4
㝏,tɕ,je,4
㝐,ʐ,ʊŋ,2
㝑,m,ɑŋ,2
㝒,,,
㝓,kʰ,ɤ,4
㝔,,jɑʊ,3
㝕,n,iŋ,2
㝖,,i,2
㝗,l,ɑŋ,2
㝘,,jʊŋ,2
㝙,,in,2
㝚,,jɛn,2
㝛,s,u,4
㝜,,,
㝝,l,in,2
㝞,,ja,1
㝟,m,ɑʊ,2
㝠,m,iŋ,2
㝡,ts,,4
㝢,,y,3
㝣,,i,4
㝤,k,oʊ,4
㝥,m,i,3
㝦,tɕ,yn,4
㝧,,,3
㝨,,,
㝩,kʰ,ɑŋ,1
㝪,t,jɛn,4
㝫,l,ʊŋ,2
㝬,,,
㝭,ɕ,iŋ,3
㝮,tsʰ,,4
㝯,tɕʰ,jɑʊ,2
㝰,m,jɛn,2
㝱,m,ɤŋ,4
㝲,tɕʰ,in,3
㝳,,,
㝴,,wan,2
㝵,t,ɤ,2
㝶,,ai,4
㝷,,,
㝸,p,jɛn,4
㝹,n,oʊ,2
㝺,l,jɛn,2
㝻,tɕ,in,3
㝼,,y,1
㝽,ʈʂʰ,,2
㝾,ts,uɔ,3
㝿,p,uɔ,3
㞀,x,,1
㞁,,jɑʊ,4
㞂,tʰ,,3
㞃,tɕ,i,4
㞄,,an,1
㞅,l,uɔ,4
㞆,tɕ,i,3
㞇,,,3
㞈,p,uɔ,1
㞉,ts,a,1
㞊,ɕ,y,4
㞋,n,jɛn,3
㞌,,yn,4
㞍,,,
㞎,p,a,3
㞏,ʈʂ,ɤ,2
㞐,tɕ,y,1
㞑,,,3
㞒,ɕ,je,4
㞓,tɕʰ,i,4
㞔,,i,2
㞕,ɕ,je,4
㞖,tsʰ,i,2
㞗,tɕʰ,,2
㞘,t,u,1
㞙,n,jɑʊ,4
㞚,tɕʰ,i,4
㞛,tɕ,i,3
㞜,tʰ,,1
㞝,,,
㞞,s,ʊŋ,2
㞟,t,jɛn,4
㞠,l,ɑʊ,2
㞡,ʈʂ,an,3
㞢,,,
㞣,,,
㞤,,in,2
㞥,tsʰ,ən,2
㞦,tɕ,i,3
㞧,x,,4
㞨,ts,i,3
㞩,l,an,2
㞪,n,ɑʊ,2
㞫,tɕ,y,4
㞬,tɕʰ,in,4
㞭,t,ai,4
㞮,,,
㞯,tɕ,je,2
㞰,ɕ,y,3
㞱,tsʰ,ʊŋ,1
㞲,,jʊŋ,4
㞳,t,oʊ,3
㞴,ʈʂʰ,i,2
㞵,,,
㞶,m,in,3
㞷,x,wɑŋ,2
㞸,s,,4
㞹,kʰ,ɤ,3
㞺,ts,u,2
㞻,x,ɑʊ,4
㞼,ʈʂʰ,ɤŋ,2
㞽,ɕ,yɛ,4
㞾,n,i,2
㞿,ʈʂʰ,i,4
㟀,l,jɛn,2
㟁,,an,4
㟂,m,u,3
㟃,s,i,1
㟄,ɕ,jɑŋ,2
㟅,,jɑŋ,2
㟆,x,wa,2
㟇,tsʰ,uɔ,4
㟈,tɕʰ,,2
㟉,l,ɑʊ,2
㟊,f,u,2
㟋,t,,4
㟌,m,ɑŋ,2
㟍,l,ɑŋ,2
㟎,tʰ,uɔ,3
㟏,x,an,2
㟐,m,ɑŋ,3
㟑,p,uɔ,2
㟒,tɕʰ,yn,1
㟓,tɕʰ,i,2
㟔,x,an,2
㟕,,,
㟖,l,ʊŋ,4
㟗,p,in,1
㟘,tʰ,jɑʊ,2
㟙,ts,ɤ,2
㟚,tɕʰ,i,2
㟛,ts,an,4
㟜,m,i,2
㟝,pʰ,ei,2
㟞,ʈʂ,an,4
㟟,ɕ,jɑŋ,4
㟠,k,ɑŋ,3
㟡,,,
㟢,tɕʰ,i,2
㟣,,,
㟤,l,u,4
㟥,,,
㟦,,yn,4
㟧,,ɤ,4
㟨,t,wan,1
㟩,m,in,2
㟪,,,1
㟫,tɕʰ,yan,2
㟬,s,oʊ,3
㟭,m,in,2
㟮,tʰ,u,1
㟯,,,
㟰,m,iŋ,3
㟱,,jɑʊ,3
㟲,tɕ,yɛ,2
㟳,l,i,4
㟴,kʰ,wai,4
㟵,k,ɑŋ,3
㟶,,yan,2
㟷,t,a,a
㟸,,,
㟹,l,ɑʊ,2
㟺,l,oʊ,2
㟻,tɕʰ,jɛn,4
㟼,,ɑʊ,2
㟽,p,jɑʊ,3
㟾,,jʊŋ,1
㟿,m,ɑŋ,3
㠀,t,ɑʊ,3
㠁,,,
㠂,,ɑʊ,2
㠃,,,
㠄,ɕ,i,2
㠅,f,u,2
㠆,t,an,1
㠇,tɕ,,4
㠈,ʐ,,4
㠉,tʰ,ʊŋ,2
㠊,tɕʰ,y,1
㠋,,ɤ,4
㠌,tɕʰ,i,1
㠍,tɕ,i,2
㠎,tɕ,i,2
㠏,x,wa,2
㠐,tɕ,jɑʊ,4
㠑,ts,,4
㠒,p,jɑʊ,3
㠓,m,ɤŋ,2
㠔,p,ai,4
㠕,,,3
㠖,,i,3
㠗,,ɑʊ,4
㠘,,y,3
㠙,x,ɑʊ,2
㠚,t,,4
㠛,,uɔ,4
㠜,n,i,4
㠝,tsʰ,wan,2
㠞,,,
㠟,l,i,2
㠠,l,u,2
㠡,n,jɑʊ,3
㠢,x,wai,2
㠣,l,i,4
㠤,,,
㠥,l,y,4
㠦,f,ɤŋ,1
㠧,m,i,3
㠨,,y,4
㠩,,,
㠪,tɕ,y,4
㠫,,,
㠬,,,
㠭,ʈʂ,an,3
㠮,pʰ,ɤŋ,1
㠯,,i,3
㠰,,,
㠱,tɕ,i,4
㠲,p,i,3
㠳,,,
㠴,ʐ,ən,4
㠵,x,wɑŋ,1
㠶,f,an,2
㠷,k,ɤ,2
㠸,kʰ,u,4
㠹,tɕ,je,4
㠺,ʂ,a,1
㠻,,,
㠼,s,i,1
㠽,tʰ,ʊŋ,2
㠾,,yan,1
㠿,ts,i,1
㡀,p,i,4
㡁,kʰ,wa,3
㡂,l,i,4
㡃,x,wɑŋ,1
㡄,ɕ,yn,2
㡅,n,uɔ,3
㡆,,,
㡇,ʈʂ,ɤ,2
㡈,,,4
㡉,ɕ,jɛn,2
㡊,tɕʰ,ja,4
㡋,,je,2
㡌,m,ɑʊ,4
㡍,,,
㡎,,,
㡏,ʂ,u,4
㡐,,,
㡑,tɕʰ,jɑʊ,1
㡒,ʈʂ,,1
㡓,kʰ,,1
㡔,,u,4
㡕,,iŋ,1
㡖,ʈʂʰ,wɑŋ,2
㡗,tʰ,i,2
㡘,l,jɛn,2
㡙,p,i,1
㡚,k,oʊ,1
㡛,m,ɑŋ,2
㡜,ɕ,je,4
㡝,f,ɤŋ,4
㡞,l,oʊ,2
㡟,ts,ɑʊ,1
㡠,ʈʂ,ɤŋ,4
㡡,ʈʂʰ,u,2
㡢,m,an,4
㡣,l,ʊŋ,2
㡤,,,
㡥,,in,4
㡦,pʰ,in,1
㡧,ʈʂ,ɤŋ,4
㡨,tɕ,jɛn,1
㡩,l,wan,2
㡪,n,je,2
㡫,,i,4
㡬,,,
㡭,tɕ,i,4
㡮,tɕ,i,2
㡯,ʈʂ,ai,2
㡰,,y,3
㡱,tɕ,,3
㡲,x,wan,2
㡳,ʈʂ,i,3
㡴,l,a,1
㡵,l,iŋ,2
㡶,ʈʂ,i,3
㡷,p,ən,3
㡸,ʈʂ,a,4
㡹,tɕ,y,1
㡺,t,an,4
㡻,l,jɑʊ,4
㡼,,i,4
㡽,ʈʂ,ɑʊ,4
㡾,ɕ,jɛn,4
㡿,ʈʂʰ,i,4
㢀,tsʰ,i,4
㢁,ʈʂʰ,i,3
㢂,,jɛn,3
㢃,l,ɑŋ,2
㢄,t,oʊ,4
㢅,l,ʊŋ,4
㢆,ʈʂʰ,an,2
㢇,,,
㢈,tʰ,,2
㢉,ʈʂʰ,a,2
㢊,,ai,3
㢋,ʈʂʰ,i,3
㢌,,,
㢍,,iŋ,3
㢎,ʈʂ,ɤ,2
㢏,tʰ,oʊ,2
㢐,,,
㢑,tʰ,,2
㢒,ʈʂʰ,a,2
㢓,,jɑʊ,3
㢔,ts,ʊŋ,3
㢕,,,
㢖,pʰ,an,1
㢗,tɕʰ,jɑʊ,4
㢘,l,jɛn,2
㢙,tɕʰ,in,2
㢚,l,u,3
㢛,,jɛn,4
㢜,kʰ,ɑŋ,1
㢝,s,u,1
㢞,,i,4
㢟,ʈʂʰ,an,1
㢠,tɕ,jʊŋ,3
㢡,tɕ,jɑŋ,3
㢢,,,
㢣,tɕ,iŋ,4
㢤,,,
㢥,t,ʊŋ,4
㢦,,,
㢧,tɕ,yan,4
㢨,x,an,4
㢩,t,i,4
㢪,,,
㢫,,,
㢬,x,ʊŋ,2
㢭,,,
㢮,ʈʂʰ,i,2
㢯,t,jɑʊ,1
㢰,p,i,4
㢱,,,
㢲,ɕ,yn,4
㢳,l,u,2
㢴,,,
㢵,ɕ,je,2
㢶,p,i,4
㢷,,,
㢸,p,i,4
㢹,,,
㢺,ɕ,jɛn,2
㢻,ʐ,,4
㢼,p,je,4
㢽,,,3
㢾,tɕ,yan,4
㢿,,,
㣀,ʈʂ,ən,4
㣁,p,ei,4
㣂,,ɤ,4
㣃,,y,3
㣄,tɕʰ,y,2
㣅,ts,an,4
㣆,m,i,2
㣇,,i,4
㣈,s,i,4
㣉,,,
㣊,,,
㣋,,,
㣌,ʂ,an,4
㣍,tʰ,ai,2
㣎,m,u,4
㣏,tɕ,iŋ,4
㣐,p,jɛn,4
㣑,ʐ,ʊŋ,2
㣒,tsʰ,ɤŋ,4
㣓,tsʰ,an,4
㣔,t,iŋ,1
㣕,,,
㣖,,,
㣗,,,
㣘,,,
㣙,t,i,2
㣚,tʰ,ʊŋ,3
㣛,tʰ,a,4
㣜,ɕ,iŋ,2
㣝,s,ʊŋ,1
㣞,t,uɔ,2
㣟,ɕ,i,4
㣠,tʰ,ɑʊ,1
㣡,,,
㣢,tʰ,i,2
㣣,ʂ,an,4
㣤,tɕ,jɛn,4
㣥,ʈʂ,i,4
㣦,,,1
㣧,,in,4
㣨,,,
㣩,,,
㣪,x,wan,3
㣫,ʈʂ,ʊŋ,3
㣬,tɕʰ,i,4
㣭,ts,ʊŋ,1
㣮,,,
㣯,ɕ,je,4
㣰,ɕ,je,4
㣱,ts,ɤ,2
㣲,,,2
㣳,,,
㣴,,,
㣵,tʰ,a,4
㣶,ʈʂ,an,1
㣷,n,iŋ,4
㣸,,,
㣹,,,
㣺,ɕ,in,1
㣻,,i,4
㣼,ʐ,ən,3
㣽,ʂ,u,4
㣾,ʈʂʰ,a,4
㣿,ʈʂ,uɔ,2
㤀,,,
㤁,m,jɛn,3
㤂,tɕ,i,2
㤃,f,ɑŋ,2
㤄,pʰ,ei,4
㤅,,ai,4
㤆,f,an,4
㤇,,ɑʊ,3
㤈,tɕʰ,in,4
㤉,tɕʰ,ja,1
㤊,ɕ,jɑʊ,4
㤋,f,ən,1
㤌,k,an,1
㤍,tɕʰ,jɑʊ,1
㤎,k,ɤ,1
㤏,tʰ,ʊŋ,2
㤐,ʈʂʰ,an,1
㤑,,,4
㤒,k,ɑʊ,1
㤓,p,ən,4
㤔,f,u,4
㤕,ʈʂʰ,u,4
㤖,ʈʂ,u,4
㤗,,,
㤘,ʈʂ,oʊ,4
㤙,,,
㤚,x,ɑŋ,2
㤛,n,in,2
㤜,tɕ,yɛ,2
㤝,ʈʂʰ,ʊŋ,1
㤞,ʈʂʰ,a,4
㤟,kʰ,ʊŋ,3
㤠,l,je,4
㤡,l,i,4
㤢,,y,4
㤣,,,
㤤,,y,2
㤥,x,ai,4
㤦,l,i,4
㤧,x,oʊ,2
㤨,k,ʊŋ,3
㤩,kʰ,ɤ,4
㤪,,yan,4
㤫,t,ɤ,2
㤬,x,,4
㤭,,,
㤮,k,wɑŋ,4
㤯,tɕ,jʊŋ,3
㤰,ts,uɔ,4
㤱,f,u,4
㤲,tɕʰ,je,4
㤳,p,ei,3
㤴,ʈʂʰ,ɤ,4
㤵,tsʰ,i,2
㤶,m,ɑŋ,2
㤷,x,an,1
㤸,ɕ,i,4
㤹,tɕʰ,,2
㤺,x,wɑŋ,3
㤻,,,
㤼,,,
㤽,ʈʂʰ,oʊ,2
㤾,s,an,4
㤿,,jɛn,1
㥀,ʈʂ,i,2
㥁,t,ɤ,2
㥂,tʰ,ɤ,4
㥃,m,ən,4
㥄,l,iŋ,2
㥅,ʂ,oʊ,4
㥆,tʰ,,4
㥇,tsʰ,an,2
㥈,t,je,2
㥉,ʈʂʰ,ɤ,4
㥊,pʰ,ɤŋ,2
㥋,,i,1
㥌,tɕ,y,2
㥍,tɕ,i,4
㥎,l,ai,2
㥏,tʰ,jɛn,3
㥐,,yan,4
㥑,,,
㥒,tsʰ,ai,3
㥓,tɕʰ,i,1
㥔,,y,4
㥕,l,jɛn,2
㥖,tsʰ,ʊŋ,1
㥗,,,
㥘,,,
㥙,,,
㥚,,y,2
㥛,tɕ,i,2
㥜,,,4
㥝,m,i,3
㥞,s,,4
㥟,ɕ,je,2
㥠,ɕ,y,1
㥡,ʈʂʰ,i,4
㥢,tɕʰ,,2
㥣,x,,4
㥤,,,
㥥,,y,2
㥦,tɕʰ,je,4
㥧,ʂ,,4
㥨,ʂ,,4
㥩,t,uɔ,3
㥪,l,oʊ,2
㥫,,,
㥬,pʰ,ɑŋ,2
㥭,tʰ,ai,4
㥮,ʈʂ,oʊ,4
㥯,,in,3
㥰,s,ɑʊ,1
㥱,f,ei,3
㥲,ʈʂʰ,ən,1
㥳,,yan,2
㥴,,i,2
㥵,x,,4
㥶,s,ɤ,4
㥷,,je,4
㥸,m,in,3
㥹,f,ən,3
㥺,x,ɤ,2
㥻,,,
㥼,,in,4
㥽,tsʰ,ɤ,4
㥾,n,i,4
㥿,,ɑʊ,4
㦀,f,ɤŋ,2
㦁,l,jɛn,2
㦂,ʈʂʰ,ɑŋ,2
㦃,ʈʂʰ,an,3
㦄,m,a,2
㦅,t,je,1
㦆,x,u,1
㦇,l,u,4
㦈,,,
㦉,,i,4
㦊,x,wa,2
㦋,ʈʂ,a,1
㦌,x,u,1
㦍,,ɤ,4
㦎,x,uɔ,4
㦏,s,,3
㦐,n,i,4
㦑,ɕ,jɛn,4
㦒,l,i,2
㦓,ɕ,jɛn,4
㦔,,jɛn,4
㦕,l,ʊŋ,2
㦖,m,ən,4
㦗,tɕ,in,1
㦘,tɕ,i,1
㦙,,,
㦚,p,jɛn,3
㦛,,y,3
㦜,x,uɔ,4
㦝,m,jɑʊ,3
㦞,ʈʂʰ,oʊ,2
㦟,m,ai,2
㦠,,,
㦡,l,ɤ,4
㦢,tɕ,je,2
㦣,,,4
㦤,,i,4
㦥,ɕ,yan,1
㦦,ɕ,i,4
㦧,tsʰ,an,3
㦨,l,an,2
㦩,,in,3
㦪,ɕ,je,4
㦫,ts,a,1
㦬,l,uɔ,3
㦭,l,iŋ,2
㦮,tɕʰ,jɛn,2
㦯,x,uɔ,4
㦰,tɕ,jɛn,1
㦱,,uɔ,3
㦲,,,
㦳,,,
㦴,k,ɤ,2
㦵,ʈʂ,u,1
㦶,t,je,2
㦷,,jʊŋ,3
㦸,tɕ,i,3
㦹,,jɑŋ,2
㦺,ʐ,u,4
㦻,ɕ,i,2
㦼,ʂ,wɑŋ,4
㦽,,y,4
㦾,,i,2
㦿,tɕʰ,jɛn,3
㧀,tɕ,i,2
㧁,tɕʰ,y,4
㧂,tʰ,jɛn,2
㧃,ʂ,oʊ,1
㧄,tɕʰ,jɛn,3
㧅,m,u,4
㧆,tɕ,in,1
㧇,m,ɑʊ,3
㧈,,in,3
㧉,k,ai,4
㧊,pʰ,uɔ,1
㧋,ɕ,yan,3
㧌,m,ɑʊ,4
㧍,f,ɑŋ,3
㧎,,ja,2
㧏,k,ɑŋ,1
㧐,s,ʊŋ,3
㧑,x,,1
㧒,,y,4
㧓,k,wa,1
㧔,k,wai,4
㧕,l,,3
㧖,,ɤ,4
㧗,ts,i,3
㧘,ts,i,4
㧙,p,i,4
㧚,,wa,3
㧛,,,
㧜,l,je,4
㧝,,,
㧞,,,
㧟,kʰ,wai,3
㧠,,,
㧡,x,ai,4
㧢,,in,1
㧣,ʈʂ,u,1
㧤,ʈʂʰ,ʊŋ,4
㧥,ɕ,jɛn,3
㧦,ɕ,yan,4
㧧,,,
㧨,tɕʰ,,2
㧩,pʰ,ei,4
㧪,k,,3
㧫,,,2
㧬,k,ʊŋ,3
㧭,tɕʰ,jʊŋ,2
㧮,x,u,1
㧯,l,ɑʊ,3
㧰,l,i,4
㧱,ʈʂʰ,ən,4
㧲,s,an,3
㧳,ʈʂ,uɔ,4
㧴,,uɔ,3
㧵,pʰ,oʊ,2
㧶,kʰ,ɤŋ,1
㧷,tʰ,,4
㧸,pʰ,ɤŋ,1
㧹,tʰ,ɤ,4
㧺,tʰ,a,4
㧻,ʈʂ,uɔ,2
㧼,p,jɑʊ,4
㧽,k,u,4
㧾,x,u,1
㧿,,,
㨀,p,iŋ,3
㨁,ʈʂ,i,4
㨂,t,ʊŋ,3
㨃,t,,3
㨄,ʈʂ,oʊ,1
㨅,n,ei,4
㨆,l,in,3
㨇,pʰ,uɔ,2
㨈,tɕ,i,3
㨉,m,in,2
㨊,,,3
㨋,ʈʂʰ,ɤ,3
㨌,k,oʊ,4
㨍,p,ɑŋ,1
㨎,ʐ,u,2
㨏,tʰ,an,1
㨐,p,u,3
㨑,ts,ʊŋ,1
㨒,kʰ,,1
㨓,l,ɑʊ,2
㨔,x,an,4
㨕,,iŋ,2
㨖,ʈʂ,i,4
㨗,tɕ,je,2
㨘,ɕ,iŋ,3
㨙,ɕ,je,2
㨚,ɕ,yn,2
㨛,ʂ,an,3
㨜,tɕʰ,jɛn,2
㨝,ɕ,je,1
㨞,s,u,4
㨟,x,ai,1
㨠,m,i,4
㨡,x,,2
㨢,pʰ,i,1
㨣,,,
㨤,x,,4
㨥,n,a,4
㨦,s,ʊŋ,3
㨧,p,ən,4
㨨,ʈʂʰ,oʊ,1
㨩,tɕ,je,2
㨪,x,wɑŋ,4
㨫,l,an,3
㨬,,,
㨭,x,u,4
㨮,t,oʊ,1
㨯,x,uɔ,4
㨰,k,,3
㨱,,jɑʊ,2
㨲,tsʰ,ɤ,4
㨳,k,,3
㨴,tɕ,jɛn,4
㨵,tɕ,jɛn,3
㨶,t,ɑʊ,3
㨷,tɕ,in,4
㨸,m,a,4
㨹,x,,4
㨺,m,jɛn,3
㨻,tsʰ,an,2
㨼,l,yɛ,4
㨽,pʰ,i,4
㨾,,jɑŋ,4
㨿,tɕ,y,4
㩀,tɕ,y,4
㩁,tɕʰ,yɛ,4
㩂,,,
㩃,tɕʰ,jɛn,1
㩄,ʂ,ai,1
㩅,,,
㩆,tɕ,,4
㩇,x,uɔ,4
㩈,,yn,3
㩉,t,a,2
㩊,ɕ,yan,1
㩋,ɕ,jɑʊ,1
㩌,f,ei,4
㩍,tsʰ,ɤ,4
㩎,,je,4
㩏,,,
㩐,t,ən,4
㩑,,,
㩒,tɕʰ,in,2
㩓,x,,3
㩔,tʰ,,2
㩕,,,
㩖,tɕʰ,jɑŋ,2
㩗,ɕ,i,2
㩘,n,i,3
㩙,s,ai,1
㩚,m,ɤŋ,2
㩛,tʰ,wan,2
㩜,l,an,3
㩝,x,ɑʊ,2
㩞,tsʰ,i,4
㩟,ʈʂ,ai,4
㩠,,ɑʊ,1
㩡,l,uɔ,3
㩢,m,je,4
㩣,,,
㩤,f,u,1
㩥,,,
㩦,ɕ,je,2
㩧,p,uɔ,2
㩨,x,,4
㩩,tɕʰ,iŋ,3
㩪,ɕ,je,2
㩫,,,
㩬,,,
㩭,p,uɔ,2
㩮,tɕʰ,jɛn,2
㩯,pʰ,uɔ,2
㩰,tɕ,jɑʊ,3
㩱,tɕ,yɛ,2
㩲,kʰ,,3
㩳,s,ʊŋ,3
㩴,tɕ,y,2
㩵,,ɤ,4
㩶,n,je,4
㩷,tɕʰ,jɛn,1
㩸,t,je,2
㩹,t,je,2
㩺,,,
㩻,tɕʰ,i,1
㩼,ʈʂ,i,1
㩽,tɕʰ,i,2
㩾,ʈʂ,,4
㩿,kʰ,u,1
㪀,,y,2
㪁,tɕʰ,in,2
㪂,kʰ,u,1
㪃,x,ɤ,2
㪄,f,u,2
㪅,k,ɤŋ,4
㪆,t,i,3
㪇,ɕ,jɛn,4
㪈,k,,4
㪉,x,ɤ,2
㪊,tɕʰ,yn,2
㪋,x,an,4
㪌,tʰ,ʊŋ,3
㪍,p,uɔ,2
㪎,ʂ,an,3
㪏,p,i,3
㪐,l,u,4
㪑,,je,4
㪒,n,i,2
㪓,ʈʂʰ,wai,2
㪔,s,an,4
㪕,t,jɑʊ,4
㪖,l,u,4
㪗,tʰ,oʊ,3
㪘,l,jɛn,3
㪙,kʰ,ɤ,3
㪚,s,an,4
㪛,ʈʂ,ən,3
㪜,ʈʂʰ,wai,3
㪝,l,jɛn,4
㪞,m,ɑʊ,4
㪟,,,
㪠,tɕʰ,jɛn,1
㪡,kʰ,ai,4
㪢,ʂ,ɑʊ,3
㪣,ɕ,jɑʊ,1
㪤,p,i,4
㪥,ʈʂ,a,1
㪦,,in,4
㪧,ɕ,i,1
㪨,ʂ,an,4
㪩,s,u,4
㪪,s,a,4
㪫,ʐ,,4
㪬,ʈʂʰ,uɔ,1
㪭,l,u,2
㪮,l,iŋ,2
㪯,ʈʂʰ,a,2
㪰,,,
㪱,x,wan,4
㪲,,,
㪳,,,
㪴,tɕ,ja,2
㪵,p,an,4
㪶,x,u,2
㪷,t,oʊ,3
㪸,,,
㪹,l,oʊ,3
㪺,tɕ,y,1
㪻,tɕ,yan,4
㪼,kʰ,ɤ,3
㪽,s,uɔ,3
㪾,l,uɔ,4
㪿,ʈʂ,ɤ,2
㫀,t,iŋ,3
㫁,t,wan,4
㫂,ʈʂ,u,4
㫃,,jɛn,3
㫄,pʰ,ɑŋ,2
㫅,ʈʂʰ,a,2
㫆,,,
㫇,,,
㫈,,,
㫉,,,
㫊,,i,3
㫋,,,
㫌,,,
㫍,,,2
㫎,x,,1
㫏,,jɑʊ,3
㫐,,jɑʊ,3
㫑,ʈʂ,i,3
㫒,k,ʊŋ,3
㫓,tɕʰ,i,3
㫔,k,ən,4
㫕,,,
㫖,,,
㫗,x,oʊ,4
㫘,m,i,4
㫙,f,u,2
㫚,x,u,1
㫛,k,wɑŋ,4
㫜,tʰ,an,3
㫝,t,i,1
㫞,,,
㫟,,jɛn,2
㫠,,,
㫡,,,
㫢,tɕʰ,y,4
㫣,,,
㫤,ʈʂʰ,ɑŋ,3
㫥,m,iŋ,3
㫦,tʰ,ɑʊ,1
㫧,p,ɑʊ,4
㫨,,an,1
㫩,,,
㫪,,,
㫫,ɕ,jɛn,3
㫬,,,
㫭,,,
㫮,,,
㫯,m,ɑʊ,4
㫰,l,ɑŋ,4
㫱,n,an,3
㫲,p,ei,4
㫳,ʈʂʰ,ən,2
㫴,,,
㫵,f,ei,1
㫶,ʈʂ,oʊ,3
㫷,tɕ,i,1
㫸,tɕ,je,1
㫹,ʂ,u,4
㫺,,,
㫻,kʰ,,4
㫼,t,je,2
㫽,l,u,4
㫾,,,
㫿,,,
㬀,,,
㬁,,,
㬂,,y,2
㬃,tʰ,ai,2
㬄,ʈʂʰ,an,4
㬅,m,an,4
㬆,m,in,3
㬇,x,wan,4
㬈,,,1
㬉,n,wan,3
㬊,x,wan,4
㬋,x,oʊ,2
㬌,tɕ,iŋ,4
㬍,p,uɔ,2
㬎,ɕ,jɛn,3
㬏,l,i,4
㬐,tɕ,in,4
㬑,,,
㬒,m,ɑŋ,3
㬓,pʰ,jɑʊ,4
㬔,x,ɑʊ,2
㬕,,jɑŋ,2
㬖,,,
㬗,ɕ,jɛn,4
㬘,s,u,4
㬙,,,3
㬚,ʈʂʰ,ɤ,4
㬛,ɕ,i,1
㬜,tɕ,in,4
㬝,tsʰ,ɤŋ,2
㬞,x,ɤ,4
㬟,f,ən,1
㬠,ʂ,ai,4
㬡,l,iŋ,2
㬢,,,
㬣,t,,4
㬤,tɕʰ,i,1
㬥,pʰ,u,4
㬦,,yɛ,4
㬧,p,uɔ,2
㬨,,,
㬩,x,,4
㬪,t,je,2
㬫,,jɛn,4
㬬,tɕ,y,4
㬭,tɕ,jɑʊ,4
㬮,n,an,4
㬯,l,je,4
㬰,,y,2
㬱,tʰ,i,4
㬲,tʰ,jɛn,1
㬳,,u,3
㬴,x,ʊŋ,3
㬵,ɕ,jɑʊ,2
㬶,x,ɑʊ,4
㬷,,,
㬸,tʰ,jɑʊ,1
㬹,ʈʂ,ɤŋ,1
㬺,,,
㬻,x,wɑŋ,1
㬼,f,u,4
㬽,,,
㬾,,,
㬿,tʰ,,1
㭀,,,
㭁,ʐ,ɤŋ,2
㭂,tɕ,jɑʊ,3
㭃,,,
㭄,ɕ,in,4
㭅,,,
㭆,,,
㭇,,yan,4
㭈,tɕ,yɛ,2
㭉,x,wa,2
㭊,,,
㭋,p,ɑŋ,4
㭌,m,oʊ,2
㭍,,,
㭎,k,ɑŋ,1
㭏,,,3
㭐,,,
㭑,m,ei,4
㭒,s,i,4
㭓,p,jɛn,4
㭔,l,u,2
㭕,tɕʰ,y,1
㭖,,,
㭗,,,
㭘,k,ɤ,2
㭙,ʈʂ,ɤ,2
㭚,l,y,3
㭛,pʰ,ai,4
㭜,ʐ,ʊŋ,2
㭝,tɕʰ,,2
㭞,l,je,4
㭟,k,ʊŋ,3
㭠,ɕ,jɛn,3
㭡,ɕ,i,4
㭢,ɕ,in,1
㭣,,,
㭤,n,jɑʊ,3
㭥,,,
㭦,,,
㭧,,,
㭨,ɕ,je,2
㭩,l,je,4
㭪,f,u,1
㭫,tsʰ,uɔ,2
㭬,ʈʂ,uɔ,2
㭭,p,a,1
㭮,ts,uɔ,4
㭯,ʈʂ,ɤ,2
㭰,ts,,1
㭱,x,ɤ,2
㭲,tɕ,i,2
㭳,,,
㭴,tɕ,jɛn,1
㭵,,,
㭶,,,
㭷,,,
㭸,tʰ,u,2
㭹,ɕ,jɛn,2
㭺,,jɛn,3
㭻,tʰ,ɑŋ,2
㭼,tʰ,a,4
㭽,t,i,3
㭾,tɕ,yɛ,2
㭿,,ɑŋ,2
㮀,x,an,2
㮁,ɕ,jɑʊ,2
㮂,tɕ,y,2
㮃,,,1
㮄,p,ɑŋ,3
㮅,ʈʂ,,1
㮆,n,je,4
㮇,tʰ,jɛn,4
㮈,n,ai,4
㮉,,,
㮊,,,
㮋,,,3
㮌,m,jɛn,2
㮍,,,
㮎,,,
㮏,n,ai,4
㮐,ʂ,ɤŋ,3
㮑,ʈʂʰ,a,1
㮒,,jɛn,1
㮓,k,ən,4
㮔,ʈʂʰ,ʊŋ,4
㮕,ʐ,wan,3
㮖,tɕ,ja,2
㮗,tɕʰ,in,2
㮘,m,ɑʊ,2
㮙,,ɤ,4
㮚,l,i,4
㮛,ʈʂʰ,i,2
㮜,ts,ɑŋ,1
㮝,x,ɤ,2
㮞,tɕ,je,2
㮟,n,jɛn,3
㮠,,,
㮡,k,wan,4
㮢,x,oʊ,2
㮣,k,ai,4
㮤,,,
㮥,p,ən,4
㮦,s,uɔ,3
㮧,,u,1
㮨,tɕ,i,4
㮩,ɕ,i,1
㮪,tɕʰ,jʊŋ,2
㮫,x,ɤ,2
㮬,,,1
㮭,ɕ,jɛn,2
㮮,tɕ,je,2
㮯,x,,2
㮰,pʰ,i,2
㮱,ʂ,ən,1
㮲,ʈʂʰ,oʊ,1
㮳,ʈʂ,ən,4
㮴,,,
㮵,ʈʂ,an,1
㮶,ʂ,uɔ,4
㮷,tɕ,i,1
㮸,s,ʊŋ,4
㮹,ʈʂ,i,3
㮺,p,ən,3
㮻,,,
㮼,,,
㮽,,,
㮾,l,ɑŋ,3
㮿,p,i,4
㯀,ɕ,yan,4
㯁,pʰ,ei,2
㯂,t,ai,4
㯃,tɕʰ,i,1
㯄,ʈʂ,i,1
㯅,pʰ,i,2
㯆,ʈʂʰ,an,3
㯇,p,i,4
㯈,s,u,4
㯉,x,uɔ,4
㯊,x,ən,2
㯋,tɕ,jʊŋ,3
㯌,ʈʂʰ,wan,2
㯍,tɕ,jɑŋ,3
㯎,n,ən,4
㯏,k,u,3
㯐,f,ɑŋ,3
㯑,,,
㯒,,,
㯓,tʰ,a,4
㯔,tsʰ,,4
㯕,ɕ,i,1
㯖,t,ɤ,2
㯗,ɕ,jɛn,2
㯘,kʰ,wan,3
㯙,ʈʂ,ɤ,2
㯚,tʰ,a,1
㯛,x,u,2
㯜,tsʰ,,4
㯝,l,u,4
㯞,tɕ,yan,4
㯟,l,u,4
㯠,tɕʰ,jɛn,4
㯡,pʰ,ɑʊ,4
㯢,ʈʂ,ən,4
㯣,,,
㯤,l,i,4
㯥,tsʰ,ɑʊ,2
㯦,tɕʰ,i,2
㯧,,,
㯨,,,
㯩,tʰ,i,4
㯪,l,iŋ,2
㯫,tɕʰ,y,2
㯬,l,jɛn,3
㯭,l,u,3
㯮,ʂ,u,2
㯯,k,ʊŋ,4
㯰,ʈʂ,ɤ,2
㯱,pʰ,ɑʊ,1
㯲,tɕ,in,4
㯳,tɕʰ,iŋ,2
㯴,,,
㯵,,,
㯶,ts,ʊŋ,1
㯷,pʰ,u,2
㯸,tɕ,in,3
㯹,p,jɑʊ,3
㯺,tɕ,jɛn,4
㯻,k,,3
㯼,,,
㯽,p,in,1
㯾,ts,ɑʊ,1
㯿,l,je,4
㰀,l,i,2
㰁,l,uɔ,3
㰂,ʂ,ən,3
㰃,m,jɛn,2
㰄,tɕ,jɛn,4
㰅,t,i,2
㰆,p,ei,4
㰇,,,
㰈,l,jɛn,3
㰉,,,
㰊,ɕ,jɛn,2
㰋,pʰ,in,2
㰌,tɕʰ,yɛ,4
㰍,l,ʊŋ,2
㰎,ts,,4
㰏,,,
㰐,tɕ,yɛ,2
㰑,ʂ,an,1
㰒,ɕ,yɛ,2
㰓,,,
㰔,ɕ,je,4
㰕,,,
㰖,l,an,3
㰗,tɕʰ,i,2
㰘,,i,2
㰙,n,uɔ,2
㰚,l,i,2
㰛,,yɛ,4
㰜,,,
㰝,,i,3
㰞,ʈʂʰ,i,1
㰟,tɕ,i,4
㰠,x,ɑŋ,1
㰡,ɕ,je,4
㰢,kʰ,ɤŋ,1
㰣,ts,i,1
㰤,x,ɤ,1
㰥,ɕ,i,4
㰦,tɕʰ,y,4
㰧,x,ai,1
㰨,ɕ,ja,1
㰩,x,ai,1
㰪,k,,1
㰫,ʈʂʰ,an,1
㰬,ɕ,yn,2
㰭,ɕ,y,1
㰮,ʂ,ən,4
㰯,kʰ,oʊ,4
㰰,ɕ,ja,1
㰱,ʂ,a,4
㰲,,y,1
㰳,,ja,4
㰴,pʰ,oʊ,3
㰵,ts,u,2
㰶,,,3
㰷,ts,i,4
㰸,l,jɛn,3
㰹,ɕ,jɛn,1
㰺,ɕ,ja,4
㰻,,i,3
㰼,ʂ,a,4
㰽,,jɛn,4
㰾,tɕ,jɑʊ,4
㰿,ɕ,i,1
㱀,ʈʂʰ,i,3
㱁,ʂ,i,4
㱂,kʰ,ɑŋ,1
㱃,,in,3
㱄,x,ei,1
㱅,,i,4
㱆,ɕ,i,1
㱇,s,ɤ,4
㱈,tɕ,in,4
㱉,,je,4
㱊,,,1
㱋,tɕʰ,yɛ,4
㱌,,je,2
㱍,l,wan,2
㱎,kʰ,,1
㱏,ʈʂ,ɤŋ,4
㱐,,,
㱑,,,
㱒,,,
㱓,,,
㱔,ɕ,je,1
㱕,,,
㱖,tsʰ,,4
㱗,ɕ,,1
㱘,,an,4
㱙,ɕ,,3
㱚,tsʰ,an,2
㱛,ʈʂʰ,wan,3
㱜,ʈʂ,a,2
㱝,,,
㱞,,i,4
㱟,pʰ,i,1
㱠,kʰ,u,1
㱡,ʂ,ɤŋ,1
㱢,l,ɑŋ,2
㱣,tʰ,,3
㱤,ɕ,i,1
㱥,l,iŋ,2
㱦,tɕʰ,i,1
㱧,,uɔ,4
㱨,l,jɛn,4
㱩,t,u,2
㱪,m,ən,4
㱫,l,an,4
㱬,,,3
㱭,t,wan,4
㱮,kʰ,wai,4
㱯,,ai,2
㱰,ts,ai,3
㱱,x,,4
㱲,,i,4
㱳,m,uɔ,4
㱴,ts,i,4
㱵,f,ən,4
㱶,pʰ,ɤŋ,2
㱷,,,
㱸,p,i,4
㱹,l,i,4
㱺,l,u,2
㱻,l,uɔ,4
㱼,x,ai,1
㱽,ʈʂ,ən,3
㱾,k,ai,1
㱿,tɕʰ,yɛ,4
㲀,ʈʂ,ən,1
㲁,kʰ,ʊŋ,1
㲂,ʈʂʰ,ɤŋ,2
㲃,tɕ,,4
㲄,tɕ,yɛ,2
㲅,tɕ,i,4
㲆,l,iŋ,2
㲇,,,
㲈,ʂ,ɑʊ,2
㲉,tɕʰ,yɛ,4
㲊,ʐ,,4
㲋,ʈʂʰ,uɔ,4
㲌,n,ɤŋ,4
㲍,ʈʂ,i,1
㲎,l,oʊ,2
㲏,pʰ,ɑʊ,1
㲐,,,
㲑,,,
㲒,p,ɑʊ,4
㲓,ʐ,ʊŋ,2
㲔,ɕ,jɛn,1
㲕,l,ei,4
㲖,ɕ,jɑʊ,1
㲗,f,u,1
㲘,tɕʰ,y,2
㲙,,,
㲚,ʂ,a,1
㲛,ʈʂ,i,3
㲜,tʰ,an,2
㲝,ʐ,ʊŋ,3
㲞,s,u,1
㲟,,iŋ,3
㲠,m,ɑʊ,2
㲡,n,ai,4
㲢,p,jɛn,4
㲣,,,
㲤,ʂ,wai,1
㲥,tʰ,ɑŋ,2
㲦,x,an,4
㲧,s,ɑʊ,4
㲨,ʐ,ʊŋ,2
㲩,,,
㲪,t,ɤŋ,1
㲫,pʰ,u,2
㲬,tɕ,jɑʊ,1
㲭,tʰ,an,3
㲮,,,
㲯,ʐ,an,2
㲰,n,iŋ,2
㲱,l,je,4
㲲,t,je,2
㲳,t,je,2
㲴,ʈʂ,ʊŋ,4
㲵,,,
㲶,l,y,4
㲷,t,an,4
㲸,ɕ,i,1
㲹,k,,3
㲺,tɕ,i,2
㲻,n,i,4
㲼,,i,4
㲽,n,jɛn,4
㲾,,y,3
㲿,,wɑŋ,3
㳀,k,uɔ,4
㳁,ts,ɤ,4
㳂,,jɛn,2
㳃,tsʰ,,4
㳄,ɕ,jɛn,2
㳅,tɕ,jɑʊ,3
㳆,tʰ,oʊ,3
㳇,f,u,4
㳈,pʰ,ei,4
㳉,,,
㳊,,,1
㳋,tɕʰ,,1
㳌,,ja,1
㳍,p,u,4
㳎,p,jɛn,4
㳏,ʂ,i,4
㳐,ʈʂ,a,2
㳑,,i,4
㳒,p,jɛn,4
㳓,,,
㳔,t,,4
㳕,l,an,2
㳖,,i,1
㳗,ʈʂʰ,ai,4
㳘,ʈʂʰ,ʊŋ,1
㳙,ɕ,yan,4
㳚,ɕ,y,4
㳛,,y,2
㳜,ɕ,,1
㳝,,,
㳞,,,
㳟,,,
㳠,tʰ,a,4
㳡,k,uɔ,1
㳢,,,
㳣,,,
㳤,,,
㳥,l,ʊŋ,4
㳦,ɕ,je,4
㳧,ʈʂʰ,ɤ,4
㳨,tɕ,jɛn,3
㳩,tʰ,an,1
㳪,pʰ,i,4
㳫,ts,an,3
㳬,ɕ,yan,2
㳭,ɕ,jɛn,2
㳮,n,jɑʊ,4
㳯,,,
㳰,,,
㳱,,,
㳲,,,
㳳,,,
㳴,m,i,4
㳵,tɕ,i,4
㳶,n,oʊ,3
㳷,x,u,1
㳸,x,wa,1
㳹,,wɑŋ,3
㳺,,,2
㳻,ts,ɤ,2
㳼,p,i,4
㳽,m,i,3
㳾,tɕʰ,jɑŋ,1
㳿,ɕ,je,4
㴀,f,an,4
㴁,,i,4
㴂,tʰ,an,1
㴃,l,ei,4
㴄,,jʊŋ,3
㴅,,,
㴆,tɕ,in,4
㴇,ʂ,ɤ,4
㴈,,in,4
㴉,tɕ,i,3
㴊,,,
㴋,s,u,4
㴌,,,
㴍,,,
㴎,n,ai,4
㴏,,wɑŋ,3
㴐,m,jɛn,4
㴑,s,u,4
㴒,,i,4
㴓,ʂ,ai,1
㴔,ɕ,i,1
㴕,tɕ,i,2
㴖,l,uɔ,4
㴗,,,1
㴘,m,ɑʊ,4
㴙,ʈʂ,a,3
㴚,s,,4
㴛,ʈʂ,i,4
㴜,p,jɛn,4
㴝,l,i,2
㴞,,,
㴟,,,
㴠,,,
㴡,,,
㴢,,,
㴣,,,
㴤,,,
㴥,tɕʰ,jɑʊ,4
㴦,k,wan,4
㴧,ɕ,i,1
㴨,ʈʂ,ən,4
㴩,,jʊŋ,1
㴪,n,je,4
㴫,tɕ,yn,4
㴬,ɕ,je,4
㴭,,jɑʊ,3
㴮,ɕ,je,4
㴯,ʈʂ,i,1
㴰,n,ɤŋ,2
㴱,,,
㴲,s,i,1
㴳,l,ʊŋ,3
㴴,ʈʂʰ,ən,2
㴵,m,i,4
㴶,tɕʰ,yɛ,4
㴷,t,an,1
㴸,ʂ,an,3
㴹,,,
㴺,,,
㴻,,,
㴼,s,u,4
㴽,ɕ,je,4
㴾,p,uɔ,2
㴿,t,iŋ,3
㵀,ts,u,2
㵁,,,
㵂,ʂ,u,4
㵃,ʂ,ɤ,2
㵄,x,an,4
㵅,tʰ,an,1
㵆,k,ɑʊ,3
㵇,,,
㵈,,,
㵉,,,
㵊,n,a,4
㵋,m,i,4
㵌,ɕ,yn,2
㵍,m,ən,4
㵎,tɕ,jɛn,4
㵏,tsʰ,,3
㵐,tɕ,yɛ,2
㵑,x,ɤ,4
㵒,f,ei,4
㵓,ʂ,i,2
㵔,ʈʂʰ,ɤ,3
㵕,ʂ,ən,4
㵖,n,y,4
㵗,pʰ,iŋ,2
㵘,m,an,4
㵙,,,
㵚,,,
㵛,,,
㵜,,,
㵝,,i,4
㵞,ʈʂʰ,oʊ,2
㵟,,,
㵠,kʰ,u,1
㵡,p,ɑʊ,2
㵢,l,ei,2
㵣,kʰ,ɤ,3
㵤,ʂ,a,4
㵥,p,i,4
㵦,s,,2
㵧,k,ɤ,2
㵨,pʰ,i,4
㵩,,i,4
㵪,ɕ,jɛn,2
㵫,n,i,4
㵬,,iŋ,2
㵭,ʈʂ,u,3
㵮,ʈʂʰ,,2
㵯,f,ɤŋ,2
㵰,ɕ,y,4
㵱,pʰ,jɑʊ,3
㵲,,u,3
㵳,l,jɑʊ,2
㵴,tsʰ,ɑŋ,2
㵵,ts,oʊ,4
㵶,ts,uɔ,1
㵷,p,jɛn,4
㵸,,jɑʊ,4
㵹,x,wan,2
㵺,pʰ,ai,4
㵻,ɕ,,1
㵼,,,
㵽,l,ei,3
㵾,tɕʰ,iŋ,4
㵿,ɕ,jɑʊ,4
㶀,tɕ,jɑʊ,1
㶁,k,uɔ,2
㶂,,,
㶃,,,
㶄,,jɛn,2
㶅,ɕ,yɛ,2
㶆,ʈʂ,u,1
㶇,x,ɤŋ,2
㶈,,iŋ,2
㶉,ɕ,i,1
㶊,,,
㶋,,,
㶌,l,jɛn,2
㶍,ɕ,jɛn,3
㶎,x,wan,2
㶏,,in,1
㶐,,,
㶑,l,jɛn,4
㶒,ʂ,an,3
㶓,tsʰ,ɑŋ,2
㶔,p,ei,4
㶕,tɕ,jɛn,3
㶖,ʂ,u,4
㶗,f,an,4
㶘,t,jɛn,4
㶙,,,
㶚,p,a,4
㶛,,y,2
㶜,,,
㶝,,,
㶞,n,ɑŋ,3
㶟,l,ei,3
㶠,,i,4
㶡,t,ai,4
㶢,,,
㶣,ʈʂʰ,an,2
㶤,ʈʂʰ,ɑʊ,3
㶥,k,an,1
㶦,tɕ,in,4
㶧,n,ən,4
㶨,,,
㶩,,,
㶪,,,
㶫,l,jɑʊ,3
㶬,m,uɔ,4
㶭,,,3
㶮,,,
㶯,l,,4
㶰,x,an,2
㶱,,,
㶲,,jʊŋ,4
㶳,tɕ,in,4
㶴,ʈʂʰ,i,3
㶵,ʐ,ən,4
㶶,n,ʊŋ,2
㶷,,,
㶸,,,
㶹,x,ʊŋ,4
㶺,tʰ,jɛn,4
㶻,,,
㶼,,ai,1
㶽,k,wa,1
㶾,p,jɑʊ,1
㶿,p,uɔ,2
㷀,tɕʰ,jʊŋ,2
㷁,,,
㷂,ʂ,u,4
㷃,ʈʂʰ,,3
㷄,x,,3
㷅,ʈʂʰ,ɑʊ,3
㷆,f,u,4
㷇,x,,1
㷈,,ɤ,4
㷉,,,4
㷊,f,ən,2
㷋,tʰ,an,2
㷌,,,
㷍,l,,2
㷎,x,ɤ,4
㷏,,jʊŋ,3
㷐,x,,3
㷑,,,
㷒,,y,2
㷓,ts,ʊŋ,3
㷔,,jɛn,4
㷕,tɕʰ,,2
㷖,ʈʂ,ɑʊ,4
㷗,tɕ,jʊŋ,3
㷘,tʰ,ai,2
㷙,,,
㷚,,,
㷛,,,
㷜,,,
㷝,,,
㷞,,,
㷟,tʰ,,4
㷠,l,in,2
㷡,tɕ,jʊŋ,3
㷢,ʈʂ,a,3
㷣,ɕ,iŋ,1
㷤,x,u,4
㷥,,,
㷦,ɕ,y,4
㷧,,,
㷨,,,
㷩,,,
㷪,tsʰ,,4
㷫,tɕʰ,iŋ,3
㷬,m,uɔ,4
㷭,,,
㷮,ts,ɑʊ,1
㷯,p,ɤŋ,4
㷰,ʈʂʰ,i,1
㷱,,,
㷲,,,
㷳,,jɛn,4
㷴,k,ɤ,2
㷵,m,uɔ,4
㷶,p,ei,4
㷷,tɕ,yan,3
㷸,t,je,2
㷹,ʈʂ,ɑʊ,4
㷺,,,
㷻,,u,2
㷼,,jɛn,4
㷽,,,
㷾,tɕ,yɛ,2
㷿,ɕ,jɛn,1
㸀,tʰ,ai,2
㸁,x,an,3
㸂,,,
㸃,t,jɛn,3
㸄,tɕ,i,4
㸅,tɕ,je,2
㸆,kʰ,ɑʊ,4
㸇,ts,wan,3
㸈,,,
㸉,ɕ,je,4
㸊,l,ai,4
㸋,f,an,2
㸌,x,uɔ,4
㸍,ɕ,i,4
㸎,n,je,4
㸏,m,i,2
㸐,ʐ,an,2
㸑,tsʰ,wan,4
㸒,,in,2
㸓,m,i,4
㸔,,,
㸕,tɕ,yɛ,2
㸖,tɕʰ,y,1
㸗,tʰ,ʊŋ,2
㸘,,wan,4
㸙,ʈʂ,ɤ,1
㸚,l,i,3
㸛,ʂ,ɑʊ,2
㸜,kʰ,ʊŋ,4
㸝,ɕ,jɛn,1
㸞,ʈʂ,ɤ,2
㸟,ʈʂ,i,1
㸠,tʰ,jɑʊ,3
㸡,ʂ,u,1
㸢,p,ei,4
㸣,,je,4
㸤,pʰ,jɛn,4
㸥,ʈʂʰ,an,4
㸦,x,u,4
㸧,kʰ,ən,4
㸨,tɕ,,1
㸩,,an,1
㸪,ʈʂʰ,,2
㸫,tɕʰ,jɛn,2
㸬,p,ei,4
㸭,p,a,1
㸮,f,ən,2
㸯,kʰ,ɤ,1
㸰,tʰ,uɔ,2
㸱,tʰ,uɔ,2
㸲,ts,uɔ,2
㸳,l,iŋ,2
㸴,,,
㸵,k,,3
㸶,,jɛn,1
㸷,ʂ,i,4
㸸,x,oʊ,3
㸹,l,je,4
㸺,ʂ,a,1
㸻,s,i,4
㸼,,,
㸽,p,ei,4
㸾,ʐ,ən,4
㸿,t,u,2
㹀,p,uɔ,2
㹁,l,jɑŋ,2
㹂,tɕʰ,jɛn,3
㹃,f,ei,4
㹄,tɕ,i,4
㹅,ts,ʊŋ,3
㹆,x,,1
㹇,x,ɤ,2
㹈,l,i,2
㹉,,yan,2
㹊,,yɛ,4
㹋,ɕ,,1
㹌,ʈʂʰ,an,3
㹍,t,i,2
㹎,l,ei,2
㹏,tɕ,in,3
㹐,ʈʂʰ,ʊŋ,2
㹑,s,i,4
㹒,pʰ,u,3
㹓,,jɑʊ,3
㹔,tɕ,jɑŋ,1
㹕,x,wan,1
㹖,x,wan,4
㹗,tʰ,ɑʊ,1
㹘,ʐ,u,4
㹙,,,3
㹚,,iŋ,2
㹛,ʐ,ɑʊ,2
㹜,,in,2
㹝,ʂ,i,4
㹞,,in,2
㹟,tɕ,yɛ,2
㹠,tʰ,,2
㹡,ɕ,yan,2
㹢,tɕ,ja,1
㹣,ʈʂ,ʊŋ,1
㹤,tɕʰ,je,4
㹥,ʈʂ,u,4
㹦,t,jɑʊ,1
㹧,,,
㹨,,,4
㹩,,,
㹪,,,
㹫,,i,2
㹬,ʂ,i,3
㹭,,i,4
㹮,m,uɔ,4
㹯,,,
㹰,,,
㹱,tɕʰ,yɛ,4
㹲,ɕ,jɑʊ,1
㹳,,u,2
㹴,k,ɤŋ,1
㹵,,iŋ,3
㹶,tʰ,iŋ,2
㹷,ʂ,i,3
㹸,n,i,2
㹹,k,ɤŋ,1
㹺,tʰ,a,4
㹻,,uɔ,1
㹼,tɕ,y,2
㹽,ʈʂʰ,an,3
㹾,pʰ,jɑʊ,3
㹿,ʈʂ,uɔ,2
㺀,x,u,1
㺁,n,ɑʊ,3
㺂,,jɛn,2
㺃,k,oʊ,3
㺄,,y,3
㺅,x,oʊ,2
㺆,,,
㺇,s,i,1
㺈,ʈʂʰ,i,1
㺉,x,u,4
㺊,,jɑŋ,4
㺋,,,1
㺌,ɕ,jɛn,4
㺍,pʰ,in,2
㺎,ʐ,ʊŋ,2
㺏,l,oʊ,2
㺐,l,ɑʊ,3
㺑,ʂ,an,1
㺒,ɕ,jɑʊ,1
㺓,ts,ɤ,2
㺔,x,ai,4
㺕,f,an,2
㺖,x,an,3
㺗,ʈʂʰ,an,1
㺘,ʈʂ,an,4
㺙,,,
㺚,tʰ,a,3
㺛,ʈʂ,u,4
㺜,n,ʊŋ,2
㺝,x,an,4
㺞,,y,2
㺟,ʈʂ,uɔ,2
㺠,,,4
㺡,l,i,4
㺢,x,uɔ,4
㺣,ɕ,i,1
㺤,ɕ,jɛn,1
㺥,ʈʂʰ,an,2
㺦,l,jɛn,2
㺧,,,
㺨,s,i,1
㺩,tɕ,,4
㺪,pʰ,u,2
㺫,tɕʰ,,2
㺬,k,ʊŋ,3
㺭,ts,i,3
㺮,,y,2
㺯,,,
㺰,,,
㺱,ʐ,ɤŋ,2
㺲,n,,3
㺳,m,ei,2
㺴,p,a,1
㺵,tɕ,,2
㺶,,,
㺷,ɕ,y,4
㺸,pʰ,iŋ,2
㺹,p,jɛn,4
㺺,m,ɑʊ,4
㺻,,,
㺼,,,
㺽,,,
㺾,,,
㺿,,i,2
㻀,,y,2
㻁,,,
㻂,pʰ,iŋ,2
㻃,tɕʰ,y,1
㻄,p,ɑʊ,3
㻅,x,,4
㻆,,,
㻇,,,
㻈,,,
㻉,p,u,4
㻊,m,ɑŋ,2
㻋,l,a,4
㻌,tʰ,u,2
㻍,,u,2
㻎,l,i,4
㻏,l,iŋ,2
㻐,,,
㻑,tɕ,i,4
㻒,tɕ,yn,4
㻓,ts,oʊ,1
㻔,t,uɔ,3
㻕,tɕ,yɛ,2
㻖,t,ai,4
㻗,p,ei,4
㻘,,,
㻙,,,
㻚,,,
㻛,,,
㻜,,,
㻝,l,a,4
㻞,p,in,1
㻟,s,,2
㻠,tʰ,u,2
㻡,ɕ,yɛ,1
㻢,,,
㻣,,,
㻤,,,
㻥,,,
㻦,,,
㻧,t,uɔ,4
㻨,,,
㻩,,,
㻪,s,,4
㻫,p,i,4
㻬,tʰ,u,1
㻭,s,ɤ,4
㻮,tsʰ,an,4
㻯,tʰ,u,2
㻰,m,jɛn,3
㻱,tɕ,in,1
㻲,l,y,3
㻳,,,
㻴,,,
㻵,ʈʂ,an,4
㻶,p,i,3
㻷,tɕ,i,2
㻸,ts,ən,1
㻹,ɕ,yan,1
㻺,l,i,4
㻻,,,
㻼,,,
㻽,s,,4
㻾,,jʊŋ,1
㻿,ʂ,u,3
㼀,,,
㼁,,,
㼂,,ɤ,2
㼃,,,
㼄,,,
㼅,,,
㼆,,,
㼇,tɕʰ,jʊŋ,2
㼈,l,uɔ,2
㼉,ʈʂ,ən,4
㼊,tʰ,,2
㼋,k,u,1
㼌,,y,3
㼍,l,ei,3
㼎,p,uɔ,2
㼏,n,ei,3
㼐,pʰ,jɛn,2
㼑,l,jɛn,4
㼒,tʰ,ɑŋ,3
㼓,l,jɛn,2
㼔,,,1
㼕,t,ɑŋ,1
㼖,l,i,4
㼗,tʰ,iŋ,2
㼘,,wa,3
㼙,ʈʂ,oʊ,4
㼚,k,ɑŋ,1
㼛,ɕ,iŋ,2
㼜,,ɑŋ,4
㼝,f,an,4
㼞,pʰ,ɤŋ,4
㼟,p,uɔ,2
㼠,tʰ,uɔ,2
㼡,ʂ,u,1
㼢,,i,2
㼣,p,uɔ,2
㼤,tɕʰ,je,4
㼥,tʰ,oʊ,3
㼦,k,ʊŋ,3
㼧,tʰ,ʊŋ,2
㼨,x,an,2
㼩,ʈʂʰ,ɤŋ,2
㼪,tɕ,je,2
㼫,x,wan,4
㼬,ɕ,iŋ,4
㼭,t,jɛn,4
㼮,ʈʂʰ,ai,1
㼯,t,ʊŋ,4
㼰,pʰ,i,2
㼱,ʐ,wan,3
㼲,l,je,4
㼳,ʂ,ɤŋ,3
㼴,,oʊ,3
㼵,t,i,4
㼶,,y,2
㼷,ʈʂʰ,wan,2
㼸,ʐ,ʊŋ,2
㼹,kʰ,ɑŋ,1
㼺,tʰ,ɑŋ,2
㼻,tsʰ,ʊŋ,2
㼼,pʰ,jɑʊ,2
㼽,ʈʂʰ,wɑŋ,3
㼾,l,u,4
㼿,tʰ,ʊŋ,2
㽀,ʈʂ,ɤŋ,4
㽁,l,i,4
㽂,s,a,4
㽃,pʰ,an,1
㽄,s,i,1
㽅,,,
㽆,t,ɑŋ,1
㽇,x,u,2
㽈,,i,4
㽉,ɕ,jɛn,4
㽊,ɕ,je,4
㽋,l,uɔ,2
㽌,l,,4
㽍,,,
㽎,tʰ,an,2
㽏,k,an,4
㽐,,,
㽑,tʰ,an,2
㽒,,,
㽓,,,
㽔,,,
㽕,,,2
㽖,n,an,2
㽗,,,
㽘,k,ɑŋ,3
㽙,tɕ,yn,4
㽚,ʈʂʰ,i,4
㽛,k,oʊ,1
㽜,,wan,3
㽝,l,i,4
㽞,l,,2
㽟,l,je,4
㽠,ɕ,ja,2
㽡,p,ei,1
㽢,,an,3
㽣,,y,4
㽤,tɕ,y,2
㽥,ʐ,oʊ,2
㽦,ɕ,yn,2
㽧,ts,i,1
㽨,tsʰ,uɔ,2
㽩,tsʰ,an,4
㽪,ts,ɤŋ,3
㽫,,jʊŋ,1
㽬,f,u,4
㽭,ʐ,wan,3
㽮,,,
㽯,ɕ,i,2
㽰,ʂ,u,4
㽱,tɕ,jɑʊ,3
㽲,tɕ,jɑʊ,3
㽳,ɕ,y,1
㽴,ʈʂ,ɑŋ,4
㽵,,,
㽶,,,
㽷,ʂ,,4
㽸,ʈʂʰ,ən,2
㽹,f,an,3
㽺,tɕ,i,2
㽻,ʈʂ,i,1
㽼,,,
㽽,k,u,4
㽾,,u,4
㽿,,,
㾀,tɕʰ,je,4
㾁,ʂ,u,4
㾂,x,ai,1
㾃,tʰ,uɔ,2
㾄,t,u,2
㾅,ts,i,3
㾆,ʐ,an,2
㾇,m,u,4
㾈,f,u,4
㾉,l,iŋ,2
㾊,tɕ,i,2
㾋,ɕ,,1
㾌,ɕ,yan,3
㾍,n,ai,2
㾎,,ja,1
㾏,tɕ,je,4
㾐,l,i,4
㾑,t,a,2
㾒,ʐ,u,2
㾓,,yan,1
㾔,l,y,3
㾕,ʂ,ən,3
㾖,l,i,3
㾗,l,jɑŋ,4
㾘,k,ɤŋ,3
㾙,ɕ,in,4
㾚,ɕ,je,1
㾛,tɕʰ,in,3
㾜,tɕʰ,je,4
㾝,ʈʂʰ,ɤ,4
㾞,,,2
㾟,p,u,4
㾠,kʰ,wɑŋ,2
㾡,tɕʰ,yɛ,4
㾢,,ai,4
㾣,tɕʰ,in,1
㾤,tɕʰ,jɑŋ,1
㾥,ʈʂʰ,u,4
㾦,pʰ,ei,4
㾧,kʰ,uɔ,4
㾨,,i,1
㾩,k,wai,1
㾪,ʂ,ɤŋ,3
㾫,pʰ,jɛn,1
㾬,,,
㾭,ʈʂ,oʊ,4
㾮,x,wɑŋ,2
㾯,x,,1
㾰,x,u,2
㾱,p,ei,4
㾲,,,
㾳,,,
㾴,ʈʂ,a,1
㾵,tɕ,i,4
㾶,k,u,3
㾷,ɕ,i,1
㾸,k,ɑʊ,3
㾹,ʈʂʰ,ai,2
㾺,m,a,4
㾻,ʈʂ,u,4
㾼,tʰ,,3
㾽,ʈʂ,,4
㾾,ɕ,jɛn,1
㾿,l,ɑŋ,2
㿀,,,
㿁,,,
㿂,,,
㿃,ʈʂ,i,4
㿄,,ai,4
㿅,ɕ,jɛn,3
㿆,k,uɔ,1
㿇,ɕ,i,2
㿈,,,
㿉,tʰ,,3
㿊,tsʰ,an,3
㿋,s,ɑʊ,4
㿌,ɕ,jɛn,1
㿍,tɕ,je,4
㿎,f,ən,4
㿏,tɕʰ,yn,2
㿐,,,
㿑,,jɑʊ,4
㿒,t,ɑʊ,3
㿓,tɕ,ja,2
㿔,l,ei,3
㿕,,jɛn,2
㿖,l,u,2
㿗,tʰ,,2
㿘,,iŋ,2
㿙,pʰ,i,4
㿚,l,uɔ,4
㿛,l,i,4
㿜,p,je,3
㿝,,,
㿞,m,ɑʊ,4
㿟,p,ai,2
㿠,x,wɑŋ,4
㿡,,,
㿢,,jɑʊ,4
㿣,x,ɤ,1
㿤,ʈʂʰ,,3
㿥,x,ɤ,2
㿦,n,iŋ,4
㿧,ʈʂʰ,oʊ,2
㿨,l,i,4
㿩,tʰ,ɑŋ,3
㿪,x,wan,2
㿫,p,i,4
㿬,p,a,1
㿭,ʈʂʰ,ɤ,4
㿮,,jɑŋ,4
㿯,t,a,2
㿰,,ɑʊ,2
㿱,ɕ,yɛ,2
㿲,,,
㿳,ts,i,1
㿴,t,a,1
㿵,ʐ,an,3
㿶,p,ɑŋ,1
㿷,tsʰ,uɔ,2
㿸,,wan,3
㿹,tʰ,a,4
㿺,p,ɑʊ,2
㿻,k,an,1
㿼,,jɛn,2
㿽,ɕ,i,1
㿾,ʈʂ,u,4
㿿,,ja,3
䀀,f,an,4
䀁,,,4
䀂,,an,1
䀃,tʰ,,2
䀄,m,ɤŋ,2
䀅,ʂ,ɤ,4
䀆,tɕ,in,4
䀇,k,u,3
䀈,tɕ,i,4
䀉,tɕʰ,jɑʊ,2
䀊,tɕ,jɑʊ,3
䀋,,jɛn,2
䀌,ɕ,i,4
䀍,kʰ,an,4
䀎,m,jɛn,3
䀏,ɕ,yan,4
䀐,ʂ,an,1
䀑,,uɔ,4
䀒,tɕʰ,jɛn,1
䀓,x,wan,4
䀔,ʐ,ən,4
䀕,ʈʂ,ən,4
䀖,tʰ,jɛn,1
䀗,tɕ,yɛ,2
䀘,ɕ,je,2
䀙,tɕʰ,i,4
䀚,,ɑŋ,2
䀛,m,ei,4
䀜,k,u,3
䀝,,,
䀞,tʰ,ɑʊ,1
䀟,f,an,2
䀠,tɕ,y,4
䀡,ʈʂʰ,an,4
䀢,ʂ,,4
䀣,p,i,4
䀤,m,ɑʊ,4
䀥,ʂ,uɔ,4
䀦,k,u,3
䀧,x,ʊŋ,3
䀨,x,wa,4
䀩,l,uɔ,4
䀪,x,ɑŋ,2
䀫,tɕ,ja,2
䀬,tɕʰ,yan,2
䀭,k,ai,1
䀮,x,wɑŋ,1
䀯,p,u,3
䀰,k,u,3
䀱,f,ɤŋ,1
䀲,m,u,4
䀳,,ai,4
䀴,,iŋ,3
䀵,ʂ,,4
䀶,l,jɑŋ,4
䀷,tɕ,je,2
䀸,ʈʂʰ,i,4
䀹,tɕ,je,2
䀺,ʈʂʰ,oʊ,1
䀻,pʰ,iŋ,4
䀼,ʈʂʰ,ən,1
䀽,,jɛn,2
䀾,t,u,3
䀿,t,i,4
䁀,,,
䁁,l,jɑŋ,4
䁂,ɕ,jɛn,4
䁃,p,jɑʊ,1
䁄,ɕ,iŋ,4
䁅,m,ɤŋ,3
䁆,,je,4
䁇,m,i,4
䁈,tɕʰ,i,4
䁉,tɕʰ,i,4
䁊,,uɔ,4
䁋,ɕ,je,4
䁌,,y,4
䁍,tɕʰ,ja,4
䁎,ʈʂʰ,ɤŋ,2
䁏,,jɑʊ,3
䁐,,iŋ,1
䁑,,jɑŋ,2
䁒,tɕ,i,2
䁓,ts,ʊŋ,1
䁔,ɕ,yan,1
䁕,m,in,2
䁖,l,oʊ,1
䁗,kʰ,ai,3
䁘,,jɑʊ,3
䁙,,jɛn,3
䁚,s,,3
䁛,k,,4
䁜,x,wɑŋ,4
䁝,,iŋ,2
䁞,ʂ,ɤŋ,3
䁟,ʈʂʰ,a,2
䁠,l,jɛn,2
䁡,,,
䁢,ɕ,yan,2
䁣,ʈʂʰ,wan,2
䁤,ʈʂʰ,ɤ,4
䁥,n,i,4
䁦,tɕʰ,y,4
䁧,m,jɑʊ,2
䁨,x,uɔ,4
䁩,,y,2
䁪,ʈʂ,an,3
䁫,x,u,2
䁬,tsʰ,ɤŋ,2
䁭,p,jɑʊ,1
䁮,tɕʰ,jɛn,2
䁯,ɕ,i,1
䁰,tɕ,jɑŋ,3
䁱,kʰ,oʊ,1
䁲,m,ai,2
䁳,m,ɑŋ,3
䁴,ʈʂ,an,3
䁵,p,jɛn,3
䁶,tɕ,i,1
䁷,tɕ,yɛ,2
䁸,n,ɑŋ,2
䁹,p,i,4
䁺,ʂ,i,4
䁻,ʂ,uɔ,4
䁼,m,uɔ,4
䁽,l,je,4
䁾,m,je,4
䁿,m,uɔ,4
䂀,ɕ,i,1
䂁,ʈʂʰ,an,2
䂂,tɕʰ,y,2
䂃,tɕ,jɑʊ,4
䂄,x,uɔ,4
䂅,ɕ,jɛn,1
䂆,ɕ,y,4
䂇,n,,3
䂈,tʰ,ʊŋ,2
䂉,x,oʊ,2
䂊,,y,4
䂋,,,
䂌,ʈʂʰ,ʊŋ,1
䂍,p,uɔ,2
䂎,ts,wan,3
䂏,t,jɑʊ,1
䂐,ʈʂ,uɔ,1
䂑,tɕ,i,1
䂒,tɕʰ,ja,4
䂓,,,
䂔,ɕ,iŋ,4
䂕,x,,4
䂖,ʂ,i,2
䂗,kʰ,u,1
䂘,,,
䂙,t,,1
䂚,,jɑʊ,2
䂛,,y,2
䂜,p,ɑŋ,4
䂝,tɕ,je,2
䂞,ʈʂ,ɤ,4
䂟,tɕ,ja,1
䂠,ʂ,i,3
䂡,t,i,3
䂢,t,ʊŋ,3
䂣,tsʰ,i,2
䂤,f,u,4
䂥,m,in,2
䂦,ʈʂ,ən,1
䂧,ʈʂ,ən,3
䂨,,,
䂩,,jɛn,4
䂪,tɕʰ,jɑʊ,3
䂫,x,ɑŋ,1
䂬,k,ʊŋ,3
䂭,tɕʰ,jɑʊ,1
䂮,l,yɛ,4
䂯,k,wai,4
䂰,l,a,4
䂱,ʐ,,4
䂲,f,a,3
䂳,tsʰ,uɔ,3
䂴,,jɛn,2
䂵,k,ʊŋ,1
䂶,tɕ,je,2
䂷,k,wai,1
䂸,k,uɔ,2
䂹,s,uɔ,3
䂺,,uɔ,3
䂻,ʈʂ,ɤŋ,4
䂼,n,je,4
䂽,t,jɑʊ,4
䂾,l,ai,3
䂿,tʰ,a,4
䃀,tsʰ,,4
䃁,,ja,1
䃂,k,,3
䃃,,,
䃄,,,
䃅,t,i,1
䃆,,,
䃇,m,jɛn,2
䃈,tɕ,je,1
䃉,m,in,2
䃊,tɕ,y,3
䃋,,y,2
䃌,ʈʂ,ən,1
䃍,ʈʂ,ɑʊ,4
䃎,ʈʂ,a,4
䃏,ɕ,iŋ,1
䃐,,,
䃑,p,an,1
䃒,x,ɤ,2
䃓,k,oʊ,4
䃔,x,ʊŋ,2
䃕,l,ɑʊ,2
䃖,,u,4
䃗,p,uɔ,1
䃘,kʰ,ɤŋ,1
䃙,l,u,4
䃚,tsʰ,u,4
䃛,l,jɛn,2
䃜,,i,1
䃝,tɕʰ,jɑʊ,4
䃞,ʂ,u,2
䃟,,,
䃠,ɕ,yan,4
䃡,tɕ,in,1
䃢,tɕʰ,in,1
䃣,x,,3
䃤,s,u,4
䃥,ʈʂʰ,wɑŋ,2
䃦,t,,1
䃧,l,ʊŋ,2
䃨,,,
䃩,n,ɑʊ,2
䃪,tʰ,an,2
䃫,t,an,3
䃬,,,3
䃭,k,an,3
䃮,t,a,2
䃯,l,i,4
䃰,tsʰ,a,1
䃱,ɕ,jɛn,4
䃲,pʰ,an,2
䃳,l,a,4
䃴,ʈʂ,u,1
䃵,n,jɑʊ,3
䃶,x,wai,2
䃷,,iŋ,2
䃸,ɕ,jɛn,4
䃹,l,an,4
䃺,m,uɔ,2
䃻,p,a,4
䃼,,,
䃽,k,,3
䃾,p,i,3
䃿,f,u,1
䄀,x,uɔ,4
䄁,,i,4
䄂,l,,4
䄃,,jɑŋ,1
䄄,,in,1
䄅,tɕ,yan,4
䄆,x,uɔ,2
䄇,ʈʂʰ,ɤŋ,2
䄈,t,oʊ,4
䄉,,ɤ,2
䄊,,,
䄋,,jɛn,3
䄌,ʈʂ,,4
䄍,ʈʂ,a,4
䄎,tɕʰ,i,3
䄏,,y,2
䄐,tɕʰ,yan,4
䄑,x,uɔ,2
䄒,n,je,4
䄓,x,wɑŋ,2
䄔,tɕ,y,3
䄕,ʂ,ɤ,4
䄖,,,
䄗,,,
䄘,pʰ,ɤŋ,2
䄙,m,iŋ,2
䄚,tsʰ,ɑʊ,2
䄛,l,oʊ,2
䄜,l,i,2
䄝,ʈʂʰ,wɑŋ,1
䄞,,,
䄟,tsʰ,,1
䄠,ʂ,an,4
䄡,t,an,1
䄢,tɕʰ,i,2
䄣,,,
䄤,l,ai,4
䄥,l,iŋ,2
䄦,l,jɑʊ,3
䄧,ʐ,ɤŋ,2
䄨,,y,2
䄩,,i,4
䄪,t,jɑʊ,3
䄫,tɕʰ,i,3
䄬,,i,2
䄭,n,jɛn,2
䄮,f,u,1
䄯,tɕ,jɛn,3
䄰,,ja,2
䄱,f,ɑŋ,1
䄲,ʐ,,4
䄳,ɕ,jɛn,1
䄴,,,
䄵,,,
䄶,p,i,4
䄷,ʂ,i,2
䄸,pʰ,uɔ,4
䄹,n,jɛn,2
䄺,ʈʂ,i,4
䄻,tʰ,ɑʊ,2
䄼,tʰ,jɛn,3
䄽,tʰ,jɛn,3
䄾,ʐ,u,4
䄿,,i,4
䅀,l,je,4
䅁,,an,4
䅂,x,ɤ,2
䅃,tɕʰ,jʊŋ,2
䅄,l,i,4
䅅,k,,1
䅆,ts,i,4
䅇,s,u,4
䅈,,yan,4
䅉,,ja,4
䅊,ʈʂʰ,a,2
䅋,,wan,3
䅌,tɕ,yan,1
䅍,tʰ,iŋ,3
䅎,,,3
䅏,x,,4
䅐,tɕ,jɛn,3
䅑,ʐ,,2
䅒,m,ɑŋ,2
䅓,tɕ,y,3
䅔,ts,i,1
䅕,tɕ,y,1
䅖,,an,1
䅗,s,,4
䅘,l,ai,2
䅙,x,,4
䅚,tɕʰ,yan,3
䅛,ʈʂʰ,ɑŋ,1
䅜,t,uɔ,4
䅝,kʰ,ʊŋ,1
䅞,n,ɤ,4
䅟,tsʰ,an,3
䅠,tʰ,i,2
䅡,ɕ,y,3
䅢,tɕ,,4
䅣,x,wɑŋ,2
䅤,tɕʰ,i,4
䅥,tɕ,je,2
䅦,m,ɑʊ,2
䅧,,jɛn,1
䅨,,,
䅩,ʈʂ,i,3
䅪,tʰ,,2
䅫,,,
䅬,,ai,4
䅭,pʰ,ɑŋ,2
䅮,tsʰ,ɑŋ,4
䅯,tʰ,ɑŋ,2
䅰,,ən,3
䅱,x,,4
䅲,tɕʰ,i,2
䅳,ʈʂʰ,u,2
䅴,s,uɔ,3
䅵,ʈʂ,uɔ,2
䅶,n,oʊ,4
䅷,tʰ,u,2
䅸,ʂ,ən,1
䅹,l,oʊ,3
䅺,p,jɑʊ,1
䅻,l,i,2
䅼,m,an,2
䅽,ɕ,in,1
䅾,tsʰ,ən,2
䅿,x,wa,2
䆀,m,ei,3
䆁,k,ɑʊ,1
䆂,l,jɛn,2
䆃,t,ɑʊ,4
䆄,ʈʂ,an,3
䆅,ts,i,1
䆆,,,
䆇,,,
䆈,ʈʂ,i,4
䆉,p,a,4
䆊,tsʰ,,4
䆋,tɕʰ,,1
䆌,,,
䆍,l,ʊŋ,2
䆎,ɕ,jɛn,1
䆏,f,ei,4
䆐,k,uɔ,2
䆑,ʈʂʰ,ɤŋ,2
䆒,tɕ,,4
䆓,,ɤ,4
䆔,ʈʂʰ,ʊŋ,1
䆕,,yɛ,4
䆖,x,ʊŋ,2
䆗,,jɑʊ,3
䆘,,ja,1
䆙,,jɑʊ,2
䆚,tʰ,ʊŋ,2
䆛,ʈʂ,a,4
䆜,,,4
䆝,ɕ,yɛ,4
䆞,,jɑʊ,3
䆟,kʰ,ɤ,4
䆠,x,wan,4
䆡,l,ɑŋ,2
䆢,,yɛ,4
䆣,ʈʂʰ,ən,2
䆤,,,
䆥,,,
䆦,ʂ,ən,4
䆧,,,
䆨,n,iŋ,2
䆩,m,iŋ,2
䆪,x,ʊŋ,1
䆫,ʈʂʰ,wɑŋ,1
䆬,,yn,3
䆭,ɕ,yan,1
䆮,tɕ,in,4
䆯,ʈʂ,uɔ,2
䆰,,y,1
䆱,tʰ,an,1
䆲,kʰ,ɑŋ,1
䆳,tɕʰ,jʊŋ,2
䆴,,,
䆵,ʈʂʰ,ɤŋ,2
䆶,tɕ,,1
䆷,ɕ,yɛ,4
䆸,ʈʂ,ɤŋ,1
䆹,ʈʂʰ,ʊŋ,1
䆺,pʰ,an,1
䆻,tɕʰ,jɑʊ,4
䆼,,,
䆽,tɕʰ,y,2
䆾,l,an,2
䆿,,i,4
䇀,ʐ,ʊŋ,2
䇁,s,i,1
䇂,tɕʰ,jɛn,1
䇃,s,i,4
䇄,,,
䇅,f,a,2
䇆,,,
䇇,m,ɤŋ,2
䇈,x,wa,4
䇉,,,
䇊,,,
䇋,x,ai,4
䇌,tɕʰ,jɑʊ,4
䇍,ʈʂʰ,u,4
䇎,tɕʰ,yɛ,4
䇏,t,,4
䇐,l,i,4
䇑,p,a,4
䇒,tɕ,je,4
䇓,ɕ,y,1
䇔,l,uɔ,4
䇕,,,
䇖,,yn,3
䇗,ʈʂ,ʊŋ,1
䇘,x,u,4
䇙,,in,3
䇚,,,
䇛,ʈʂ,i,3
䇜,tɕʰ,jɛn,3
䇝,,,
䇞,k,an,1
䇟,tɕ,jɛn,4
䇠,ʈʂ,u,4
䇡,ʈʂ,u,4
䇢,kʰ,u,3
䇣,n,je,4
䇤,ʐ,,4
䇥,ts,ɤ,2
䇦,,ɑŋ,3
䇧,ʈʂ,i,4
䇨,k,ʊŋ,4
䇩,,i,4
䇪,ʈʂʰ,i,1
䇫,tɕ,i,1
䇬,ʈʂ,u,1
䇭,l,ɑʊ,3
䇮,ʐ,ən,4
䇯,ʐ,ʊŋ,2
䇰,ʈʂ,ɤŋ,1
䇱,n,a,4
䇲,tsʰ,ɤ,4
䇳,,,
䇴,,,
䇵,,i,2
䇶,tɕ,yɛ,2
䇷,p,je,2
䇸,ʈʂʰ,ɤŋ,2
䇹,tɕ,yn,4
䇺,t,oʊ,4
䇻,,,3
䇼,,i,4
䇽,ʈʂ,ɤ,2
䇾,,jɛn,2
䇿,,,
䈀,s,an,1
䈁,l,,2
䈂,pʰ,iŋ,2
䈃,ʈʂ,ɑʊ,3
䈄,x,an,2
䈅,,y,4
䈆,t,ai,4
䈇,ʈʂ,ɑʊ,4
䈈,f,ei,2
䈉,ʂ,a,4
䈊,l,iŋ,2
䈋,tʰ,a,4
䈌,tɕʰ,y,1
䈍,m,ɑŋ,2
䈎,,je,4
䈏,p,ɑʊ,2
䈐,k,,4
䈑,k,wa,3
䈒,n,an,3
䈓,k,ɤ,2
䈔,,,
䈕,ʂ,i,2
䈖,kʰ,ɤ,1
䈗,s,uɔ,3
䈘,tsʰ,i,2
䈙,ʈʂ,oʊ,4
䈚,tʰ,ai,2
䈛,kʰ,wai,4
䈜,tɕʰ,in,4
䈝,ɕ,y,1
䈞,t,u,3
䈟,tsʰ,ɤ,4
䈠,x,wan,3
䈡,tsʰ,ʊŋ,1
䈢,s,ai,3
䈣,ʈʂ,ɤŋ,4
䈤,tɕʰ,jɛn,2
䈥,tɕ,in,1
䈦,ts,ʊŋ,1
䈧,,,3
䈨,,,
䈩,,,
䈪,ɕ,i,4
䈫,n,a,4
䈬,pʰ,u,2
䈭,s,oʊ,1
䈮,tɕ,y,4
䈯,ʈʂ,ən,1
䈰,ʂ,ɑʊ,1
䈱,tʰ,ɑʊ,1
䈲,p,an,1
䈳,tʰ,a,4
䈴,tɕʰ,jɛn,4
䈵,,,1
䈶,ʐ,ʊŋ,2
䈷,l,uɔ,4
䈸,x,u,2
䈹,s,oʊ,3
䈺,ʈʂ,ʊŋ,1
䈻,pʰ,u,2
䈼,m,je,4
䈽,tɕ,in,1
䈾,ʂ,ɑʊ,1
䈿,m,i,4
䉀,ʂ,u,4
䉁,l,iŋ,2
䉂,l,ei,3
䉃,tɕ,jɑŋ,3
䉄,l,ɤŋ,2
䉅,ʈʂ,i,4
䉆,t,jɑʊ,3
䉇,,,
䉈,s,an,3
䉉,k,u,1
䉊,f,an,4
䉋,m,ei,4
䉌,s,,4
䉍,tɕ,jɛn,3
䉎,tʰ,ɑŋ,2
䉏,ɕ,je,4
䉐,kʰ,u,1
䉑,,u,2
䉒,f,an,2
䉓,l,uɔ,4
䉔,tsʰ,an,1
䉕,tsʰ,ɤŋ,2
䉖,l,iŋ,2
䉗,,i,1
䉘,tsʰ,ʊŋ,2
䉙,,yn,2
䉚,m,ɤŋ,2
䉛,,y,4
䉜,ʈʂ,i,4
䉝,,i,3
䉞,t,an,3
䉟,x,uɔ,4
䉠,,,2
䉡,tʰ,an,2
䉢,s,ɤ,4
䉣,ɕ,je,4
䉤,s,oʊ,3
䉥,s,ʊŋ,3
䉦,tɕʰ,jɛn,1
䉧,l,,2
䉨,,i,4
䉩,,,
䉪,l,ei,4
䉫,l,i,2
䉬,f,ei,4
䉭,l,je,4
䉮,l,in,4
䉯,ɕ,jɛn,4
䉰,ɕ,jɑʊ,4
䉱,,oʊ,1
䉲,m,i,2
䉳,ɕ,jɛn,1
䉴,ʐ,ɑŋ,2
䉵,ʈʂ,wan,4
䉶,ʂ,wɑŋ,1
䉷,,jɛn,2
䉸,p,jɛn,4
䉹,l,iŋ,2
䉺,x,ʊŋ,2
䉻,tɕʰ,i,2
䉼,l,jɑʊ,4
䉽,p,an,3
䉾,p,i,4
䉿,x,u,2
䊀,x,u,2
䊁,,,
䊂,tsʰ,ɤ,4
䊃,pʰ,ei,4
䊄,tɕʰ,jʊŋ,2
䊅,m,iŋ,2
䊆,tɕ,,4
䊇,p,u,4
䊈,m,ei,2
䊉,s,an,3
䊊,,,4
䊋,,,
䊌,,,
䊍,l,i,2
䊎,tɕʰ,yan,3
䊏,,,
䊐,x,,2
䊑,ɕ,jɑŋ,3
䊒,,,
䊓,ʂ,i,4
䊔,,iŋ,2
䊕,,,
䊖,n,an,3
䊗,x,wɑŋ,2
䊘,tɕ,,4
䊙,,jɛn,1
䊚,,,
䊛,s,a,4
䊜,tʰ,wan,2
䊝,ɕ,je,4
䊞,ʈʂ,ɤ,2
䊟,m,ən,2
䊠,ɕ,i,4
䊡,m,an,2
䊢,,,
䊣,x,wɑŋ,2
䊤,tʰ,an,2
䊥,ɕ,jɑʊ,4
䊦,,je,4
䊧,p,i,4
䊨,l,uɔ,2
䊩,f,an,2
䊪,l,i,4
䊫,tsʰ,,3
䊬,ʈʂʰ,wa,1
䊭,t,ɑʊ,4
䊮,t,i,2
䊯,kʰ,wɑŋ,4
䊰,ʈʂʰ,u,2
䊱,ɕ,jɛn,1
䊲,ʈʂʰ,an,4
䊳,m,i,2
䊴,tɕʰ,jɛn,4
䊵,tɕʰ,,2
䊶,ʈʂ,ən,4
䊷,,,
䊸,,,
䊹,,,
䊺,x,u,4
䊻,k,an,1
䊼,ʈʂʰ,i,3
䊽,k,wai,4
䊾,m,u,4
䊿,p,uɔ,2
䋀,x,wa,4
䋁,k,ɤŋ,3
䋂,,jɑʊ,2
䋃,m,ɑʊ,4
䋄,,wɑŋ,3
䋅,,,
䋆,,,
䋇,,,
䋈,ʐ,u,2
䋉,ɕ,yɛ,2
䋊,ʈʂ,ɤŋ,1
䋋,m,in,2
䋌,tɕ,jɑŋ,3
䋍,,,
䋎,ʈʂ,an,4
䋏,ts,uɔ,2
䋐,,yɛ,4
䋑,l,je,4
䋒,,,
䋓,ʈʂ,oʊ,4
䋔,p,i,4
䋕,ʐ,ən,4
䋖,,y,4
䋗,,,
䋘,ʈʂʰ,uɔ,4
䋙,,,3
䋚,,i,4
䋛,m,i,3
䋜,tɕʰ,iŋ,4
䋝,,,
䋞,,wɑŋ,3
䋟,tɕ,i,4
䋠,p,u,3
䋡,,,
䋢,p,je,1
䋣,f,an,2
䋤,,yɛ,4
䋥,l,i,2
䋦,f,an,2
䋧,tɕʰ,y,2
䋨,f,u,3
䋩,,,2
䋪,,ɤ,1
䋫,ʈʂ,ɤŋ,1
䋬,tʰ,jɛn,1
䋭,,y,4
䋮,tɕ,in,4
䋯,tɕʰ,i,3
䋰,tɕ,y,2
䋱,l,ai,2
䋲,ʈʂʰ,ɤ,3
䋳,p,ei,3
䋴,n,,4
䋵,,i,4
䋶,ɕ,y,3
䋷,m,oʊ,2
䋸,ɕ,yn,2
䋹,f,u,2
䋺,,,
䋻,n,in,2
䋼,tʰ,iŋ,1
䋽,p,ɤŋ,3
䋾,ʈʂ,a,3
䋿,,,1
䌀,kʰ,ɤ,1
䌁,,jɑʊ,1
䌂,,oʊ,4
䌃,ɕ,jɑʊ,1
䌄,k,ɤŋ,3
䌅,tʰ,ɑŋ,2
䌆,k,,4
䌇,x,,4
䌈,tʰ,a,1
䌉,,,
䌊,,jɑʊ,2
䌋,t,a,1
䌌,tɕʰ,i,4
䌍,tɕ,in,3
䌎,l,yɛ,4
䌏,m,i,4
䌐,m,i,4
䌑,tɕ,jɛn,1
䌒,l,u,4
䌓,f,an,2
䌔,,oʊ,1
䌕,m,i,2
䌖,tɕ,je,2
䌗,f,u,3
䌘,p,je,4
䌙,x,wɑŋ,4
䌚,s,u,1
䌛,,jɑʊ,2
䌜,n,je,4
䌝,tɕ,in,1
䌞,l,jɛn,3
䌟,p,uɔ,2
䌠,tɕ,jɛn,1
䌡,tʰ,i,3
䌢,l,iŋ,2
䌣,ts,wan,3
䌤,ʂ,i,1
䌥,,in,3
䌦,t,ɑʊ,4
䌧,ʈʂʰ,oʊ,2
䌨,tsʰ,a,1
䌩,m,je,4
䌪,,jɛn,3
䌫,l,an,3
䌬,ʈʂʰ,ʊŋ,2
䌭,tɕ,jɑʊ,1
䌮,ʂ,wɑŋ,1
䌯,tɕʰ,yan,1
䌰,n,je,4
䌱,l,uɔ,4
䌲,,,
䌳,ʂ,i,1
䌴,l,uɔ,4
䌵,ʈʂ,u,2
䌶,,,
䌷,ʈʂʰ,oʊ,1
䌸,tɕ,yan,4
䌹,tɕ,jʊŋ,3
䌺,,,3
䌻,,i,4
䌼,ʐ,,4
䌽,tsʰ,ai,3
䌾,ʐ,ən,2
䌿,f,u,2
䍀,l,an,2
䍁,s,,4
䍂,,y,2
䍃,,,2
䍄,t,jɛn,3
䍅,l,iŋ,2
䍆,ʈʂ,u,4
䍇,tʰ,a,4
䍈,pʰ,iŋ,2
䍉,ʈʂ,ai,3
䍊,tɕ,jɑʊ,1
䍋,ʈʂʰ,,2
䍌,p,u,4
䍍,kʰ,oʊ,4
䍎,tsʰ,,4
䍏,,,
䍐,x,an,3
䍑,x,an,3
䍒,m,oʊ,3
䍓,x,u,4
䍔,k,ʊŋ,1
䍕,t,i,1
䍖,f,u,2
䍗,ɕ,yan,4
䍘,m,i,2
䍙,m,ei,2
䍚,l,ɑŋ,4
䍛,k,u,4
䍜,ʈʂ,ɑʊ,4
䍝,tʰ,a,4
䍞,,y,4
䍟,ts,ʊŋ,4
䍠,l,i,2
䍡,l,u,4
䍢,,u,2
䍣,l,ei,2
䍤,tɕ,i,3
䍥,l,i,4
䍦,l,i,2
䍧,,,
䍨,pʰ,uɔ,1
䍩,,jɑŋ,3
䍪,,wa,4
䍫,tʰ,uɔ,2
䍬,pʰ,ɤŋ,1
䍭,,,
䍮,ʈʂ,ɑʊ,4
䍯,k,,3
䍰,,,
䍱,ɕ,y,2
䍲,n,ai,2
䍳,tɕʰ,yɛ,4
䍴,,,3
䍵,ʈʂ,ɤŋ,1
䍶,t,ʊŋ,1
䍷,,,3
䍸,p,uɔ,2
䍹,,,
䍺,x,wan,4
䍻,ɕ,yan,4
䍼,ts,an,1
䍽,l,i,4
䍾,,jɛn,3
䍿,x,wɑŋ,2
䎀,ɕ,yɛ,4
䎁,x,u,2
䎂,p,ɑʊ,3
䎃,ʐ,an,3
䎄,ɕ,jɑʊ,1
䎅,pʰ,uɔ,4
䎆,l,jɑʊ,4
䎇,ʈʂ,oʊ,1
䎈,,i,4
䎉,ɕ,y,4
䎊,l,uɔ,4
䎋,kʰ,ɑʊ,4
䎌,ʈʂʰ,u,4
䎍,,,
䎎,n,a,4
䎏,x,an,2
䎐,ʈʂʰ,ɑʊ,3
䎑,l,u,4
䎒,ʈʂ,an,3
䎓,tʰ,a,4
䎔,f,u,1
䎕,x,ʊŋ,1
䎖,ts,ɤŋ,1
䎗,tɕʰ,jɑʊ,2
䎘,s,u,4
䎙,pʰ,in,1
䎚,k,wan,4
䎛,,,
䎜,x,,1
䎝,ʈʂʰ,u,2
䎞,,,
䎟,,,2
䎠,,,2
䎡,ʐ,wan,3
䎢,tɕʰ,i,3
䎣,s,i,4
䎤,tɕ,y,2
䎥,,,
䎦,,jɛn,3
䎧,p,ɑŋ,4
䎨,,je,4
䎩,ts,i,1
䎪,n,ɤ,4
䎫,ʈʂʰ,wɑŋ,4
䎬,p,a,4
䎭,tsʰ,ɑʊ,1
䎮,tʰ,i,4
䎯,x,an,4
䎰,ts,uɔ,2
䎱,p,a,4
䎲,ʈʂ,ɤ,2
䎳,,wa,4
䎴,k,ɤŋ,1
䎵,p,i,4
䎶,,,4
䎷,ʈʂ,u,4
䎸,,u,4
䎹,,,2
䎺,ʈʂ,i,4
䎻,ʈʂ,oʊ,4
䎼,l,u,4
䎽,,,2
䎾,k,,3
䎿,tɕʰ,,2
䏀,l,a,4
䏁,ts,ai,3
䏂,s,oʊ,3
䏃,m,jɛn,2
䏄,t,i,3
䏅,tɕʰ,i,4
䏆,tsʰ,ɑʊ,2
䏇,pʰ,jɑʊ,4
䏈,l,jɛn,2
䏉,ʂ,i,1
䏊,l,ʊŋ,2
䏋,s,u,4
䏌,tɕʰ,i,4
䏍,,yan,4
䏎,f,ɤŋ,2
䏏,ɕ,y,1
䏐,tɕ,yɛ,2
䏑,t,i,4
䏒,pʰ,jɛn,4
䏓,k,wan,3
䏔,n,,3
䏕,ʐ,ən,4
䏖,ʈʂ,ən,4
䏗,k,ai,4
䏘,pʰ,i,4
䏙,tʰ,an,3
䏚,ʈʂʰ,ɑʊ,3
䏛,ʈʂʰ,,3
䏜,x,ɤ,1
䏝,ʈʂ,wan,1
䏞,m,uɔ,4
䏟,p,je,2
䏠,tɕʰ,i,4
䏡,ʂ,i,4
䏢,p,i,3
䏣,tɕ,yɛ,2
䏤,s,i,4
䏥,,,
䏦,k,wa,1
䏧,n,a,4
䏨,x,,3
䏩,ɕ,i,1
䏪,,,4
䏫,ɕ,,1
䏬,m,oʊ,2
䏭,,,
䏮,ɕ,i,2
䏯,ʈʂ,i,4
䏰,ʐ,,4
䏱,tɕ,y,2
䏲,t,je,2
䏳,ʈʂ,ɤ,4
䏴,ʂ,ɑʊ,4
䏵,m,ɤŋ,3
䏶,p,i,4
䏷,x,an,4
䏸,,y,2
䏹,ɕ,jɛn,4
䏺,pʰ,ɑŋ,1
䏻,n,ɤŋ,2
䏼,tsʰ,an,2
䏽,p,u,4
䏾,,,
䏿,tɕʰ,i,3
䐀,tɕ,i,4
䐁,ʈʂ,uɔ,2
䐂,l,u,4
䐃,tɕ,yn,4
䐄,ɕ,jɛn,4
䐅,ɕ,i,1
䐆,tsʰ,ai,3
䐇,,,3
䐈,ʈʂ,i,2
䐉,ts,i,4
䐊,kʰ,,1
䐋,tsʰ,ʊŋ,1
䐌,tʰ,jɛn,3
䐍,ʈʂʰ,u,4
䐎,t,i,1
䐏,ʈʂʰ,,3
䐐,tɕʰ,,1
䐑,ʈʂ,ɤ,2
䐒,ʈʂ,a,1
䐓,ʐ,oʊ,2
䐔,p,in,3
䐕,tɕ,i,2
䐖,ɕ,i,1
䐗,ʈʂ,u,1
䐘,tɕ,yɛ,2
䐙,k,ɤ,2
䐚,tɕ,i,1
䐛,t,a,1
䐜,ʈʂʰ,ən,1
䐝,s,uɔ,4
䐞,ʐ,uɔ,4
䐟,ɕ,jɑŋ,3
䐠,x,wɑŋ,3
䐡,tɕʰ,i,2
䐢,ʈʂ,u,4
䐣,s,,3
䐤,ʈʂʰ,ai,1
䐥,,,3
䐦,kʰ,ɤ,1
䐧,kʰ,ɑʊ,4
䐨,k,u,3
䐩,k,ai,1
䐪,f,an,4
䐫,tsʰ,ʊŋ,1
䐬,tsʰ,ɑʊ,2
䐭,ʈʂ,i,4
䐮,ʈʂʰ,an,3
䐯,l,ei,2
䐰,ɕ,,1
䐱,ʈʂ,ai,4
䐲,ʈʂ,ɤ,2
䐳,,y,2
䐴,k,,4
䐵,k,ʊŋ,1
䐶,ts,an,1
䐷,t,an,1
䐸,x,uɔ,4
䐹,s,oʊ,1
䐺,tʰ,an,4
䐻,k,u,1
䐼,ɕ,i,4
䐽,m,an,2
䐾,t,uɔ,2
䐿,,ɑʊ,4
䑀,pʰ,i,4
䑁,,u,4
䑂,,ai,3
䑃,m,ɤŋ,2
䑄,pʰ,i,4
䑅,m,ɤŋ,2
䑆,,jɑŋ,3
䑇,ʈʂ,i,4
䑈,p,uɔ,2
䑉,,iŋ,2
䑊,,,2
䑋,ʐ,ɑŋ,3
䑌,l,an,2
䑍,,jɛn,1
䑎,ʈʂʰ,an,3
䑏,tɕʰ,yan,2
䑐,ʈʂ,ən,3
䑑,pʰ,u,2
䑒,,,
䑓,tʰ,ai,2
䑔,f,ei,4
䑕,ʂ,u,3
䑖,,,
䑗,t,ɑŋ,4
䑘,tsʰ,uɔ,2
䑙,tʰ,an,1
䑚,tʰ,jɛn,2
䑛,ʈʂʰ,i,3
䑜,tʰ,a,4
䑝,tɕ,ja,3
䑞,ʂ,,4
䑟,x,wɑŋ,2
䑠,l,jɑʊ,3
䑡,,,
䑢,,,
䑣,ʈʂʰ,ən,1
䑤,tɕ,in,4
䑥,,ɤ,4
䑦,k,oʊ,1
䑧,f,u,2
䑨,t,uɔ,4
䑩,,,
䑪,,ɤ,4
䑫,p,ɤŋ,1
䑬,tʰ,ɑʊ,1
䑭,t,i,4
䑮,,,
䑯,t,i,4
䑰,p,u,4
䑱,,wan,3
䑲,ʈʂ,ɑʊ,4
䑳,l,,2
䑴,tɕʰ,i,2
䑵,m,u,4
䑶,tɕʰ,jɛn,4
䑷,,,
䑸,ts,ʊŋ,1
䑹,s,oʊ,1
䑺,,,
䑻,,,2
䑼,ʈʂ,oʊ,1
䑽,tʰ,a,4
䑾,,,
䑿,s,u,4
䒀,p,u,4
䒁,ɕ,i,2
䒂,tɕ,jɑŋ,3
䒃,tsʰ,ɑʊ,4
䒄,f,u,4
䒅,tʰ,ɤŋ,2
䒆,ʈʂʰ,ɤ,4
䒇,f,u,4
䒈,f,ei,4
䒉,,u,3
䒊,ɕ,i,1
䒋,,jɑŋ,3
䒌,m,iŋ,4
䒍,pʰ,ɑŋ,3
䒎,m,ɑŋ,3
䒏,s,ɤŋ,1
䒐,m,ɤŋ,2
䒑,tsʰ,ɑʊ,3
䒒,tʰ,jɑʊ,2
䒓,kʰ,ai,3
䒔,p,ai,4
䒕,ɕ,jɑʊ,3
䒖,ɕ,in,4
䒗,tɕʰ,i,4
䒘,,,
䒙,,,
䒚,ʂ,ɑʊ,3
䒛,x,wan,4
䒜,n,,2
䒝,ɕ,jɑʊ,2
䒞,ʈʂʰ,ən,2
䒟,t,an,1
䒠,f,ɤŋ,1
䒡,,in,3
䒢,,ɑŋ,2
䒣,ʐ,an,3
䒤,ʐ,i,4
䒥,m,an,2
䒦,f,an,4
䒧,tɕʰ,y,1
䒨,ʂ,i,3
䒩,x,ɤ,2
䒪,p,jɛn,4
䒫,t,ai,4
䒬,m,uɔ,4
䒭,t,ɤŋ,3
䒮,,,
䒯,,,
䒰,kʰ,wɑŋ,1
䒱,,,
䒲,ʈʂʰ,a,4
䒳,t,uɔ,3
䒴,,,3
䒵,x,ɑʊ,4
䒶,,,
䒷,k,wa,1
䒸,ɕ,yɛ,4
䒹,l,ei,4
䒺,tɕ,in,3
䒻,tɕʰ,i,3
䒼,tɕʰ,y,1
䒽,,wɑŋ,3
䒾,,i,1
䒿,l,jɑʊ,2
䓀,,,
䓁,,,
䓂,,jɛn,2
䓃,,i,4
䓄,,in,2
䓅,tɕʰ,i,2
䓆,ʈʂ,ɤ,2
䓇,ɕ,i,4
䓈,,i,4
䓉,,je,2
䓊,,u,2
䓋,ʈʂ,i,1
䓌,ʈʂ,i,4
䓍,x,an,3
䓎,ʈʂʰ,uɔ,4
䓏,f,u,1
䓐,ʈʂʰ,,2
䓑,pʰ,iŋ,2
䓒,kʰ,wai,3
䓓,ʈʂʰ,oʊ,2
䓔,,,
䓕,tʰ,uɔ,3
䓖,tɕʰ,jʊŋ,2
䓗,tsʰ,ʊŋ,1
䓘,k,ɑʊ,1
䓙,kʰ,wa,1
䓚,tɕʰ,y,1
䓛,tɕʰ,y,1
䓜,ʈʂ,i,1
䓝,m,ɤŋ,4
䓞,l,i,4
䓟,ʈʂ,oʊ,1
䓠,tʰ,a,4
䓡,ʈʂ,i,1
䓢,k,u,4
䓣,l,jɑŋ,3
䓤,x,u,1
䓥,l,a,4
䓦,t,jɛn,3
䓧,tsʰ,i,4
䓨,,iŋ,1
䓩,,,
䓪,,,
䓫,tɕʰ,i,2
䓬,ʈʂ,uɔ,2
䓭,ʈʂʰ,a,4
䓮,m,ɑʊ,4
䓯,t,u,2
䓰,,in,1
䓱,ʈʂʰ,ai,2
䓲,ʐ,,4
䓳,x,ən,3
䓴,ʐ,wan,3
䓵,f,u,1
䓶,l,ai,4
䓷,ɕ,iŋ,4
䓸,tɕ,jɛn,1
䓹,,i,4
䓺,m,ei,3
䓻,,,
䓼,m,ɑŋ,2
䓽,tɕ,i,4
䓾,s,uɔ,1
䓿,x,an,4
䔀,,,
䔁,l,i,4
䔂,ts,i,3
䔃,ts,u,3
䔄,,jɑʊ,2
䔅,k,ɤ,1
䔆,l,i,2
䔇,tɕʰ,i,3
䔈,k,ʊŋ,4
䔉,l,i,4
䔊,p,iŋ,1
䔋,s,uɔ,1
䔌,,,
䔍,,,
䔎,s,u,4
䔏,ʈʂʰ,oʊ,4
䔐,tɕ,jɛn,1
䔑,ɕ,je,2
䔒,p,ei,4
䔓,ɕ,y,3
䔔,tɕ,iŋ,4
䔕,pʰ,u,2
䔖,l,iŋ,2
䔗,ɕ,jɑŋ,2
䔘,ts,uɔ,4
䔙,t,jɑʊ,4
䔚,ʈʂʰ,,2
䔛,tɕʰ,iŋ,3
䔜,n,an,2
䔝,ʈʂ,ai,1
䔞,l,y,4
䔟,,i,2
䔠,ʂ,ɑʊ,3
䔡,,y,2
䔢,x,wa,2
䔣,l,i,2
䔤,pʰ,a,1
䔥,,,
䔦,,,
䔧,l,i,2
䔨,,,
䔩,,,
䔪,ʂ,wɑŋ,3
䔫,,,
䔬,,i,4
䔭,n,iŋ,4
䔮,s,i,1
䔯,kʰ,u,4
䔰,f,u,4
䔱,,i,1
䔲,t,ɤŋ,1
䔳,ʐ,an,2
䔴,tsʰ,ɤ,4
䔵,,,
䔶,tʰ,i,2
䔷,tɕʰ,in,2
䔸,p,jɑʊ,3
䔹,s,,4
䔺,,,2
䔻,t,,1
䔼,s,ɤ,4
䔽,,ai,4
䔾,tɕʰ,i,4
䔿,ts,,3
䕀,kʰ,wan,3
䕁,f,ei,3
䕂,,,
䕃,,in,4
䕄,,,
䕅,s,ɑʊ,3
䕆,t,oʊ,4
䕇,x,,4
䕈,ɕ,je,4
䕉,ts,ɤ,2
䕊,tʰ,an,2
䕋,tʰ,ɑŋ,2
䕌,ʈʂ,i,4
䕍,,i,4
䕎,f,u,2
䕏,,ɤ,2
䕐,,,
䕑,tɕ,yn,4
䕒,tɕ,ja,1
䕓,ʈʂʰ,a,2
䕔,ɕ,jɛn,2
䕕,m,an,4
䕖,,,
䕗,p,i,4
䕘,l,iŋ,2
䕙,tɕ,je,2
䕚,kʰ,,4
䕛,tɕ,ja,2
䕜,,,
䕝,ʈʂʰ,ɤŋ,1
䕞,l,ɑŋ,4
䕟,ɕ,iŋ,1
䕠,f,ei,4
䕡,l,y,2
䕢,ʈʂ,a,3
䕣,x,ɤ,2
䕤,tɕ,i,1
䕥,n,i,3
䕦,,iŋ,2
䕧,ɕ,jɑʊ,4
䕨,tʰ,ɤŋ,2
䕩,l,ɑʊ,3
䕪,ts,ɤ,2
䕫,kʰ,,2
䕬,,,
䕭,tɕʰ,jɛn,2
䕮,tɕ,y,2
䕯,pʰ,jɑʊ,2
䕰,f,an,2
䕱,tʰ,oʊ,2
䕲,l,in,3
䕳,m,i,2
䕴,ʈʂ,uɔ,2
䕵,ɕ,je,2
䕶,x,u,4
䕷,m,i,2
䕸,tɕ,je,1
䕹,ts,a,2
䕺,tsʰ,ʊŋ,2
䕻,l,i,4
䕼,ʐ,an,2
䕽,ʈʂ,u,2
䕾,,in,2
䕿,x,an,4
䖀,,,
䖁,,i,4
䖂,l,wan,2
䖃,,yɛ,4
䖄,ʐ,an,2
䖅,l,iŋ,2
䖆,n,jɑŋ,4
䖇,,y,4
䖈,n,yɛ,4
䖉,,,
䖊,,i,4
䖋,n,yɛ,4
䖌,,i,4
䖍,tɕʰ,jɛn,2
䖎,ɕ,ja,2
䖏,ʈʂʰ,u,3
䖐,,in,2
䖑,m,i,4
䖒,ɕ,i,1
䖓,n,a,4
䖔,kʰ,an,3
䖕,ts,u,3
䖖,ɕ,ja,2
䖗,,jɛn,2
䖘,tʰ,u,2
䖙,tʰ,i,1
䖚,,u,1
䖛,s,uɔ,3
䖜,,in,2
䖝,ʈʂʰ,ʊŋ,2
䖞,ʈʂ,oʊ,3
䖟,m,ɑŋ,3
䖠,,yan,2
䖡,n,y,4
䖢,m,jɑʊ,2
䖣,ts,ɑʊ,3
䖤,,wan,3
䖥,l,i,2
䖦,tɕʰ,y,1
䖧,n,a,4
䖨,ʂ,i,2
䖩,p,i,4
䖪,ts,i,1
䖫,p,ɑŋ,4
䖬,,,
䖭,tɕ,yan,4
䖮,ɕ,jɑŋ,3
䖯,kʰ,,2
䖰,pʰ,ai,4
䖱,kʰ,wɑŋ,1
䖲,ɕ,yn,2
䖳,ʈʂ,a,4
䖴,,jɑʊ,2
䖵,kʰ,,1
䖶,x,,1
䖷,ɕ,i,1
䖸,,ɤ,2
䖹,,jɑŋ,2
䖺,tʰ,jɑʊ,2
䖻,,,2
䖼,tɕ,yɛ,2
䖽,l,i,2
䖾,,,
䖿,l,i,2
䗀,ʈʂʰ,ɤŋ,1
䗁,tɕ,i,4
䗂,x,u,3
䗃,ʈʂ,an,4
䗄,f,u,3
䗅,ʈʂʰ,ɑŋ,2
䗆,k,wan,3
䗇,tɕ,y,2
䗈,m,ɤŋ,2
䗉,ʈʂʰ,ɑŋ,1
䗊,tʰ,an,4
䗋,m,oʊ,2
䗌,ɕ,iŋ,1
䗍,l,i,3
䗎,,jɛn,1
䗏,s,oʊ,1
䗐,ʂ,i,1
䗑,,i,4
䗒,p,iŋ,4
䗓,tsʰ,ʊŋ,1
䗔,x,oʊ,2
䗕,,wan,3
䗖,t,i,4
䗗,tɕ,i,1
䗘,k,ɤ,2
䗙,x,an,2
䗚,p,uɔ,2
䗛,ɕ,,1
䗜,l,,2
䗝,tsʰ,an,2
䗞,tsʰ,an,2
䗟,,i,4
䗠,ɕ,yan,2
䗡,,jɛn,2
䗢,ts,ɑʊ,3
䗣,x,an,4
䗤,,jʊŋ,2
䗥,ts,ʊŋ,1
䗦,,,
䗧,kʰ,ɑŋ,1
䗨,,y,2
䗩,tɕʰ,i,1
䗪,ʈʂ,ɤ,4
䗫,m,a,2
䗬,,,
䗭,,,
䗮,ʂ,wɑŋ,3
䗯,tɕ,in,4
䗰,k,wan,4
䗱,pʰ,u,2
䗲,l,in,4
䗳,,,
䗴,tʰ,iŋ,2
䗵,tɕ,jɑŋ,1
䗶,l,a,4
䗷,,i,4
䗸,,jʊŋ,1
䗹,tsʰ,i,4
䗺,,jɛn,3
䗻,tɕ,je,2
䗼,ɕ,yn,1
䗽,,,4
䗾,ɕ,jɛn,3
䗿,n,iŋ,2
䘀,f,u,4
䘁,k,ɤ,2
䘂,,,
䘃,m,uɔ,4
䘄,ʈʂ,u,4
䘅,n,ai,2
䘆,ɕ,jɛn,3
䘇,,,2
䘈,l,i,4
䘉,tsʰ,an,2
䘊,m,je,4
䘋,tɕ,jɛn,1
䘌,n,i,4
䘍,ʈʂʰ,ai,4
䘎,,wan,1
䘏,ɕ,y,4
䘐,n,y,4
䘑,m,ai,4
䘒,ts,,1
䘓,kʰ,an,4
䘔,kʰ,a,1
䘕,x,ɑŋ,2
䘖,,,
䘗,,,
䘘,,y,4
䘙,,,4
䘚,ʈʂ,u,2
䘛,,,
䘜,,,
䘝,,i,4
䘞,,,
䘟,t,jɑʊ,1
䘠,f,u,2
䘡,p,i,3
䘢,ʈʂ,u,3
䘣,ts,i,3
䘤,ʂ,u,4
䘥,ɕ,ja,2
䘦,n,i,2
䘧,,,
䘨,tɕ,jɑʊ,3
䘩,ɕ,yn,2
䘪,ʈʂʰ,ʊŋ,1
䘫,n,oʊ,4
䘬,ʐ,ʊŋ,2
䘭,ʈʂ,i,4
䘮,s,ɑŋ,1
䘯,,,
䘰,ʂ,an,1
䘱,,y,4
䘲,,,
䘳,tɕ,in,1
䘴,,,
䘵,l,u,4
䘶,x,an,1
䘷,p,je,1
䘸,,i,4
䘹,ts,,4
䘺,ʈʂ,an,4
䘻,,y,4
䘼,,wan,3
䘽,n,i,2
䘾,k,wan,3
䘿,tɕ,yɛ,2
䙀,p,ɤŋ,3
䙁,tsʰ,an,2
䙂,,,
䙃,t,uɔ,4
䙄,tɕʰ,i,4
䙅,,jɑʊ,1
䙆,kʰ,,4
䙇,ʐ,wan,2
䙈,x,oʊ,2
䙉,ɕ,yn,2
䙊,ɕ,je,4
䙋,,,
䙌,kʰ,,4
䙍,,,
䙎,ɕ,je,2
䙏,p,uɔ,2
䙐,kʰ,ɤ,4
䙑,tsʰ,,1
䙒,ɕ,y,4
䙓,p,ai,3
䙔,,oʊ,1
䙕,ts,ʊŋ,3
䙖,,,
䙗,tʰ,i,4
䙘,ʈʂʰ,u,3
䙙,ʈʂʰ,i,2
䙚,n,jɑʊ,3
䙛,k,wan,4
䙜,f,ɤŋ,2
䙝,ɕ,je,4
䙞,t,ɤŋ,1
䙟,,,2
䙠,tɕ,yɛ,2
䙡,kʰ,,4
䙢,ts,ɤŋ,4
䙣,s,a,4
䙤,t,uɔ,3
䙥,l,iŋ,2
䙦,m,ɤŋ,2
䙧,,,
䙨,k,uɔ,3
䙩,m,ɤŋ,2
䙪,l,ʊŋ,2
䙫,,,
䙬,,iŋ,4
䙭,,,
䙮,k,wan,4
䙯,tsʰ,u,4
䙰,l,i,2
䙱,t,u,2
䙲,,,
䙳,p,jɑʊ,1
䙴,tɕʰ,jɛn,1
䙵,ɕ,i,1
䙶,,,
䙷,t,ɤ,2
䙸,t,ɤ,2
䙹,ɕ,jɛn,4
䙺,l,jɛn,2
䙻,,,
䙼,ʂ,ɑʊ,4
䙽,ɕ,je,2
䙾,ʂ,i,1
䙿,,,4
䚀,,,
䚁,,,
䚂,x,ɤ,4
䚃,,,2
䚄,l,u,4
䚅,l,ai,4
䚆,,iŋ,3
䚇,ʂ,ɤŋ,3
䚈,tɕ,yan,4
䚉,tɕʰ,i,4
䚊,tɕ,jɛn,3
䚋,,yn,4
䚌,,,
䚍,tɕʰ,i,4
䚎,,,
䚏,l,in,4
䚐,tɕ,i,2
䚑,m,ai,2
䚒,ʈʂʰ,wɑŋ,2
䚓,n,jɛn,3
䚔,p,in,1
䚕,l,i,4
䚖,l,iŋ,2
䚗,k,ɑŋ,1
䚘,ʈʂʰ,ɤŋ,2
䚙,ɕ,yan,1
䚚,ɕ,jɛn,3
䚛,x,u,2
䚜,p,i,1
䚝,ts,u,2
䚞,t,ai,3
䚟,t,ai,3
䚠,x,,4
䚡,s,ai,1
䚢,ʈʂʰ,ɤ,4
䚣,tʰ,i,2
䚤,,,
䚥,n,uɔ,4
䚦,ʈʂ,i,4
䚧,l,,2
䚨,f,ei,4
䚩,tɕ,jɑʊ,3
䚪,k,wan,1
䚫,ɕ,i,2
䚬,l,in,2
䚭,ɕ,yan,1
䚮,ʐ,ɤŋ,2
䚯,tʰ,ɑʊ,3
䚰,pʰ,i,3
䚱,ɕ,in,4
䚲,ʂ,an,4
䚳,ʈʂ,i,4
䚴,,wa,4
䚵,tʰ,oʊ,3
䚶,tʰ,jɛn,1
䚷,,i,1
䚸,ɕ,je,4
䚹,pʰ,i,3
䚺,,jɑʊ,2
䚻,,jɑʊ,2
䚼,n,y,4
䚽,x,ɑʊ,4
䚾,ʐ,ən,2
䚿,,in,4
䛀,f,an,3
䛁,n,an,2
䛂,,jɑʊ,1
䛃,,wan,4
䛄,,yan,3
䛅,ɕ,ja,2
䛆,ʈʂ,oʊ,4
䛇,,yan,3
䛈,ʂ,i,4
䛉,m,jɛn,4
䛊,ɕ,i,1
䛋,tɕ,i,4
䛌,tʰ,ɑʊ,2
䛍,f,ei,4
䛎,ɕ,yɛ,4
䛏,n,i,2
䛐,tsʰ,i,2
䛑,m,i,4
䛒,p,jɛn,4
䛓,,,
䛔,n,a,2
䛕,,y,4
䛖,,ɤ,4
䛗,ʈʂ,i,3
䛘,ʐ,ən,2
䛙,ɕ,y,4
䛚,l,yɛ,4
䛛,x,,4
䛜,ɕ,yn,4
䛝,n,ɑʊ,2
䛞,x,an,4
䛟,tɕ,ja,2
䛠,t,oʊ,4
䛡,x,wa,4
䛢,tʰ,u,1
䛣,pʰ,iŋ,1
䛤,tsʰ,u,4
䛥,ɕ,i,1
䛦,s,ʊŋ,4
䛧,m,i,2
䛨,ɕ,in,4
䛩,,u,4
䛪,tɕʰ,jʊŋ,2
䛫,ʈʂ,ɑŋ,1
䛬,tʰ,ɑʊ,2
䛭,ɕ,iŋ,4
䛮,tɕ,,4
䛯,tɕ,y,4
䛰,x,,4
䛱,tʰ,i,2
䛲,m,an,2
䛳,,jɛn,4
䛴,tɕ,i,1
䛵,ʂ,oʊ,4
䛶,l,ei,3
䛷,,wan,3
䛸,ʈʂʰ,ɤ,4
䛹,tsʰ,an,4
䛺,tɕ,je,4
䛻,,,4
䛼,x,,3
䛽,ʈʂ,a,3
䛾,s,u,4
䛿,k,ɤ,2
䜀,n,ɑʊ,3
䜁,ɕ,i,4
䜂,,,
䜃,t,,1
䜄,ʈʂʰ,i,2
䜅,,,2
䜆,ʈʂ,ɤ,2
䜇,k,,3
䜈,ʈʂʰ,ɑʊ,1
䜉,ʈʂʰ,i,1
䜊,ts,ɑʊ,1
䜋,x,,4
䜌,l,wan,2
䜍,l,jɑʊ,2
䜎,l,ɑʊ,2
䜏,tʰ,uɔ,1
䜐,x,,1
䜑,,u,4
䜒,,ɑʊ,4
䜓,ʂ,ɤ,4
䜔,s,,2
䜕,m,ai,4
䜖,tʰ,an,4
䜗,ɕ,in,4
䜘,tɕ,iŋ,3
䜙,,an,2
䜚,tʰ,a,4
䜛,ʈʂʰ,an,2
䜜,,,4
䜝,tʰ,wan,3
䜞,tɕ,i,4
䜟,ʈʂʰ,ən,2
䜠,ʈʂʰ,ɤ,4
䜡,,y,4
䜢,ɕ,jɛn,3
䜣,ɕ,in,1
䜤,,,
䜥,,,
䜦,,,
䜧,n,ɑʊ,3
䜨,,,
䜩,,jɛn,4
䜪,tɕʰ,,2
䜫,tɕ,jɑŋ,1
䜬,s,ʊŋ,3
䜭,tɕ,yn,4
䜮,l,jɑʊ,2
䜯,tɕ,y,2
䜰,,,
䜱,m,an,3
䜲,l,je,4
䜳,,,
䜴,ʈʂʰ,u,4
䜵,ʈʂʰ,i,3
䜶,ɕ,jɑŋ,2
䜷,tɕʰ,in,1
䜸,m,ei,3
䜹,ʂ,u,4
䜺,ʈʂʰ,ai,3
䜻,ʈʂʰ,i,3
䜼,k,u,2
䜽,,y,2
䜾,,in,1
䜿,,,
䝀,l,,2
䝁,l,ɑʊ,2
䝂,ʂ,u,4
䝃,ʈʂ,ɤ,2
䝄,ʂ,wɑŋ,1
䝅,x,,1
䝆,,,
䝇,,,
䝈,,ɤ,4
䝉,,,
䝊,ʂ,a,4
䝋,ts,ʊŋ,4
䝌,tɕ,yɛ,2
䝍,tɕ,yn,4
䝎,tʰ,wan,1
䝏,l,oʊ,2
䝐,,,2
䝑,ʈʂʰ,ʊŋ,1
䝒,ʈʂ,u,4
䝓,l,je,4
䝔,,,
䝕,ʈʂ,ɤ,2
䝖,ʈʂ,ɑʊ,3
䝗,,,
䝘,,i,4
䝙,ʈʂʰ,u,1
䝚,n,i,2
䝛,p,uɔ,1
䝜,s,wan,1
䝝,,i,3
䝞,x,ɑʊ,4
䝟,,ja,4
䝠,x,wan,2
䝡,m,an,4
䝢,m,an,4
䝣,tɕʰ,y,2
䝤,l,ɑʊ,3
䝥,x,ɑʊ,2
䝦,ʈʂ,ʊŋ,1
䝧,m,in,2
䝨,ɕ,jɛn,2
䝩,ʈʂ,ən,4
䝪,ʂ,u,3
䝫,ts,uɔ,2
䝬,ʈʂ,u,4
䝭,k,oʊ,4
䝮,ɕ,yan,4
䝯,,i,4
䝰,ʈʂ,i,4
䝱,ɕ,je,2
䝲,tɕ,in,4
䝳,tsʰ,an,2
䝴,,,
䝵,p,u,4
䝶,l,jɑŋ,2
䝷,ʈʂ,i,1
䝸,tɕ,i,4
䝹,,wan,3
䝺,k,wan,4
䝻,tɕ,y,1
䝼,tɕ,iŋ,4
䝽,,ai,4
䝾,f,u,4
䝿,k,,4
䞀,x,oʊ,4
䞁,,jɛn,4
䞂,ʐ,wan,3
䞃,ʈʂ,i,4
䞄,p,jɑʊ,4
䞅,,i,2
䞆,s,uɔ,3
䞇,t,je,2
䞈,k,,4
䞉,ʂ,ɤŋ,4
䞊,ɕ,yn,4
䞋,ʈʂʰ,ən,4
䞌,ʂ,ɤ,2
䞍,tɕʰ,iŋ,2
䞎,,,
䞏,,,
䞐,ʈʂʰ,,3
䞑,x,ʊŋ,2
䞒,t,ʊŋ,4
䞓,ʈʂʰ,ɤŋ,1
䞔,,,3
䞕,ʐ,u,2
䞖,ʂ,u,3
䞗,tsʰ,ai,1
䞘,tɕ,i,2
䞙,ts,a,2
䞚,tɕʰ,i,2
䞛,,jɛn,1
䞜,f,u,4
䞝,,y,4
䞞,f,u,2
䞟,pʰ,uɔ,4
䞠,ʈʂ,i,1
䞡,tʰ,an,3
䞢,ts,uɔ,2
䞣,ʈʂʰ,ɤ,3
䞤,tɕʰ,y,2
䞥,,,4
䞦,x,ɤ,2
䞧,x,oʊ,4
䞨,k,,3
䞩,,ɤ,4
䞪,tɕ,jɑŋ,4
䞫,,yn,3
䞬,tʰ,oʊ,4
䞭,tsʰ,,1
䞮,tʰ,u,1
䞯,f,u,4
䞰,ts,uɔ,2
䞱,x,u,2
䞲,,,
䞳,p,uɔ,2
䞴,ʈʂ,ɑʊ,1
䞵,tɕ,yɛ,3
䞶,tʰ,ɑŋ,1
䞷,tɕ,yɛ,2
䞸,f,u,4
䞹,x,wɑŋ,2
䞺,ʈʂʰ,,1
䞻,,jʊŋ,3
䞼,ʈʂʰ,,3
䞽,s,uɔ,3
䞾,ʈʂʰ,i,2
䞿,tɕʰ,jɛn,1
䟀,tsʰ,ai,1
䟁,ɕ,jɑʊ,1
䟂,m,an,2
䟃,tsʰ,an,1
䟄,tɕʰ,i,4
䟅,tɕ,jɛn,4
䟆,p,i,4
䟇,tɕ,i,1
䟈,ʈʂ,i,2
䟉,ʈʂ,u,2
䟊,tɕʰ,y,2
䟋,ʈʂ,an,3
䟌,tɕ,i,2
䟍,p,jɛn,1
䟎,,,
䟏,l,i,4
䟐,l,i,4
䟑,,yɛ,4
䟒,tɕʰ,yan,2
䟓,ʈʂʰ,ɤŋ,1
䟔,f,u,4
䟕,ʈʂʰ,a,4
䟖,tʰ,ɑŋ,4
䟗,ʂ,i,4
䟘,x,ɑŋ,4
䟙,tɕʰ,je,4
䟚,tɕʰ,i,2
䟛,p,uɔ,2
䟜,n,a,4
䟝,tʰ,oʊ,4
䟞,ʈʂʰ,u,2
䟟,tsʰ,u,4
䟠,,yɛ,4
䟡,ʈʂ,i,1
䟢,ʈʂʰ,ən,2
䟣,ʈʂʰ,u,4
䟤,p,i,4
䟥,m,ɤŋ,2
䟦,p,a,2
䟧,tʰ,jɛn,2
䟨,m,in,2
䟩,l,je,3
䟪,f,ɤŋ,3
䟫,ʈʂʰ,ɤŋ,1
䟬,tɕʰ,,4
䟭,tʰ,jɑʊ,2
䟮,f,u,2
䟯,kʰ,uɔ,4
䟰,tɕ,jɛn,3
䟱,,,
䟲,,,
䟳,,,
䟴,ʈʂ,ən,4
䟵,tɕʰ,,2
䟶,ts,uɔ,4
䟷,ʈʂʰ,i,4
䟸,kʰ,,2
䟹,l,je,4
䟺,p,ei,4
䟻,t,u,4
䟼,,u,3
䟽,,,
䟾,ʈʂ,uɔ,2
䟿,l,u,4
䠀,tʰ,ɑŋ,1
䠁,,,
䠂,ʈʂʰ,u,2
䠃,l,jɑŋ,3
䠄,tʰ,jɛn,3
䠅,kʰ,,3
䠆,ʈʂʰ,ɑŋ,2
䠇,tɕ,yɛ,2
䠈,tʰ,u,2
䠉,x,wan,4
䠊,f,ei,4
䠋,p,i,4
䠌,,,
䠍,ɕ,ja,1
䠎,,uɔ,4
䠏,tɕ,i,4
䠐,tɕʰ,y,4
䠑,kʰ,,3
䠒,x,u,2
䠓,tɕʰ,,1
䠔,s,,4
䠕,tsʰ,ai,1
䠖,,,
䠗,tɕʰ,,4
䠘,pʰ,i,4
䠙,pʰ,ɑŋ,2
䠚,,wa,4
䠛,,jɑʊ,2
䠜,ʐ,ʊŋ,2
䠝,ɕ,yn,1
䠞,tsʰ,u,4
䠟,t,je,2
䠠,ʈʂʰ,i,4
䠡,tsʰ,uɔ,2
䠢,m,ɤŋ,4
䠣,ɕ,yan,3
䠤,t,uɔ,3
䠥,p,je,2
䠦,ʈʂ,ɤ,4
䠧,ʈʂʰ,u,2
䠨,ʈʂʰ,an,4
䠩,k,,4
䠪,t,wan,4
䠫,ts,oʊ,4
䠬,t,ɤŋ,4
䠭,l,ai,2
䠮,tʰ,ɤŋ,2
䠯,,yɛ,4
䠰,tɕʰ,yan,2
䠱,ʈʂ,u,2
䠲,l,iŋ,2
䠳,ʈʂʰ,ən,1
䠴,ʈʂ,ən,3
䠵,f,u,4
䠶,ʂ,ɤ,4
䠷,tʰ,jɑʊ,3
䠸,kʰ,wa,1
䠹,,ai,2
䠺,,,
䠻,tɕʰ,jʊŋ,2
䠼,ʂ,u,4
䠽,x,ai,2
䠾,ʂ,an,3
䠿,,wai,4
䡀,ʈʂ,an,3
䡁,l,ʊŋ,3
䡂,tɕ,,1
䡃,l,i,4
䡄,,,
䡅,ʈʂʰ,,1
䡆,ʐ,ʊŋ,2
䡇,,yɛ,4
䡈,tɕ,yɛ,2
䡉,kʰ,ɑŋ,3
䡊,f,an,3
䡋,tɕʰ,i,2
䡌,x,ʊŋ,2
䡍,f,u,2
䡎,l,u,2
䡏,x,ʊŋ,2
䡐,tʰ,uɔ,2
䡑,m,in,2
䡒,tʰ,jɛn,2
䡓,tɕ,yan,4
䡔,tɕʰ,i,3
䡕,ʈʂ,ɤŋ,3
䡖,tɕʰ,iŋ,4
䡗,k,ʊŋ,3
䡘,tʰ,jɛn,2
䡙,l,ɑŋ,2
䡚,m,ɑʊ,4
䡛,,in,4
䡜,l,u,4
䡝,,yan,1
䡞,tɕ,y,2
䡟,pʰ,i,4
䡠,,,
䡡,ɕ,je,2
䡢,p,jɛn,4
䡣,x,,1
䡤,ʈʂ,u,1
䡥,ʐ,ʊŋ,2
䡦,s,ɑŋ,3
䡧,,u,1
䡨,ʈʂʰ,a,4
䡩,kʰ,ɤŋ,1
䡪,ʂ,an,4
䡫,pʰ,ɤŋ,2
䡬,m,an,4
䡭,ɕ,,1
䡮,,,
䡯,tsʰ,ʊŋ,1
䡰,kʰ,ɤŋ,1
䡱,ʈʂ,wan,3
䡲,ʈʂʰ,an,2
䡳,s,i,1
䡴,ʈʂʰ,ʊŋ,1
䡵,s,,4
䡶,p,ei,4
䡷,kʰ,ai,4
䡸,,,
䡹,ʈʂ,i,4
䡺,,,4
䡻,m,in,2
䡼,l,iŋ,2
䡽,ts,wan,1
䡾,n,je,4
䡿,l,iŋ,2
䢀,tɕʰ,i,4
䢁,,yɛ,4
䢂,,,
䢃,,i,4
䢄,ɕ,i,3
䢅,ʈʂʰ,ən,2
䢆,,,
䢇,ʐ,ʊŋ,3
䢈,ʈʂʰ,ən,2
䢉,n,ʊŋ,2
䢊,,,2
䢋,tɕ,i,4
䢌,p,uɔ,2
䢍,f,ɑŋ,3
䢎,,,
䢏,,,
䢐,tsʰ,u,2
䢑,t,i,3
䢒,tɕ,jɑʊ,1
䢓,,y,2
䢔,x,ɤ,2
䢕,ɕ,y,4
䢖,,y,4
䢗,tɕʰ,y,1
䢘,,,
䢙,p,ai,4
䢚,k,ɤŋ,1
䢛,tɕ,jʊŋ,3
䢜,,,
䢝,,ja,4
䢞,ʂ,u,4
䢟,,,2
䢠,s,ʊŋ,4
䢡,,je,4
䢢,tsʰ,ɑŋ,4
䢣,,jɑʊ,2
䢤,ʂ,u,4
䢥,,jɛn,2
䢦,ʂ,wai,4
䢧,l,jɑʊ,4
䢨,tsʰ,ʊŋ,1
䢩,,y,4
䢪,p,uɔ,2
䢫,s,,2
䢬,,,
䢭,,jɛn,4
䢮,l,ei,4
䢯,l,in,2
䢰,tʰ,i,1
䢱,t,u,2
䢲,,yɛ,4
䢳,tɕ,i,3
䢴,,,
䢵,,yn,2
䢶,,,
䢷,,,
䢸,tɕ,y,1
䢹,tɕ,y,3
䢺,ʈʂʰ,u,1
䢻,ʈʂʰ,ən,2
䢼,k,ʊŋ,1
䢽,ɕ,jɑŋ,4
䢾,ɕ,jɛn,3
䢿,,an,1
䣀,k,,3
䣁,,y,3
䣂,l,ei,3
䣃,,,
䣄,tʰ,u,2
䣅,ʈʂʰ,ən,2
䣆,ɕ,iŋ,2
䣇,tɕʰ,,2
䣈,x,ɑŋ,4
䣉,,,
䣊,t,ɑŋ,3
䣋,tsʰ,ai,3
䣌,t,i,3
䣍,,jɛn,3
䣎,ts,i,1
䣏,,,
䣐,,iŋ,1
䣑,ʈʂʰ,an,2
䣒,,,
䣓,l,i,2
䣔,s,uɔ,3
䣕,m,a,3
䣖,m,a,3
䣗,,,
䣘,tʰ,ɑŋ,2
䣙,pʰ,ei,2
䣚,l,oʊ,2
䣛,tɕʰ,i,1
䣜,tsʰ,uɔ,2
䣝,tʰ,u,2
䣞,,ɤ,4
䣟,tsʰ,an,2
䣠,tɕ,je,2
䣡,,i,2
䣢,tɕ,i,2
䣣,t,ɑŋ,3
䣤,tɕ,yɛ,2
䣥,p,i,3
䣦,l,ei,4
䣧,,i,4
䣨,ʈʂʰ,,2
䣩,ʈʂʰ,,2
䣪,pʰ,uɔ,4
䣫,l,i,2
䣬,ts,ai,3
䣭,tʰ,ai,4
䣮,pʰ,uɔ,4
䣯,tsʰ,u,2
䣰,tɕ,y,4
䣱,ɕ,y,4
䣲,f,an,4
䣳,,,
䣴,ɕ,y,4
䣵,,,4
䣶,x,uɔ,2
䣷,ʈʂ,u,1
䣸,ʐ,an,3
䣹,f,a,2
䣺,tɕ,yan,1
䣻,x,an,1
䣼,l,jɑŋ,2
䣽,ʈʂ,i,1
䣾,m,i,4
䣿,,y,1
䤀,,,
䤁,tsʰ,ən,2
䤂,m,ei,2
䤃,,in,1
䤄,m,jɛn,3
䤅,tʰ,u,2
䤆,kʰ,,2
䤇,,,
䤈,,,
䤉,m,i,4
䤊,ʐ,ʊŋ,2
䤋,,y,4
䤌,tɕʰ,jɑŋ,1
䤍,m,i,2
䤎,tɕ,y,2
䤏,pʰ,i,3
䤐,tɕ,in,3
䤑,,wɑŋ,4
䤒,tɕ,i,4
䤓,m,ɤŋ,2
䤔,tɕ,jɛn,4
䤕,ɕ,yɛ,4
䤖,p,ɑʊ,4
䤗,k,an,3
䤘,ʈʂʰ,an,3
䤙,l,i,4
䤚,l,i,3
䤛,tɕʰ,,2
䤜,t,,4
䤝,,iŋ,4
䤞,,yn,3
䤟,ʈʂʰ,ən,2
䤠,ʈʂ,i,3
䤡,ʐ,an,3
䤢,,,
䤣,l,yɛ,4
䤤,kʰ,ai,1
䤥,k,,3
䤦,,yɛ,4
䤧,x,,4
䤨,pʰ,i,4
䤩,ʈʂʰ,a,2
䤪,t,uɔ,3
䤫,ʈʂʰ,an,2
䤬,ʂ,a,1
䤭,ʂ,i,4
䤮,ʂ,ɤ,4
䤯,ɕ,iŋ,2
䤰,,iŋ,2
䤱,ʂ,i,4
䤲,ʈʂʰ,i,4
䤳,,je,4
䤴,x,an,2
䤵,f,ei,4
䤶,,je,4
䤷,,jɛn,3
䤸,ts,wan,4
䤹,s,oʊ,1
䤺,tɕ,in,1
䤻,t,uɔ,4
䤼,ɕ,jɛn,4
䤽,k,wan,1
䤾,tʰ,ɑʊ,1
䤿,tɕʰ,je,4
䥀,ʈʂʰ,an,3
䥁,x,an,2
䥂,m,ɤŋ,4
䥃,,yɛ,4
䥄,tsʰ,u,4
䥅,tɕʰ,jɛn,4
䥆,tɕ,in,3
䥇,ʂ,an,4
䥈,m,u,3
䥉,,yan,1
䥊,,,
䥋,pʰ,ɤŋ,1
䥌,ʈʂ,ɤŋ,4
䥍,ʈʂ,i,4
䥎,ʈʂʰ,,2
䥏,,y,3
䥐,m,oʊ,2
䥑,,wan,4
䥒,tɕ,jɑŋ,4
䥓,tɕʰ,i,1
䥔,s,u,4
䥕,pʰ,je,3
䥖,tʰ,jɛn,2
䥗,kʰ,wan,3
䥘,tsʰ,u,4
䥙,s,,4
䥚,,,
䥛,tɕ,je,1
䥜,tɕ,jɛn,4
䥝,,ɑʊ,2
䥞,tɕ,jɑʊ,3
䥟,,je,4
䥠,,,
䥡,,je,4
䥢,l,ʊŋ,2
䥣,ts,ɑʊ,2
䥤,p,ɑʊ,2
䥥,l,jɛn,2
䥦,,,
䥧,x,wan,2
䥨,l,y,4
䥩,,,2
䥪,ɕ,jɛn,3
䥫,tʰ,je,3
䥬,p,uɔ,2
䥭,ʈʂ,ɤŋ,4
䥮,ʈʂ,u,2
䥯,p,ei,1
䥰,m,ɤŋ,2
䥱,ɕ,je,3
䥲,,oʊ,1
䥳,,,1
䥴,,,
䥵,ɕ,jɑʊ,3
䥶,l,i,4
䥷,ʈʂ,a,2
䥸,m,i,2
䥹,,,
䥺,,je,2
䥻,,,
䥼,,,
䥽,pʰ,uɔ,1
䥾,ɕ,je,3
䥿,,,
䦀,,,
䦁,,,
䦂,ʂ,an,4
䦃,ʈʂ,uɔ,1
䦄,,,
䦅,ʂ,an,4
䦆,tɕ,yɛ,2
䦇,tɕ,i,4
䦈,tɕ,je,1
䦉,,,
䦊,n,jɑʊ,3
䦋,,ɑʊ,2
䦌,ʈʂʰ,u,4
䦍,,u,4
䦎,k,wan,3
䦏,ɕ,je,4
䦐,tʰ,iŋ,3
䦑,ɕ,yɛ,4
䦒,t,ɑŋ,4
䦓,ʈʂ,an,1
䦔,tʰ,an,3
䦕,pʰ,ɤŋ,1
䦖,ɕ,je,2
䦗,ɕ,y,4
䦘,ɕ,jɛn,4
䦙,s,i,4
䦚,kʰ,wa,4
䦛,ʈʂ,ɤŋ,4
䦜,,u,2
䦝,x,uɔ,1
䦞,ʐ,,4
䦟,,,3
䦠,t,u,1
䦡,x,wan,2
䦢,kʰ,uɔ,4
䦣,f,u,4
䦤,ʈʂʰ,wai,4
䦥,ɕ,jɛn,2
䦦,tɕʰ,in,2
䦧,tɕʰ,je,2
䦨,l,an,2
䦩,,,
䦪,,ja,4
䦫,,iŋ,1
䦬,tɕʰ,yɛ,4
䦭,x,ɑŋ,1
䦮,ʈʂʰ,,3
䦯,ʈʂ,i,4
䦰,,,
䦱,,,3
䦲,,jɛn,2
䦳,ɕ,jɑŋ,4
䦴,,i,4
䦵,n,i,3
䦶,ʈʂ,ɤŋ,4
䦷,ʈʂʰ,wai,4
䦸,,,
䦹,ʂ,i,2
䦺,t,iŋ,1
䦻,ts,i,3
䦼,tɕ,yɛ,2
䦽,ɕ,y,4
䦾,,yan,2
䦿,,,
䧀,,,
䧁,ɕ,y,3
䧂,t,ɑʊ,4
䧃,tʰ,jɛn,2
䧄,k,ɤ,4
䧅,,i,2
䧆,x,ʊŋ,2
䧇,,i,1
䧈,,,
䧉,l,i,3
䧊,kʰ,u,1
䧋,ɕ,jɛn,3
䧌,s,,1
䧍,ɕ,i,4
䧎,ɕ,yan,4
䧏,,,
䧐,,,
䧑,t,i,1
䧒,l,ai,2
䧓,ʈʂ,oʊ,1
䧔,n,jɛn,4
䧕,ʈʂʰ,ɤŋ,2
䧖,tɕ,jɛn,4
䧗,p,i,4
䧘,ʈʂ,wan,4
䧙,l,iŋ,2
䧚,x,ɑʊ,4
䧛,p,ɑŋ,4
䧜,tʰ,ɑŋ,2
䧝,ʈʂʰ,i,1
䧞,m,a,4
䧟,ɕ,jɛn,4
䧠,ʂ,wan,4
䧡,,jʊŋ,1
䧢,tɕʰ,y,1
䧣,,,
䧤,pʰ,u,2
䧥,x,,4
䧦,,,2
䧧,,i,3
䧨,,je,4
䧩,,,
䧪,ʈʂʰ,ɤ,4
䧫,x,ɑʊ,2
䧬,p,in,1
䧭,,,
䧮,ɕ,jɛn,4
䧯,ʈʂʰ,an,2
䧰,x,,4
䧱,,,
䧲,x,an,4
䧳,tsʰ,i,2
䧴,ʈʂ,i,1
䧵,tɕʰ,i,2
䧶,kʰ,,2
䧷,ʐ,oʊ,2
䧸,,,
䧹,,iŋ,1
䧺,ɕ,jʊŋ,2
䧻,,,
䧼,x,u,2
䧽,tsʰ,,3
䧾,,,
䧿,tɕʰ,yɛ,4
䨀,t,i,2
䨁,,u,4
䨂,tɕʰ,,1
䨃,,,
䨄,,jɛn,4
䨅,l,jɑʊ,2
䨆,p,i,2
䨇,,,
䨈,p,in,1
䨉,,,
䨊,,yan,1
䨋,n,yɛ,4
䨌,p,ɑʊ,2
䨍,,iŋ,3
䨎,x,ʊŋ,2
䨏,tsʰ,i,2
䨐,tɕʰ,ja,4
䨑,tʰ,i,2
䨒,,y,4
䨓,l,ei,2
䨔,p,ɑʊ,2
䨕,,,
䨖,tɕ,i,4
䨗,f,u,2
䨘,ɕ,jɛn,4
䨙,tsʰ,ən,2
䨚,x,u,1
䨛,s,ɤ,4
䨜,p,ɤŋ,1
䨝,tɕʰ,iŋ,1
䨞,,y,3
䨟,,wa,1
䨠,,ai,3
䨡,x,an,2
䨢,t,an,4
䨣,k,ɤ,2
䨤,t,i,2
䨥,x,uɔ,4
䨦,pʰ,ɑŋ,1
䨧,,,
䨨,ʈʂ,,1
䨩,l,iŋ,2
䨪,m,ai,2
䨫,m,ai,4
䨬,l,jɛn,2
䨭,ɕ,jɑʊ,1
䨮,ɕ,yɛ,3
䨯,ʈʂ,ən,4
䨰,pʰ,uɔ,4
䨱,f,u,4
䨲,n,oʊ,2
䨳,ɕ,i,4
䨴,t,,4
䨵,t,an,4
䨶,,yn,3
䨷,ɕ,jɛn,4
䨸,,in,3
䨹,ʂ,u,1
䨺,t,,4
䨻,p,ɤŋ,4
䨼,x,u,4
䨽,f,ei,3
䨾,f,ei,4
䨿,ts,a,2
䩀,p,ei,4
䩁,f,ei,1
䩂,ɕ,jɛn,1
䩃,ʂ,i,4
䩄,m,jɛn,3
䩅,ʈʂ,an,3
䩆,ʈʂ,an,3
䩇,ʈʂ,an,1
䩈,x,,4
䩉,f,u,3
䩊,,wan,3
䩋,m,uɔ,3
䩌,tɕʰ,jɑʊ,2
䩍,l,jɑʊ,3
䩎,,,
䩏,m,je,4
䩐,x,u,1
䩑,x,ʊŋ,2
䩒,,y,2
䩓,tɕʰ,i,2
䩔,t,uɔ,4
䩕,,ɑŋ,2
䩖,,,
䩗,p,a,4
䩘,t,i,4
䩙,ɕ,yan,4
䩚,t,i,4
䩛,p,i,4
䩜,ʈʂ,oʊ,4
䩝,pʰ,ɑʊ,2
䩞,tʰ,je,2
䩟,,i,2
䩠,,,
䩡,tɕ,ja,2
䩢,ʈʂ,i,4
䩣,tʰ,u,2
䩤,ɕ,je,2
䩥,t,an,4
䩦,tʰ,jɑʊ,2
䩧,ɕ,je,4
䩨,ʈʂʰ,ɑŋ,4
䩩,,yan,3
䩪,k,wan,3
䩫,l,jɑŋ,3
䩬,p,ɤŋ,3
䩭,,,
䩮,l,u,4
䩯,tɕ,i,2
䩰,ɕ,yan,4
䩱,ʂ,u,4
䩲,t,u,1
䩳,s,oʊ,1
䩴,x,u,2
䩵,,yn,4
䩶,ʈʂʰ,an,3
䩷,p,ɑŋ,1
䩸,ʐ,ʊŋ,2
䩹,,ɤ,2
䩺,,,1
䩻,p,a,4
䩼,f,ɤŋ,2
䩽,,y,1
䩾,ʈʂ,ɤ,4
䩿,f,ən,2
䪀,k,wan,3
䪁,p,u,3
䪂,k,ɤ,2
䪃,t,,1
䪄,x,wɑŋ,2
䪅,t,u,2
䪆,tʰ,i,3
䪇,p,uɔ,2
䪈,tɕʰ,jɛn,4
䪉,l,je,4
䪊,l,ʊŋ,2
䪋,,,4
䪌,ʈʂ,an,4
䪍,l,an,2
䪎,s,,1
䪏,n,a,4
䪐,p,i,4
䪑,tʰ,uɔ,2
䪒,ʈʂ,u,4
䪓,t,je,1
䪔,p,u,3
䪕,tɕ,y,2
䪖,pʰ,uɔ,4
䪗,ɕ,ja,2
䪘,,,3
䪙,pʰ,uɔ,4
䪚,t,a,1
䪛,f,an,1
䪜,ʈʂʰ,an,1
䪝,x,u,4
䪞,ts,a,2
䪟,,,
䪠,,,
䪡,,,
䪢,,,
䪣,,,
䪤,f,an,2
䪥,ɕ,je,4
䪦,x,ʊŋ,2
䪧,ʈʂʰ,i,2
䪨,p,ɑʊ,2
䪩,,in,2
䪪,,,
䪫,tɕ,iŋ,1
䪬,p,uɔ,2
䪭,ʐ,wan,3
䪮,ʈʂʰ,oʊ,3
䪯,,iŋ,1
䪰,,i,1
䪱,k,ai,3
䪲,kʰ,,1
䪳,,yn,3
䪴,ʈʂ,ən,3
䪵,,ja,3
䪶,tɕ,y,1
䪷,x,oʊ,4
䪸,m,in,2
䪹,p,ai,1
䪺,k,ɤ,2
䪻,p,jɛn,4
䪼,ʈʂ,uɔ,1
䪽,x,ɑʊ,4
䪾,ʈʂ,ən,3
䪿,ʂ,ɤŋ,3
䫀,k,ən,3
䫁,p,i,4
䫂,t,uɔ,3
䫃,ʈʂʰ,,2
䫄,ʈʂʰ,wa,4
䫅,s,an,4
䫆,ʈʂʰ,ɤŋ,2
䫇,ʐ,an,2
䫈,ʈʂʰ,ən,3
䫉,m,ɑʊ,4
䫊,pʰ,ei,2
䫋,,,1
䫌,pʰ,i,3
䫍,f,u,3
䫎,ʈʂ,uɔ,1
䫏,tɕʰ,i,1
䫐,l,in,2
䫑,,i,1
䫒,m,ən,2
䫓,,u,2
䫔,tɕʰ,i,4
䫕,t,je,2
䫖,ʈʂʰ,ən,3
䫗,ɕ,ja,2
䫘,x,ɤ,2
䫙,s,ɑŋ,3
䫚,k,wa,1
䫛,x,oʊ,2
䫜,,ɑʊ,1
䫝,f,u,3
䫞,tɕʰ,jɑʊ,1
䫟,x,,4
䫠,pʰ,i,1
䫡,,jɛn,2
䫢,s,i,1
䫣,ɕ,i,2
䫤,m,iŋ,2
䫥,kʰ,,3
䫦,k,ɤ,2
䫧,,,
䫨,,ɑʊ,4
䫩,s,an,3
䫪,ʂ,wɑŋ,3
䫫,l,oʊ,2
䫬,ʈʂ,ən,3
䫭,x,,4
䫮,ʈʂʰ,an,2
䫯,,,
䫰,l,in,4
䫱,n,a,2
䫲,x,an,4
䫳,t,u,2
䫴,tɕ,in,4
䫵,m,jɛn,2
䫶,f,an,2
䫷,,ɤ,4
䫸,ʈʂʰ,ɑʊ,1
䫹,x,ʊŋ,2
䫺,x,ʊŋ,2
䫻,,y,4
䫼,ɕ,yɛ,4
䫽,pʰ,ɑʊ,1
䫾,p,i,1
䫿,ʈʂʰ,ɑʊ,1
䬀,,,3
䬁,,i,2
䬂,ɕ,yɛ,4
䬃,s,a,4
䬄,ɕ,y,4
䬅,l,i,4
䬆,l,i,4
䬇,,yan,4
䬈,t,,4
䬉,x,uɔ,4
䬊,ʂ,a,4
䬋,l,ɤŋ,2
䬌,pʰ,oʊ,1
䬍,x,u,1
䬎,k,uɔ,2
䬏,p,u,4
䬐,ʐ,,2
䬑,,,4
䬒,s,oʊ,1
䬓,,an,4
䬔,,y,2
䬕,ɕ,jɑŋ,1
䬖,x,ɤŋ,2
䬗,,jɑŋ,2
䬘,ɕ,jɑʊ,1
䬙,,jɑʊ,2
䬚,,,
䬛,p,i,4
䬜,,,
䬝,x,ɤŋ,2
䬞,tʰ,ɑʊ,2
䬟,l,,2
䬠,,,
䬡,ʈʂ,u,4
䬢,,,
䬣,ɕ,i,4
䬤,ts,an,4
䬥,,i,4
䬦,t,oʊ,4
䬧,,yan,2
䬨,tɕ,,4
䬩,,,
䬪,p,uɔ,2
䬫,tʰ,i,2
䬬,,iŋ,3
䬭,,,
䬮,,i,2
䬯,n,jɛn,2
䬰,ʂ,ɑʊ,4
䬱,p,ən,4
䬲,k,oʊ,1
䬳,p,an,3
䬴,m,uɔ,4
䬵,k,ai,1
䬶,,ən,4
䬷,ʂ,ɤ,3
䬸,,,
䬹,ʈʂ,i,4
䬺,,jɑŋ,4
䬻,tɕ,jɛn,4
䬼,,yan,4
䬽,ʂ,,4
䬾,tʰ,i,2
䬿,,,3
䭀,ɕ,yn,4
䭁,ʈʂ,i,4
䭂,,i,4
䭃,ʐ,ən,3
䭄,ʂ,i,4
䭅,x,u,2
䭆,n,ɤ,4
䭇,,je,1
䭈,tɕ,jɛn,4
䭉,s,,3
䭊,,iŋ,3
䭋,p,ɑʊ,3
䭌,x,u,2
䭍,x,u,2
䭎,,je,4
䭏,,,
䭐,,jɑŋ,4
䭑,l,jɛn,2
䭒,ɕ,i,1
䭓,,ən,4
䭔,t,,1
䭕,ts,an,3
䭖,ʈʂ,u,4
䭗,,iŋ,3
䭘,,iŋ,3
䭙,tɕ,in,3
䭚,ʈʂʰ,wɑŋ,2
䭛,t,an,4
䭜,,,
䭝,kʰ,wai,4
䭞,,i,4
䭟,,je,4
䭠,tɕ,jɛn,3
䭡,,ən,4
䭢,n,iŋ,2
䭣,tsʰ,i,2
䭤,tɕʰ,jɛn,3
䭥,ɕ,yɛ,4
䭦,p,uɔ,1
䭧,m,i,3
䭨,ʂ,,4
䭩,m,uɔ,2
䭪,l,jɑŋ,2
䭫,tɕʰ,i,3
䭬,tɕʰ,i,3
䭭,ʂ,oʊ,3
䭮,f,u,2
䭯,p,uɔ,2
䭰,p,ɤŋ,4
䭱,p,je,2
䭲,,i,3
䭳,,,4
䭴,x,wan,2
䭵,f,an,2
䭶,tɕʰ,i,2
䭷,m,ɑʊ,2
䭸,f,u,4
䭹,,ɑŋ,2
䭺,,ɑŋ,3
䭻,f,ən,1
䭼,tɕʰ,i,2
䭽,tɕʰ,yn,2
䭾,tʰ,uɔ,2
䭿,,i,4
䮀,p,uɔ,2
䮁,pʰ,jɛn,2
䮂,p,a,2
䮃,,,
䮄,ɕ,yan,2
䮅,,,
䮆,,,
䮇,,y,4
䮈,ʈʂʰ,i,2
䮉,l,u,2
䮊,,i,2
䮋,l,i,4
䮌,,,
䮍,n,jɑʊ,3
䮎,ɕ,i,4
䮏,,u,2
䮐,,,
䮑,l,ei,4
䮒,pʰ,u,1
䮓,ʈʂ,uɔ,1
䮔,ts,,1
䮕,ʈʂ,uɔ,2
䮖,ʈʂʰ,ɑŋ,1
䮗,,an,4
䮘,,,2
䮙,,y,4
䮚,l,ɤŋ,4
䮛,f,u,4
䮜,ʈʂ,a,2
䮝,x,,2
䮞,ʈʂʰ,,3
䮟,s,oʊ,1
䮠,p,i,1
䮡,p,i,4
䮢,ʈʂ,a,2
䮣,,,
䮤,x,ɤ,2
䮥,l,i,4
䮦,,,
䮧,x,an,4
䮨,ts,ai,3
䮩,k,u,2
䮪,ʈʂʰ,ɤŋ,2
䮫,l,oʊ,2
䮬,m,uɔ,4
䮭,m,i,4
䮮,m,ai,4
䮯,,ɑʊ,4
䮰,ʈʂ,ɤ,2
䮱,ʈʂ,u,2
䮲,x,wɑŋ,2
䮳,f,an,2
䮴,t,ɤŋ,4
䮵,tʰ,ʊŋ,2
䮶,,,
䮷,t,u,2
䮸,,uɔ,4
䮹,,,4
䮺,tɕ,i,4
䮻,ʈʂʰ,i,4
䮼,l,in,2
䮽,p,jɑʊ,1
䮾,l,ʊŋ,2
䮿,tɕ,jɛn,3
䯀,n,je,4
䯁,l,uɔ,2
䯂,ʂ,ən,1
䯃,,,
䯄,k,wa,1
䯅,n,je,4
䯆,,i,4
䯇,kʰ,u,1
䯈,,wan,2
䯉,,wa,1
䯊,tɕʰ,ja,4
䯋,p,uɔ,2
䯌,kʰ,ɑʊ,1
䯍,l,iŋ,2
䯎,k,an,4
䯏,k,wa,1
䯐,x,ai,2
䯑,kʰ,wɑŋ,1
䯒,x,ɤŋ,2
䯓,kʰ,,1
䯔,ts,ɤ,2
䯕,tʰ,iŋ,1
䯖,l,ɑŋ,2
䯗,p,i,4
䯘,x,wan,4
䯙,pʰ,uɔ,4
䯚,,jɑʊ,3
䯛,,wan,4
䯜,tʰ,i,4
䯝,s,,3
䯞,kʰ,wa,1
䯟,t,,4
䯠,,ɑʊ,3
䯡,tɕ,jɛn,4
䯢,m,uɔ,2
䯣,kʰ,,4
䯤,kʰ,wai,4
䯥,,an,4
䯦,m,a,4
䯧,tɕʰ,iŋ,3
䯨,tɕʰ,jɑʊ,1
䯩,,,
䯪,kʰ,ɑʊ,3
䯫,x,ɑʊ,4
䯬,t,uɔ,3
䯭,ɕ,jɛn,1
䯮,n,ai,2
䯯,s,uɔ,1
䯰,tɕ,je,4
䯱,pʰ,i,1
䯲,pʰ,a,1
䯳,s,ʊŋ,1
䯴,ʈʂʰ,ɑŋ,2
䯵,n,je,4
䯶,m,an,2
䯷,s,ʊŋ,1
䯸,tsʰ,i,4
䯹,ɕ,jɛn,1
䯺,kʰ,uɔ,4
䯻,,,
䯼,t,i,2
䯽,pʰ,oʊ,2
䯾,tʰ,jɑʊ,2
䯿,ts,u,2
䰀,,uɔ,3
䰁,f,ei,4
䰂,tsʰ,ai,4
䰃,pʰ,ɤŋ,2
䰄,s,ai,1
䰅,,,
䰆,ʐ,oʊ,2
䰇,tɕʰ,i,2
䰈,tsʰ,uɔ,2
䰉,pʰ,an,2
䰊,p,uɔ,2
䰋,m,an,2
䰌,ts,ʊŋ,3
䰍,tsʰ,i,4
䰎,kʰ,,4
䰏,tɕ,i,4
䰐,l,an,2
䰑,,,
䰒,m,ɤŋ,2
䰓,m,jɛn,2
䰔,pʰ,an,2
䰕,l,u,2
䰖,ts,wan,3
䰗,tɕ,,1
䰘,l,,2
䰙,,i,3
䰚,,,2
䰛,l,i,4
䰜,l,i,4
䰝,ts,ɤŋ,4
䰞,ʈʂ,u,3
䰟,x,,2
䰠,ʂ,ən,2
䰡,ʈʂʰ,i,4
䰢,ɕ,iŋ,4
䰣,,wɑŋ,3
䰤,t,ʊŋ,1
䰥,x,uɔ,4
䰦,pʰ,i,3
䰧,x,u,1
䰨,m,ei,4
䰩,ʈʂʰ,ɤ,3
䰪,m,ei,4
䰫,ʈʂʰ,ɑʊ,1
䰬,tɕ,y,2
䰭,n,oʊ,4
䰮,,,
䰯,,i,4
䰰,ʐ,u,2
䰱,l,iŋ,2
䰲,,ja,4
䰳,,,
䰴,tɕʰ,i,4
䰵,ts,i,1
䰶,,,
䰷,p,ɑŋ,4
䰸,k,ʊŋ,1
䰹,ts,ɤ,2
䰺,tɕ,je,4
䰻,,y,2
䰼,tɕʰ,in,2
䰽,p,ei,4
䰾,p,a,1
䰿,tʰ,uɔ,2
䱀,,jɑŋ,1
䱁,tɕʰ,jɑʊ,2
䱂,,,3
䱃,ʈʂ,i,4
䱄,tɕ,je,4
䱅,m,uɔ,4
䱆,ʂ,ɤŋ,2
䱇,ʂ,an,4
䱈,tɕʰ,i,2
䱉,ʂ,an,4
䱊,m,i,3
䱋,k,ʊŋ,3
䱌,,i,2
䱍,k,ɤŋ,4
䱎,k,ɤŋ,4
䱏,tʰ,oʊ,3
䱐,f,u,1
䱑,ɕ,yɛ,2
䱒,,je,4
䱓,tʰ,iŋ,2
䱔,tʰ,jɑʊ,2
䱕,m,oʊ,2
䱖,l,,2
䱗,tsʰ,an,1
䱘,l,i,2
䱙,ʂ,u,1
䱚,l,u,4
䱛,x,uɔ,4
䱜,tsʰ,uɔ,4
䱝,pʰ,ai,2
䱞,l,,2
䱟,tɕ,y,4
䱠,ʈʂ,an,4
䱡,tɕ,y,2
䱢,ʈʂ,ɤŋ,1
䱣,ts,u,2
䱤,ɕ,jɛn,4
䱥,ʈʂ,i,4
䱦,,,
䱧,,,
䱨,l,a,4
䱩,,,
䱪,,,
䱫,l,a,4
䱬,ɕ,y,1
䱭,k,ɤŋ,4
䱮,,ɤ,2
䱯,m,u,2
䱰,ʈʂ,ʊŋ,4
䱱,tʰ,i,2
䱲,,yan,2
䱳,ʈʂ,an,1
䱴,k,ɤŋ,4
䱵,,,1
䱶,l,ɑŋ,2
䱷,,y,2
䱸,s,oʊ,1
䱹,ʈʂ,a,3
䱺,x,ai,2
䱻,x,wa,2
䱼,ʈʂ,an,3
䱽,ʈʂʰ,ɑŋ,1
䱾,l,oʊ,2
䱿,ʈʂʰ,an,4
䲀,ʈʂ,i,4
䲁,,,4
䲂,ɕ,yan,2
䲃,ts,ɑʊ,3
䲄,m,in,2
䲅,k,,1
䲆,s,u,1
䲇,,,
䲈,,,
䲉,s,i,1
䲊,t,uɔ,4
䲋,tsʰ,ən,2
䲌,kʰ,wan,3
䲍,tʰ,ɤŋ,2
䲎,n,ei,3
䲏,l,ɑʊ,2
䲐,l,u,3
䲑,,i,2
䲒,ɕ,je,4
䲓,,jɛn,3
䲔,tɕʰ,iŋ,2
䲕,pʰ,u,1
䲖,ʈʂʰ,oʊ,2
䲗,ɕ,jɛn,2
䲘,k,wan,3
䲙,tɕ,je,2
䲚,l,ai,4
䲛,m,ɤŋ,2
䲜,,je,4
䲝,,,
䲞,l,i,4
䲟,,in,4
䲠,ʈʂʰ,,1
䲡,tɕʰ,,1
䲢,tʰ,ɤŋ,2
䲣,,y,2
䲤,,,
䲥,,,
䲦,t,ai,4
䲧,t,u,4
䲨,x,ʊŋ,2
䲩,,,
䲪,ɕ,i,4
䲫,,,
䲬,tɕʰ,i,2
䲭,,,
䲮,,yan,2
䲯,tɕ,i,2
䲰,,yn,4
䲱,f,ɑŋ,3
䲲,k,ʊŋ,1
䲳,x,ɑŋ,2
䲴,ʈʂ,ən,4
䲵,tɕʰ,yɛ,4
䲶,,,
䲷,,,
䲸,tɕ,je,4
䲹,pʰ,i,2
䲺,k,an,4
䲻,ɕ,yan,2
䲼,ʂ,ɤŋ,1
䲽,ʂ,i,2
䲾,tɕʰ,jɑʊ,3
䲿,tsʰ,i,2
䳀,t,je,2
䳁,p,uɔ,2
䳂,t,jɑʊ,1
䳃,,wan,3
䳄,tsʰ,i,2
䳅,ʈʂ,i,3
䳆,p,ai,2
䳇,,u,3
䳈,p,ɑʊ,3
䳉,t,ʊŋ,1
䳊,p,a,2
䳋,tʰ,ʊŋ,2
䳌,,,
䳍,k,ʊŋ,1
䳎,tɕ,,4
䳏,k,,4
䳐,tsʰ,i,4
䳑,,,3
䳒,,yan,2
䳓,l,ɑʊ,3
䳔,tɕ,y,2
䳕,f,u,2
䳖,n,je,4
䳗,,ɤ,2
䳘,,ɤ,2
䳙,ɕ,iŋ,3
䳚,kʰ,an,4
䳛,,jɛn,4
䳜,tʰ,u,2
䳝,pʰ,oʊ,3
䳞,p,ɤŋ,3
䳟,m,iŋ,2
䳠,ʂ,,4
䳡,,jɛn,4
䳢,tɕʰ,i,2
䳣,,yan,2
䳤,p,je,1
䳥,,,
䳦,ɕ,yan,1
䳧,x,oʊ,2
䳨,x,wɑŋ,2
䳩,,jɑʊ,1
䳪,tɕ,yan,4
䳫,kʰ,,2
䳬,,ɤ,4
䳭,tɕ,i,2
䳮,m,uɔ,4
䳯,ʈʂʰ,ʊŋ,2
䳰,p,ɑʊ,3
䳱,,u,4
䳲,ʈʂ,ən,4
䳳,ɕ,y,4
䳴,tʰ,a,4
䳵,ʈʂʰ,i,4
䳶,ɕ,i,1
䳷,tsʰ,ʊŋ,2
䳸,m,a,2
䳹,kʰ,oʊ,4
䳺,,jɛn,4
䳻,tsʰ,an,2
䳼,,,
䳽,x,ɤ,4
䳾,t,ɤŋ,1
䳿,ʐ,an,2
䴀,tʰ,ʊŋ,2
䴁,,y,4
䴂,ɕ,jɑŋ,4
䴃,n,ɑʊ,2
䴄,ʂ,,4
䴅,f,ən,2
䴆,pʰ,u,2
䴇,l,iŋ,2
䴈,,ɑʊ,3
䴉,x,wan,2
䴊,,i,2
䴋,x,wan,2
䴌,m,ɤŋ,2
䴍,,iŋ,1
䴎,l,ei,3
䴏,,jɛn,4
䴐,p,ɑʊ,3
䴑,t,je,2
䴒,l,iŋ,2
䴓,ʂ,i,1
䴔,tɕ,jɑʊ,1
䴕,l,je,4
䴖,tɕ,iŋ,1
䴗,tɕ,y,2
䴘,tʰ,i,1
䴙,pʰ,i,4
䴚,k,ɑŋ,3
䴛,ɕ,jɑʊ,1
䴜,,wai,1
䴝,ʈʂʰ,wai,4
䴞,t,i,2
䴟,x,wan,2
䴠,,jɑʊ,3
䴡,l,i,4
䴢,m,i,2
䴣,x,u,1
䴤,ʂ,ɤŋ,1
䴥,tɕ,ja,1
䴦,,in,2
䴧,,,1
䴨,,,
䴩,pʰ,jɑʊ,2
䴪,l,u,4
䴫,l,iŋ,2
䴬,,i,4
䴭,tsʰ,ai,2
䴮,ʂ,an,4
䴯,x,u,1
䴰,ʂ,u,2
䴱,tʰ,uɔ,1
䴲,m,uɔ,4
䴳,x,wa,2
䴴,tʰ,je,4
䴵,p,iŋ,3
䴶,pʰ,ɤŋ,2
䴷,x,,2
䴸,f,u,1
䴹,k,uɔ,3
䴺,p,u,4
䴻,l,i,2
䴼,ʈʂʰ,an,4
䴽,pʰ,i,2
䴾,tsʰ,uɔ,2
䴿,m,ɤŋ,2
䵀,s,uɔ,3
䵁,tɕʰ,jɑŋ,4
䵂,ʈʂ,i,2
䵃,kʰ,wɑŋ,4
䵄,p,i,2
䵅,,ɑʊ,2
䵆,m,ɤŋ,2
䵇,ɕ,jɛn,4
䵈,kʰ,u,4
䵉,tʰ,oʊ,2
䵊,tʰ,wan,1
䵋,,,3
䵌,ɕ,jɛn,1
䵍,,,
䵎,tʰ,wan,1
䵏,l,ɑʊ,3
䵐,ʈʂʰ,an,3
䵑,n,i,4
䵒,n,i,4
䵓,l,i,2
䵔,t,ʊŋ,3
䵕,tɕ,y,4
䵖,tɕʰ,jɛn,4
䵗,p,uɔ,2
䵘,ʂ,ai,4
䵙,ʈʂ,a,1
䵚,tʰ,ɑʊ,3
䵛,tɕʰ,jɛn,4
䵜,n,ʊŋ,3
䵝,,i,4
䵞,tɕ,iŋ,4
䵟,k,an,3
䵠,t,i,2
䵡,tɕ,jɛn,3
䵢,m,ei,4
䵣,t,a,2
䵤,tɕ,jɛn,3
䵥,,y,4
䵦,ɕ,je,4
䵧,ts,ai,4
䵨,m,ɑŋ,2
䵩,l,i,2
䵪,k,,4
䵫,ɕ,yn,1
䵬,tʰ,a,4
䵭,ʈʂ,ɤ,4
䵮,,jɑŋ,4
䵯,tʰ,wan,3
䵰,ʂ,ɑŋ,1
䵱,ɕ,i,4
䵲,tɕʰ,jɑʊ,1
䵳,,,4
䵴,,iŋ,4
䵵,ʈʂʰ,wa,1
䵶,tɕʰ,y,2
䵷,,wa,1
䵸,,,
䵹,ʈʂ,i,1
䵺,tʰ,iŋ,3
䵻,x,,4
䵼,ʂ,ɑŋ,1
䵽,tsʰ,a,4
䵾,f,u,2
䵿,tʰ,je,4
䶀,tʰ,a,4
䶁,tʰ,a,4
䶂,ʈʂ,uɔ,2
䶃,x,an,2
䶄,pʰ,iŋ,2
䶅,x,ɤ,2
䶆,ʈʂ,,1
䶇,ʈʂ,oʊ,4
䶈,p,uɔ,2
䶉,l,,2
䶊,n,y,4
䶋,ɕ,i,1
䶌,pʰ,ɑʊ,4
䶍,t,i,4
䶎,x,ɤ,1
䶏,tʰ,i,4
䶐,,wai,4
䶑,tʰ,i,4
䶒,tɕʰ,i,2
䶓,tɕ,i,4
䶔,ʈʂʰ,i,2
䶕,p,a,4
䶖,tɕ,in,4
䶗,kʰ,ɤ,4
䶘,l,i,4
䶙,tɕ,y,4
䶚,tɕʰ,y,3
䶛,l,a,4
䶜,k,u,3
䶝,tɕʰ,ja,4
䶞,tɕʰ,i,2
䶟,ɕ,jɛn,4
䶠,tɕ,jɛn,3
䶡,ʂ,i,2
䶢,tɕ,jɛn,1
䶣,,ai,2
䶤,x,wa,2
䶥,ʈʂ,a,1
䶦,ts,ɤ,2
䶧,,jɑʊ,3
䶨,ʈʂ,an,1
䶩,tɕ,i,4
䶪,ʈʂʰ,a,4
䶫,,jɛn,4
䶬,tɕ,jɛn,1
䶭,,,
䶮,,jɛn,3
䶯,,,
䶰,tɕ,jɑʊ,1
䶱,tʰ,ʊŋ,2
䶲,n,an,2
䶳,,yɛ,4
䶴,,,
䶵,ʈʂʰ,i,2
䶶,,,
䶷,,,
䶸,,jɑʊ,1
䶹,,,
䶺,,,
䶻,,,
䶼,,,
䶽,,,
䶾,,,
䶿,,,
