codepoint,char,middle_chinese,initial,final,tone,old_initial,old_nucleus,old_coda
19968,一,ɦəŋ³³,ɦ,əŋ,³³,ql,i,ɡ
19969,丁,teŋ³³,t,eŋ,³³,rt,e,̠ŋ
19970,丂,kʰɑu³⁵,kʰ,ɑu,³⁵,kh,u,̠ʔ
19971,七,tsʰit³̲³̲,tsʰ,it̲̲,³,sn̥,i,d
19972,丄,dʑjaŋ³⁵,dʑj,aŋ,³⁵,dj,a,ŋʔ
19973,丅,ɦɰæ³⁵,ɦɰæ,,³⁵,ɡr,a,̠ʔ
19974,丆,ʑʷiᴇn³¹,ʑʷ,iᴇn,³¹,,,
19975,万,mʷjɤn³¹,mʷj,ɤn,³¹,m,ɯ,̠ɡ
19976,丈,ɖjaŋ³⁵,ɖj,aŋ,³⁵,d,a,ŋʔ
19977,三,sɑm³³,s,ɑm,³³,sl,o,̠ms
19978,上,dʑjaŋ³⁵,dʑj,aŋ,³⁵,dj,a,ŋʔ
19979,下,ɦɰæ³¹,ɦɰæ,,³¹,ɡr,a,̠s
19980,丌,kɨ³³,k,ɨ,³³,k,ɯ,
19981,不,pjʊ³³,pj,ʊ,³³,p,ɯ,ʔ
19982,与,jɤ³⁵,j,ɤ,³⁵,ɢl,a,ʔ
19983,丏,miᴇn³⁵,m,iᴇn,³⁵,m,e,̠nʔ
19984,丐,kɑi³¹,k,ɑi,³¹,k,a,̠ds
19985,丑,tɕʰɨu³⁵,tɕʰ,ɨu,³⁵,m̥‧l,u,ʔ
19986,丒,,,,,,,
19987,专,tɕʷiᴇn³³,tɕʷ,iᴇn,³³,,,
19988,且,tsʰjæ³⁵,tsʰjæ,,³⁵,sk,a,
19989,丕,pɰi³³,pɰ,i,³³,phr,ɯ,
19990,世,ɕiᴇi³¹,ɕ,iᴇi,³¹,qhlj,e,bs
19991,丗,ɕiᴇi³¹,ɕ,iᴇi,³¹,,,
19992,丘,kʰɨu³³,kʰ,ɨu,³³,kh,ɯ,
19993,丙,pɰjæŋ³⁵,pɰjæŋ,,³⁵,pkr,a,ŋʔ
19994,业,ŋjap³̲³̲,ŋj,ap̲̲,³,,,
19995,丛,dzuŋ³³,dz,uŋ,³³,,,
19996,东,tuŋ³³,t,uŋ,³³,,,
19997,丝,sɨ³³,s,ɨ,³³,,,
19998,丞,dʑɨŋ³¹,dʑ,ɨŋ,³¹,ɡj,ɯ,ŋ
19999,丟,,,,,,,
20000,丠,pʷɑ³¹,pʷ,ɑ,³¹,kh,ɯ,
20001,両,,,,,,,
20002,丢,,,,,,,
20003,丣,jɨu³⁵,j,ɨu,³⁵,ɢl,u,ʔ
20004,两,ljaŋ³⁵,lj,aŋ,³⁵,,,
20005,严,ŋjam³³,ŋj,am,³³,,,
20006,並,bʷɑn³⁵,bʷ,ɑn,³⁵,b,e,̠ŋʔ
20007,丧,sɑŋ³¹,s,ɑŋ,³¹,,,
20008,丨,dziᴇŋ³⁵,dz,iᴇŋ,³⁵,k,u,̠nʔ
20009,丩,kʰju³³,kʰj,u,³³,kr,ɯ,w
20010,个,ȵɰæm³³,ȵɰæm,,³³,k,a,̠ls
20011,丫,ʔɰæ³³,ʔɰæ,,³³,,,
20012,丬,,,,,,,
20013,中,ʈjuŋ³¹,ʈj,uŋ,³¹,k‧l,u,ŋs
20014,丮,kɰjæk³̲³̲,kɰjæk̲̲,,³,kr,a,ɡ
20015,丯,kɰɛi³¹,kɰ,ɛi,³¹,kr,e,̠ds
20016,丰,pʰjʊŋ³³,pʰj,ʊŋ,³³,ph,o,ŋ
20017,丱,kʷɰæn³¹,kʷɰæn,,³¹,kr,o,̠ns
20018,串,ʔɨk³̲³̲,ʔ,ɨk̲̲,³,kr,o,̠ns
20019,丳,tʂʰɰɛn³⁵,tʂʰɰ,ɛn,³⁵,,,
20020,临,lim³³,l,im,³³,,,
20021,丵,dʐɰɔk³̲³̲,dʐɰɔk̲̲,,³,zr,o,̠wɡ
20022,丶,ʈjʊ³⁵,ʈj,ʊ,³⁵,t,o,ʔ
20023,丷,ŋɑt³̲³̲,ŋ,ɑt̲̲,³,,,
20024,丸,ɦʷɑn³¹,ɦʷ,ɑn,³¹,ɡl,o,̠n
20025,丹,tɑn³³,t,ɑn,³³,t,a,̠n
20026,为,ɦʲʷiᴇ³¹,ɦʲʷ,iᴇ,³¹,,,
20027,主,tɕjʊ³¹,tɕj,ʊ,³¹,tj,o,ʔ
20028,丼,tsiᴇŋ³⁵,ts,iᴇŋ,³⁵,sk,e,ŋʔ
20029,丽,lei³¹,l,ei,³¹,b,ə,r
20030,举,kjɤ³⁵,kj,ɤ,³⁵,,,
20031,丿,dziᴇŋ³⁵,dz,iᴇŋ,³⁵,phl,e,̠d
20032,乀,pjut³̲³̲,pj,ut̲̲,³,ph,ɯ,d
20033,乁,,,,,,,
20034,乂,ŋjai³¹,ŋj,ai,³¹,ŋ,a,ds
20035,乃,nəi³¹,n,əi,³¹,n,ɯ,̠ʔ
20036,乄,,,,,,,
20037,久,kɨu³¹,k,ɨu,³¹,kʷl,ɯ,ʔ
20038,乆,kɨu³⁵,k,ɨu,³⁵,,,
20039,乇,ʈɰæk³̲³̲,ʈɰæk̲̲,,³,k‧r,a,̠ɡ
20040,么,mʷɑ³⁵,mʷ,ɑ,³⁵,,,
20041,义,ŋɰiᴇ³¹,ŋɰ,iᴇ,³¹,,,
20042,乊,,,,,,,
20043,之,tɕɨ³³,tɕ,ɨ,³³,klj,ɯ,
20044,乌,ʔu̯o³³,ʔ,u̯o,³³,,,
20045,乍,dzu̯o³¹,dz,u̯o,³¹,zr,a,̠ɡs
20046,乎,ɦu̯o³³,ɦ,u̯o,³³,ɡ,a,̠
20047,乏,bjap³̲³̲,bj,ap̲̲,³,b,o,b
20048,乐,ŋɰɔk³̲³̲,ŋɰɔk̲̲,,³,,,
20049,乑,ŋɰim³³,ŋɰ,im,³³,,,
20050,乒,,,,,,,
20051,乓,,,,,,,
20052,乔,ɡɰiᴇu³³,ɡɰ,iᴇu,³³,,,
20053,乕,,,,,,,
20054,乖,kʷɰɛi³³,kʷɰ,ɛi,³³,kʷr,ɯ,̠l
20055,乗,ʑɨŋ³³,ʑ,ɨŋ,³³,,,
20056,乘,ʑɨŋ³³,ʑ,ɨŋ,³³,ɢlj,ɯ,ŋ
20057,乙,ʔɨt³̲³̲,ʔ,ɨt̲̲,³,qr,i,ɡ
20058,乚,dziᴇŋ³⁵,dz,iᴇŋ,³⁵,qr,i,ɡ
20059,乛,ɡjɤ³⁵,ɡj,ɤ,³⁵,,,
20060,乜,mjæ³⁵,mjæ,,³⁵,m,a,ʔ
20061,九,kɨu³⁵,k,ɨu,³⁵,k,u,ʔ
20062,乞,kʰɨi³¹,kʰ,ɨi,³¹,kh,ɯ,ds
20063,也,jiᴇ³⁵,j,iᴇ,³⁵,l,a,lʔ
20064,习,zip³̲³̲,z,ip̲̲,³,,,
20065,乡,,,,,,,
20066,乢,,,,,,,
20067,乣,,,,,,,
20068,乤,,,,,,,
20069,乥,,,,,,,
20070,书,ɕjɤ³³,ɕj,ɤ,³³,,,
20071,乧,,,,,,,
20072,乨,ɕɨ³⁵,ɕ,ɨ,³⁵,,,
20073,乩,kei³³,k,ei,³³,,,
20074,乪,,,,,,,
20075,乫,,,,,,,
20076,乬,,,,,,,
20077,乭,,,,,,,
20078,乮,,,,,,,
20079,乯,,,,,,,
20080,买,mɰɛ³⁵,mɰ,ɛ,³⁵,,,
20081,乱,lʷɑn³¹,lʷ,ɑn,³¹,,,
20082,乲,,,,,,,
20083,乳,ȵjʊ³¹,ȵj,ʊ,³¹,nj,o,ʔ
20084,乴,zʷiᴇt³̲³̲,zʷ,iᴇt̲̲,³,,,
20085,乵,,,,,,,
20086,乶,,,,,,,
20087,乷,,,,,,,
20088,乸,,,,,,,
20089,乹,,,,,,,
20090,乺,,,,,,,
20091,乻,,,,,,,
20092,乼,,,,,,,
20093,乽,,,,,,,
20094,乾,kɑn³³,k,ɑn,³³,ɡr,a,n
20095,乿,ɖɨ³³,ɖ,ɨ,³³,,,
20096,亀,,,,,,,
20097,亁,,,,,,,
20098,亂,lʷɑn³¹,lʷ,ɑn,³¹,ɡ,ə,r
20099,亃,,,,,,,
20100,亄,ʔɰit³̲³̲,ʔɰ,it̲̲,³,qr,i,ɡ
20101,亅,ʈʰiᴇt³̲³̲,ʈʰ,iᴇt̲̲,³,ɡ,o,d
20102,了,leu³⁵,l,eu,³⁵,r,e,̠wʔ
20103,亇,,,,,,,
20104,予,jɤ³⁵,j,ɤ,³⁵,ɢl,a,ʔ
20105,争,tʂɰɛŋ³³,tʂɰ,ɛŋ,³³,sr,e,̠ŋ
20106,亊,,,,,,,
20107,事,tʂɨ³¹,tʂ,ɨ,³¹,skr,ɯ,s
20108,二,ȵi³¹,ȵ,i,³¹,nj,i,s
20109,亍,ʈʰjʊk³̲³̲,ʈʰj,ʊk̲̲,³,th,o,ɡ
20110,于,ɦʲjʊ³³,ɦʲj,ʊ,³³,ɢʷ,a,
20111,亏,kʰʷɰiᴇ³³,kʰʷɰ,iᴇ,³³,ɢʷ,a,
20112,亐,ɦʲjʊ³³,ɦʲj,ʊ,³³,,,
20113,云,ɦʲjun³³,ɦʲj,un,³³,ɢʷ,ɯ,n
20114,互,ɦu̯o³¹,ɦ,u̯o,³¹,ɡ,a,̠s
20115,亓,ɡɨ³³,ɡ,ɨ,³³,ɡ,ɯ,
20116,五,ŋu̯o³⁵,ŋ,u̯o,³⁵,s,ə,ŋ
20117,井,tsiᴇŋ³⁵,ts,iᴇŋ,³⁵,sk,e,ŋʔ
20118,亖,si³¹,s,i,³¹,l̥j,i,ds
20119,亗,,,,,,,
20120,亘,kəŋ³¹,k,əŋ,³¹,k,ɯ,̠ŋs
20121,亙,kəŋ³¹,k,əŋ,³¹,k,ɯ,̠ŋs
20122,亚,ʔɰæ³¹,ʔɰæ,,³¹,,,
20123,些,sei³¹,s,ei,³¹,sl,a,̠ls
20124,亜,,,,,,,
20125,亝,dzei³³,dz,ei,³³,z,i,̠l
20126,亞,ʔɰæ³³,ʔɰæ,,³³,qr,a,̠ɡs
20127,亟,kʰɨ³¹,kʰ,ɨ,³¹,kh,ɯ,ɡs
20128,亠,,,,,,,
20129,亡,mʷjaŋ³³,mʷj,aŋ,³³,m,a,ŋ
20130,亢,kʰɰæŋ³³,kʰɰæŋ,,³³,kh,a,̠ŋs
20131,亣,,,,,th,a,̠d
20132,交,kɰæu³³,kɰæ,u,³³,kr,e,̠w
20133,亥,,,,,ɡ,ɯ,̠ʔ
20134,亦,jiᴇk³̲³̲,j,iᴇk̲̲,³,l,a,ɡ
20135,产,ʂɰɛn³⁵,ʂɰ,ɛn,³⁵,,,
20136,亨,hjaŋ³⁵,hj,aŋ,³⁵,qh,a,ŋʔ
20137,亩,,,,,,,
20138,亪,,,,,,,
20139,享,hɰæŋ³³,hɰæŋ,,³³,qh,a,ŋʔ
20140,京,kɰjæŋ³³,kɰjæŋ,,³³,kr,a,ŋ
20141,亭,deŋ³³,d,eŋ,³³,d,e,̠ŋ
20142,亮,ljaŋ³¹,lj,aŋ,³¹,ɡ,ə,r
20143,亯,hɰæŋ³³,hɰæŋ,,³³,qh,a,ŋʔ
20144,亰,,,,,,,
20145,亱,,,,,,,
20146,亲,tsʰin³¹,tsʰ,in,³¹,,,
20147,亳,bɑk³̲³̲,b,ɑk̲̲,³,bɡl,a,̠ɡ
20148,亴,,,,,,,
20149,亵,,,,,,,
20150,亶,,,,,t,a,̠nʔ
20151,亷,,,,,,,
20152,亸,tɑ³⁵,t,ɑ,³⁵,,,
20153,亹,mʷɨi³⁵,mʷ,ɨi,³⁵,m,ɯ,̠n
20154,人,ȵɰæm³³,ȵɰæm,,³³,nj,i,n
20155,亻,ʔɨk³̲³̲,ʔ,ɨk̲̲,³,,,
20156,亼,zip³̲³̲,z,ip̲̲,³,z,u,b
20157,亽,,,,,,,
20158,亾,,,,,,,
20159,亿,ʔɨk³̲³̲,ʔ,ɨk̲̲,³,,,
20160,什,dʑip³̲³̲,dʑ,ip̲̲,³,ɡj,u,b
20161,仁,ȵin³³,ȵ,in,³³,nj,i,n
20162,仂,lɨk³̲³̲,l,ɨk̲̲,³,r,ɯ,ɡ
20163,仃,teŋ³⁵,t,eŋ,³⁵,,,
20164,仄,tʂɨk³̲³̲,tʂ,ɨk̲̲,³,sr,ɯ,ɡ
20165,仅,ɡɰin³¹,ɡɰ,in,³¹,,,
20166,仆,pʰu³¹,pʰ,u,³¹,ph,u,s
20167,仇,kjʊ³³,kj,ʊ,³³,ɡ,u,
20168,仈,,,,,,,
20169,仉,tɕjaŋ³⁵,tɕj,aŋ,³⁵,tj,a,ŋʔ
20170,今,kɰim³³,kɰ,im,³³,kr,ɯ,m
20171,介,kɰɛi³¹,kɰ,ɛi,³¹,kr,e,̠ds
20172,仌,pɨŋ³³,p,ɨŋ,³³,pr,ɯ,ŋ
20173,仍,ȵɨŋ³³,ȵ,ɨŋ,³³,nj,ɯ,ŋ
20174,从,dzjʊŋ³³,dzj,ʊŋ,³³,z,o,ŋ
20175,仏,,,,,,,
20176,仐,,,,,,,
20177,仑,,,,,,,
20178,仒,,,,,,,
20179,仓,tsʰɑŋ³³,tsʰ,ɑŋ,³³,,,
20180,仔,tsɨ³⁵,ts,ɨ,³⁵,sk,ɯ,ʔ
20181,仕,dʑɨ³⁵,dʑ,ɨ,³⁵,zr,ɯ,ʔ
20182,他,dɑ³¹,d,ɑ,³¹,l̥,a,̠l
20183,仗,ɖjaŋ³¹,ɖj,aŋ,³¹,d,a,ŋʔ
20184,付,pjʊ³¹,pj,ʊ,³¹,p,o,s
20185,仙,siᴇn³⁵,s,iᴇn,³⁵,sl,e,n
20186,仚,hɰiᴇn³³,hɰ,iᴇn,³³,qhr,e,n
20187,仛,ʈɰæk³̲³̲,ʈɰæk̲̲,,³,ɡ‧l,a,̠ɡ
20188,仜,ɦuŋ³³,ɦ,uŋ,³³,ɡ,o,̠ŋ
20189,仝,duŋ³³,d,uŋ,³³,sɡ,o,n
20190,仞,ȵin³¹,ȵ,in,³¹,nj,ɯ,ns
20191,仟,tsʰen³³,tsʰ,en,³³,sn̥,i,̠n
20192,仠,ɦɑn³¹,ɦ,ɑn,³¹,,,
20193,仡,ŋɨt³̲³̲,ŋ,ɨt̲̲,³,qh,ɯ,d
20194,仢,ʑjak³̲³̲,ʑj,ak̲̲,³,blj,e,wɡ
20195,代,dəi³¹,d,əi,³¹,l,ɯ,̠ɡs
20196,令,liᴇŋ³¹,l,iᴇŋ,³¹,ɡ,ə,r
20197,以,jɨ³⁵,j,ɨ,³⁵,ɢl,ɯ,ʔ
20198,仦,,,,,,,
20199,仧,ʈjaŋ³⁵,ʈj,aŋ,³⁵,,,
20200,仨,,,,,,,
20201,仩,,,,,,,
20202,仪,ŋɰiᴇ³³,ŋɰ,iᴇ,³³,,,
20203,仫,,,,,,,
20204,们,,,,,,,
20205,仭,,,,,,,
20206,仮,pʷjɤn³⁵,pʷj,ɤn,³⁵,p,a,nʔ
20207,仯,tʂʰɰæu³¹,tʂʰɰæ,u,³¹,,,
20208,仰,ŋjaŋ³⁵,ŋj,aŋ,³⁵,ŋ,a,ŋs
20209,仱,kɨŋ³³,k,ɨŋ,³³,,,
20210,仲,ɖjuŋ³¹,ɖj,uŋ,³¹,ɡ‧l,u,ŋs
20211,仳,bɰi³⁵,bɰ,i,³⁵,ph,e,ʔ
20212,仴,,,,,,,
20213,仵,ŋu̯o³¹,ŋ,u̯o,³¹,ŋ,a,̠ʔ
20214,件,ɡɰiᴇn³⁵,ɡɰ,iᴇn,³⁵,ɡr,a,nʔ
20215,价,kɰɛi³¹,kɰ,ɛi,³¹,kr,e,̠ds
20216,仸,ʔɰiᴇu³⁵,ʔɰ,iᴇu,³⁵,,,
20217,仹,pʰjʊŋ³³,pʰj,ʊŋ,³³,,,
20218,仺,tsʰɑŋ³³,tsʰ,ɑŋ,³³,,,
20219,任,ȵim³³,ȵ,im,³³,mblj,u,m
20220,仼,,,,,,,
20221,份,pʰjun³³,pʰj,un,³³,b,ɯ,ns
20222,仾,,,,,,,
20223,仿,pʰʷjaŋ³⁵,pʰʷj,aŋ,³⁵,ph,a,ŋʔ
20224,伀,tɕjʊŋ³³,tɕj,ʊŋ,³³,klj,o,ŋ
20225,企,kʰʷiᴇ³⁵,kʰʷ,iᴇ,³⁵,kh,e,s
20226,伂,pɑi³¹,p,ɑi,³¹,,,
20227,伃,jɤ³⁵,j,ɤ,³⁵,ɢl,a,
20228,伄,teu³¹,t,eu,³¹,,,
20229,伅,du̯on³⁵,d,u̯on,³⁵,,,
20230,伆,mjun³⁵,mj,un,³⁵,m,ɯ,nʔ
20231,伇,jiᴇk³̲³̲,j,iᴇk̲̲,³,ɢʷ,e,ɡ
20232,伈,tsʰim³¹,tsʰ,im,³¹,,,
20233,伉,ɦɑŋ³⁵,ɦ,ɑŋ,³⁵,kh,a,̠ŋs
20234,伊,ʔi³³,ʔ,i,³³,q,i,l
20235,伋,ɡip³̲³̲,ɡ,ip̲̲,³,kr,ɯ,b
20236,伌,ʔɰɛ³¹,ʔɰ,ɛ,³¹,,,
20237,伍,ŋu̯o³⁵,ŋ,u̯o,³⁵,s,ə,ŋ
20238,伎,tɕiᴇ³¹,tɕ,iᴇ,³¹,kj,e,s
20239,伏,bɨu³¹,b,ɨu,³¹,b,ɯ,ɡs
20240,伐,bʷjɤt³̲³̲,bʷj,ɤt̲̲,³,b,a,d
20241,休,hjʊ³⁵,hj,ʊ,³⁵,qh,u,
20242,伒,kɨn³¹,k,ɨn,³¹,,,
20243,伓,bɰi³³,bɰ,i,³³,,,
20244,伔,,,,,,,
20245,伕,,,,,,,
20246,伖,,,,,,,
20247,众,tɕjuŋ³¹,tɕj,uŋ,³¹,,,
20248,优,ʔɨu³³,ʔ,ɨu,³³,,,
20249,伙,,,,,,,
20250,会,ɦʷɑi³¹,ɦʷ,ɑi,³¹,,,
20251,伛,,,,,,,
20252,伜,,,,,,,
20253,伝,,,,,,,
20254,伞,sɑn³⁵,s,ɑn,³⁵,,,
20255,伟,ɦʲʷɨi³⁵,ɦʲʷ,ɨi,³⁵,,,
20256,传,ɖʷiᴇn³³,ɖʷ,iᴇn,³³,,,
20257,伡,,,,,,,
20258,伢,,,,,,,
20259,伣,,,,,,,
20260,伤,ɕjaŋ³³,ɕj,aŋ,³³,,,
20261,伥,,,,,,,
20262,伦,lʷin³³,lʷ,in,³³,,,
20263,伧,dʐɰæŋ³³,dʐɰæŋ,,³³,,,
20264,伨,zʷin³³,zʷ,in,³³,,,
20265,伩,,,,,,,
20266,伪,ŋʷɰiᴇ³¹,ŋʷɰ,iᴇ,³¹,,,
20267,伫,ɖjɤ³⁵,ɖj,ɤ,³⁵,,,
20268,伬,,,,,,,
20269,伭,ɦen³³,ɦ,en,³³,ɡ,i,̠n
20270,伮,nu̯o³³,n,u̯o,³³,,,
20271,伯,pɰæk³̲³̲,pɰæk̲̲,,³,pr,a,̠ɡ
20272,估,ku̯o³⁵,k,u̯o,³⁵,k,a,̠ʔ
20273,伱,ɳɨ³⁵,ɳ,ɨ,³⁵,,,
20274,伲,ɳɰiᴇ³⁵,ɳɰ,iᴇ,³⁵,,,
20275,伳,siᴇt³̲³̲,s,iᴇt̲̲,³,,,
20276,伴,bʷɑn³¹,bʷ,ɑn,³¹,b,a,̠ns
20277,伵,hʷi³¹,hʷ,i,³¹,,,
20278,伶,leŋ³¹,l,eŋ,³¹,ɡ,ə,r
20279,伷,ɖɨu³¹,ɖ,ɨu,³¹,,,
20280,伸,ɕin³³,ɕ,in,³³,l̥,i,n
20281,伹,tsʰjɤ³³,tsʰj,ɤ,³³,skh,a,
20282,伺,sɨ³¹,s,ɨ,³¹,l̥j,ɯ,s
20283,伻,pɰɛŋ³³,pɰ,ɛŋ,³³,phr,e,̠ŋ
20284,似,zɨ³⁵,z,ɨ,³⁵,sɢl,ɯ,ʔ
20285,伽,ɡjɑ³³,ɡj,ɑ,³³,ɡ,a,
20286,伾,bɰi³³,bɰ,i,³³,phr,ɯ,
20287,伿,tɕiᴇ³¹,tɕ,iᴇ,³¹,ɢ,e,s
20288,佀,zɨ³⁵,z,ɨ,³⁵,sɢl,ɯ,ʔ
20289,佁,zɨ³⁵,z,ɨ,³⁵,kh‧l,ɯ,s
20290,佂,tɕiᴇŋ³³,tɕ,iᴇŋ,³³,kj,e,ŋ
20291,佃,den³¹,d,en,³¹,l,i,̠ŋs
20292,佄,ɦɑm³³,ɦ,ɑm,³³,,,
20293,佅,mɰæi³¹,mɰæ,i,³¹,mr,a,̠ds
20294,但,dɑn³³,d,ɑn,³³,d,a,̠ns
20295,佇,ɳɰɛŋ³³,ɳɰ,ɛŋ,³³,d,a,ʔ
20296,佈,pu̯o³¹,p,u̯o,³¹,p,a,̠s
20297,佉,kʰjɑ³³,kʰj,ɑ,³³,kh,a,
20298,佊,pɰiᴇ³⁵,pɰ,iᴇ,³⁵,pr,a,ls
20299,佋,dʑiᴇu³³,dʑ,iᴇu,³³,,,
20300,佌,siᴇ³⁵,s,iᴇ,³⁵,sh,e,ʔ
20301,位,ɦʲʷi³¹,ɦʲʷ,i,³¹,ɢʷr,ɯ,bs
20302,低,tei³³,t,ei,³³,t,i,̠l
20303,住,ɖjʊ³¹,ɖj,ʊ,³¹,d,o,s
20304,佐,tsɑ³¹,ts,ɑ,³¹,s,a,̠ls
20305,佑,ɦʲɨu³¹,ɦʲ,ɨu,³¹,ɢʷ,ɯ,s
20306,佒,ʔjaŋ³³,ʔj,aŋ,³³,q,a,̠ŋ
20307,体,bu̯on³⁵,b,u̯on,³⁵,,,
20308,佔,tem³³,t,em,³³,k‧l,e,̠m
20309,何,ɦɑ³³,ɦ,ɑ,³³,ɡ,a,̠l
20310,佖,bɰit³̲³̲,bɰ,it̲̲,³,bl,i,ɡ
20311,佗,dɑ³³,d,ɑ,³³,l̥,a,̠l
20312,佘,dʑjæ³³,dʑjæ,,³³,,,
20313,余,dʑjæ³³,dʑjæ,,³³,ɢl,a,
20314,佚,jit³̲³̲,j,it̲̲,³,l,i,ɡ
20315,佛,pʰʷɨi³¹,pʰʷ,ɨi,³¹,b,ɯ,d
20316,作,tsu̯o³⁵,ts,u̯o,³⁵,s,a,̠ɡs
20317,佝,kʰu³¹,kʰ,u,³¹,qh,o,̠s
20318,佞,neŋ³³,n,eŋ,³³,n,i,̠ŋs
20319,佟,du̯oŋ³³,d,u̯oŋ,³³,,,
20320,你,ɳɰiᴇ³⁵,ɳɰ,iᴇ,³⁵,,,
20321,佡,,,,,,,
20322,佢,,,,,,,
20323,佣,jʊŋ³³,j,ʊŋ,³³,,,
20324,佤,,,,,,,
20325,佥,,,,,,,
20326,佦,,,,,,,
20327,佧,,,,,,,
20328,佨,,,,,,,
20329,佩,bu̯oi³¹,b,u̯oi,³¹,b,ɯ,̠s
20330,佪,ɦu̯oi³³,ɦ,u̯oi,³³,ɡ,u,̠l
20331,佫,kɰæk³̲³̲,kɰæk̲̲,,³,,,
20332,佬,,,,,,,
20333,佭,,,,,,,
20334,佮,kəp³̲³̲,k,əp̲̲,³,kh‧l,u,̠b
20335,佯,jaŋ³³,j,aŋ,³³,ɢl,a,ŋ
20336,佰,mɰæk³̲³̲,mɰæk̲̲,,³,mbr,a,̠ɡ
20337,佱,pjap³̲³̲,pj,ap̲̲,³,,,
20338,佲,meŋ³⁵,m,eŋ,³⁵,,,
20339,佳,kɰɛ³³,kɰ,ɛ,³³,kr,e,̠
20340,佴,nəi³¹,n,əi,³¹,m‧l,ɯ,̠s
20341,併,piᴇŋ³¹,p,iᴇŋ,³¹,b,e,̠ŋʔ
20342,佶,ɡɰit³̲³̲,ɡɰ,it̲̲,³,ɡr,i,d
20343,佷,ɦəŋ³³,ɦ,əŋ,³³,,,
20344,佸,kʷɑt³̲³̲,kʷ,ɑt̲̲,³,ɡ,o,̠d
20345,佹,kʷɰiᴇ³⁵,kʷɰ,iᴇ,³⁵,kr,o,lʔ
20346,佺,tsʰʷiᴇn³³,tsʰʷ,iᴇn,³³,skh,o,n
20347,佻,tʰeu³¹,tʰ,eu,³¹,ɡ‧l,e,̠w
20348,佼,ɦɰæu³³,ɦɰæ,u,³³,kr,e,̠wʔ
20349,佽,tsi³¹,ts,i,³¹,sh,i,s
20350,佾,jit³̲³̲,j,it̲̲,³,b,ə,l
20351,使,ʂɨ³¹,ʂ,ɨ,³¹,sqr,ɯ,ʔ
20352,侀,ɦeŋ³³,ɦ,eŋ,³³,ɡ,e,̠ŋ
20353,侁,ʂɪn³³,ʂ,ɪn,³³,sr,i,n
20354,侂,tʰɑk³̲³̲,tʰ,ɑk̲̲,³,kh‧l,a,̠ɡ
20355,侃,kʰɑn³¹,kʰ,ɑn,³¹,kh,a,̠ns
20356,侄,tɕi³¹,tɕ,i,³¹,klj,i,ɡ
20357,侅,kʰəi³³,kʰ,əi,³³,ɡr,ɯ,̠ʔ
20358,來,lɨk³̲³̲,l,ɨk̲̲,³,ɡ,ə,r
20359,侇,ji³³,j,i,³³,l,i,
20360,侈,ɕiᴇ³⁵,ɕ,iᴇ,³⁵,khlj,a,lʔ
20361,侉,ɦu̯o³³,ɦ,u̯o,³³,q,a,̠ls
20362,侊,kʷɰæŋ³³,kʷɰæŋ,,³³,kʷ,a,̠ŋ
20363,例,liᴇt³̲³̲,l,iᴇt̲̲,³,r,e,ds
20364,侌,ʔɰim³³,ʔɰ,im,³³,,,
20365,侍,dʑɨ³¹,dʑ,ɨ,³¹,ɡlj,ɯ,s
20366,侎,miᴇ³⁵,m,iᴇ,³⁵,m,e,ʔ
20367,侏,ʈɨu³³,ʈ,ɨu,³³,tj,o,
20368,侐,hʷi³¹,hʷ,i,³¹,qhʷ,i,ɡs
20369,侑,ɦu̯oi³⁵,ɦ,u̯oi,³⁵,ɢʷ,ɯ,s
20370,侒,ʔɑn³³,ʔ,ɑn,³³,q,a,̠n
20371,侓,lu̯ot³̲³̲,l,u̯ot̲̲,³,,,
20372,侔,mɨu³³,m,ɨu,³³,m,ɯ,
20373,侕,ȵɨ³³,ȵ,ɨ,³³,,,
20374,侖,lu̯on³³,l,u̯on,³³,ɡ,ə,r
20375,侗,tʰuŋ³³,tʰ,uŋ,³³,th,o,̠ŋ
20376,侘,ʈʰɰæ³¹,ʈʰɰæ,,³¹,kh‧r,a,̠
20377,侙,ʈʰɨk³̲³̲,ʈʰ,ɨk̲̲,³,kh‧l,ɯ,ɡ
20378,侚,zʷin³³,zʷ,in,³³,sɢʷ,i,ns
20379,供,kjʊŋ³³,kj,ʊŋ,³³,kl,o,ŋs
20380,侜,ʈɨu³³,ʈ,ɨu,³³,k‧l,u,
20381,依,ʔɨi³⁵,ʔ,ɨi,³⁵,q,ɯ,l
20382,侞,ȵjɤ³³,ȵj,ɤ,³³,,,
20383,侟,,,,,s,ɯ,̠ns
20384,侠,ɦep³̲³̲,ɦ,ep̲̲,³,,,
20385,価,,,,,,,
20386,侢,,,,,,,
20387,侣,ljɤ³⁵,lj,ɤ,³⁵,ɡ,ə,r
20388,侤,,,,,,,
20389,侥,keu³⁵,k,eu,³⁵,,,
20390,侦,ʈʰiᴇŋ³³,ʈʰ,iᴇŋ,³³,,,
20391,侧,tʂɨk³̲³̲,tʂ,ɨk̲̲,³,,,
20392,侨,ɡɰiᴇu³³,ɡɰ,iᴇu,³³,,,
20393,侩,,,,,,,
20394,侪,,,,,,,
20395,侫,,,,,,,
20396,侬,nu̯oŋ³³,n,u̯oŋ,³³,,,
20397,侭,,,,,,,
20398,侮,mjʊ³¹,mj,ʊ,³¹,m,ɯ,ʔ
20399,侯,ɦu³³,ɦ,u,³³,ɡ,o,̠
20400,侰,ɡʷɰin³⁵,ɡʷɰ,in,³⁵,,,
20401,侱,tʰeŋ³⁵,tʰ,eŋ,³⁵,,,
20402,侲,ʈʰin³³,ʈʰ,in,³³,plj,ɯ,n
20403,侳,dzʷɑ³⁵,dzʷ,ɑ,³⁵,s,o,l
20404,侴,,,,,,,
20405,侵,tsʰim³³,tsʰ,im,³³,skh,i,m
20406,侶,ljɤ³⁵,lj,ɤ,³⁵,,,
20407,侷,ɡjʊk³̲³̲,ɡj,ʊk̲̲,³,,,
20408,侸,dʑjʊ³⁵,dʑj,ʊ,³⁵,k‧l,o,̠
20409,侹,tʰeŋ³⁵,tʰ,eŋ,³⁵,kh‧l,e,̠ŋs
20410,侺,dʑim³¹,dʑ,im,³¹,,,
20411,侻,tʰʷɑt³̲³̲,tʰʷ,ɑt̲̲,³,kh‧l,o,̠d
20412,侼,bu̯ot³̲³̲,b,u̯ot̲̲,³,,,
20413,侽,,,,,,,
20414,侾,hɰæu³³,hɰæ,u,³³,,,
20415,便,biᴇn³³,b,iᴇn,³³,b,e,ns
20416,俀,tʰu̯oi³⁵,tʰ,u̯oi,³⁵,n̥,u,̠lʔ
20417,俁,ŋjʊ³⁵,ŋj,ʊ,³⁵,,,
20418,係,ɦei³¹,ɦ,ei,³¹,k,e,̠ɡs
20419,促,tsʰjʊk³̲³̲,tsʰj,ʊk̲̲,³,sh,o,ɡ
20420,俄,ŋɑ³³,ŋ,ɑ,³³,ŋ,a,̠l
20421,俅,ɡɨu³³,ɡ,ɨu,³³,ɡ,u,
20422,俆,zjɤ³³,zj,ɤ,³³,sɢl,a,
20423,俇,ɡʷjaŋ³³,ɡʷj,aŋ,³³,ɡʷ,a,ŋʔ
20424,俈,kʰu̯ok³̲³̲,kʰ,u̯ok̲̲,³,kh,u,̠ɡ
20425,俉,ŋu̯o³³,ŋ,u̯o,³³,ŋ,a,̠s
20426,俊,tsʷin³¹,tsʷ,in,³¹,sk,u,ns
20427,俋,ɖit³̲³̲,ɖ,it̲̲,³,ɡ‧r,ɯ,b
20428,俌,pʰjʊ³⁵,pʰj,ʊ,³⁵,ph,a,ʔ
20429,俍,ljaŋ³³,lj,aŋ,³³,r,a,̠ŋʔ
20430,俎,tʂjɤ³¹,tʂj,ɤ,³¹,skr,a,ʔ
20431,俏,siᴇu³¹,s,iᴇu,³¹,sph,e,ws
20432,俐,,,,,,,
20433,俑,jʊŋ³⁵,j,ʊŋ,³⁵,kh‧l,o,̠ŋ
20434,俒,ɦu̯on³³,ɦ,u̯on,³³,ɡ,u,̠ns
20435,俓,ŋɰɛŋ³³,ŋɰ,ɛŋ,³³,ŋɡr,e,̠ŋ
20436,俔,kʰen³¹,kʰ,en,³¹,kh,e,̠ns
20437,俕,səm³⁵,s,əm,³⁵,,,
20438,俖,pʰəi³⁵,pʰ,əi,³⁵,ph,ɯ,̠ʔ
20439,俗,zjʊk³̲³̲,zj,ʊk̲̲,³,sɢl,o,ɡ
20440,俘,pʰjʊ³³,pʰj,ʊ,³³,ph,u,w
20441,俙,hɨi³³,h,ɨi,³³,qhl,ɯ,l
20442,俚,lɨ³¹,l,ɨ,³¹,m,ə,r
20443,俛,pjʊ³⁵,pj,ʊ,³⁵,mr,o,nʔ
20444,俜,beŋ³³,b,eŋ,³³,phl,e,ŋs
20445,保,pɑu³⁵,p,ɑu,³⁵,p,u,̠ʔ
20446,俞,jʊ³³,j,ʊ,³³,kh‧l,u,s
20447,俟,ʐɨ³⁵,ʐ,ɨ,³⁵,sɡr,ɯ,ʔ
20448,俠,kɰɛp³̲³̲,kɰ,ɛp̲̲,³,ɡ,e,̠b
20449,信,sin³¹,s,in,³¹,l̥j,i,ns
20450,俢,sɨu³³,s,ɨu,³³,,,
20451,俣,ŋjʊ³⁵,ŋj,ʊ,³⁵,ŋɡʷ,a,ʔ
20452,俤,,,,,ɡ‧l,i,̠lʔ
20453,俥,,,,,,,
20454,俦,,,,,,,
20455,俧,,,,,,,
20456,俨,ŋjam³⁵,ŋj,am,³⁵,,,
20457,俩,,,,,,,
20458,俪,lei³¹,l,ei,³¹,,,
20459,俫,,,,,,,
20460,俬,,,,,,,
20461,俭,ɡɰiᴇm³⁵,ɡɰ,iᴇm,³⁵,,,
20462,修,sɨu³³,s,ɨu,³³,skl,ɯ,w
20463,俯,pjʊ³⁵,pj,ʊ,³⁵,p,o,ʔ
20464,俰,ɦʷɑ³¹,ɦʷ,ɑ,³¹,,,
20465,俱,kjʊ³³,kj,ʊ,³³,k,o,
20466,俲,,,,,ɡr,e,̠ws
20467,俳,bɰɛi³³,bɰ,ɛi,³³,br,ɯ,̠l
20468,俴,tsiᴇn³⁵,ts,iᴇn,³⁵,z,e,nʔ
20469,俵,pɰiᴇu³¹,pɰ,iᴇu,³¹,,,
20470,俶,tʰek³̲³̲,tʰ,ek̲̲,³,khj,ɯ,wɡ
20471,俷,pʰʷɨi³⁵,pʰʷ,ɨi,³⁵,ph,ɯ,lʔ
20472,俸,pʰjʊŋ³⁵,pʰj,ʊŋ,³⁵,p,o,̠ŋʔ
20473,俹,ʔɰæ³³,ʔɰæ,,³³,,,
20474,俺,ʔjam³¹,ʔj,am,³¹,qr,o,ms
20475,俻,bɰi³¹,bɰ,i,³¹,br,ɯ,ɡs
20476,俼,,,,,,,
20477,俽,hɨn³³,h,ɨn,³³,,,
20478,俾,pei³³,p,ei,³³,p,e,ʔ
20479,俿,ŋɰiᴇi³¹,ŋɰ,iᴇi,³¹,ɡ‧l,e,
20480,倀,ʈʰjaŋ³³,ʈʰj,aŋ,³³,kh‧l,a,ŋ
20481,倁,,,,,,,
20482,倂,,,,,,,
20483,倃,ɡɨu³⁵,ɡ,ɨu,³⁵,ɡ,u,wʔ
20484,倄,ɦɰæu³³,ɦɰæ,u,³³,ɡr,a,̠w
20485,倅,tsʰu̯oi³¹,tsʰ,u̯oi,³¹,sh,u,̠ds
20486,倆,ljaŋ³⁵,lj,aŋ,³⁵,,,
20487,倇,ʔʷjɤn³⁵,ʔʷj,ɤn,³⁵,q,o,nʔ
20488,倈,lɨ³³,l,ɨ,³³,ɡ,ə,r
20489,倉,tsʰɑŋ³³,tsʰ,ɑŋ,³³,sh,a,̠ŋ
20490,倊,tsuŋ³¹,ts,uŋ,³¹,,,
20491,個,kɑ³¹,k,ɑ,³¹,k,a,̠ls
20492,倌,kʷɑn³³,kʷ,ɑn,³³,k,o,̠n
20493,倍,bu̯oi³⁵,b,u̯oi,³⁵,b,ɯ,̠ʔ
20494,倎,tʰen³⁵,tʰ,en,³⁵,,,
20495,倏,ʈʰɨu³³,ʈʰ,ɨu,³³,qhlj,ɯ,wɡ
20496,倐,ɕjuk³̲³̲,ɕj,uk̲̲,³,,,
20497,們,mən³¹,m,ən,³¹,,,
20498,倒,tɑu³¹,t,ɑu,³¹,t,a,̠wʔ
20499,倓,dɑm³⁵,d,ɑm,³⁵,ɡ‧l,a,̠ms
20500,倔,,,,,ɡl,u,d
20501,倕,dʑʷiᴇ³³,dʑʷ,iᴇ,³³,dj,o,l
20502,倖,ɦɰɛŋ³⁵,ɦɰ,ɛŋ,³⁵,ɡr,e,̠ŋʔ
20503,倗,pʰəi³⁵,pʰ,əi,³⁵,ph,ɯ,̠ŋʔ
20504,倘,tɕʰjaŋ³⁵,tɕʰj,aŋ,³⁵,kh‧l,a,̠ŋʔ
20505,候,ɦu³¹,ɦ,u,³¹,ɡ,o,̠s
20506,倚,ʔɰiᴇ³³,ʔɰ,iᴇ,³³,qr,a,lʔ
20507,倛,kʰɨ³¹,kʰ,ɨ,³¹,kh,ɯ,s
20508,倜,tʰek³̲³̲,tʰ,ek̲̲,³,kh‧l,ɯ,̠wɡ
20509,倝,kɑn³¹,k,ɑn,³¹,k,a,̠ns
20510,倞,ɡjaŋ³¹,ɡj,aŋ,³¹,ɡr,a,ŋs
20511,借,tsjæ³¹,tsjæ,,³¹,s,a,ɡs
20512,倠,hu̯oi³⁵,h,u̯oi,³⁵,qh,u,l
20513,倡,tɕʰjaŋ³³,tɕʰj,aŋ,³³,thj,a,ŋ
20514,倢,tsiᴇp³̲³̲,ts,iᴇp̲̲,³,z,e,b
20515,倣,pʷjaŋ³⁵,pʷj,aŋ,³⁵,p,a,ŋʔ
20516,値,,,,,,,
20517,倥,kʰuŋ³³,kʰ,uŋ,³³,kh,o,̠ŋ
20518,倦,ɡʷɰiᴇn³⁵,ɡʷɰ,iᴇn,³⁵,ɡr,o,ns
20519,倧,tsu̯oŋ³³,ts,u̯oŋ,³³,,,
20520,倨,kjɤ³¹,kj,ɤ,³¹,k,a,s
20521,倩,tsʰiᴇŋ³¹,tsʰ,iᴇŋ,³¹,sh,i,̠ŋs
20522,倪,ŋei³³,ŋ,ei,³³,ŋɡ,e,̠
20523,倫,lʷin³³,lʷ,in,³³,ɡ,ə,r
20524,倬,ʈʰɰɔk³̲³̲,ʈʰɰɔk̲̲,,³,k‧r,e,̠wɡ
20525,倭,ʔʷɰiᴇ³³,ʔʷɰ,iᴇ,³³,qr,o,l
20526,倮,ɦʷɰæ³⁵,ɦʷɰæ,,³⁵,ɡ,ə,r
20527,倯,sjʊŋ³³,sj,ʊŋ,³³,skl,o,ŋ
20528,倰,ləŋ³¹,l,əŋ,³¹,,,
20529,倱,ɦu̯on³⁵,ɦ,u̯on,³⁵,ɡ,u,̠nʔ
20530,倲,tuŋ³¹,t,uŋ,³¹,,,
20531,倳,tʂɨ³¹,tʂ,ɨ,³¹,skr,ɯ,s
20532,倴,,,,,,,
20533,倵,,,,,,,
20534,倶,,,,,,,
20535,倷,,,,,,,
20536,倸,,,,,,,
20537,倹,,,,,,,
20538,债,tʂɰɛ³¹,tʂɰ,ɛ,³¹,,,
20539,倻,,,,,,,
20540,值,ɖɨ³¹,ɖ,ɨ,³¹,d,ɯ,ɡ
20541,倽,,,,,,,
20542,倾,kʰʷiᴇŋ³³,kʰʷ,iᴇŋ,³³,,,
20543,倿,,,,,,,
20544,偀,,,,,,,
20545,偁,tɕʰɨŋ³¹,tɕʰ,ɨŋ,³¹,thj,ɯ,ŋ
20546,偂,,,,,,,
20547,偃,ʔjɤn³⁵,ʔj,ɤn,³⁵,q,a,nʔ
20548,偄,ȵʷiᴇn³⁵,ȵʷ,iᴇn,³⁵,n,o,̠ns
20549,偅,tɕjʊŋ³¹,tɕj,ʊŋ,³¹,,,
20550,偆,tɕʰʷin³⁵,tɕʰʷ,in,³⁵,khlj,u,nʔ
20551,假,kɰæ³¹,kɰæ,,³¹,kr,a,̠s
20552,偈,ɡʷɰiᴇt³̲³̲,ɡʷɰ,iᴇt̲̲,³,ɡr,a,ds
20553,偉,ɦʲʷɨi³¹,ɦʲʷ,ɨi,³¹,ɢʷ,ɯ,lʔ
20554,偊,ɦʲjʊ³⁵,ɦʲj,ʊ,³⁵,ɢʷ,a,ʔ
20555,偋,biᴇŋ³¹,b,iᴇŋ,³¹,b,e,ŋs
20556,偌,ȵjæ³¹,ȵjæ,,³¹,,,
20557,偍,,,,,ɡ‧l,e,̠
20558,偎,ʔu̯oi³³,ʔ,u̯oi,³³,q,u,̠l
20559,偏,pʰiᴇn³¹,pʰ,iᴇn,³¹,ph,e,n
20560,偐,ŋɰæn³¹,ŋɰæn,,³¹,,,
20561,偑,pjuŋ³³,pj,uŋ,³³,,,
20562,偒,tʰɑŋ³⁵,tʰ,ɑŋ,³⁵,,,
20563,偓,ʔɰɔk³̲³̲,ʔɰɔk̲̲,,³,qr,o,̠ɡ
20564,偔,ŋɑk³̲³̲,ŋ,ɑk̲̲,³,,,
20565,偕,kɰɛi³³,kɰ,ɛi,³³,kr,i,̠l
20566,偖,,,,,,,
20567,偗,ʂɰjæŋ³⁵,ʂɰjæŋ,,³⁵,,,
20568,偘,kʰɑn³¹,kʰ,ɑn,³¹,,,
20569,偙,tʰei³¹,tʰ,ei,³¹,,,
20570,做,,,,,,,
20571,偛,tʂip³̲³̲,tʂ,ip̲̲,³,,,
20572,停,deŋ³³,d,eŋ,³³,d,e,̠ŋ
20573,偝,bəi³³,b,əi,³³,b,ɯ,̠ɡs
20574,偞,jiᴇp³̲³̲,j,iᴇp̲̲,³,ɢl,e,b
20575,偟,ɦʷɑŋ³³,ɦʷ,ɑŋ,³³,ɡʷ,a,̠ŋ
20576,偠,jiᴇu³⁵,j,iᴇu,³⁵,q,e,̠wʔ
20577,偡,dəm³⁵,d,əm,³⁵,ɡ‧r,u,̠mʔ
20578,偢,tsʰiᴇu³¹,tsʰ,iᴇu,³¹,,,
20579,偣,,,,,,,
20580,偤,jɨu³³,j,ɨu,³³,,,
20581,健,ɡjɤn³¹,ɡj,ɤn,³¹,ɡ,a,ns
20582,偦,sjɤ³³,sj,ɤ,³³,,,
20583,偧,,,,,,,
20584,偨,tʂʰɰiᴇ³³,tʂʰɰ,iᴇ,³³,shr,e,
20585,偩,bɨu³⁵,b,ɨu,³⁵,b,ɯ,ʔ
20586,偪,pɨk³̲³̲,p,ɨk̲̲,³,pr,ɯ,ɡ
20587,偫,ɖɨ³⁵,ɖ,ɨ,³⁵,ɡ‧l,ɯ,ʔ
20588,偬,tsuŋ³¹,ts,uŋ,³¹,sk,o,̠ŋʔ
20589,偭,miᴇn³⁵,m,iᴇn,³⁵,m,e,nʔ
20590,偮,tʂip³̲³̲,tʂ,ip̲̲,³,,,
20591,偯,ɦʲɨ³⁵,ɦʲ,ɨ,³⁵,q,ɯ,lʔ
20592,偰,siᴇt³̲³̲,s,iᴇt̲̲,³,skl,e,̠d
20593,偱,,,,,,,
20594,偲,sɨ³³,s,ɨ,³³,sl,ɯ,
20595,偳,tʰʷɑn³³,tʰʷ,ɑn,³³,,,
20596,側,tʂɨk³̲³̲,tʂ,ɨk̲̲,³,skr,ɯ,ɡ
20597,偵,ʈʰiᴇŋ³¹,ʈʰ,iᴇŋ,³¹,rt,e,̠ŋs
20598,偶,ŋu³¹,ŋ,u,³¹,ŋ,o,̠s
20599,偷,tʰu³³,tʰ,u,³³,kh‧l,o,̠
20600,偸,,,,,,,
20601,偹,,,,,br,ɯ,ɡs
20602,偺,,,,,,,
20603,偻,,,,,,,
20604,偼,,,,,,,
20605,偽,ŋʷɑ³³,ŋʷ,ɑ,³³,ŋɡʷr,a,ls
20606,偾,,,,,,,
20607,偿,dʑjaŋ³³,dʑj,aŋ,³³,,,
20608,傀,ku̯oi³³,k,u̯oi,³³,k,u,̠l
20609,傁,ʂɨu³³,ʂ,ɨu,³³,sl,u,̠ʔ
20610,傂,siᴇ³³,s,iᴇ,³³,skl,e,
20611,傃,su̯o³¹,s,u̯o,³¹,sl,a,̠s
20612,傄,hɰɛt³̲³̲,hɰ,ɛt̲̲,³,,,
20613,傅,bjʊ³¹,bj,ʊ,³¹,p,a,ɡs
20614,傆,ŋʷɰæn³¹,ŋʷɰæn,,³¹,ŋɡ,o,ns
20615,傇,ȵjʊŋ³⁵,ȵj,ʊŋ,³⁵,,,
20616,傈,,,,,,,
20617,傉,nu̯ok³̲³̲,n,u̯ok̲̲,³,,,
20618,傊,bɨu³⁵,b,ɨu,³⁵,,,
20619,傋,kɰɔŋ³⁵,kɰɔŋ,,³⁵,kr,o,̠ŋʔ
20620,傌,mɰæ³¹,mɰæ,,³¹,mr,a,̠s
20621,傍,pɰæŋ³³,pɰæŋ,,³³,b,a,̠ŋ
20622,傎,ten³³,t,en,³³,k‧l,i,̠n
20623,傏,dɑŋ³³,d,ɑŋ,³³,,,
20624,傐,,,,,khr,o,̠wɡ
20625,傑,ɡjɤt³̲³̲,ɡj,ɤt̲̲,³,ɡr,a,d
20626,傒,ɦei³³,ɦ,ei,³³,ɡ,e,̠
20627,傓,ɕiᴇn³¹,ɕ,iᴇn,³¹,l̥,e,ns
20628,傔,kʰem³¹,kʰ,em,³¹,kh,e,̠ms
20629,傕,kʰɰɔk³̲³̲,kʰɰɔk̲̲,,³,kr,o,̠wɡ
20630,傖,tsʰɑŋ³³,tsʰ,ɑŋ,³³,,,
20631,傗,ʈʰjuk³̲³̲,ʈʰj,uk̲̲,³,kh‧l,u,ɡ
20632,傘,,,,,sl,a,̠nʔ
20633,備,bɰi³¹,bɰ,i,³¹,br,ɯ,ɡs
20634,傚,ɦɰæu³¹,ɦɰæ,u,³¹,ɡr,e,̠ws
20635,傛,jʊŋ³⁵,j,ʊŋ,³⁵,ɢl,o,ŋʔ
20636,傜,jiᴇu³³,j,iᴇu,³³,l,e,w
20637,傝,tʰɑp³̲³̲,tʰ,ɑp̲̲,³,,,
20638,傞,tsʰɑ³³,tsʰ,ɑ,³³,sl,a,̠l
20639,傟,ʔɰɔŋ³⁵,ʔɰɔŋ,,³⁵,,,
20640,傠,bʷjɤt³̲³̲,bʷj,ɤt̲̲,³,,,
20641,傡,,,,,,,
20642,傢,,,,,,,
20643,傣,,,,,,,
20644,傤,,,,,,,
20645,傥,,,,,,,
20646,傦,,,,,,,
20647,傧,,,,,,,
20648,储,ɖjɤ³³,ɖj,ɤ,³³,,,
20649,傩,nɑ³³,n,ɑ,³³,,,
20650,傪,ʂim³³,ʂ,im,³³,sh,u,̠m
20651,傫,lʷi³³,lʷ,i,³³,r,u,lʔ
20652,催,tsʰu̯oi³³,tsʰ,u̯oi,³³,skh,u,̠l
20653,傭,jʊŋ³³,j,ʊŋ,³³,l,o,ŋ
20654,傮,zɨu³³,z,ɨu,³³,sk,u,̠
20655,傯,tsʰuŋ³³,tsʰ,uŋ,³³,sk,o,̠ŋʔ
20656,傰,bu̯oi³⁵,b,u̯oi,³⁵,b,ɯ,̠ŋ
20657,傱,ʂɰɔŋ³⁵,ʂɰɔŋ,,³⁵,sl,o,ŋʔ
20658,傲,ŋɑu³¹,ŋ,ɑu,³¹,ŋɡ,a,̠ws
20659,傳,ɖʷiᴇn³¹,ɖʷ,iᴇn,³¹,d,o,ns
20660,傴,ʔjʊ³⁵,ʔj,ʊ,³⁵,q,o,ʔ
20661,債,tʂɰɛ³¹,tʂɰ,ɛ,³¹,sr,e,̠ɡs
20662,傶,tsuk³̲³̲,ts,uk̲̲,³,sk,u,ɡ
20663,傷,jaŋ³³,j,aŋ,³³,l̥,a,ŋ
20664,傸,tʂʰjaŋ³⁵,tʂʰj,aŋ,³⁵,shr,a,ŋʔ
20665,傹,ɡjaŋ³¹,ɡj,aŋ,³¹,k,a,ŋ
20666,傺,ʈʰiᴇi³¹,ʈʰ,iᴇi,³¹,kh‧l,e,ds
20667,傻,ʂʷɰæ³⁵,ʂʷɰæ,,³⁵,,,
20668,傼,hɑn³¹,h,ɑn,³¹,,,
20669,傽,tɕjaŋ³³,tɕj,aŋ,³³,klj,a,ŋ
20670,傾,kʰʷiᴇŋ³⁵,kʰʷ,iᴇŋ,³⁵,khʷ,e,ŋ
20671,傿,ʔɨn³¹,ʔ,ɨn,³¹,q,a,ns
20672,僀,tei³¹,t,ei,³¹,,,
20673,僁,sit³̲³̲,s,it̲̲,³,sl,i,̠d
20674,僂,lu³³,l,u,³³,ɡ,ə,r
20675,僃,,,,,br,ɯ,ɡs
20676,僄,pʰiᴇu³¹,pʰ,iᴇu,³¹,ph,e,ws
20677,僅,,,,,ɡr,ɯ,ns
20678,僆,liᴇn³³,l,iᴇn,³³,b,ə,r
20679,僇,ljuk³̲³̲,lj,uk̲̲,³,ɡ,ə,r
20680,僈,mɰæn³¹,mɰæn,,³¹,mr,o,̠ns
20681,僉,tsʰjam³¹,tsʰj,am,³¹,skh,o,m
20682,僊,siᴇn³³,s,iᴇn,³³,sl,e,n
20683,僋,tʰəm³⁵,tʰ,əm,³⁵,,,
20684,僌,jɨŋ³³,j,ɨŋ,³³,,,
20685,働,,,,,,,
20686,僎,dʐʷiᴇn³⁵,dʐʷ,iᴇn,³⁵,sk,u,n
20687,像,jaŋ³¹,j,aŋ,³¹,sɢl,a,ŋʔ
20688,僐,dʑiᴇn³⁵,dʑ,iᴇn,³⁵,dj,e,nʔ
20689,僑,ɡɰiᴇu³³,ɡɰ,iᴇu,³³,ɡr,e,w
20690,僒,kʷɰiᴇn³³,kʷɰ,iᴇn,³³,ɡr,u,nʔ
20691,僓,hʷɰɛi³³,hʷɰ,ɛi,³³,ɡ,u,̠ls
20692,僔,dzʷɑn³³,dzʷ,ɑn,³³,s,u,̠nʔ
20693,僕,pʰuk³̲³̲,pʰ,uk̲̲,³,b,u,̠ɡ
20694,僖,hɨ³³,h,ɨ,³³,qh,ɯ,
20695,僗,lɑu³¹,l,ɑu,³¹,,,
20696,僘,tɕʰjaŋ³⁵,tɕʰj,aŋ,³⁵,,,
20697,僙,kʷɰæŋ³³,kʷɰæŋ,,³³,,,
20698,僚,liᴇu³⁵,l,iᴇu,³⁵,ɡ,ə,r
20699,僛,kʰɨ³³,kʰ,ɨ,³³,kh,ɯ,
20700,僜,ʈʰɨŋ³³,ʈʰ,ɨŋ,³³,,,
20701,僝,dʐʷiᴇn³¹,dʐʷ,iᴇn,³¹,sɡʷr,e,ns
20702,僞,ŋʷɰiᴇ³¹,ŋʷɰ,iᴇ,³¹,ŋɡʷr,a,ls
20703,僟,kɨi³³,k,ɨi,³³,k,ɯ,l
20704,僠,pʷɑ³³,pʷ,ɑ,³³,ph,a,n
20705,僡,,,,,,,
20706,僢,tɕʰʷin³⁵,tɕʰʷ,in,³⁵,thj,u,nʔ
20707,僣,tʰet³̲³̲,tʰ,et̲̲,³,th,i,̠d
20708,僤,dʑiᴇn³⁵,dʑ,iᴇn,³⁵,d,a,̠ns
20709,僥,keu³⁵,k,eu,³⁵,k,e,̠wʔ
20710,僦,tsɨu³¹,ts,ɨu,³¹,s,u,ɡs
20711,僧,dzɨŋ³³,dz,ɨŋ,³³,sl,ɯ,̠ŋ
20712,僨,pjun³¹,pj,un,³¹,p,ɯ,ns
20713,僩,ɦɰæn³⁵,ɦɰæn,,³⁵,kr,e,̠nʔ
20714,僪,jʷit³̲³̲,jʷ,it̲̲,³,kʷ,i,̠d
20715,僫,ʔɑk³̲³̲,ʔ,ɑk̲̲,³,,,
20716,僬,tsiᴇu³⁵,ts,iᴇu,³⁵,sk,e,ws
20717,僭,tsʰim³³,tsʰ,im,³³,sk,ɯ,̠ms
20718,僮,duŋ³³,d,uŋ,³³,d,o,̠ŋ
20719,僯,lin³⁵,l,in,³⁵,,,
20720,僰,bɨk³̲³̲,b,ɨk̲̲,³,br,ɯ,ɡ
20721,僱,,,,,,,
20722,僲,,,,,,,
20723,僳,,,,,,,
20724,僴,ɦɰæn³⁵,ɦɰæn,,³⁵,,,
20725,僵,kjaŋ³³,kj,aŋ,³³,k,a,ŋ
20726,僶,,,,,mbl,i,ŋʔ
20727,僷,jiᴇp³̲³̲,j,iᴇp̲̲,³,ɢl,e,b
20728,僸,ŋɰim³⁵,ŋɰ,im,³⁵,kr,ɯ,ms
20729,價,kʰɰæ³⁵,kʰɰæ,,³⁵,kr,a,̠s
20730,僺,tsʰiᴇu³¹,tsʰ,iᴇu,³¹,,,
20731,僻,pʰek³̲³̲,pʰ,ek̲̲,³,ph,e,̠ɡ
20732,僼,,,,,,,
20733,僽,dʐɨu³¹,dʐ,ɨu,³¹,,,
20734,僾,ʔɨi³⁵,ʔ,ɨi,³⁵,q,ɯ,lʔ
20735,僿,sɨ³¹,s,ɨ,³¹,qhj,ɯ,ɡs
20736,儀,ŋɰiᴇ³³,ŋɰ,iᴇ,³³,ŋr,a,l
20737,儁,tsʷin³¹,tsʷ,in,³¹,sk,u,ns
20738,儂,nu̯oŋ³³,n,u̯oŋ,³³,n,u,̠ŋ
20739,儃,tɕiᴇn³⁵,tɕ,iᴇn,³⁵,dj,a,n
20740,億,ʔɨk³̲³̲,ʔ,ɨk̲̲,³,qr,ɯ,ɡ
20741,儅,tɑŋ³¹,t,ɑŋ,³¹,,,
20742,儆,kɰjæŋ³⁵,kɰjæŋ,,³⁵,kr,e,ŋʔ
20743,儇,hʷiᴇn³³,hʷ,iᴇn,³³,qhʷ,e,n
20744,儈,kʷɑi³¹,kʷ,ɑi,³¹,k,o,̠bs
20745,儉,ɡɰiᴇm³⁵,ɡɰ,iᴇm,³⁵,ɡr,o,mʔ
20746,儊,tʂʰjɤ³¹,tʂʰj,ɤ,³¹,,,
20747,儋,dɑm³³,d,ɑm,³³,k‧l,a,̠m
20748,儌,keu³³,k,eu,³³,kl,e,̠wʔ
20749,儍,,,,,,,
20750,儎,,,,,,,
20751,儏,,,,,,,
20752,儐,pin³¹,p,in,³¹,p,i,ns
20753,儑,ŋɑp³̲³̲,ŋ,ɑp̲̲,³,ŋɡl,ɯ,̠ms
20754,儒,ȵjʊ³³,ȵj,ʊ,³³,nj,o,
20755,儓,tʰəi³³,tʰ,əi,³³,d,ɯ,̠
20756,儔,dɑu³¹,d,ɑu,³¹,ɡ‧l,u,̠s
20757,儕,dzei³¹,dz,ei,³¹,zr,i,̠l
20758,儖,lɑm³³,l,ɑm,³³,,,
20759,儗,ŋɨ³¹,ŋ,ɨ,³¹,ŋɡ,ɯ,ʔ
20760,儘,,,,,,,
20761,儙,,,,,,,
20762,儚,mjuŋ³³,mj,uŋ,³³,m,ɯ,̠ŋ
20763,儛,mjʊ³⁵,mj,ʊ,³⁵,m,a,ʔ
20764,儜,ɳɰɛŋ³³,ɳɰ,ɛŋ,³³,,,
20765,儝,,,,,,,
20766,儞,ɳɰiᴇ³⁵,ɳɰ,iᴇ,³⁵,,,
20767,償,dʑjaŋ³³,dʑj,aŋ,³³,ɡlj,a,ŋs
20768,儠,liᴇp³̲³̲,l,iᴇp̲̲,³,r,a,b
20769,儡,lu̯oi³¹,l,u̯oi,³¹,r,u,̠l
20770,儢,ljɤ³⁵,lj,ɤ,³⁵,ɡ,ə,r
20771,儣,kʰʷɑŋ³⁵,kʰʷ,ɑŋ,³⁵,,,
20772,儤,,,,,,,
20773,儥,dek³̲³̲,d,ek̲̲,³,ɡ‧l,o,̠ɡ
20774,儦,pɰiᴇu³³,pɰ,iᴇu,³³,pr,e,w
20775,儧,tsʷɑn³⁵,tsʷ,ɑn,³⁵,s,o,̠nʔ
20776,儨,,,,,,,
20777,儩,sɰiᴇ³¹,sɰ,iᴇ,³¹,l̥j,e,ɡs
20778,優,ʔɨu³³,ʔ,ɨu,³³,ql,u,
20779,儫,,,,,,,
20780,儬,tʂʰɰjæŋ³¹,tʂʰɰjæŋ,,³¹,,,
20781,儭,,,,,,,
20782,儮,lek³̲³̲,l,ek̲̲,³,,,
20783,儯,dəŋ³³,d,əŋ,³³,,,
20784,儰,ɦʲʷiᴇ³⁵,ɦʲʷ,iᴇ,³⁵,ɢʷ,a,lʔ
20785,儱,luŋ³³,l,uŋ,³³,,,
20786,儲,ɖjɤ³³,ɖj,ɤ,³³,ɡ‧l,a,
20787,儳,tʂʰɰæm³¹,tʂʰɰæm,,³¹,zr,ɯ,̠m
20788,儴,ȵjaŋ³³,ȵj,aŋ,³³,mlj,a,ŋ
20789,儵,ɕjuk³̲³̲,ɕj,uk̲̲,³,qhlj,ɯ,wɡ
20790,儶,ɦʷei³¹,ɦʷ,ei,³¹,,,
20791,儷,lei³¹,l,ei,³¹,b,ə,r
20792,儸,ljæ³³,ljæ,,³³,,,
20793,儹,,,,,s,o,̠nʔ
20794,儺,nɑ³³,n,ɑ,³³,mɡl,a,̠l
20795,儻,tɕʰjaŋ³⁵,tɕʰj,aŋ,³⁵,kh‧l,a,̠ŋʔ
20796,儼,ŋjam³⁵,ŋj,am,³⁵,ŋɡl,a,mʔ
20797,儽,lʷi³³,lʷ,i,³³,r,u,l
20798,儾,nɑŋ³¹,n,ɑŋ,³¹,,,
20799,儿,ȵiᴇ³³,ȵ,iᴇ,³³,nj,i,n
20800,兀,ŋu̯ot³̲³̲,ŋ,u̯ot̲̲,³,ŋ,u,̠d
20801,允,jʷin³⁵,jʷ,in,³⁵,ɢ,u,nʔ
20802,兂,tʂim³³,tʂ,im,³³,skr,u,m
20803,元,ŋʷjɤn³³,ŋʷj,ɤn,³³,ŋɡ,o,n
20804,兄,hʷɰjæŋ³³,hʷɰjæŋ,,³³,qm̥hr,a,ŋ
20805,充,tɕʰjuŋ³³,tɕʰj,uŋ,³³,thj,u,ŋ
20806,兆,deu³⁵,d,eu,³⁵,ɡ‧l,e,wʔ
20807,兇,hjʊŋ³⁵,hj,ʊŋ,³⁵,qh,o,ŋʔ
20808,先,sen³¹,s,en,³¹,sl,ɯ,̠n
20809,光,dɑŋ³⁵,d,ɑŋ,³⁵,kʷ,a,̠ŋs
20810,兊,dʷɑi³¹,dʷ,ɑi,³¹,,,
20811,克,kʰək³̲³̲,kʰ,ək̲̲,³,kh,ɯ,̠ɡ
20812,兌,dʷɑi³¹,dʷ,ɑi,³¹,,,
20813,免,mɰiᴇn³⁵,mɰ,iᴇn,³⁵,mr,o,nʔ
20814,兎,,,,,,,
20815,兏,,,,,,,
20816,児,,,,,,,
20817,兑,dʷɑi³¹,dʷ,ɑi,³¹,ɡ‧l,o,̠ds
20818,兒,ȵiᴇ³³,ȵ,iᴇ,³³,ŋɡ,e,̠
20819,兓,tsim³³,ts,im,³³,sk,u,m
20820,兔,tʰu̯o³¹,tʰ,u̯o,³¹,th,a,̠s
20821,兕,zi³⁵,z,i,³⁵,lj,i,ʔ
20822,兖,jʷiᴇn³⁵,jʷ,iᴇn,³⁵,ɢ,o,nʔ
20823,兗,,,,,ɢ,o,nʔ
20824,兘,ɕɨ³⁵,ɕ,ɨ,³⁵,,,
20825,兙,,,,,,,
20826,党,tɑŋ³⁵,t,ɑŋ,³⁵,,,
20827,兛,,,,,,,
20828,兜,tu³³,t,u,³³,t,o,̠
20829,兝,,,,,,,
20830,兞,,,,,,,
20831,兟,ʂɪn³³,ʂ,ɪn,³³,sr,i,n
20832,兠,,,,,,,
20833,兡,,,,,,,
20834,兢,kɨŋ³³,k,ɨŋ,³³,k,ɯ,ŋ
20835,兣,,,,,,,
20836,兤,kʰʷɑŋ³⁵,kʰʷ,ɑŋ,³⁵,,,
20837,入,ȵip³̲³̲,ȵ,ip̲̲,³,n,e,b
20838,兦,mʷjaŋ³³,mʷj,aŋ,³³,,,
20839,內,,,,,,,
20840,全,dzʷiᴇn³³,dzʷ,iᴇn,³³,sɡ,o,n
20841,兩,ljaŋ³⁵,lj,aŋ,³⁵,r,a,ŋs
20842,兪,,,,,,,
20843,八,pɰɛt³̲³̲,pɰ,ɛt̲̲,³,pr,e,̠d
20844,公,kuŋ³³,k,uŋ,³³,kl,o,̠ŋ
20845,六,ljuk³̲³̲,lj,uk̲̲,³,ɡ,ə,r
20846,兮,ɦei³³,ɦ,ei,³³,ɡ,e,̠
20847,兯,,,,,,,
20848,兰,,,,,,,
20849,共,ɡjʊŋ³¹,ɡj,ʊŋ,³¹,ɡ,o,ŋs
20850,兲,,,,,,,
20851,关,kʷɰæn³³,kʷɰæn,,³³,,,
20852,兴,hɨŋ³¹,h,ɨŋ,³¹,,,
20853,兵,pɰjæŋ³³,pɰjæŋ,,³³,pr,a,ŋ
20854,其,kɨ³³,k,ɨ,³³,ɡ,ɯ,
20855,具,ɡjʊ³¹,ɡj,ʊ,³¹,ɡ,o,s
20856,典,ten³⁵,t,en,³⁵,t,ɯ,̠nʔ
20857,兹,tsɨ³³,ts,ɨ,³³,,,
20858,兺,,,,,,,
20859,养,jaŋ³⁵,j,aŋ,³⁵,,,
20860,兼,ɦem³³,ɦ,em,³³,k,e,̠ms
20861,兽,ɕɨu³¹,ɕ,ɨu,³¹,,,
20862,兾,ki³¹,k,i,³¹,,,
20863,兿,,,,,,,
20864,冀,kɰi³¹,kɰ,i,³¹,kpr,ɯ,ls
20865,冁,,,,,,,
20866,冂,ɦeŋ³⁵,ɦ,eŋ,³⁵,m,e,̠ɡ
20867,冃,mɑu³¹,m,ɑu,³¹,m,u,̠ɡs
20868,冄,ȵɰæm³³,ȵɰæm,,³³,nj,a,m
20869,内,ȵʷiᴇ³¹,ȵʷ,iᴇ,³¹,n,u,̠bs
20870,円,,,,,,,
20871,冇,,,,,,,
20872,冈,kɑŋ³³,k,ɑŋ,³³,,,
20873,冉,ȵiᴇm³⁵,ȵ,iᴇm,³⁵,nj,a,m
20874,冊,ʂɰæn³¹,ʂɰæn,,³¹,,,
20875,冋,kʷeŋ³³,kʷ,eŋ,³³,ɡʷ,e,̠ŋʔ
20876,册,tʂʰɰɛk³̲³̲,tʂʰɰ,ɛk̲̲,³,shr,e,̠ɡ
20877,再,tsəi³¹,ts,əi,³¹,s,ɯ,̠s
20878,冎,kʷɰæ³⁵,kʷɰæ,,³⁵,kr,o,̠lʔ
20879,冏,,,,,kʷr,a,ŋʔ
20880,冐,,,,,,,
20881,冑,ɖɨu³¹,ɖ,ɨu,³¹,ɡ‧l,ɯ,wɡs
20882,冒,mək³̲³̲,m,ək̲̲,³,m,u,̠ɡs
20883,冓,ku³¹,k,u,³¹,k,o,̠s
20884,冔,ɦu̯o³³,ɦ,u̯o,³³,qhʷ,a,ʔ
20885,冕,mɰiᴇn³⁵,mɰ,iᴇn,³⁵,mr,o,nʔ
20886,冖,mek³̲³̲,m,ek̲̲,³,m,e,̠ɡ
20887,冗,ȵjʊŋ³⁵,ȵj,ʊŋ,³⁵,nj,o,ŋʔ
20888,冘,jim³³,j,im,³³,ɢl,u,
20889,写,sjæ³⁵,sjæ,,³⁵,,,
20890,冚,,,,,,,
20891,军,kjun³³,kj,un,³³,,,
20892,农,nuŋ³¹,n,uŋ,³¹,,,
20893,冝,,,,,,,
20894,冞,mei³³,m,ei,³³,m,e,
20895,冟,ɕiᴇk³̲³̲,ɕ,iᴇk̲̲,³,m̥hj,e,ɡ
20896,冠,kʷɑn³³,kʷ,ɑn,³³,k,o,̠n
20897,冡,muŋ³³,m,uŋ,³³,m,o,̠ŋ
20898,冢,ʈjʊŋ³⁵,ʈj,ʊŋ,³⁵,t,o,ŋʔ
20899,冣,dzjʊ³¹,dzj,ʊ,³¹,sɡ,o,s
20900,冤,ʔʷjɤn³³,ʔʷj,ɤn,³³,q,o,n
20901,冥,meŋ³⁵,m,eŋ,³⁵,m,e,̠ŋ
20902,冦,,,,,,,
20903,冧,,,,,,,
20904,冨,,,,,,,
20905,冩,,,,,,,
20906,冪,mek³̲³̲,m,ek̲̲,³,m,e,̠ɡ
20907,冫,pɨŋ³³,p,ɨŋ,³³,,,
20908,冬,tu̯oŋ³³,t,u̯oŋ,³³,t,u,̠ŋ
20909,冭,,,,,,,
20910,冮,,,,,,,
20911,冯,bjuŋ³³,bj,uŋ,³³,,,
20912,冰,pɨŋ³¹,p,ɨŋ,³¹,ŋpr,ɯ,ŋ
20913,冱,ɦu̯o³¹,ɦ,u̯o,³¹,ɡ,a,̠s
20914,冲,ɖjuŋ³³,ɖj,uŋ,³³,,,
20915,决,kʷet³̲³̲,kʷ,et̲̲,³,kʷ,e,̠d
20916,冴,,,,,,,
20917,况,hʷjaŋ³¹,hʷj,aŋ,³¹,m̥h,a,ŋs
20918,冶,jæ³⁵,jæ,,³⁵,l,a,̠ʔ
20919,冷,leŋ³⁵,l,eŋ,³⁵,ɡ,ə,r
20920,冸,pʰʷɑn³¹,pʰʷ,ɑn,³¹,,,
20921,冹,pjut³̲³̲,pj,ut̲̲,³,p,u,d
20922,冺,,,,,,,
20923,冻,tuŋ³¹,t,uŋ,³¹,,,
20924,冼,ʂɨŋ³⁵,ʂ,ɨŋ,³⁵,,,
20925,冽,liᴇt³̲³̲,l,iᴇt̲̲,³,r,e,d
20926,冾,,,,,,,
20927,冿,,,,,,,
20928,净,tʂʰɰɛŋ³³,tʂʰɰ,ɛŋ,³³,shr,e,̠ŋ
20929,凁,su³³,s,u,³³,,,
20930,凂,,,,,,,
20931,凃,,,,,,,
20932,凄,tsʰei³³,tsʰ,ei,³³,sh,i,̠l
20933,凅,ku̯o³¹,k,u̯o,³¹,k,a,̠ɡs
20934,准,tɕʷin³⁵,tɕʷ,in,³⁵,kʷj,i,nʔ
20935,凇,suŋ³¹,s,uŋ,³¹,,,
20936,凈,tʂʰɰɛŋ³³,tʂʰɰ,ɛŋ,³³,,,
20937,凉,ljaŋ³³,lj,aŋ,³³,ɡ,ə,r
20938,凊,tsʰiᴇŋ³¹,tsʰ,iᴇŋ,³¹,sh,e,ŋs
20939,凋,teu³¹,t,eu,³¹,k‧l,ɯ,̠w
20940,凌,lɨŋ³³,l,ɨŋ,³³,b,ə,r
20941,凍,tuŋ³³,t,uŋ,³³,t,o,̠ŋs
20942,凎,,,,,,,
20943,减,kɰɛm³⁵,kɰ,ɛm,³⁵,,,
20944,凐,ʔin³³,ʔ,in,³³,,,
20945,凑,tsʰu³¹,tsʰ,u,³¹,,,
20946,凒,ŋəi³³,ŋ,əi,³³,,,
20947,凓,lit³̲³̲,l,it̲̲,³,b,ə,r
20948,凔,tʂʰjaŋ³¹,tʂʰj,aŋ,³¹,sh,a,̠ŋ
20949,凕,meŋ³⁵,m,eŋ,³⁵,,,
20950,凖,tɕʷiᴇt³̲³̲,tɕʷ,iᴇt̲̲,³,,,
20951,凗,dzu̯oi³³,dz,u̯oi,³³,,,
20952,凘,siᴇ³³,s,iᴇ,³³,sqh,e,
20953,凙,dɑk³̲³̲,d,ɑk̲̲,³,,,
20954,凚,ɡɰim³¹,ɡɰ,im,³¹,,,
20955,凛,lim³⁵,l,im,³⁵,,,
20956,凜,ɡɰim³³,ɡɰ,im,³³,ɡbr,ɯ,m
20957,凝,ŋɨŋ³¹,ŋ,ɨŋ,³¹,ŋɡ,ɯ,ŋ
20958,凞,,,,,,,
20959,凟,,,,,,,
20960,几,kɨi³³,k,ɨi,³³,kr,i,lʔ
20961,凡,ɦuŋ³³,ɦ,uŋ,³³,b,o,m
20962,凢,,,,,,,
20963,凣,,,,,,,
20964,凤,bjuŋ³¹,bj,uŋ,³¹,,,
20965,凥,kjɤ³³,kj,ɤ,³³,k,a,
20966,処,tɕʰjɤ³⁵,tɕʰj,ɤ,³⁵,khj,a,ʔ
20967,凧,,,,,,,
20968,凨,,,,,,,
20969,凩,,,,,,,
20970,凪,,,,,,,
20971,凫,,,,,,,
20972,凬,,,,,,,
20973,凭,bɨŋ³¹,b,ɨŋ,³¹,br,ɯ,ŋs
20974,凮,,,,,,,
20975,凯,kʰəi³⁵,kʰ,əi,³⁵,,,
20976,凰,ɦʷɑŋ³³,ɦʷ,ɑŋ,³³,ɡʷ,a,̠ŋ
20977,凱,kʰəi³⁵,kʰ,əi,³⁵,kh,ɯ,̠lʔ
20978,凲,,,,,,,
20979,凳,təŋ³¹,t,əŋ,³¹,,,
20980,凴,bɨŋ³¹,b,ɨŋ,³¹,,,
20981,凵,kʰju̯am³⁵,kʰj,u̯am,³⁵,kh,o,mʔ
20982,凶,hjʊŋ³³,hj,ʊŋ,³³,qh,o,ŋ
20983,凷,kʰu̯oi³¹,kʰ,u̯oi,³¹,kh,u,̠ds
20984,凸,du̯ot³̲³̲,d,u̯ot̲̲,³,,,
20985,凹,ʔɰɛp³̲³̲,ʔɰ,ɛp̲̲,³,,,
20986,出,tɕʰʷi³¹,tɕʰʷ,i,³¹,khlj,u,ds
20987,击,kek³̲³̲,k,ek̲̲,³,,,
20988,凼,,,,,,,
20989,函,ɦəm³³,ɦ,əm,³³,ɡr,u,̠m
20990,凾,,,,,,,
20991,凿,dzɑk³̲³̲,dz,ɑk̲̲,³,,,
20992,刀,tɑu³³,t,ɑu,³³,t,a,̠w
20993,刁,teu³³,t,eu,³³,t,e,̠w
20994,刂,,,,,,,
20995,刃,ȵin³¹,ȵ,in,³¹,nj,ɯ,ns
20996,刄,,,,,,,
20997,刅,tʂʰjaŋ³³,tʂʰj,aŋ,³³,skhr,a,ŋ
20998,分,bjun³¹,bj,un,³¹,b,ɯ,ns
20999,切,tsʰei³¹,tsʰ,ei,³¹,sn̥,i,̠ds
21000,刈,ŋjai³¹,ŋj,ai,³¹,ŋ,a,ds
21001,刉,kɨi³³,k,ɨi,³³,k,u,̠ls
21002,刊,kʰɑn³³,kʰ,ɑn,³³,kh,a,̠n
21003,刋,kʰɑn³³,kʰ,ɑn,³³,,,
21004,刌,tsʰu̯on³⁵,tsʰ,u̯on,³⁵,sh,u,̠nʔ
21005,刍,tʂʰjʊ³³,tʂʰj,ʊ,³³,,,
21006,刎,mjun³⁵,mj,un,³⁵,m,ɯ,nʔ
21007,刏,ɡɨi³¹,ɡ,ɨi,³¹,k,u,̠ls
21008,刐,,,,,,,
21009,刑,ɦeŋ³³,ɦ,eŋ,³³,ɡ,e,̠ŋ
21010,划,ɦʷɰɛk³̲³̲,ɦʷɰ,ɛk̲̲,³,,,
21011,刓,ŋʷɑn³³,ŋʷ,ɑn,³³,ŋɡ,o,̠n
21012,刔,ʔʷiᴇt³̲³̲,ʔʷ,iᴇt̲̲,³,,,
21013,刕,lei³³,l,ei,³³,,,
21014,刖,ŋu̯ot³̲³̲,ŋ,u̯ot̲̲,³,ŋ,o,d
21015,列,ʈjʊ³³,ʈj,ʊ,³³,r,e,d
21016,刘,lɨu³³,l,ɨu,³³,,,
21017,则,tsək³̲³̲,ts,ək̲̲,³,,,
21018,刚,kɑŋ³³,k,ɑŋ,³³,,,
21019,创,tʂʰjaŋ³¹,tʂʰj,aŋ,³¹,,,
21020,刜,bjut³̲³̲,bj,ut̲̲,³,b,ɯ,d
21021,初,tʂʰjɤ³³,tʂʰj,ɤ,³³,shr,a,
21022,刞,tsʰjɤ³¹,tsʰj,ɤ,³¹,,,
21023,刟,teu³³,t,eu,³³,,,
21024,删,ʂɰæn³³,ʂɰæn,,³³,sr,a,̠n
21025,刡,min³⁵,m,in,³⁵,,,
21026,刢,leŋ³³,l,eŋ,³³,,,
21027,刣,,,,,,,
21028,判,pʰʷɑn³¹,pʰʷ,ɑn,³¹,ph,a,̠ns
21029,別,pʷɰiᴇt³̲³̲,pʷɰ,iᴇt̲̲,³,,,
21030,刦,kʰjap³̲³̲,kʰj,ap̲̲,³,k,a,b
21031,刧,,,,,,,
21032,刨,bɰæu³³,bɰæ,u,³³,,,
21033,利,li³¹,l,i,³¹,r,i,ds
21034,刪,sɑn³³,s,ɑn,³³,sr,a,̠n
21035,别,pʷɰiᴇt³̲³̲,pʷɰ,iᴇt̲̲,³,br,e,d
21036,刬,,,,,,,
21037,刭,,,,,,,
21038,刮,kʷɰæt³̲³̲,kʷɰæt̲̲,,³,kr,o,̠d
21039,刯,kəŋ³³,k,əŋ,³³,,,
21040,到,tɑu³¹,t,ɑu,³¹,t,a,̠ws
21041,刱,tʂʰjaŋ³¹,tʂʰj,aŋ,³¹,skhr,a,ŋs
21042,刲,kʷei³¹,kʷ,ei,³¹,khʷ,e,̠
21043,刳,kʰu̯o³³,kʰ,u̯o,³³,khʷ,a,̠
21044,刴,tʷɑ³¹,tʷ,ɑ,³¹,,,
21045,刵,ŋʷjai³¹,ŋʷj,ai,³¹,mlj,ɯ,s
21046,制,tɕiᴇi³¹,tɕ,iᴇi,³¹,kj,e,ds
21047,刷,ʂʷɰæt³̲³̲,ʂʷɰæt̲̲,,³,sr,o,d
21048,券,ɡʷɰiᴇn³¹,ɡʷɰ,iᴇn,³¹,kh,o,ns
21049,刹,tʂʰɰæt³̲³̲,tʂʰɰæt̲̲,,³,shr,e,̠d
21050,刺,tsʰiᴇk³̲³̲,tsʰ,iᴇk̲̲,³,sh,e,ɡ
21051,刻,kʰək³̲³̲,kʰ,ək̲̲,³,kh,ɯ,̠ɡ
21052,刼,,,,,,,
21053,刽,kʷɑi³¹,kʷ,ɑi,³¹,,,
21054,刾,tsʰiᴇ³¹,tsʰ,iᴇ,³¹,sh,e,ɡ
21055,刿,,,,,,,
21056,剀,,,,,,,
21057,剁,,,,,,,
21058,剂,dzei³¹,dz,ei,³¹,,,
21059,剃,tʰei³¹,tʰ,ei,³¹,kh‧l,i,̠ls
21060,剄,keŋ³¹,k,eŋ,³¹,k,e,̠ŋʔ
21061,剅,tu³³,t,u,³³,,,
21062,剆,lɑ³⁵,l,ɑ,³⁵,,,
21063,則,tsək³̲³̲,ts,ək̲̲,³,sk,ɯ,̠ɡ
21064,剈,ʔʷen³³,ʔʷ,en,³³,qʷ,e,̠n
21065,剉,tsʷɑ³¹,tsʷ,ɑ,³¹,sh,o,̠ls
21066,削,sjak³̲³̲,sj,ak̲̲,³,spl,e,wɡ
21067,剋,kʰək³̲³̲,kʰ,ək̲̲,³,kh,ɯ,̠ɡ
21068,剌,lɑt³̲³̲,l,ɑt̲̲,³,b,ə,r
21069,前,dzen³³,dz,en,³³,z,e,̠n
21070,剎,,,,,,,
21071,剏,,,,,,,
21072,剐,kʷɰæ³⁵,kʷɰæ,,³⁵,,,
21073,剑,,,,,,,
21074,剒,tsʰɑk³̲³̲,tsʰ,ɑk̲̲,³,sh,a,̠ɡ
21075,剓,li³³,l,i,³³,,,
21076,剔,tʰek³̲³̲,tʰ,ek̲̲,³,kh‧l,e,̠ɡ
21077,剕,bʷɨi³¹,bʷ,ɨi,³¹,b,ɯ,ls
21078,剖,pʰu³⁵,pʰ,u,³⁵,ph,ɯ,ʔ
21079,剗,tʂʷiᴇn³⁵,tʂʷ,iᴇn,³⁵,shr,e,̠nʔ
21080,剘,,,,,,,
21081,剙,,,,,,,
21082,剚,tʂɨ³¹,tʂ,ɨ,³¹,skr,ɯ,s
21083,剛,kɑŋ³³,k,ɑŋ,³³,kl,a,̠ŋ
21084,剜,ʔʷɑn³³,ʔʷ,ɑn,³³,q,o,̠n
21085,剝,pɰɔk³̲³̲,pɰɔk̲̲,,³,pr,o,̠ɡ
21086,剞,kɰiᴇ³⁵,kɰ,iᴇ,³⁵,kr,a,l
21087,剟,tʷɑt³̲³̲,tʷ,ɑt̲̲,³,t,o,̠d
21088,剠,ɡɰjæŋ³³,ɡɰjæŋ,,³³,ɡr,a,ŋ
21089,剡,jiᴇm³⁵,j,iᴇm,³⁵,ɡlj,a,mʔ
21090,剢,tuk³̲³̲,t,uk̲̲,³,,,
21091,剣,,,,,,,
21092,剤,,,,,,,
21093,剥,pɰɔk³̲³̲,pɰɔk̲̲,,³,,,
21094,剦,,,,,,,
21095,剧,ɡɰjæk³̲³̲,ɡɰjæk̲̲,,³,,,
21096,剨,hʷɰɛk³̲³̲,hʷɰ,ɛk̲̲,³,,,
21097,剩,,,,,,,
21098,剪,tsiᴇn³⁵,ts,iᴇn,³⁵,s,e,nʔ
21099,剫,dɑk³̲³̲,d,ɑk̲̲,³,ɡ‧l,a,̠ɡ
21100,剬,tɕʷiᴇn³⁵,tɕʷ,iᴇn,³⁵,klj,o,nʔ
21101,剭,ʔuk³̲³̲,ʔ,uk̲̲,³,q,o,̠ɡ
21102,剮,kʷɰæ³⁵,kʷɰæ,,³⁵,,,
21103,副,pʰɨu³¹,pʰ,ɨu,³¹,ph,ɯ,ɡ
21104,剰,ʑɨŋ³¹,ʑ,ɨŋ,³¹,,,
21105,剱,,,,,,,
21106,割,kɑt³̲³̲,k,ɑt̲̲,³,k,a,̠d
21107,剳,təp³̲³̲,t,əp̲̲,³,,,
21108,剴,ɡɨi³³,ɡ,ɨi,³³,ŋɡ,ɯ,̠l
21109,創,tsʰjaŋ³³,tsʰj,aŋ,³³,shr,a,ŋ
21110,剶,ʈʰʷiᴇn³³,ʈʰʷ,iᴇn,³³,,,
21111,剷,,,,,,,
21112,剸,tɕʷiᴇn³⁵,tɕʷ,iᴇn,³⁵,d,o,̠n
21113,剹,ljuk³̲³̲,lj,uk̲̲,³,,,
21114,剺,li³³,l,i,³³,ɡ,ə,r
21115,剻,bu̯oi³³,b,u̯oi,³³,,,
21116,剼,ʂɰæm³³,ʂɰæm,,³³,sr,o,̠m
21117,剽,piᴇu³³,p,iᴇu,³³,b,e,w
21118,剾,kʰu³³,kʰ,u,³³,,,
21119,剿,tʂʰɰæu³¹,tʂʰɰæ,u,³¹,sk,a,wʔ
21120,劀,kʷɰɛt³̲³̲,kʷɰ,ɛt̲̲,³,kʷr,i,̠d
21121,劁,dziᴇu³³,dz,iᴇu,³³,,,
21122,劂,kʷɰiᴇi³¹,kʷɰ,iᴇi,³¹,k,o,d
21123,劃,ɦʷɰɛk³̲³̲,ɦʷɰ,ɛk̲̲,³,qhʷr,e,̠ɡ
21124,劄,ʈɰɛp³̲³̲,ʈɰ,ɛp̲̲,³,,,
21125,劅,ʈɰɔk³̲³̲,ʈɰɔk̲̲,,³,,,
21126,劆,liᴇm³³,l,iᴇm,³³,,,
21127,劇,ɡɰjæk³̲³̲,ɡɰjæk̲̲,,³,ɡr,a,ɡ
21128,劈,pʰek³̲³̲,pʰ,ek̲̲,³,ph,e,̠ɡ
21129,劉,ljʊ³³,lj,ʊ,³³,b,ə,r
21130,劊,kʷɑi³¹,kʷ,ɑi,³¹,k,o,̠d
21131,劋,tsɑu³⁵,ts,ɑu,³⁵,s,a,wʔ
21132,劌,kʷɰiᴇi³¹,kʷɰ,iᴇi,³¹,kʷr,a,ds
21133,劍,kjam³¹,kj,am,³¹,kl,o,ms
21134,劎,,,,,,,
21135,劏,,,,,,,
21136,劐,ɦʷɑk³̲³̲,ɦʷ,ɑk̲̲,³,,,
21137,劑,dzei³³,dz,ei,³³,z,i,̠ls
21138,劒,kjam³¹,kj,am,³¹,kl,o,ms
21139,劓,ŋɰɛi³¹,ŋɰ,ɛi,³¹,ŋr,i,ds
21140,劔,kjam³¹,kj,am,³¹,,,
21141,劕,tɕit³̲³̲,tɕ,it̲̲,³,,,
21142,劖,dʐɰæm³³,dʐɰæm,,³³,zr,a,̠m
21143,劗,tsʷɑn³³,tsʷ,ɑn,³³,z,o,̠n
21144,劘,mɰiᴇ³³,mɰ,iᴇ,³³,m,a,̠l
21145,劙,liᴇ³³,l,iᴇ,³³,r,e,̠ls
21146,劚,,,,,,,
21147,力,lɨk³̲³̲,l,ɨk̲̲,³,r,ɯ,ɡ
21148,劜,ʔɰɛt³̲³̲,ʔɰ,ɛt̲̲,³,,,
21149,劝,kʰʷjɤn³¹,kʰʷj,ɤn,³¹,,,
21150,办,bɰɛn³¹,bɰ,ɛn,³¹,,,
21151,功,kuŋ³³,k,uŋ,³³,k,o,̠ŋ
21152,加,kɰæ³¹,kɰæ,,³¹,kr,a,̠l
21153,务,mjʊ³¹,mj,ʊ,³¹,,,
21154,劢,,,,,,,
21155,劣,lʷiᴇt³̲³̲,lʷ,iᴇt̲̲,³,r,o,d
21156,劤,,,,,,,
21157,劥,kʰɰæŋ³³,kʰɰæŋ,,³³,,,
21158,劦,lep³̲³̲,l,ep̲̲,³,ɡl,e,̠b
21159,劧,,,,,,,
21160,动,duŋ³⁵,d,uŋ,³⁵,,,
21161,助,dʐjɤ³³,dʐj,ɤ,³³,sɡr,a,s
21162,努,nu̯o³³,n,u̯o,³³,n,a,̠ʔ
21163,劫,ɡjap³̲³̲,ɡj,ap̲̲,³,k,a,b
21164,劬,ɡjʊ³³,ɡj,ʊ,³³,ɡ,o,
21165,劭,dʑiᴇu³¹,dʑ,iᴇu,³¹,dj,e,ws
21166,劮,jit³̲³̲,j,it̲̲,³,l,i,ɡ
21167,劯,,,,,,,
21168,劰,,,,,,,
21169,励,liᴇi³¹,l,iᴇi,³¹,,,
21170,劲,kiᴇŋ³¹,k,iᴇŋ,³¹,,,
21171,劳,lɑu³³,l,ɑu,³³,,,
21172,労,,,,,,,
21173,劵,kʰʷjɤn³¹,kʰʷj,ɤn,³¹,ɡr,o,ns
21174,劶,kʰu³⁵,kʰ,u,³⁵,,,
21175,劷,jaŋ³³,j,aŋ,³³,,,
21176,劸,ʔɰɛ³³,ʔɰ,ɛ,³³,,,
21177,効,ɦɰæu³³,ɦɰæ,u,³³,ɡr,e,̠ws
21178,劺,mɨu³³,m,ɨu,³³,,,
21179,劻,kʰʷjaŋ³³,kʰʷj,aŋ,³³,,,
21180,劼,kɰɛt³̲³̲,kɰ,ɛt̲̲,³,khr,i,̠d
21181,劽,liᴇt³̲³̲,l,iᴇt̲̲,³,,,
21182,劾,ɦək³̲³̲,ɦ,ək̲̲,³,ɡ,ɯ,̠ɡs
21183,势,ɕiᴇi³¹,ɕ,iᴇi,³¹,,,
21184,勀,,,,,kh,ɯ,̠ɡ
21185,勁,kiᴇŋ³¹,k,iᴇŋ,³¹,k,e,ŋs
21186,勂,ɦɑu³³,ɦ,ɑu,³³,,,
21187,勃,bu̯ot³̲³̲,b,u̯ot̲̲,³,b,ɯ,̠d
21188,勄,,,,,,,
21189,勅,ʈʰɨk³̲³̲,ʈʰ,ɨk̲̲,³,,,
21190,勆,lɑŋ³³,l,ɑŋ,³³,,,
21191,勇,jʊŋ³⁵,j,ʊŋ,³⁵,l,o,ŋʔ
21192,勈,jʊŋ³⁵,j,ʊŋ,³⁵,,,
21193,勉,mʷjɤn³⁵,mʷj,ɤn,³⁵,mr,o,nʔ
21194,勊,kʰək³̲³̲,kʰ,ək̲̲,³,kh,ɯ,̠ɡ
21195,勋,,,,,,,
21196,勌,kʰʷjɤn³¹,kʰʷj,ɤn,³¹,ɡr,o,ns
21197,勍,ɡɰjæŋ³³,ɡɰjæŋ,,³³,ɡr,a,ŋ
21198,勎,ljuk³̲³̲,lj,uk̲̲,³,,,
21199,勏,bu³⁵,b,u,³⁵,,,
21200,勐,,,,,,,
21201,勑,ʈʰɨk³̲³̲,ʈʰ,ɨk̲̲,³,ɡ,ə,r
21202,勒,lək³̲³̲,l,ək̲̲,³,r,ɯ,̠ɡ
21203,勓,kʰɰɛi³¹,kʰɰ,ɛi,³¹,,,
21204,勔,miᴇn³⁵,m,iᴇn,³⁵,m,e,nʔ
21205,動,tuŋ³⁵,t,uŋ,³⁵,d,o,̠ŋʔ
21206,勖,hjuk³̲³̲,hj,uk̲̲,³,m̥h,o,ɡ
21207,勗,,,,,m̥h,o,ɡ
21208,勘,kʰəm³³,kʰ,əm,³³,khl,u,̠ms
21209,務,mjʊ³¹,mj,ʊ,³¹,m,o,ɡs
21210,勚,,,,,,,
21211,勛,hjun³³,hj,un,³³,qh,u,n
21212,勜,ʔɰɔŋ³⁵,ʔɰɔŋ,,³⁵,,,
21213,勝,ɕɨŋ³³,ɕ,ɨŋ,³³,qhlj,ɯ,ŋ
21214,勞,leu³³,l,eu,³³,ɡ,ə,r
21215,募,mjʊ³¹,mj,ʊ,³¹,m,a,̠ɡs
21216,勠,leu³³,l,eu,³³,ɡ,ə,r
21217,勡,pʰiᴇu³¹,pʰ,iᴇu,³¹,ph,e,ws
21218,勢,ɕiᴇi³¹,ɕ,iᴇi,³¹,ŋ̊j,e,ds
21219,勣,tsek³̲³̲,ts,ek̲̲,³,,,
21220,勤,,,,,ɡl,ɯ,n
21221,勥,kjaŋ³⁵,kj,aŋ,³⁵,ɡ,a,ŋʔ
21222,勦,tsiᴇu³¹,ts,iᴇu,³¹,sk,a,wʔ
21223,勧,,,,,,,
21224,勨,jaŋ³⁵,j,aŋ,³⁵,sɢl,a,ŋʔ
21225,勩,ji³¹,j,i,³¹,ɢl,e,bs
21226,勪,ɡjak³̲³̲,ɡj,ak̲̲,³,,,
21227,勫,pʷjɤn³³,pʷj,ɤn,³³,,,
21228,勬,kʷjɤn³¹,kʷj,ɤn,³¹,,,
21229,勭,duŋ³⁵,d,uŋ,³⁵,,,
21230,勮,ɡjɤ³¹,ɡj,ɤ,³¹,ɡl,a,s
21231,勯,tɑn³³,t,ɑn,³³,t,a,̠n
21232,勰,ɦep³̲³̲,ɦ,ep̲̲,³,ɡl,e,̠b
21233,勱,mɰæi³¹,mɰæ,i,³¹,mbr,a,̠ds
21234,勲,hjun³³,hj,un,³³,,,
21235,勳,,,,,qh,u,n
21236,勴,ljɤ³¹,lj,ɤ,³¹,ɡ,ə,r
21237,勵,liᴇi³¹,l,iᴇi,³¹,b,ə,r
21238,勶,ɖiᴇt³̲³̲,ɖ,iᴇt̲̲,³,th,e,d
21239,勷,ȵjaŋ³³,ȵj,aŋ,³³,,,
21240,勸,kʰʷjɤn³¹,kʰʷj,ɤn,³¹,kh,o,ns
21241,勹,ʔjɤn³⁵,ʔj,ɤn,³⁵,pr,u,̠
21242,勺,tɕjak³̲³̲,tɕj,ak̲̲,³,blj,e,wɡ
21243,勻,jʷin³³,jʷ,in,³³,,,
21244,勼,kɨu³³,k,ɨu,³³,k,u,
21245,勽,bɰæu³¹,bɰæ,u,³¹,b,u,̠s
21246,勾,,,,,,,
21247,勿,mjut³̲³̲,mj,ut̲̲,³,m,ɯ,d
21248,匀,jʷin³³,jʷ,in,³³,ɢʷ,i,n
21249,匁,,,,,,,
21250,匂,,,,,,,
21251,匃,kɑi³¹,k,ɑi,³¹,k,a,̠ds
21252,匄,kʷɑt³̲³̲,kʷ,ɑt̲̲,³,k,a,̠ds
21253,包,bɨu³³,b,ɨu,³³,pr,u,̠
21254,匆,tsʰuŋ³³,tsʰ,uŋ,³³,skh,o,̠ŋ
21255,匇,,,,,,,
21256,匈,hjʊŋ³³,hj,ʊŋ,³³,qh,o,ŋ
21257,匉,pʰɰɛŋ³³,pʰɰ,ɛŋ,³³,,,
21258,匊,kjuk³̲³̲,kj,uk̲̲,³,kl,u,ɡ
21259,匋,dɑu³³,d,ɑu,³³,b‧l,u,̠
21260,匌,kəp³̲³̲,k,əp̲̲,³,k,u,̠b
21261,匍,bu̯o³³,b,u̯o,³³,b,a,̠
21262,匎,,,,,,,
21263,匏,bɰæu³³,bɰæ,u,³³,br,u,̠
21264,匐,buk³̲³̲,b,uk̲̲,³,b,ɯ,̠ɡ
21265,匑,kjuŋ³³,kj,uŋ,³³,,,
21266,匒,təp³̲³̲,t,əp̲̲,³,,,
21267,匓,ʔjɤ³¹,ʔj,ɤ,³¹,k,ɯ,ws
21268,匔,kʰjuŋ³³,kʰj,uŋ,³³,kh,u,ŋ
21269,匕,pi³⁵,p,i,³⁵,p,i,lʔ
21270,化,hʷɰæ³¹,hʷɰæ,,³¹,ŋ̊hʷr,a,̠ls
21271,北,pu̯oi³¹,p,u̯oi,³¹,p,ɯ,̠ɡ
21272,匘,nɑu³⁵,n,ɑu,³⁵,n,u,̠ʔ
21273,匙,dʑiᴇ³³,dʑ,iᴇ,³³,ɡlj,e,
21274,匚,pʷjaŋ³¹,pʷj,aŋ,³¹,p,a,ŋ
21275,匛,ɡɨu³¹,ɡ,ɨu,³¹,,,
21276,匜,jiᴇ³³,j,iᴇ,³³,l,a,l
21277,匝,,,,,s,u,̠b
21278,匞,,,,,,,
21279,匟,,,,,,,
21280,匠,dzjaŋ³¹,dzj,aŋ,³¹,sb,a,ŋs
21281,匡,kʰʷjaŋ³³,kʰʷj,aŋ,³³,khʷ,a,ŋ
21282,匢,hu̯ot³̲³̲,h,u̯ot̲̲,³,,,
21283,匣,kɰɛp³̲³̲,kɰ,ɛp̲̲,³,ɡr,a,̠b
21284,匤,kʰjʊk³̲³̲,kʰj,ʊk̲̲,³,,,
21285,匥,bɰiᴇn³¹,bɰ,iᴇn,³¹,,,
21286,匦,,,,,,,
21287,匧,kʰep³̲³̲,kʰ,ep̲̲,³,kh,e,̠b
21288,匨,tsɑŋ³³,ts,ɑŋ,³³,,,
21289,匩,,,,,,,
21290,匪,pʷɨi³⁵,pʷ,ɨi,³⁵,p,ɯ,lʔ
21291,匫,hu̯ot³̲³̲,h,u̯ot̲̲,³,m̥h,ɯ,̠d
21292,匬,jʊ³⁵,j,ʊ,³⁵,ɡ‧l,o,̠
21293,匭,kʷɰi³⁵,kʷɰ,i,³⁵,kr,u,ʔ
21294,匮,,,,,,,
21295,匯,ɦu̯oi³¹,ɦ,u̯oi,³¹,khr,u,̠l
21296,匰,tɑn³³,t,ɑn,³³,t,a,̠n
21297,匱,ɡʷɰi³¹,ɡʷɰ,i,³¹,ɡr,u,ds
21298,匲,liᴇm³³,l,iᴇm,³³,,,
21299,匳,liᴇm³³,l,iᴇm,³³,ɡ,ə,r
21300,匴,ɕɰiᴇn³⁵,ɕɰ,iᴇn,³⁵,skl,o,̠nʔ
21301,匵,duk³̲³̲,d,uk̲̲,³,ɡ‧l,o,̠ɡ
21302,匶,ɡɨu³⁵,ɡ,ɨu,³⁵,ɡʷ,ɯ,s
21303,匷,,,,,k,a,ɡ
21304,匸,ɦei³⁵,ɦ,ei,³⁵,ɡ,e,̠ʔ
21305,匹,pʰit³̲³̲,pʰ,it̲̲,³,ph,i,ɡ
21306,区,ʔu³³,ʔ,u,³³,,,
21307,医,ʔei³¹,ʔ,ei,³¹,q,i,̠s
21308,匼,,,,,,,
21309,匽,ʔjɤn³¹,ʔj,ɤn,³¹,q,a,nʔ
21310,匾,pen³⁵,p,en,³⁵,,,
21311,匿,ɳɨk³̲³̲,ɳ,ɨk̲̲,³,n,ɯ,ɡ
21312,區,kʰju³³,kʰj,u,³³,q,o,̠
21313,十,dʑip³̲³̲,dʑ,ip̲̲,³,ɡj,u,b
21314,卂,sʷin³¹,sʷ,in,³¹,sl,i,ns
21315,千,tsʰen³³,tsʰ,en,³³,sn̥,i,̠n
21316,卄,,,,,,,
21317,卅,sɑp³̲³̲,s,ɑp̲̲,³,sl,o,̠b
21318,卆,,,,,,,
21319,升,ɕɨŋ³³,ɕ,ɨŋ,³³,qhlj,ɯ,ŋ
21320,午,ŋu̯o³¹,ŋ,u̯o,³¹,s,ə,ŋ
21321,卉,hʷɨi³⁵,hʷ,ɨi,³⁵,m̥h,u,lʔ
21322,半,pʷɑn³¹,pʷ,ɑn,³¹,p,a,̠ns
21323,卋,ɕiᴇi³¹,ɕ,iᴇi,³¹,,,
21324,卌,sip³̲³̲,s,ip̲̲,³,sl,u,b
21325,卍,,,,,,,
21326,华,ɦʷɰæ³¹,ɦʷɰæ,,³¹,,,
21327,协,ɦep³̲³̲,ɦ,ep̲̲,³,,,
21328,卐,,,,,,,
21329,卑,biᴇ³⁵,b,iᴇ,³⁵,p,e,
21330,卒,tsʷit³̲³̲,tsʷ,it̲̲,³,s,u,d
21331,卓,ʈɰæu³¹,ʈɰæ,u,³¹,k‧r,e,̠wɡ
21332,協,ɦep³̲³̲,ɦ,ep̲̲,³,ɡl,e,̠b
21333,单,tɑn³³,t,ɑn,³³,,,
21334,卖,mɰɛ³¹,mɰ,ɛ,³¹,,,
21335,南,nəm³³,n,əm,³³,n,o,̠m
21336,単,,,,,,,
21337,卙,tɕip³̲³̲,tɕ,ip̲̲,³,khlj,u,b
21338,博,pɑk³̲³̲,p,ɑk̲̲,³,p,a,̠ɡ
21339,卛,,,,,,,
21340,卜,bək³̲³̲,b,ək̲̲,³,p,o,̠ɡ
21341,卝,ɦʷɰæŋ³⁵,ɦʷɰæŋ,,³⁵,ɡʷr,a,̠ŋʔ
21342,卞,bɰiᴇn³¹,bɰ,iᴇn,³¹,br,o,ns
21343,卟,kʰei³⁵,kʰ,ei,³⁵,kh,i,̠ʔ
21344,占,tɕiᴇm³³,tɕ,iᴇm,³³,klj,e,m
21345,卡,,,,,,,
21346,卢,lu̯o³³,l,u̯o,³³,,,
21347,卣,jɨu³⁵,j,ɨu,³⁵,l,ɯ,wʔ
21348,卤,sei³³,s,ei,³³,sl,ɯ,̠l
21349,卥,sei³³,s,ei,³³,sl,ɯ,̠l
21350,卦,kʷɰɛ³¹,kʷɰ,ɛ,³¹,kʷr,e,̠s
21351,卧,ŋʷɑ³¹,ŋʷ,ɑ,³¹,,,
21352,卨,siᴇt³̲³̲,s,iᴇt̲̲,³,sl,e,d
21353,卩,tset³̲³̲,ts,et̲̲,³,s,i,̠ɡ
21354,卪,tset³̲³̲,ts,et̲̲,³,s,i,̠ɡ
21355,卫,,,,,,,
21356,卬,ŋjaŋ³³,ŋj,aŋ,³³,ŋ,a,̠ŋ
21357,卭,,,,,ɡ,o,ŋ
21358,卮,,,,,kj,e,
21359,卯,mɰæu³⁵,mɰæ,u,³⁵,mbr,u,̠ʔ
21360,印,ʔin³¹,ʔ,in,³¹,q,i,ŋs
21361,危,ŋʷɰiᴇ³³,ŋʷɰ,iᴇ,³³,ŋɡr,o,l
21362,卲,dʑiᴇu³¹,dʑ,iᴇu,³¹,dj,e,ws
21363,即,tsɨk³̲³̲,ts,ɨk̲̲,³,s,ɯ,ɡ
21364,却,kʰjak³̲³̲,kʰj,ak̲̲,³,kh,a,ɡ
21365,卵,lʷɑn³⁵,lʷ,ɑn,³⁵,ɡ,ə,r
21366,卶,tɕɰiᴇ³¹,tɕɰ,iᴇ,³¹,qhlj,a,ls
21367,卷,ɡʷɰin³⁵,ɡʷɰ,in,³⁵,ɡr,o,n
21368,卸,sjæ³¹,sjæ,,³¹,sŋ,a,̠s
21369,卹,sʷit³̲³̲,sʷ,it̲̲,³,sqhʷ,i,ɡ
21370,卺,,,,,,,
21371,卻,kjak³̲³̲,kj,ak̲̲,³,kh,a,ɡ
21372,卼,ŋʷjɤt³̲³̲,ŋʷj,ɤt̲̲,³,khr,u,ls
21373,卽,tsɨk³̲³̲,ts,ɨk̲̲,³,s,ɯ,ɡ
21374,卾,ŋɑk³̲³̲,ŋ,ɑk̲̲,³,,,
21375,卿,kʰɰjæŋ³³,kʰɰjæŋ,,³³,khr,a,ŋ
21376,厀,sit³̲³̲,s,it̲̲,³,sl,i,ɡ
21377,厁,,,,,,,
21378,厂,tɕʰjaŋ³¹,tɕʰj,aŋ,³¹,ŋ̊h,a,̠ns
21379,厃,ŋʷɰiᴇ³⁵,ŋʷɰ,iᴇ,³⁵,klj,a,m
21380,厄,ʔɰɛk³̲³̲,ʔɰ,ɛk̲̲,³,qr,e,̠ɡ
21381,厅,tʰeŋ³³,tʰ,eŋ,³³,,,
21382,历,lek³̲³̲,l,ek̲̲,³,,,
21383,厇,ʈɰɛk³̲³̲,ʈɰ,ɛk̲̲,³,,,
21384,厈,hɑn³¹,h,ɑn,³¹,khj,a,ɡ
21385,厉,liᴇi³¹,l,iᴇi,³¹,,,
21386,厊,ŋɰæ³⁵,ŋɰæ,,³⁵,,,
21387,压,ʔɰæp³̲³̲,ʔɰæp̲̲,,³,,,
21388,厌,ʔiᴇm³¹,ʔ,iᴇm,³¹,,,
21389,厍,,,,,,,
21390,厎,tei³¹,t,ei,³¹,tj,i,lʔ
21391,厏,tʂɰæ³⁵,tʂɰæ,,³⁵,,,
21392,厐,,,,,,,
21393,厑,,,,,,,
21394,厒,kʰəp³̲³̲,kʰ,əp̲̲,³,kh,o,̠b
21395,厓,ŋɰɛ³³,ŋɰ,ɛ,³³,ŋr,e,̠
21396,厔,,,,,k‧l,i,ɡ
21397,厕,,,,,,,
21398,厖,mɰɔŋ³³,mɰɔŋ,,³³,mr,o,̠ŋ
21399,厗,dei³³,d,ei,³³,l,i,̠l
21400,厘,lɨ³³,l,ɨ,³³,,,
21401,厙,tɕʰjæ³¹,tɕʰjæ,,³¹,,,
21402,厚,ɦu³⁵,ɦ,u,³⁵,ɡ,o,̠s
21403,厛,,,,,,,
21404,厜,dʑʷiᴇ³³,dʑʷ,iᴇ,³³,st,o,l
21405,厝,tsʰɑk³̲³̲,tsʰ,ɑk̲̲,³,sh,a,̠ɡ
21406,厞,bʷɨi³¹,bʷ,ɨi,³¹,b,ɯ,ls
21407,原,ŋʷjɤn³³,ŋʷj,ɤn,³³,ŋɡ,o,n
21408,厠,,,,,,,
21409,厡,,,,,,,
21410,厢,sjaŋ³³,sj,aŋ,³³,,,
21411,厣,ʔiᴇm³⁵,ʔ,iᴇm,³⁵,,,
21412,厤,lek³̲³̲,l,ek̲̲,³,r,e,̠ɡ
21413,厥,kʷjɤt³̲³̲,kʷj,ɤt̲̲,³,k,u,d
21414,厦,ɦɰæ³⁵,ɦɰæ,,³⁵,,,
21415,厧,ten³³,t,en,³³,,,
21416,厨,ɖjʊ³³,ɖj,ʊ,³³,,,
21417,厩,,,,,,,
21418,厪,,,,,,,
21419,厫,,,,,,,
21420,厬,kʷɰi³⁵,kʷɰ,i,³⁵,kʷr,ɯ,ʔ
21421,厭,ʔiᴇp³̲³̲,ʔ,iᴇp̲̲,³,q,e,mʔ
21422,厮,siᴇ³³,s,iᴇ,³³,,,
21423,厯,,,,,,,
21424,厰,,,,,,,
21425,厱,kʰjam³³,kʰj,am,³³,ɡ,ə,r
21426,厲,liᴇi³¹,l,iᴇi,³¹,b,ə,r
21427,厳,,,,,,,
21428,厴,ʔɰiᴇm³⁵,ʔɰ,iᴇm,³⁵,,,
21429,厵,,,,,ŋɡ,o,n
21430,厶,si³³,s,i,³³,sl,i,l
21431,厷,ɦʷɰɛŋ³³,ɦʷɰ,ɛŋ,³³,ɡʷr,ɯ,̠ŋ
21432,厸,mem³⁵,m,em,³⁵,,,
21433,厹,ȵɨu³¹,ȵ,ɨu,³¹,ɡ,u,
21434,厺,,,,,,,
21435,去,kʰjɤ³¹,kʰj,ɤ,³¹,kh,a,s
21436,厼,,,,,,,
21437,厽,lʷiᴇ³⁵,lʷ,iᴇ,³⁵,r,o,lʔ
21438,厾,,,,,,,
21439,县,ɦʷen³¹,ɦʷ,en,³¹,,,
21440,叀,dʐʷiᴇn³¹,dʐʷ,iᴇn,³¹,dj,o,ns
21441,叁,,,,,,,
21442,参,ʂim³³,ʂ,im,³³,,,
21443,參,ʂim³³,ʂ,im,³³,shr,u,m
21444,叄,ʂim³³,ʂ,im,³³,sr,ɯ,m
21445,叅,,,,,,,
21446,叆,,,,,,,
21447,叇,,,,,,,
21448,又,mɰæn³¹,mɰæn,,³¹,ɢʷ,ɯ,s
21449,叉,tʂʰɰæ³³,tʂʰɰæ,,³³,skhr,a,̠l
21450,及,ɡɰip³̲³̲,ɡɰ,ip̲̲,³,ɡr,ɯ,b
21451,友,ɦʲɨu³⁵,ɦʲ,ɨu,³⁵,ɢʷ,ɯ,ʔ
21452,双,ʂɰɔŋ³³,ʂɰɔŋ,,³³,,,
21453,反,pʷjɤn³¹,pʷj,ɤn,³¹,p,a,nʔ
21454,収,,,,,,,
21455,叏,,,,,,,
21456,叐,,,,,,,
21457,发,pʷjɤt³̲³̲,pʷj,ɤt̲̲,³,,,
21458,叒,ȵjak³̲³̲,ȵj,ak̲̲,³,nj,a,ɡ
21459,叓,,,,,,,
21460,叔,ɕjuk³̲³̲,ɕj,uk̲̲,³,qhj,ɯ,wɡ
21461,叕,kɰiᴇt³̲³̲,kɰ,iᴇt̲̲,³,t,o,d
21462,取,tsʰu³⁵,tsʰ,u,³⁵,skh,o,ʔ
21463,受,dɑu³¹,d,ɑu,³¹,dj,u,ʔ
21464,变,pɰiᴇn³¹,pɰ,iᴇn,³¹,,,
21465,叙,zjɤ³⁵,zj,ɤ,³⁵,sɢl,a,ʔ
21466,叚,kɰæ³¹,kɰæ,,³¹,kr,a,̠ʔ
21467,叛,pʰʷɑn³¹,pʰʷ,ɑn,³¹,b,a,̠ns
21468,叜,su³⁵,s,u,³⁵,sl,u,̠ʔ
21469,叝,,,,,,,
21470,叞,,,,,,,
21471,叟,seu³³,s,eu,³³,sl,u,̠ʔ
21472,叠,dep³̲³̲,d,ep̲̲,³,,,
21473,叡,jʷiᴇi³¹,jʷ,iᴇi,³¹,ɢʷ,e,ds
21474,叢,dzuŋ³³,dz,uŋ,³³,sɡ,o,̠ŋ
21475,口,ɦʲʷɨi³³,ɦʲʷ,ɨi,³³,kh,o,̠ʔ
21476,古,ku̯o³¹,k,u̯o,³¹,k,a,̠ʔ
21477,句,kjʊ³¹,kj,ʊ,³¹,k,o,̠
21478,另,,,,,,,
21479,叧,,,,,,,
21480,叨,tʰɑu³³,tʰ,ɑu,³³,th,a,̠w
21481,叩,kʰu³¹,kʰ,u,³¹,kh,o,̠ʔ
21482,只,tɕiᴇ³⁵,tɕ,iᴇ,³⁵,kj,e,
21483,叫,keu³¹,k,eu,³¹,k,i,̠ws
21484,召,dʑiᴇu³¹,dʑ,iᴇu,³¹,d,e,ws
21485,叭,pʰɰɛt³̲³̲,pʰɰ,ɛt̲̲,³,,,
21486,叮,teŋ³³,t,eŋ,³³,,,
21487,可,kɑ³³,k,ɑ,³³,kh,a,̠lʔ
21488,台,dəi³³,d,əi,³³,ɢl,ɯ,
21489,叱,tɕʰit³̲³̲,tɕʰ,it̲̲,³,n̥j,i,d
21490,史,ʂɨ³⁵,ʂ,ɨ,³⁵,sqr,ɯ,ʔ
21491,右,ɦʲɨu³¹,ɦʲ,ɨu,³¹,ɢʷ,ɯ,s
21492,叴,ɡɨu³³,ɡ,ɨu,³³,ɡ,u,
21493,叵,pʰʷɑ³⁵,pʰʷ,ɑ,³⁵,p‧kh,a,̠lʔ
21494,叶,jiᴇp³̲³̲,j,iᴇp̲̲,³,ɡl,e,̠b
21495,号,hɰiᴇu³³,hɰ,iᴇu,³³,ɡ,o,̠ws
21496,司,sɨ³¹,s,ɨ,³¹,l̥j,ɯ,
21497,叹,tʰɑn³¹,tʰ,ɑn,³¹,,,
21498,叺,,,,,,,
21499,叻,,,,,,,
21500,叼,,,,,,,
21501,叽,,,,,,,
21502,叾,,,,,,,
21503,叿,ɦuŋ³³,ɦ,uŋ,³³,,,
21504,吀,,,,,,,
21505,吁,hjʊ³³,hj,ʊ,³³,ɢʷ,a,s
21506,吂,mɑŋ³¹,m,ɑŋ,³¹,m,a,̠ŋ
21507,吃,kjɤt³̲³̲,kj,ɤt̲̲,³,k,ɯ,d
21508,各,kɑk³̲³̲,k,ɑk̲̲,³,kl,a,̠ɡ
21509,吅,sʷiᴇn³³,sʷ,iᴇn,³³,sɢ,o,ŋs
21510,吆,ʔeu³³,ʔ,eu,³³,,,
21511,吇,tsɨ³⁵,ts,ɨ,³⁵,,,
21512,合,ɦəp³̲³̲,ɦ,əp̲̲,³,ɡ,u,̠b
21513,吉,kit³̲³̲,k,it̲̲,³,k,i,d
21514,吊,,,,,t,i,̠wɡs
21515,吋,,,,,,,
21516,同,duŋ³³,d,uŋ,³³,d,o,̠ŋ
21517,名,miᴇŋ³³,m,iᴇŋ,³³,m,e,ŋ
21518,后,ɦu³⁵,ɦ,u,³⁵,ɡ,o,̠s
21519,吏,lɨ³¹,l,ɨ,³¹,ɡ,ə,r
21520,吐,tʰu̯o³⁵,tʰ,u̯o,³⁵,kh‧l,a,̠s
21521,向,ɕjaŋ³¹,ɕj,aŋ,³¹,qh,a,ŋs
21522,吒,ʈɰæ³³,ʈɰæ,,³³,k‧r,a,̠ɡs
21523,吓,hɰæk³̲³̲,hɰæk̲̲,,³,,,
21524,吔,,,,,,,
21525,吕,ljɤ³⁵,lj,ɤ,³⁵,q,o,ŋ
21526,吖,,,,,,,
21527,吗,,,,,,,
21528,吘,,,,,,,
21529,吙,hʷjɑ³³,hʷj,ɑ,³³,,,
21530,吚,hi³¹,h,i,³¹,,,
21531,君,kjun³³,kj,un,³³,kl,u,n
21532,吜,ʈʰɨu³⁵,ʈʰ,ɨu,³⁵,,,
21533,吝,,,,,m,ə,r
21534,吞,tʰən³³,tʰ,ən,³³,l̥,ɯ,̠n
21535,吟,ŋɰim³³,ŋɰ,im,³³,ŋɡr,ɯ,ms
21536,吠,bʷjai³¹,bʷj,ai,³¹,b,o,ds
21537,吡,bit³̲³̲,b,it̲̲,³,p,i,ʔ
21538,吢,tsʰim³¹,tsʰ,im,³¹,,,
21539,吣,tsʰim³¹,tsʰ,im,³¹,,,
21540,吤,kɰɛi³¹,kɰ,ɛi,³¹,kr,e,̠ds
21541,吥,pʰu³³,pʰ,u,³³,,,
21542,否,bɰiᴇ³⁵,bɰ,iᴇ,³⁵,p,ɯ,ʔ
21543,吧,pɰæ³³,pɰæ,,³³,,,
21544,吨,tʰu̯on³⁵,tʰ,u̯on,³⁵,,,
21545,吩,pʰən³¹,pʰ,ən,³¹,,,
21546,吪,hʷɰæ³³,hʷɰæ,,³³,ŋʷ,a,̠l
21547,含,ɦəm³³,ɦ,əm,³³,ɡ,ɯ,̠m
21548,听,,,,,ŋɡr,ɯ,nʔ
21549,吭,ɦɑŋ³³,ɦ,ɑŋ,³³,ɡ,a,̠ŋ
21550,吮,dʑʷiᴇn³⁵,dʑʷ,iᴇn,³⁵,sɡ,o,nʔ
21551,启,kʰei³⁵,kʰ,ei,³⁵,kh,e,̠ʔ
21552,吰,ɦʷɰɛŋ³³,ɦʷɰ,ɛŋ,³³,ɡʷr,ɯ,̠ŋ
21553,吱,tɕiᴇ³³,tɕ,iᴇ,³³,,,
21554,吲,ɕin³⁵,ɕ,in,³⁵,,,
21555,吳,ŋu̯o³³,ŋ,u̯o,³³,,,
21556,吴,ŋu̯o³³,ŋ,u̯o,³³,ŋɡʷ,a,̠
21557,吵,miᴇu³⁵,m,iᴇu,³⁵,,,
21558,吶,,,,,,,
21559,吷,hʷet³̲³̲,hʷ,et̲̲,³,qhʷ,e,d
21560,吸,hɰip³̲³̲,hɰ,ip̲̲,³,qhr,ɯ,b
21561,吹,tɕʰʷiᴇ³¹,tɕʰʷ,iᴇ,³¹,khj,o,l
21562,吺,ȵjʊ³³,ȵj,ʊ,³³,t,o,̠
21563,吻,mjun³⁵,mj,un,³⁵,m,ɯ,nʔ
21564,吼,hu³¹,h,u,³¹,qhl,o,̠ʔ
21565,吽,ŋu³³,ŋ,u,³³,qh,o,̠ʔ
21566,吾,ŋu̯o³³,ŋ,u̯o,³³,ŋ,a,̠
21567,吿,,,,,k,u,̠ɡ
21568,呀,hɰæ³³,hɰæ,,³³,qhr,a,̠
21569,呁,kʷin³¹,kʷ,in,³¹,,,
21570,呂,ljɤ³⁵,lj,ɤ,³⁵,,,
21571,呃,ʔɰɛk³̲³̲,ʔɰ,ɛk̲̲,³,qr,e,̠ɡ
21572,呄,,,,,,,
21573,呅,mjun³⁵,mj,un,³⁵,,,
21574,呆,ŋəi³³,ŋ,əi,³³,,,
21575,呇,,,,,,,
21576,呈,ɡʷjaŋ³³,ɡʷj,aŋ,³³,ɡ‧l,e,ŋs
21577,呉,,,,,,,
21578,告,kɑu³¹,k,ɑu,³¹,k,u,̠ɡs
21579,呋,,,,,,,
21580,呌,,,,,,,
21581,呍,,,,,,,
21582,呎,,,,,,,
21583,呏,,,,,,,
21584,呐,ɳʷiᴇt³̲³̲,ɳʷ,iᴇt̲̲,³,n,u,̠b
21585,呑,,,,,,,
21586,呒,,,,,,,
21587,呓,,,,,,,
21588,呔,,,,,,,
21589,呕,ʔu³⁵,ʔ,u,³⁵,,,
21590,呖,,,,,,,
21591,呗,,,,,,,
21592,员,ɦʲʷiᴇn³³,ɦʲʷ,iᴇn,³³,,,
21593,呙,,,,,,,
21594,呚,,,,,,,
21595,呛,,,,,,,
21596,呜,ʔu̯o³³,ʔ,u̯o,³³,,,
21597,呝,ʔɰɛk³̲³̲,ʔɰ,ɛk̲̲,³,qr,e,̠ɡ
21598,呞,ɕɨ³³,ɕ,ɨ,³³,l̥,ɯ,
21599,呟,kʷen³⁵,kʷ,en,³⁵,kʷ,i,̠nʔ
21600,呠,pʰu̯on³⁵,pʰ,u̯on,³⁵,,,
21601,呡,,,,,m,ɯ,nʔ
21602,呢,ɳi³³,ɳ,i,³³,,,
21603,呣,mu³³,m,u,³³,,,
21604,呤,leŋ³³,l,eŋ,³³,ɡ,ə,r
21605,呥,ȵiᴇm³³,ȵ,iᴇm,³³,nj,a,m
21606,呦,ʔju³³,ʔj,u,³³,qr,ɯ,w
21607,呧,tei³³,t,ei,³³,t,i,̠lʔ
21608,周,kʰju³³,kʰj,u,³³,klj,ɯ,w
21609,呩,dʑi³¹,dʑ,i,³¹,,,
21610,呪,tɕɨu³¹,tɕ,ɨu,³¹,,,
21611,呫,tʰem³³,tʰ,em,³³,kh‧l,e,̠b
21612,呬,hɰi³¹,hɰ,i,³¹,l̥h,i,ds
21613,呭,siᴇt³̲³̲,s,iᴇt̲̲,³,ɢl,e,bs
21614,呮,,,,,,,
21615,呯,bɰjæŋ³³,bɰjæŋ,,³³,,,
21616,呰,tsiᴇ³⁵,ts,iᴇ,³⁵,s,e,ʔ
21617,呱,ʔʷɰæ³³,ʔʷɰæ,,³³,kʷ,a,̠
21618,呲,dzɨ³³,dz,ɨ,³³,,,
21619,味,mɰɛi³¹,mɰ,ɛi,³¹,m,ɯ,ds
21620,呴,hjʊ³¹,hj,ʊ,³¹,qh,o,̠ʔ
21621,呵,ɦɑ³³,ɦ,ɑ,³³,qh,a,̠ls
21622,呶,ɳɰæu³³,ɳɰæ,u,³³,rn,u,̠
21623,呷,hɰɛp³̲³̲,hɰ,ɛp̲̲,³,qhr,a,̠b
21624,呸,,,,,,,
21625,呹,jit³̲³̲,j,it̲̲,³,l,i,ɡ
21626,呺,hɰiᴇu³³,hɰ,iᴇu,³³,qhr,o,w
21627,呻,sin³³,s,in,³³,l̥,i,n
21628,呼,hɑ³¹,h,ɑ,³¹,qh,a,̠
21629,命,mɰjæŋ³¹,mɰjæŋ,,³¹,mɡr,e,ŋs
21630,呾,ʈʰɰɛt³̲³̲,ʈʰɰ,ɛt̲̲,³,,,
21631,呿,kʰjap³̲³̲,kʰj,ap̲̲,³,kh,a,b
21632,咀,tsjɤ³⁵,tsj,ɤ,³⁵,sk,a,ʔ
21633,咁,ɦɰæm³³,ɦɰæm,,³³,,,
21634,咂,,,,,s,u,̠b
21635,咃,,,,,,,
21636,咄,tu̯ot³̲³̲,t,u̯ot̲̲,³,k‧l,u,̠d
21637,咅,ʔɨk³̲³̲,ʔ,ɨk̲̲,³,ph‧l,ɯ,s
21638,咆,bɰæu³¹,bɰæ,u,³¹,br,u,̠
21639,咇,pɰit³̲³̲,pɰ,it̲̲,³,bl,i,̠ɡ
21640,咈,bjut³̲³̲,bj,ut̲̲,³,b,ɯ,d
21641,咉,ʔɑŋ³⁵,ʔ,ɑŋ,³⁵,,,
21642,咊,ɦʷɑ³³,ɦʷ,ɑ,³³,ɡ,o,̠l
21643,咋,dʐɰæ³¹,dʐɰæ,,³¹,zr,a,̠ɡ
21644,和,ɦʷɑ³¹,ɦʷ,ɑ,³¹,ɡ,o,̠ls
21645,咍,həi³³,h,əi,³³,qhl,ɯ,̠
21646,咎,ɡɨu³⁵,ɡ,ɨu,³⁵,k,u,̠
21647,咏,ɦʲʷɰjæŋ³¹,ɦʲʷɰjæŋ,,³¹,ɢʷr,a,ŋs
21648,咐,,,,,p,o,s
21649,咑,,,,,,,
21650,咒,tɕɨu³¹,tɕ,ɨu,³¹,,,
21651,咓,,,,,,,
21652,咔,,,,,,,
21653,咕,,,,,,,
21654,咖,,,,,,,
21655,咗,,,,,,,
21656,咘,,,,,,,
21657,咙,luŋ³³,l,uŋ,³³,,,
21658,咚,,,,,,,
21659,咛,neŋ³³,n,eŋ,³³,,,
21660,咜,,,,,,,
21661,咝,,,,,,,
21662,咞,ɦen³¹,ɦ,en,³¹,,,
21663,咟,ɦʷɰɛk³̲³̲,ɦʷɰ,ɛk̲̲,³,,,
21664,咠,tsip³̲³̲,ts,ip̲̲,³,skh,i,b
21665,咡,ȵɨ³¹,ȵ,ɨ,³¹,mlj,ɯ,
21666,咢,ŋɑk³̲³̲,ŋ,ɑk̲̲,³,ŋ,a,̠ɡ
21667,咣,,,,,,,
21668,咤,tu̯o³¹,t,u̯o,³¹,k‧r,a,̠
21669,咥,hɨ³³,h,ɨ,³³,kh‧l,i,ɡ
21670,咦,ji³³,j,i,³³,l̥h,i,
21671,咧,liᴇt³̲³̲,l,iᴇt̲̲,³,,,
21672,咨,tsi³³,ts,i,³³,s,i,
21673,咩,mjæ³³,mjæ,,³³,,,
21674,咪,,,,,,,
21675,咫,tɕiᴇ³⁵,tɕ,iᴇ,³⁵,kj,e,ʔ
21676,咬,ŋɰæu³⁵,ŋɰæ,u,³⁵,qr,e,̠w
21677,咭,ɡit³̲³̲,ɡ,it̲̲,³,,,
21678,咮,ʈɨu³¹,ʈ,ɨu,³¹,t,u,
21679,咯,kɑk³̲³̲,k,ɑk̲̲,³,,,
21680,咰,,,,,sqʷr,i,d
21681,咱,,,,,,,
21682,咲,siᴇu³¹,s,iᴇu,³¹,sqh,o,ws
21683,咳,kəi³³,k,əi,³³,ɡ,ɯ,̠
21684,咴,,,,,,,
21685,咵,kʰʷɰæ³⁵,kʰʷɰæ,,³⁵,,,
21686,咶,hʷɰæi³¹,hʷɰæ,i,³¹,qhr,o,̠ds
21687,咷,tʰeu³¹,tʰ,eu,³¹,kh‧l,e,̠ws
21688,咸,kɰɛm³⁵,kɰ,ɛm,³⁵,ɡr,o,̠m
21689,咹,ʔɑt³̲³̲,ʔ,ɑt̲̲,³,,,
21690,咺,hʷjɤn³⁵,hʷj,ɤn,³⁵,qh,o,nʔ
21691,咻,hjʊ³⁵,hj,ʊ,³⁵,qh,u,
21692,咼,kʰʷɰɛ³³,kʰʷɰ,ɛ,³³,khr,o,̠l
21693,咽,ʔen³³,ʔ,en,³³,q,i,̠ns
21694,咾,lɑu³⁵,l,ɑu,³⁵,,,
21695,咿,ʔi³³,ʔ,i,³³,q,i,l
21696,哀,ʔəi³³,ʔ,əi,³³,q,ɯ,̠l
21697,品,pʰɰim³⁵,pʰɰ,im,³⁵,phr,u,mʔ
21698,哂,ɕin³⁵,ɕ,in,³⁵,l̥,ɯ,nʔ
21699,哃,duŋ³³,d,uŋ,³³,,,
21700,哄,huŋ³³,h,uŋ,³³,,,
21701,哅,huŋ³³,h,uŋ,³³,qh,o,̠ŋ
21702,哆,tɕʰjæ³⁵,tɕʰjæ,,³⁵,kh‧r,a,̠l
21703,哇,ɦʷɰɛ³³,ɦʷɰ,ɛ,³³,qʷr,e,̠
21704,哈,həp³̲³̲,h,əp̲̲,³,ŋɡ,u,̠b
21705,哉,tsəi³³,ts,əi,³³,s,ɯ,̠
21706,哊,ɦʲjuk³̲³̲,ɦʲj,uk̲̲,³,ɢʷ,ɯ,ɡ
21707,哋,,,,,,,
21708,哌,,,,,,,
21709,响,hjaŋ³⁵,hj,aŋ,³⁵,,,
21710,哎,,,,,,,
21711,哏,,,,,,,
21712,哐,,,,,,,
21713,哑,ʔɰæ³⁵,ʔɰæ,,³⁵,,,
21714,哒,,,,,,,
21715,哓,,,,,,,
21716,哔,,,,,,,
21717,哕,ʔʷjɤt³̲³̲,ʔʷj,ɤt̲̲,³,,,
21718,哖,,,,,,,
21719,哗,,,,,,,
21720,哘,,,,,,,
21721,哙,,,,,,,
21722,哚,,,,,,,
21723,哛,,,,,,,
21724,哜,,,,,,,
21725,哝,,,,,,,
21726,哞,,,,,,,
21727,哟,,,,,,,
21728,哠,ɦɑu³¹,ɦ,ɑu,³¹,,,
21729,員,ɦʲjun³¹,ɦʲj,un,³¹,ɢr,u,n
21730,哢,luŋ³¹,l,uŋ,³¹,,,
21731,哣,tʰu³¹,tʰ,u,³¹,,,
21732,哤,mɰɔŋ³³,mɰɔŋ,,³³,mr,o,̠ŋ
21733,哥,kɑ³³,k,ɑ,³³,k,a,̠l
21734,哦,ŋɑ³⁵,ŋ,ɑ,³⁵,ŋ,a,̠l
21735,哧,hɰæ³¹,hɰæ,,³¹,,,
21736,哨,sɑu³³,s,ɑu,³³,sph,e,ws
21737,哩,,,,,,,
21738,哪,net³̲³̲,n,et̲̲,³,,,
21739,哫,,,,,s,o,ɡ
21740,哬,ɦɑ³³,ɦ,ɑ,³³,,,
21741,哭,kʰuk³̲³̲,kʰ,uk̲̲,³,ŋ̊,o,̠ɡ
21742,哮,hɰæu³⁵,hɰæ,u,³⁵,qhr,u,̠
21743,哯,ɦen³¹,ɦ,en,³¹,ɡ,e,̠nʔ
21744,哰,lɑu³³,l,ɑu,³³,ɡ,ə,r
21745,哱,bu̯ot³̲³̲,b,u̯ot̲̲,³,,,
21746,哲,ʈiᴇt³̲³̲,ʈ,iᴇt̲̲,³,k‧l,e,d
21747,哳,ʈɰæt³̲³̲,ʈɰæt̲̲,,³,k‧r,e,̠d
21748,哴,lɑŋ³³,l,ɑŋ,³³,r,a,ŋs
21749,哵,pɰɛt³̲³̲,pɰ,ɛt̲̲,³,,,
21750,哶,miᴇ³⁵,m,iᴇ,³⁵,,,
21751,哷,lʷiᴇt³̲³̲,lʷ,iᴇt̲̲,³,,,
21752,哸,su̯oi³³,s,u̯oi,³³,,,
21753,哹,pʰɨu³³,pʰ,ɨu,³³,b,u,
21754,哺,bu̯o³¹,b,u̯o,³¹,b,a,̠s
21755,哻,,,,,,,
21756,哼,hɰæŋ³³,hɰæŋ,,³³,,,
21757,哽,ʔɰæŋ³⁵,ʔɰæŋ,,³⁵,kr,a,̠ŋʔ
21758,哾,,,,,,,
21759,哿,kɑ³⁵,k,ɑ,³⁵,k,a,̠lʔ
21760,唀,,,,,,,
21761,唁,ŋjɤn³¹,ŋj,ɤn,³¹,ŋr,a,ns
21762,唂,kuk³̲³̲,k,uk̲̲,³,,,
21763,唃,kuk³̲³̲,k,uk̲̲,³,,,
21764,唄,bɰæi³¹,bɰæ,i,³¹,,,
21765,唅,ɦəm³¹,ɦ,əm,³¹,ɡ,ɯ,̠ms
21766,唆,ʂʷɰæ³¹,ʂʷɰæ,,³¹,sqh,o,̠l
21767,唇,tɕin³³,tɕ,in,³³,plj,ɯ,n
21768,唈,ʔəp³̲³̲,ʔ,əp̲̲,³,q,ɯ,̠b
21769,唉,həi³³,h,əi,³³,qr,ɯ,̠ʔ
21770,唊,kep³̲³̲,k,ep̲̲,³,k,e,̠b
21771,唋,tʰu̯o³³,tʰ,u̯o,³³,,,
21772,唌,ziᴇn³³,z,iᴇn,³³,,,
21773,唍,ɦɰæn³⁵,ɦɰæn,,³⁵,,,
21774,唎,li³¹,l,i,³¹,,,
21775,唏,hɨi³¹,h,ɨi,³¹,qhl,ɯ,ls
21776,唐,dɑŋ³³,d,ɑŋ,³³,ɡ‧l,a,̠ŋ
21777,唑,,,,,,,
21778,唒,,,,,,,
21779,唓,,,,,,,
21780,唔,,,,,,,
21781,唕,,,,,,,
21782,唖,,,,,,,
21783,唗,,,,,,,
21784,唘,,,,,,,
21785,唙,,,,,,,
21786,唚,,,,,,,
21787,唛,,,,,,,
21788,唜,,,,,,,
21789,唝,,,,,,,
21790,唞,,,,,,,
21791,唟,,,,,,,
21792,唠,lɑu³³,l,ɑu,³³,,,
21793,唡,,,,,,,
21794,唢,,,,,,,
21795,唣,,,,,,,
21796,唤,hʷɑn³¹,hʷ,ɑn,³¹,qh,o,̠ns
21797,唥,,,,,,,
21798,唦,,,,,,,
21799,唧,tsɨk³̲³̲,ts,ɨk̲̲,³,s,ɯ,ɡ
21800,唨,,,,,,,
21801,唩,ʔʷɑ³³,ʔʷ,ɑ,³³,,,
21802,唪,bjʊŋ³⁵,bj,ʊŋ,³⁵,b,o,ŋʔ
21803,唫,ɡɰim³⁵,ɡɰ,im,³⁵,ŋɡr,ɯ,m
21804,唬,hɰæ³¹,hɰæ,,³¹,qhr,a,̠s
21805,唭,kʰɨ³¹,kʰ,ɨ,³¹,kh,ɯ,s
21806,售,dʑɨu³¹,dʑ,ɨu,³¹,ɡj,u,s
21807,唯,jʷi³³,jʷ,i,³³,ɢ,u,lʔ
21808,唰,ʂʷiᴇt³̲³̲,ʂʷ,iᴇt̲̲,³,,,
21809,唱,tɕʰjaŋ³¹,tɕʰj,aŋ,³¹,thj,a,ŋs
21810,唲,ʔɰɛ³³,ʔɰ,ɛ,³³,qr,e,̠
21811,唳,let³̲³̲,l,et̲̲,³,r,ɯ,̠ds
21812,唴,kʰjaŋ³¹,kʰj,aŋ,³¹,khl,a,ŋs
21813,唵,ʔəm³⁵,ʔ,əm,³⁵,,,
21814,唶,dʐɰæk³̲³̲,dʐɰæk̲̲,,³,s,a,ɡs
21815,唷,juk³̲³̲,j,uk̲̲,³,,,
21816,唸,tem³¹,t,em,³¹,k‧l,ɯ,̠ns
21817,唹,ʔjɤ³³,ʔj,ɤ,³³,q,a,
21818,唺,tʰen³⁵,tʰ,en,³⁵,,,
21819,唻,ləi³⁵,l,əi,³⁵,,,
21820,唼,ʂɰɛp³̲³̲,ʂɰ,ɛp̲̲,³,sr,e,̠b
21821,唽,sek³̲³̲,s,ek̲̲,³,,,
21822,唾,tʰʷɑ³¹,tʰʷ,ɑ,³¹,th,o,̠ls
21823,唿,hu̯ot³̲³̲,h,u̯ot̲̲,³,,,
21824,啀,ŋɰɛ³³,ŋɰ,ɛ,³³,ŋr,e,̠
21825,啁,tʂɨu³³,tʂ,ɨu,³³,k‧l,u,̠w
21826,啂,nu³⁵,n,u,³⁵,,,
21827,啃,,,,,,,
21828,啄,tuk³̲³̲,t,uk̲̲,³,t,o,̠ɡ
21829,啅,ʈɰæu³¹,ʈɰæ,u,³¹,,,
21830,商,ɕjaŋ³³,ɕj,aŋ,³³,qhlj,a,ŋ
21831,啇,tek³̲³̲,t,ek̲̲,³,k‧l,e,̠ɡ
21832,啈,hɰæŋ³¹,hɰæŋ,,³¹,,,
21833,啉,ləm³³,l,əm,³³,,,
21834,啊,ʔɑ³¹,ʔ,ɑ,³¹,,,
21835,啋,,,,,,,
21836,啌,kʰɰɔŋ³³,kʰɰɔŋ,,³³,,,
21837,啍,tu̯oi³⁵,t,u̯oi,³⁵,kh‧l,u,̠n
21838,啎,ŋu̯o³¹,ŋ,u̯o,³¹,ŋ,a,̠s
21839,問,mjun³¹,mj,un,³¹,m,ɯ,ns
21840,啐,ɕʷiᴇi³¹,ɕʷ,iᴇi,³¹,sh,u,̠ds
21841,啑,ʂəp³̲³̲,ʂ,əp̲̲,³,sr,a,̠b
21842,啒,ku̯ot³̲³̲,k,u̯ot̲̲,³,,,
21843,啓,kʰei³⁵,kʰ,ei,³⁵,kh,e,̠ʔ
21844,啔,,,,,kh,e,̠ʔ
21845,啕,dɑu³³,d,ɑu,³³,,,
21846,啖,dɑm³¹,d,ɑm,³¹,ɡ‧l,a,̠ms
21847,啗,ɦɰæm³⁵,ɦɰæm,,³⁵,ɡ‧l,a,̠mʔ
21848,啘,,,,,kj,o,d
21849,啙,tsei³³,ts,ei,³³,z,e,̠ʔ
21850,啚,pɰi³⁵,pɰ,i,³⁵,pr,ɯ,ʔ
21851,啛,tsʰu̯oi³¹,tsʰ,u̯oi,³¹,,,
21852,啜,tɕʰʷiᴇt³̲³̲,tɕʰʷ,iᴇt̲̲,³,t,o,d
21853,啝,,,,,,,
21854,啞,ʔɰɛk³̲³̲,ʔɰ,ɛk̲̲,³,qr,a,̠ʔ
21855,啟,,,,,,,
21856,啠,,,,,,,
21857,啡,pʰu̯oi³⁵,pʰ,u̯oi,³⁵,,,
21858,啢,,,,,,,
21859,啣,,,,,,,
21860,啤,,,,,,,
21861,啥,,,,,,,
21862,啦,,,,,,,
21863,啧,tʂɰɛk³̲³̲,tʂɰ,ɛk̲̲,³,,,
21864,啨,dziᴇŋ³³,dz,iᴇŋ,³³,,,
21865,啩,,,,,,,
21866,啪,,,,,,,
21867,啫,,,,,,,
21868,啬,ʂɨk³̲³̲,ʂ,ɨk̲̲,³,,,
21869,啭,ʈʷiᴇn³¹,ʈʷ,iᴇn,³¹,,,
21870,啮,,,,,,,
21871,啯,,,,,,,
21872,啰,,,,,,,
21873,啱,,,,,,,
21874,啲,,,,,,,
21875,啳,,,,,ɡr,o,n
21876,啴,tɕʰiᴇn³⁵,tɕʰ,iᴇn,³⁵,,,
21877,啵,,,,,,,
21878,啶,,,,,,,
21879,啷,,,,,,,
21880,啸,,,,,,,
21881,啹,,,,,,,
21882,啺,dɑŋ³³,d,ɑŋ,³³,ɡ‧l,a,̠ŋ
21883,啻,tei³¹,t,ei,³¹,l̥,e,ɡs
21884,啼,dei³³,d,ei,³³,ɡ‧l,e,̠
21885,啽,ŋəm³³,ŋ,əm,³³,ŋɡ,o,̠m
21886,啾,tsɨu³³,ts,ɨu,³³,s,ɯ,w
21887,啿,dəm³⁵,d,əm,³⁵,ɡ‧l,u,̠mʔ
21888,喀,kʰɰæk³̲³̲,kʰɰæk̲̲,,³,khr,a,̠ɡ
21889,喁,ŋu³⁵,ŋ,u,³⁵,ŋ,o,ŋ
21890,喂,,,,,,,
21891,喃,ɳɰɛm³³,ɳɰ,ɛm,³³,,,
21892,善,dʑiᴇn³⁵,dʑ,iᴇn,³⁵,dj,e,nʔ
21893,喅,juk³̲³̲,j,uk̲̲,³,l,u,ɡ
21894,喆,ʈiᴇt³̲³̲,ʈ,iᴇt̲̲,³,k‧l,e,d
21895,喇,lɑt³̲³̲,l,ɑt̲̲,³,,,
21896,喈,kɰɛi³³,kɰ,ɛi,³³,kr,i,̠l
21897,喉,ɦu³³,ɦ,u,³³,ɡ,o,̠
21898,喊,hɑm³⁵,h,ɑm,³⁵,ɡr,ɯ,̠mʔ
21899,喋,kʰɰiᴇp³̲³̲,kʰɰ,iᴇp̲̲,³,ɡ‧r,e,̠b
21900,喌,tɕɨu³³,tɕ,ɨu,³³,klj,u,
21901,喍,dʐɰɛ³³,dʐɰ,ɛ,³³,,,
21902,喎,kʰʷɰɛ³³,kʰʷɰ,ɛ,³³,khr,o,̠l
21903,喏,ȵjæ³⁵,ȵjæ,,³⁵,n,a,̠ɡ
21904,喐,ʔjuk³̲³̲,ʔj,uk̲̲,³,,,
21905,喑,ʔɰim³¹,ʔɰ,im,³¹,qr,ɯ,ms
21906,喒,tsəm³⁵,ts,əm,³⁵,,,
21907,喓,ʔiᴇu³³,ʔ,iᴇu,³³,q,e,w
21908,喔,ʔuk³̲³̲,ʔ,uk̲̲,³,qr,o,̠ɡ
21909,喕,,,,,,,
21910,喖,ɦu̯o³³,ɦ,u̯o,³³,ɡ,a,̠
21911,喗,dzu̯on³⁵,dz,u̯on,³⁵,ŋɡ,u,nʔ
21912,喘,tɕʰʷiᴇn³⁵,tɕʰʷ,iᴇn,³⁵,khlj,o,nʔ
21913,喙,tɕʰʷiᴇi³¹,tɕʰʷ,iᴇi,³¹,qhl,o,ds
21914,喚,hʷɑn³¹,hʷ,ɑn,³¹,qh,o,̠ns
21915,喛,hʷjɤn³³,hʷj,ɤn,³³,qh,o,̠ns
21916,喜,hɨ³¹,h,ɨ,³¹,qh,ɯ,ʔ
21917,喝,kʰɑi³¹,kʰ,ɑi,³¹,qh,a,̠d
21918,喞,,,,,,,
21919,喟,kʰʷɰi³¹,kʰʷɰ,i,³¹,khr,u,ds
21920,喠,tɕjʊŋ³⁵,tɕj,ʊŋ,³⁵,,,
21921,喡,ɦʲʷɨi³⁵,ɦʲʷ,ɨi,³⁵,,,
21922,喢,ʈʰiᴇp³̲³̲,ʈʰ,iᴇp̲̲,³,,,
21923,喣,hjʊ³³,hj,ʊ,³³,qh,o,ʔ
21924,喤,ɦɰæŋ³³,ɦɰæŋ,,³³,qhʷr,a,̠ŋ
21925,喥,ʈɰæ³³,ʈɰæ,,³³,,,
21926,喦,ȵiᴇp³̲³̲,ȵ,iᴇp̲̲,³,ŋj,e,b
21927,喧,hʷjɤn³³,hʷj,ɤn,³³,qh,o,n
21928,喨,ljaŋ³¹,lj,aŋ,³¹,,,
21929,喩,,,,,,,
21930,喪,sɑŋ³¹,s,ɑŋ,³¹,sm,a,̠ŋ
21931,喫,kʰɰɛi³¹,kʰɰ,ɛi,³¹,kh,e,̠ɡ
21932,喬,ɡɰiᴇu³³,ɡɰ,iᴇu,³³,kr,e,w
21933,喭,ŋɰiᴇn³¹,ŋɰ,iᴇn,³¹,ŋr,e,ns
21934,單,dʑiᴇn³⁵,dʑ,iᴇn,³⁵,dj,a,ns
21935,喯,,,,,,,
21936,喰,,,,,sh,a,̠n
21937,喱,,,,,,,
21938,喲,,,,,,,
21939,喳,,,,,,,
21940,喴,,,,,,,
21941,喵,,,,,,,
21942,営,,,,,,,
21943,喷,pʰu̯on³¹,pʰ,u̯on,³¹,,,
21944,喸,,,,,,,
21945,喹,,,,,,,
21946,喺,,,,,,,
21947,喻,jʊ³¹,j,ʊ,³¹,l,o,s
21948,喼,,,,,,,
21949,喽,,,,,,,
21950,喾,,,,,,,
21951,喿,tsʰiᴇu³³,tsʰ,iᴇu,³³,sl,a,̠ws
21952,嗀,hɰɔk³̲³̲,hɰɔk̲̲,,³,qh,o,̠ɡ
21953,嗁,dei³³,d,ei,³³,ɡ‧l,e,̠
21954,嗂,jiᴇu³³,j,iᴇu,³³,l,e,w
21955,嗃,hɰæu³¹,hɰæ,u,³¹,qh,o,̠wɡ
21956,嗄,ʔɰɛi³¹,ʔɰ,ɛi,³¹,sqr,a,̠s
21957,嗅,hɨu³¹,h,ɨu,³¹,qhl,u,s
21958,嗆,dʐɰæŋ³³,dʐɰæŋ,,³³,sh,a,ŋs
21959,嗇,ʂɨk³̲³̲,ʂ,ɨk̲̲,³,sr,ɯ,ɡ
21960,嗈,ʔjʊŋ³³,ʔj,ʊŋ,³³,,,
21961,嗉,su̯o³¹,s,u̯o,³¹,sl,a,̠s
21962,嗊,huŋ³¹,h,uŋ,³¹,,,
21963,嗋,hjap³̲³̲,hj,ap̲̲,³,qhl,a,b
21964,嗌,ʔiᴇk³̲³̲,ʔ,iᴇk̲̲,³,q,e,ɡ
21965,嗍,ʂɰɔk³̲³̲,ʂɰɔk̲̲,,³,,,
21966,嗎,,,,,,,
21967,嗏,,,,,,,
21968,嗐,ɦɑi³¹,ɦ,ɑi,³¹,,,
21969,嗑,kɑp³̲³̲,k,ɑp̲̲,³,ɡ,a,̠b
21970,嗒,təp³̲³̲,t,əp̲̲,³,,,
21971,嗓,sɑŋ³⁵,s,ɑŋ,³⁵,,,
21972,嗔,tɕʰin³³,tɕʰ,in,³³,ɡ‧l,i,̠n
21973,嗕,,,,,nj,o,ɡ
21974,嗖,ʂɨu³¹,ʂ,ɨu,³¹,,,
21975,嗗,ʔʷɰɛt³̲³̲,ʔʷɰ,ɛt̲̲,³,,,
21976,嗘,kei³³,k,ei,³³,,,
21977,嗙,pɰæŋ³³,pɰæŋ,,³³,pr,a,̠ŋ
21978,嗚,ʔu̯o³¹,ʔ,u̯o,³¹,q,a,̠
21979,嗛,ɦem³⁵,ɦ,em,³⁵,kh,e,̠mʔ
21980,嗜,dʑi³¹,dʑ,i,³¹,ɡj,i,s
21981,嗝,kɰɛk³̲³̲,kɰ,ɛk̲̲,³,,,
21982,嗞,tsɨ³³,ts,ɨ,³³,s,ɯ,
21983,嗟,tsjæ³³,tsjæ,,³³,s,a,l
21984,嗠,lɑk³̲³̲,l,ɑk̲̲,³,,,
21985,嗡,ʔuŋ³⁵,ʔ,uŋ,³⁵,,,
21986,嗢,ʔʷɰɛt³̲³̲,ʔʷɰ,ɛt̲̲,³,qr,u,̠d
21987,嗣,zɨ³¹,z,ɨ,³¹,lj,ɯ,s
21988,嗤,tɕʰɨ³³,tɕʰ,ɨ,³³,khlj,ɯ,
21989,嗥,ɦɑu³³,ɦ,ɑu,³³,ɡ,u,
21990,嗦,,,,,,,
21991,嗧,,,,,,,
21992,嗨,,,,,,,
21993,嗩,,,,,,,
21994,嗪,,,,,,,
21995,嗫,,,,,,,
21996,嗬,,,,,,,
21997,嗭,,,,,,,
21998,嗮,,,,,,,
21999,嗯,,,,,,,
22000,嗰,,,,,,,
22001,嗱,,,,,,,
22002,嗲,,,,,,,
22003,嗳,,,,,,,
22004,嗴,,,,,,,
22005,嗵,,,,,,,
22006,嗶,pit³̲³̲,p,it̲̲,³,,,
22007,嗷,ŋɑu³³,ŋ,ɑu,³³,ŋɡ,a,̠w
22008,嗸,ŋɑu³³,ŋ,ɑu,³³,ŋɡ,a,̠w
22009,嗹,liᴇn³³,l,iᴇn,³³,,,
22010,嗺,tsjʊ³³,tsj,ʊ,³³,sk,u,̠l
22011,嗻,tɕjæ³³,tɕjæ,,³³,klj,a,ɡs
22012,嗼,mɑk³̲³̲,m,ɑk̲̲,³,mr,a,̠ɡ
22013,嗽,ʂɨu³¹,ʂ,ɨu,³¹,sr,o,̠ɡ
22014,嗾,tsuk³̲³̲,ts,uk̲̲,³,sl,o,̠ɡs
22015,嗿,tʰəm³⁵,tʰ,əm,³⁵,kh‧l,u,̠mʔ
22016,嘀,,,,,,,
22017,嘁,tsəp³̲³̲,ts,əp̲̲,³,,,
22018,嘂,keu³¹,k,eu,³¹,k,i,̠ws
22019,嘃,,,,,,,
22020,嘄,keu³³,k,eu,³³,k,e,̠w
22021,嘅,kʰəi³⁵,kʰ,əi,³⁵,kh,ɯ,̠ds
22022,嘆,,,,,kh‧l,a,̠n
22023,嘇,səm³⁵,s,əm,³⁵,,,
22024,嘈,dziᴇu³³,dz,iᴇu,³³,sɡ,u,̠
22025,嘉,ɦɰæ³¹,ɦɰæ,,³¹,kr,a,̠l
22026,嘊,ŋɰɛ³³,ŋɰ,ɛ,³³,ŋr,e,̠l
22027,嘋,,,,,,,
22028,嘌,pʰiᴇu³¹,pʰ,iᴇu,³¹,ph,e,w
22029,嘍,lu³³,l,u,³³,,,
22030,嘎,kɰɛt³̲³̲,kɰ,ɛt̲̲,³,,,
22031,嘏,kɰæ³⁵,kɰæ,,³⁵,kr,a,̠ʔ
22032,嘐,lɑu³³,l,ɑu,³³,kr,ɯ,̠w
22033,嘑,hu̯o³³,h,u̯o,³³,qh,a,̠
22034,嘒,hʷei³¹,hʷ,ei,³¹,qhʷ,e,̠ds
22035,嘓,kʷɰɛk³̲³̲,kʷɰ,ɛk̲̲,³,kʷr,ɯ,̠ɡ
22036,嘔,tɕʰjʊ³³,tɕʰj,ʊ,³³,q,o,̠ʔ
22037,嘕,kʰɰiᴇn³³,kʰɰ,iᴇn,³³,qhr,a,n
22038,嘖,tʂɰæk³̲³̲,tʂɰæk̲̲,,³,sr,e,̠ɡ
22039,嘗,dʑjaŋ³³,dʑj,aŋ,³³,ɡlj,a,ŋ
22040,嘘,hjɤ³³,hj,ɤ,³³,qh,a,s
22041,嘙,,,,,,,
22042,嘚,,,,,,,
22043,嘛,,,,,,,
22044,嘜,,,,,,,
22045,嘝,,,,,,,
22046,嘞,,,,,,,
22047,嘟,,,,,,,
22048,嘠,,,,,,,
22049,嘡,,,,,,,
22050,嘢,,,,,,,
22051,嘣,,,,,,,
22052,嘤,,,,,,,
22053,嘥,,,,,,,
22054,嘦,,,,,,,
22055,嘧,,,,,,,
22056,嘨,,,,,,,
22057,嘩,ɦʷɰæ³³,ɦʷɰæ,,³³,ɡʷr,a,̠
22058,嘪,mɰɛ³⁵,mɰ,ɛ,³⁵,,,
22059,嘫,ȵiᴇn³³,ȵ,iᴇn,³³,rn,e,̠n
22060,嘬,ʂʷiᴇi³¹,ʂʷ,iᴇi,³¹,skhr,o,̠ds
22061,嘭,bɰæŋ³³,bɰæŋ,,³³,,,
22062,嘮,ʈʰɰæu³³,ʈʰɰæ,u,³³,kh‧r,a,̠w
22063,嘯,seu³¹,s,eu,³¹,sl,ɯ,̠wɡs
22064,嘰,ɡɨi³³,ɡ,ɨi,³³,k,ɯ,l
22065,嘱,tɕjʊk³̲³̲,tɕj,ʊk̲̲,³,,,
22066,嘲,ʈɰæu³³,ʈɰæ,u,³³,rt,e,̠w
22067,嘳,kʰʷɰi³¹,kʰʷɰ,i,³¹,khr,u,̠ls
22068,嘴,tsʷɰiᴇ³⁵,tsʷɰ,iᴇ,³⁵,,,
22069,嘵,heu³³,h,eu,³³,qh,e,̠w
22070,嘶,sei³³,s,ei,³³,sqh,e,̠
22071,嘷,ɦɑu³³,ɦ,ɑu,³³,ɡ,u,̠ʔ
22072,嘸,mjʊ³⁵,mj,ʊ,³⁵,m̥,a,ʔ
22073,嘹,leu³³,l,eu,³³,,,
22074,嘺,ɡiᴇu³³,ɡ,iᴇu,³³,ɡ,e,w
22075,嘻,hɨ³³,h,ɨ,³³,qh,ɯ,
22076,嘼,hɨu³¹,h,ɨu,³¹,qh,u,s
22077,嘽,,,,,th,a,̠n
22078,嘾,dəm³³,d,əm,³³,ɡ‧l,u,̠mʔ
22079,嘿,mjuk³̲³̲,mj,uk̲̲,³,m,ɯ,ɡ
22080,噀,,,,,skl,u,̠ns
22081,噁,ʔʷɑk³̲³̲,ʔʷ,ɑk̲̲,³,q,a,̠ɡs
22082,噂,tsu̯on³⁵,ts,u̯on,³⁵,s,u,̠nʔ
22083,噃,bʷjɤn³³,bʷj,ɤn,³³,,,
22084,噄,,,,,,,
22085,噅,kʰʷɰiᴇ³³,kʰʷɰ,iᴇ,³³,qhʷr,a,l
22086,噆,tsəm³⁵,ts,əm,³⁵,sk,u,̠b
22087,噇,ɖɰɔŋ³³,ɖɰɔŋ,,³³,,,
22088,噈,tsjuk³̲³̲,tsj,uk̲̲,³,s,u,ɡ
22089,噉,dɑm³¹,d,ɑm,³¹,ɡ‧l,a,̠mʔ
22090,噊,jʷit³̲³̲,jʷ,it̲̲,³,ɢʷ,i,d
22091,噋,du̯on³³,d,u̯on,³³,kh‧l,u,̠n
22092,噌,dzɨŋ³³,dz,ɨŋ,³³,shr,ɯ,̠ŋ
22093,噍,dziᴇu³¹,dz,iᴇu,³¹,sɡ,e,ws
22094,噎,ʔit³̲³̲,ʔ,it̲̲,³,q,i,̠ɡ
22095,噏,hɰip³̲³̲,hɰ,ip̲̲,³,qhr,u,b
22096,噐,,,,,,,
22097,噑,ɦɑu³³,ɦ,ɑu,³³,ɡ,u,
22098,噒,len³³,l,en,³³,,,
22099,噓,hjɤ³³,hj,ɤ,³³,,,
22100,噔,,,,,,,
22101,噕,,,,,,,
22102,噖,,,,,,,
22103,噗,,,,,,,
22104,噘,,,,,,,
22105,噙,,,,,,,
22106,噚,,,,,,,
22107,噛,,,,,,,
22108,噜,,,,,,,
22109,噝,,,,,,,
22110,噞,ŋɰiᴇm³¹,ŋɰ,iᴇm,³¹,ŋɡr,o,ms
22111,噟,ʔɨŋ³³,ʔ,ɨŋ,³³,q,ɯ,ŋs
22112,噠,tɑt³̲³̲,t,ɑt̲̲,³,,,
22113,噡,tɕiᴇm³³,tɕ,iᴇm,³³,klj,a,m
22114,噢,ʔjʊ³¹,ʔj,ʊ,³¹,,,
22115,噣,tu³¹,t,u,³¹,k‧l,o,̠ɡs
22116,噤,ɡɰim³⁵,ɡɰ,im,³⁵,ɡr,ɯ,mʔ
22117,噥,nu̯oŋ³³,n,u̯oŋ,³³,rn,u,̠ŋ
22118,噦,ʔʷjɤt³̲³̲,ʔʷj,ɤt̲̲,³,qʷr,a,d
22119,噧,tʰɑt³̲³̲,tʰ,ɑt̲̲,³,m̥hr,a,̠ds
22120,器,kʰɰi³¹,kʰɰ,i,³¹,khr,ɯ,ds
22121,噩,ŋɑk³̲³̲,ŋ,ɑk̲̲,³,ŋ,a,̠ɡ
22122,噪,sɑu³¹,s,ɑu,³¹,sl,a,̠ws
22123,噫,ʔɨ³³,ʔ,ɨ,³³,q,ɯ,
22124,噬,dʑiᴇi³¹,dʑ,iᴇi,³¹,dj,a,ds
22125,噭,keu³³,k,eu,³³,kl,e,̠wɡs
22126,噮,ʔʷen³¹,ʔʷ,en,³¹,qʷ,e,̠ns
22127,噯,ʔɑi³¹,ʔ,ɑi,³¹,,,
22128,噰,ʔjʊŋ³⁵,ʔj,ʊŋ,³⁵,q,o,ŋ
22129,噱,ɡjak³̲³̲,ɡj,ak̲̲,³,ɡl,a,ɡ
22130,噲,kʷɑi³¹,kʷ,ɑi,³¹,khr,o,̠bs
22131,噳,ŋjʊ³⁵,ŋj,ʊ,³⁵,ŋɡʷ,a,ʔ
22132,噴,pjun³¹,pj,un,³¹,ph,ɯ,̠n
22133,噵,dɑu³⁵,d,ɑu,³⁵,,,
22134,噶,,,,,,,
22135,噷,,,,,,,
22136,噸,du̯on³³,d,u̯on,³³,,,
22137,噹,,,,,,,
22138,噺,,,,,,,
22139,噻,,,,,,,
22140,噼,,,,,,,
22141,噽,pʰɰi³⁵,pʰɰ,i,³⁵,,,
22142,噾,ʔɰim³¹,ʔɰ,im,³¹,,,
22143,噿,tsʷi³⁵,tsʷ,i,³⁵,,,
22144,嚀,neŋ³³,n,eŋ,³³,,,
22145,嚁,dek³̲³̲,d,ek̲̲,³,,,
22146,嚂,kɑm³⁵,k,ɑm,³⁵,khl,a,̠ms
22147,嚃,tʰu̯oi³¹,tʰ,u̯oi,³¹,l̥,u,̠b
22148,嚄,ɦʷɰæk³̲³̲,ɦʷɰæk̲̲,,³,ɡʷr,a,̠ɡ
22149,嚅,ȵjʊ³³,ȵj,ʊ,³³,nj,o,
22150,嚆,hɰæu³³,hɰæ,u,³³,qhr,o,̠w
22151,嚇,hɰæk³̲³̲,hɰæk̲̲,,³,qhr,a,̠ɡs
22152,嚈,ʔiᴇp³̲³̲,ʔ,iᴇp̲̲,³,,,
22153,嚉,tu̯ot³̲³̲,t,u̯ot̲̲,³,,,
22154,嚊,pʰɰi³¹,pʰɰ,i,³¹,phr,i,ds
22155,嚋,ʈɨu³³,ʈ,ɨu,³³,,,
22156,嚌,dzei³³,dz,ei,³³,z,i,̠ls
22157,嚍,,,,,s,i,ns
22158,嚎,,,,,,,
22159,嚏,tei³¹,t,ei,³¹,t,i,̠ɡs
22160,嚐,,,,,,,
22161,嚑,,,,,,,
22162,嚒,,,,,,,
22163,嚓,,,,,,,
22164,嚔,ʈi³¹,ʈ,i,³¹,,,
22165,嚕,lu̯o³⁵,l,u̯o,³⁵,,,
22166,嚖,hʷei³¹,hʷ,ei,³¹,qhʷ,e,̠ds
22167,嚗,pʰɰæu³¹,pʰɰæ,u,³¹,pr,o,̠wɡ
22168,嚘,ʔɨu³³,ʔ,ɨu,³³,ql,u,
22169,嚙,ŋɰæu³⁵,ŋɰæ,u,³⁵,,,
22170,嚚,ŋɰin³³,ŋɰ,in,³³,ŋ,i,ŋ
22171,嚛,hɑk³̲³̲,h,ɑk̲̲,³,qhl,u,̠ɡ
22172,嚜,mɰi³¹,mɰ,i,³¹,mr,ɯ,ɡs
22173,嚝,hʷɰæŋ³³,hʷɰæŋ,,³³,qhʷr,a,̠ŋ
22174,嚞,ʈiᴇt³̲³̲,ʈ,iᴇt̲̲,³,k‧l,e,d
22175,嚟,,,,,,,
22176,嚠,,,,,,,
22177,嚡,,,,,,,
22178,嚢,,,,,,,
22179,嚣,hɰiᴇu³³,hɰ,iᴇu,³³,,,
22180,嚤,,,,,,,
22181,嚥,ʔen³¹,ʔ,en,³¹,q,e,̠ns
22182,嚦,lek³̲³̲,l,ek̲̲,³,,,
22183,嚧,lu̯o³³,l,u̯o,³³,ɡ,ə,r
22184,嚨,luŋ³³,l,uŋ,³³,ɡ,ə,r
22185,嚩,,,,,,,
22186,嚪,dɑm³¹,d,ɑm,³¹,,,
22187,嚫,tʂʰɪn³¹,tʂʰ,ɪn,³¹,,,
22188,嚬,bin³³,b,in,³³,b,i,n
22189,嚭,pʰɰi³³,pʰɰ,i,³³,phr,ɯ,ʔ
22190,嚮,hjaŋ³⁵,hj,aŋ,³⁵,qh,a,ŋʔ
22191,嚯,,,,,,,
22192,嚰,,,,,,,
22193,嚱,hɰiᴇ³¹,hɰ,iᴇ,³¹,,,
22194,嚲,tɑ³⁵,t,ɑ,³⁵,t,a,̠lʔ
22195,嚳,kʰu̯ok³̲³̲,kʰ,u̯ok̲̲,³,kh,u,̠ɡ
22196,嚴,ŋjam³¹,ŋj,am,³¹,ŋɡl,a,m
22197,嚵,dziᴇm³⁵,dz,iᴇm,³⁵,zr,a,̠m
22198,嚶,ʔɰɛŋ³³,ʔɰ,ɛŋ,³³,qr,e,̠ŋ
22199,嚷,,,,,,,
22200,嚸,,,,,,,
22201,嚹,,,,,,,
22202,嚺,,,,,,,
22203,嚻,,,,,,,
22204,嚼,tsiᴇu³¹,ts,iᴇu,³¹,sɡ,e,wɡ
22205,嚽,,,,,k‧l,e,ds
22206,嚾,tʰʷɑn³¹,tʰʷ,ɑn,³¹,qh,o,̠ns
22207,嚿,,,,,,,
22208,囀,ʈʷiᴇn³¹,ʈʷ,iᴇn,³¹,t,o,ns
22209,囁,ȵiᴇp³̲³̲,ȵ,iᴇp̲̲,³,mɡlj,e,b
22210,囂,hɰiᴇu³³,hɰ,iᴇu,³³,ŋ̊hr,a,w
22211,囃,tsʰɑp³̲³̲,tsʰ,ɑp̲̲,³,,,
22212,囄,,,,,,,
22213,囅,ʈʰit³̲³̲,ʈʰ,it̲̲,³,,,
22214,囆,ʈʰɰæi³¹,ʈʰɰæ,i,³¹,,,
22215,囇,,,,,,,
22216,囈,,,,,ŋ,e,ds
22217,囉,ljæ³³,ljæ,,³³,,,
22218,囊,nɑŋ³³,n,ɑŋ,³³,m‧l ,a,̠ŋ
22219,囋,tsʰɑn³³,tsʰ,ɑn,³³,z,a,̠d
22220,囌,,,,,,,
22221,囍,,,,,,,
22222,囎,,,,,,,
22223,囏,kɰɛn³³,kɰ,ɛn,³³,kr,ɯ,̠n
22224,囐,ŋɑt³̲³̲,ŋ,ɑt̲̲,³,,,
22225,囑,tɕjʊk³̲³̲,tɕj,ʊk̲̲,³,klj,o,ɡ
22226,囒,lɑn³³,l,ɑn,³³,,,
22227,囓,,,,,ŋɡ,e,̠d
22228,囔,,,,,,,
22229,囕,,,,,,,
22230,囖,,,,,,,
22231,囗,ɦɰɛp³̲³̲,ɦɰ,ɛp̲̲,³,ɢʷ,ɯ,l
22232,囘,ɦu̯oi³³,ɦ,u̯oi,³³,,,
22233,囙,,,,,,,
22234,囚,zɨu³³,z,ɨu,³³,sɢ,u,
22235,四,si³¹,s,i,³¹,l̥j,i,ds
22236,囜,,,,,,,
22237,囝,ŋʷjɤt³̲³̲,ŋʷj,ɤt̲̲,³,,,
22238,回,ɦu̯oi³³,ɦ,u̯oi,³³,ɡ,u,̠l
22239,囟,si³¹,s,i,³¹,sl,i,ŋs
22240,因,ʔin³³,ʔ,in,³³,q,i,n
22241,囡,ɳip³̲³̲,ɳ,ip̲̲,³,,,
22242,团,dʷɑn³³,dʷ,ɑn,³³,,,
22243,団,,,,,,,
22244,囤,du̯on³³,d,u̯on,³³,ɡ‧l,u,̠nʔ
22245,囥,kʰɑŋ³¹,kʰ,ɑŋ,³¹,,,
22246,囦,ʔʷen³³,ʔʷ,en,³³,qʷ,i,̠n
22247,囧,kʷɰjæŋ³⁵,kʷɰjæŋ,,³⁵,kʷr,a,ŋʔ
22248,囨,,,,,,,
22249,囩,ɦʲʷin³³,ɦʲʷ,in,³³,ɢʷ,ɯ,n
22250,囪,tʂʰɰɔŋ³³,tʂʰɰɔŋ,,³³,skh,o,̠ŋ
22251,囫,,,,,,,
22252,囬,,,,,,,
22253,园,dʷɑn³³,dʷ,ɑn,³³,ŋɡ,o,̠n
22254,囮,jɨu³³,j,ɨu,³³,l,u,
22255,囯,,,,,,,
22256,困,kʰu̯on³¹,kʰ,u̯on,³¹,kh,u,̠ns
22257,囱,tsʰuŋ³³,tsʰ,uŋ,³³,skh,o,̠ŋ
22258,囲,,,,,,,
22259,図,,,,,,,
22260,围,ɦʲʷɨi³³,ɦʲʷ,ɨi,³³,,,
22261,囵,,,,,,,
22262,囶,,,,,,,
22263,囷,ɡʷɰin³⁵,ɡʷɰ,in,³⁵,khr,u,n
22264,囸,,,,,,,
22265,囹,leŋ³³,l,eŋ,³³,ɡ,ə,r
22266,固,ku̯o³¹,k,u̯o,³¹,k,a,̠s
22267,囻,,,,,,,
22268,囼,,,,,,,
22269,国,kʷək³̲³̲,kʷ,ək̲̲,³,,,
22270,图,du̯o³³,d,u̯o,³³,,,
22271,囿,ɦʲɨu³⁵,ɦʲ,ɨu,³⁵,ɢʷ,ɯ,ɡs
22272,圀,kʷək³̲³̲,kʷ,ək̲̲,³,,,
22273,圁,ŋɰɛn³³,ŋɰ,ɛn,³³,ŋr,ɯ,n
22274,圂,ɦu̯on³¹,ɦ,u̯on,³¹,ɡ,u,̠ns
22275,圃,pu̯o³⁵,p,u̯o,³⁵,p,a,̠ʔ
22276,圄,ŋjɤ³⁵,ŋj,ɤ,³⁵,ŋ,a,ʔ
22277,圅,ɦəm³³,ɦ,əm,³³,ɡr,u,̠m
22278,圆,ɦʲʷiᴇn³³,ɦʲʷ,iᴇn,³³,,,
22279,圇,,,,,,,
22280,圈,ɡʷjɤn³⁵,ɡʷj,ɤn,³⁵,ɡ,o,ns
22281,圉,ŋjɤ³⁵,ŋj,ɤ,³⁵,ŋ,a,ʔ
22282,圊,tsʰiᴇŋ³³,tsʰ,iᴇŋ,³³,sh,e,ŋ
22283,國,kʷək³̲³̲,kʷ,ək̲̲,³,kʷ,ɯ,̠ɡ
22284,圌,dʑʷiᴇn³³,dʑʷ,iᴇn,³³,ɡlj,o,n
22285,圍,ɦʲʷɨi³³,ɦʲʷ,ɨi,³³,ɢʷ,ɯ,ls
22286,圎,ɦʲʷiᴇn³³,ɦʲʷ,iᴇn,³³,,,
22287,圏,ɡʷɰiᴇn³⁵,ɡʷɰ,iᴇn,³⁵,,,
22288,圐,,,,,,,
22289,圑,,,,,,,
22290,園,ɦʲʷjɤn³³,ɦʲʷj,ɤn,³³,ɢr,o,n
22291,圓,ɦʲʷiᴇn³³,ɦʲʷ,iᴇn,³³,ɢr,o,n
22292,圔,ʔɰɛp³̲³̲,ʔɰ,ɛp̲̲,³,qr,o,̠b
22293,圕,,,,,,,
22294,圖,du̯o³³,d,u̯o,³³,d,a,̠
22295,圗,,,,,,,
22296,團,bjʊ³¹,bj,ʊ,³¹,d,o,̠n
22297,圙,,,,,,,
22298,圚,,,,,,,
22299,圛,jiᴇk³̲³̲,j,iᴇk̲̲,³,ɢl,a,ɡ
22300,圜,ɦʲʷiᴇn³³,ɦʲʷ,iᴇn,³³,ɢʷr,e,n
22301,圝,lʷɑn³³,lʷ,ɑn,³³,,,
22302,圞,,,,,,,
22303,土,tʰu̯o³⁵,tʰ,u̯o,³⁵,,,
22304,圠,,,,,qr,i,̠ɡ
22305,圡,,,,,,,
22306,圢,tʰen³⁵,tʰ,en,³⁵,,,
22307,圣,ɕiᴇŋ³¹,ɕ,iᴇŋ,³¹,kh,u,̠d
22308,圤,pʰɰɔk³̲³̲,pʰɰɔk̲̲,,³,phr,o,̠ɡ
22309,圥,,,,,ɡ,ə,r
22310,圦,,,,,,,
22311,圧,,,,,,,
22312,在,dzəi³⁵,dz,əi,³⁵,z,ɯ,̠ʔ
22313,圩,,,,,qʷ,a,̠
22314,圪,ʔɨt³̲³̲,ʔ,ɨt̲̲,³,ŋɡ,ɯ,d
22315,圫,ʔjuk³̲³̲,ʔj,uk̲̲,³,,,
22316,圬,ʔu̯o³³,ʔ,u̯o,³³,qʷ,a,̠
22317,圭,kʷei³³,kʷ,ei,³³,kʷ,e,̠
22318,圮,bɰi³⁵,bɰ,i,³⁵,br,ɯ,lʔ
22319,圯,bɰi³⁵,bɰ,i,³⁵,ɢ,ɯ,
22320,地,di³¹,d,i,³¹,l,e,ls
22321,圱,tsʰen³³,tsʰ,en,³³,,,
22322,圲,,,,,,,
22323,圳,,,,,,,
22324,圴,tɕjak³̲³̲,tɕj,ak̲̲,³,,,
22325,圵,,,,,,,
22326,圶,,,,,,,
22327,圷,,,,,,,
22328,圸,,,,,,,
22329,圹,,,,,,,
22330,场,ɖjaŋ³³,ɖj,aŋ,³³,,,
22331,圻,ɡɨi³³,ɡ,ɨi,³³,ŋɡ,ɯ,n
22332,圼,net³̲³̲,n,et̲̲,³,,,
22333,圽,mu̯ot³̲³̲,m,u̯ot̲̲,³,,,
22334,圾,ŋəp³̲³̲,ŋ,əp̲̲,³,ŋɡr,ɯ,b
22335,圿,kɰɛt³̲³̲,kɰ,ɛt̲̲,³,,,
22336,址,tɕɨ³⁵,tɕ,ɨ,³⁵,klj,ɯ,ʔ
22337,坁,tei³⁵,t,ei,³⁵,kj,e,ʔ
22338,坂,bɰæn³⁵,bɰæn,,³⁵,p,a,nʔ
22339,坃,hʷjɤn³³,hʷj,ɤn,³³,,,
22340,坄,jʷiᴇk³̲³̲,jʷ,iᴇk̲̲,³,ɢʷ,e,ɡ
22341,坅,kʰɰim³⁵,kʰɰ,im,³⁵,khr,ɯ,mʔ
22342,坆,,,,,,,
22343,均,,,,,kʷ,i,n
22344,坈,,,,,,,
22345,坉,du̯on³³,d,u̯on,³³,,,
22346,坊,pʷjaŋ³³,pʷj,aŋ,³³,b,a,ŋ
22347,坋,pjun³¹,pj,un,³¹,b,ɯ,̠ns
22348,坌,pʰən³¹,pʰ,ən,³¹,b,ɯ,̠ns
22349,坍,,,,,,,
22350,坎,kʰəm³¹,kʰ,əm,³¹,kh,o,̠ms
22351,坏,pʰu̯oi³³,pʰ,u̯oi,³³,ph,ɯ,̠
22352,坐,dzʷɑ³¹,dzʷ,ɑ,³¹,z,o,̠ls
22353,坑,kʰɰæŋ³³,kʰɰæŋ,,³³,khr,a,̠ŋ
22354,坒,bit³̲³̲,b,it̲̲,³,b,i,s
22355,坓,,,,,,,
22356,坔,di³¹,d,i,³¹,,,
22357,坕,,,,,,,
22358,坖,ɡɨ³¹,ɡ,ɨ,³¹,,,
22359,块,kʰu̯oi³¹,kʰ,u̯oi,³¹,,,
22360,坘,,,,,,,
22361,坙,,,,,,,
22362,坚,ken³³,k,en,³³,,,
22363,坛,dɑn³³,d,ɑn,³³,,,
22364,坜,,,,,,,
22365,坝,pɰæ³¹,pɰæ,,³¹,,,
22366,坞,ʔu̯o³⁵,ʔ,u̯o,³⁵,,,
22367,坟,bjun³³,bj,un,³³,,,
22368,坠,ɖʷi³¹,ɖʷ,i,³¹,,,
22369,坡,pʰʷɑ³³,pʰʷ,ɑ,³³,ph,a,̠l
22370,坢,bʷɑn³¹,bʷ,ɑn,³¹,,,
22371,坣,dɑŋ³³,d,ɑŋ,³³,ɡ‧l,a,̠ŋ
22372,坤,kʰu̯on³³,kʰ,u̯on,³³,kh,u,̠n
22373,坥,tsʰjɤ³³,tsʰj,ɤ,³³,skh,a,s
22374,坦,tʰɑn³⁵,tʰ,ɑn,³⁵,th,a,̠nʔ
22375,坧,tɕiᴇk³̲³̲,tɕ,iᴇk̲̲,³,,,
22376,坨,jiᴇ³³,j,iᴇ,³³,,,
22377,坩,kʰɑm³³,kʰ,ɑm,³³,,,
22378,坪,bɰjæŋ³¹,bɰjæŋ,,³¹,br,e,ŋ
22379,坫,ʈim³³,ʈ,im,³³,k‧l,i,m
22380,坬,kʷɰæ³¹,kʷɰæ,,³¹,,,
22381,坭,nei³⁵,n,ei,³⁵,,,
22382,坮,,,,,,,
22383,坯,bɰi³³,bɰ,i,³³,ph,ɯ,̠
22384,坰,kʰʷiᴇŋ³³,kʰʷ,iᴇŋ,³³,kʷ,e,̠ŋ
22385,坱,ʔɑŋ³⁵,ʔ,ɑŋ,³⁵,q,a,̠ŋʔ
22386,坲,bjut³̲³̲,bj,ut̲̲,³,b,ɯ,d
22387,坳,ʔɰæu³³,ʔɰæ,u,³³,qr,ɯ,̠w
22388,坴,ljuk³̲³̲,lj,uk̲̲,³,ɡ,ə,r
22389,坵,,,,,,,
22390,坶,mjuk³̲³̲,mj,uk̲̲,³,m,ɯ,ɡ
22391,坷,kʰɑ³⁵,kʰ,ɑ,³⁵,kh,a,̠lʔ
22392,坸,ku³⁵,k,u,³⁵,,,
22393,坹,hʷet³̲³̲,hʷ,et̲̲,³,,,
22394,坺,pʷɑt³̲³̲,pʷ,ɑt̲̲,³,b,o,̠d
22395,坻,ɖi³³,ɖ,i,³³,t,i,̠lʔ
22396,坼,ʈʰɰæk³̲³̲,ʈʰɰæk̲̲,,³,kh‧r,a,̠ɡ
22397,坽,leŋ³³,l,eŋ,³³,,,
22398,坾,ɖjɤ³⁵,ɖj,ɤ,³⁵,,,
22399,坿,bjʊ³³,bj,ʊ,³³,b,o,
22400,垀,hu̯o³³,h,u̯o,³³,qh,a,̠
22401,垁,ɖi³⁵,ɖ,i,³⁵,ɡ‧l,i,ʔ
22402,垂,ɖʷiᴇ³¹,ɖʷ,iᴇ,³¹,dj,o,l
22403,垃,,,,,,,
22404,垄,ljʊŋ³⁵,lj,ʊŋ,³⁵,,,
22405,垅,,,,,,,
22406,垆,,,,,,,
22407,垇,,,,,,,
22408,垈,,,,,,,
22409,垉,,,,,,,
22410,垊,,,,,,,
22411,型,ɦeŋ³³,ɦ,eŋ,³³,ɡ,e,̠ŋ
22412,垌,,,,,,,
22413,垍,ɡɰi³¹,ɡɰ,i,³¹,ɡbr,i,ds
22414,垎,ɦɰæk³̲³̲,ɦɰæk̲̲,,³,ɡr,a,̠ɡ
22415,垏,lu̯ot³̲³̲,l,u̯ot̲̲,³,,,
22416,垐,dzɨk³̲³̲,dz,ɨk̲̲,³,z,ɯ,ɡ
22417,垑,tɕʰiᴇ³⁵,tɕʰ,iᴇ,³⁵,khlj,a,lʔ
22418,垒,lʷi³⁵,lʷ,i,³⁵,r,u,ls
22419,垓,kɰɛi³³,kɰ,ɛi,³³,k,ɯ,̠
22420,垔,ʔin³³,ʔ,in,³³,q,i,n
22421,垕,ɦu³⁵,ɦ,u,³⁵,ɡ,o,̠ʔ
22422,垖,tu̯oi³³,t,u̯oi,³³,,,
22423,垗,deu³⁵,d,eu,³⁵,ɡ‧l,e,wʔ
22424,垘,bjuk³̲³̲,bj,uk̲̲,³,b,ɯ,̠ɡ
22425,垙,kʷɑŋ³³,kʷ,ɑŋ,³³,kʷ,a,̠ŋ
22426,垚,ŋeu³¹,ŋ,eu,³¹,ŋɡ,e,̠w
22427,垛,dʷɑ³⁵,dʷ,ɑ,³⁵,d,o,̠lʔ
22428,垜,tʷɑ³⁵,tʷ,ɑ,³⁵,,,
22429,垝,kʰʷɰiᴇ³⁵,kʰʷɰ,iᴇ,³⁵,kr,o,lʔ
22430,垞,ɖɰæ³³,ɖɰæ,,³³,,,
22431,垟,jaŋ³³,j,aŋ,³³,,,
22432,垠,ŋɰin³³,ŋɰ,in,³³,ŋ,ɯ,̠n
22433,垡,bʷjɤt³̲³̲,bʷj,ɤt̲̲,³,,,
22434,垢,kʰu³¹,kʰ,u,³¹,k,o,̠ʔ
22435,垣,ɦʷɑn³³,ɦʷ,ɑn,³³,ɢ,o,n
22436,垤,dit³̲³̲,d,it̲̲,³,ɡ‧l,i,̠ɡ
22437,垥,,,,,,,
22438,垦,kʰən³⁵,kʰ,ən,³⁵,,,
22439,垧,,,,,,,
22440,垨,,,,,,,
22441,垩,,,,,,,
22442,垪,,,,,,,
22443,垫,,,,,,,
22444,垬,ɦuŋ³³,ɦ,uŋ,³³,,,
22445,垭,,,,,,,
22446,垮,,,,,,,
22447,垯,,,,,,,
22448,垰,,,,,,,
22449,垱,,,,,,,
22450,垲,,,,,,,
22451,垳,,,,,,,
22452,垴,,,,,,,
22453,垵,,,,,,,
22454,垶,sʷiᴇŋ³³,sʷ,iᴇŋ,³³,,,
22455,垷,ken³⁵,k,en,³⁵,ɡ,e,̠nʔ
22456,垸,ɦʷɑn³¹,ɦʷ,ɑn,³¹,ɡ,o,̠ns
22457,垹,pɰɔŋ³³,pɰɔŋ,,³³,,,
22458,垺,bu³³,b,u,³³,ph,ɯ,̠
22459,垻,pɰæ³¹,pɰæ,,³¹,,,
22460,垼,jiᴇk³̲³̲,j,iᴇk̲̲,³,ɢʷ,e,ɡ
22461,垽,ŋɨn³¹,ŋ,ɨn,³¹,q,ɯ,ns
22462,垾,ɦɑn³⁵,ɦ,ɑn,³⁵,,,
22463,垿,zjɤ³⁵,zj,ɤ,³⁵,,,
22464,埀,,,,,,,
22465,埁,dzim³³,dz,im,³³,,,
22466,埂,kɰæŋ³⁵,kɰæŋ,,³⁵,kr,a,̠ŋ
22467,埃,ʔəi³³,ʔ,əi,³³,q,ɯ,̠
22468,埄,,,,,,,
22469,埅,bʷjaŋ³³,bʷj,aŋ,³³,,,
22470,埆,kʰɰɔk³̲³̲,kʰɰɔk̲̲,,³,khr,o,̠ɡ
22471,埇,jʊŋ³⁵,j,ʊŋ,³⁵,,,
22472,埈,sʷin³¹,sʷ,in,³¹,,,
22473,埉,kɰɛp³̲³̲,kɰ,ɛp̲̲,³,,,
22474,埊,di³¹,d,i,³¹,,,
22475,埋,mɰɛi³³,mɰ,ɛi,³³,mr,ɯ,̠
22476,埌,lɑŋ³¹,l,ɑŋ,³¹,r,a,̠ŋs
22477,埍,kʷen³¹,kʷ,en,³¹,ɡʷ,e,̠nʔ
22478,城,dʑiᴇŋ³³,dʑ,iᴇŋ,³³,ɡj,e,ŋ
22479,埏,dʑiᴇn³³,dʑ,iᴇn,³³,l,a,n
22480,埐,tsim³³,ts,im,³³,sk,i,m
22481,埑,,,,,,,
22482,埒,lʷiᴇt³̲³̲,lʷ,iᴇt̲̲,³,r,o,d
22483,埓,,,,,,,
22484,埔,,,,,,,
22485,埕,,,,,,,
22486,埖,,,,,,,
22487,埗,,,,,,,
22488,埘,,,,,,,
22489,埙,,,,,,,
22490,埚,,,,,,,
22491,埛,,,,,,,
22492,埜,jæ³⁵,jæ,,³⁵,ɢl,a,ʔ
22493,埝,tem³¹,t,em,³¹,k‧l,ɯ,̠ms
22494,埞,,,,,,,
22495,域,ɦʲɨk³̲³̲,ɦʲ,ɨk̲̲,³,ɢʷr,ɯ,ɡ
22496,埠,,,,,,,
22497,埡,ʔu̯o³⁵,ʔ,u̯o,³⁵,,,
22498,埢,kʷɰiᴇn³¹,kʷɰ,iᴇn,³¹,kr,o,nʔ
22499,埣,su̯oi³¹,s,u̯oi,³¹,,,
22500,埤,pei³⁵,p,ei,³⁵,b,e,
22501,埥,,,,,,,
22502,埦,ʔʷɑn³³,ʔʷ,ɑn,³³,,,
22503,埧,ɡjʊ³¹,ɡj,ʊ,³¹,,,
22504,埨,,,,,,,
22505,埩,tʂɰɛŋ³³,tʂɰ,ɛŋ,³³,sr,e,̠ŋ
22506,埪,kʰuŋ³³,kʰ,uŋ,³³,,,
22507,埫,ʈʰjʊŋ³⁵,ʈʰj,ʊŋ,³⁵,,,
22508,埬,tuŋ³³,t,uŋ,³³,,,
22509,埭,dəi³¹,d,əi,³¹,,,
22510,埮,tʰɑm³¹,tʰ,ɑm,³¹,,,
22511,埯,ʔəm³³,ʔ,əm,³³,,,
22512,埰,tsʰəi³¹,tsʰ,əi,³¹,sh,ɯ,̠s
22513,埱,tɕʰjuk³̲³̲,tɕʰj,uk̲̲,³,khj,ɯ,wɡ
22514,埲,puŋ³⁵,p,uŋ,³⁵,,,
22515,埳,ɦɰɛm³¹,ɦɰ,ɛm,³¹,khl,o,̠mʔ
22516,埴,dʑɨk³̲³̲,dʑ,ɨk̲̲,³,thj,ɯ,ɡs
22517,埵,dʷɑ³⁵,dʷ,ɑ,³⁵,t,o,̠lʔ
22518,埶,ŋiᴇi³¹,ŋ,iᴇi,³¹,ŋ,e,ds
22519,執,tɕip³̲³̲,tɕ,ip̲̲,³,klj,i,b
22520,埸,jiᴇk³̲³̲,j,iᴇk̲̲,³,l,e,ɡ
22521,培,bəi³³,b,əi,³³,b,ɯ,ʔ
22522,基,ɡɨ³³,ɡ,ɨ,³³,k,ɯ,
22523,埻,kʷɰɛk³̲³̲,kʷɰ,ɛk̲̲,³,kʷr,e,̠ɡ
22524,埼,ɡɰiᴇ³³,ɡɰ,iᴇ,³³,ɡr,a,l
22525,埽,sɑu³¹,s,ɑu,³¹,sl,u,̠ʔ
22526,埾,dzjʊ³¹,dzj,ʊ,³¹,sɡ,o,s
22527,埿,nei³¹,n,ei,³¹,,,
22528,堀,,,,,ɡl,u,d
22529,堁,kʰʷɑ³⁵,kʰʷ,ɑ,³⁵,khl,o,̠ls
22530,堂,dɑŋ³³,d,ɑŋ,³³,ɡ‧l,a,̠ŋ
22531,堃,,,,,,,
22532,堄,ŋei³¹,ŋ,ei,³¹,ŋɡ,e,̠s
22533,堅,ken³³,k,en,³³,k,i,̠n
22534,堆,tu̯oi³³,t,u̯oi,³³,k‧l,u,̠l
22535,堇,kɨn³⁵,k,ɨn,³⁵,kl,ɯ,nʔ
22536,堈,kɑŋ³³,k,ɑŋ,³³,kl,a,̠ŋ
22537,堉,juk³̲³̲,j,uk̲̲,³,,,
22538,堊,ʔu̯o³¹,ʔ,u̯o,³¹,q,a,̠ɡ
22539,堋,pʰəŋ³³,pʰ,əŋ,³³,p,ɯ,̠ŋs
22540,堌,,,,,,,
22541,堍,,,,,,,
22542,堎,,,,,,,
22543,堏,,,,,,,
22544,堐,,,,,,,
22545,堑,,,,,,,
22546,堒,,,,,,,
22547,堓,,,,,,,
22548,堔,,,,,,,
22549,堕,dʷɑ³⁵,dʷ,ɑ,³⁵,,,
22550,堖,,,,,,,
22551,堗,du̯ot³̲³̲,d,u̯ot̲̲,³,d,u,̠d
22552,堘,ʑɨŋ³³,ʑ,ɨŋ,³³,,,
22553,堙,ʔin³³,ʔ,in,³³,q,i,n
22554,堚,ɦu̯on³³,ɦ,u̯on,³³,ɡ,u,̠n
22555,堛,pʰɨk³̲³̲,pʰ,ɨk̲̲,³,phr,ɯ,ɡ
22556,堜,len³¹,l,en,³¹,,,
22557,堝,kʷɑ³³,kʷ,ɑ,³³,,,
22558,堞,jiᴇp³̲³̲,j,iᴇp̲̲,³,ɡ‧l,e,̠b
22559,堟,ɖʷin³⁵,ɖʷ,in,³⁵,,,
22560,堠,ɦu³¹,ɦ,u,³¹,ɡ,o,̠s
22561,堡,pɑu³⁵,p,ɑu,³⁵,p,u,̠ʔ
22562,堢,pɑu³⁵,p,ɑu,³⁵,,,
22563,堣,ŋjʊ³³,ŋj,ʊ,³³,ŋ,o,
22564,堤,jʷiᴇ³³,jʷ,iᴇ,³³,k‧l,e,̠
22565,堥,mu³⁵,m,u,³⁵,m,u,̠
22566,堦,kɰɛi³³,kɰ,ɛi,³³,,,
22567,堧,ȵʷiᴇn³¹,ȵʷ,iᴇn,³¹,nj,o,n
22568,堨,ʔɑt³̲³̲,ʔ,ɑt̲̲,³,q,a,̠d
22569,堩,kʰəŋ³¹,kʰ,əŋ,³¹,k,ɯ,̠ŋs
22570,堪,kʰəm³³,kʰ,əm,³³,khl,u,̠m
22571,堫,tsuŋ³³,ts,uŋ,³³,shr,o,̠ŋ
22572,堬,jʊ³³,j,ʊ,³³,l,o,
22573,堭,ɦʷɑŋ³³,ɦʷ,ɑŋ,³³,,,
22574,堮,ŋɑk³̲³̲,ŋ,ɑk̲̲,³,ŋ,a,̠ɡ
22575,堯,ŋeu³³,ŋ,eu,³³,ŋɡ,e,̠w
22576,堰,ʔɰiᴇn³¹,ʔɰ,iᴇn,³¹,q,a,ns
22577,報,pʰjʊ³¹,pʰj,ʊ,³¹,p,u,̠ɡs
22578,堲,tsit³̲³̲,ts,it̲̲,³,s,ɯ,ɡ
22579,堳,mɰi³³,mɰ,i,³³,,,
22580,場,ɖjaŋ³³,ɖj,aŋ,³³,ɡ‧l,a,ŋ
22581,堵,tɕjæ³⁵,tɕjæ,,³⁵,k‧l,a,̠ʔ
22582,堶,dʷɑ³³,dʷ,ɑ,³³,,,
22583,堷,,,,,qr,ɯ,ms
22584,堸,bjuŋ³³,bj,uŋ,³³,bl,u,m
22585,堹,ʈjʊŋ³¹,ʈj,ʊŋ,³¹,,,
22586,堺,kɰɛi³¹,kɰ,ɛi,³¹,,,
22587,堻,tsin³³,ts,in,³³,,,
22588,堼,,,,,,,
22589,堽,,,,,,,
22590,堾,,,,,,,
22591,堿,,,,,ɡr,o,̠m
22592,塀,,,,,,,
22593,塁,,,,,,,
22594,塂,,,,,,,
22595,塃,,,,,,,
22596,塄,,,,,,,
22597,塅,,,,,,,
22598,塆,,,,,,,
22599,塇,,,,,,,
22600,塈,hɨi³¹,h,ɨi,³¹,ɡr,ɯ,ds
22601,塉,dziᴇk³̲³̲,dz,iᴇk̲̲,³,z,e,ɡ
22602,塊,kʰu̯oi³⁵,kʰ,u̯oi,³⁵,kh,u,̠ls
22603,塋,jʷiᴇŋ³³,jʷ,iᴇŋ,³³,ɢʷ,e,ŋ
22604,塌,dɑp³̲³̲,d,ɑp̲̲,³,,,
22605,塍,ʑɨŋ³³,ʑ,ɨŋ,³³,ɢlj,ɯ,ŋ
22606,塎,jʊŋ³⁵,j,ʊŋ,³⁵,,,
22607,塏,kʰəi³⁵,kʰ,əi,³⁵,kh,ɯ,̠lʔ
22608,塐,su̯o³¹,s,u̯o,³¹,,,
22609,塑,su̯o³¹,s,u̯o,³¹,,,
22610,塒,dʑɨ³³,dʑ,ɨ,³³,ɡlj,ɯ,
22611,塓,mek³̲³̲,m,ek̲̲,³,m,e,̠ɡ
22612,塔,tʰɑp³̲³̲,tʰ,ɑp̲̲,³,,,
22613,塕,ʔuŋ³⁵,ʔ,uŋ,³⁵,ql,o,̠ŋʔ
22614,塖,ʑɨŋ³³,ʑ,ɨŋ,³³,,,
22615,塗,du̯o³¹,d,u̯o,³¹,ɡ‧l,a,̠
22616,塘,dɑŋ³³,d,ɑŋ,³³,ɡ‧l,a,̠ŋ
22617,塙,kʰɰɔk³̲³̲,kʰɰɔk̲̲,,³,khr,o,̠wɡ
22618,塚,ʈjʊŋ³⁵,ʈj,ʊŋ,³⁵,t,o,ŋʔ
22619,塛,lit³̲³̲,l,it̲̲,³,,,
22620,塜,,,,,,,
22621,塝,bɑŋ³¹,b,ɑŋ,³¹,,,
22622,塞,sək³̲³̲,s,ək̲̲,³,sqh,ɯ,̠ɡs
22623,塟,,,,,,,
22624,塠,tu̯oi³³,t,u̯oi,³³,,,
22625,塡,ʈin³³,ʈ,in,³³,,,
22626,塢,ʔu̯o³¹,ʔ,u̯o,³¹,q,a,̠ʔ
22627,塣,ɖiᴇŋ³⁵,ɖ,iᴇŋ,³⁵,,,
22628,塤,hʷjɤn³³,hʷj,ɤn,³³,qh,o,n
22629,塥,,,,,kr,e,̠ɡ
22630,塦,,,,,,,
22631,塧,,,,,,,
22632,塨,,,,,,,
22633,塩,jiᴇm³³,j,iᴇm,³³,ɢl,a,m
22634,塪,,,,,,,
22635,填,,,,,k‧l,i,ns
22636,塬,,,,,,,
22637,塭,,,,,,,
22638,塮,,,,,,,
22639,塯,lɨu³¹,l,ɨu,³¹,b,ə,r
22640,塰,,,,,,,
22641,塱,,,,,,,
22642,塲,ɕjaŋ³³,ɕj,aŋ,³³,l̥,a,ŋ
22643,塳,buŋ³³,b,uŋ,³³,,,
22644,塴,pəŋ³¹,p,əŋ,³¹,p,ɯ,̠ŋs
22645,塵,,,,,d,ɯ,n
22646,塶,luk³̲³̲,l,uk̲̲,³,,,
22647,塷,lu̯o³⁵,l,u̯o,³⁵,,,
22648,塸,ʔu³⁵,ʔ,u,³⁵,,,
22649,塹,tsʰiᴇm³¹,tsʰ,iᴇm,³¹,sh,a,ms
22650,塺,mʷɑ³⁵,mʷ,ɑ,³⁵,m,ɯ,̠l
22651,塻,mɑk³̲³̲,m,ɑk̲̲,³,,,
22652,塼,dʑʷiᴇn³³,dʑʷ,iᴇn,³³,tj,o,n
22653,塽,ʂjaŋ³⁵,ʂj,aŋ,³⁵,,,
22654,塾,ʑjuk³̲³̲,ʑj,uk̲̲,³,dj,ɯ,wɡ
22655,塿,lu³⁵,l,u,³⁵,ɡ,ə,r
22656,墀,ɖi³³,ɖ,i,³³,b‧l,i,
22657,墁,,,,,m,o,̠n
22658,墂,piᴇu³³,p,iᴇu,³³,,,
22659,境,kɰjæŋ³⁵,kɰjæŋ,,³⁵,kr,a,ŋʔ
22660,墄,tsʰək³̲³̲,tsʰ,ək̲̲,³,skh,ɯ,̠ɡ
22661,墅,dʑjɤ³⁵,dʑj,ɤ,³⁵,ɡlj,a,̠ʔ
22662,墆,det³̲³̲,d,et̲̲,³,d,e,̠d
22663,墇,tɕjaŋ³³,tɕj,aŋ,³³,klj,a,ŋ
22664,墈,kʰəm³¹,kʰ,əm,³¹,,,
22665,墉,jʊŋ³³,j,ʊŋ,³³,l,o,ŋ
22666,墊,tep³̲³̲,t,ep̲̲,³,k‧l,i,̠ms
22667,墋,tʂʰɰim³⁵,tʂʰɰ,im,³⁵,shr,u,mʔ
22668,墌,tɕjak³̲³̲,tɕj,ak̲̲,³,,,
22669,墍,kəi³¹,k,əi,³¹,,,
22670,墎,kʷɑk³̲³̲,kʷ,ɑk̲̲,³,,,
22671,墏,tsʰjaŋ³⁵,tsʰj,aŋ,³⁵,,,
22672,墐,ɡɨn³¹,ɡ,ɨn,³¹,ɡr,ɯ,ns
22673,墑,tek³̲³̲,t,ek̲̲,³,,,
22674,墒,,,,,,,
22675,墓,mu̯o³¹,m,u̯o,³¹,m,a,̠ɡs
22676,墔,dzu̯oi³³,dz,u̯oi,³³,,,
22677,墕,,,,,,,
22678,墖,,,,,,,
22679,増,tsəŋ³³,ts,əŋ,³³,,,
22680,墘,,,,,,,
22681,墙,dzjaŋ³³,dzj,aŋ,³³,,,
22682,墚,,,,,,,
22683,墛,,,,,,,
22684,墜,ɖʷi³¹,ɖʷ,i,³¹,ɡ‧l,u,ds
22685,墝,kʰɰæu³³,kʰɰæ,u,³³,khr,e,̠w
22686,增,tsəŋ³¹,ts,əŋ,³¹,s,ɯ,̠ŋ
22687,墟,kʰjɤ³³,kʰj,ɤ,³³,kh,a,
22688,墠,dʑiᴇn³⁵,dʑ,iᴇn,³⁵,dj,a,nʔ
22689,墡,dʑiᴇn³⁵,dʑ,iᴇn,³⁵,dj,e,nʔ
22690,墢,bʷjɤt³̲³̲,bʷj,ɤt̲̲,³,b,a,d
22691,墣,pʰɰɔk³̲³̲,pʰɰɔk̲̲,,³,phr,o,̠ɡ
22692,墤,du̯oi³³,d,u̯oi,³³,,,
22693,墥,tuŋ³⁵,t,uŋ,³⁵,,,
22694,墦,pʰʷɑn³³,pʰʷ,ɑn,³³,b,a,n
22695,墧,kʰɰɔk³̲³̲,kʰɰɔk̲̲,,³,,,
22696,墨,mək³̲³̲,m,ək̲̲,³,m,ɯ,̠ɡ
22697,墩,tu̯on³³,t,u̯on,³³,,,
22698,墪,,,,,,,
22699,墫,dzu̯on³⁵,dz,u̯on,³⁵,sh,u,n
22700,墬,di³¹,d,i,³¹,ɡ‧l,e,ls
22701,墭,dʑiᴇŋ³¹,dʑ,iᴇŋ,³¹,,,
22702,墮,siᴇ³¹,s,iᴇ,³¹,ɡ‧l,o,̠lʔ
22703,墯,,,,,ɡ‧l,o,̠lʔ
22704,墰,dəm³³,d,əm,³³,,,
22705,墱,təŋ³³,t,əŋ,³³,,,
22706,墲,mjʊ³⁵,mj,ʊ,³⁵,m̥,a,̠
22707,墳,bjun³³,bj,un,³³,b,ɯ,n
22708,墴,ɦʷɑŋ³³,ɦʷ,ɑŋ,³³,,,
22709,墵,,,,,,,
22710,墶,,,,,,,
22711,墷,,,,,,,
22712,墸,,,,,,,
22713,墹,,,,,,,
22714,墺,ʔjuk³̲³̲,ʔj,uk̲̲,³,q,u,̠ɡs
22715,墻,dzjaŋ³³,dzj,aŋ,³³,sɡ,a,ŋ
22716,墼,kek³̲³̲,k,ek̲̲,³,k,e,̠ɡ
22717,墽,kʰeu³³,kʰ,eu,³³,khl,e,̠w
22718,墾,kʰən³⁵,kʰ,ən,³⁵,kh,ɯ,̠nʔ
22719,墿,jiᴇk³̲³̲,j,iᴇk̲̲,³,,,
22720,壀,pʰei³⁵,pʰ,ei,³⁵,,,
22721,壁,pek³̲³̲,p,ek̲̲,³,p,e,̠ɡ
22722,壂,den³¹,d,en,³¹,d,ɯ,̠ns
22723,壃,kjaŋ³³,kj,aŋ,³³,k,a,ŋ
22724,壄,jæ³⁵,jæ,,³⁵,,,
22725,壅,ʔuŋ³¹,ʔ,uŋ,³¹,q,o,ŋs
22726,壆,kɰɔk³̲³̲,kɰɔk̲̲,,³,,,
22727,壇,,,,,d,a,̠n
22728,壈,ləm³⁵,l,əm,³⁵,b,ə,r
22729,壉,ɡjɤ³¹,ɡj,ɤ,³¹,,,
22730,壊,,,,,,,
22731,壋,,,,,,,
22732,壌,,,,,,,
22733,壍,tsʰiᴇm³¹,tsʰ,iᴇm,³¹,sh,a,ms
22734,壎,hʷjɤn³³,hʷj,ɤn,³³,qhʷ,o,n
22735,壏,ɦɰæm³⁵,ɦɰæm,,³⁵,ɡr,a,̠mʔ
22736,壐,siᴇ³⁵,s,iᴇ,³⁵,sml,e,lʔ
22737,壑,hɑk³̲³̲,h,ɑk̲̲,³,,,
22738,壒,kʰɑi³¹,kʰ,ɑi,³¹,,,
22739,壓,ʔɰɛp³̲³̲,ʔɰ,ɛp̲̲,³,qr,e,̠b
22740,壔,ʑjuk³̲³̲,ʑj,uk̲̲,³,k‧l,u,̠ʔ
22741,壕,ɦɑu³³,ɦ,ɑu,³³,ɡ,o,̠w
22742,壖,ȵʷiᴇn³¹,ȵʷ,iᴇn,³¹,nj,o,n
22743,壗,,,,,lj,i,ns
22744,壘,lʷi³⁵,lʷ,i,³⁵,r,u,lʔ
22745,壙,kʰʷɑŋ³⁵,kʰʷ,ɑŋ,³⁵,khʷ,a,̠ŋs
22746,壚,lu̯o³³,l,u̯o,³³,ɡ,ə,r
22747,壛,jiᴇm³³,j,iᴇm,³³,ɢl,o,m
22748,壜,dəm³³,d,əm,³³,,,
22749,壝,dʑʷɰiᴇ³⁵,dʑʷɰ,iᴇ,³⁵,l,u,lʔ
22750,壞,pʰəi³³,pʰ,əi,³³,ɡr,u,̠ls
22751,壟,luŋ³³,l,uŋ,³³,ɡ,ə,r
22752,壠,ljʊŋ³⁵,lj,ʊŋ,³⁵,ɡ,ə,r
22753,壡,jʷiᴇi³¹,jʷ,iᴇi,³¹,sɢʷ,o,n
22754,壢,lek³̲³̲,l,ek̲̲,³,,,
22755,壣,lin³³,l,in,³³,,,
22756,壤,ȵjaŋ³⁵,ȵj,aŋ,³⁵,mlj,a,ŋʔ
22757,壥,,,,,,,
22758,壦,hʷjɤn³³,hʷj,ɤn,³³,,,
22759,壧,kʰjam³³,kʰj,am,³³,ŋɡr,a,̠m
22760,壨,,,,,,,
22761,壩,pɰæ³¹,pɰæ,,³¹,,,
22762,壪,,,,,,,
22763,士,dʑɨ³⁵,dʑ,ɨ,³⁵,zr,ɯ,ʔ
22764,壬,ȵim³¹,ȵ,im,³¹,mblj,u,m
22765,壭,,,,,,,
22766,壮,tʂjaŋ³¹,tʂj,aŋ,³¹,,,
22767,壯,tʂjaŋ³¹,tʂj,aŋ,³¹,skr,a,ŋs
22768,声,ɕiᴇŋ³³,ɕ,iᴇŋ,³³,,,
22769,壱,,,,,,,
22770,売,,,,,,,
22771,壳,,,,,,,
22772,壴,ʈjʊ³⁵,ʈj,ʊ,³⁵,t,o,s
22773,壵,,,,,,,
22774,壶,ɦu̯o³³,ɦ,u̯o,³³,,,
22775,壷,,,,,,,
22776,壸,,,,,,,
22777,壹,ʔit³̲³̲,ʔ,it̲̲,³,ql,i,ɡ
22778,壺,ɦu̯o³³,ɦ,u̯o,³³,ɡʷ,a,̠
22779,壻,sei³¹,s,ei,³¹,sŋ,e,̠s
22780,壼,kʰʷɰin³¹,kʰʷɰ,in,³¹,kh,u,̠nʔ
22781,壽,dʑɨu³⁵,dʑ,ɨu,³⁵,ɡlj,u,ʔ
22782,壾,mɑŋ³⁵,m,ɑŋ,³⁵,,,
22783,壿,tsʰʷin³³,tsʰʷ,in,³³,,,
22784,夀,dɑu³³,d,ɑu,³³,,,
22785,夁,,,,,,,
22786,夂,ʈi³⁵,ʈ,i,³⁵,t,i,lʔ
22787,夃,ku̯o³³,k,u̯o,³³,k,a,̠ʔ
22788,处,tɕʰjɤ³⁵,tɕʰj,ɤ,³⁵,,,
22789,夅,ɦu̯oŋ³³,ɦ,u̯oŋ,³³,ɡr,o,̠m
22790,夆,bjʊŋ³³,bj,ʊŋ,³³,ph,o,ŋ
22791,备,bɰi³¹,bɰ,i,³¹,,,
22792,夈,,,,,,,
22793,変,,,,,,,
22794,夊,sʷi³³,sʷ,i,³³,,,
22795,夋,tsʰʷin³³,tsʰʷ,in,³³,skh,u,n
22796,夌,lɨŋ³³,l,ɨŋ,³³,b,ə,r
22797,复,pjuk³̲³̲,pj,uk̲̲,³,b,u,ɡ
22798,夎,dʐɰæ³¹,dʐɰæ,,³¹,s,o,̠ls
22799,夏,ɦɰæ³⁵,ɦɰæ,,³⁵,ɡr,a,̠s
22800,夐,hʷjɤn³⁵,hʷj,ɤn,³⁵,qhʷ,e,̠ns
22801,夑,,,,,,,
22802,夒,nu̯oŋ³³,n,u̯oŋ,³³,n,u,̠w
22803,夓,,,,,,,
22804,夔,ɡʷɰi³³,ɡʷɰ,i,³³,ɡr,u,l
22805,夕,ziᴇk³̲³̲,z,iᴇk̲̲,³,sɢl,a,ɡ
22806,外,ŋʷɑi³¹,ŋʷ,ɑi,³¹,ŋʷ,a,̠ds
22807,夗,ʔʷjɤn³⁵,ʔʷj,ɤn,³⁵,q,o,nʔ
22808,夘,tsei³⁵,ts,ei,³⁵,,,
22809,夙,sjuk³̲³̲,sj,uk̲̲,³,sl,u,ɡ
22810,多,tɑ³³,t,ɑ,³³,k‧l,a,̠l
22811,夛,,,,,,,
22812,夜,jiᴇk³̲³̲,j,iᴇk̲̲,³,l,a,ɡs
22813,夝,dziᴇŋ³³,dz,iᴇŋ,³³,z,e,ŋ
22814,夞,,,,,,,
22815,够,ku³¹,k,u,³¹,,,
22816,夠,ku³¹,k,u,³¹,k,o,̠s
22817,夡,kʰi³¹,kʰ,i,³¹,,,
22818,夢,mjuŋ³¹,mj,uŋ,³¹,m,ɯ,ŋ
22819,夣,,,,,,,
22820,夤,jin³³,j,in,³³,l,i,n
22821,夥,ɦʷɑ³⁵,ɦʷ,ɑ,³⁵,ɡr,o,̠lʔ
22822,夦,ʈʰim³⁵,ʈʰ,im,³⁵,,,
22823,大,tʰɑi³¹,tʰ,ɑi,³¹,d,a,̠ds
22824,夨,tʂɨk³̲³̲,tʂ,ɨk̲̲,³,sr,ɯ,ɡ
22825,天,tʰin³³,tʰ,in,³³,l̥,i,̠n
22826,太,tʰɑi³¹,tʰ,ɑi,³¹,th,a,̠ds
22827,夫,bjʊ³³,bj,ʊ,³³,p,a,
22828,夬,kʷet³̲³̲,kʷ,et̲̲,³,kʷr,a,̠ds
22829,夭,ʔɰiᴇu³³,ʔɰ,iᴇu,³³,q,o,̠wʔ
22830,央,ʔjaŋ³³,ʔj,aŋ,³³,q,a,ŋ
22831,夯,,,,,,,
22832,夰,ɦɑu³⁵,ɦ,ɑu,³⁵,k,u,̠ʔ
22833,失,ɕit³̲³̲,ɕ,it̲̲,³,l̥,i,ɡ
22834,夲,tʰɑu³³,tʰ,ɑu,³³,th,u,̠
22835,夳,tʰɑi³¹,tʰ,ɑi,³¹,,,
22836,头,du³³,d,u,³³,,,
22837,夵,tʰɑu³³,tʰ,ɑu,³³,,,
22838,夶,pi³⁵,p,i,³⁵,,,
22839,夷,ji³³,j,i,³³,l,i,
22840,夸,kʰʷɰæ³⁵,kʰʷɰæ,,³⁵,khʷr,a,̠
22841,夹,kɰɛp³̲³̲,kɰ,ɛp̲̲,³,,,
22842,夺,dʷɑt³̲³̲,dʷ,ɑt̲̲,³,,,
22843,夻,,,,,,,
22844,夼,,,,,,,
22845,夽,ŋɨn³⁵,ŋ,ɨn,³⁵,ŋɡʷ,ɯ,nʔ
22846,夾,ɕiᴇk³̲³̲,ɕ,iᴇk̲̲,³,kr,e,̠b
22847,夿,pʰɰæ³³,pʰɰæ,,³³,,,
22848,奀,,,,,,,
22849,奁,,,,,,,
22850,奂,hʷɑn³¹,hʷ,ɑn,³¹,qh,o,̠ns
22851,奃,tei³³,t,ei,³³,t,i,̠l
22852,奄,ʔɰiᴇm³¹,ʔɰ,iᴇm,³¹,qr,o,mʔ
22853,奅,pʰɰæu³¹,pʰɰæ,u,³¹,phr,u,̠s
22854,奆,,,,,,,
22855,奇,ɡɰiᴇ³³,ɡɰ,iᴇ,³³,kr,a,l
22856,奈,nɑi³¹,n,ɑi,³¹,n,a,̠ls
22857,奉,bjʊŋ³⁵,bj,ʊŋ,³⁵,b,o,ŋʔ
22858,奊,let³̲³̲,l,et̲̲,³,ɡ,i,̠ɡ
22859,奋,pjun³¹,pj,un,³¹,,,
22860,奌,,,,,,,
22861,奍,,,,,,,
22862,奎,kʰʷiᴇ³⁵,kʰʷ,iᴇ,³⁵,khʷ,e,̠
22863,奏,tsʰu³¹,tsʰ,u,³¹,s,o,̠s
22864,奐,hʷɑn³¹,hʷ,ɑn,³¹,qh,o,̠ns
22865,契,kei³¹,k,ei,³¹,kh,ɯ,d
22866,奒,kʰəi³³,kʰ,əi,³³,kh,ɯ,̠
22867,奓,tɕʰiᴇ³⁵,tɕʰ,iᴇ,³⁵,k‧r,a,̠ls
22868,奔,pjun³¹,pj,un,³¹,p,ɯ,̠ns
22869,奕,jiᴇk³̲³̲,j,iᴇk̲̲,³,l,a,ɡ
22870,奖,,,,,,,
22871,套,tʰɑu³⁵,tʰ,ɑu,³⁵,,,
22872,奘,dzɑŋ³¹,dz,ɑŋ,³¹,sɡ,a,̠ŋʔ
22873,奙,,,,,,,
22874,奚,ɦei³³,ɦ,ei,³³,ɡ,e,̠
22875,奛,,,,,,,
22876,奜,pʷɨi³³,pʷ,ɨi,³³,,,
22877,奝,teu³³,t,eu,³³,,,
22878,奞,sʷin³⁵,sʷ,in,³⁵,sl,ɯ,ns
22879,奟,pɰæŋ³³,pɰæŋ,,³³,,,
22880,奠,deŋ³¹,d,eŋ,³¹,d,i,̠ŋs
22881,奡,ŋɑu³¹,ŋ,ɑu,³¹,ŋ,a,̠ws
22882,奢,ɕjæ³³,ɕjæ,,³³,qhlj,a,̠
22883,奣,kʰʷɰæŋ³⁵,kʰʷɰæŋ,,³⁵,,,
22884,奤,pʰʷɑn³⁵,pʰʷ,ɑn,³⁵,,,
22885,奥,ʔjuk³̲³̲,ʔj,uk̲̲,³,q,u,̠ɡs
22886,奦,,,,,,,
22887,奧,ʔɑu³¹,ʔ,ɑu,³¹,,,
22888,奨,tsjaŋ³⁵,tsj,aŋ,³⁵,,,
22889,奩,liᴇm³³,l,iᴇm,³³,ɡ,ə,r
22890,奪,dʷɑi³¹,dʷ,ɑi,³¹,l,o,̠d
22891,奫,ʔʷin³³,ʔʷ,in,³³,,,
22892,奬,,,,,sk,a,ŋʔ
22893,奭,ɕiᴇk³̲³̲,ɕ,iᴇk̲̲,³,qhj,a,ɡ
22894,奮,pjun³¹,pj,un,³¹,p,ɯ,ns
22895,奯,hʷɑt³̲³̲,hʷ,ɑt̲̲,³,qhʷ,a,̠d
22896,奰,bɰi³¹,bɰ,i,³¹,br,i,ds
22897,奱,lʷiᴇn³³,lʷ,iᴇn,³³,ɡ,ə,r
22898,奲,tɑ³⁵,t,ɑ,³⁵,t,a,̠lʔ
22899,女,ɳɰɛ³⁵,ɳɰ,ɛ,³⁵,n,a,ʔ
22900,奴,nu̯o³³,n,u̯o,³³,n,a,̠
22901,奵,teŋ³³,t,eŋ,³³,,,
22902,奶,,,,,,,
22903,奷,tsʰen³³,tsʰ,en,³³,,,
22904,奸,kɰæn³³,kɰæn,,³³,k,a,̠n
22905,她,tsjæ³⁵,tsjæ,,³⁵,,,
22906,奺,,,,,,,
22907,奻,ɳʷɰæn³³,ɳʷɰæn,,³³,rn,o,̠n
22908,奼,ʈʰɰæ³⁵,ʈʰɰæ,,³⁵,k‧r,a,̠ɡs
22909,好,hɑu³⁵,h,ɑu,³⁵,qh,u,̠ʔ
22910,奾,siᴇn³³,s,iᴇn,³³,,,
22911,奿,pʰʷjɤn³¹,pʰʷj,ɤn,³¹,ph,o,ns
22912,妀,kɨ³⁵,k,ɨ,³⁵,k,ɯ,ʔ
22913,妁,tɕjak³̲³̲,tɕj,ak̲̲,³,plj,e,wɡ
22914,如,ȵjɤ³³,ȵj,ɤ,³³,nj,a,s
22915,妃,pʰʷɨi³³,pʰʷ,ɨi,³³,ph,ɯ,l
22916,妄,mʷjaŋ³³,mʷj,aŋ,³³,m,a,ŋs
22917,妅,ɦuŋ³³,ɦ,uŋ,³³,,,
22918,妆,tʂjaŋ³³,tʂj,aŋ,³³,,,
22919,妇,bɨu³⁵,b,ɨu,³⁵,,,
22920,妈,,,,,,,
22921,妉,təm³³,t,əm,³³,k‧l,u,̠m
22922,妊,ȵim³³,ȵ,im,³³,mblj,u,ms
22923,妋,ʔɨu³³,ʔ,ɨu,³³,,,
22924,妌,dziᴇŋ³⁵,dz,iᴇŋ,³⁵,sɡ,e,ŋʔ
22925,妍,ŋen³³,ŋ,en,³³,ŋɡ,e,̠n
22926,妎,kɰɛi³¹,kɰ,ɛi,³¹,ɡ,e,̠ds
22927,妏,mjun³¹,mj,un,³¹,,,
22928,妐,tɕjʊŋ³³,tɕj,ʊŋ,³³,klj,o,ŋ
22929,妑,pɰæ³³,pɰæ,,³³,,,
22930,妒,tu̯o³¹,t,u̯o,³¹,k‧l,a,̠s
22931,妓,kɰiᴇ³³,kɰ,iᴇ,³³,kr,e,
22932,妔,ɦɑŋ³³,ɦ,ɑŋ,³³,,,
22933,妕,ʈjuŋ³¹,ʈj,uŋ,³¹,,,
22934,妖,kɰæu³⁵,kɰæ,u,³⁵,qr,o,w
22935,妗,ɡɰim³¹,ɡɰ,im,³¹,qhr,ɯ,̠m
22936,妘,ɦʲjun³³,ɦʲj,un,³³,ɢʷ,ɯ,n
22937,妙,miᴇu³¹,m,iᴇu,³¹,mbl,e,ws
22938,妚,pɨu³⁵,p,ɨu,³⁵,,,
22939,妛,tɕʰɨ³³,tɕʰ,ɨ,³³,,,
22940,妜,ʔʷet³̲³̲,ʔʷ,et̲̲,³,qʷ,e,̠d
22941,妝,tʂjaŋ³³,tʂj,aŋ,³³,skr,a,ŋ
22942,妞,ɳɨu³⁵,ɳ,ɨu,³⁵,m̥hl,u,̠s
22943,妟,ʔen³¹,ʔ,en,³¹,qr,a,̠ns
22944,妠,ɳʷɰæt³̲³̲,ɳʷɰæt̲̲,,³,,,
22945,妡,hɨn³³,h,ɨn,³³,,,
22946,妢,bjun³³,bj,un,³³,b,ɯ,n
22947,妣,pi³⁵,p,i,³⁵,p,i,s
22948,妤,jɤ³³,j,ɤ,³³,ɢl,a,
22949,妥,tʰʷɑ³⁵,tʰʷ,ɑ,³⁵,n̥,o,̠lʔ
22950,妦,pʰjʊŋ³³,pʰj,ʊŋ,³³,ph,o,ŋ
22951,妧,ŋʷjɤn³³,ŋʷj,ɤn,³³,,,
22952,妨,pʰʷjaŋ³¹,pʰʷj,aŋ,³¹,ph,a,ŋs
22953,妩,,,,,,,
22954,妪,,,,,,,
22955,妫,,,,,,,
22956,妬,tu̯o³¹,t,u̯o,³¹,k‧l,a,̠ɡs
22957,妭,pʷɑt³̲³̲,pʷ,ɑt̲̲,³,b,o,̠d
22958,妮,ɳi³³,ɳ,i,³³,n,i,l
22959,妯,luk³̲³̲,l,uk̲̲,³,ɡ‧l,ɯ,wɡ
22960,妰,ʈjak³̲³̲,ʈj,ak̲̲,³,,,
22961,妱,tɕiᴇu³³,tɕ,iᴇu,³³,,,
22962,妲,,,,,t,a,̠d
22963,妳,,,,,,,
22964,妴,ʔʷjɤn³¹,ʔʷj,ɤn,³¹,q,o,nʔ
22965,妵,tʰu³⁵,tʰ,u,³⁵,th,o,̠ʔ
22966,妶,ɦen³³,ɦ,en,³³,,,
22967,妷,ɖit³̲³̲,ɖ,it̲̲,³,,,
22968,妸,hɑ³³,h,ɑ,³³,q,a,̠lʔ
22969,妹,mɑi³¹,m,ɑi,³¹,m,ɯ,̠ds
22970,妺,mʷɑt³̲³̲,mʷ,ɑt̲̲,³,m,a,̠d
22971,妻,tsʰi³³,tsʰ,i,³³,sh,i,̠l
22972,妼,bit³̲³̲,b,it̲̲,³,,,
22973,妽,ɕin³³,ɕ,in,³³,,,
22974,妾,tsʰiᴇp³̲³̲,tsʰ,iᴇp̲̲,³,sh,e,b
22975,妿,ʔɑ³³,ʔ,ɑ,³³,q,a,̠l
22976,姀,ɦʷɑ³³,ɦʷ,ɑ,³³,,,
22977,姁,hjʊ³⁵,hj,ʊ,³⁵,ɡ,o,
22978,姂,bjap³̲³̲,bj,ap̲̲,³,b,o,b
22979,姃,tɕiᴇŋ³¹,tɕ,iᴇŋ,³¹,,,
22980,姄,mɰin³³,mɰ,in,³³,,,
22981,姅,pʷɑn³¹,pʷ,ɑn,³¹,ph,a,̠ns
22982,姆,mu³⁵,m,u,³⁵,m,ɯ,ʔ
22983,姇,pjʊ³¹,pj,ʊ,³¹,ph,o,
22984,姈,leŋ³³,l,eŋ,³³,,,
22985,姉,,,,,s,i,ʔ
22986,姊,tsi³⁵,ts,i,³⁵,s,i,ʔ
22987,始,ɕɨ³⁵,ɕ,ɨ,³⁵,qhlj,ɯ,ʔ
22988,姌,ȵiᴇm³⁵,ȵ,iᴇm,³⁵,n,e,̠mʔ
22989,姍,sɑt³̲³̲,s,ɑt̲̲,³,sl,a,̠n
22990,姎,ʔɑŋ³¹,ʔ,ɑŋ,³¹,q,a,̠ŋ
22991,姏,mɑm³³,m,ɑm,³³,,,
22992,姐,tsjæ³⁵,tsjæ,,³⁵,sk,a,̠ʔ
22993,姑,ku̯o³³,k,u̯o,³³,k,a,̠
22994,姒,zɨ³⁵,z,ɨ,³⁵,sɢl,ɯ,ʔ
22995,姓,ʂɰæŋ³³,ʂɰæŋ,,³³,sl,e,ŋs
22996,委,ʔʷɰiᴇ³³,ʔʷɰ,iᴇ,³³,qr,o,lʔ
22997,姕,tsiᴇ³³,ts,iᴇ,³³,z,e,
22998,姖,,,,,,,
22999,姗,ʂɰæn³³,ʂɰæn,,³³,sl,a,̠n
23000,姘,beŋ³³,b,eŋ,³³,phr,e,̠ŋ
23001,姙,,,,,,,
23002,姚,jiᴇu³¹,j,iᴇu,³¹,l,e,w
23003,姛,duŋ³⁵,d,uŋ,³⁵,d,o,̠ŋʔ
23004,姜,kjaŋ³³,kj,aŋ,³³,kl,a,ŋ
23005,姝,ʈjʊ³³,ʈj,ʊ,³³,thj,o,
23006,姞,ɡɰit³̲³̲,ɡɰ,it̲̲,³,ɡr,i,d
23007,姟,kəi³³,k,əi,³³,k,ɯ,̠
23008,姠,ɕjaŋ³¹,ɕj,aŋ,³¹,,,
23009,姡,kʷɑt³̲³̲,kʷ,ɑt̲̲,³,ɡr,o,̠d
23010,姢,ʔʷen³³,ʔʷ,en,³³,,,
23011,姣,kɰæu³⁵,kɰæ,u,³⁵,ɡr,e,̠w
23012,姤,ku³¹,k,u,³¹,k,o,̠s
23013,姥,mu̯o³⁵,m,u̯o,³⁵,,,
23014,姦,kɰæn³³,kɰæn,,³³,kr,a,̠n
23015,姧,kɑn³³,k,ɑn,³³,,,
23016,姨,ji³³,j,i,³³,l,i,
23017,姩,nen³³,n,en,³³,,,
23018,姪,det³̲³̲,d,et̲̲,³,ɡ‧l,i,̠ɡ
23019,姫,tɕin³⁵,tɕ,in,³⁵,,,
23020,姬,kɨ³³,k,ɨ,³³,k,ɯ,
23021,姭,hjam³¹,hj,am,³¹,qhl,a,ms
23022,姮,ɦəŋ³³,ɦ,əŋ,³³,ɡ,ɯ,̠ŋ
23023,姯,kʷɑŋ³³,kʷ,ɑŋ,³³,,,
23024,姰,sʷin³³,sʷ,in,³³,sqhʷ,i,n
23025,姱,ɦu̯o³⁵,ɦ,u̯o,³⁵,khʷr,a,̠
23026,姲,ʔɰæn³¹,ʔɰæn,,³¹,,,
23027,姳,meŋ³⁵,m,eŋ,³⁵,,,
23028,姴,liᴇt³̲³̲,l,iᴇt̲̲,³,,,
23029,姵,bu̯oi³¹,b,u̯oi,³¹,,,
23030,姶,ʔəp³̲³̲,ʔ,əp̲̲,³,q,u,̠b
23031,姷,ɦʲɨu³¹,ɦʲ,ɨu,³¹,ɢʷ,ɯ,s
23032,姸,ŋen³³,ŋ,en,³³,,,
23033,姹,ʈʰɰæ³⁵,ʈʰɰæ,,³⁵,kh‧r,a,̠ʔ
23034,姺,ʂɪn³³,ʂ,ɪn,³³,sr,i,n
23035,姻,ʔin³³,ʔ,in,³³,q,i,n
23036,姼,dʑiᴇ³⁵,dʑ,iᴇ,³⁵,ɡlj,a,lʔ
23037,姽,ŋʷɰiᴇ³⁵,ŋʷɰ,iᴇ,³⁵,ŋɡr,o,̠lʔ
23038,姾,dzʷiᴇn³³,dzʷ,iᴇn,³³,,,
23039,姿,tsi³¹,ts,i,³¹,s,i,
23040,娀,sjuŋ³³,sj,uŋ,³³,sn,u,ŋ
23041,威,ʔʷɨi³³,ʔʷ,ɨi,³³,q,u,l
23042,娂,ɦuŋ³³,ɦ,uŋ,³³,,,
23043,娃,ʔɰɛ³³,ʔɰ,ɛ,³³,qr,e,̠
23044,娄,,,,,,,
23045,娅,,,,,,,
23046,娆,,,,,,,
23047,娇,kɰiᴇu³³,kɰ,iᴇu,³³,,,
23048,娈,lʷiᴇn³¹,lʷ,iᴇn,³¹,,,
23049,娉,pʰiᴇŋ³¹,pʰ,iᴇŋ,³¹,phl,e,ŋs
23050,娊,ɦen³⁵,ɦ,en,³⁵,,,
23051,娋,ʂɰæu³¹,ʂɰæ,u,³¹,spr,e,̠w
23052,娌,lɨ³⁵,l,ɨ,³⁵,m,ə,r
23053,娍,dʑiᴇŋ³³,dʑ,iᴇŋ,³³,,,
23054,娎,hʷɰiᴇt³̲³̲,hʷɰ,iᴇt̲̲,³,qh,e,̠ws
23055,娏,mɰɔŋ³³,mɰɔŋ,,³³,,,
23056,娐,pʰjʊ³³,pʰj,ʊ,³³,,,
23057,娑,tsʰɑ³⁵,tsʰ,ɑ,³⁵,sl,a,̠l
23058,娒,mu̯o³⁵,m,u̯o,³⁵,m,ɯ,ʔ
23059,娓,mɰi³³,mɰ,i,³³,m,ɯ,lʔ
23060,娔,kʰək³̲³̲,kʰ,ək̲̲,³,,,
23061,娕,,,,,shr,o,̠ɡ
23062,娖,tʂʰɰɔk³̲³̲,tʂʰɰɔk̲̲,,³,shr,o,̠ɡ
23063,娗,den³⁵,d,en,³⁵,ɡ‧l,e,̠ŋʔ
23064,娘,ɳjaŋ³³,ɳj,aŋ,³³,,,
23065,娙,kʰɰɛŋ³³,kʰɰ,ɛŋ,³³,ɡ,e,̠ŋ
23066,娚,ɳɰɛm³³,ɳɰ,ɛm,³³,,,
23067,娛,ŋjʊ³³,ŋj,ʊ,³³,,,
23068,娜,nɑ³⁵,n,ɑ,³⁵,,,
23069,娝,pʰjʊ³³,pʰj,ʊ,³³,pr,ɯ,ʔ
23070,娞,sʷi³³,sʷ,i,³³,,,
23071,娟,ʔʷiᴇn³³,ʔʷ,iᴇn,³³,qʷ,e,n
23072,娠,tɕin³¹,tɕ,in,³¹,plj,ɯ,ns
23073,娡,tɕɨ³¹,tɕ,ɨ,³¹,klj,ɯ,s
23074,娢,ɦəm³³,ɦ,əm,³³,,,
23075,娣,dei³⁵,d,ei,³⁵,ɡ‧l,i,̠ls
23076,娤,tʂjaŋ³³,tʂj,aŋ,³³,,,
23077,娥,ŋɑ³³,ŋ,ɑ,³³,ŋ,a,̠l
23078,娦,,,,,,,
23079,娧,tʰʷɑi³¹,tʰʷ,ɑi,³¹,l,o,d
23080,娨,mɰæn³⁵,mɰæn,,³⁵,,,
23081,娩,mʷjɤn³⁵,mʷj,ɤn,³⁵,mr,o,nʔ
23082,娪,ŋu̯o³¹,ŋ,u̯o,³¹,ŋ,a,̠
23083,娫,jiᴇn³³,j,iᴇn,³³,,,
23084,娬,mjʊ³⁵,mj,ʊ,³⁵,mb,a,ʔ
23085,娭,hɨ³³,h,ɨ,³³,q,ɯ,̠
23086,娮,ŋjɤn³³,ŋj,ɤn,³³,,,
23087,娯,,,,,,,
23088,娰,,,,,,,
23089,娱,ŋjʊ³³,ŋj,ʊ,³³,ŋɡʷ,a,
23090,娲,,,,,,,
23091,娳,,,,,,,
23092,娴,,,,,,,
23093,娵,tʂɨu³³,tʂ,ɨu,³³,sk,o,
23094,娶,tsʰjʊ³¹,tsʰj,ʊ,³¹,skl,o,
23095,娷,dʑʷiᴇ³¹,dʑʷ,iᴇ,³¹,t,o,ls
23096,娸,kʰɨ³³,kʰ,ɨ,³³,kh,ɯ,
23097,娹,ɦen³³,ɦ,en,³³,ɡ,i,̠n
23098,娺,tɕʰʷiᴇt³̲³̲,tɕʰʷ,iᴇt̲̲,³,rt,o,̠d
23099,娻,tuŋ³³,t,uŋ,³³,,,
23100,娼,tɕʰjaŋ³³,tɕʰj,aŋ,³³,,,
23101,娽,luk³̲³̲,l,uk̲̲,³,b,ə,r
23102,娾,ŋɰɛi³⁵,ŋɰ,ɛi,³⁵,,,
23103,娿,ʔɑ³³,ʔ,ɑ,³³,q,a,̠l
23104,婀,ʔɑ³³,ʔ,ɑ,³³,,,
23105,婁,ljʊ³³,lj,ʊ,³³,ɡ,ə,r
23106,婂,miᴇn³³,m,iᴇn,³³,,,
23107,婃,dzu̯oŋ³³,dz,u̯oŋ,³³,,,
23108,婄,pʰu̯oi³³,pʰ,u̯oi,³³,b,ɯ,ʔ
23109,婅,kjuk³̲³̲,kj,uk̲̲,³,,,
23110,婆,bʷɑ³³,bʷ,ɑ,³³,b,a,̠l
23111,婇,tsʰəi³⁵,tsʰ,əi,³⁵,,,
23112,婈,lɨŋ³³,l,ɨŋ,³³,,,
23113,婉,ʔʷjɤn³⁵,ʔʷj,ɤn,³⁵,q,o,nʔ
23114,婊,pɰiᴇu³⁵,pɰ,iᴇu,³⁵,,,
23115,婋,hɰæu³³,hɰæ,u,³³,,,
23116,婌,dʑjuk³̲³̲,dʑj,uk̲̲,³,,,
23117,婍,kʰɰiᴇ³⁵,kʰɰ,iᴇ,³⁵,,,
23118,婎,hʷi³⁵,hʷ,i,³⁵,qh,u,l
23119,婏,pʰjʊ³¹,pʰj,ʊ,³¹,m̥,o,s
23120,婐,ʔʷɑ³⁵,ʔʷ,ɑ,³⁵,kr,o,̠l
23121,婑,nu̯oi³⁵,n,u̯oi,³⁵,mɡl,u,̠lʔ
23122,婒,dɑm³³,d,ɑm,³³,,,
23123,婓,bʷɨi³³,bʷ,ɨi,³³,ph,ɯ,l
23124,婔,ɦʲʷɨi³³,ɦʲʷ,ɨi,³³,,,
23125,婕,tsiᴇp³̲³̲,ts,iᴇp̲̲,³,s,e,b
23126,婖,tʰem³⁵,tʰ,em,³⁵,,,
23127,婗,ŋei³⁵,ŋ,ei,³⁵,ŋɡ,e,̠
23128,婘,ɡʷɰiᴇn³³,ɡʷɰ,iᴇn,³³,ɡr,o,n
23129,婙,dziᴇŋ³¹,dz,iᴇŋ,³¹,,,
23130,婚,hu̯on³³,h,u̯on,³³,m̥h,u,̠n
23131,婛,kɰjæŋ³³,kɰjæŋ,,³³,,,
23132,婜,,,,,khr,i,̠n
23133,婝,den³¹,d,en,³¹,,,
23134,婞,ɦʷeŋ³⁵,ɦʷ,eŋ,³⁵,ɡ,e,̠ŋʔ
23135,婟,ku̯o³¹,k,u̯o,³¹,ɡ,a,̠ʔ
23136,婠,kɑn³¹,k,ɑn,³¹,q,o,̠n
23137,婡,ləi³³,l,əi,³³,,,
23138,婢,biᴇ³⁵,b,iᴇ,³⁵,b,e,ʔ
23139,婣,ʔin³³,ʔ,in,³³,q,i,n
23140,婤,ʈʰɨu³³,ʈʰ,ɨu,³³,klj,ɯ,w
23141,婥,tɕʰjak³̲³̲,tɕʰj,ak̲̲,³,khj,e,wɡ
23142,婦,bɨu³⁵,b,ɨu,³⁵,b,ɯ,ʔ
23143,婧,dziᴇŋ³¹,dz,iᴇŋ,³¹,z,e,ŋs
23144,婨,lu̯on³³,l,u̯on,³³,,,
23145,婩,ŋjak³̲³̲,ŋj,ak̲̲,³,ŋɡr,a,ns
23146,婪,ləm³⁵,l,əm,³⁵,ɡ,ə,r
23147,婫,ku̯on³³,k,u̯on,³³,,,
23148,婬,jim³³,j,im,³³,b,ə,l
23149,婭,ʔɰæ³³,ʔɰæ,,³³,qr,a,̠ɡs
23150,婮,kjɤ³³,kj,ɤ,³³,,,
23151,婯,,,,,,,
23152,婰,ten³⁵,t,en,³⁵,,,
23153,婱,ɦen³³,ɦ,en,³³,ɡ,i,̠n
23154,婲,,,,,,,
23155,婳,,,,,,,
23156,婴,ʔiᴇŋ³³,ʔ,iᴇŋ,³³,,,
23157,婵,,,,,,,
23158,婶,,,,,,,
23159,婷,deŋ³³,d,eŋ,³³,,,
23160,婸,jaŋ³³,j,aŋ,³³,ɡ‧l,a,̠ŋʔ
23161,婹,ʔeu³⁵,ʔ,eu,³⁵,,,
23162,婺,mu³³,m,u,³³,m,o,ɡs
23163,婻,nəm³¹,n,əm,³¹,,,
23164,婼,ȵjæ³³,ȵjæ,,³³,nj,a,
23165,婽,kɰæ³⁵,kɰæ,,³⁵,kr,a,̠ʔ
23166,婾,,,,,,,
23167,婿,sei³¹,s,ei,³¹,sŋ,e,̠s
23168,媀,ŋjʊ³¹,ŋj,ʊ,³¹,,,
23169,媁,ʔʷɨi³³,ʔʷ,ɨi,³³,qʷ,ɯ,l
23170,媂,tei³¹,t,ei,³¹,,,
23171,媃,ȵɨu³³,ȵ,ɨu,³³,,,
23172,媄,mɰi³⁵,mɰ,i,³⁵,mr,ɯ,lʔ
23173,媅,təm³³,t,əm,³³,k‧l,u,̠m
23174,媆,ȵʷiᴇn³¹,ȵʷ,iᴇn,³¹,,,
23175,媇,tsʰin³³,tsʰ,in,³³,,,
23176,媈,ɦu̯on³³,ɦ,u̯on,³³,,,
23177,媉,ʔɰɔk³̲³̲,ʔɰɔk̲̲,,³,qr,o,̠ɡ
23178,媊,tsi³³,ts,i,³³,s,e,l
23179,媋,ɕʷin³³,ɕʷ,in,³³,,,
23180,媌,mɰæu³⁵,mɰæ,u,³⁵,mr,e,̠wʔ
23181,媍,,,,,,,
23182,媎,tsjæ³⁵,tsjæ,,³⁵,,,
23183,媏,tʷɑn³³,tʷ,ɑn,³³,,,
23184,媐,hɨ³³,h,ɨ,³³,ɢ,ɯ,
23185,媑,ɖjʊŋ³⁵,ɖj,ʊŋ,³⁵,,,
23186,媒,mu̯oi³³,m,u̯oi,³³,m,ɯ,̠
23187,媓,ɦʷɑŋ³³,ɦʷ,ɑŋ,³³,ɡʷ,a,̠ŋ
23188,媔,miᴇn³³,m,iᴇn,³³,m,e,n
23189,媕,ʔɰiᴇm³⁵,ʔɰ,iᴇm,³⁵,q,ɯ,̠m
23190,媖,ʔɰjæŋ³³,ʔɰjæŋ,,³³,,,
23191,媗,sʷiᴇn³³,sʷ,iᴇn,³³,,,
23192,媘,kɰɛi³³,kɰ,ɛi,³³,,,
23193,媙,,,,,,,
23194,媚,mɰi³¹,mɰ,i,³¹,mr,i,ls
23195,媛,ɦʲʷiᴇn³¹,ɦʲʷ,iᴇn,³¹,ɢr,o,ns
23196,媜,ʈiᴇŋ³³,ʈ,iᴇŋ,³³,,,
23197,媝,tsʰɨu³³,tsʰ,ɨu,³³,,,
23198,媞,ʈɰæ³¹,ʈɰæ,,³¹,ɡ‧l,e,̠
23199,媟,siᴇt³̲³̲,s,iᴇt̲̲,³,skl,e,d
23200,媠,dʷɑ³¹,dʷ,ɑ,³¹,kh‧l,o,̠lʔ
23201,媡,len³¹,l,en,³¹,,,
23202,媢,mɑu³¹,m,ɑu,³¹,m,ɯ,ɡs
23203,媣,ȵiᴇm³⁵,ȵ,iᴇm,³⁵,k,a,̠m
23204,媤,sɨ³³,s,ɨ,³³,,,
23205,媥,pʰiᴇn³³,pʰ,iᴇn,³³,ph,e,n
23206,媦,ɦʲʷɨi³¹,ɦʲʷ,ɨi,³¹,ɢr,u,ds
23207,媧,kʷɰɛ³³,kʷɰ,ɛ,³³,kr,o,̠l
23208,媨,tsɨu³¹,ts,ɨu,³¹,sk,u,s
23209,媩,ɦu̯o³³,ɦ,u̯o,³³,,,
23210,媪,ʔɨn³⁵,ʔ,ɨn,³⁵,,,
23211,媫,,,,,,,
23212,媬,,,,,,,
23213,媭,,,,,,,
23214,媮,jʊ³³,j,ʊ,³³,kh‧l,o,̠
23215,媯,kʷɰiᴇ³³,kʷɰ,iᴇ,³³,kʷr,a,l
23216,媰,tʂɨu³³,tʂ,ɨu,³³,zr,o,
23217,媱,jiᴇu³³,j,iᴇu,³³,l,e,w
23218,媲,bi³³,b,i,³³,ph,i,̠s
23219,媳,,,,,,,
23220,媴,ɦʲʷjɤn³³,ɦʲʷj,ɤn,³³,,,
23221,媵,ɕɨŋ³¹,ɕ,ɨŋ,³¹,ɢl,ɯ,ŋs
23222,媶,,,,,,,
23223,媷,,,,,,,
23224,媸,tɕʰɨ³³,tɕʰ,ɨ,³³,,,
23225,媹,lɨu³³,l,ɨu,³³,,,
23226,媺,mɰi³⁵,mɰ,i,³⁵,mr,ɯ,lʔ
23227,媻,bʷɑn³¹,bʷ,ɑn,³¹,b,a,̠l
23228,媼,ʔjun³³,ʔj,un,³³,q,u,̠ʔ
23229,媽,mu̯o³⁵,m,u̯o,³⁵,m,a,̠ʔ
23230,媾,ku³¹,k,u,³¹,k,o,̠s
23231,媿,kʷɰi³¹,kʷɰ,i,³¹,kr,u,ls
23232,嫀,ʂɪn³³,ʂ,ɪn,³³,,,
23233,嫁,kɰæ³¹,kɰæ,,³¹,kr,a,̠s
23234,嫂,sɑu³⁵,s,ɑu,³⁵,sl,u,̠wʔ
23235,嫃,tɕin³³,tɕ,in,³³,,,
23236,嫄,ŋʷjɤn³³,ŋʷj,ɤn,³³,ŋɡ,o,n
23237,嫅,sɑ³⁵,s,ɑ,³⁵,,,
23238,嫆,,,,,,,
23239,嫇,mɰɛŋ³³,mɰ,ɛŋ,³³,m,e,̠ŋ
23240,嫈,ʔʷeŋ³¹,ʔʷ,eŋ,³¹,qʷ,e,ŋ
23241,嫉,dzi³¹,dz,i,³¹,z,i,d
23242,嫊,su̯o³¹,s,u̯o,³¹,,,
23243,嫋,neu³⁵,n,eu,³⁵,n,e,̠wʔ
23244,嫌,ɦem³³,ɦ,em,³³,ɡ,e,̠m
23245,嫍,jiᴇu³⁵,j,iᴇu,³⁵,,,
23246,嫎,bɑŋ³³,b,ɑŋ,³³,,,
23247,嫏,,,,,,,
23248,嫐,,,,,,,
23249,嫑,,,,,,,
23250,嫒,,,,,,,
23251,嫓,,,,,,,
23252,嫔,,,,,,,
23253,嫕,ʔei³¹,ʔ,ei,³¹,q,i,̠s
23254,嫖,piᴇu³³,p,iᴇu,³³,ph,e,ws
23255,嫗,ku³³,k,u,³³,q,o,s
23256,嫘,lʷi³³,lʷ,i,³³,r,u,l
23257,嫙,zʷiᴇn³³,zʷ,iᴇn,³³,sɢl,o,n
23258,嫚,mɰæn³¹,mɰæn,,³¹,mr,o,̠ns
23259,嫛,ʔei³³,ʔ,ei,³³,q,i,̠
23260,嫜,tɕjaŋ³³,tɕj,aŋ,³³,,,
23261,嫝,kʰɑŋ³³,kʰ,ɑŋ,³³,,,
23262,嫞,,,,,,,
23263,嫟,ɳɨk³̲³̲,ɳ,ɨk̲̲,³,,,
23264,嫠,li³³,l,i,³³,ɡ,ə,r
23265,嫡,ʈiᴇk³̲³̲,ʈ,iᴇk̲̲,³,k‧r,e,ɡ
23266,嫢,kʷiᴇ³¹,kʷ,iᴇ,³¹,ɡ,e,̠nʔ
23267,嫣,ʔʷjɤn³⁵,ʔʷj,ɤn,³⁵,qr,a,nʔ
23268,嫤,ɡɨn³³,ɡ,ɨn,³³,,,
23269,嫥,dʷɑn³³,dʷ,ɑn,³³,tj,o,n
23270,嫦,,,,,,,
23271,嫧,tʂʰɰɛk³̲³̲,tʂʰɰ,ɛk̲̲,³,shr,e,̠ɡ
23272,嫨,ȵiᴇn³⁵,ȵ,iᴇn,³⁵,,,
23273,嫩,,,,,,,
23274,嫪,lɑu³¹,l,ɑu,³¹,ɡ,ə,r
23275,嫫,mu̯o³³,m,u̯o,³³,m,a,̠
23276,嫬,ɕjɤ³¹,ɕj,ɤ,³¹,,,
23277,嫭,ɦu̯o³¹,ɦ,u̯o,³¹,ɡ,a,̠s
23278,嫮,ɦu̯o³¹,ɦ,u̯o,³¹,ɡʷ,a,̠s
23279,嫯,ŋɑu³³,ŋ,ɑu,³³,ŋɡ,a,̠ws
23280,嫰,nu̯on³¹,n,u̯on,³¹,,,
23281,嫱,,,,,,,
23282,嫲,,,,,,,
23283,嫳,biᴇt³̲³̲,b,iᴇt̲̲,³,ph,e,̠d
23284,嫴,ku̯o³³,k,u̯o,³³,k,a,̠
23285,嫵,mjʊ³⁵,mj,ʊ,³⁵,m,a,ʔ
23286,嫶,dziᴇu³³,dz,iᴇu,³³,sk,e,w
23287,嫷,tʰʷɑ³¹,tʰʷ,ɑ,³¹,ɡ‧l,o,̠lʔ
23288,嫸,tɕiᴇn³⁵,tɕ,iᴇn,³⁵,tj,e,nʔ
23289,嫹,,,,,,,
23290,嫺,ɦɰɛn³³,ɦɰ,ɛn,³³,ɡr,e,̠n
23291,嫻,ɦɰɛn³³,ɦɰ,ɛn,³³,ɡr,e,̠n
23292,嫼,mək³̲³̲,m,ək̲̲,³,m̥h,ɯ,̠ɡ
23293,嫽,leu³³,l,eu,³³,ɡ,ə,r
23294,嫾,len³³,l,en,³³,,,
23295,嫿,hʷɰɛk³̲³̲,hʷɰ,ɛk̲̲,³,ɡʷr,e,̠ɡ
23296,嬀,kʷɰiᴇ³³,kʷɰ,iᴇ,³³,kʷr,a,l
23297,嬁,təŋ³³,t,əŋ,³³,,,
23298,嬂,tɕɨk³̲³̲,tɕ,ɨk̲̲,³,,,
23299,嬃,sjʊ³³,sj,ʊ,³³,sl ,o,
23300,嬄,ʔit³̲³̲,ʔ,it̲̲,³,,,
23301,嬅,ɦʷɰæ³¹,ɦʷɰæ,,³¹,,,
23302,嬆,hɰip³̲³̲,hɰ,ip̲̲,³,,,
23303,嬇,ɦu̯oi³¹,ɦ,u̯oi,³¹,ɡ,u,̠ls
23304,嬈,neu³⁵,n,eu,³⁵,mɡlj,e,wʔ
23305,嬉,hɨ³³,h,ɨ,³³,qh,ɯ,
23306,嬊,ʔen³³,ʔ,en,³³,,,
23307,嬋,dʑiᴇn³³,dʑ,iᴇn,³³,dj,a,n
23308,嬌,ɡɰiᴇu³³,ɡɰ,iᴇu,³³,kr,e,wʔ
23309,嬍,,,,,,,
23310,嬎,pʰʷjɤn³³,pʰʷj,ɤn,³³,m̥,o,ns
23311,嬏,bʷjɤn³³,bʷj,ɤn,³³,,,
23312,嬐,ŋjam³⁵,ŋj,am,³⁵,ŋɡr,o,mʔ
23313,嬑,ʔɨ³¹,ʔ,ɨ,³¹,,,
23314,嬒,ʔʷɑi³¹,ʔʷ,ɑi,³¹,q,o,̠d
23315,嬓,keu³¹,k,eu,³¹,kl,e,̠wʔ
23316,嬔,,,,,,,
23317,嬕,ɕiᴇk³̲³̲,ɕ,iᴇk̲̲,³,,,
23318,嬖,pɰiᴇ³¹,pɰ,iᴇ,³¹,p,e,̠ɡs
23319,嬗,dʑiᴇn³⁵,dʑ,iᴇn,³⁵,th,a,̠n
23320,嬘,zʷi³¹,zʷ,i,³¹,,,
23321,嬙,ʂɨk³̲³̲,ʂ,ɨk̲̲,³,z,a,ŋ
23322,嬚,liᴇm³⁵,l,iᴇm,³⁵,,,
23323,嬛,hʷiᴇn³³,hʷ,iᴇn,³³,ɡʷ,e,ŋ
23324,嬜,hɰim³³,hɰ,im,³³,,,
23325,嬝,,,,,,,
23326,嬞,tuŋ³⁵,t,uŋ,³⁵,,,
23327,嬟,ŋɰiᴇ³¹,ŋɰ,iᴇ,³¹,,,
23328,嬠,,,,,,,
23329,嬡,,,,,,,
23330,嬢,,,,,,,
23331,嬣,ɳɰɛŋ³³,ɳɰ,ɛŋ,³³,,,
23332,嬤,,,,,,,
23333,嬥,ɖɰɔk³̲³̲,ɖɰɔk̲̲,,³,ɡ‧l,e,̠wʔ
23334,嬦,ɖɨu³³,ɖ,ɨu,³³,,,
23335,嬧,,,,,,,
23336,嬨,dzɨ³³,dz,ɨ,³³,,,
23337,嬩,jɤ³³,j,ɤ,³³,ɢl,a,
23338,嬪,,,,,b,i,n
23339,嬫,ɦʲʷɰjæŋ³³,ɦʲʷɰjæŋ,,³³,,,
23340,嬬,ȵjʊ³³,ȵj,ʊ,³³,nj,o,
23341,嬭,nei³¹,n,ei,³¹,m‧r,e,̠lʔ
23342,嬮,ʔiᴇm³¹,ʔ,iᴇm,³¹,q,e,m
23343,嬯,tʰəi³³,tʰ,əi,³³,d,ɯ,̠
23344,嬰,ʔiᴇŋ³¹,ʔ,iᴇŋ,³¹,q,e,ŋ
23345,嬱,tsʰiᴇm³¹,tsʰ,iᴇm,³¹,,,
23346,嬲,neu³⁵,n,eu,³⁵,,,
23347,嬳,ʔʷjak³̲³̲,ʔʷj,ak̲̲,³,,,
23348,嬴,jiᴇŋ³³,j,iᴇŋ,³³,l,e,ŋ
23349,嬵,miᴇn³³,m,iᴇn,³³,,,
23350,嬶,,,,,,,
23351,嬷,,,,,,,
23352,嬸,ɕim³⁵,ɕ,im,³⁵,,,
23353,嬹,hɨŋ³¹,h,ɨŋ,³¹,qh,ɯ,ŋs
23354,嬺,,,,,,,
23355,嬻,duk³̲³̲,d,uk̲̲,³,ɡ‧l,o,̠ɡ
23356,嬼,lɨu³⁵,l,ɨu,³⁵,,,
23357,嬽,ʔʷɰiᴇn³³,ʔʷɰ,iᴇn,³³,qʷ,e,n
23358,嬾,lɑn³⁵,l,ɑn,³⁵,b,ə,r
23359,嬿,ʔen³⁵,ʔ,en,³⁵,q,e,̠nʔ
23360,孀,ʂjaŋ³³,ʂj,aŋ,³³,sr,a,ŋ
23361,孁,leŋ³³,l,eŋ,³³,r,e,̠ŋ
23362,孂,kʰju³⁵,kʰj,u,³⁵,k,ɯ,̠ɡ
23363,孃,ȵjaŋ³³,ȵj,aŋ,³³,mlj,a,ŋ
23364,孄,,,,,,,
23365,孅,tsʰiᴇm³³,tsʰ,iᴇm,³³,sl,e,m
23366,孆,,,,,,,
23367,孇,ʂɰɔŋ³³,ʂɰɔŋ,,³³,,,
23368,孈,ɦʷɰɛ³¹,ɦʷɰ,ɛ,³¹,ɢʷ,e,ʔ
23369,孉,ɡʷɰiᴇn³³,ɡʷɰ,iᴇn,³³,,,
23370,孊,mɰiᴇ³⁵,mɰ,iᴇ,³⁵,mr,a,lʔ
23371,孋,liᴇ³³,l,iᴇ,³³,b,ə,r
23372,孌,lʷiᴇn³⁵,lʷ,iᴇn,³⁵,ɡ,ə,r
23373,孍,ŋjam³⁵,ŋj,am,³⁵,,,
23374,孎,ʈɰɔk³̲³̲,ʈɰɔk̲̲,,³,k‧r,o,̠ɡ
23375,孏,,,,,,,
23376,子,tsɨ³⁵,ts,ɨ,³⁵,sk,ɯ,ʔ
23377,孑,kiᴇt³̲³̲,k,iᴇt̲̲,³,k,e,d
23378,孒,kʷjɤt³̲³̲,kʷj,ɤt̲̲,³,k,o,ŋʔ
23379,孓,kjut³̲³̲,kj,ut̲̲,³,k,o,ŋʔ
23380,孔,kʰuŋ³⁵,kʰ,uŋ,³⁵,khl,o,̠ŋʔ
23381,孕,jɨŋ³¹,j,ɨŋ,³¹,l,ɯ,ŋs
23382,孖,tsɨ³³,ts,ɨ,³³,,,
23383,字,tsɨ³³,ts,ɨ,³³,sɡ,ɯ,s
23384,存,,,,,z,u,̠n
23385,孙,su̯on³³,s,u̯on,³³,,,
23386,孚,pʰjʊ³¹,pʰj,ʊ,³¹,ph,u,w
23387,孛,bu̯ot³̲³̲,b,u̯ot̲̲,³,b,ɯ,̠d
23388,孜,tsɨ³³,ts,ɨ,³³,sk,ɯ,
23389,孝,hɰæu³³,hɰæ,u,³³,qhr,u,̠s
23390,孞,,,,,,,
23391,孟,mɑŋ³⁵,m,ɑŋ,³⁵,mr,a,̠ŋs
23392,孠,zɨ³¹,z,ɨ,³¹,lj,ɯ,s
23393,孡,tʰəi³³,tʰ,əi,³³,,,
23394,孢,,,,,,,
23395,季,kʷi³¹,kʷ,i,³¹,kʷ,i,ds
23396,孤,ku̯o³³,k,u̯o,³³,kʷ,a,̠
23397,孥,nu̯o³¹,n,u̯o,³¹,n,a,̠
23398,学,ɦɰɔk³̲³̲,ɦɰɔk̲̲,,³,,,
23399,孧,,,,,,,
23400,孨,tɕʷiᴇn³⁵,tɕʷ,iᴇn,³⁵,m‧l,ɯ,b
23401,孩,ɦəi³³,ɦ,əi,³³,ɡ,ɯ,̠
23402,孪,ʂʷɰæn³¹,ʂʷɰæn,,³¹,,,
23403,孫,,,,,skl,u,̠n
23404,孬,,,,,,,
23405,孭,,,,,,,
23406,孮,dzu̯oŋ³³,dz,u̯oŋ,³³,,,
23407,孯,,,,,,,
23408,孰,ʑjuk³̲³̲,ʑj,uk̲̲,³,dj,ɯ,wɡ
23409,孱,dʐiᴇn³³,dʐ,iᴇn,³³,sɡr,e,̠nʔ
23410,孲,ʔɰæ³³,ʔɰæ,,³³,,,
23411,孳,dzɨ³¹,dz,ɨ,³¹,s,ɯ,
23412,孴,jip³̲³̲,j,ip̲̲,³,l,ɯ,b
23413,孵,pʰjʊ³¹,pʰj,ʊ,³¹,,,
23414,孶,,,,,,,
23415,孷,lɨ³³,l,ɨ,³³,ɡ,ə,r
23416,學,kɰæu³¹,kɰæ,u,³¹,ɡr,u,̠ɡ
23417,孹,,,,,,,
23418,孺,ȵjʊ³¹,ȵj,ʊ,³¹,nj,o,s
23419,孻,,,,,,,
23420,孼,ŋʷɰiᴇt³̲³̲,ŋʷɰ,iᴇt̲̲,³,ŋɡr,e,d
23421,孽,ŋʷɰiᴇt³̲³̲,ŋʷɰ,iᴇt̲̲,³,ŋɡr,e,d
23422,孾,,,,,q,e,ŋ
23423,孿,ʂʷiᴇn³¹,ʂʷ,iᴇn,³¹,sqr,o,ns
23424,宀,kjuk³̲³̲,kj,uk̲̲,³,m,e,n
23425,宁,ʈjɤ³⁵,ʈj,ɤ,³⁵,d,a,ʔ
23426,宂,ȵjʊŋ³⁵,ȵj,ʊŋ,³⁵,nj,o,ŋʔ
23427,它,jiᴇ³³,j,iᴇ,³³,l̥,a,̠l
23428,宄,kʷɰi³⁵,kʷɰ,i,³⁵,kr,u,ʔ
23429,宅,tʰɑk³̲³̲,tʰ,ɑk̲̲,³,ɡ‧r,a,̠ɡ
23430,宆,,,,,,,
23431,宇,ɦʲjʊ³⁵,ɦʲj,ʊ,³⁵,ɢʷ,a,ʔ
23432,守,ɕɨu³⁵,ɕ,ɨu,³⁵,qhlj,u,ʔ
23433,安,ʔɑn³³,ʔ,ɑn,³³,q,a,̠n
23434,宊,tʰu̯ot³̲³̲,tʰ,u̯ot̲̲,³,,,
23435,宋,su̯oŋ³¹,s,u̯oŋ,³¹,sl,u,̠ŋs
23436,完,ɦʷɑn³³,ɦʷ,ɑn,³³,ɡ,o,̠n
23437,宍,,,,,,,
23438,宎,ʔeu³⁵,ʔ,eu,³⁵,q,e,̠wʔ
23439,宏,ɦʷɰɛŋ³³,ɦʷɰ,ɛŋ,³³,ɡʷr,ɯ,̠ŋ
23440,宐,ŋɰiᴇ³³,ŋɰ,iᴇ,³³,ŋɡr,a,l
23441,宑,,,,,,,
23442,宒,,,,,,,
23443,宓,mit³̲³̲,m,it̲̲,³,mbr,i,ɡ
23444,宔,tɕjʊ³⁵,tɕj,ʊ,³⁵,tj,o,ʔ
23445,宕,dɑŋ³¹,d,ɑŋ,³¹,d,a,̠ŋs
23446,宖,ɦɰɛŋ³³,ɦɰ,ɛŋ,³³,qʷr,ɯ,̠ŋ
23447,宗,tsu̯oŋ³³,ts,u̯oŋ,³³,s,u,̠ŋ
23448,官,kʷɑn³³,kʷ,ɑn,³³,k,o,̠n
23449,宙,ɖɨu³¹,ɖ,ɨu,³¹,ɡ‧l,ɯ,wɡs
23450,定,deŋ³³,d,eŋ,³³,k‧l,e,̠ŋs
23451,宛,ʔʷjɤn³⁵,ʔʷj,ɤn,³⁵,q,o,n
23452,宜,ŋɰiᴇ³³,ŋɰ,iᴇ,³³,ŋɡr,a,l
23453,宝,pɑu³⁵,p,ɑu,³⁵,,,
23454,实,ʑit³̲³̲,ʑ,it̲̲,³,,,
23455,実,,,,,,,
23456,宠,ʈʰjʊŋ³⁵,ʈʰj,ʊŋ,³⁵,,,
23457,审,ɕim³⁵,ɕ,im,³⁵,,,
23458,客,kʰɰæ³¹,kʰɰæ,,³¹,khr,a,̠ɡ
23459,宣,sʷiᴇn³³,sʷ,iᴇn,³³,sqh,o,n
23460,室,ɕit³̲³̲,ɕ,it̲̲,³,qhlj,i,ɡ
23461,宥,ɦʲɨu³¹,ɦʲ,ɨu,³¹,ɢʷ,ɯ,s
23462,宦,ɦʷɰæn³¹,ɦʷɰæn,,³¹,ɡr,o,̠ns
23463,宧,jɨ³³,j,ɨ,³³,ɢ,ɯ,
23464,宨,tʰeu³⁵,tʰ,eu,³⁵,kh‧l,e,̠wʔ
23465,宩,,,,,,,
23466,宪,hjɤn³¹,hj,ɤn,³¹,,,
23467,宫,kjuŋ³³,kj,uŋ,³³,k,u,ŋ
23468,宬,dʑiᴇŋ³³,dʑ,iᴇŋ,³³,ɡj,e,ŋ
23469,宭,kjun³³,kj,un,³³,kl,u,n
23470,宮,kjuŋ³³,kj,uŋ,³³,,,
23471,宯,hɰæu³³,hɰæ,u,³³,,,
23472,宰,tsəi³⁵,ts,əi,³⁵,s,ɯ,̠ʔ
23473,宱,dʐɰæ³¹,dʐɰæ,,³¹,,,
23474,宲,pɑu³⁵,p,ɑu,³⁵,p,u,̠ʔ
23475,害,ɦɑt³̲³̲,ɦ,ɑt̲̲,³,ɡ,a,̠ds
23476,宴,ʔen³⁵,ʔ,en,³⁵,q,e,̠nʔ
23477,宵,siᴇu³³,s,iᴇu,³³,spl,e,w
23478,家,kɰæ³³,kɰæ,,³³,kr,a,̠
23479,宷,ɕim³⁵,ɕ,im,³⁵,l̥,ɯ,mʔ
23480,宸,dʑin³³,dʑ,in,³³,blj,ɯ,n
23481,容,jʊŋ³⁵,j,ʊŋ,³⁵,ɢl,o,ŋ
23482,宺,,,,,,,
23483,宻,,,,,,,
23484,宼,,,,,,,
23485,宽,kʰʷɑn³³,kʰʷ,ɑn,³³,,,
23486,宾,pin³³,p,in,³³,,,
23487,宿,sɨu³¹,s,ɨu,³¹,sl,u,ɡs
23488,寀,tsʰəi³⁵,tsʰ,əi,³⁵,sh,ɯ,̠ʔ
23489,寁,dziᴇp³̲³̲,dz,iᴇp̲̲,³,z,e,b
23490,寂,dzek³̲³̲,dz,ek̲̲,³,sɡ,ɯ,̠wɡ
23491,寃,,,,,,,
23492,寄,kɰiᴇ³¹,kɰ,iᴇ,³¹,kr,a,ls
23493,寅,jɨ³³,j,ɨ,³³,l,i,n
23494,密,mit³̲³̲,m,it̲̲,³,mbr,i,ɡ
23495,寇,kʰu³¹,kʰ,u,³¹,kh,o,̠s
23496,寈,,,,,,,
23497,寉,hʷɑk³̲³̲,hʷ,ɑk̲̲,³,ɡl,u,̠ɡ
23498,寊,ʈiᴇŋ³³,ʈ,iᴇŋ,³³,,,
23499,寋,ɡjɤn³⁵,ɡj,ɤn,³⁵,ɡ,a,nʔ
23500,富,pɨu³¹,p,ɨu,³¹,p,ɯ,ɡs
23501,寍,neŋ³³,n,eŋ,³³,n,e,̠ŋ
23502,寎,pɰjæŋ³⁵,pɰjæŋ,,³⁵,pkr,a,ŋʔ
23503,寏,ɦʲʷiᴇn³¹,ɦʲʷ,iᴇn,³¹,ɡ,o,̠n
23504,寐,mi³¹,m,i,³¹,m,i,ds
23505,寑,tsʰim³⁵,tsʰ,im,³⁵,skh,i,mʔ
23506,寒,ɦɑn³³,ɦ,ɑn,³³,ɡ,a,̠n
23507,寓,ŋjʊ³¹,ŋj,ʊ,³¹,ŋ,o,s
23508,寔,dʑɨk³̲³̲,dʑ,ɨk̲̲,³,ɡlj,ɯ,ɡ
23509,寕,,,,,,,
23510,寖,tsim³³,ts,im,³³,sk,i,m
23511,寗,neŋ³¹,n,eŋ,³¹,n,e,̠ŋs
23512,寘,ʑi³¹,ʑ,i,³¹,kj,e,ls
23513,寙,jʊ³⁵,j,ʊ,³⁵,l,o,ʔ
23514,寚,pɑu³⁵,p,ɑu,³⁵,,,
23515,寛,kʰʷɑn³³,kʰʷ,ɑn,³³,,,
23516,寜,,,,,,,
23517,寝,tsʰim³⁵,tsʰ,im,³⁵,,,
23518,寞,mɑk³̲³̲,m,ɑk̲̲,³,m,a,̠ɡ
23519,察,tʂʰɰɛt³̲³̲,tʂʰɰ,ɛt̲̲,³,shr,e,̠d
23520,寠,ljʊ³¹,lj,ʊ,³¹,ɡr,o,ʔ
23521,寡,kʷɰæ³⁵,kʷɰæ,,³⁵,kʷr,a,̠ʔ
23522,寢,tsʰim³⁵,tsʰ,im,³⁵,skh,i,mʔ
23523,寣,hɰɛt³̲³̲,hɰ,ɛt̲̲,³,qhʷ,ɯ,̠d
23524,寤,ŋu̯o³¹,ŋ,u̯o,³¹,ŋ,a,̠s
23525,寥,lɰæu³³,lɰæ,u,³³,ɡ,ə,r
23526,實,ʑit³̲³̲,ʑ,it̲̲,³,ɢlj,i,ɡ
23527,寧,neŋ³³,n,eŋ,³³,n,e,̠ŋ
23528,寨,dʐɰæi³¹,dʐɰæ,i,³¹,zr,a,̠ds
23529,審,ɕim³⁵,ɕ,im,³⁵,l̥,ɯ,mʔ
23530,寪,ɦʲʷiᴇ³⁵,ɦʲʷ,iᴇ,³⁵,ɢʷ,a,lʔ
23531,寫,sjæ³⁵,sjæ,,³⁵,l̥j,a,̠ʔ
23532,寬,kʰʷɑn³³,kʰʷ,ɑn,³³,kh,o,̠n
23533,寭,,,,,,,
23534,寮,leu³³,l,eu,³³,ɡ,ə,r
23535,寯,tsʷin³¹,tsʷ,in,³¹,,,
23536,寰,ɦʷen³¹,ɦʷ,en,³¹,ɢʷr,e,̠n
23537,寱,ŋɰiᴇi³¹,ŋɰ,iᴇi,³¹,ŋr,e,ds
23538,寲,,,,,,,
23539,寳,pɑu³⁵,p,ɑu,³⁵,,,
23540,寴,,,,,sh,i,n
23541,寵,luŋ³³,l,uŋ,³³,kh‧r,o,ŋʔ
23542,寶,pɑu³⁵,p,ɑu,³⁵,p,u,̠ʔ
23543,寷,pʰjuŋ³³,pʰj,uŋ,³³,ph,u,ŋ
23544,寸,tsʰu̯on³¹,tsʰ,u̯on,³¹,sh,u,̠ns
23545,对,tu̯oi³¹,t,u̯oi,³¹,,,
23546,寺,zɨ³¹,z,ɨ,³¹,sɢl,ɯ,s
23547,寻,zim³³,z,im,³³,,,
23548,导,dɑu³¹,d,ɑu,³¹,,,
23549,寽,lʷɑt³̲³̲,lʷ,ɑt̲̲,³,r,u,d
23550,対,,,,,,,
23551,寿,dʑɨu³¹,dʑ,ɨu,³¹,,,
23552,尀,,,,,,,
23553,封,pjʊŋ³³,pj,ʊŋ,³³,p,o,ŋs
23554,専,,,,,,,
23555,尃,pʰɑk³̲³̲,pʰ,ɑk̲̲,³,ph,a,
23556,射,ʑiᴇk³̲³̲,ʑ,iᴇk̲̲,³,ɢl,a,ɡs
23557,尅,,,,,,,
23558,将,tsjaŋ³¹,tsj,aŋ,³¹,,,
23559,將,tsjaŋ³¹,tsj,aŋ,³¹,sk,a,ŋs
23560,專,dʷɑn³³,dʷ,ɑn,³³,tj,o,n
23561,尉,ʔʷɨi³¹,ʔʷ,ɨi,³¹,q,u,d
23562,尊,tsu̯on³³,ts,u̯on,³³,s,u,̠n
23563,尋,zim³³,z,im,³³,sɢl,u,m
23564,尌,ɖjʊ³¹,ɖj,ʊ,³¹,dj,o,s
23565,對,tu̯oi³¹,t,u̯oi,³¹,t,u,̠bs
23566,導,dɑu³¹,d,ɑu,³¹,ɡ‧l,u,̠s
23567,小,dzet³̲³̲,dz,et̲̲,³,spl,e,wʔ
23568,尐,tsiᴇt³̲³̲,ts,iᴇt̲̲,³,s,e,d
23569,少,ɕiᴇu³¹,ɕ,iᴇu,³¹,p,ə,l̥
23570,尒,ȵiᴇ³⁵,ȵ,iᴇ,³⁵,nj,e,lʔ
23571,尓,ȵiᴇ³⁵,ȵ,iᴇ,³⁵,,,
23572,尔,ȵiᴇ³⁵,ȵ,iᴇ,³⁵,nj,e,lʔ
23573,尕,,,,,,,
23574,尖,tsiᴇm³³,ts,iᴇm,³³,,,
23575,尗,ɕjuk³̲³̲,ɕj,uk̲̲,³,qhj,ɯ,wɡ
23576,尘,ɖin³³,ɖ,in,³³,,,
23577,尙,,,,,,,
23578,尚,dʑjaŋ³³,dʑj,aŋ,³³,ɡlj,a,ŋs
23579,尛,,,,,,,
23580,尜,,,,,,,
23581,尝,dʑjaŋ³³,dʑj,aŋ,³³,,,
23582,尞,liᴇu³¹,l,iᴇu,³¹,ɡ,ə,r
23583,尟,sjʊ³¹,sj,ʊ,³¹,sl,e,nʔ
23584,尠,siᴇn³⁵,s,iᴇn,³⁵,spl,o,s
23585,尡,,,,,,,
23586,尢,,,,,ɢʷ,ɯ,
23587,尣,ʔʷɑŋ³³,ʔʷ,ɑŋ,³³,qʷ,a,̠ŋ
23588,尤,ɦʲɨu³³,ɦʲ,ɨu,³³,ɢʷ,ɯ,
23589,尥,bɰæu³³,bɰæ,u,³³,b,ə,r
23590,尦,leu³¹,l,eu,³¹,,,
23591,尧,ŋeu³³,ŋ,eu,³³,,,
23592,尨,muŋ³³,m,uŋ,³³,mr,o,̠ŋ
23593,尩,,,,,,,
23594,尪,ʔʷɑŋ³³,ʔʷ,ɑŋ,³³,qʷ,a,̠ŋ
23595,尫,,,,,qʷ,a,̠ŋ
23596,尬,kɰɛi³¹,kɰ,ɛi,³¹,kr,e,̠ds
23597,尭,,,,,,,
23598,尮,tʷɑ³¹,tʷ,ɑ,³¹,,,
23599,尯,kʰʷɰiᴇ³¹,kʰʷɰ,iᴇ,³¹,,,
23600,尰,dʑjʊŋ³⁵,dʑj,ʊŋ,³⁵,dj,o,ŋʔ
23601,就,dzɨu³¹,dz,ɨu,³¹,z,u,ɡs
23602,尲,kɰɛm³³,kɰ,ɛm,³³,kr,e,̠m
23603,尳,ku̯ot³̲³̲,k,u̯ot̲̲,³,ɡ,u,̠d
23604,尴,,,,,,,
23605,尵,ɖɰæi³¹,ɖɰæ,i,³¹,ɡ‧l,u,̠l
23606,尶,,,,,,,
23607,尷,,,,,,,
23608,尸,ɕi³³,ɕ,i,³³,l̥,i,
23609,尹,ɦʲʷin³³,ɦʲʷ,in,³³,ɢʷ,i,nʔ
23610,尺,tɕʰiᴇk³̲³̲,tɕʰ,iᴇk̲̲,³,thj,a,ɡ
23611,尻,kʰɑu³³,kʰ,ɑu,³³,kh,u,̠
23612,尼,ji³³,j,i,³³,n,i,l
23613,尽,dzin³⁵,dz,in,³⁵,,,
23614,尾,mʷɨi³⁵,mʷ,ɨi,³⁵,m,ɯ,lʔ
23615,尿,neu³¹,n,eu,³¹,n,e,̠wɡs
23616,局,ɡjʊk³̲³̲,ɡj,ʊk̲̲,³,ɡ,o,ɡ
23617,屁,pʰi³¹,pʰ,i,³¹,,,
23618,层,dzəŋ³³,dz,əŋ,³³,,,
23619,屃,,,,,,,
23620,屄,,,,,,,
23621,居,kɨ³³,k,ɨ,³³,k,a,
23622,屆,kɰɛi³¹,kɰ,ɛi,³¹,kr,ɯ,̠ds
23623,屇,kɰɛi³¹,kɰ,ɛi,³¹,,,
23624,屈,,,,,kl,u,d
23625,屉,tʰei³¹,tʰ,ei,³¹,,,
23626,届,kɰɛt³̲³̲,kɰ,ɛt̲̲,³,,,
23627,屋,ʔɰɔk³̲³̲,ʔɰɔk̲̲,,³,q,o,̠ɡ
23628,屌,,,,,,,
23629,屍,ɕi³¹,ɕ,i,³¹,l̥,i,s
23630,屎,ɕi³⁵,ɕ,i,³⁵,l̥,i,ʔ
23631,屏,piᴇŋ³⁵,p,iᴇŋ,³⁵,p,e,ŋ
23632,屐,ɡɰjæk³̲³̲,ɡɰjæk̲̲,,³,ɡr,e,ɡ
23633,屑,su̯ot³̲³̲,s,u̯ot̲̲,³,spl,u,̠d
23634,屒,dʑin³⁵,dʑ,in,³⁵,blj,ɯ,n
23635,屓,hi³¹,h,i,³¹,qhr,i,ds
23636,屔,ɳi³³,ɳ,i,³³,n,i,̠l
23637,展,ʈiᴇn³¹,ʈ,iᴇn,³¹,k‧l,e,nʔ
23638,屖,sei³³,s,ei,³³,sl,i,̠l
23639,屗,,,,,,,
23640,屘,,,,,,,
23641,屙,,,,,,,
23642,屚,lu³¹,l,u,³¹,r,o,̠s
23643,屛,,,,,,,
23644,屜,tʰei³¹,tʰ,ei,³¹,,,
23645,屝,bʷɨi³¹,bʷ,ɨi,³¹,b,ɯ,ls
23646,属,tɕjʊk³̲³̲,tɕj,ʊk̲̲,³,ɡlj,o,ɡ
23647,屟,tʰei³¹,tʰ,ei,³¹,skl,e,̠b
23648,屠,du̯o³³,d,u̯o,³³,ɡ‧l,a,̠
23649,屡,ljʊ³¹,lj,ʊ,³¹,,,
23650,屢,ljʊ³¹,lj,ʊ,³¹,ɡ,ə,r
23651,屣,ʂɰiᴇ³¹,ʂɰ,iᴇ,³¹,sr,e,lʔ
23652,層,tsəŋ³³,ts,əŋ,³³,z,ɯ,̠ŋ
23653,履,li³⁵,l,i,³⁵,r,i,ʔ
23654,屦,,,,,,,
23655,屧,sep³̲³̲,s,ep̲̲,³,skl,e,̠b
23656,屨,ljʊ³¹,lj,ʊ,³¹,kr,o,s
23657,屩,kjak³̲³̲,kj,ak̲̲,³,k,e,wɡ
23658,屪,,,,,,,
23659,屫,,,,,,,
23660,屬,tɕjʊk³̲³̲,tɕj,ʊk̲̲,³,klj,o,ɡ
23661,屭,hɰi³¹,hɰ,i,³¹,,,
23662,屮,kʷi³⁵,kʷ,i,³⁵,kh‧l,a,d
23663,屯,dʑʷin³³,dʑʷ,in,³³,ɡ‧l,u,̠n
23664,屰,pʰɰæk³̲³̲,pʰɰæk̲̲,,³,ŋɡr,a,ɡ
23665,山,ʔjɤn³⁵,ʔj,ɤn,³⁵,sr,e,̠n
23666,屲,,,,,,,
23667,屳,siᴇn³³,s,iᴇn,³³,,,
23668,屴,lɨk³̲³̲,l,ɨk̲̲,³,,,
23669,屵,ŋjɤn³⁵,ŋj,ɤn,³⁵,ŋ,a,̠d
23670,屶,,,,,,,
23671,屷,,,,,,,
23672,屸,ɦuŋ³³,ɦ,uŋ,³³,,,
23673,屹,ŋɰit³̲³̲,ŋɰ,it̲̲,³,ŋɡ,ɯ,d
23674,屺,kʰɨ³⁵,kʰ,ɨ,³⁵,kh,ɯ,ʔ
23675,屻,ȵin³¹,ȵ,in,³¹,,,
23676,屼,ŋu̯ot³̲³̲,ŋ,u̯ot̲̲,³,ŋ,u,̠d
23677,屽,ŋɑn³¹,ŋ,ɑn,³¹,,,
23678,屾,ʂɪn³³,ʂ,ɪn,³³,sr,i,n
23679,屿,zjɤ³⁵,zj,ɤ,³⁵,,,
23680,岀,,,,,,,
23681,岁,sʷiᴇi³¹,sʷ,iᴇi,³¹,,,
23682,岂,kʰɨi³⁵,kʰ,ɨi,³⁵,,,
23683,岃,,,,,,,
23684,岄,ŋʷjɤt³̲³̲,ŋʷj,ɤt̲̲,³,,,
23685,岅,pʷjɤn³⁵,pʷj,ɤn,³⁵,,,
23686,岆,ʔeu³⁵,ʔ,eu,³⁵,,,
23687,岇,ŋɑŋ³³,ŋ,ɑŋ,³³,,,
23688,岈,hɰæ³³,hɰæ,,³³,,,
23689,岉,mjut³̲³̲,mj,ut̲̲,³,m,ɯ,d
23690,岊,,,,,s,i,̠ɡ
23691,岋,ŋəp³̲³̲,ŋ,əp̲̲,³,ŋɡ,ɯ,̠b
23692,岌,ŋɰip³̲³̲,ŋɰ,ip̲̲,³,ŋɡr,ɯ,b
23693,岍,kʰen³³,kʰ,en,³³,kh,e,̠n
23694,岎,,,,,,,
23695,岏,ŋʷɑn³³,ŋʷ,ɑn,³³,ŋɡ,o,̠n
23696,岐,ɡiᴇ³³,ɡ,iᴇ,³³,ɡ,e,
23697,岑,ŋɰim³³,ŋɰ,im,³³,sɡr,ɯ,m
23698,岒,ɡɰiᴇm³³,ɡɰ,iᴇm,³³,ɡr,a,m
23699,岓,ɡɨi³³,ɡ,ɨi,³³,,,
23700,岔,,,,,,,
23701,岕,,,,,,,
23702,岖,kʰjʊ³³,kʰj,ʊ,³³,,,
23703,岗,kɑŋ³³,k,ɑŋ,³³,,,
23704,岘,,,,,,,
23705,岙,,,,,,,
23706,岚,,,,,,,
23707,岛,,,,,,,
23708,岜,,,,,,,
23709,岝,tʂɰæk³̲³̲,tʂɰæk̲̲,,³,zr,a,̠ɡ
23710,岞,,,,,,,
23711,岟,ʔjaŋ³⁵,ʔj,aŋ,³⁵,q,a,ŋʔ
23712,岠,,,,,ɡ,a,ʔ
23713,岡,kɑŋ³³,k,ɑŋ,³³,kl,a,̠ŋ
23714,岢,kʰɑ³⁵,kʰ,ɑ,³⁵,,,
23715,岣,kjʊ³³,kj,ʊ,³³,k,o,̠ʔ
23716,岤,,,,,,,
23717,岥,pʰʷɑ³³,pʰʷ,ɑ,³³,,,
23718,岦,lip³̲³̲,l,ip̲̲,³,,,
23719,岧,deu³³,d,eu,³³,d,e,̠w
23720,岨,tʂjɤ³⁵,tʂj,ɤ,³⁵,skh,a,
23721,岩,ŋɰæm³³,ŋɰæm,,³³,ŋr,a,̠m
23722,岪,bjut³̲³̲,bj,ut̲̲,³,ph,ɯ,d
23723,岫,ɖɨu³¹,ɖ,ɨu,³¹,sɢl,ɯ,ws
23724,岬,kɰɛp³̲³̲,kɰ,ɛp̲̲,³,,,
23725,岭,liᴇŋ³⁵,l,iᴇŋ,³⁵,ɡ,ə,r
23726,岮,dɑ³³,d,ɑ,³³,,,
23727,岯,pʰɰi³⁵,pʰɰ,i,³⁵,br,ɯ,
23728,岰,ʔɰæu³¹,ʔɰæ,u,³¹,,,
23729,岱,dəi³¹,d,əi,³¹,l,ɯ,̠ɡs
23730,岲,hʷjaŋ³¹,hʷj,aŋ,³¹,,,
23731,岳,ŋɰɔk³̲³̲,ŋɰɔk̲̲,,³,ŋr,o,̠ɡ
23732,岴,kʰjʊ³³,kʰj,ʊ,³³,,,
23733,岵,ɦu̯o³⁵,ɦ,u̯o,³⁵,ɡ,a,̠ʔ
23734,岶,pʰɰæk³̲³̲,pʰɰæk̲̲,,³,,,
23735,岷,mɰin³³,mɰ,in,³³,mr,i,n
23736,岸,ŋɑn³¹,ŋ,ɑn,³¹,ŋɡ,a,̠ns
23737,岹,,,,,,,
23738,岺,,,,,,,
23739,岻,ɖi³³,ɖ,i,³³,,,
23740,岼,,,,,,,
23741,岽,,,,,,,
23742,岾,,,,,,,
23743,岿,,,,,,,
23744,峀,,,,,,,
23745,峁,,,,,,,
23746,峂,,,,,,,
23747,峃,,,,,,,
23748,峄,,,,,,,
23749,峅,,,,,,,
23750,峆,ɦəp³̲³̲,ɦ,əp̲̲,³,,,
23751,峇,kʰəp³̲³̲,kʰ,əp̲̲,³,kh,u,̠b
23752,峈,lɑk³̲³̲,l,ɑk̲̲,³,,,
23753,峉,ŋɰæk³̲³̲,ŋɰæk̲̲,,³,ŋɡr,a,̠ɡ
23754,峊,bɨu³⁵,b,ɨu,³⁵,,,
23755,峋,zʷin³³,zʷ,in,³³,sqhʷ,i,n
23756,峌,det³̲³̲,d,et̲̲,³,,,
23757,峍,lu̯ot³̲³̲,l,u̯ot̲̲,³,,,
23758,峎,,,,,,,
23759,峏,ȵɨ³³,ȵ,ɨ,³³,,,
23760,峐,kəi³³,k,əi,³³,k,ɯ,̠
23761,峑,tsʰʷiᴇn³³,tsʰʷ,iᴇn,³³,,,
23762,峒,duŋ³¹,d,uŋ,³¹,d,o,̠ŋs
23763,峓,ji³³,j,i,³³,,,
23764,峔,mu̯o³⁵,m,u̯o,³⁵,,,
23765,峕,,,,,,,
23766,峖,ʔɑt³̲³̲,ʔ,ɑt̲̲,³,,,
23767,峗,ɡʷɰiᴇ³⁵,ɡʷɰ,iᴇ,³⁵,ŋɡr,o,l
23768,峘,ɦʷɑn³³,ɦʷ,ɑn,³³,ɢ,o,̠n
23769,峙,ɖɨ³⁵,ɖ,ɨ,³⁵,ɡ‧l,ɯ,ʔ
23770,峚,,,,,mr,i,̠ɡ
23771,峛,liᴇ³⁵,l,iᴇ,³⁵,r,e,lʔ
23772,峜,,,,,pk,a,b
23773,峝,,,,,,,
23774,峞,ŋu̯ot³̲³̲,ŋ,u̯ot̲̲,³,,,
23775,峟,,,,,,,
23776,峠,,,,,,,
23777,峡,ɦɰɛp³̲³̲,ɦɰ,ɛp̲̲,³,,,
23778,峢,,,,,,,
23779,峣,,,,,,,
23780,峤,,,,,,,
23781,峥,dʐɰæŋ³³,dʐɰæŋ,,³³,zr,e,̠ŋ
23782,峦,,,,,,,
23783,峧,,,,,,,
23784,峨,ŋɑ³⁵,ŋ,ɑ,³⁵,ŋ,a,̠l
23785,峩,ŋɑ³³,ŋ,ɑ,³³,ŋ,a,̠l
23786,峪,,,,,,,
23787,峫,jæ³³,jæ,,³³,,,
23788,峬,pu̯o³³,p,u̯o,³³,,,
23789,峭,tsʰiᴇu³¹,tsʰ,iᴇu,³¹,sph,e,ws
23790,峮,kʰʷɰin³³,kʰʷɰ,in,³³,,,
23791,峯,pʰjʊŋ³³,pʰj,ʊŋ,³³,ph,o,ŋ
23792,峰,pʰjʊŋ³³,pʰj,ʊŋ,³³,,,
23793,峱,nɑu³³,n,ɑu,³³,m‧l,u,̠
23794,峲,,,,,,,
23795,峳,jɨu³³,j,ɨu,³³,ɢl,ɯ,w
23796,峴,ɦen³⁵,ɦ,en,³⁵,,,
23797,峵,ɦʷɰɛŋ³³,ɦʷɰ,ɛŋ,³³,,,
23798,島,,,,,t,u,̠wʔ
23799,峷,ʂɪn³³,ʂ,ɪn,³³,,,
23800,峸,dʑiᴇŋ³³,dʑ,iᴇŋ,³³,,,
23801,峹,du̯o³³,d,u̯o,³³,ɡ‧l,a,̠
23802,峺,kɰæŋ³⁵,kɰæŋ,,³⁵,,,
23803,峻,sʷin³¹,sʷ,in,³¹,sqh,u,ns
23804,峼,ɦɑu³⁵,ɦ,ɑu,³⁵,k,u,̠s
23805,峽,ɦɰɛp³̲³̲,ɦɰ,ɛp̲̲,³,ɡr,e,̠b
23806,峾,ŋɨn³³,ŋ,ɨn,³³,,,
23807,峿,ŋu̯o³³,ŋ,u̯o,³³,ŋ,a,̠
23808,崀,lɑŋ³⁵,l,ɑŋ,³⁵,,,
23809,崁,,,,,,,
23810,崂,,,,,,,
23811,崃,,,,,,,
23812,崄,,,,,,,
23813,崅,,,,,,,
23814,崆,kʰɰɔŋ³³,kʰɰɔŋ,,³³,khr,o,̠ŋ
23815,崇,sjuŋ³³,sj,uŋ,³³,zr,u,ŋ
23816,崈,dʐjuŋ³³,dʐj,uŋ,³³,zr,u,ŋ
23817,崉,dəp³̲³̲,d,əp̲̲,³,,,
23818,崊,,,,,,,
23819,崋,ɦʷɰæ³¹,ɦʷɰæ,,³¹,ɡʷr,a,̠
23820,崌,kjɤ³³,kj,ɤ,³³,k,a,
23821,崍,ləi³³,l,əi,³³,ɡ,ə,r
23822,崎,ɡɨi³³,ɡ,ɨi,³³,ɡ,ɯ,l
23823,崏,,,,,mr,u,n
23824,崐,ku̯on³³,k,u̯on,³³,k,u,̠n
23825,崑,,,,,k,u,̠n
23826,崒,dzʷit³̲³̲,dzʷ,it̲̲,³,z,u,d
23827,崓,,,,,,,
23828,崔,tɕʷi³³,tɕʷ,i,³³,skh,u,̠l
23829,崕,ŋɰiᴇ³³,ŋɰ,iᴇ,³³,,,
23830,崖,ŋɰiᴇ³³,ŋɰ,iᴇ,³³,ŋr,e,̠
23831,崗,kɑŋ³³,k,ɑŋ,³³,,,
23832,崘,lu̯on³³,l,u̯on,³³,ɡ,ə,r
23833,崙,lʷin³³,lʷ,in,³³,ɡ,ə,r
23834,崚,ʈʰɨŋ³⁵,ʈʰ,ɨŋ,³⁵,,,
23835,崛,tɕʷit³̲³̲,tɕʷ,it̲̲,³,ŋɡl,u,d
23836,崜,tʷɑ³³,tʷ,ɑ,³³,,,
23837,崝,dʐɰɛŋ³³,dʐɰ,ɛŋ,³³,zr,e,̠ŋ
23838,崞,kʷɑk³̲³̲,kʷ,ɑk̲̲,³,kʷ,a,̠ɡ
23839,崟,ŋɰim³³,ŋɰ,im,³³,ŋɡr,ɯ,m
23840,崠,tuŋ³³,t,uŋ,³³,,,
23841,崡,ɦɰɛm³³,ɦɰ,ɛm,³³,,,
23842,崢,dʐɰæŋ³³,dʐɰæŋ,,³³,,,
23843,崣,ʔʷɰiᴇ³¹,ʔʷɰ,iᴇ,³¹,qr,o,lʔ
23844,崤,ɦɑu³³,ɦ,ɑu,³³,ɡ,a,̠w
23845,崥,piᴇ³⁵,p,iᴇ,³⁵,,,
23846,崦,ʔɰiᴇm³⁵,ʔɰ,iᴇm,³⁵,qr,o,m
23847,崧,sjuŋ³³,sj,uŋ,³³,skl,u,ŋ
23848,崨,dziᴇp³̲³̲,dz,iᴇp̲̲,³,z,e,b
23849,崩,pəŋ³³,p,əŋ,³³,p,ɯ,̠ŋ
23850,崪,dzu̯ot³̲³̲,dz,u̯ot̲̲,³,,,
23851,崫,kʰu̯ot³̲³̲,kʰ,u̯ot̲̲,³,,,
23852,崬,,,,,,,
23853,崭,,,,,,,
23854,崮,,,,,,,
23855,崯,,,,,,,
23856,崰,,,,,s,ɯ,
23857,崱,dzɨk³̲³̲,dz,ɨk̲̲,³,sɡr,ɯ,ɡ
23858,崲,ɦʷɑŋ³³,ɦʷ,ɑŋ,³³,,,
23859,崳,jʊ³³,j,ʊ,³³,,,
23860,崴,ɦʲʷɨi³⁵,ɦʲʷ,ɨi,³⁵,qr,u,̠l
23861,崵,jaŋ³³,j,aŋ,³³,l,a,ŋ
23862,崶,pjʊŋ³³,pj,ʊŋ,³³,,,
23863,崷,dzɨu³³,dz,ɨu,³³,sɡ,u,
23864,崸,,,,,,,
23865,崹,dei³³,d,ei,³³,,,
23866,崺,jiᴇ³⁵,j,iᴇ,³⁵,l,a,lʔ
23867,崻,ɖɨ³⁵,ɖ,ɨ,³⁵,,,
23868,崼,dʑiᴇ³⁵,dʑ,iᴇ,³⁵,,,
23869,崽,ʂɰɛi³³,ʂɰ,ɛi,³³,sr,ɯ,̠
23870,崾,jiᴇu³⁵,j,iᴇu,³⁵,,,
23871,崿,ŋɑk³̲³̲,ŋ,ɑk̲̲,³,ŋ,a,̠ɡ
23872,嵀,ɖjʊ³⁵,ɖj,ʊ,³⁵,,,
23873,嵁,kʰjam³³,kʰj,am,³³,khl,u,̠m
23874,嵂,lʷit³̲³̲,lʷ,it̲̲,³,b,ə,r
23875,嵃,ŋɰiᴇn³⁵,ŋɰ,iᴇn,³⁵,ŋr,e,nʔ
23876,嵄,,,,,,,
23877,嵅,kəm³¹,k,əm,³¹,,,
23878,嵆,ɦei³³,ɦ,ei,³³,,,
23879,嵇,ɦei³³,ɦ,ei,³³,,,
23880,嵈,ɦʷɑn³⁵,ɦʷ,ɑn,³⁵,,,
23881,嵉,deŋ³³,d,eŋ,³³,,,
23882,嵊,dʑɨŋ³¹,dʑ,ɨŋ,³¹,,,
23883,嵋,mɰi³³,mɰ,i,³³,,,
23884,嵌,ɦɰæm³³,ɦɰæm,,³³,sɡ,a,̠mʔ
23885,嵍,mɑu³³,m,ɑu,³³,m,o,ɡs
23886,嵎,ŋjʊ³³,ŋj,ʊ,³³,ŋ,o,
23887,嵏,tsuŋ³⁵,ts,uŋ,³⁵,sk,o,̠ŋ
23888,嵐,ləm³³,l,əm,³³,,,
23889,嵑,ɦɑt³̲³̲,ɦ,ɑt̲̲,³,kh,a,̠d
23890,嵒,ŋɰim³³,ŋɰ,im,³³,ŋr,ɯ,̠m
23891,嵓,,,,,ŋr,a,̠m
23892,嵔,ʔʷɨi³⁵,ʔʷ,ɨi,³⁵,q,u,̠lʔ
23893,嵕,tsuŋ³³,ts,uŋ,³³,sk,o,̠ŋ
23894,嵖,,,,,,,
23895,嵗,sʷiᴇt³̲³̲,sʷ,iᴇt̲̲,³,,,
23896,嵘,,,,,,,
23897,嵙,,,,,,,
23898,嵚,kʰɰim³³,kʰɰ,im,³³,khr,ɯ,m
23899,嵛,,,,,,,
23900,嵜,,,,,,,
23901,嵝,,,,,,,
23902,嵞,du̯o³³,d,u̯o,³³,ɡ‧l,a,̠
23903,嵟,tu̯oi³³,t,u̯oi,³³,k‧l,u,̠l
23904,嵠,kʰei³³,kʰ,ei,³³,,,
23905,嵡,ʔuŋ³⁵,ʔ,uŋ,³⁵,,,
23906,嵢,,,,,,,
23907,嵣,dɑŋ³⁵,d,ɑŋ,³⁵,ɡ‧l,a,̠ŋʔ
23908,嵤,ɦʲʷɰjæŋ³³,ɦʲʷɰjæŋ,,³³,,,
23909,嵥,ɡʷɰiᴇt³̲³̲,ɡʷɰ,iᴇt̲̲,³,,,
23910,嵦,kʰəi³⁵,kʰ,əi,³⁵,,,
23911,嵧,lɨu³³,l,ɨu,³³,,,
23912,嵨,ʔu̯o³⁵,ʔ,u̯o,³⁵,,,
23913,嵩,sjuŋ³³,sj,uŋ,³³,sl,u,ŋ
23914,嵪,kʰɑu³³,kʰ,ɑu,³³,,,
23915,嵫,tsɨ³³,ts,ɨ,³³,s,ɯ,
23916,嵬,ŋʷɨi³⁵,ŋʷ,ɨi,³⁵,ŋɡ,u,̠l
23917,嵭,,,,,,,
23918,嵮,,,,,ɡ‧l,i,̠n
23919,嵯,tʂʰɰiᴇ³³,tʂʰɰ,iᴇ,³³,shr,a,l
23920,嵰,kʰɰæm³³,kʰɰæm,,³³,,,
23921,嵱,jʊŋ³³,j,ʊŋ,³³,ɢl,o,ŋ
23922,嵲,ŋet³̲³̲,ŋ,et̲̲,³,,,
23923,嵳,dzɑ³³,dz,ɑ,³³,z,a,̠l
23924,嵴,tsiᴇk³̲³̲,ts,iᴇk̲̲,³,,,
23925,嵵,,,,,,,
23926,嵶,,,,,,,
23927,嵷,sjʊŋ³⁵,sj,ʊŋ,³⁵,sl,o,ŋʔ
23928,嵸,dzuŋ³⁵,dz,uŋ,³⁵,s,o,̠ŋ
23929,嵹,ɡjaŋ³¹,ɡj,aŋ,³¹,,,
23930,嵺,leu³³,l,eu,³³,ɡ,ə,r
23931,嵻,kʰɑŋ³³,kʰ,ɑŋ,³³,,,
23932,嵼,ʂɰɛn³⁵,ʂɰ,ɛn,³⁵,sŋr,e,̠nʔ
23933,嵽,dei³¹,d,ei,³¹,d,e,̠d
23934,嵾,tsʰəm³³,tsʰ,əm,³³,shr,u,m
23935,嵿,teŋ³⁵,t,eŋ,³⁵,,,
23936,嶀,tʰu̯o³³,tʰ,u̯o,³³,,,
23937,嶁,ljʊ³⁵,lj,ʊ,³⁵,ɡ,ə,r
23938,嶂,tɕjaŋ³¹,tɕj,aŋ,³¹,klj,a,ŋs
23939,嶃,dʐɰɛm³³,dʐɰ,ɛm,³³,zr,a,̠m
23940,嶄,,,,,zr,a,̠mʔ
23941,嶅,ŋɑu³³,ŋ,ɑu,³³,ŋɡ,a,̠w
23942,嶆,dzɑu³³,dz,ɑu,³³,,,
23943,嶇,kʰjʊ³³,kʰj,ʊ,³³,kh,o,
23944,嶈,tsʰjaŋ³³,tsʰj,aŋ,³³,skh,a,ŋ
23945,嶉,tsʷi³³,tsʷ,i,³³,sk,u,l
23946,嶊,ʈʰʷi³⁵,ʈʰʷ,i,³⁵,sk,u,̠lʔ
23947,嶋,,,,,,,
23948,嶌,,,,,,,
23949,嶍,,,,,,,
23950,嶎,,,,,,,
23951,嶏,pʰɰɛi³³,pʰɰ,ɛi,³³,ph,ɯ,̠ds
23952,嶐,ljuŋ³³,lj,uŋ,³³,,,
23953,嶑,zjaŋ³⁵,zj,aŋ,³⁵,,,
23954,嶒,dzɨŋ³³,dz,ɨŋ,³³,z,ɯ,ŋ
23955,嶓,pʷɑ³³,pʷ,ɑ,³³,p,a,̠l
23956,嶔,kʰɰiᴇm³³,kʰɰ,iᴇm,³³,khr,ɯ,m
23957,嶕,dziᴇu³³,dz,iᴇu,³³,sɡ,e,w
23958,嶖,ʔɰiᴇm³³,ʔɰ,iᴇm,³³,,,
23959,嶗,lɑu³³,l,ɑu,³³,,,
23960,嶘,dʐɰɛn³⁵,dʐɰ,ɛn,³⁵,zr,e,̠nʔ
23961,嶙,,,,,r,i,nʔ
23962,嶚,leu³³,l,eu,³³,ɡ,ə,r
23963,嶛,,,,,,,
23964,嶜,tsim³³,ts,im,³³,sɡ,u,m
23965,嶝,təŋ³¹,t,əŋ,³¹,,,
23966,嶞,dʷɑ³⁵,dʷ,ɑ,³⁵,ɡ‧l,o,̠lʔ
23967,嶟,tsu̯on³⁵,ts,u̯on,³⁵,s,u,̠n
23968,嶠,ɡɰiᴇu³¹,ɡɰ,iᴇu,³¹,ɡr,e,ws
23969,嶡,kʷɰiᴇi³¹,kʷɰ,iᴇi,³¹,kr,o,ds
23970,嶢,ŋeu³³,ŋ,eu,³³,ŋɡ,e,̠w
23971,嶣,,,,,,,
23972,嶤,ŋeu³¹,ŋ,eu,³¹,,,
23973,嶥,,,,,,,
23974,嶦,dʑiᴇm³¹,dʑ,iᴇm,³¹,,,
23975,嶧,jiᴇk³̲³̲,j,iᴇk̲̲,³,ɢl,a,ɡ
23976,嶨,kʰɰɔk³̲³̲,kʰɰɔk̲̲,,³,khr,u,̠ɡ
23977,嶩,nɑu³³,n,ɑu,³³,n,u,̠
23978,嶪,ŋjap³̲³̲,ŋj,ap̲̲,³,,,
23979,嶫,ŋɑp³̲³̲,ŋ,ɑp̲̲,³,,,
23980,嶬,ŋɰiᴇ³³,ŋɰ,iᴇ,³³,,,
23981,嶭,siᴇt³̲³̲,s,iᴇt̲̲,³,ŋ,e,̠d
23982,嶮,ŋɰiᴇm³³,ŋɰ,iᴇm,³³,ŋɡr,o,mʔ
23983,嶯,tʂɰɛp³̲³̲,tʂɰ,ɛp̲̲,³,,,
23984,嶰,ɦɰɛ³⁵,ɦɰ,ɛ,³⁵,ɡr,e,̠ʔ
23985,嶱,ŋɑt³̲³̲,ŋ,ɑt̲̲,³,kh,a,̠d
23986,嶲,sʷiᴇ³⁵,sʷ,iᴇ,³⁵,sqh,o,lʔ
23987,嶳,,,,,,,
23988,嶴,,,,,,,
23989,嶵,tsu̯oi³⁵,ts,u̯oi,³⁵,z,u,̠lʔ
23990,嶶,,,,,,,
23991,嶷,ŋɨk³̲³̲,ŋ,ɨk̲̲,³,ŋɡ,ɯ,ɡ
23992,嶸,ɦʲʷɰjæŋ³³,ɦʲʷɰjæŋ,,³³,ɡʷr,e,̠ŋ
23993,嶹,tɑu³⁵,t,ɑu,³⁵,,,
23994,嶺,liᴇŋ³⁵,l,iᴇŋ,³⁵,ɡ,ə,r
23995,嶻,,,,,z,e,̠d
23996,嶼,zjɤ³⁵,zj,ɤ,³⁵,sɢl,a,ʔ
23997,嶽,ŋɰɔk³̲³̲,ŋɰɔk̲̲,,³,ŋr,o,̠ɡ
23998,嶾,ʔɨn³⁵,ʔ,ɨn,³⁵,,,
23999,嶿,,,,,,,
24000,巀,dzʷɑt³̲³̲,dzʷ,ɑt̲̲,³,z,a,̠d
24001,巁,liᴇt³̲³̲,l,iᴇt̲̲,³,,,
24002,巂,sʷɰiᴇ³⁵,sʷɰ,iᴇ,³⁵,ɢʷ,e,̠
24003,巃,luŋ³³,l,uŋ,³³,ɡ,ə,r
24004,巄,,,,,,,
24005,巅,,,,,,,
24006,巆,hʷɰɛŋ³³,hʷɰ,ɛŋ,³³,ɢʷ,e,ŋ
24007,巇,hɰiᴇ³³,hɰ,iᴇ,³³,qhr,a,
24008,巈,kjuk³̲³̲,kj,uk̲̲,³,,,
24009,巉,dʐɰæm³⁵,dʐɰæm,,³⁵,zr,a,̠mʔ
24010,巊,ʔiᴇŋ³⁵,ʔ,iᴇŋ,³⁵,,,
24011,巋,kʰʷɨi³³,kʰʷ,ɨi,³³,khr,u,lʔ
24012,巌,,,,,,,
24013,巍,ŋu̯oi³³,ŋ,u̯oi,³³,ŋ,u,l
24014,巎,nɑu³³,n,ɑu,³³,,,
24015,巏,ɡʷɰiᴇn³³,ɡʷɰ,iᴇn,³³,,,
24016,巐,ʈʰiᴇu³⁵,ʈʰ,iᴇu,³⁵,kh‧l,a,wʔ
24017,巑,dzʷɑn³³,dzʷ,ɑn,³³,z,o,̠n
24018,巒,lʷɑn³³,lʷ,ɑn,³³,ɡ,ə,r
24019,巓,,,,,,,
24020,巔,ten³³,t,en,³³,k‧l,i,̠n
24021,巕,,,,,,,
24022,巖,ŋəm³³,ŋ,əm,³³,ŋɡr,a,̠m
24023,巗,ŋɰiᴇm³³,ŋɰ,iᴇm,³³,,,
24024,巘,ŋɰiᴇn³⁵,ŋɰ,iᴇn,³⁵,ŋr,a,nʔ
24025,巙,ɡʷɰi³³,ɡʷɰ,i,³³,,,
24026,巚,,,,,,,
24027,巛,kʰu̯on³³,kʰ,u̯on,³³,khl,u,̠n
24028,巜,hʷɑn³³,hʷ,ɑn,³³,kʷ,a,̠ds
24029,川,tɕʰʷiᴇn³³,tɕʰʷ,iᴇn,³³,khl,u,̠n
24030,州,tɕɨu³³,tɕ,ɨu,³³,klj,u,
24031,巟,hʷɑŋ³³,hʷ,ɑŋ,³³,m̥h,a,̠ŋ
24032,巠,ɦʷeŋ³⁵,ɦʷ,eŋ,³⁵,k,e,̠ŋ
24033,巡,jʷin³³,jʷ,in,³³,sɢl,u,n
24034,巢,tʂɰæu³³,tʂɰæ,u,³³,sɡr,a,̠w
24035,巣,,,,,,,
24036,巤,liᴇp³̲³̲,l,iᴇp̲̲,³,r,a,b
24037,工,kuŋ³³,k,uŋ,³³,k,o,̠ŋ
24038,左,tsɑ³¹,ts,ɑ,³¹,s,a,̠ls
24039,巧,kʰɰæu³¹,kʰɰæ,u,³¹,khr,u,̠s
24040,巨,ɡjɤ³⁵,ɡj,ɤ,³⁵,ɡ,a,ʔ
24041,巩,kjʊŋ³⁵,kj,ʊŋ,³⁵,k,o,ŋʔ
24042,巪,,,,,,,
24043,巫,mjʊ³³,mj,ʊ,³³,m,a,
24044,巬,,,,,,,
24045,巭,,,,,,,
24046,差,tʂʰɰæ³³,tʂʰɰæ,,³³,shr,a,̠l
24047,巯,,,,,,,
24048,巰,,,,,,,
24049,己,kɨ³⁵,k,ɨ,³⁵,k,ɯ,ʔ
24050,已,jɨ³¹,j,ɨ,³¹,ɢ,ɯ,ʔ
24051,巳,zɨ³⁵,z,ɨ,³⁵,sɢ,ɯ,ʔ
24052,巴,pɰæ³³,pɰæ,,³³,pr,a,̠
24053,巵,kʰɰiᴇ³³,kʰɰ,iᴇ,³³,kj,e,
24054,巶,dʑiᴇu³³,dʑ,iᴇu,³³,,,
24055,巷,ɦɰɔŋ³¹,ɦɰɔŋ,,³¹,ɡr,o,̠ŋs
24056,巸,jɨ³³,j,ɨ,³³,,,
24057,巹,kɨ³⁵,k,ɨ,³⁵,k,ɯ,nʔ
24058,巺,,,,,,,
24059,巻,,,,,,,
24060,巼,,,,,,,
24061,巽,su̯on³¹,s,u̯on,³¹,skl,u,̠ns
24062,巾,,,,,kr,ɯ,n
24063,巿,pʷɑt³̲³̲,pʷ,ɑt̲̲,³,p,u,d
24064,帀,tsəp³̲³̲,ts,əp̲̲,³,s,u,̠b
24065,币,biᴇi³¹,b,iᴇi,³¹,,,
24066,市,pɑi³¹,p,ɑi,³¹,dj,ɯ,ʔ
24067,布,pu̯o³¹,p,u̯o,³¹,p,a,̠s
24068,帄,,,,,,,
24069,帅,ʂʷi³¹,ʂʷ,i,³¹,,,
24070,帆,bju̯am³¹,bj,u̯am,³¹,b,o,ms
24071,帇,ɳiᴇp³̲³̲,ɳ,iᴇp̲̲,³,n,e,b
24072,师,ʂi³³,ʂ,i,³³,,,
24073,帉,pjun³³,pj,un,³³,,,
24074,帊,pʰɰæ³³,pʰɰæ,,³³,phr,a,̠s
24075,帋,tɕiᴇ³⁵,tɕ,iᴇ,³⁵,,,
24076,希,hɨi³³,h,ɨi,³³,qhl,ɯ,l
24077,帍,ɦu̯o³⁵,ɦ,u̯o,³⁵,ɡʷ,a,̠ʔ
24078,帎,təm³¹,t,əm,³¹,,,
24079,帏,,,,,,,
24080,帐,ʈjaŋ³¹,ʈj,aŋ,³¹,,,
24081,帑,nu̯o³³,n,u̯o,³³,n̥,a,̠ŋʔ
24082,帒,dəi³¹,d,əi,³¹,,,
24083,帓,mʷɑt³̲³̲,mʷ,ɑt̲̲,³,,,
24084,帔,pʰɰiᴇ³³,pʰɰ,iᴇ,³³,phr,a,ls
24085,帕,mɰæt³̲³̲,mɰæt̲̲,,³,mbr,a,̠d
24086,帖,tʰep³̲³̲,tʰ,ep̲̲,³,kh‧l,e,̠b
24087,帗,pjut³̲³̲,pj,ut̲̲,³,p,o,̠d
24088,帘,liᴇm³³,l,iᴇm,³³,r,e,m
24089,帙,ɖit³̲³̲,ɖ,it̲̲,³,ɡ‧l,i,ɡ
24090,帚,tɕɨu³⁵,tɕ,ɨu,³⁵,pj,u,ʔ
24091,帛,bɰæk³̲³̲,bɰæk̲̲,,³,br,a,̠ɡ
24092,帜,,,,,,,
24093,帝,tiᴇ³¹,t,iᴇ,³¹,k‧l,e,̠ɡs
24094,帞,mɰæt³̲³̲,mɰæt̲̲,,³,,,
24095,帟,jiᴇk³̲³̲,j,iᴇk̲̲,³,l,a,ɡ
24096,帠,ŋei³¹,ŋ,ei,³¹,ŋ,e,̠ds
24097,帡,piᴇŋ³⁵,p,iᴇŋ,³⁵,b,e,̠ŋ
24098,帢,kʰɰɛp³̲³̲,kʰɰ,ɛp̲̲,³,khr,u,̠b
24099,帣,kʷɰiᴇn³¹,kʷɰ,iᴇn,³¹,kr,o,ns
24100,帤,ɳjɤ³³,ɳj,ɤ,³³,n,a,
24101,帥,ʂʷi³¹,ʂʷ,i,³¹,sr,u,d
24102,带,tɑi³¹,t,ɑi,³¹,,,
24103,帧,,,,,,,
24104,帨,tsʰʷiᴇi³¹,tsʰʷ,iᴇi,³¹,skh,o,ds
24105,帩,tsʰiᴇu³¹,tsʰ,iᴇu,³¹,,,
24106,帪,tɕin³¹,tɕ,in,³¹,plj,ɯ,n
24107,師,ʂi³³,ʂ,i,³³,sr,i,
24108,帬,ɡjun³³,ɡj,un,³³,ɡl,u,n
24109,席,ziᴇk³̲³̲,z,iᴇk̲̲,³,sɢl,a,ɡ
24110,帮,pɑŋ³³,p,ɑŋ,³³,,,
24111,帯,,,,,,,
24112,帰,,,,,,,
24113,帱,,,,,,,
24114,帲,,,,,,,
24115,帳,ʈjaŋ³¹,ʈj,aŋ,³¹,k‧l,a,ŋs
24116,帴,sem³⁵,s,em,³⁵,s,e,nʔ
24117,帵,ʔʷjɤn³³,ʔʷj,ɤn,³³,,,
24118,帶,tɑi³¹,t,ɑi,³¹,t,a,̠ds
24119,帷,ɦʲʷi³³,ɦʲʷ,i,³³,ɢr,u,l
24120,常,dʑjaŋ³³,dʑj,aŋ,³³,ɡlj,a,ŋ
24121,帹,ʂɰɛp³̲³̲,ʂɰ,ɛp̲̲,³,,,
24122,帺,ɡɨ³¹,ɡ,ɨ,³¹,,,
24123,帻,tʂɰɛk³̲³̲,tʂɰ,ɛk̲̲,³,,,
24124,帼,,,,,,,
24125,帽,mɑu³¹,m,ɑu,³¹,m,u,̠ɡs
24126,帾,tu̯o³⁵,t,u̯o,³⁵,k‧l,a,̠ʔ
24127,帿,ɦu³³,ɦ,u,³³,,,
24128,幀,ʈɰæŋ³¹,ʈɰæŋ,,³¹,,,
24129,幁,,,,,,,
24130,幂,,,,,m,e,̠ɡ
24131,幃,hʷɨi³³,hʷ,ɨi,³³,ɢʷ,ɯ,l
24132,幄,ʔɰɔk³̲³̲,ʔɰɔk̲̲,,³,qr,o,̠ɡ
24133,幅,pɨk³̲³̲,p,ɨk̲̲,³,pr,ɯ,ɡ
24134,幆,kʰɑi³¹,kʰ,ɑi,³¹,,,
24135,幇,,,,,,,
24136,幈,,,,,,,
24137,幉,,,,,,,
24138,幊,,,,,,,
24139,幋,bʷɑn³³,bʷ,ɑn,³³,b,a,̠n
24140,幌,ɦʷɑŋ³⁵,ɦʷ,ɑŋ,³⁵,,,
24141,幍,tʰɑu³³,tʰ,ɑu,³³,,,
24142,幎,mek³̲³̲,m,ek̲̲,³,m,e,̠ɡ
24143,幏,kɰæ³¹,kɰæ,,³¹,kr,a,̠
24144,幐,dəŋ³³,d,əŋ,³³,ɡ‧l,ɯ,̠ŋs
24145,幑,hʷɨi³³,hʷ,ɨi,³³,m̥h,ɯ,l
24146,幒,,,,,skh,o,ŋʔ
24147,幓,ʂiᴇm³³,ʂ,iᴇm,³³,sr,o,̠m
24148,幔,mʷɑn³¹,mʷ,ɑn,³¹,m,o,̠ns
24149,幕,mʷɑn³¹,mʷ,ɑn,³¹,m,a,̠ɡ
24150,幖,piᴇu³³,p,iᴇu,³³,p,e,w
24151,幗,kʷɰɛk³̲³̲,kʷɰ,ɛk̲̲,³,kʷ,ɯ,̠ɡs
24152,幘,tʂɰɛk³̲³̲,tʂɰ,ɛk̲̲,³,sr,e,̠ɡ
24153,幙,,,,,,,
24154,幚,,,,,,,
24155,幛,,,,,,,
24156,幜,,,,,,,
24157,幝,tɕʰiᴇn³³,tɕʰ,iᴇn,³³,thj,a,nʔ
24158,幞,puk³̲³̲,p,uk̲̲,³,b,o,ɡ
24159,幟,tɕʰɨ³¹,tɕʰ,ɨ,³¹,klj,ɯ,ɡs
24160,幠,hu̯o³³,h,u̯o,³³,m̥h,a,̠
24161,幡,bʷjɤn³³,bʷj,ɤn,³³,ph,a,n
24162,幢,duŋ³³,d,uŋ,³³,rd,o,̠ŋs
24163,幣,biᴇi³¹,b,iᴇi,³¹,b,e,ds
24164,幤,,,,,,,
24165,幥,,,,,,,
24166,幦,hʷiᴇk³̲³̲,hʷ,iᴇk̲̲,³,mbl,e,̠ɡ
24167,幧,tsʰɑu³³,tsʰ,ɑu,³³,sh,a,̠w
24168,幨,tɕʰiᴇm³³,tɕʰ,iᴇm,³³,khlj,a,ms
24169,幩,bjun³⁵,bj,un,³⁵,b,ɯ,n
24170,幪,muŋ³³,m,uŋ,³³,m,o,̠ŋ
24171,幫,pɑŋ³³,p,ɑŋ,³³,,,
24172,幬,ɖjʊ³³,ɖj,ʊ,³³,ɡ‧l,u,̠s
24173,幭,mʷjɤt³̲³̲,mʷj,ɤt̲̲,³,m,e,̠d
24174,幮,ɖjʊ³³,ɖj,ʊ,³³,,,
24175,幯,tset³̲³̲,ts,et̲̲,³,,,
24176,幰,hjɤn³⁵,hj,ɤn,³⁵,qh,a,nʔ
24177,幱,lɑn³³,l,ɑn,³³,,,
24178,干,ŋɰæn³¹,ŋɰæn,,³¹,k,a,̠n
24179,平,bɰjæŋ³³,bɰjæŋ,,³³,br,e,ŋ
24180,年,nen³³,n,en,³³,n,i,̠ŋ
24181,幵,ken³³,k,en,³³,k,e,̠n
24182,并,piᴇŋ³⁵,p,iᴇŋ,³⁵,p,e,ŋs
24183,幷,,,,,pk,e,ŋ
24184,幸,ɳiᴇp³̲³̲,ɳ,iᴇp̲̲,³,ɡr,e,̠ŋʔ
24185,幹,ɦɑn³¹,ɦ,ɑn,³¹,,,
24186,幺,ʔeu³³,ʔ,eu,³³,q,e,̠w
24187,幻,ɦeu³⁵,ɦ,eu,³⁵,ɡʷr,e,̠ns
24188,幼,ʔju³¹,ʔj,u,³¹,qr,ɯ,ws
24189,幽,ʔju³⁵,ʔj,u,³⁵,q,ɯ,w
24190,幾,ɡɨi³¹,ɡ,ɨi,³¹,k,ɯ,l
24191,广,ŋjam³⁵,ŋj,am,³⁵,ŋr,a,mʔ
24192,庀,pʰiᴇ³⁵,pʰ,iᴇ,³⁵,ph,e,lʔ
24193,庁,tʰeŋ³³,tʰ,eŋ,³³,,,
24194,庂,,,,,sr,ɯ,ɡ
24195,広,,,,,,,
24196,庄,tʂjaŋ³³,tʂj,aŋ,³³,br,e,̠ŋ
24197,庅,,,,,,,
24198,庆,kʰɰjæŋ³¹,kʰɰjæŋ,,³¹,,,
24199,庇,pʰiᴇ³⁵,pʰ,iᴇ,³⁵,p,i,s
24200,庈,ɡɰim³³,ɡɰ,im,³³,ɡr,ɯ,m
24201,庉,du̯on³⁵,d,u̯on,³⁵,ɡ‧l,u,̠n
24202,床,dʐjaŋ³³,dʐj,aŋ,³³,sɡr,a,ŋ
24203,庋,kʷɰiᴇ³⁵,kʷɰ,iᴇ,³⁵,kr,e,ʔ
24204,庌,ŋɰæ³³,ŋɰæ,,³³,ŋɡr,a,̠ʔ
24205,庍,pɰɛ³¹,pɰ,ɛ,³¹,,,
24206,庎,kɰɛi³¹,kɰ,ɛi,³¹,,,
24207,序,zjɤ³⁵,zj,ɤ,³⁵,sɢl,a,ʔ
24208,庐,ljɤ³³,lj,ɤ,³³,,,
24209,庑,,,,,,,
24210,庒,,,,,,,
24211,库,kʰu̯o³¹,kʰ,u̯o,³¹,,,
24212,应,ʔɨŋ³³,ʔ,ɨŋ,³³,,,
24213,底,tei³⁵,t,ei,³⁵,t,i,̠lʔ
24214,庖,bɰæu³³,bɰæ,u,³³,br,u,̠
24215,店,tem³¹,t,em,³¹,k‧l,i,̠ms
24216,庘,ʔɰɛp³̲³̲,ʔɰ,ɛp̲̲,³,qr,a,̠b
24217,庙,mɰiᴇu³¹,mɰ,iᴇu,³¹,,,
24218,庚,kɰæŋ³³,kɰæŋ,,³³,kr,a,̠ŋ
24219,庛,tsʰiᴇ³¹,tsʰ,iᴇ,³¹,sh,e,s
24220,府,pjʊ³⁵,pj,ʊ,³⁵,p,o,ʔ
24221,庝,du̯oŋ³³,d,u̯oŋ,³³,,,
24222,庞,bɰɔŋ³³,bɰɔŋ,,³³,,,
24223,废,pʷjai³¹,pʷj,ai,³¹,,,
24224,庠,zjaŋ³³,zj,aŋ,³³,sɢl,a,ŋ
24225,庡,ʔɨi³⁵,ʔ,ɨi,³⁵,,,
24226,庢,ʈit³̲³̲,ʈ,it̲̲,³,k‧l,i,ɡ
24227,庣,tʰeu³³,tʰ,eu,³³,kh‧l,e,̠w
24228,庤,ɖɨ³⁵,ɖ,ɨ,³⁵,ɡ‧l,ɯ,ʔ
24229,庥,hɨu³³,h,ɨu,³³,qh,u,
24230,度,dɑk³̲³̲,d,ɑk̲̲,³,ɡ‧l,a,̠ɡ
24231,座,dzʷɑ³¹,dzʷ,ɑ,³¹,z,o,̠ls
24232,庨,kʰɰæu³³,kʰɰæ,u,³³,qhr,u,̠
24233,庩,du̯o³³,d,u̯o,³³,,,
24234,庪,kɰiᴇ³⁵,kɰ,iᴇ,³⁵,kʷr,e,ʔ
24235,庫,kʰu̯o³¹,kʰ,u̯o,³¹,khl,a,̠s
24236,庬,mɰɔŋ³⁵,mɰɔŋ,,³⁵,mr,o,̠ŋʔ
24237,庭,tʰeŋ³¹,tʰ,eŋ,³¹,ɡ‧l,e,̠ŋ
24238,庮,jɨu³¹,j,ɨu,³¹,ɢl,u,
24239,庯,pu̯o³³,p,u̯o,³³,,,
24240,庰,biᴇŋ³¹,b,iᴇŋ,³¹,b,e,ŋs
24241,庱,ʈʰɨŋ³⁵,ʈʰ,ɨŋ,³⁵,,,
24242,庲,ləi³³,l,əi,³³,ɡ,ə,r
24243,庳,biᴇ³⁵,b,iᴇ,³⁵,b,e,ʔ
24244,庴,tsʰjak³̲³̲,tsʰj,ak̲̲,³,z,a,ɡ
24245,庵,ʔəm³³,ʔ,əm,³³,q,o,̠m
24246,庶,tɕjɤ³⁵,tɕj,ɤ,³⁵,qhlj,a,ɡs
24247,康,kʰɑŋ³³,kʰ,ɑŋ,³³,khl,a,̠ŋ
24248,庸,jʊŋ³³,j,ʊŋ,³³,l,o,ŋ
24249,庹,,,,,,,
24250,庺,,,,,,,
24251,庻,,,,,,,
24252,庼,,,,,,,
24253,庽,ŋjʊ³¹,ŋj,ʊ,³¹,,,
24254,庾,jʊ³⁵,j,ʊ,³⁵,l,o,ʔ
24255,庿,mɰiᴇu³¹,mɰ,iᴇu,³¹,mr,e,ws
24256,廀,su³⁵,s,u,³⁵,sl,u,̠ʔ
24257,廁,tʂʰɨk³̲³̲,tʂʰ,ɨk̲̲,³,skhr,ɯ,ɡ
24258,廂,sjaŋ³³,sj,aŋ,³³,sl,a,ŋ
24259,廃,,,,,,,
24260,廄,,,,,k,ɯ,ws
24261,廅,ʔɑp³̲³̲,ʔ,ɑp̲̲,³,q,a,̠b
24262,廆,ŋu̯oi³⁵,ŋ,u̯oi,³⁵,ɡ,u,̠lʔ
24263,廇,lɨu³¹,l,ɨu,³¹,b,ə,r
24264,廈,ɦɰæ³⁵,ɦɰæ,,³⁵,ɡr,a,̠ʔ
24265,廉,liᴇm³³,l,iᴇm,³³,ɡ,ə,r
24266,廊,lɑŋ³³,l,ɑŋ,³³,r,a,̠ŋ
24267,廋,su³⁵,s,u,³⁵,sr,u,
24268,廌,ɖɰɛ³⁵,ɖɰ,ɛ,³⁵,rd,e,̠ʔ
24269,廍,,,,,,,
24270,廎,kʰʷiᴇŋ³³,kʰʷ,iᴇŋ,³³,,,
24271,廏,kɨu³¹,k,ɨu,³¹,,,
24272,廐,,,,,,,
24273,廑,ɡɨn³¹,ɡ,ɨn,³¹,ɡr,ɯ,ns
24274,廒,,,,,,,
24275,廓,kʰʷɑk³̲³̲,kʰʷ,ɑk̲̲,³,khʷ,a,̠ɡ
24276,廔,lu³³,l,u,³³,ɡ,ə,r
24277,廕,ʔɰim³¹,ʔɰ,im,³¹,qr,ɯ,ms
24278,廖,leu³³,l,eu,³³,ɡ,ə,r
24279,廗,tɑi³¹,t,ɑi,³¹,t,a,̠ds
24280,廘,luk³̲³̲,l,uk̲̲,³,b,ə,r
24281,廙,jɨk³̲³̲,j,ɨk̲̲,³,b,ə,l
24282,廚,ɖjʊ³³,ɖj,ʊ,³³,d,o,
24283,廛,ɖiᴇn³³,ɖ,iᴇn,³³,d,a,n
24284,廜,du̯o³³,d,u̯o,³³,ɡ‧l,a,̠
24285,廝,ʂiᴇ³³,ʂ,iᴇ,³³,sqh,e,
24286,廞,ŋɰim³⁵,ŋɰ,im,³⁵,qhr,ɯ,m
24287,廟,mɰiᴇu³¹,mɰ,iᴇu,³¹,mr,e,ws
24288,廠,tɕʰjaŋ³⁵,tɕʰj,aŋ,³⁵,khlj,a,ŋs
24289,廡,mjʊ³³,mj,ʊ,³³,m,a,ʔ
24290,廢,pʷjai³¹,pʷj,ai,³¹,p,a,ds
24291,廣,kʷɑŋ³⁵,kʷ,ɑŋ,³⁵,kʷ,a,̠ŋʔ
24292,廤,,,,,,,
24293,廥,kʷɑi³¹,kʷ,ɑi,³¹,k,o,̠bs
24294,廦,pʰiᴇk³̲³̲,pʰ,iᴇk̲̲,³,ph,e,ɡ
24295,廧,dzjaŋ³³,dzj,aŋ,³³,z,a,ŋ
24296,廨,kɰɛ³¹,kɰ,ɛ,³¹,kr,e,̠s
24297,廩,lɰim³⁵,lɰ,im,³⁵,b,ə,r
24298,廪,ləm³⁵,l,əm,³⁵,,,
24299,廫,leu³³,l,eu,³³,ɡ,ə,r
24300,廬,lu̯o³³,l,u̯o,³³,ɡ,ə,r
24301,廭,,,,,,,
24302,廮,ʔiᴇŋ³⁵,ʔ,iᴇŋ,³⁵,q,e,ŋʔ
24303,廯,siᴇn³⁵,s,iᴇn,³⁵,sl,e,n
24304,廰,,,,,,,
24305,廱,ʔjʊŋ³³,ʔj,ʊŋ,³³,q,o,ŋ
24306,廲,liᴇ³³,l,iᴇ,³³,,,
24307,廳,tʰeŋ³³,tʰ,eŋ,³³,kh‧l,e,̠ŋ
24308,廴,,,,,l,i,nʔ
24309,廵,zʷin³³,zʷ,in,³³,,,
24310,延,jiᴇn³¹,j,iᴇn,³¹,l,a,ns
24311,廷,deŋ³¹,d,eŋ,³¹,ɡ‧l,e,̠ŋ
24312,廸,,,,,,,
24313,廹,,,,,pr,a,̠ɡ
24314,建,kjɤn³⁵,kj,ɤn,³⁵,k,a,ns
24315,廻,,,,,ɡ,u,̠l
24316,廼,nəi³⁵,n,əi,³⁵,,,
24317,廽,,,,,,,
24318,廾,kjʊŋ³⁵,kj,ʊŋ,³⁵,kl,o,ŋ
24319,廿,ȵip³̲³̲,ȵ,ip̲̲,³,nj,ɯ,b
24320,开,kʰəi³³,kʰ,əi,³³,,,
24321,弁,bʷɑn³³,bʷ,ɑn,³³,br,o,ns
24322,异,jɨ³¹,j,ɨ,³¹,ɢ,ɯ,s
24323,弃,kʰi³¹,kʰ,i,³¹,khl,i,ds
24324,弄,luŋ³¹,l,uŋ,³¹,ɡ,ə,r
24325,弅,bjun³⁵,bj,un,³⁵,b,ɯ,nʔ
24326,弆,kʰjɤ³⁵,kʰj,ɤ,³⁵,k,a,ʔ
24327,弇,ʔɰiᴇm³⁵,ʔɰ,iᴇm,³⁵,k,ɯ,̠m
24328,弈,jiᴇk³̲³̲,j,iᴇk̲̲,³,l,a,ɡ
24329,弉,,,,,,,
24330,弊,biᴇi³¹,b,iᴇi,³¹,b,e,ds
24331,弋,jɨk³̲³̲,j,ɨk̲̲,³,l,ɯ,ɡ
24332,弌,ʔit³̲³̲,ʔ,it̲̲,³,ql,i,ɡ
24333,弍,ȵi³¹,ȵ,i,³¹,nj,i,s
24334,弎,sɑm³³,s,ɑm,³³,sl,o,̠m
24335,式,ɕɨk³̲³̲,ɕ,ɨk̲̲,³,l̥,ɯ,ɡ
24336,弐,,,,,,,
24337,弑,ɕɨ³¹,ɕ,ɨ,³¹,,,
24338,弒,,,,,l̥,ɯ,ɡs
24339,弓,kjuŋ³³,kj,uŋ,³³,kʷ,ɯ,ŋ
24340,弔,teu³¹,t,eu,³¹,t,i,̠wɡs
24341,引,jin³⁵,j,in,³⁵,l,i,nʔ
24342,弖,,,,,,,
24343,弗,pjut³̲³̲,pj,ut̲̲,³,p,ɯ,d
24344,弘,ɦʷəŋ³³,ɦʷ,əŋ,³³,ɡʷ,ɯ,̠ŋ
24345,弙,ʔu̯o³³,ʔ,u̯o,³³,qʷ,a,̠
24346,弚,,,,,,,
24347,弛,jiᴇ³³,j,iᴇ,³³,l̥,a,lʔ
24348,弜,ɡiᴇ³³,ɡ,iᴇ,³³,ɡ,a,ŋʔ
24349,弝,pɰæ³¹,pɰæ,,³¹,pr,a,̠s
24350,弞,jin³⁵,j,in,³⁵,l̥,i,nʔ
24351,弟,diᴇk³̲³̲,d,iᴇk̲̲,³,ɡ‧l,i,̠lʔ
24352,张,ʈjaŋ³³,ʈj,aŋ,³³,,,
24353,弡,,,,,,,
24354,弢,tʰɑu³³,tʰ,ɑu,³³,kh‧l,a,̠w
24355,弣,pʰjʊ³⁵,pʰj,ʊ,³⁵,ph,o,ʔ
24356,弤,tei³⁵,t,ei,³⁵,t,i,̠lʔ
24357,弥,miᴇ³³,m,iᴇ,³³,mn,e,l
24358,弦,ɦen³³,ɦ,en,³³,ɡ,i,̠n
24359,弧,ʔu̯o³³,ʔ,u̯o,³³,ɡʷ,a,̠
24360,弨,tɕʰiᴇu³³,tɕʰ,iᴇu,³³,thj,e,w
24361,弩,nu̯o³⁵,n,u̯o,³⁵,n,a,̠ʔ
24362,弪,,,,,,,
24363,弫,tɕin³⁵,tɕ,in,³⁵,,,
24364,弬,jɨ³³,j,ɨ,³³,,,
24365,弭,miᴇ³⁵,m,iᴇ,³⁵,ml,i,ʔ
24366,弮,kʰʷɰiᴇn³³,kʰʷɰ,iᴇn,³³,khr,o,n
24367,弯,ʔʷɰæn³³,ʔʷɰæn,,³³,,,
24368,弰,ʂɰæu³³,ʂɰæ,u,³³,spr,e,̠w
24369,弱,ȵjak³̲³̲,ȵj,ak̲̲,³,nj,e,wɡ
24370,弲,hʷiᴇn³³,hʷ,iᴇn,³³,,,
24371,弳,,,,,,,
24372,弴,teu³³,t,eu,³³,k‧l,u,̠n
24373,張,ʈjaŋ³³,ʈj,aŋ,³³,k‧l,a,ŋs
24374,弶,ɡjaŋ³¹,ɡj,aŋ,³¹,ɡ,a,ŋs
24375,強,ɡjaŋ³³,ɡj,aŋ,³³,ɡ,a,ŋ
24376,弸,bɰɛŋ³³,bɰ,ɛŋ,³³,phr,ɯ,̠ŋ
24377,弹,dɑn³¹,d,ɑn,³¹,,,
24378,强,ɡjaŋ³³,ɡj,aŋ,³³,ɡ,a,ŋʔ
24379,弻,,,,,,,
24380,弼,bɰit³̲³̲,bɰ,it̲̲,³,br,ɯ,d
24381,弽,ɕiᴇp³̲³̲,ɕ,iᴇp̲̲,³,qhlj,e,b
24382,弾,,,,,,,
24383,弿,kɰiᴇn³⁵,kɰ,iᴇn,³⁵,,,
24384,彀,ku³¹,k,u,³¹,k,o,̠ɡs
24385,彁,,,,,,,
24386,彂,,,,,,,
24387,彃,pit³̲³̲,p,it̲̲,³,p,i,d
24388,彄,ku³³,k,u,³³,kh,o,̠
24389,彅,,,,,,,
24390,彆,piᴇi³¹,p,iᴇi,³¹,p,e,ds
24391,彇,seu³³,s,eu,³³,,,
24392,彈,dɑn³¹,d,ɑn,³¹,d,a,̠ns
24393,彉,kʰʷɑk³̲³̲,kʰʷ,ɑk̲̲,³,qhʷ,a,̠ɡ
24394,彊,ɡjaŋ³⁵,ɡj,aŋ,³⁵,k,a,ŋs
24395,彋,ɦɰæŋ³³,ɦɰæŋ,,³³,ɢʷr,e,̠ŋ
24396,彌,ŋei³³,ŋ,ei,³³,ml,e,l
24397,彍,hʷɑk³̲³̲,hʷ,ɑk̲̲,³,qhʷ,a,̠ɡ
24398,彎,ʔʷɰæn³³,ʔʷɰæn,,³³,qr,o,̠n
24399,彏,hʷjak³̲³̲,hʷj,ak̲̲,³,kʷ,a,ɡ
24400,彐,kɰiᴇi³¹,kɰ,iᴇi,³¹,,,
24401,彑,kɰiᴇi³¹,kɰ,iᴇi,³¹,kr,a,ds
24402,归,kʷɨi³³,kʷ,ɨi,³³,,,
24403,当,tɑŋ³¹,t,ɑŋ,³¹,,,
24404,彔,luk³̲³̲,l,uk̲̲,³,b,ə,r
24405,录,luk³̲³̲,l,uk̲̲,³,,,
24406,彖,ɕiᴇ³⁵,ɕ,iᴇ,³⁵,l̥,e,lʔ
24407,彗,zʷi³¹,zʷ,i,³¹,sɢʷ,e,ds
24408,彘,ɦʲʷiᴇi³¹,ɦʲʷ,iᴇi,³¹,ɡ‧l,e,ds
24409,彙,ɦʲʷɨi³¹,ɦʲʷ,ɨi,³¹,ɢr,u,ds
24410,彚,ɦʲʷɨi³¹,ɦʲʷ,ɨi,³¹,ɢr,u,ds
24411,彛,,,,,,,
24412,彜,,,,,,,
24413,彝,,,,,l,i,
24414,彞,ji³³,j,i,³³,,,
24415,彟,,,,,,,
24416,彠,ʔʷɰæk³̲³̲,ʔʷɰæk̲̲,,³,ɡʷr,a,̠ɡ
24417,彡,siᴇm³⁵,s,iᴇm,³⁵,sl,o,m
24418,形,ɦeŋ³³,ɦ,eŋ,³³,ɡ,e,̠ŋ
24419,彣,mjun³³,mj,un,³³,m,ɯ,n
24420,彤,tɑn³³,t,ɑn,³³,l,u,̠ŋ
24421,彥,,,,,ŋr,e,ns
24422,彦,bʷɑn³³,bʷ,ɑn,³³,,,
24423,彧,ʔjuk³̲³̲,ʔj,uk̲̲,³,qʷ,ɯ,ɡ
24424,彨,,,,,,,
24425,彩,tsʰəi³⁵,tsʰ,əi,³⁵,sh,ɯ,̠ʔ
24426,彪,pju³³,pj,u,³³,pr,ɯ,w
24427,彫,teu³³,t,eu,³³,k‧l,ɯ,̠w
24428,彬,pɰin³³,pɰ,in,³³,pr,ɯ,n
24429,彭,bɰæŋ³³,bɰæŋ,,³³,br,a,̠ŋ
24430,彮,jʊŋ³⁵,j,ʊŋ,³⁵,,,
24431,彯,pʰiᴇu³³,pʰ,iᴇu,³³,,,
24432,彰,tɕjaŋ³³,tɕj,aŋ,³³,klj,a,ŋ
24433,影,ʔɰjæŋ³⁵,ʔɰjæŋ,,³⁵,qr,a,ŋʔ
24434,彲,ʈʰiᴇ³³,ʈʰ,iᴇ,³³,ph‧r,e,l
24435,彳,ʈʰiᴇk³̲³̲,ʈʰ,iᴇk̲̲,³,th,e,ɡ
24436,彴,tɕjak³̲³̲,tɕj,ak̲̲,³,plj,e,wɡ
24437,彵,,,,,,,
24438,彶,kip³̲³̲,k,ip̲̲,³,kr,ɯ,b
24439,彷,pʰʷjaŋ³³,pʰʷj,aŋ,³³,ph,a,ŋʔ
24440,彸,tɕjʊŋ³³,tɕj,ʊŋ,³³,klj,o,ŋ
24441,役,jʷiᴇk³̲³̲,jʷ,iᴇk̲̲,³,ɢʷ,e,ɡ
24442,彺,ɦʲʷjaŋ³³,ɦʲʷj,aŋ,³³,ɢʷ,a,ŋʔ
24443,彻,ʈʰiᴇt³̲³̲,ʈʰ,iᴇt̲̲,³,,,
24444,彼,pɰiᴇ³⁵,pɰ,iᴇ,³⁵,pr,a,lʔ
24445,彽,du̯oi³³,d,u̯oi,³³,,,
24446,彾,leŋ³³,l,eŋ,³³,,,
24447,彿,pʰjut³̲³̲,pʰj,ut̲̲,³,ph,ɯ,d
24448,往,ɦʲʷjaŋ³⁵,ɦʲʷj,aŋ,³⁵,ɢʷ,a,ŋʔ
24449,征,tɕiᴇŋ³³,tɕ,iᴇŋ,³³,kj,e,ŋ
24450,徂,dzu̯o³³,dz,u̯o,³³,sɡ,a,̠
24451,徃,ɦʲʷjaŋ³³,ɦʲʷj,aŋ,³³,,,
24452,径,keŋ³¹,k,eŋ,³¹,,,
24453,待,dəi³⁵,d,əi,³⁵,ɡ‧l,ɯ,̠ʔ
24454,徆,,,,,,,
24455,徇,zʷin³¹,zʷ,in,³¹,sɢʷ,i,ns
24456,很,ɦən³⁵,ɦ,ən,³⁵,ɡ,ɯ,̠nʔ
24457,徉,jaŋ³³,j,aŋ,³³,ɢl,a,ŋ
24458,徊,ɦu̯oi³³,ɦ,u̯oi,³³,ɡ,u,̠l
24459,律,lʷit³̲³̲,lʷ,it̲̲,³,b,ə,r
24460,後,ɦu³⁵,ɦ,u,³⁵,ɡ,o,̠ʔ
24461,徍,ʔɰɛ³³,ʔɰ,ɛ,³³,,,
24462,徎,ɖiᴇŋ³⁵,ɖ,iᴇŋ,³⁵,kh‧l,e,̠ŋʔ
24463,徏,ʈɨk³̲³̲,ʈ,ɨk̲̲,³,,,
24464,徐,zjɤ³³,zj,ɤ,³³,sɢl,a,
24465,徑,keŋ³³,k,eŋ,³³,k,e,̠ŋs
24466,徒,du̯o³³,d,u̯o,³³,ɡ‧l,a,̠
24467,従,,,,,,,
24468,徔,,,,,,,
24469,徕,,,,,,,
24470,徖,,,,,,,
24471,得,tək³̲³̲,t,ək̲̲,³,t,ɯ,̠ɡ
24472,徘,bu̯oi³³,b,u̯oi,³³,b,u,̠l
24473,徙,siᴇ³⁵,s,iᴇ,³⁵,sl,e,lʔ
24474,徚,,,,,,,
24475,徛,kɰiᴇ³¹,kɰ,iᴇ,³¹,ɡr,a,lʔ
24476,徜,dʑjaŋ³³,dʑj,aŋ,³³,,,
24477,徝,ʈɨk³̲³̲,ʈ,ɨk̲̲,³,,,
24478,從,tsjʊŋ³³,tsj,ʊŋ,³³,z,o,ŋs
24479,徟,tɕɨu³³,tɕ,ɨu,³³,,,
24480,徠,ləi³¹,l,əi,³¹,ɡ,ə,r
24481,御,ŋjɤ³⁵,ŋj,ɤ,³⁵,ŋ,a,s
24482,徢,sep³̲³̲,s,ep̲̲,³,,,
24483,徣,,,,,,,
24484,徤,,,,,,,
24485,徥,sɰɛi³⁵,sɰ,ɛi,³⁵,ɡ‧l,e,ʔ
24486,徦,kɰæ³¹,kɰæ,,³¹,kr,a,̠s
24487,徧,pen³¹,p,en,³¹,p,e,̠ns
24488,徨,ɦʷɑŋ³³,ɦʷ,ɑŋ,³³,ɡʷ,a,̠ŋ
24489,復,bɨu³¹,b,ɨu,³¹,b,u,ɡs
24490,循,zʷin³¹,zʷ,in,³¹,sɢl,u,n
24491,徫,ɦʲʷɨi³⁵,ɦʲʷ,ɨi,³⁵,,,
24492,徬,bɑŋ³³,b,ɑŋ,³³,b,a,̠ŋs
24493,徭,,,,,l,e,w
24494,微,mʷɨi³³,mʷ,ɨi,³³,m,ɯ,l
24495,徯,ɦei³³,ɦ,ei,³³,ɡ,e,̠ʔ
24496,徰,tɕiᴇŋ³³,tɕ,iᴇŋ,³³,,,
24497,徱,,,,,,,
24498,徲,ɖi³³,ɖ,i,³³,l,i,̠l
24499,徳,,,,,,,
24500,徴,ʈɨ³⁵,ʈ,ɨ,³⁵,,,
24501,徵,ɖɨŋ³³,ɖ,ɨŋ,³³,t,ɯ,ŋ
24502,徶,bet³̲³̲,b,et̲̲,³,,,
24503,德,tək³̲³̲,t,ək̲̲,³,t,ɯ,̠ɡ
24504,徸,,,,,,,
24505,徹,ɖiᴇt³̲³̲,ɖ,iᴇt̲̲,³,th,e,d
24506,徺,,,,,,,
24507,徻,ʔʷɑi³¹,ʔʷ,ɑi,³¹,,,
24508,徼,keu³¹,k,eu,³¹,kl,e,̠wɡs
24509,徽,hʷɨi³³,hʷ,ɨi,³³,m̥h,ɯ,l
24510,徾,,,,,,,
24511,徿,luŋ³⁵,l,uŋ,³⁵,,,
24512,忀,sjaŋ³³,sj,aŋ,³³,sl,a,ŋ
24513,忁,pɰæu³¹,pɰæ,u,³¹,,,
24514,忂,ɡjʊ³³,ɡj,ʊ,³³,ɡʷ,a,
24515,心,ʔɨk³̲³̲,ʔ,ɨk̲̲,³,sl,ɯ,m
24516,忄,hʷɰæ³³,hʷɰæ,,³³,,,
24517,必,pit³̲³̲,p,it̲̲,³,pl,i,ɡ
24518,忆,ʔɨk³̲³̲,ʔ,ɨk̲̲,³,,,
24519,忇,,,,,,,
24520,忈,,,,,,,
24521,忉,tɑu³³,t,ɑu,³³,t,a,̠w
24522,忊,tʰeŋ³¹,tʰ,eŋ,³¹,,,
24523,忋,ɦəi³⁵,ɦ,əi,³⁵,,,
24524,忌,ɡɨ³¹,ɡ,ɨ,³¹,ɡ,ɯ,s
24525,忍,ȵin³⁵,ȵ,in,³⁵,nj,ɯ,nʔ
24526,忎,ȵin³³,ȵ,in,³³,,,
24527,忏,tsʰen³⁵,tsʰ,en,³⁵,,,
24528,忐,,,,,,,
24529,忑,,,,,,,
24530,忒,tʰək³̲³̲,tʰ,ək̲̲,³,kh‧l,ɯ,̠ɡ
24531,忓,kɑn³³,k,ɑn,³³,k,a,̠n
24532,忔,hɨt³̲³̲,h,ɨt̲̲,³,qh,ɯ,d
24533,忕,dɑi³¹,d,ɑi,³¹,dj,a,ds
24534,忖,tsʰu̯on³⁵,tsʰ,u̯on,³⁵,sh,u,̠nʔ
24535,志,tɕɨ³¹,tɕ,ɨ,³¹,klj,ɯ,s
24536,忘,mʷjaŋ³³,mʷj,aŋ,³³,m,a,ŋs
24537,忙,mɑŋ³³,m,ɑŋ,³³,m,a,̠ŋ
24538,忚,ljæ³⁵,ljæ,,³⁵,l̥h,e,̠l
24539,忛,,,,,,,
24540,応,,,,,,,
24541,忝,tʰem³⁵,tʰ,em,³⁵,l̥,i,̠mʔ
24542,忞,mjun³⁵,mj,un,³⁵,mr,ɯ,n
24543,忟,,,,,,,
24544,忠,ʈjuŋ³³,ʈj,uŋ,³³,k‧l,u,ŋ
24545,忡,ʈʰjuŋ³³,ʈʰj,uŋ,³³,kh‧l,u,ŋ
24546,忢,,,,,,,
24547,忣,,,,,kr,ɯ,b
24548,忤,ŋu̯o³¹,ŋ,u̯o,³¹,ŋ,a,̠s
24549,忥,hɨi³¹,h,ɨi,³¹,qh,ɯ,ds
24550,忦,kʰʷɰɛi³¹,kʰʷɰ,ɛi,³¹,kr,e,̠d
24551,忧,ɦʲɨu³³,ɦʲ,ɨu,³³,ɢʷ,ɯ,s
24552,忨,ŋʷɑn³³,ŋʷ,ɑn,³³,ŋɡ,o,̠n
24553,忩,tsʰuŋ³³,tsʰ,uŋ,³³,,,
24554,忪,tɕjʊŋ³³,tɕj,ʊŋ,³³,klj,o,ŋ
24555,快,kʰʷɑi³¹,kʰʷ,ɑi,³¹,khʷr,a,̠ds
24556,忬,ɕjɤ³³,ɕj,ɤ,³³,,,
24557,忭,bɰiᴇn³¹,bɰ,iᴇn,³¹,br,o,ns
24558,忮,tɕɰiᴇ³¹,tɕɰ,iᴇ,³¹,kj,e,s
24559,忯,jɨ³³,j,ɨ,³³,ɡ,e,
24560,忰,,,,,,,
24561,忱,dʑim³³,dʑ,im,³³,ɡlj,u,m
24562,忲,tʰɑi³¹,tʰ,ɑi,³¹,d,a,̠ds
24563,忳,du̯on³⁵,d,u̯on,³⁵,ɡ‧l,u,̠n
24564,忴,ɡɰiᴇm³³,ɡɰ,iᴇm,³³,,,
24565,念,nem³¹,n,em,³¹,mɡl,ɯ,̠ms
24566,忶,,,,,ɢʷ,ɯ,ns
24567,忷,hjʊŋ³⁵,hj,ʊŋ,³⁵,qh,o,ŋ
24568,忸,ɳjuk³̲³̲,ɳj,uk̲̲,³,m‧l,u,ʔ
24569,忹,,,,,,,
24570,忺,,,,,,,
24571,忻,kɨn³¹,k,ɨn,³¹,qh,ɯ,n
24572,忼,kʰɑŋ³³,kʰ,ɑŋ,³³,qh,a,̠ŋ
24573,忽,hu̯ot³̲³̲,h,u̯ot̲̲,³,m̥h,ɯ,̠d
24574,忾,hɨi³¹,h,ɨi,³¹,,,
24575,忿,pʰjun³⁵,pʰj,un,³⁵,ph,ɯ,ns
24576,怀,ɦʷɰɛi³³,ɦʷɰ,ɛi,³³,,,
24577,态,tʰəi³¹,tʰ,əi,³¹,,,
24578,怂,sjʊŋ³⁵,sj,ʊŋ,³⁵,,,
24579,怃,,,,,,,
24580,怄,,,,,,,
24581,怅,ʈʰjaŋ³¹,ʈʰj,aŋ,³¹,,,
24582,怆,tʂʰjaŋ³¹,tʂʰj,aŋ,³¹,,,
24583,怇,ɡjɤ³⁵,ɡj,ɤ,³⁵,,,
24584,怈,jiᴇi³¹,j,iᴇi,³¹,,,
24585,怉,pɰæu³⁵,pɰæ,u,³⁵,,,
24586,怊,deu³³,d,eu,³³,thj,e,w
24587,怋,hu̯on³³,h,u̯on,³³,m,ɯ,̠n
24588,怌,pʰɰi³³,pʰɰ,i,³³,,,
24589,怍,dʐɰæ³¹,dʐɰæ,,³¹,z,a,̠ɡ
24590,怎,,,,,,,
24591,怏,ʔjaŋ³¹,ʔj,aŋ,³¹,q,a,ŋʔ
24592,怐,ku³¹,k,u,³¹,k,o,̠s
24593,怑,bʷɑn³¹,bʷ,ɑn,³¹,,,
24594,怒,nu̯o³⁵,n,u̯o,³⁵,n,a,̠s
24595,怓,ɳɰæu³³,ɳɰæ,u,³³,rn,u,̠
24596,怔,tɕiᴇŋ³³,tɕ,iᴇŋ,³³,kj,e,ŋ
24597,怕,pʰɰæ³¹,pʰɰæ,,³¹,phr,a,̠ɡs
24598,怖,pʰu̯o³¹,pʰ,u̯o,³¹,ph,a,̠s
24599,怗,dem³³,d,em,³³,kh‧l,e,̠b
24600,怘,ku̯o³¹,k,u̯o,³¹,,,
24601,怙,ɦu̯o³⁵,ɦ,u̯o,³⁵,ɡ,a,̠ʔ
24602,怚,tsjæ³³,tsjæ,,³³,sk,a,s
24603,怛,,,,,t,a,̠d
24604,怜,len³³,l,en,³³,,,
24605,思,səi³³,s,əi,³³,sl,ɯ,
24606,怞,jɨu³³,j,ɨu,³³,ɡ‧l,ɯ,w
24607,怟,tei³¹,t,ei,³¹,,,
24608,怠,jɨ³³,j,ɨ,³³,ɡ‧l,ɯ,̠ʔ
24609,怡,jɨ³³,j,ɨ,³³,ɢl,ɯ,
24610,怢,tʰet³̲³̲,tʰ,et̲̲,³,ɡ‧l,i,ɡ
24611,怣,ɦʲɨu³³,ɦʲ,ɨu,³³,,,
24612,怤,pjʊ³⁵,pj,ʊ,³⁵,ph,o,
24613,急,kɰip³̲³̲,kɰ,ip̲̲,³,kr,ɯ,b
24614,怦,pʰɰæŋ³³,pʰɰæŋ,,³³,phr,e,̠ŋ
24615,性,seŋ³¹,s,eŋ,³¹,sl,e,ŋs
24616,怨,ʔʷjɤn³¹,ʔʷj,ɤn,³¹,q,o,ns
24617,怩,ɳi³³,ɳ,i,³³,n,i,l
24618,怪,kʷɰɛi³¹,kʷɰ,ɛi,³¹,kr,u,̠ds
24619,怫,pʰʷɨi³¹,pʰʷ,ɨi,³¹,b,ɯ,ds
24620,怬,hɨ³¹,h,ɨ,³¹,l̥h,ɯ,s
24621,怭,bit³̲³̲,b,it̲̲,³,bl,i,ɡ
24622,怮,ʔɨu³³,ʔ,ɨu,³³,q,ɯ,̠w
24623,怯,kʰjap³̲³̲,kʰj,ap̲̲,³,kh,a,b
24624,怰,,,,,,,
24625,怱,tsʰuŋ³³,tsʰ,uŋ,³³,skh,o,̠ŋ
24626,怲,pɰjæŋ³⁵,pɰjæŋ,,³⁵,pkr,a,ŋs
24627,怳,hʷiᴇŋ³⁵,hʷ,iᴇŋ,³⁵,m̥h,a,ŋʔ
24628,怴,hʷjɤt³̲³̲,hʷj,ɤt̲̲,³,qhʷr,ɯ,d
24629,怵,ʈʰʷit³̲³̲,ʈʰʷ,it̲̲,³,kh‧l,u,d
24630,怶,pɰiᴇ³¹,pɰ,iᴇ,³¹,,,
24631,怷,,,,,,,
24632,怸,,,,,,,
24633,怹,,,,,,,
24634,怺,,,,,,,
24635,总,tsuŋ³⁵,ts,uŋ,³⁵,,,
24636,怼,,,,,,,
24637,怽,,,,,,,
24638,怾,,,,,,,
24639,怿,,,,,,,
24640,恀,tɕʰiᴇ³⁵,tɕʰ,iᴇ,³⁵,khlj,a,lʔ
24641,恁,ȵim³³,ȵ,im,³³,mblj,u,m
24642,恂,sʷin³³,sʷ,in,³³,sqhʷ,i,n
24643,恃,ɖɨ³⁵,ɖ,ɨ,³⁵,ɡlj,ɯ,ʔ
24644,恄,hit³̲³̲,h,it̲̲,³,,,
24645,恅,lɑu³⁵,l,ɑu,³⁵,r,u,̠ʔ
24646,恆,ɦəŋ³³,ɦ,əŋ,³³,ɡ,ɯ,̠ŋ
24647,恇,kʰʷjaŋ³³,kʰʷj,aŋ,³³,khʷ,a,ŋ
24648,恈,mu³³,m,u,³³,m,ɯ,
24649,恉,tɕi³¹,tɕ,i,³¹,kj,i,ʔ
24650,恊,hjap³̲³̲,hj,ap̲̲,³,ɡl,e,̠b
24651,恋,lʷiᴇn³¹,lʷ,iᴇn,³¹,,,
24652,恌,jiᴇu³³,j,iᴇu,³³,kh‧l,e,̠w
24653,恍,hʷɑŋ³⁵,hʷ,ɑŋ,³⁵,qhʷ,a,̠ŋʔ
24654,恎,tɕit³̲³̲,tɕ,it̲̲,³,,,
24655,恏,,,,,,,
24656,恐,kʰjʊŋ³¹,kʰj,ʊŋ,³¹,kh,o,ŋʔ
24657,恑,ŋʷɰiᴇ³³,ŋʷɰ,iᴇ,³³,kr,o,lʔ
24658,恒,kəŋ³¹,k,əŋ,³¹,ɡ,ɯ,̠ŋ
24659,恓,,,,,sl,ɯ,̠l
24660,恔,ɦɰæu³⁵,ɦɰæ,u,³⁵,k,e,̠wʔ
24661,恕,ɕjɤ³¹,ɕj,ɤ,³¹,n̥j,a,s
24662,恖,sɨ³³,s,ɨ,³³,sl,ɯ,
24663,恗,hu̯o³³,h,u̯o,³³,qh,a,̠
24664,恘,,,,,,,
24665,恙,jaŋ³¹,j,aŋ,³¹,ɢl,a,ŋs
24666,恚,ʔʷiᴇ³¹,ʔʷ,iᴇ,³¹,qʷ,e,s
24667,恛,ɦu̯oi³³,ɦ,u̯oi,³³,ɡ,u,̠l
24668,恜,ʈʰɨk³̲³̲,ʈʰ,ɨk̲̲,³,,,
24669,恝,kɰɛt³̲³̲,kɰ,ɛt̲̲,³,kr,e,̠ds
24670,恞,ji³³,j,i,³³,l,i,
24671,恟,hjʊŋ³³,hj,ʊŋ,³³,,,
24672,恠,kʷɰɛi³¹,kʷɰ,ɛi,³¹,kr,u,̠ds
24673,恡,,,,,r,i,ns
24674,恢,kʰu̯oi³³,kʰ,u̯oi,³³,khʷ,ɯ,̠
24675,恣,tsi³¹,ts,i,³¹,s,i,s
24676,恤,sʷit³̲³̲,sʷ,it̲̲,³,sqhʷ,i,ɡ
24677,恥,ʈʰɨ³⁵,ʈʰ,ɨ,³⁵,m̥‧l,ɯ,ʔ
24678,恦,ɕjaŋ³¹,ɕj,aŋ,³¹,,,
24679,恧,ɳɨk³̲³̲,ɳ,ɨk̲̲,³,n,u,ɡ
24680,恨,ɦən³¹,ɦ,ən,³¹,ɡ,ɯ,̠ns
24681,恩,ʔən³³,ʔ,ən,³³,q,ɯ,̠n
24682,恪,kʰɑk³̲³̲,kʰ,ɑk̲̲,³,khl,a,̠ɡ
24683,恫,tʰuŋ³⁵,tʰ,uŋ,³⁵,th,o,̠ŋ
24684,恬,dem³³,d,em,³³,l,e,̠m
24685,恭,kjʊŋ³³,kj,ʊŋ,³³,kl,o,ŋ
24686,恮,dzʷiᴇn³³,dzʷ,iᴇn,³³,skh,o,n
24687,息,sɨk³̲³̲,s,ɨk̲̲,³,sl,ɯ,ɡ
24688,恰,kʰɰɛp³̲³̲,kʰɰ,ɛp̲̲,³,khr,u,̠b
24689,恱,,,,,,,
24690,恲,pʰɰɛŋ³³,pʰɰ,ɛŋ,³³,phr,e,̠ŋ
24691,恳,kʰən³⁵,kʰ,ən,³⁵,,,
24692,恴,,,,,,,
24693,恵,,,,,,,
24694,恶,ʔɑk³̲³̲,ʔ,ɑk̲̲,³,,,
24695,恷,,,,,,,
24696,恸,,,,,,,
24697,恹,,,,,,,
24698,恺,,,,,,,
24699,恻,tʂʰɨk³̲³̲,tʂʰ,ɨk̲̲,³,,,
24700,恼,nɑu³⁵,n,ɑu,³⁵,,,
24701,恽,,,,,,,
24702,恾,mɑŋ³³,m,ɑŋ,³³,m,a,̠ŋ
24703,恿,tʰuŋ³³,tʰ,uŋ,³³,l,o,ŋʔ
24704,悀,jʊŋ³⁵,j,ʊŋ,³⁵,l,o,ŋʔ
24705,悁,ʔʷiᴇn³³,ʔʷ,iᴇn,³³,qʷ,e,n
24706,悂,pʰi³³,pʰ,i,³³,p,i,̠
24707,悃,kʰu̯on³⁵,kʰ,u̯on,³⁵,kh,u,̠nʔ
24708,悄,tsʰiᴇu³⁵,tsʰ,iᴇu,³⁵,sph,e,wʔ
24709,悅,jʷiᴇt³̲³̲,jʷ,iᴇt̲̲,³,,,
24710,悆,jɤ³¹,j,ɤ,³¹,ɢl,a,s
24711,悇,ʈʰjɤ³¹,ʈʰj,ɤ,³¹,ɢl,a,s
24712,悈,kɨk³̲³̲,k,ɨk̲̲,³,k,ɯ,ɡ
24713,悉,sit³̲³̲,s,it̲̲,³,sl,i,d
24714,悊,ʈiᴇt³̲³̲,ʈ,iᴇt̲̲,³,k‧l,e,d
24715,悋,,,,,,,
24716,悌,dei³¹,d,ei,³¹,ɡ‧l,i,̠lʔ
24717,悍,ɦɑn³⁵,ɦ,ɑn,³⁵,ɡ,a,̠ns
24718,悎,kʰu̯ok³̲³̲,kʰ,u̯ok̲̲,³,,,
24719,悏,kʰep³̲³̲,kʰ,ep̲̲,³,,,
24720,悐,tʰek³̲³̲,tʰ,ek̲̲,³,th,e,̠ɡ
24721,悑,pʰu̯o³¹,pʰ,u̯o,³¹,ph,a,̠s
24722,悒,ʔɰip³̲³̲,ʔɰ,ip̲̲,³,qr,ɯ,b
24723,悓,kʰen³¹,kʰ,en,³¹,,,
24724,悔,hu̯oi³⁵,h,u̯oi,³⁵,qhml,ɯ,̠s
24725,悕,hɨi³³,h,ɨi,³³,qhl,ɯ,l
24726,悖,pu̯oi³⁵,p,u̯oi,³⁵,b,ɯ,̠d
24727,悗,mu̯on³⁵,m,u̯on,³⁵,m,o,̠n
24728,悘,ʔei³¹,ʔ,ei,³¹,,,
24729,悙,pʰɰæŋ³³,pʰɰæŋ,,³³,,,
24730,悚,sjʊŋ³⁵,sj,ʊŋ,³⁵,sl,o,ŋʔ
24731,悛,tsʰʷin³³,tsʰʷ,in,³³,skh,o,n
24732,悜,ʈʰiᴇŋ³⁵,ʈʰ,iᴇŋ,³⁵,,,
24733,悝,lɨ³⁵,l,ɨ,³⁵,m,ə,r
24734,悞,ŋu̯o³¹,ŋ,u̯o,³¹,,,
24735,悟,ŋu̯o³¹,ŋ,u̯o,³¹,ŋ,a,̠s
24736,悠,jɨu³³,j,ɨu,³³,ɢl,ɯ,w
24737,悡,,,,,,,
24738,悢,ljaŋ³¹,lj,aŋ,³¹,r,a,ŋs
24739,患,ɦʷɰæn³¹,ɦʷɰæn,,³¹,ɡr,o,̠ns
24740,悤,tsʰuŋ³³,tsʰ,uŋ,³³,skh,o,̠ŋ
24741,悥,,,,,,,
24742,悦,jʷiᴇt³̲³̲,jʷ,iᴇt̲̲,³,l,o,d
24743,悧,,,,,,,
24744,您,,,,,,,
24745,悩,,,,,,,
24746,悪,,,,,,,
24747,悫,,,,,,,
24748,悬,ɦʷen³³,ɦʷ,en,³³,,,
24749,悭,kʰɰɛn³³,kʰɰ,ɛn,³³,,,
24750,悮,ŋu̯o³¹,ŋ,u̯o,³¹,,,
24751,悯,mɰin³⁵,mɰ,in,³⁵,,,
24752,悰,dzu̯oŋ³³,dz,u̯oŋ,³³,z,u,̠ŋ
24753,悱,pʰʷɨi³⁵,pʰʷ,ɨi,³⁵,ph,ɯ,lʔ
24754,悲,pɰi³³,pɰ,i,³³,pr,ɯ,l
24755,悳,,,,,,,
24756,悴,dzʷi³¹,dzʷ,i,³¹,z,u,ds
24757,悵,ʈʰjaŋ³¹,ʈʰj,aŋ,³¹,kh‧l,a,ŋs
24758,悶,mu̯on³¹,m,u̯on,³¹,m,ɯ,̠ns
24759,悷,lei³¹,l,ei,³¹,r,ɯ,̠ds
24760,悸,ɡʷi³¹,ɡʷ,i,³¹,ɡʷ,i,ds
24761,悹,kʷɑn³³,kʷ,ɑn,³³,k,o,̠ns
24762,悺,kʷɑn³¹,kʷ,ɑn,³¹,,,
24763,悻,ɦɰɛŋ³⁵,ɦɰ,ɛŋ,³⁵,ɡ,e,̠ŋʔ
24764,悼,dɑu³¹,d,ɑu,³¹,ɡ‧l,a,̠wɡs
24765,悽,tsʰei³¹,tsʰ,ei,³¹,sh,i,̠l
24766,悾,kʰuŋ³⁵,kʰ,uŋ,³⁵,kh,o,̠ŋ
24767,悿,tʰem³⁵,tʰ,em,³⁵,,,
24768,惀,,,,,ɡ,ə,r
24769,惁,sek³̲³̲,s,ek̲̲,³,,,
24770,惂,kʰəm³⁵,kʰ,əm,³⁵,khl,o,̠mʔ
24771,惃,ku̯on³³,k,u̯on,³³,k,u,̠n
24772,惄,nek³̲³̲,n,ek̲̲,³,mɡl,ɯ,̠wɡ
24773,情,dziᴇŋ³³,dz,iᴇŋ,³³,z,e,ŋ
24774,惆,ʈʰɨu³¹,ʈʰ,ɨu,³¹,kh‧l,ɯ,w
24775,惇,tu̯on³³,t,u̯on,³³,klj,u,n
24776,惈,kʷɑ³⁵,kʷ,ɑ,³⁵,kl,o,̠lʔ
24777,惉,tɕʰiᴇm³³,tɕʰ,iᴇm,³³,khlj,e,m
24778,惊,ljaŋ³³,lj,aŋ,³³,,,
24779,惋,ʔʷɑn³¹,ʔʷ,ɑn,³¹,q,o,̠ns
24780,惌,ʔʷjɤn³⁵,ʔʷj,ɤn,³⁵,q,o,nʔ
24781,惍,,,,,,,
24782,惎,ɡɨ³¹,ɡ,ɨ,³¹,ɡ,ɯ,s
24783,惏,ləm³³,l,əm,³³,ɡ,ə,r
24784,惐,hʷɨk³̲³̲,hʷ,ɨk̲̲,³,ɢʷr,ɯ,ɡ
24785,惑,ɦʷək³̲³̲,ɦʷ,ək̲̲,³,ɡʷ,ɯ,̠ɡ
24786,惒,,,,,,,
24787,惓,ɡʷɰiᴇn³¹,ɡʷɰ,iᴇn,³¹,ɡr,o,n
24788,惔,ɦʲiᴇm³³,ɦʲ,iᴇm,³³,ɡ‧l,a,̠ms
24789,惕,dɑŋ³¹,d,ɑŋ,³¹,kh‧l,e,̠ɡ
24790,惖,,,,,,,
24791,惗,siᴇn³¹,s,iᴇn,³¹,,,
24792,惘,mʷjaŋ³⁵,mʷj,aŋ,³⁵,m,a,ŋʔ
24793,惙,ʈʰʷiᴇi³¹,ʈʰʷ,iᴇi,³¹,t,o,d
24794,惚,tsʰuŋ³¹,tsʰ,uŋ,³¹,m̥h,ɯ,̠d
24795,惛,hu̯on³¹,h,u̯on,³¹,m̥h,u,̠n
24796,惜,siᴇk³̲³̲,s,iᴇk̲̲,³,sl,a,ɡ
24797,惝,tɕʰjaŋ³⁵,tɕʰj,aŋ,³⁵,khlj,a,ŋʔ
24798,惞,hɨn³³,h,ɨn,³³,,,
24799,惟,jʷi³³,jʷ,i,³³,ɢ,u,l
24800,惠,ɦʷei³¹,ɦʷ,ei,³¹,ɢʷ,i,̠ds
24801,惡,ʔɰæ³¹,ʔɰæ,,³¹,q,a,̠
24802,惢,dzʷiᴇ³⁵,dzʷ,iᴇ,³⁵,sqh,o,̠lʔ
24803,惣,,,,,sk,o,̠ŋʔ
24804,惤,,,,,,,
24805,惥,,,,,,,
24806,惦,,,,,,,
24807,惧,ɡjʊ³¹,ɡj,ʊ,³¹,,,
24808,惨,tsʰəm³⁵,tsʰ,əm,³⁵,,,
24809,惩,ɖɨŋ³³,ɖ,ɨŋ,³³,,,
24810,惪,tək³̲³̲,t,ək̲̲,³,t,ɯ,̠ɡ
24811,惫,,,,,,,
24812,惬,,,,,,,
24813,惭,dzɑm³³,dz,ɑm,³³,,,
24814,惮,,,,,,,
24815,惯,kʷɰæn³¹,kʷɰæn,,³¹,,,
24816,惰,dʷɑ³³,dʷ,ɑ,³³,ɡ‧l,o,̠lʔ
24817,惱,nɑu³⁵,n,ɑu,³⁵,,,
24818,惲,ɡʷɰin³⁵,ɡʷɰ,in,³⁵,q,u,nʔ
24819,想,sjaŋ³⁵,sj,aŋ,³⁵,sl,a,ŋʔ
24820,惴,kʷɰɛ³¹,kʷɰ,ɛ,³¹,klj,o,ls
24821,惵,tʰep³̲³̲,tʰ,ep̲̲,³,ɡ‧l,e,̠b
24822,惶,ɦʲʷjaŋ³³,ɦʲʷj,aŋ,³³,ɡʷ,a,̠ŋ
24823,惷,tɕʰʷin³⁵,tɕʰʷ,in,³⁵,khlj,u,nʔ
24824,惸,sʷin³⁵,sʷ,in,³⁵,ɡʷ,e,ŋ
24825,惹,ȵjæ³³,ȵjæ,,³³,nj,a,ɡ
24826,惺,siᴇŋ³⁵,s,iᴇŋ,³⁵,,,
24827,惻,tʂʰɨk³̲³̲,tʂʰ,ɨk̲̲,³,skhr,ɯ,ɡ
24828,惼,pen³⁵,p,en,³⁵,p,e,̠nʔ
24829,惽,mu̯on³³,m,u̯on,³³,,,
24830,惾,su³¹,s,u,³¹,,,
24831,惿,dʑiᴇ³⁵,dʑ,iᴇ,³⁵,ɡ‧l,e,̠
24832,愀,tsɨu³⁵,ts,ɨu,³⁵,z,ɯ,wʔ
24833,愁,dʐɨu³³,dʐ,ɨu,³³,zr,ɯ,w
24834,愂,pjut³̲³̲,pj,ut̲̲,³,,,
24835,愃,hʷjɤn³⁵,hʷj,ɤn,³⁵,sqh,o,n
24836,愄,ʔu̯oi³³,ʔ,u̯oi,³³,,,
24837,愅,kɰɛk³̲³̲,kɰ,ɛk̲̲,³,khr,ɯ,̠ɡ
24838,愆,kʰɰiᴇn³³,kʰɰ,iᴇn,³³,khr,e,n
24839,愇,ɦʲʷɨi³⁵,ɦʲʷ,ɨi,³⁵,ɢʷ,ɯ,lʔ
24840,愈,jʊ³⁵,j,ʊ,³⁵,l,o,ʔ
24841,愉,jʊ³¹,j,ʊ,³¹,l,o,
24842,愊,bɨk³̲³̲,b,ɨk̲̲,³,phr,ɯ,ɡ
24843,愋,hʷjɤn³³,hʷj,ɤn,³³,qh,o,n
24844,愌,ɦʷɑn³¹,ɦʷ,ɑn,³¹,,,
24845,愍,mʷɰin³¹,mʷɰ,in,³¹,mr,i,nʔ
24846,愎,bɨk³̲³̲,b,ɨk̲̲,³,,,
24847,意,ʔɨ³¹,ʔ,ɨ,³¹,q,ɯ,ɡs
24848,愐,miᴇn³⁵,m,iᴇn,³⁵,m,e,nʔ
24849,愑,jʊŋ³⁵,j,ʊŋ,³⁵,,,
24850,愒,kʰəi³⁵,kʰ,əi,³⁵,khr,a,d
24851,愓,dɑŋ³⁵,d,ɑŋ,³⁵,ɡ‧l,a,̠ŋʔ
24852,愔,ʔim³³,ʔ,im,³³,q,ɯ,m
24853,愕,ŋɑk³̲³̲,ŋ,ɑk̲̲,³,ŋ,a,̠ɡ
24854,愖,ʈim³¹,ʈ,im,³¹,ɡlj,u,m
24855,愗,mu³¹,m,u,³¹,m,o,̠ɡs
24856,愘,kʰɰæ³¹,kʰɰæ,,³¹,,,
24857,愙,kʰɑk³̲³̲,kʰ,ɑk̲̲,³,kh,a,̠ɡ
24858,愚,ŋjʊ³³,ŋj,ʊ,³³,ŋ,o,
24859,愛,ʔəi³¹,ʔ,əi,³¹,q,ɯ,̠ds
24860,愜,kʰep³̲³̲,kʰ,ep̲̲,³,kh,e,̠b
24861,愝,ʔjɤn³⁵,ʔj,ɤn,³⁵,,,
24862,愞,nʷɑ³¹,nʷ,ɑ,³¹,n,o,̠ns
24863,感,kəm³⁵,k,əm,³⁵,k,ɯ,̠mʔ
24864,愠,,,,,,,
24865,愡,tsʰuŋ³³,tsʰ,uŋ,³³,,,
24866,愢,sɨ³⁵,s,ɨ,³⁵,,,
24867,愣,,,,,,,
24868,愤,bjun³⁵,bj,un,³⁵,,,
24869,愥,,,,,,,
24870,愦,,,,,,,
24871,愧,kʷɰi³¹,kʷɰ,i,³¹,kr,u,ls
24872,愨,kʰɰɔk³̲³̲,kʰɰɔk̲̲,,³,khr,o,̠ɡ
24873,愩,huŋ³⁵,h,uŋ,³⁵,,,
24874,愪,ɦʲjun³³,ɦʲj,un,³³,ɢr,u,nʔ
24875,愫,su̯o³¹,s,u̯o,³¹,,,
24876,愬,ʂɰɛk³̲³̲,ʂɰ,ɛk̲̲,³,skl,a,̠ɡs
24877,愭,ɡi³³,ɡ,i,³³,,,
24878,愮,jiᴇu³³,j,iᴇu,³³,l,e,w
24879,愯,sjʊŋ³⁵,sj,ʊŋ,³⁵,sl,o,ŋʔ
24880,愰,ɦʷɑŋ³¹,ɦʷ,ɑŋ,³¹,,,
24881,愱,dzit³̲³̲,dz,it̲̲,³,,,
24882,愲,ku̯ot³̲³̲,k,u̯ot̲̲,³,k,u,̠d
24883,愳,ɡjʊ³¹,ɡj,ʊ,³¹,ɡʷ,a,s
24884,愴,tʂʰjaŋ³⁵,tʂʰj,aŋ,³⁵,shr,a,ŋʔ
24885,愵,nek³̲³̲,n,ek̲̲,³,n,e,̠wɡ
24886,愶,hjap³̲³̲,hj,ap̲̲,³,,,
24887,愷,kʰəi³¹,kʰ,əi,³¹,kh,ɯ,̠lʔ
24888,愸,,,,,,,
24889,愹,jʊŋ³⁵,j,ʊŋ,³⁵,,,
24890,愺,tsʰɑu³⁵,tsʰ,ɑu,³⁵,sh,u,̠ʔ
24891,愻,su̯on³¹,s,u̯on,³¹,skl,u,̠ns
24892,愼,dʑin³³,dʑ,in,³³,,,
24893,愽,,,,,p,a,̠ɡ
24894,愾,hɨt³̲³̲,h,ɨt̲̲,³,kh,ɯ,̠ds
24895,愿,ŋʷjɤn³¹,ŋʷj,ɤn,³¹,ŋɡ,o,ns
24896,慀,ɦɰɛ³³,ɦɰ,ɛ,³³,,,
24897,慁,ɦu̯on³¹,ɦ,u̯on,³¹,ɡ,u,̠ns
24898,慂,jʊŋ³⁵,j,ʊŋ,³⁵,l,o,ŋʔ
24899,慃,ʔɰɔŋ³⁵,ʔɰɔŋ,,³⁵,qr,o,̠ŋʔ
24900,慄,lit³̲³̲,l,it̲̲,³,b,ə,r
24901,慅,seu³³,s,eu,³³,sl,u,̠
24902,慆,tʰɑu³³,tʰ,ɑu,³³,l̥,u,̠
24903,慇,ʔɨn³³,ʔ,ɨn,³³,q,ɯ,n
24904,慈,dzɨ³³,dz,ɨ,³³,z,ɯ,
24905,慉,ʈʰjuk³̲³̲,ʈʰj,uk̲̲,³,qh,u,ɡ
24906,慊,kʰep³̲³̲,kʰ,ep̲̲,³,kh,e,̠b
24907,態,tʰəi³¹,tʰ,əi,³¹,n̥,ɯ,̠s
24908,慌,hʷɑŋ³³,hʷ,ɑŋ,³³,m̥h,a,̠ŋ
24909,慍,,,,,q,u,ns
24910,慎,dʑin³¹,dʑ,in,³¹,ɡj,i,ns
24911,慏,miᴇŋ³⁵,m,iᴇŋ,³⁵,,,
24912,慐,,,,,,,
24913,慑,,,,,,,
24914,慒,tsɑu³³,ts,ɑu,³³,sɢ,u,
24915,慓,pʰiᴇu³³,pʰ,iᴇu,³³,ph,e,w
24916,慔,mɑk³̲³̲,m,ɑk̲̲,³,m,a,̠ɡs
24917,慕,mu̯o³¹,m,u̯o,³¹,m,a,̠ɡs
24918,慖,kʷɰɛk³̲³̲,kʷɰ,ɛk̲̲,³,kʷ,ɯ,̠ɡs
24919,慗,ʈʰɨk³̲³̲,ʈʰ,ɨk̲̲,³,th,ɯ,ɡ
24920,慘,tsʰəm³⁵,tsʰ,əm,³⁵,sh,u,̠mʔ
24921,慙,dzɑm³³,dz,ɑm,³³,z,a,̠m
24922,慚,dzəm³⁵,dz,əm,³⁵,z,a,̠m
24923,慛,dzu̯oi³³,dz,u̯oi,³³,,,
24924,慜,mɰin³⁵,mɰ,in,³⁵,mr,ɯ,ŋʔ
24925,慝,ɳɨk³̲³̲,ɳ,ɨk̲̲,³,n̥,ɯ,̠ɡ
24926,慞,tɕjaŋ³³,tɕj,aŋ,³³,,,
24927,慟,duŋ³¹,d,uŋ,³¹,d,o,̠ŋs
24928,慠,ŋɑu³¹,ŋ,ɑu,³¹,ŋɡ,a,̠ws
24929,慡,ʂjaŋ³⁵,ʂj,aŋ,³⁵,,,
24930,慢,men³¹,m,en,³¹,mr,o,̠ns
24931,慣,kʷɰæn³¹,kʷɰæn,,³¹,,,
24932,慤,,,,,khr,o,̠ɡ
24933,慥,tsʰɑu³¹,tsʰ,ɑu,³¹,skh,u,̠ɡs
24934,慦,kɨu³¹,k,ɨu,³¹,,,
24935,慧,ɦʷei³¹,ɦʷ,ei,³¹,ɢʷ,e,̠ds
24936,慨,kʰəi³¹,kʰ,əi,³¹,kh,ɯ,̠ds
24937,慩,,,,,,,
24938,慪,ʔu³³,ʔ,u,³³,,,
24939,慫,sjʊŋ³⁵,sj,ʊŋ,³⁵,sl,o,ŋʔ
24940,慬,kɨn³⁵,k,ɨn,³⁵,ɡl,ɯ,n
24941,慭,,,,,,,
24942,慮,ljɤ³¹,lj,ɤ,³¹,ɡ,ə,r
24943,慯,ɕjaŋ³¹,ɕj,aŋ,³¹,l̥,a,ŋ
24944,慰,ʔʷɨi³¹,ʔʷ,ɨi,³¹,q,u,ds
24945,慱,dzʷiᴇn³⁵,dzʷ,iᴇn,³⁵,d,o,̠n
24946,慲,mʷɑn³³,mʷ,ɑn,³³,m,a,̠n
24947,慳,ɦɰɛn³³,ɦɰ,ɛn,³³,,,
24948,慴,ʑiᴇp³̲³̲,ʑ,iᴇp̲̲,³,ɡ‧l,ɯ,̠b
24949,慵,dʑjʊŋ³³,dʑj,ʊŋ,³³,ɡlj,o,ŋ
24950,慶,kʰɰjæŋ³¹,kʰɰjæŋ,,³¹,khr,a,ŋs
24951,慷,kʰɑŋ³³,kʰ,ɑŋ,³³,khl,a,̠ŋʔ
24952,慸,dei³¹,d,ei,³¹,rth,a,̠ds
24953,慹,tɕiᴇp³̲³̲,tɕ,iᴇp̲̲,³,mɡl,i,̠b
24954,慺,ljʊ³³,lj,ʊ,³³,ɡ,ə,r
24955,慻,,,,,,,
24956,慼,tsʰek³̲³̲,tsʰ,ek̲̲,³,skh,ɯ,̠wɡ
24957,慽,tsʰek³̲³̲,tsʰ,ek̲̲,³,skh,ɯ,̠wɡ
24958,慾,jʊk³̲³̲,j,ʊk̲̲,³,ɢl,o,ɡ
24959,慿,,,,,,,
24960,憀,lɨu³³,l,ɨu,³³,ɡ,ə,r
24961,憁,,,,,,,
24962,憂,ʔɨu³³,ʔ,ɨu,³³,ql,u,
24963,憃,ʈʰjʊŋ³¹,ʈʰj,ʊŋ,³¹,kh‧r,o,̠ŋ
24964,憄,ʈi³¹,ʈ,i,³¹,,,
24965,憅,,,,,,,
24966,憆,ʈʰɰæŋ³³,ʈʰɰæŋ,,³³,,,
24967,憇,,,,,,,
24968,憈,kʰjɤ³³,kʰj,ɤ,³³,,,
24969,憉,bɰæŋ³³,bɰæŋ,,³³,,,
24970,憊,bɰɛi³¹,bɰ,ɛi,³¹,br,ɯ,̠ɡs
24971,憋,piᴇt³̲³̲,p,iᴇt̲̲,³,p,e,d
24972,憌,ɡʷiᴇŋ³³,ɡʷ,iᴇŋ,³³,ɡʷ,e,ŋ
24973,憍,kɰiᴇu³³,kɰ,iᴇu,³³,kr,e,w
24974,憎,tsəŋ³³,ts,əŋ,³³,s,ɯ,̠ŋ
24975,憏,ʈʰiᴇi³¹,ʈʰ,iᴇi,³¹,,,
24976,憐,len³³,l,en,³³,r,i,̠n
24977,憑,bɨŋ³⁵,b,ɨŋ,³⁵,br,ɯ,ŋ
24978,憒,ku̯oi³¹,k,u̯oi,³¹,k,u,̠ls
24979,憓,ɦʷei³¹,ɦʷ,ei,³¹,ɢʷ,i,̠ds
24980,憔,dziᴇu³³,dz,iᴇu,³³,sɡ,e,w
24981,憕,ɖɨŋ³¹,ɖ,ɨŋ,³¹,d,ɯ,ŋ
24982,憖,ŋɨn³¹,ŋ,ɨn,³¹,ŋɡr,ɯ,ns
24983,憗,,,,,,,
24984,憘,hɨ³³,h,ɨ,³³,qh,ɯ,ʔ
24985,憙,hɨ³¹,h,ɨ,³¹,qh,ɯ,ʔ
24986,憚,dɑn³¹,d,ɑn,³¹,d,a,̠ns
24987,憛,ʔiᴇm³³,ʔ,iᴇm,³³,kh‧l,u,̠ms
24988,憜,dʷɑ³⁵,dʷ,ɑ,³⁵,ɡ‧l,o,̠lʔ
24989,憝,du̯oi³³,d,u̯oi,³³,ɡ‧l,u,̠ls
24990,憞,tʰu̯on³³,tʰ,u̯on,³³,ɡ‧l,u,̠ls
24991,憟,sjʊk³̲³̲,sj,ʊk̲̲,³,,,
24992,憠,ɡʷjɤt³̲³̲,ɡʷj,ɤt̲̲,³,ɡ,o,d
24993,憡,tʂʰɰɛk³̲³̲,tʂʰɰ,ɛk̲̲,³,shr,e,̠ɡ
24994,憢,heu³³,h,eu,³³,qh,e,̠w
24995,憣,,,,,ph,a,n
24996,憤,bjun³⁵,bj,un,³⁵,b,ɯ,nʔ
24997,憥,lɑu³³,l,ɑu,³³,,,
24998,憦,lɑu³¹,l,ɑu,³¹,,,
24999,憧,duŋ³³,d,uŋ,³³,thj,o,ŋ
25000,憨,hɑm³³,h,ɑm,³³,,,
25001,憩,kʰʷɰiᴇt³̲³̲,kʰʷɰ,iᴇt̲̲,³,khr,a,ds
25002,憪,ɦɰæn³⁵,ɦɰæn,,³⁵,ɡr,e,̠n
25003,憫,mɰin³⁵,mɰ,in,³⁵,mr,ɯ,nʔ
25004,憬,kʷɰjæŋ³⁵,kʷɰjæŋ,,³⁵,kʷr,a,ŋʔ
25005,憭,liᴇu³⁵,l,iᴇu,³⁵,ɡ,ə,r
25006,憮,hjʊ³⁵,hj,ʊ,³⁵,m,a,ʔ
25007,憯,tsʰem³⁵,tsʰ,em,³⁵,skh,ɯ,̠mʔ
25008,憰,kʷet³̲³̲,kʷ,et̲̲,³,kʷ,i,̠d
25009,憱,,,,,s,u,ɡ
25010,憲,hen³⁵,h,en,³⁵,qh,a,ns
25011,憳,tʰəm³⁵,tʰ,əm,³⁵,,,
25012,憴,ʑɨŋ³³,ʑ,ɨŋ,³³,,,
25013,憵,pʰek³̲³̲,pʰ,ek̲̲,³,ph,e,̠ɡ
25014,憶,ʔɨk³̲³̲,ʔ,ɨk̲̲,³,q,ɯ,ɡ
25015,憷,tʂʰjɤ³¹,tʂʰj,ɤ,³¹,,,
25016,憸,hɰiᴇm³⁵,hɰ,iᴇm,³⁵,qhr,o,mʔ
25017,憹,ɳɰɔŋ³³,ɳɰɔŋ,,³³,,,
25018,憺,dɑm³¹,d,ɑm,³¹,ɡ‧l,a,̠mʔ
25019,憻,,,,,,,
25020,憼,kjaŋ³⁵,kj,aŋ,³⁵,kr,e,ŋʔ
25021,憽,suŋ³³,s,uŋ,³³,,,
25022,憾,ɦəm³⁵,ɦ,əm,³⁵,ɡ,o,̠ms
25023,憿,keu³³,k,eu,³³,kl,e,̠w
25024,懀,ʔʷɑi³¹,ʔʷ,ɑi,³¹,,,
25025,懁,kʷen³¹,kʷ,en,³¹,kʷ,e,̠ns
25026,懂,tuŋ³⁵,t,uŋ,³⁵,,,
25027,懃,ɡɨn³³,ɡ,ɨn,³³,ɡl,ɯ,n
25028,懄,ɡɨn³³,ɡ,ɨn,³³,ɡl,ɯ,n
25029,懅,ɡjɤ³¹,ɡj,ɤ,³¹,,,
25030,懆,sɑu³³,s,ɑu,³³,sh,a,̠wʔ
25031,懇,kʰən³⁵,kʰ,ən,³⁵,kh,ɯ,̠nʔ
25032,懈,kɰɛ³¹,kɰ,ɛ,³¹,kr,e,̠s
25033,應,ʔɨŋ³³,ʔ,ɨŋ,³³,qr,ɯ,ŋ
25034,懊,ʔɑu³³,ʔ,ɑu,³³,q,u,ɡ
25035,懋,mu³¹,m,u,³¹,m,u,̠s
25036,懌,ɖɰæk³̲³̲,ɖɰæk̲̲,,³,ɢl,a,ɡ
25037,懍,lim³⁵,l,im,³⁵,b,ə,r
25038,懎,ʂɨk³̲³̲,ʂ,ɨk̲̲,³,,,
25039,懏,tsʷin³¹,tsʷ,in,³¹,,,
25040,懐,,,,,,,
25041,懑,,,,,,,
25042,懒,lɑn³⁵,l,ɑn,³⁵,,,
25043,懓,,,,,,,
25044,懔,ləm³⁵,l,əm,³⁵,,,
25045,懕,ʔiᴇm³³,ʔ,iᴇm,³³,q,e,m
25046,懖,kʷɑt³̲³̲,kʷ,ɑt̲̲,³,k,o,̠d
25047,懗,,,,,,,
25048,懘,ʈʰiᴇi³¹,ʈʰ,iᴇi,³¹,thj,a,lʔ
25049,懙,jɤ³³,j,ɤ,³³,ɢl,a,
25050,懚,ʔɨn³¹,ʔ,ɨn,³¹,,,
25051,懛,təi³³,t,əi,³³,,,
25052,懜,muŋ³⁵,m,uŋ,³⁵,m,ɯ,̠ŋ
25053,懝,ŋɨk³̲³̲,ŋ,ɨk̲̲,³,,,
25054,懞,muŋ³³,m,uŋ,³³,m,o,̠ŋ
25055,懟,ɖʷi³¹,ɖʷ,i,³¹,d,u,bs
25056,懠,dziᴇ³¹,dz,iᴇ,³¹,z,i,̠ls
25057,懡,mʷɑ³⁵,mʷ,ɑ,³⁵,,,
25058,懢,lɑm³¹,l,ɑm,³¹,,,
25059,懣,mʷɑn³⁵,mʷ,ɑn,³⁵,m,a,̠nʔ
25060,懤,ɖɨu³³,ɖ,ɨu,³³,ɡ‧l,u,s
25061,懥,tɕi³¹,tɕ,i,³¹,tj,i,ɡs
25062,懦,ȵjʊ³³,ȵj,ʊ,³³,nj,o,
25063,懧,,,,,,,
25064,懨,,,,,,,
25065,懩,jaŋ³⁵,j,aŋ,³⁵,,,
25066,懪,bɰɔk³̲³̲,bɰɔk̲̲,,³,br,o,̠wɡ
25067,懫,ʈʰi³¹,ʈʰ,i,³¹,t,i,ds
25068,懬,kʰʷɑŋ³¹,kʰʷ,ɑŋ,³¹,khʷ,a,̠ŋʔ
25069,懭,kʰʷɑŋ³⁵,kʰʷ,ɑŋ,³⁵,khʷ,a,̠ŋʔ
25070,懮,ʔɨu³³,ʔ,ɨu,³³,ql,u,ʔ
25071,懯,pʰjʊ³³,pʰj,ʊ,³³,ph,a,
25072,懰,lɨu³³,l,ɨu,³³,b,ə,r
25073,懱,met³̲³̲,m,et̲̲,³,m,e,̠d
25074,懲,ɖɨŋ³³,ɖ,ɨŋ,³³,d,ɯ,ŋ
25075,懳,,,,,,,
25076,懴,,,,,,,
25077,懵,məŋ³³,m,əŋ,³³,m,ɯ,̠ŋs
25078,懶,lɑi³¹,l,ɑi,³¹,,,
25079,懷,pʰɰi³³,pʰɰ,i,³³,ɡr,u,̠l
25080,懸,ɦʷen³³,ɦʷ,en,³³,ɡʷ,e,̠n
25081,懹,ȵjaŋ³³,ȵj,aŋ,³³,mlj,a,ŋs
25082,懺,tsiᴇm³³,ts,iᴇm,³³,,,
25083,懻,ki³¹,k,i,³¹,kpr,ɯ,ls
25084,懼,kjʊ³¹,kj,ʊ,³¹,ɡʷ,a,s
25085,懽,hʷɑn³³,hʷ,ɑn,³³,qh,o,̠n
25086,懾,tɕiᴇp³̲³̲,tɕ,iᴇp̲̲,³,klj,e,b
25087,懿,ʔɨ³³,ʔ,ɨ,³³,qr,i,ɡs
25088,戀,lʷiᴇn³¹,lʷ,iᴇn,³¹,ɡ,ə,r
25089,戁,ɳɰæn³⁵,ɳɰæn,,³⁵,mɡlj,a,nʔ
25090,戂,mɰiᴇ³³,mɰ,iᴇ,³³,,,
25091,戃,tʰɑŋ³⁵,tʰ,ɑŋ,³⁵,kh‧l,a,̠ŋʔ
25092,戄,ɡʷjak³̲³̲,ɡʷj,ak̲̲,³,ɡʷ,a,ɡ
25093,戅,,,,,,,
25094,戆,,,,,,,
25095,戇,həm³¹,h,əm,³¹,qh,o,̠ms
25096,戈,kʷɑ³³,kʷ,ɑ,³³,k,o,̠l
25097,戉,ɦʲʷjɤt³̲³̲,ɦʲʷj,ɤt̲̲,³,ɢʷ,a,d
25098,戊,mu³⁵,m,u,³⁵,m,u,̠s
25099,戋,,,,,,,
25100,戌,sʷit³̲³̲,sʷ,it̲̲,³,sm,i,ɡ
25101,戍,ɕjʊ³¹,ɕj,ʊ,³¹,l̥,o,s
25102,戎,ȵjuŋ³³,ȵj,uŋ,³³,nj,u,ŋ
25103,戏,hɰiᴇ³¹,hɰ,iᴇ,³¹,,,
25104,成,dʑiᴇŋ³³,dʑ,iᴇŋ,³³,ɡj,e,ŋ
25105,我,ŋɑ³⁵,ŋ,ɑ,³⁵,ŋ,a,̠lʔ
25106,戒,kɰɛi³¹,kɰ,ɛi,³¹,kr,ɯ,̠ɡs
25107,戓,,,,,,,
25108,戔,tsen³³,ts,en,³³,z,a,̠n
25109,戕,dzjaŋ³³,dzj,aŋ,³³,sɡ,a,ŋ
25110,或,ɦʷək³̲³̲,ɦʷ,ək̲̲,³,ɡʷ,ɯ,̠ɡ
25111,戗,,,,,,,
25112,战,tɕiᴇn³¹,tɕ,iᴇn,³¹,,,
25113,戙,duŋ³³,d,uŋ,³³,,,
25114,戚,tsjuk³̲³̲,tsj,uk̲̲,³,skh,ɯ,̠wɡ
25115,戛,kʰɰɛt³̲³̲,kʰɰ,ɛt̲̲,³,kr,i,̠ɡ
25116,戜,det³̲³̲,d,et̲̲,³,ɡ‧l,i,̠ɡ
25117,戝,,,,,,,
25118,戞,,,,,,,
25119,戟,kɰjæk³̲³̲,kɰjæk̲̲,,³,kr,a,ɡ
25120,戠,tɕɨk³̲³̲,tɕ,ɨk̲̲,³,klj,ɯ,ɡ
25121,戡,kʰəm³³,kʰ,əm,³³,k‧l,u,mʔ
25122,戢,tʂip³̲³̲,tʂ,ip̲̲,³,skr,i,b
25123,戣,ɡʷɰi³³,ɡʷɰ,i,³³,ɡʷr,i,l
25124,戤,,,,,,,
25125,戥,,,,,,,
25126,戦,,,,,,,
25127,戧,tʂʰjaŋ³³,tʂʰj,aŋ,³³,,,
25128,戨,,,,,,,
25129,戩,tsiᴇn³⁵,ts,iᴇn,³⁵,,,
25130,截,dzet³̲³̲,dz,et̲̲,³,z,e,̠d
25131,戫,ʔjuk³̲³̲,ʔj,uk̲̲,³,qʷ,ɯ,ɡ
25132,戬,tsiᴇn³⁵,ts,iᴇn,³⁵,s,e,nʔ
25133,戭,jiᴇn³⁵,j,iᴇn,³⁵,l,i,nʔ
25134,戮,leu³³,l,eu,³³,ɡ,ə,r
25135,戯,,,,,,,
25136,戰,tɕiᴇn³¹,tɕ,iᴇn,³¹,tj,a,ns
25137,戱,,,,,,,
25138,戲,hu̯o³³,h,u̯o,³³,qhr,a,ls
25139,戳,,,,,kh‧r,e,̠wɡ
25140,戴,təi³¹,t,əi,³¹,k‧l,ɯ,̠ɡs
25141,戵,ɡjʊ³³,ɡj,ʊ,³³,,,
25142,戶,ɦu̯o³⁵,ɦ,u̯o,³⁵,,,
25143,户,ɦu̯o³⁵,ɦ,u̯o,³⁵,ɡʷ,a,̠ʔ
25144,戸,ɦu̯o³⁵,ɦ,u̯o,³⁵,,,
25145,戹,ʔɰɛk³̲³̲,ʔɰ,ɛk̲̲,³,qr,e,̠ɡ
25146,戺,jɨ³³,j,ɨ,³³,sɡr,ɯ,ʔ
25147,戻,dɑi³¹,d,ɑi,³¹,th,e,̠ds
25148,戼,tseu³³,ts,eu,³³,,,
25149,戽,hu̯o³¹,h,u̯o,³¹,qhʷ,a,̠s
25150,戾,dei³¹,d,ei,³¹,r,ɯ,̠ds
25151,房,bʷjaŋ³³,bʷj,aŋ,³³,b,a,̠ŋ
25152,所,ʂjɤ³⁵,ʂj,ɤ,³⁵,sqr,a,ʔ
25153,扁,ben³³,b,en,³³,ph,e,n
25154,扂,dem³¹,d,em,³¹,,,
25155,扃,kʷeŋ³³,kʷ,eŋ,³³,kʷ,e,̠ŋ
25156,扄,,,,,kʷ,e,̠ŋ
25157,扅,jiᴇ³³,j,iᴇ,³³,ɢl,a,l
25158,扆,ʔɨi³⁵,ʔ,ɨi,³⁵,q,ɯ,lʔ
25159,扇,ɕiᴇn³¹,ɕ,iᴇn,³¹,l̥,e,ns
25160,扈,ɦu̯o³⁵,ɦ,u̯o,³⁵,ɡʷ,a,̠ʔ
25161,扉,pʷɨi³³,pʷ,ɨi,³³,p,ɯ,l
25162,扊,jiᴇm³⁵,j,iᴇm,³⁵,ɢl,a,mʔ
25163,手,ɕɨu³⁵,ɕ,ɨu,³⁵,m̥hlj,ɯ,wʔ
25164,扌,kʷɰɛk³̲³̲,kʷɰ,ɛk̲̲,³,,,
25165,才,tsəi³¹,ts,əi,³¹,z,ɯ,̠
25166,扎,tʂɰɛt³̲³̲,tʂɰ,ɛt̲̲,³,sqr,i,̠ɡ
25167,扏,ɡɨu³³,ɡ,ɨu,³³,,,
25168,扐,lɨk³̲³̲,l,ɨk̲̲,³,r,ɯ,̠ɡ
25169,扑,pʰuk³̲³̲,pʰ,uk̲̲,³,ph,o,̠ɡ
25170,扒,pɰɛt³̲³̲,pɰ,ɛt̲̲,³,pr,e,̠d
25171,打,tɰæŋ³⁵,tɰæŋ,,³⁵,t,e,ŋʔ
25172,扔,ȵɨŋ³¹,ȵ,ɨŋ,³¹,nj,ɯ,ŋ
25173,払,,,,,,,
25174,扖,,,,,,,
25175,扗,,,,,,,
25176,托,tʰɑk³̲³̲,tʰ,ɑk̲̲,³,kh‧l,a,̠ɡ
25177,扙,ɖjaŋ³⁵,ɖj,aŋ,³⁵,,,
25178,扚,lek³̲³̲,l,ek̲̲,³,p‧l,e,̠wʔ
25179,扛,kɑŋ³³,k,ɑŋ,³³,kr,o,̠ŋ
25180,扜,ʔjʊ³³,ʔj,ʊ,³³,qʷ,a,
25181,扝,ʔu̯o³³,ʔ,u̯o,³³,khʷ,a,̠
25182,扞,kɑn³⁵,k,ɑn,³⁵,ɡ,a,̠ns
25183,扟,ʂɪn³³,ʂ,ɪn,³³,sr,i,n
25184,扠,tʂʰɰɛ³³,tʂʰɰ,ɛ,³³,kh‧r,a,̠l
25185,扡,ʈʰiᴇ³⁵,ʈʰ,iᴇ,³⁵,l,a,lʔ
25186,扢,ɡɨt³̲³̲,ɡ,ɨt̲̲,³,k,ɯ,d
25187,扣,kʰu³⁵,kʰ,u,³⁵,kh,o,̠ʔ
25188,扤,ŋʷjɤt³̲³̲,ŋʷj,ɤt̲̲,³,ŋ,o,d
25189,扥,,,,,,,
25190,扦,,,,,,,
25191,执,tɕip³̲³̲,tɕ,ip̲̲,³,,,
25192,扨,,,,,,,
25193,扩,kʰʷɑk³̲³̲,kʰʷ,ɑk̲̲,³,,,
25194,扪,,,,,,,
25195,扫,sɑu³⁵,s,ɑu,³⁵,,,
25196,扬,jaŋ³³,j,aŋ,³³,,,
25197,扭,ʈɨu³⁵,ʈ,ɨu,³⁵,,,
25198,扮,hɰɛ³⁵,hɰ,ɛ,³⁵,pr,ɯ,̠ns
25199,扯,,,,,,,
25200,扰,ȵiᴇu³⁵,ȵ,iᴇu,³⁵,,,
25201,扱,hɰip³̲³̲,hɰ,ip̲̲,³,skhr,ɯ,̠b
25202,扲,ɡɰiᴇm³³,ɡɰ,iᴇm,³³,ɡr,a,m
25203,扳,pɰæn³³,pɰæn,,³³,phr,a,̠n
25204,扴,kɰɛt³̲³̲,kɰ,ɛt̲̲,³,kr,e,̠d
25205,扵,ʔjɤ³³,ʔj,ɤ,³³,,,
25206,扶,bjʊ³³,bj,ʊ,³³,b,a,
25207,扷,ʔɑu³¹,ʔ,ɑu,³¹,,,
25208,扸,,,,,sl,e,̠ɡ
25209,批,pʰei³³,pʰ,ei,³³,ph,i,̠
25210,扺,tɕiᴇ³⁵,tɕ,iᴇ,³⁵,kj,e,ʔ
25211,扻,tʂɨ³¹,tʂ,ɨ,³¹,,,
25212,扼,nʷɑ³⁵,nʷ,ɑ,³⁵,qr,e,̠ɡ
25213,扽,,,,,,,
25214,找,ɦʷɰæ³³,ɦʷɰæ,,³³,,,
25215,承,dʑɨŋ³³,dʑ,ɨŋ,³³,ɡj,ɯ,ŋ
25216,技,ɡɰiᴇ³⁵,ɡɰ,iᴇ,³⁵,ɡr,e,ʔ
25217,抁,jʷiᴇn³¹,jʷ,iᴇn,³¹,,,
25218,抂,ɡʷjaŋ³³,ɡʷj,aŋ,³³,,,
25219,抃,bɰiᴇn³¹,bɰ,iᴇn,³¹,br,o,ns
25220,抄,sɑ³³,s,ɑ,³³,sphr,e,̠w
25221,抅,,,,,,,
25222,抆,mjun³¹,mj,un,³¹,m,ɯ,ns
25223,抇,ɦu̯ot³̲³̲,ɦ,u̯ot̲̲,³,ɡ,u,̠d
25224,抈,ŋʷjɤt³̲³̲,ŋʷj,ɤt̲̲,³,ŋ,o,d
25225,抉,ʔʷiᴇt³̲³̲,ʔʷ,iᴇt̲̲,³,kʷ,e,̠d
25226,把,pɰæ³¹,pɰæ,,³¹,pr,a,̠ʔ
25227,抋,tsʰim³¹,tsʰ,im,³¹,,,
25228,抌,jɨu³³,j,ɨu,³³,ɢl,o,ʔ
25229,抍,dʑɨŋ³¹,dʑ,ɨŋ,³¹,qhlj,ɯ,ŋ
25230,抎,ɦʲjun³⁵,ɦʲj,un,³⁵,ɢʷ,ɯ,nʔ
25231,抏,ŋʷɑn³¹,ŋʷ,ɑn,³¹,ŋɡ,o,̠n
25232,抐,ɳip³̲³̲,ɳ,ip̲̲,³,,,
25233,抑,ʔɨk³̲³̲,ʔ,ɨk̲̲,³,q,ɯ,ɡ
25234,抒,ʑjɤ³⁵,ʑj,ɤ,³⁵,ɢlj,a,ʔ
25235,抓,tʂɰæu³¹,tʂɰæ,u,³¹,sr,u,̠ʔ
25236,抔,bu³³,b,u,³³,b,ɯ,
25237,投,du³¹,d,u,³¹,d,o,̠
25238,抖,tu³⁵,t,u,³⁵,t,o,̠ʔ
25239,抗,kɑŋ³³,k,ɑŋ,³³,ɡ,a,̠ŋ
25240,折,tɕiᴇi³¹,tɕ,iᴇi,³¹,ɢlj,e,d
25241,抙,,,,,,,
25242,抚,pʰjʊ³⁵,pʰj,ʊ,³⁵,,,
25243,抛,pʰɰæu³¹,pʰɰæ,u,³¹,phr,e,̠w
25244,抜,,,,,,,
25245,抝,,,,,,,
25246,択,,,,,,,
25247,抟,ɖʷiᴇn³⁵,ɖʷ,iᴇn,³⁵,,,
25248,抠,kʰu³³,kʰ,u,³³,,,
25249,抡,,,,,,,
25250,抢,tsʰjaŋ³⁵,tsʰj,aŋ,³⁵,,,
25251,抣,,,,,,,
25252,护,ɦu̯o³¹,ɦ,u̯o,³¹,,,
25253,报,pɑu³¹,p,ɑu,³¹,,,
25254,抦,pɰjæŋ³⁵,pɰjæŋ,,³⁵,,,
25255,抧,tɕiᴇ³⁵,tɕ,iᴇ,³⁵,kj,e,ʔ
25256,抨,bɰjæŋ³³,bɰjæŋ,,³³,phr,e,̠ŋ
25257,抩,tʰəm³³,tʰ,əm,³³,n,o,̠m
25258,抪,pu̯o³¹,p,u̯o,³¹,p,a,̠s
25259,披,pʰɰiᴇ³³,pʰɰ,iᴇ,³³,phr,a,lʔ
25260,抬,ʈʰɨ³³,ʈʰ,ɨ,³³,,,
25261,抭,jiᴇu³⁵,j,iᴇu,³⁵,l,ɯ,wʔ
25262,抮,den³⁵,d,en,³⁵,qhl,ɯ,̠nʔ
25263,抯,zjæ³⁵,zjæ,,³⁵,sɢ,a,̠ʔ
25264,抰,ʔjaŋ³⁵,ʔj,aŋ,³⁵,q,a,ŋʔ
25265,抱,bɑu³⁵,b,ɑu,³⁵,b,u,̠ʔ
25266,抲,ɦɑ³⁵,ɦ,ɑ,³⁵,qh,a,̠l
25267,抳,ɳi³³,ɳ,i,³³,n,i,lʔ
25268,抴,jiᴇi³¹,j,iᴇi,³¹,ɢl,e,d
25269,抵,ɖɰɛi³³,ɖɰ,ɛi,³³,t,i,̠lʔ
25270,抶,ʈʰit³̲³̲,ʈʰ,it̲̲,³,kh‧l,i,ɡ
25271,抷,pʰɰi³³,pʰɰ,i,³³,,,
25272,抸,tsəp³̲³̲,ts,əp̲̲,³,,,
25273,抹,mʷɑt³̲³̲,mʷ,ɑt̲̲,³,m,a,̠d
25274,抺,mɑi³¹,m,ɑi,³¹,,,
25275,抻,ɕin³¹,ɕ,in,³¹,,,
25276,押,ʔɰɛp³̲³̲,ʔɰ,ɛp̲̲,³,kr,a,̠b
25277,抽,ʈʰɨu³³,ʈʰ,ɨu,³³,kh‧l,ɯ,w
25278,抾,kʰjap³̲³̲,kʰj,ap̲̲,³,kh,a,b
25279,抿,mɰin³³,mɰ,in,³³,mr,ɯ,n
25280,拀,,,,,,,
25281,拁,,,,,,,
25282,拂,pʰjut³̲³̲,pʰj,ut̲̲,³,ph,ɯ,d
25283,拃,tʂɰæn³⁵,tʂɰæn,,³⁵,,,
25284,拄,ʈjʊ³⁵,ʈj,ʊ,³⁵,t,o,ʔ
25285,担,tɑn³⁵,t,ɑn,³⁵,t,a,̠nʔ
25286,拆,tɕʰiᴇk³̲³̲,tɕʰ,iᴇk̲̲,³,kh‧r,a,̠ɡ
25287,拇,mu³⁵,m,u,³⁵,m,ɯ,ʔ
25288,拈,tɕjam³⁵,tɕj,am,³⁵,mɡl,e,̠m
25289,拉,ləp³̲³̲,l,əp̲̲,³,r,u,̠b
25290,拊,pu³⁵,p,u,³⁵,ph,o,ʔ
25291,拋,pʰɰæu³¹,pʰɰæ,u,³¹,,,
25292,拌,pʰʷɑn³¹,pʰʷ,ɑn,³¹,b,a,̠nʔ
25293,拍,mɰæk³̲³̲,mɰæk̲̲,,³,phr,a,̠ɡ
25294,拎,leŋ³³,l,eŋ,³³,,,
25295,拏,ɳɰæ³³,ɳɰæ,,³³,rn,a,̠
25296,拐,ɦʷɰɛ³⁵,ɦʷɰ,ɛ,³⁵,,,
25297,拑,ɡɰiᴇm³³,ɡɰ,iᴇm,³³,ɡr,a,m
25298,拒,kjɤ³⁵,kj,ɤ,³⁵,ɡ,a,ʔ
25299,拓,tʰɑk³̲³̲,tʰ,ɑk̲̲,³,kh‧l,a,̠ɡ
25300,拔,bʷɑt³̲³̲,bʷ,ɑt̲̲,³,b,o,d
25301,拕,dɑ³⁵,d,ɑ,³⁵,l̥,a,̠l
25302,拖,dɑ³⁵,d,ɑ,³⁵,l̥,a,̠ls
25303,拗,ʔju³⁵,ʔj,u,³⁵,qr,ɯ,̠wʔ
25304,拘,kjʊ³³,kj,ʊ,³³,k,o,
25305,拙,tɕʷiᴇt³̲³̲,tɕʷ,iᴇt̲̲,³,klj,o,d
25306,拚,bɰiᴇn³¹,bɰ,iᴇn,³¹,ph,o,̠n
25307,招,dʑiᴇu³³,dʑ,iᴇu,³³,tj,e,w
25308,拜,pɰɛi³¹,pɰ,ɛi,³¹,pr,o,̠ds
25309,拝,,,,,,,
25310,拞,,,,,,,
25311,拟,ŋɨ³⁵,ŋ,ɨ,³⁵,,,
25312,拠,,,,,,,
25313,拡,,,,,,,
25314,拢,luŋ³⁵,l,uŋ,³⁵,,,
25315,拣,kɰɛn³⁵,kɰ,ɛn,³⁵,,,
25316,拤,,,,,,,
25317,拥,ʔjʊŋ³⁵,ʔj,ʊŋ,³⁵,,,
25318,拦,lɑn³³,l,ɑn,³³,,,
25319,拧,,,,,,,
25320,拨,pʷɑt³̲³̲,pʷ,ɑt̲̲,³,,,
25321,择,ɖɰæk³̲³̲,ɖɰæk̲̲,,³,,,
25322,拪,jiᴇ³³,j,iᴇ,³³,,,
25323,拫,ɦən³³,ɦ,ən,³³,ɡ,ɯ,̠n
25324,括,kʰʷɑt³̲³̲,kʰʷ,ɑt̲̲,³,k,o,̠d
25325,拭,ɕɨk³̲³̲,ɕ,ɨk̲̲,³,l̥,ɯ,ɡ
25326,拮,kɰɛt³̲³̲,kɰ,ɛt̲̲,³,k,i,d
25327,拯,dʑɨŋ³⁵,dʑ,ɨŋ,³⁵,kj,ɯ,ŋʔ
25328,拰,ɳɰim³⁵,ɳɰ,im,³⁵,,,
25329,拱,kjʊŋ³⁵,kj,ʊŋ,³⁵,kl,o,ŋʔ
25330,拲,kjʊŋ³⁵,kj,ʊŋ,³⁵,kl,o,ɡ
25331,拳,kʰʷɰiᴇn³³,kʰʷɰ,iᴇn,³³,ɡr,o,n
25332,拴,tsʰʷiᴇn³³,tsʰʷ,iᴇn,³³,,,
25333,拵,,,,,,,
25334,拶,tsɑt³̲³̲,ts,ɑt̲̲,³,,,
25335,拷,kʰɑu³⁵,kʰ,ɑu,³⁵,,,
25336,拸,jiᴇ³³,j,iᴇ,³³,ɢl,a,l
25337,拹,hjap³̲³̲,hj,ap̲̲,³,qhl,a,b
25338,拺,ʂjɤ³¹,ʂj,ɤ,³¹,,,
25339,拻,hu̯oi³³,h,u̯oi,³³,,,
25340,拼,piᴇŋ³¹,p,iᴇŋ,³¹,pr,e,̠ŋ
25341,拽,dʑiᴇi³¹,dʑ,iᴇi,³¹,l,e,d
25342,拾,ɡɰiᴇp³̲³̲,ɡɰ,iᴇp̲̲,³,ɡj,u,b
25343,拿,,,,,,,
25344,挀,pɰɛk³̲³̲,pɰ,ɛk̲̲,³,,,
25345,持,ɖɨ³³,ɖ,ɨ,³³,ɡ‧l,ɯ,
25346,挂,kʷɰɛ³¹,kʷɰ,ɛ,³¹,kʷr,e,̠s
25347,挃,det³̲³̲,d,et̲̲,³,k‧l,i,ɡ
25348,挄,,,,,,,
25349,挅,tʷɑ³⁵,tʷ,ɑ,³⁵,,,
25350,挆,tʷɑ³⁵,tʷ,ɑ,³⁵,,,
25351,指,tɕi³⁵,tɕ,i,³⁵,kj,i,ʔ
25352,挈,tɕʰiᴇi³¹,tɕʰ,iᴇi,³¹,kh,e,̠d
25353,按,ʔɑn³¹,ʔ,ɑn,³¹,q,a,̠ns
25354,挊,,,,,,,
25355,挋,kɨn³¹,k,ɨn,³¹,kj,i,ŋs
25356,挌,lɑk³̲³̲,l,ɑk̲̲,³,kr,a,̠ɡ
25357,挍,kɰæu³¹,kɰæ,u,³¹,kr,e,̠ws
25358,挎,kʰu̯o³³,kʰ,u̯o,³³,khʷ,a,̠
25359,挏,duŋ³³,d,uŋ,³³,d,o,̠ŋʔ
25360,挐,ɳjɤ³³,ɳj,ɤ,³³,rn,a,̠
25361,挑,tʰeu³³,tʰ,eu,³³,ɡ‧l,e,̠wʔ
25362,挒,liᴇt³̲³̲,l,iᴇt̲̲,³,,,
25363,挓,ʈɰæ³³,ʈɰæ,,³³,,,
25364,挔,,,,,,,
25365,挕,,,,,qhlj,e,b
25366,挖,,,,,,,
25367,挗,,,,,,,
25368,挘,,,,,,,
25369,挙,,,,,,,
25370,挚,,,,,,,
25371,挛,,,,,,,
25372,挜,,,,,,,
25373,挝,,,,,,,
25374,挞,tʰɑt³̲³̲,tʰ,ɑt̲̲,³,,,
25375,挟,kep³̲³̲,k,ep̲̲,³,,,
25376,挠,ɳɰæu³³,ɳɰæ,u,³³,,,
25377,挡,,,,,,,
25378,挢,,,,,,,
25379,挣,,,,,,,
25380,挤,tsei³⁵,ts,ei,³⁵,,,
25381,挥,hʷɨi³³,hʷ,ɨi,³³,,,
25382,挦,,,,,,,
25383,挧,,,,,,,
25384,挨,ŋɰɛ³³,ŋɰ,ɛ,³³,qr,ɯ,̠ʔ
25385,挩,tʰʷɑt³̲³̲,tʰʷ,ɑt̲̲,³,,,
25386,挪,nɑ³³,n,ɑ,³³,,,
25387,挫,dzʷɑ³¹,dzʷ,ɑ,³¹,s,o,̠ls
25388,挬,bu̯ot³̲³̲,b,u̯ot̲̲,³,b,ɯ,̠d
25389,挭,kɰæŋ³⁵,kɰæŋ,,³⁵,,,
25390,挮,tʰei³¹,tʰ,ei,³¹,,,
25391,振,tɕin³³,tɕ,in,³³,plj,ɯ,n
25392,挰,ɖiᴇŋ³³,ɖ,iᴇŋ,³³,ɡ‧r,e,̠ŋ
25393,挱,ʂɰæ³³,ʂɰæ,,³³,,,
25394,挲,sɑ³³,s,ɑ,³³,,,
25395,挳,kʰɰɛŋ³³,kʰɰ,ɛŋ,³³,,,
25396,挴,mu̯oi³⁵,m,u̯oi,³⁵,m,ɯ,̠ʔ
25397,挵,,,,,,,
25398,挶,,,,,k,o,ɡ
25399,挷,,,,,,,
25400,挸,ken³⁵,k,en,³⁵,,,
25401,挹,ʔip³̲³̲,ʔ,ip̲̲,³,q,ɯ,b
25402,挺,tʰeŋ³⁵,tʰ,eŋ,³⁵,ɡ‧l,e,̠ŋʔ
25403,挻,ʈʰiᴇn³³,ʈʰ,iᴇn,³³,l̥,a,n
25404,挼,su̯oi³³,s,u̯oi,³³,n,o,̠l
25405,挽,mɰiᴇn³⁵,mɰ,iᴇn,³⁵,m,o,nʔ
25406,挾,kep³̲³̲,k,ep̲̲,³,ɡ,e,̠b
25407,挿,,,,,,,
25408,捀,bjʊŋ³¹,bj,ʊŋ,³¹,b,o,ŋs
25409,捁,kɰæu³⁵,kɰæ,u,³⁵,,,
25410,捂,ŋu̯o³¹,ŋ,u̯o,³¹,ŋ,a,̠s
25411,捃,kjun³¹,kj,un,³¹,kl,u,ns
25412,捄,ɡju³³,ɡj,u,³³,k,o,
25413,捅,suŋ³⁵,s,uŋ,³⁵,kh‧l,o,̠ŋʔ
25414,捆,kʰu̯on³⁵,kʰ,u̯on,³⁵,kh,u,̠nʔ
25415,捇,hʷɰɛk³̲³̲,hʷɰ,ɛk̲̲,³,qhʷr,e,̠ɡ
25416,捈,ɖɰæ³³,ɖɰæ,,³³,ɡ‧l,a,̠
25417,捉,tʂɰɔk³̲³̲,tʂɰɔk̲̲,,³,sr,o,̠ɡ
25418,捊,pʰu³³,pʰ,u,³³,b,u,
25419,捋,lʷɑt³̲³̲,lʷ,ɑt̲̲,³,r,o,̠d
25420,捌,pʷɰiᴇt³̲³̲,pʷɰ,iᴇt̲̲,³,pr,e,̠d
25421,捍,ɦɰæn³⁵,ɦɰæn,,³⁵,ɡr,a,̠nʔ
25422,捎,siᴇu³³,s,iᴇu,³³,spr,e,̠w
25423,捏,net³̲³̲,n,et̲̲,³,,,
25424,捐,jʷiᴇn³³,jʷ,iᴇn,³³,ɢʷ,e,n
25425,捑,ʑɨk³̲³̲,ʑ,ɨk̲̲,³,,,
25426,捒,ʂjɤ³¹,ʂj,ɤ,³¹,,,
25427,捓,jæ³³,jæ,,³³,,,
25428,捔,dʐɰɔk³̲³̲,dʐɰɔk̲̲,,³,sɡr,o,̠ɡ
25429,捕,bu̯o³¹,b,u̯o,³¹,b,a,̠s
25430,捖,ɦʷɑn³⁵,ɦʷ,ɑn,³⁵,ɡ,o,̠n
25431,捗,ʈɨk³̲³̲,ʈ,ɨk̲̲,³,,,
25432,捘,tsu̯oi³⁵,ts,u̯oi,³⁵,skh,u,n
25433,捙,,,,,,,
25434,捚,,,,,,,
25435,捛,,,,,,,
25436,捜,,,,,,,
25437,捝,tʰʷɑt³̲³̲,tʰʷ,ɑt̲̲,³,ɡ‧l,o,̠d
25438,捞,lɑu³³,l,ɑu,³³,,,
25439,损,su̯on³⁵,s,u̯on,³⁵,,,
25440,捠,,,,,pr,a,̠ŋ
25441,捡,,,,,,,
25442,换,ɦʷɑn³¹,ɦʷ,ɑn,³¹,ɡ,o,̠ns
25443,捣,,,,,,,
25444,捤,,,,,,,
25445,捥,ʔʷɑn³⁵,ʔʷ,ɑn,³⁵,q,o,̠ns
25446,捦,ɡɰim³³,ɡɰ,im,³³,ɡr,ɯ,m
25447,捧,bjʊŋ³⁵,bj,ʊŋ,³⁵,ph,o,ŋʔ
25448,捨,ɕjæ³⁵,ɕjæ,,³⁵,qhlj,a,̠ʔ
25449,捩,let³̲³̲,l,et̲̲,³,,,
25450,捪,,,,,mr,u,nʔ
25451,捫,mu̯on³³,m,u̯on,³³,m,ɯ,̠n
25452,捬,pjʊ³¹,pj,ʊ,³¹,ph,o,ʔ
25453,捭,pʰei³⁵,pʰ,ei,³⁵,pr,e,̠ʔ
25454,据,kjɤ³³,kj,ɤ,³³,k,a,
25455,捯,tɑu³⁵,t,ɑu,³⁵,,,
25456,捰,ʔʷɑ³⁵,ʔʷ,ɑ,³⁵,,,
25457,捱,ŋɰɛ³³,ŋɰ,ɛ,³³,,,
25458,捲,kʷɰiᴇn³¹,kʷɰ,iᴇn,³¹,ɡr,o,n
25459,捳,ŋɰɔk³̲³̲,ŋɰɔk̲̲,,³,,,
25460,捴,,,,,sk,o,̠ŋʔ
25461,捵,,,,,,,
25462,捶,dʑʷɰiᴇ³⁵,dʑʷɰ,iᴇ,³⁵,tj,o,lʔ
25463,捷,dziᴇp³̲³̲,dz,iᴇp̲̲,³,z,e,b
25464,捸,tʰu̯ot³̲³̲,tʰ,u̯ot̲̲,³,,,
25465,捹,bən³¹,b,ən,³¹,,,
25466,捺,nɑt³̲³̲,n,ɑt̲̲,³,,,
25467,捻,net³̲³̲,n,et̲̲,³,,,
25468,捼,nu̯oi³³,n,u̯oi,³³,mɡlj,u,l
25469,捽,dzʷit³̲³̲,dzʷ,it̲̲,³,z,u,d
25470,捾,ʔɰæn³⁵,ʔɰæn,,³⁵,q,o,̠d
25471,捿,,,,,sl,i,̠l
25472,掀,hɨn³³,h,ɨn,³³,qh,a,n
25473,掁,ɖɰæŋ³³,ɖɰæŋ,,³³,ɡ‧r,a,̠ŋ
25474,掂,,,,,,,
25475,掃,sɑu³⁵,s,ɑu,³⁵,sl,u,̠ʔ
25476,掄,lʷin³³,lʷ,in,³³,ɡ,ə,r
25477,掅,tsʰeŋ³¹,tsʰ,eŋ,³¹,,,
25478,掆,kɑŋ³³,k,ɑŋ,³³,,,
25479,掇,ʈʷiᴇt³̲³̲,ʈʷ,iᴇt̲̲,³,t,o,d
25480,授,dʑɨu³⁵,dʑ,ɨu,³⁵,dj,u,s
25481,掉,deu³⁵,d,eu,³⁵,mɡr,e,̠wɡ
25482,掊,bu³³,b,u,³³,p,ɯ,ʔ
25483,掋,tei³⁵,t,ei,³⁵,,,
25484,掌,tɕjaŋ³⁵,tɕj,aŋ,³⁵,klj,a,ŋʔ
25485,掍,ku̯on³⁵,k,u̯on,³⁵,ɡ,u,̠nʔ
25486,掎,kɰiᴇ³³,kɰ,iᴇ,³³,khr,a,ls
25487,掏,dɑu³³,d,ɑu,³³,ph‧l,u,̠
25488,掐,kʰɰɛp³̲³̲,kʰɰ,ɛp̲̲,³,khr,o,̠b
25489,掑,ɡɨ³³,ɡ,ɨ,³³,,,
25490,排,bɰɛi³³,bɰ,ɛi,³³,br,ɯ,̠l
25491,掓,ɕjuk³̲³̲,ɕj,uk̲̲,³,qhj,ɯ,wɡ
25492,掔,kʰɰɛn³³,kʰɰ,ɛn,³³,khr,i,̠n
25493,掕,ləŋ³³,l,əŋ,³³,b,ə,r
25494,掖,jiᴇk³̲³̲,j,iᴇk̲̲,³,l,a,ɡ
25495,掗,ʔɑ³⁵,ʔ,ɑ,³⁵,,,
25496,掘,ɡʷjɤt³̲³̲,ɡʷj,ɤt̲̲,³,ɡl,u,d
25497,掙,tʂʰɰɛŋ³³,tʂʰɰ,ɛŋ,³³,,,
25498,掚,ljaŋ³⁵,lj,aŋ,³⁵,,,
25499,掛,kʷei³³,kʷ,ei,³³,kʷr,e,̠s
25500,掜,ɳɰɛ³³,ɳɰ,ɛ,³³,mɡr,e,̠
25501,掝,hʷɰɛk³̲³̲,hʷɰ,ɛk̲̲,³,qhʷr,ɯ,̠ɡ
25502,掞,ɕiᴇm³¹,ɕ,iᴇm,³¹,qhlj,a,ms
25503,掟,deŋ³¹,d,eŋ,³¹,,,
25504,掠,ljak³̲³̲,lj,ak̲̲,³,ɡ,ə,r
25505,採,tsʰəi³⁵,tsʰ,əi,³⁵,sh,ɯ,̠ʔ
25506,探,dʑiᴇm³³,dʑ,iᴇm,³³,kh‧l,u,̠ms
25507,掣,dʑiᴇi³¹,dʑ,iᴇi,³¹,khj,e,ds
25508,掤,pɨŋ³³,p,ɨŋ,³³,pr,ɯ,ŋ
25509,接,ʂɰɛp³̲³̲,ʂɰ,ɛp̲̲,³,s,e,b
25510,掦,,,,,,,
25511,控,kʰuŋ³³,kʰ,uŋ,³³,kh,o,̠ŋs
25512,推,tɕʰʷi³³,tɕʰʷ,i,³³,kh‧l,u,̠l
25513,掩,ʔɰiᴇm³¹,ʔɰ,iᴇm,³¹,qr,o,mʔ
25514,措,tʂɰæk³̲³̲,tʂɰæk̲̲,,³,sh,a,̠ɡs
25515,掫,tʂɨu³⁵,tʂ,ɨu,³⁵,sk,o,̠
25516,掬,kjuk³̲³̲,kj,uk̲̲,³,kl,u,ɡ
25517,掭,,,,,,,
25518,掮,,,,,,,
25519,掯,,,,,,,
25520,掰,,,,,,,
25521,掱,,,,,,,
25522,掲,,,,,,,
25523,掳,,,,,,,
25524,掴,,,,,,,
25525,掵,,,,,,,
25526,掶,,,,,,,
25527,掷,ɖiᴇk³̲³̲,ɖ,iᴇk̲̲,³,,,
25528,掸,,,,,,,
25529,掹,,,,,,,
25530,掺,,,,,,,
25531,掻,,,,,,,
25532,掼,kʷɰæn³¹,kʷɰæn,,³¹,,,
25533,掽,,,,,,,
25534,掾,jʷiᴇn³¹,jʷ,iᴇn,³¹,ɢl,o,ns
25535,掿,,,,,,,
25536,揀,kɰɛn³⁵,kɰ,ɛn,³⁵,kr,e,̠nʔ
25537,揁,kʰɰæŋ³⁵,kʰɰæŋ,,³⁵,,,
25538,揂,jɨu³³,j,ɨu,³³,sk,u,
25539,揃,tsʰiᴇm³³,tsʰ,iᴇm,³³,s,e,nʔ
25540,揄,jʊ³³,j,ʊ,³³,l,o,
25541,揅,ŋen³³,ŋ,en,³³,ŋɡ,e,̠n
25542,揆,ɡʷi³⁵,ɡʷ,i,³⁵,ɡʷ,i,lʔ
25543,揇,nəm³⁵,n,əm,³⁵,,,
25544,揈,ɦʷɰɛŋ³³,ɦʷɰ,ɛŋ,³³,,,
25545,揉,ȵɨu³³,ȵ,ɨu,³³,mlj,u,
25546,揊,pʰɨk³̲³̲,pʰ,ɨk̲̲,³,phr,ɯ,ɡ
25547,揋,ʔu̯oi³³,ʔ,u̯oi,³³,,,
25548,揌,səi³³,s,əi,³³,,,
25549,揍,tsʰu³¹,tsʰ,u,³¹,sh,o,̠s
25550,揎,sʷiᴇn³³,sʷ,iᴇn,³³,,,
25551,描,mɰiᴇu³³,mɰ,iᴇu,³³,,,
25552,提,dei³¹,d,ei,³¹,ɡ‧l,e,̠
25553,揑,,,,,,,
25554,插,tʂɰɛp³̲³̲,tʂɰ,ɛp̲̲,³,skhr,e,̠b
25555,揓,ɕiᴇ³¹,ɕ,iᴇ,³¹,,,
25556,揔,suŋ³³,s,uŋ,³³,sk,o,̠ŋʔ
25557,揕,ʈim³³,ʈ,im,³³,k‧l,u,ms
25558,揖,dzip³̲³̲,dz,ip̲̲,³,q,i,b
25559,揗,zʷin³¹,zʷ,in,³¹,ɢlj,u,ns
25560,揘,ɦʲʷɰjæŋ³³,ɦʲʷɰjæŋ,,³³,,,
25561,揙,piᴇn³⁵,p,iᴇn,³⁵,p,e,n
25562,揚,jaŋ³³,j,aŋ,³³,l,a,ŋ
25563,換,ɦʷɑn³¹,ɦʷ,ɑn,³¹,ɡ,o,̠ns
25564,揜,ʔɑm³⁵,ʔ,ɑm,³⁵,q,a,̠mʔ
25565,揝,tsəm³⁵,ts,əm,³⁵,,,
25566,揞,ʔəm³¹,ʔ,əm,³¹,qr,ɯ,̠ms
25567,揟,tsjɤ³³,tsj,ɤ,³³,sŋ,a,
25568,揠,ʔɰɛt³̲³̲,ʔɰ,ɛt̲̲,³,qr,a,̠d
25569,握,ʔuk³̲³̲,ʔ,uk̲̲,³,qr,o,̠ɡ
25570,揢,kʰɰæ³³,kʰɰæ,,³³,,,
25571,揣,ʑʷiᴇn³¹,ʑʷ,iᴇn,³¹,k‧l,o,̠lʔ
25572,揤,tʂɪt³̲³̲,tʂ,ɪt̲̲,³,z,i,ɡ
25573,揥,tʰek³̲³̲,tʰ,ek̲̲,³,k‧l,e,̠
25574,揦,lɑt³̲³̲,l,ɑt̲̲,³,,,
25575,揧,lɑt³̲³̲,l,ɑt̲̲,³,,,
25576,揨,ɖɰɛŋ³³,ɖɰ,ɛŋ,³³,rd,e,̠ŋ
25577,揩,kʰɰɛi³¹,kʰɰ,ɛi,³¹,khr,i,̠l
25578,揪,,,,,,,
25579,揫,dzɨu³³,dz,ɨu,³³,s,ɯ,w
25580,揬,du̯ot³̲³̲,d,u̯ot̲̲,³,,,
25581,揭,kʰʷɰiᴇt³̲³̲,kʰʷɰ,iᴇt̲̲,³,k,a,d
25582,揮,hʷɨi³³,hʷ,ɨi,³³,qh,u,l
25583,揯,kəŋ³¹,k,əŋ,³¹,k,ɯ,̠ŋs
25584,揰,tjʊŋ³⁵,tj,ʊŋ,³⁵,,,
25585,揱,ʂɰæu³¹,ʂɰæ,u,³¹,spr,e,̠wɡs
25586,揲,ɕiᴇt³̲³̲,ɕ,iᴇt̲̲,³,ɡ‧l,e,̠b
25587,揳,siᴇt³̲³̲,s,iᴇt̲̲,³,skl,e,̠d
25588,援,ɦʲʷiᴇn³¹,ɦʲʷ,iᴇn,³¹,ɢr,o,n
25589,揵,ɡɰiᴇn³³,ɡɰ,iᴇn,³³,k,a,nʔ
25590,揶,,,,,ɢ,a,
25591,揷,,,,,,,
25592,揸,,,,,,,
25593,揹,,,,,,,
25594,揺,,,,,,,
25595,揻,,,,,,,
25596,揼,,,,,,,
25597,揽,lɑm³⁵,l,ɑm,³⁵,,,
25598,揾,ʔɨn³⁵,ʔ,ɨn,³⁵,,,
25599,揿,,,,,,,
25600,搀,tʂʰɰæm³³,tʂʰɰæm,,³³,,,
25601,搁,,,,,,,
25602,搂,lu³³,l,u,³³,,,
25603,搃,,,,,,,
25604,搄,kəŋ³³,k,əŋ,³³,k,ɯ,̠ŋs
25605,搅,kɰæu³⁵,kɰæ,u,³⁵,,,
25606,搆,ku³¹,k,u,³¹,k,o,̠s
25607,搇,kʰɰim³¹,kʰɰ,im,³¹,khr,ɯ,ms
25608,搈,jʊŋ³⁵,j,ʊŋ,³⁵,ɢl,o,ŋ
25609,搉,hʷɑk³̲³̲,hʷ,ɑk̲̲,³,khr,o,̠wɡ
25610,搊,tʂʰɨu³³,tʂʰ,ɨu,³³,sr,u,ʔ
25611,搋,jiᴇ³³,j,iᴇ,³³,kh‧r,e,̠
25612,搌,ʈiᴇn³⁵,ʈ,iᴇn,³⁵,,,
25613,損,su̯on³⁵,s,u̯on,³⁵,sqh,u,̠nʔ
25614,搎,su̯on³³,s,u̯on,³³,,,
25615,搏,pʰɑk³̲³̲,pʰ,ɑk̲̲,³,p,a,̠ɡ
25616,搐,ʈʰjuk³̲³̲,ʈʰj,uk̲̲,³,kh‧l,u,ɡ
25617,搑,ȵjʊŋ³⁵,ȵj,ʊŋ,³⁵,nj,o,ŋʔ
25618,搒,pɑŋ³³,p,ɑŋ,³³,br,a,̠ŋ
25619,搓,dʐɰæ³³,dʐɰæ,,³³,,,
25620,搔,sɑu³¹,s,ɑu,³¹,sl,u,̠
25621,搕,ʔɑp³̲³̲,ʔ,ɑp̲̲,³,,,
25622,搖,jiᴇu³¹,j,iᴇu,³¹,,,
25623,搗,,,,,t,u,̠wʔ
25624,搘,,,,,kj,e,
25625,搙,nu̯ok³̲³̲,n,u̯ok̲̲,³,rn,o,̠ɡ
25626,搚,ləp³̲³̲,l,əp̲̲,³,ɡ,ə,r
25627,搛,kem³³,k,em,³³,,,
25628,搜,ʂɨu³³,ʂ,ɨu,³³,sr,u,
25629,搝,kʰɨu³⁵,kʰ,ɨu,³⁵,,,
25630,搞,kʰɰæu³³,kʰɰæ,u,³³,,,
25631,搟,hjɤn³⁵,hj,ɤn,³⁵,qh,a,nʔ
25632,搠,ʂɰɔk³̲³̲,ʂɰɔk̲̲,,³,,,
25633,搡,sɑŋ³¹,s,ɑŋ,³¹,,,
25634,搢,,,,,s,i,ns
25635,搣,miᴇt³̲³̲,m,iᴇt̲̲,³,m,e,d
25636,搤,ʔɰɛ³¹,ʔɰ,ɛ,³¹,qr,e,̠ɡs
25637,搥,tu̯oi³³,t,u̯oi,³³,t,u,̠l
25638,搦,ɳɰɔk³̲³̲,ɳɰɔk̲̲,,³,rn,a,̠ɡ
25639,搧,ɕiᴇn³¹,ɕ,iᴇn,³¹,,,
25640,搨,tɑp³̲³̲,t,ɑp̲̲,³,,,
25641,搩,ɡʷɰiᴇt³̲³̲,ɡʷɰ,iᴇt̲̲,³,,,
25642,搪,tʰɑŋ³³,tʰ,ɑŋ,³³,ɡ‧l,a,̠ŋ
25643,搫,bʷɑ³³,bʷ,ɑ,³³,b,a,̠l
25644,搬,,,,,,,
25645,搭,tʰɑp³̲³̲,tʰ,ɑp̲̲,³,,,
25646,搮,lit³̲³̲,l,it̲̲,³,,,
25647,搯,tʰɑu³³,tʰ,ɑu,³³,l̥,u,̠
25648,搰,ɦu̯ot³̲³̲,ɦ,u̯ot̲̲,³,ɡ,u,̠d
25649,搱,ɖi³¹,ɖ,i,³¹,,,
25650,搲,ʔʷɰæ³³,ʔʷɰæ,,³³,,,
25651,搳,ɦɰæt³̲³̲,ɦɰæt̲̲,,³,ɡr,a,̠d
25652,搴,kɰiᴇn³³,kɰ,iᴇn,³³,khr,a,n
25653,搵,ʔjun³⁵,ʔj,un,³⁵,q,u,̠ns
25654,搶,tsʰjaŋ³³,tsʰj,aŋ,³³,sh,a,ŋ
25655,搷,ʈʰin³³,ʈʰ,in,³³,ɡ‧l,i,̠n
25656,搸,tsin³³,ts,in,³³,,,
25657,搹,ʔɰɛk³̲³̲,ʔɰ,ɛk̲̲,³,kr,e,̠ɡ
25658,携,ɦʷei³³,ɦʷ,ei,³³,ɢʷ,e,̠
25659,搻,,,,,,,
25660,搼,,,,,,,
25661,搽,,,,,,,
25662,搾,,,,,,,
25663,搿,,,,,,,
25664,摀,,,,,,,
25665,摁,,,,,,,
25666,摂,,,,,,,
25667,摃,,,,,,,
25668,摄,ɕiᴇp³̲³̲,ɕ,iᴇp̲̲,³,,,
25669,摅,,,,,,,
25670,摆,pɰɛ³⁵,pɰ,ɛ,³⁵,,,
25671,摇,jiᴇu³³,j,iᴇu,³³,l,e,ws
25672,摈,,,,,,,
25673,摉,,,,,,,
25674,摊,tʰɑn³³,tʰ,ɑn,³³,,,
25675,摋,ʂɰɛt³̲³̲,ʂɰ,ɛt̲̲,³,sl,a,̠d
25676,摌,ʂɰɛn³⁵,ʂɰ,ɛn,³⁵,,,
25677,摍,ʂjuk³̲³̲,ʂj,uk̲̲,³,sr,u,ɡ
25678,摎,lɨu³³,l,ɨu,³³,kr,ɯ,̠w
25679,摏,ɕjʊŋ³³,ɕj,ʊŋ,³³,qhlj,o,ŋ
25680,摐,tsʰjʊŋ³³,tsʰj,ʊŋ,³³,shr,o,̠ŋ
25681,摑,kʷɰɛk³̲³̲,kʷɰ,ɛk̲̲,³,kʷr,ɯ,̠ɡ
25682,摒,piᴇŋ³¹,p,iᴇŋ,³¹,,,
25683,摓,bjʊŋ³³,bj,ʊŋ,³³,b,o,ŋs
25684,摔,,,,,,,
25685,摕,dei³¹,d,ei,³¹,d,e,̠d
25686,摖,tsʰei³¹,tsʰ,ei,³¹,skh,e,̠ds
25687,摗,su³³,s,u,³³,,,
25688,摘,ʈɰɛk³̲³̲,ʈɰ,ɛk̲̲,³,k‧r,e,̠ɡ
25689,摙,liᴇn³⁵,l,iᴇn,³⁵,,,
25690,摚,ɖɰæŋ³³,ɖɰæŋ,,³³,,,
25691,摛,ʈʰiᴇ³³,ʈʰ,iᴇ,³³,ph‧r,e,l
25692,摜,kʷɰæn³¹,kʷɰæn,,³¹,kr,o,̠ns
25693,摝,luk³̲³̲,l,uk̲̲,³,b,ə,r
25694,摞,lʷɑ³¹,lʷ,ɑ,³¹,,,
25695,摟,lu³³,l,u,³³,ɡ,ə,r
25696,摠,tsuŋ³⁵,ts,uŋ,³⁵,sk,o,̠ŋʔ
25697,摡,kəi³¹,k,əi,³¹,qh,ɯ,ds
25698,摢,ɦu̯o³¹,ɦ,u̯o,³¹,,,
25699,摣,ɳɰæ³³,ɳɰæ,,³³,skr,a,̠
25700,摤,tsʰjaŋ³⁵,tsʰj,aŋ,³⁵,,,
25701,摥,tʰɑŋ³¹,tʰ,ɑŋ,³¹,,,
25702,摦,ɦʷɰæ³³,ɦʷɰæ,,³³,ɡʷr,a,̠s
25703,摧,tsʷi³³,tsʷ,i,³³,sɡ,u,̠l
25704,摨,ɳɰɛi³³,ɳɰ,ɛi,³³,,,
25705,摩,mʷɑ³¹,mʷ,ɑ,³¹,m,a,̠ls
25706,摪,tsʰjaŋ³¹,tsʰj,aŋ,³¹,,,
25707,摫,kʷiᴇ³³,kʷ,iᴇ,³³,kʷ,e,l
25708,摬,ɡjaŋ³⁵,ɡj,aŋ,³⁵,qr,a,ŋʔ
25709,摭,ɕiᴇk³̲³̲,ɕ,iᴇk̲̲,³,klj,a,ɡ
25710,摮,ŋɰæu³³,ŋɰæ,u,³³,ŋɡ,a,̠w
25711,摯,tɕi³¹,tɕ,i,³¹,klj,i,bs
25712,摰,,,,,ŋ,e,̠d
25713,摱,mɰæn³¹,mɰæn,,³¹,,,
25714,摲,dziᴇm³⁵,dz,iᴇm,³⁵,shr,a,̠ms
25715,摳,ʔu³⁵,ʔ,u,³⁵,kh,o,
25716,摴,ʈʰɨ³³,ʈʰ,ɨ,³³,,,
25717,摵,ʂjuk³̲³̲,ʂj,uk̲̲,³,sqr,ɯ,wɡ
25718,摶,ɖʷiᴇn³⁵,ɖʷ,iᴇn,³⁵,d,o,nʔ
25719,摷,tsiᴇu³⁵,ts,iᴇu,³⁵,skr,a,̠w
25720,摸,mu̯o³³,m,u̯o,³³,m,a,̠ɡ
25721,摹,mu̯o³³,m,u̯o,³³,m,a,̠
25722,摺,tɕiᴇp³̲³̲,tɕ,iᴇp̲̲,³,klj,o,b
25723,摻,ʂim³³,ʂ,im,³³,sr,u,̠m
25724,摼,kʰɰæŋ³⁵,kʰɰæŋ,,³⁵,khr,i,̠ŋ
25725,摽,pʰek³̲³̲,pʰ,ek̲̲,³,ph,e,w
25726,摾,ɡjaŋ³¹,ɡj,aŋ,³¹,,,
25727,摿,,,,,qr,ɯ,m
25728,撀,,,,,,,
25729,撁,,,,,,,
25730,撂,,,,,,,
25731,撃,,,,,,,
25732,撄,,,,,,,
25733,撅,kʷjɤt³̲³̲,kʷj,ɤt̲̲,³,ɡ,o,d
25734,撆,pʰet³̲³̲,pʰ,et̲̲,³,ph,e,̠d
25735,撇,pet³̲³̲,p,et̲̲,³,ph,e,̠d
25736,撈,leu³³,l,eu,³³,ɡ,ə,r
25737,撉,tu̯on³³,t,u̯on,³³,,,
25738,撊,ɦɰæn³⁵,ɦɰæn,,³⁵,ɡr,e,̠nʔ
25739,撋,nʷɑ³³,nʷ,ɑ,³³,,,
25740,撌,,,,,kh,u,ds
25741,撍,tʂim³³,tʂ,im,³³,,,
25742,撎,ʔɨ³¹,ʔ,ɨ,³¹,qr,i,ɡs
25743,撏,dʑiᴇm³³,dʑ,iᴇm,³³,sɢl,u,m
25744,撐,ʈɰæŋ³³,ʈɰæŋ,,³³,,,
25745,撑,,,,,,,
25746,撒,sɑt³̲³̲,s,ɑt̲̲,³,,,
25747,撓,heu³³,h,eu,³³,mɡl,e,̠w
25748,撔,ɦʷɰæŋ³⁵,ɦʷɰæŋ,,³⁵,,,
25749,撕,sei³³,s,ei,³³,sqh,e,̠
25750,撖,kʰɰɛm³⁵,kʰɰ,ɛm,³⁵,,,
25751,撗,kʷɑŋ³¹,kʷ,ɑŋ,³¹,ɡʷ,a,̠ŋs
25752,撘,təp³̲³̲,t,əp̲̲,³,,,
25753,撙,tsu̯on³⁵,ts,u̯on,³⁵,s,u,̠nʔ
25754,撚,nen³⁵,n,en,³⁵,n,e,̠nʔ
25755,撛,lin³¹,l,in,³¹,,,
25756,撜,dʑɨŋ³¹,dʑ,ɨŋ,³¹,tj,ɯ,ŋʔ
25757,撝,hʷɰiᴇ³³,hʷɰ,iᴇ,³³,qhʷr,a,l
25758,撞,ɖɰɔŋ³¹,ɖɰɔŋ,,³¹,rd,o,̠ŋ
25759,撟,ɡɰiᴇu³¹,ɡɰ,iᴇu,³¹,kr,e,wʔ
25760,撠,kɰjæk³̲³̲,kɰjæk̲̲,,³,kr,a,ɡ
25761,撡,,,,,,,
25762,撢,dəm³¹,d,əm,³¹,kh‧l,ɯ,̠m
25763,撣,dɑn³³,d,ɑn,³³,dj,a,n
25764,撤,ʈʰiᴇt³̲³̲,ʈʰ,iᴇt̲̲,³,th,e,d
25765,撥,bʷɑt³̲³̲,bʷ,ɑt̲̲,³,p,a,̠d
25766,撦,tɕʰjæ³⁵,tɕʰjæ,,³⁵,,,
25767,撧,,,,,,,
25768,撨,seu³¹,s,eu,³¹,,,
25769,撩,leu³¹,l,eu,³¹,ɡ,ə,r
25770,撪,,,,,,,
25771,撫,pʰjʊ³⁵,pʰj,ʊ,³⁵,m̥,a,ʔ
25772,撬,kʰeu³³,kʰ,eu,³³,,,
25773,播,pʰʷjɤn³³,pʰʷj,ɤn,³³,p,a,̠ls
25774,撮,tʂʰɰɛ³⁵,tʂʰɰ,ɛ,³⁵,skh,o,̠d
25775,撯,,,,,,,
25776,撰,sʷiᴇn³¹,sʷ,iᴇn,³¹,sɡr,o,̠nʔ
25777,撱,jʷiᴇ³⁵,jʷ,iᴇ,³⁵,ɢl,o,lʔ
25778,撲,pʰuk³̲³̲,pʰ,uk̲̲,³,br,o,̠ɡ
25779,撳,,,,,,,
25780,撴,,,,,,,
25781,撵,,,,,,,
25782,撶,,,,,,,
25783,撷,,,,,,,
25784,撸,,,,,,,
25785,撹,,,,,,,
25786,撺,,,,,,,
25787,撻,tʰɑt³̲³̲,tʰ,ɑt̲̲,³,th,a,̠d
25788,撼,ɦəm³⁵,ɦ,əm,³⁵,ɡ,ɯ,̠mʔ
25789,撽,keu³³,k,eu,³³,kh,e,̠ws
25790,撾,ʈʷɰæ³³,ʈʷɰæ,,³³,k‧r,o,̠l
25791,撿,liᴇm³⁵,l,iᴇm,³⁵,ɡ,ə,r
25792,擀,kɑn³⁵,k,ɑn,³⁵,,,
25793,擁,ʔjʊŋ³⁵,ʔj,ʊŋ,³⁵,q,o,ŋʔ
25794,擂,,,,,,,
25795,擃,ɳɰɔŋ³⁵,ɳɰɔŋ,,³⁵,,,
25796,擄,lu̯o³⁵,l,u̯o,³⁵,ɡ,ə,r
25797,擅,dʑiᴇn³¹,dʑ,iᴇn,³¹,dj,a,ns
25798,擆,ʈjak³̲³̲,ʈj,ak̲̲,³,,,
25799,擇,ɖɰæk³̲³̲,ɖɰæk̲̲,,³,ɡ‧r,a,̠ɡ
25800,擈,,,,,,,
25801,擉,tʂɰɔk³̲³̲,tʂɰɔk̲̲,,³,skhr,o,̠ɡ
25802,擊,kei³¹,k,ei,³¹,k,e,̠ɡ
25803,擋,tɑŋ³¹,t,ɑŋ,³¹,k‧l,a,̠ŋs
25804,擌,ʂɰɛk³̲³̲,ʂɰ,ɛk̲̲,³,,,
25805,操,tsʰɑu³³,tsʰ,ɑu,³³,sh,a,̠w
25806,擎,ɡɰjæŋ³³,ɡɰjæŋ,,³³,ɡr,e,ŋ
25807,擏,kɰjæŋ³⁵,kɰjæŋ,,³⁵,ɡ,e,ŋ
25808,擐,kʷɰæn³¹,kʷɰæn,,³¹,kʷr,e,̠n
25809,擑,tsiᴇp³̲³̲,ts,iᴇp̲̲,³,,,
25810,擒,ɡɰim³³,ɡɰ,im,³³,ɡr,ɯ,m
25811,擓,kʰʷɰɛi³³,kʰʷɰ,ɛi,³³,khr,u,̠l
25812,擔,dʑiᴇm³¹,dʑ,iᴇm,³¹,k‧l,a,̠m
25813,擕,,,,,,,
25814,擖,jiᴇp³̲³̲,j,iᴇp̲̲,³,kr,a,̠d
25815,擗,biᴇk³̲³̲,b,iᴇk̲̲,³,b,e,ɡ
25816,擘,pɰɛk³̲³̲,pɰ,ɛk̲̲,³,pr,e,̠ɡ
25817,擙,,,,,,,
25818,據,kjɤ³¹,kj,ɤ,³¹,kl,a,s
25819,擛,jiᴇp³̲³̲,j,iᴇp̲̲,³,,,
25820,擜,,,,,,,
25821,擝,,,,,,,
25822,擞,,,,,,,
25823,擟,miᴇ³³,m,iᴇ,³³,ml,e,l
25824,擠,tsei³¹,ts,ei,³¹,s,i,̠ls
25825,擡,dəi³³,d,əi,³³,d,ɯ,̠
25826,擢,ɖɰɔk³̲³̲,ɖɰɔk̲̲,,³,ɡ‧r,e,̠wɡ
25827,擣,tɑu³⁵,t,ɑu,³⁵,k‧l,u,̠ʔ
25828,擤,,,,,,,
25829,擥,lɑm³⁵,l,ɑm,³⁵,ɡ,ə,r
25830,擦,,,,,skh,a,̠d
25831,擧,kjɤ³⁵,kj,ɤ,³⁵,ɢl,a,
25832,擨,jæ³³,jæ,,³³,,,
25833,擩,ȵjʊ³⁵,ȵj,ʊ,³⁵,nj,u,l
25834,擪,ʔiᴇp³̲³̲,ʔ,iᴇp̲̲,³,q,e,b
25835,擫,,,,,q,e,b
25836,擬,ŋɨ³⁵,ŋ,ɨ,³⁵,ŋɡ,ɯ,ʔ
25837,擭,ɦu̯o³¹,ɦ,u̯o,³¹,ɡʷ,a,̠ɡ
25838,擮,dzet³̲³̲,dz,et̲̲,³,,,
25839,擯,,,,,p,i,ns
25840,擰,,,,,,,
25841,擱,,,,,,,
25842,擲,ɖiᴇk³̲³̲,ɖ,iᴇk̲̲,³,d,e,ɡ
25843,擳,tʂɪt³̲³̲,tʂ,ɪt̲̲,³,,,
25844,擴,kʰʷɑk³̲³̲,kʰʷ,ɑk̲̲,³,ɡʷ,a,̠ŋs
25845,擵,,,,,,,
25846,擶,tsiᴇn³¹,ts,iᴇn,³¹,,,
25847,擷,het³̲³̲,h,et̲̲,³,ɡ,i,̠d
25848,擸,liᴇp³̲³̲,l,iᴇp̲̲,³,r,a,̠b
25849,擹,tʰɑn³³,tʰ,ɑn,³³,kh‧l,a,̠n
25850,擺,bɰɛ³⁵,bɰ,ɛ,³⁵,,,
25851,擻,su³⁵,s,u,³⁵,,,
25852,擼,,,,,,,
25853,擽,jak³̲³̲,j,ak̲̲,³,ɡ,ə,r
25854,擾,ȵiᴇu³⁵,ȵ,iᴇu,³⁵,nj,i,wʔ
25855,擿,tek³̲³̲,t,ek̲̲,³,ɡ‧l,e,ɡ
25856,攀,pʰɰæn³³,pʰɰæn,,³³,phr,a,̠n
25857,攁,jaŋ³⁵,j,aŋ,³⁵,,,
25858,攂,lu̯oi³³,l,u̯oi,³³,,,
25859,攃,tsʰɑt³̲³̲,tsʰ,ɑt̲̲,³,,,
25860,攄,ʈʰjɤ³³,ʈʰj,ɤ,³³,kh‧l,a,
25861,攅,dzʷɑn³¹,dzʷ,ɑn,³¹,z,o,̠ns
25862,攆,,,,,,,
25863,攇,hjɤn³⁵,hj,ɤn,³⁵,,,
25864,攈,pʰʷɨi³¹,pʰʷ,ɨi,³¹,k,u,ns
25865,攉,hʷɑk³̲³̲,hʷ,ɑk̲̲,³,qhʷ,a,̠ɡ
25866,攊,lek³̲³̲,l,ek̲̲,³,,,
25867,攋,,,,,b,ə,r
25868,攌,ɦɰæn³⁵,ɦɰæn,,³⁵,,,
25869,攍,jiᴇŋ³³,j,iᴇŋ,³³,l,e,ŋ
25870,攎,lu̯o³³,l,u̯o,³³,ɡ,ə,r
25871,攏,luŋ³³,l,uŋ,³³,ɡ,ə,r
25872,攐,kʰjɤn³³,kʰj,ɤn,³³,khr,a,n
25873,攑,kʰjɤn³³,kʰj,ɤn,³³,,,
25874,攒,tsɑn³¹,ts,ɑn,³¹,,,
25875,攓,kɰiᴇn³⁵,kɰ,iᴇn,³⁵,kr,a,nʔ
25876,攔,lɑn³³,l,ɑn,³³,,,
25877,攕,siᴇm³³,s,iᴇm,³³,sr,e,̠m
25878,攖,ʔiᴇŋ³³,ʔ,iᴇŋ,³³,q,e,ŋ
25879,攗,kʷin³¹,kʷ,in,³¹,mr,i,l
25880,攘,ȵjaŋ³¹,ȵj,aŋ,³¹,mlj,a,ŋs
25881,攙,dʐɰæm³¹,dʐɰæm,,³¹,zr,ɯ,̠m
25882,攚,,,,,,,
25883,攛,tsʰʷɑn³¹,tsʰʷ,ɑn,³¹,,,
25884,攜,ɦʷei³³,ɦʷ,ei,³³,ɢʷ,e,̠
25885,攝,ɕiᴇp³̲³̲,ɕ,iᴇp̲̲,³,qhlj,e,b
25886,攞,lɑ³³,l,ɑ,³³,,,
25887,攟,,,,,k,u,ns
25888,攠,mʷɑ³³,mʷ,ɑ,³³,mr,a,l
25889,攡,ʈʰiᴇ³³,ʈʰ,iᴇ,³³,b,ə,r
25890,攢,tsɑn³¹,ts,ɑn,³¹,s,o,̠nʔ
25891,攣,lʷiᴇn³¹,lʷ,iᴇn,³¹,ɡ,ə,r
25892,攤,nɑn³¹,n,ɑn,³¹,mɡl,a,̠ns
25893,攥,tsʷɑt³̲³̲,tsʷ,ɑt̲̲,³,,,
25894,攦,ʂɰiᴇ³⁵,ʂɰ,iᴇ,³⁵,b,ə,r
25895,攧,,,,,,,
25896,攨,ʔʷɰæ³¹,ʔʷɰæ,,³¹,,,
25897,攩,tɑŋ³⁵,t,ɑŋ,³⁵,kh‧l,a,̠ŋʔ
25898,攪,kɰæu³⁵,kɰæ,u,³⁵,kr,u,̠ʔ
25899,攫,,,,,kʷ,a,ɡ
25900,攬,lɑm³⁵,l,ɑm,³⁵,ɡ,ə,r
25901,攭,,,,,ɡ,ə,r
25902,攮,,,,,,,
25903,支,ɡiᴇ³³,ɡ,iᴇ,³³,kj,e,
25904,攰,kʷɰiᴇ³¹,kʷɰ,iᴇ,³¹,,,
25905,攱,kʷɰiᴇ³¹,kʷɰ,iᴇ,³¹,kʷr,e,ʔ
25906,攲,kʰɰiᴇ³³,kʰɰ,iᴇ,³³,kr,a,l
25907,攳,zim³³,z,im,³³,,,
25908,攴,pʰɰɔk³̲³̲,pʰɰɔk̲̲,,³,ph,o,̠ɡ
25909,攵,,,,,,,
25910,收,ɕɨu³¹,ɕ,ɨu,³¹,qhlj,ɯ,ws
25911,攷,kʰɑu³⁵,kʰ,ɑu,³⁵,kh,u,̠ʔ
25912,攸,jɨu³³,j,ɨu,³³,ɢl,ɯ,w
25913,改,kɨ³⁵,k,ɨ,³⁵,kl,ɯ,̠ʔ
25914,攺,zɨ³⁵,z,ɨ,³⁵,k,ɯ,̠ʔ
25915,攻,kuŋ³¹,k,uŋ,³¹,k,o,̠ŋ
25916,攼,ɦɑn³¹,ɦ,ɑn,³¹,,,
25917,攽,pɰæn³³,pɰæn,,³³,pr,ɯ,n
25918,放,pʷjaŋ³¹,pʷj,aŋ,³¹,p,a,ŋʔ
25919,政,tɕiᴇŋ³¹,tɕ,iᴇŋ,³¹,kj,e,ŋs
25920,敀,pʰɰæk³̲³̲,pʰɰæk̲̲,,³,phr,a,̠ɡ
25921,敁,tem³³,t,em,³³,,,
25922,敂,ku³⁵,k,u,³⁵,k,o,̠ʔ
25923,敃,pʰjun³³,pʰj,un,³³,mr,i,nʔ
25924,敄,mjʊ³⁵,mj,ʊ,³⁵,m,o,ʔ
25925,故,ku̯o³¹,k,u̯o,³¹,k,a,̠s
25926,敆,,,,,,,
25927,敇,,,,,shr,e,̠ɡ
25928,效,ɦɰæu³⁵,ɦɰæ,u,³⁵,ɡr,e,̠ws
25929,敉,pʰiᴇ³⁵,pʰ,iᴇ,³⁵,m,e,ʔ
25930,敊,ɕɨu³¹,ɕ,ɨu,³¹,kh‧l,ɯ,wɡ
25931,敋,,,,,,,
25932,敌,dek³̲³̲,d,ek̲̲,³,,,
25933,敍,,,,,,,
25934,敎,kɰæu³¹,kɰæ,u,³¹,,,
25935,敏,mɰi³⁵,mɰ,i,³⁵,mr,ɯ,ŋʔ
25936,敐,tɕin³⁵,tɕ,in,³⁵,plj,ɯ,nʔ
25937,救,kɨu³¹,k,ɨu,³¹,k,u,s
25938,敒,tɕʰʷin³³,tɕʰʷ,in,³³,ɡ‧l,i,ns
25939,敓,dʷɑt³̲³̲,dʷ,ɑt̲̲,³,,,
25940,敔,ŋjɤ³⁵,ŋj,ɤ,³⁵,ŋ,a,ʔ
25941,敕,tʂʰɰɛk³̲³̲,tʂʰɰ,ɛk̲̲,³,th,ɯ,ɡ
25942,敖,ŋɑu³³,ŋ,ɑu,³³,ŋɡ,a,̠w
25943,敗,bɰæi³¹,bɰæ,i,³¹,pr,a,̠ds
25944,敘,zjɤ³⁵,zj,ɤ,³⁵,sɢl,a,ʔ
25945,教,kɰæu³³,kɰæ,u,³³,kr,a,̠w
25946,敚,dʷɑt³̲³̲,dʷ,ɑt̲̲,³,ɡ‧l,o,̠d
25947,敛,liᴇm³⁵,l,iᴇm,³⁵,,,
25948,敜,net³̲³̲,n,et̲̲,³,mɡl,ɯ,̠b
25949,敝,bet³̲³̲,b,et̲̲,³,b,e,d
25950,敞,tɕʰjaŋ³⁵,tɕʰj,aŋ,³⁵,khlj,a,ŋʔ
25951,敟,ten³⁵,t,en,³⁵,t,ɯ,̠nʔ
25952,敠,tsʰʷiᴇt³̲³̲,tsʰʷ,iᴇt̲̲,³,,,
25953,敡,jiᴇ³¹,j,iᴇ,³¹,l,e,ɡs
25954,敢,kɑm³⁵,k,ɑm,³⁵,kl,a,̠mʔ
25955,散,sɑn³¹,s,ɑn,³¹,sqh,a,̠ns
25956,敤,kʰʷɑ³¹,kʰʷ,ɑ,³¹,khl,o,̠lʔ
25957,敥,jiᴇm³¹,j,iᴇm,³¹,,,
25958,敦,du̯on³⁵,d,u̯on,³⁵,k‧l,u,̠n
25959,敧,kɰiᴇ³⁵,kɰ,iᴇ,³⁵,,,
25960,敨,,,,,,,
25961,敩,,,,,,,
25962,敪,,,,,,,
25963,敫,jak³̲³̲,j,ak̲̲,³,kl,e,̠wɡ
25964,敬,kɰjæŋ³¹,kɰjæŋ,,³¹,kr,e,ŋs
25965,敭,jaŋ³³,j,aŋ,³³,l,a,ŋ
25966,敮,hɰɛp³̲³̲,hɰ,ɛp̲̲,³,,,
25967,敯,,,,,mr,u,nʔ
25968,数,ʂjʊ³¹,ʂj,ʊ,³¹,,,
25969,敱,ŋəi³⁵,ŋ,əi,³⁵,,,
25970,敲,kʰɰæu³¹,kʰɰæ,u,³¹,khr,o,̠ws
25971,敳,ŋəi³³,ŋ,əi,³³,ŋɡ,ɯ,̠l
25972,整,tɕiᴇŋ³⁵,tɕ,iᴇŋ,³⁵,kj,e,ŋʔ
25973,敵,dek³̲³̲,d,ek̲̲,³,ɡ‧l,e,̠ɡ
25974,敶,,,,,ɡ‧l,i,ŋ
25975,敷,pʰu̯o³³,pʰ,u̯o,³³,ph,a,
25976,數,ʂjuk³̲³̲,ʂj,uk̲̲,³,sqr,o,s
25977,敹,leu³³,l,eu,³³,r,e,̠w
25978,敺,kʰjʊ³³,kʰj,ʊ,³³,kh,o,
25979,敻,,,,,,,
25980,敼,,,,,,,
25981,敽,kɰiᴇu³⁵,kɰ,iᴇu,³⁵,kr,e,wʔ
25982,敾,,,,,,,
25983,敿,kɰiᴇu³⁵,kɰ,iᴇu,³⁵,kr,e,wʔ
25984,斀,,,,,k‧r,o,̠ɡ
25985,斁,jiᴇk³̲³̲,j,iᴇk̲̲,³,ɢl,a,ɡ
25986,斂,liᴇm³⁵,l,iᴇm,³⁵,ɡ,ə,r
25987,斃,bet³̲³̲,b,et̲̲,³,b,e,d
25988,斄,lɨ³³,l,ɨ,³³,ɡ,ə,r
25989,斅,,,,,,,
25990,斆,ɦɰæu³¹,ɦɰæ,u,³¹,ɡr,u,̠ɡs
25991,文,mjun³³,mj,un,³³,m,ɯ,n
25992,斈,,,,,,,
25993,斉,,,,,,,
25994,斊,,,,,,,
25995,斋,tʂɰɛi³³,tʂɰ,ɛi,³³,,,
25996,斌,pɰin³³,pɰ,in,³³,pr,ɯ,n
25997,斍,,,,,,,
25998,斎,,,,,,,
25999,斏,,,,,,,
26000,斐,pʷɨi³⁵,pʷ,ɨi,³⁵,ph,ɯ,lʔ
26001,斑,pɰæn³³,pɰæn,,³³,pr,a,̠n
26002,斒,pɰæn³³,pɰæn,,³³,pr,e,̠n
26003,斓,,,,,,,
26004,斔,,,,,l,o,ʔ
26005,斕,lɑn³³,l,ɑn,³³,,,
26006,斖,mʷɨi³⁵,mʷ,ɨi,³⁵,,,
26007,斗,tu³⁵,t,u,³⁵,t,o,̠ʔ
26008,斘,,,,,,,
26009,料,leu³¹,l,eu,³¹,r,e,̠ws
26010,斚,kɰæ³¹,kɰæ,,³¹,,,
26011,斛,ɦuk³̲³̲,ɦ,uk̲̲,³,ɡ,o,̠ɡ
26012,斜,zjæ³³,zjæ,,³³,ɢ,a,̠
26013,斝,kɰæ³⁵,kɰæ,,³⁵,kr,a,̠ʔ
26014,斞,jʊ³⁵,j,ʊ,³⁵,l,o,ʔ
26015,斟,tɕim³³,tɕ,im,³³,klj,u,m
26016,斠,kɰɔk³̲³̲,kɰɔk̲̲,,³,kr,o,̠ɡ
26017,斡,kʷɑn³⁵,kʷ,ɑn,³⁵,qʷ,a,̠d
26018,斢,tʰu³⁵,tʰ,u,³⁵,,,
26019,斣,,,,,k‧l,o,̠ɡs
26020,斤,kɨn³¹,k,ɨn,³¹,k,ɯ,ns
26021,斥,tɕʰjæ³¹,tɕʰjæ,,³¹,khj,a,ɡ
26022,斦,ŋɨn³³,ŋ,ɨn,³³,ŋɡ,ɯ,n
26023,斧,pjʊ³⁵,pj,ʊ,³⁵,p,a,ʔ
26024,斨,tsʰjaŋ³³,tsʰj,aŋ,³³,skh,a,ŋ
26025,斩,tʂɰɛm³⁵,tʂɰ,ɛm,³⁵,,,
26026,斪,ɡjʊ³³,ɡj,ʊ,³³,ɡ,o,
26027,斫,tɕʰjak³̲³̲,tɕʰj,ak̲̲,³,klj,a,ɡ
26028,斬,tʂɰɛm³¹,tʂɰ,ɛm,³¹,sr,a,̠mʔ
26029,断,dʷɑn³⁵,dʷ,ɑn,³⁵,,,
26030,斮,tʂɰɔk³̲³̲,tʂɰɔk̲̲,,³,sr,a,̠ɡ
26031,斯,ʂjɤ³³,ʂj,ɤ,³³,sqh,e,
26032,新,sin³³,s,in,³³,sl,i,ŋ
26033,斱,,,,,,,
26034,斲,ʈɰɔk³̲³̲,ʈɰɔk̲̲,,³,rt,o,̠ɡ
26035,斳,kɨn³⁵,k,ɨn,³⁵,,,
26036,斴,,,,,,,
26037,斵,,,,,,,
26038,斶,,,,,khlj,o,ɡ
26039,斷,dʷɑn³⁵,dʷ,ɑn,³⁵,t,o,̠ns
26040,斸,ʈjʊk³̲³̲,ʈj,ʊk̲̲,³,k‧l,o,ɡ
26041,方,pʷjaŋ³³,pʷj,aŋ,³³,b,a,ŋ
26042,斺,,,,,,,
26043,斻,,,,,,,
26044,於,ɦʲjʊ³³,ɦʲj,ʊ,³³,q,a,
26045,施,jiᴇ³¹,j,iᴇ,³¹,l̥,a,l
26046,斾,bʷɑt³̲³̲,bʷ,ɑt̲̲,³,b,o,̠bs
26047,斿,jɨu³³,j,ɨu,³³,l,u,
26048,旀,,,,,,,
26049,旁,pʰɑŋ³³,pʰ,ɑŋ,³³,b,a,̠ŋ
26050,旂,ɡɨi³³,ɡ,ɨi,³³,ɡ,ɯ,l
26051,旃,tɕiᴇn³³,tɕ,iᴇn,³³,tj,a,n
26052,旄,mjʊ³¹,mj,ʊ,³¹,m,a,̠ws
26053,旅,ljɤ³⁵,lj,ɤ,³⁵,ɡ,ə,r
26054,旆,bɑi³¹,b,ɑi,³¹,b,o,̠bs
26055,旇,pʰɰi³³,pʰɰ,i,³³,phr,a,l
26056,旈,,,,,,,
26057,旉,,,,,ph,a,
26058,旊,,,,,p,a,ŋs
26059,旋,zʷiᴇn³¹,zʷ,iᴇn,³¹,sɢl,o,n
26060,旌,tsiᴇŋ³³,ts,iᴇŋ,³³,s,e,ŋ
26061,旍,tsiᴇŋ³³,ts,iᴇŋ,³³,sk,e,ŋ
26062,旎,ɳɰiᴇ³⁵,ɳɰ,iᴇ,³⁵,n,i,lʔ
26063,族,tsuk³̲³̲,ts,uk̲̲,³,z,o,̠ɡ
26064,旐,ɖiᴇu³⁵,ɖ,iᴇu,³⁵,ɡ‧l,e,wʔ
26065,旑,,,,,,,
26066,旒,lɨu³³,l,ɨu,³³,r,u,
26067,旓,ʂɰæu³³,ʂɰæ,u,³³,spr,e,̠w
26068,旔,kjɤn³¹,kj,ɤn,³¹,,,
26069,旕,,,,,,,
26070,旖,ʔɰiᴇ³³,ʔɰ,iᴇ,³³,qr,a,lʔ
26071,旗,ɡɨ³³,ɡ,ɨ,³³,ɡ,ɯ,
26072,旘,tɕʰɨ³¹,tɕʰ,ɨ,³¹,,,
26073,旙,pʰʷjɤn³³,pʰʷj,ɤn,³³,,,
26074,旚,pʰiᴇu³³,pʰ,iᴇu,³³,ph,e,w
26075,旛,pʰʷjɤn³³,pʰʷj,ɤn,³³,b,a,n
26076,旜,tɕiᴇn³³,tɕ,iᴇn,³³,tj,a,n
26077,旝,kʷɑi³¹,kʷ,ɑi,³¹,k,o,̠bs
26078,旞,zʷi³¹,zʷ,i,³¹,lj,u,ds
26079,旟,jɤ³³,j,ɤ,³³,ɢl,a,
26080,无,mu̯o³³,m,u̯o,³³,m,a,
26081,旡,kɨi³¹,k,ɨi,³¹,skr,u,m
26082,既,kɨi³¹,k,ɨi,³¹,k,ɯ,ds
26083,旣,hɨi³¹,h,ɨi,³¹,,,
26084,旤,,,,,ɡl,o,̠lʔ
26085,日,ȵit³̲³̲,ȵ,it̲̲,³,mlj,i,ɡ
26086,旦,tɑn³¹,t,ɑn,³¹,t,a,̠ns
26087,旧,ɡɨu³¹,ɡ,ɨu,³¹,,,
26088,旨,tɕi³⁵,tɕ,i,³⁵,kj,i,ʔ
26089,早,tsɑu³⁵,ts,ɑu,³⁵,s,u,̠ʔ
26090,旪,ɦep³̲³̲,ɦ,ep̲̲,³,,,
26091,旫,,,,,,,
26092,旬,sʷin³³,sʷ,in,³³,sɢʷ,i,n
26093,旭,hɑu³⁵,h,ɑu,³⁵,qhʷ,o,ɡ
26094,旮,,,,,,,
26095,旯,,,,,,,
26096,旰,kɑn³³,k,ɑn,³³,k,a,̠ns
26097,旱,ɦɑn³⁵,ɦ,ɑn,³⁵,ɡ,a,̠nʔ
26098,旲,kʷeŋ³⁵,kʷ,eŋ,³⁵,,,
26099,旳,tek³̲³̲,t,ek̲̲,³,p‧l,e,̠wɡ
26100,旴,hjʊ³³,hj,ʊ,³³,qhʷ,a,
26101,旵,ʈʰɰɛm³⁵,ʈʰɰ,ɛm,³⁵,,,
26102,时,dʑɨ³³,dʑ,ɨ,³³,,,
26103,旷,kʰʷɑŋ³¹,kʰʷ,ɑŋ,³¹,,,
26104,旸,,,,,,,
26105,旹,dʑɨ³³,dʑ,ɨ,³³,ɡlj,ɯ,
26106,旺,ɦʲʷjaŋ³¹,ɦʲʷj,aŋ,³¹,,,
26107,旻,mɰin³³,mɰ,in,³³,mr,ɯ,n
26108,旼,mɰin³³,mɰ,in,³³,mr,ɯ,n
26109,旽,tʰu̯on³³,tʰ,u̯on,³³,,,
26110,旾,tɕʰʷin³³,tɕʰʷ,in,³³,,,
26111,旿,ŋu̯o³¹,ŋ,u̯o,³¹,,,
26112,昀,jʷin³³,jʷ,in,³³,,,
26113,昁,pɑi³¹,p,ɑi,³¹,,,
26114,昂,ŋɑŋ³³,ŋ,ɑŋ,³³,ŋ,a,̠ŋ
26115,昃,tʂɨk³̲³̲,tʂ,ɨk̲̲,³,sr,ɯ,ɡ
26116,昄,bɰæn³⁵,bɰæn,,³⁵,p,a,̠nʔ
26117,昅,ɡjap³̲³̲,ɡj,ap̲̲,³,,,
26118,昆,ɦu̯on³³,ɦ,u̯on,³³,k,u,̠n
26119,昇,ɕɨŋ³³,ɕ,ɨŋ,³³,qhlj,ɯ,ŋ
26120,昈,ɦu̯o³⁵,ɦ,u̯o,³⁵,ɡʷ,a,̠ʔ
26121,昉,pʷjaŋ³⁵,pʷj,aŋ,³⁵,p,a,ŋʔ
26122,昊,ɦɑu³⁵,ɦ,ɑu,³⁵,ɡ,u,̠ʔ
26123,昋,kʷeŋ³⁵,kʷ,eŋ,³⁵,kʷ,e,̠s
26124,昌,tɕʰjaŋ³³,tɕʰj,aŋ,³³,thj,a,ŋ
26125,昍,hʷjɤn³³,hʷj,ɤn,³³,,,
26126,明,mɰjæŋ³³,mɰjæŋ,,³³,mɡʷr,a,ŋ
26127,昏,hu̯on³³,h,u̯on,³³,m̥h,u,̠n
26128,昐,pjun³³,pj,un,³³,p,ɯ,n
26129,昑,kʰɰim³⁵,kʰɰ,im,³⁵,,,
26130,昒,hu̯ot³̲³̲,h,u̯ot̲̲,³,m,ɯ,d
26131,易,jiᴇ³¹,j,iᴇ,³¹,l,e,ɡ
26132,昔,siᴇk³̲³̲,s,iᴇk̲̲,³,sl,a,ɡ
26133,昕,hɨn³³,h,ɨn,³³,qh,ɯ,n
26134,昖,,,,,,,
26135,昗,,,,,,,
26136,昘,,,,,,,
26137,昙,,,,,,,
26138,昚,dʑin³¹,dʑ,in,³¹,ɡj,i,ns
26139,昛,ɡjɤ³⁵,ɡj,ɤ,³⁵,,,
26140,昜,jaŋ³³,j,aŋ,³³,l,a,ŋ
26141,昝,tsəm³⁵,ts,əm,³⁵,,,
26142,昞,pɰjæŋ³⁵,pɰjæŋ,,³⁵,,,
26143,星,seŋ³³,s,eŋ,³³,sl,e,̠ŋ
26144,映,ʔɰjæŋ³¹,ʔɰjæŋ,,³¹,qr,a,ŋs
26145,昡,ɦʷen³¹,ɦʷ,en,³¹,,,
26146,昢,pʰu̯oi³¹,pʰ,u̯oi,³¹,pkhl,u,̠d
26147,昣,,,,,,,
26148,昤,leŋ³³,l,eŋ,³³,,,
26149,春,tɕʰʷin³³,tɕʰʷ,in,³³,khlj,u,n
26150,昦,ɦɑu³⁵,ɦ,ɑu,³⁵,ɡ,u,̠ʔ
26151,昧,mɑi³¹,m,ɑi,³¹,m,ɯ,̠ds
26152,昨,dzɑk³̲³̲,dz,ɑk̲̲,³,z,a,̠ɡ
26153,昩,mu̯oi³¹,m,u̯oi,³¹,,,
26154,昪,bɰiᴇn³¹,bɰ,iᴇn,³¹,br,o,ns
26155,昫,hjʊ³¹,hj,ʊ,³¹,qh,o,s
26156,昬,hu̯on³³,h,u̯on,³³,,,
26157,昭,tɕiᴇu³¹,tɕ,iᴇu,³¹,tj,e,w
26158,昮,,,,,,,
26159,是,dʑiᴇ³⁵,dʑ,iᴇ,³⁵,ɡlj,e,ʔ
26160,昰,ɦɰæ³¹,ɦɰæ,,³¹,,,
26161,昱,juk³̲³̲,j,uk̲̲,³,l,u,ɡ
26162,昲,bʷɨi³¹,bʷ,ɨi,³¹,ph,ɯ,ds
26163,昳,det³̲³̲,d,et̲̲,³,l,i,̠ɡ
26164,昴,mɰæu³³,mɰæ,u,³³,mbr,u,̠ʔ
26165,昵,ɳit³̲³̲,ɳ,it̲̲,³,n,i,ɡ
26166,昶,ʈʰjaŋ³¹,ʈʰj,aŋ,³¹,,,
26167,昷,ʔu̯on³³,ʔ,u̯on,³³,q,u,̠n
26168,昸,,,,,,,
26169,昹,,,,,,,
26170,昺,,,,,pkr,a,ŋʔ
26171,昻,,,,,,,
26172,昼,ʈɨu³¹,ʈ,ɨu,³¹,,,
26173,昽,,,,,,,
26174,显,hen³⁵,h,en,³⁵,,,
26175,昿,,,,,,,
26176,晀,,,,,,,
26177,晁,ɖiᴇu³³,ɖ,iᴇu,³³,ɡ‧l,e,w
26178,時,dʑɨ³³,dʑ,ɨ,³³,ɡlj,ɯ,
26179,晃,ɦʷɑŋ³⁵,ɦʷ,ɑŋ,³⁵,ɡʷ,a,̠ŋʔ
26180,晄,kʷɑŋ³⁵,kʷ,ɑŋ,³⁵,ɡʷ,a,̠ŋʔ
26181,晅,hʷjɤn³³,hʷj,ɤn,³³,qh,o,nʔ
26182,晆,,,,,,,
26183,晇,kʰʷɰæ³³,kʰʷɰæ,,³³,,,
26184,晈,keu³⁵,k,eu,³⁵,,,
26185,晉,tsiᴇn³¹,ts,iᴇn,³¹,,,
26186,晊,tɕit³̲³̲,tɕ,it̲̲,³,klj,i,ɡ
26187,晋,tsin³¹,ts,in,³¹,s,i,ns
26188,晌,,,,,,,
26189,晍,duŋ³³,d,uŋ,³³,,,
26190,晎,huŋ³⁵,h,uŋ,³⁵,,,
26191,晏,ʔɰæn³¹,ʔɰæn,,³¹,qr,a,̠ns
26192,晐,kəi³³,k,əi,³³,k,ɯ,̠
26193,晑,,,,,,,
26194,晒,ʂɰɛ³¹,ʂɰ,ɛ,³¹,,,
26195,晓,heu³⁵,h,eu,³⁵,,,
26196,晔,,,,,,,
26197,晕,ɦʲjun³¹,ɦʲj,un,³¹,,,
26198,晖,,,,,,,
26199,晗,ɦəm³³,ɦ,əm,³³,,,
26200,晘,ɦɰæn³⁵,ɦɰæn,,³⁵,,,
26201,晙,sʷin³¹,sʷ,in,³¹,sqh,u,ns
26202,晚,mʷjɤn³⁵,mʷj,ɤn,³⁵,m,o,nʔ
26203,晛,ɦen³⁵,ɦ,en,³⁵,mɡl,e,̠ns
26204,晜,ku̯on³³,k,u̯on,³³,k,u,̠n
26205,晝,ʈɨu³¹,ʈ,ɨu,³¹,t,u,s
26206,晞,hɨi³³,h,ɨi,³³,qhl,ɯ,l
26207,晟,tsiᴇŋ³³,ts,iᴇŋ,³³,,,
26208,晠,,,,,ɡj,e,ŋs
26209,晡,pu̯o³³,p,u̯o,³³,p,a,̠
26210,晢,ʈiᴇt³̲³̲,ʈ,iᴇt̲̲,³,klj,e,d
26211,晣,tɕiᴇi³¹,tɕ,iᴇi,³¹,klj,e,d
26212,晤,ŋu̯o³¹,ŋ,u̯o,³¹,ŋ,a,̠s
26213,晥,ɦɰæn³⁵,ɦɰæn,,³⁵,ɡ,o,̠nʔ
26214,晦,hu̯oi³¹,h,u̯oi,³¹,qhml,ɯ,̠s
26215,晧,kɑu³⁵,k,ɑu,³⁵,ɡ,u,̠ʔ
26216,晨,dʑin³³,dʑ,in,³³,blj,ɯ,n
26217,晩,,,,,,,
26218,晪,tʰen³⁵,tʰ,en,³⁵,,,
26219,晫,ʈʰɰɔk³̲³̲,ʈʰɰɔk̲̲,,³,,,
26220,晬,tsu̯oi³¹,ts,u̯oi,³¹,s,u,̠ds
26221,晭,tɕɨu³⁵,tɕ,ɨu,³⁵,,,
26222,普,pʰu̯o³⁵,pʰ,u̯o,³⁵,ph,a,̠ʔ
26223,景,kɰjæŋ³⁵,kɰjæŋ,,³⁵,kr,a,ŋʔ
26224,晰,sek³̲³̲,s,ek̲̲,³,sl,e,̠ɡ
26225,晱,ɕiᴇm³⁵,ɕ,iᴇm,³⁵,,,
26226,晲,ŋei³⁵,ŋ,ei,³⁵,ŋɡ,e,̠ʔ
26227,晳,sek³̲³̲,s,ek̲̲,³,sl,e,̠ɡ
26228,晴,dziᴇŋ³³,dz,iᴇŋ,³³,z,e,ŋ
26229,晵,kʰen³¹,kʰ,en,³¹,kh,e,ns
26230,晶,tsiᴇŋ³³,ts,iᴇŋ,³³,s,e,ŋ
26231,晷,kʷɰi³⁵,kʷɰ,i,³⁵,kʷr,ɯ,ʔ
26232,晸,ʈiᴇŋ³⁵,ʈ,iᴇŋ,³⁵,,,
26233,晹,ɕiᴇk³̲³̲,ɕ,iᴇk̲̲,³,l̥,e,ɡ
26234,智,ʈiᴇ³¹,ʈ,iᴇ,³¹,t,e,s
26235,晻,ʔəm³¹,ʔ,əm,³¹,q,o,̠mʔ
26236,晼,ʔʷjɤn³⁵,ʔʷj,ɤn,³⁵,q,o,nʔ
26237,晽,,,,,ɡ,ə,r
26238,晾,,,,,,,
26239,晿,,,,,,,
26240,暀,ɦʲʷjaŋ³¹,ɦʲʷj,aŋ,³¹,ɢʷ,a,ŋʔ
26241,暁,,,,,,,
26242,暂,dzɑm³¹,dz,ɑm,³¹,,,
26243,暃,,,,,,,
26244,暄,hʷjɤn³³,hʷj,ɤn,³³,qh,o,n
26245,暅,kəŋ³¹,k,əŋ,³¹,,,
26246,暆,jiᴇ³³,j,iᴇ,³³,l,a,l
26247,暇,ɦɰæ³¹,ɦɰæ,,³¹,ɡr,a,̠s
26248,暈,ɦʲjun³¹,ɦʲj,un,³¹,ɢr,u,ns
26249,暉,hʷɨi³³,hʷ,ɨi,³³,qh,u,l
26250,暊,,,,,,,
26251,暋,mɰin³³,mɰ,in,³³,mr,i,nʔ
26252,暌,,,,,khʷ,i,̠l
26253,暍,hɑt³̲³̲,h,ɑt̲̲,³,qh,a,̠d
26254,暎,ʔɰjæŋ³¹,ʔɰjæŋ,,³¹,,,
26255,暏,tu̯o³⁵,t,u̯o,³⁵,k‧l,a,̠ʔ
26256,暐,ɦʲʷɨi³⁵,ɦʲʷ,ɨi,³⁵,,,
26257,暑,ɕjɤ³⁵,ɕj,ɤ,³⁵,qhlj,a,ʔ
26258,暒,dziᴇŋ³³,dz,iᴇŋ,³³,z,e,ŋ
26259,暓,,,,,,,
26260,暔,nəm³³,n,əm,³³,,,
26261,暕,kɰɛn³⁵,kɰ,ɛn,³⁵,,,
26262,暖,hʷjɤn³⁵,hʷj,ɤn,³⁵,mɡl,o,̠nʔ
26263,暗,ʔəm³¹,ʔ,əm,³¹,q,ɯ,̠ms
26264,暘,jaŋ³³,j,aŋ,³³,l,a,ŋ
26265,暙,,,,,,,
26266,暚,jiᴇu³³,j,iᴇu,³³,,,
26267,暛,sɑ³⁵,s,ɑ,³⁵,,,
26268,暜,tʰei³¹,tʰ,ei,³¹,th,i,̠ds
26269,暝,meŋ³¹,m,eŋ,³¹,m,e,̠ŋs
26270,暞,keu³⁵,k,eu,³⁵,,,
26271,暟,kʰəi³³,kʰ,əi,³³,kh,ɯ,̠lʔ
26272,暠,ɦɑu³⁵,ɦ,ɑu,³⁵,k,o,̠wʔ
26273,暡,ʔuŋ³⁵,ʔ,uŋ,³⁵,,,
26274,暢,ʈʰjaŋ³¹,ʈʰj,aŋ,³¹,kh‧l,a,ŋs
26275,暣,kʰɨi³¹,kʰ,ɨi,³¹,,,
26276,暤,,,,,ɡ,u,̠ʔ
26277,暥,ʔɰæn³¹,ʔɰæn,,³¹,,,
26278,暦,,,,,,,
26279,暧,,,,,,,
26280,暨,kɨi³¹,k,ɨi,³¹,k,ɯ,ds
26281,暩,,,,,,,
26282,暪,,,,,,,
26283,暫,dzɑm³¹,dz,ɑm,³¹,z,a,̠ms
26284,暬,siᴇt³̲³̲,s,iᴇt̲̲,³,sŋ,e,d
26285,暭,ɦɑu³⁵,ɦ,ɑu,³⁵,ɡ,u,̠ʔ
26286,暮,mu̯o³¹,m,u̯o,³¹,m,a,̠ɡs
26287,暯,mɑk³̲³̲,m,ɑk̲̲,³,m,a,̠ɡ
26288,暰,tsʰjʊŋ³³,tsʰj,ʊŋ,³³,sh,o,ŋ
26289,暱,ȵit³̲³̲,ȵ,it̲̲,³,n,i,ɡ
26290,暲,tɕjaŋ³³,tɕj,aŋ,³³,,,
26291,暳,hʷei³¹,hʷ,ei,³¹,qhʷ,e,̠ds
26292,暴,bu̯ok³̲³̲,b,u̯ok̲̲,³,b,o,̠wɡs
26293,暵,hɑn³¹,h,ɑn,³¹,qhl,a,̠ns
26294,暶,zʷiᴇn³³,zʷ,iᴇn,³³,,,
26295,暷,,,,,,,
26296,暸,leu³³,l,eu,³³,,,
26297,暹,siᴇm³³,s,iᴇm,³³,,,
26298,暺,,,,,,,
26299,暻,kʷɰjæŋ³⁵,kʷɰjæŋ,,³⁵,,,
26300,暼,pʰet³̲³̲,pʰ,et̲̲,³,,,
26301,暽,lin³³,l,in,³³,,,
26302,暾,tʰu̯on³³,tʰ,u̯on,³³,kh‧l,u,̠n
26303,暿,hɨ³³,h,ɨ,³³,qh,ɯ,ʔ
26304,曀,ʔɰi³¹,ʔɰ,i,³¹,q,i,̠ɡs
26305,曁,ɡɰi³¹,ɡɰ,i,³¹,k,ɯ,d
26306,曂,ɦʷɑŋ³¹,ɦʷ,ɑŋ,³¹,,,
26307,曃,tʰəi³¹,tʰ,əi,³¹,l̥,ɯ,̠ds
26308,曄,ɦʲip³̲³̲,ɦʲ,ip̲̲,³,ɢr,ɯ,b
26309,曅,ɦʲiᴇp³̲³̲,ɦʲ,iᴇp̲̲,³,,,
26310,曆,lek³̲³̲,l,ek̲̲,³,r,e,̠ɡ
26311,曇,dəm³³,d,əm,³³,,,
26312,曈,tʰuŋ³³,tʰ,uŋ,³³,th,o,̠ŋ
26313,曉,heu³⁵,h,eu,³⁵,qh,e,̠wʔ
26314,曊,pʰʷɨi³³,pʰʷ,ɨi,³³,ph,ɯ,ds
26315,曋,,,,,,,
26316,曌,tɕiᴇu³¹,tɕ,iᴇu,³¹,,,
26317,曍,ɦɑu³¹,ɦ,ɑu,³¹,,,
26318,曎,jiᴇk³̲³̲,j,iᴇk̲̲,³,ɡ,u,̠ʔ
26319,曏,ɕjaŋ³¹,ɕj,aŋ,³¹,qh,a,ŋʔ
26320,曐,seŋ³³,s,eŋ,³³,sl,e,̠ŋ
26321,曑,ʂim³³,ʂ,im,³³,shr,u,m
26322,曒,keu³⁵,k,eu,³⁵,,,
26323,曓,,,,,b,o,̠wɡs
26324,曔,ɡɰjæŋ³¹,ɡɰjæŋ,,³¹,,,
26325,曕,jiᴇm³¹,j,iᴇm,³¹,,,
26326,曖,ʔəi³¹,ʔ,əi,³¹,q,ɯ,̠ds
26327,曗,,,,,,,
26328,曘,,,,,,,
26329,曙,dʑjɤ³¹,dʑj,ɤ,³¹,ɡlj,a,s
26330,曚,muŋ³⁵,m,uŋ,³⁵,,,
26331,曛,hjun³³,hj,un,³³,qh,u,n
26332,曜,jiᴇu³¹,j,iᴇu,³¹,ɢl,e,wɡs
26333,曝,buk³̲³̲,b,uk̲̲,³,b,o,̠ɡ
26334,曞,liᴇi³¹,l,iᴇi,³¹,,,
26335,曟,dʑin³³,dʑ,in,³³,sblj,ɯ,n
26336,曠,kʰʷɑŋ³¹,kʰʷ,ɑŋ,³¹,khʷ,a,̠ŋs
26337,曡,dep³̲³̲,d,ep̲̲,³,l,ɯ,̠b
26338,曢,,,,,,,
26339,曣,ʔen³¹,ʔ,en,³¹,q,e,̠ns
26340,曤,,,,,,,
26341,曥,,,,,,,
26342,曦,hɰiᴇ³³,hɰ,iᴇ,³³,ŋ̊hr,a,l
26343,曧,,,,,,,
26344,曨,luŋ³³,l,uŋ,³³,,,
26345,曩,nɑŋ³⁵,n,ɑŋ,³⁵,m‧l ,a,̠ŋʔ
26346,曪,lɑ³⁵,l,ɑ,³⁵,,,
26347,曫,mɰæn³³,mɰæn,,³³,ɡ,ə,r
26348,曬,ʂɰiᴇ³¹,ʂɰ,iᴇ,³¹,spr,e,ls
26349,曭,tʰɑŋ³⁵,tʰ,ɑŋ,³⁵,kh‧l,a,̠ŋʔ
26350,曮,ŋjam³⁵,ŋj,am,³⁵,ŋɡl,a,mʔ
26351,曯,,,,,,,
26352,曰,dziᴇŋ³⁵,dz,iᴇŋ,³⁵,ɢʷ,a,d
26353,曱,,,,,,,
26354,曲,,,,,kh,o,ɡ
26355,曳,jiᴇi³¹,j,iᴇi,³¹,l,e,ds
26356,更,keŋ³³,k,eŋ,³³,kr,a,̠ŋs
26357,曵,jiᴇi³¹,j,iᴇi,³¹,,,
26358,曶,hu̯ot³̲³̲,h,u̯ot̲̲,³,m̥h,ɯ,̠d
26359,曷,hɑt³̲³̲,h,ɑt̲̲,³,ɡ,a,̠d
26360,書,ɕjɤ³³,ɕj,ɤ,³³,qhlj,a,
26361,曹,dzɑu³³,dz,ɑu,³³,sɡ,u,̠
26362,曺,,,,,,,
26363,曻,,,,,,,
26364,曼,mʷjɤn³¹,mʷj,ɤn,³¹,m,o,ns
26365,曽,tsəŋ³³,ts,əŋ,³³,,,
26366,曾,dzəŋ³³,dz,əŋ,³³,z,ɯ,̠ŋ
26367,替,tʰei³¹,tʰ,ei,³¹,th,i,̠ds
26368,最,tsʰʷɑi³¹,tsʰʷ,ɑi,³¹,sk,o,̠ds
26369,朁,tsʰəm³⁵,tsʰ,əm,³⁵,skh,u,̠mʔ
26370,朂,,,,,,,
26371,會,ɦʷɑi³¹,ɦʷ,ɑi,³¹,ɡ,o,̠bs
26372,朄,jin³¹,j,in,³¹,l,i,ns
26373,朅,kʰjɤt³̲³̲,kʰj,ɤt̲̲,³,khr,a,d
26374,朆,,,,,,,
26375,朇,biᴇ³³,b,iᴇ,³³,b,e,
26376,月,ŋʷjɤt³̲³̲,ŋʷj,ɤt̲̲,³,ŋ,o,d
26377,有,ɦʲɨu³⁵,ɦʲ,ɨu,³⁵,ɢʷ,ɯ,ʔ
26378,朊,kʷɑn³⁵,kʷ,ɑn,³⁵,,,
26379,朋,bəŋ³³,b,əŋ,³³,b,ɯ,̠ŋ
26380,朌,bjun³³,bj,un,³³,b,ɯ,n
26381,服,bɰɔk³̲³̲,bɰɔk̲̲,,³,b,ɯ,ɡ
26382,朎,leŋ³³,l,eŋ,³³,,,
26383,朏,pʰʷɨi³⁵,pʰʷ,ɨi,³⁵,pkhl,ɯ,̠lʔ
26384,朐,ɡjʊ³³,ɡj,ʊ,³³,ɡ,o,
26385,朑,,,,,,,
26386,朒,ɳjuk³̲³̲,ɳj,uk̲̲,³,n,u,ɡ
26387,朓,tʰeu³³,tʰ,eu,³³,kh‧l,e,̠wʔ
26388,朔,ʂɰɔk³̲³̲,ʂɰɔk̲̲,,³,sqr,a,̠ɡ
26389,朕,,,,,ɡ‧l,ɯ,mʔ
26390,朖,lɑŋ³⁵,l,ɑŋ,³⁵,r,a,̠ŋʔ
26391,朗,lɑŋ³⁵,l,ɑŋ,³⁵,r,a,̠ŋʔ
26392,朘,sʷiᴇn³³,sʷ,iᴇn,³³,sk,u,̠l
26393,朙,mɰjæŋ³³,mɰjæŋ,,³³,,,
26394,朚,mɰæŋ³³,mɰæŋ,,³³,m̥h,a,̠ŋ
26395,望,mʷjaŋ³¹,mʷj,aŋ,³¹,m,a,ŋ
26396,朜,tʰu̯on³³,tʰ,u̯on,³³,,,
26397,朝,ʈiᴇu³³,ʈ,iᴇu,³³,d,e,w
26398,朞,kɨ³³,k,ɨ,³³,k,ɯ,
26399,期,ɡɨ³³,ɡ,ɨ,³³,k,ɯ,
26400,朠,,,,,,,
26401,朡,tsuŋ³³,ts,uŋ,³³,sk,o,̠ŋ
26402,朢,mʷjaŋ³¹,mʷj,aŋ,³¹,m,a,ŋs
26403,朣,duŋ³³,d,uŋ,³³,,,
26404,朤,,,,,,,
26405,朥,,,,,,,
26406,朦,mɰɔŋ³⁵,mɰɔŋ,,³⁵,m,o,̠ŋʔ
26407,朧,luŋ³⁵,l,uŋ,³⁵,ɡ,ə,r
26408,木,ʔɰæu³³,ʔɰæ,u,³³,m,o,̠ɡ
26409,朩,,,,,ph,i,ns
26410,未,mʷɨi³¹,mʷ,ɨi,³¹,m,ɯ,ds
26411,末,mʷɑt³̲³̲,mʷ,ɑt̲̲,³,m,a,̠d
26412,本,pu̯on³³,p,u̯on,³³,p,ɯ,̠nʔ
26413,札,tʂɪt³̲³̲,tʂ,ɪt̲̲,³,sqr,i,̠ɡ
26414,朮,,,,,,,
26415,术,ɖʷit³̲³̲,ɖʷ,it̲̲,³,ɢlj,u,d
26416,朰,,,,,,,
26417,朱,tɕjʊ³³,tɕj,ʊ,³³,tj,o,
26418,朲,ȵin³³,ȵ,in,³³,,,
26419,朳,piᴇt³̲³̲,p,iᴇt̲̲,³,pr,e,̠d
26420,朴,pʰɰɔk³̲³̲,pʰɰɔk̲̲,,³,phr,o,̠ɡ
26421,朵,tʷɑ³⁵,tʷ,ɑ,³⁵,t,o,̠lʔ
26422,朶,tʷɑ³⁵,tʷ,ɑ,³⁵,t,o,̠lʔ
26423,朷,muk³̲³̲,m,uk̲̲,³,,,
26424,朸,ɡɨk³̲³̲,ɡ,ɨk̲̲,³,r,ɯ,̠ɡ
26425,朹,kʷɰi³⁵,kʷɰ,i,³⁵,ɡ,u,
26426,机,ki³⁵,k,i,³⁵,kr,i,l
26427,朻,kju³³,kj,u,³³,k,ɯ,w
26428,朼,pi³⁵,p,i,³⁵,p,i,lʔ
26429,朽,hɨu³⁵,h,ɨu,³⁵,qh,u,ʔ
26430,朾,teŋ³³,t,eŋ,³³,rt,e,̠ŋ
26431,朿,tsʰiᴇ³¹,tsʰ,iᴇ,³¹,sh,e,ɡs
26432,杀,tʂʰɰæt³̲³̲,tʂʰɰæt̲̲,,³,,,
26433,杁,,,,,,,
26434,杂,dzəp³̲³̲,dz,əp̲̲,³,,,
26435,权,ɡʷɰiᴇn³³,ɡʷɰ,iᴇn,³³,,,
26436,杄,tsʰiᴇn³³,tsʰ,iᴇn,³³,,,
26437,杅,ɦʲjʊ³³,ɦʲj,ʊ,³³,ɢʷ,a,
26438,杆,kɑn³³,k,ɑn,³³,k,a,̠ns
26439,杇,ɦu̯o³³,ɦ,u̯o,³³,qʷ,a,̠
26440,杈,tʂʰɰæ³¹,tʂʰɰæ,,³¹,skhr,e,̠ls
26441,杉,ʂɰæm³³,ʂɰæm,,³³,,,
26442,杊,zʷin³³,zʷ,in,³³,,,
26443,杋,bju̯am³³,bj,u̯am,³³,,,
26444,杌,ŋʷjɤt³̲³̲,ŋʷj,ɤt̲̲,³,ŋ,u,̠d
26445,杍,tsɨ³⁵,ts,ɨ,³⁵,sk,ɯ,ʔ
26446,李,lɨ³⁵,l,ɨ,³⁵,ɡ,ə,r
26447,杏,ɦɰæŋ³⁵,ɦɰæŋ,,³⁵,ɡr,a,̠ŋʔ
26448,材,dzəi³³,dz,əi,³³,z,ɯ,̠
26449,村,tsʰu̯on³³,tsʰ,u̯on,³³,,,
26450,杒,ȵɨ³³,ȵ,ɨ,³³,nj,ɯ,ns
26451,杓,tek³̲³̲,t,ek̲̲,³,phl,e,w
26452,杔,ʈɰæk³̲³̲,ʈɰæk̲̲,,³,,,
26453,杕,dei³¹,d,ei,³¹,d,e,̠ds
26454,杖,ɖjaŋ³⁵,ɖj,aŋ,³⁵,d,a,ŋʔ
26455,杗,mʷjaŋ³³,mʷj,aŋ,³³,m,a,ŋ
26456,杘,ɳi³⁵,ɳ,i,³⁵,ph‧l ,i,s
26457,杙,jɨk³̲³̲,j,ɨk̲̲,³,l,ɯ,ɡ
26458,杚,ku̯ot³̲³̲,k,u̯ot̲̲,³,k,ɯ,̠d
26459,杛,kjuŋ³³,kj,uŋ,³³,,,
26460,杜,du̯o³³,d,u̯o,³³,ɡ‧l,a,̠ʔ
26461,杝,ɖɰɛ³⁵,ɖɰ,ɛ,³⁵,l,a,l
26462,杞,kʰɨ³⁵,kʰ,ɨ,³⁵,kh,ɯ,ʔ
26463,束,,,,,l̥,o,ɡ
26464,杠,kɰɔŋ³³,kɰɔŋ,,³³,kr,o,̠ŋ
26465,条,deu³³,d,eu,³³,,,
26466,杢,,,,,,,
26467,杣,,,,,,,
26468,杤,,,,,,,
26469,来,ləi³³,l,əi,³³,,,
26470,杦,,,,,,,
26471,杧,,,,,,,
26472,杨,jaŋ³³,j,aŋ,³³,,,
26473,杩,,,,,,,
26474,杪,miᴇu³⁵,m,iᴇu,³⁵,mbl,e,wʔ
26475,杫,siᴇ³⁵,s,iᴇ,³⁵,sl,e,s
26476,杬,ŋʷjɤn³³,ŋʷj,ɤn,³³,ŋɡ,o,n
26477,杭,ɦɑŋ³³,ɦ,ɑŋ,³³,ɡ,a,̠ŋ
26478,杮,bɑi³¹,b,ɑi,³¹,ph,o,bs
26479,杯,pu̯oi³³,p,u̯oi,³³,p,ɯ,̠
26480,杰,ɡʷɰiᴇt³̲³̲,ɡʷɰ,iᴇt̲̲,³,ɡr,a,d
26481,東,tuŋ³³,t,uŋ,³³,t,o,̠ŋ
26482,杲,kɑu³⁵,k,ɑu,³⁵,k,a,̠wʔ
26483,杳,ʔeu³⁵,ʔ,eu,³⁵,q,e,̠wʔ
26484,杴,kʰɰiᴇm³³,kʰɰ,iᴇm,³³,,,
26485,杵,tɕʰjɤ³⁵,tɕʰj,ɤ,³⁵,ŋ̊j,a,ʔ
26486,杶,ʈʰʷin³³,ʈʰʷ,in,³³,kh‧l,u,n
26487,杷,bɰæi³¹,bɰæ,i,³¹,br,a,̠s
26488,杸,dʑjʊ³³,dʑj,ʊ,³³,dj,o,
26489,杹,hʷɰæ³¹,hʷɰæ,,³¹,,,
26490,杺,sim³³,s,im,³³,,,
26491,杻,ɳɨu³⁵,ɳ,ɨu,³⁵,m̥‧l,u,ʔ
26492,杼,mu³¹,m,u,³¹,ɢlj,a,ʔ
26493,杽,ʈʰɨu³⁵,ʈʰ,ɨu,³⁵,m̥‧l,ɯ,wʔ
26494,松,su̯oŋ³³,s,u̯oŋ,³³,sɢl,o,ŋ
26495,板,bɰɛn³⁵,bɰ,ɛn,³⁵,pr,a,̠nʔ
26496,枀,,,,,,,
26497,极,ɡɨk³̲³̲,ɡ,ɨk̲̲,³,ɡ,a,b
26498,枂,ŋʷjɤt³̲³̲,ŋʷj,ɤt̲̲,³,,,
26499,枃,tsin³¹,ts,in,³¹,,,
26500,构,ku³¹,k,u,³¹,,,
26501,枅,kei³³,k,ei,³³,k,e,̠
26502,枆,mɑu³³,m,ɑu,³³,,,
26503,枇,pi³⁵,p,i,³⁵,b,i,
26504,枈,pɰi³¹,pɰ,i,³¹,,,
26505,枉,ʔʷjaŋ³⁵,ʔʷj,aŋ,³⁵,qʷ,a,ŋʔ
26506,枊,ŋɑŋ³³,ŋ,ɑŋ,³³,ŋ,a,̠ŋs
26507,枋,pʷjaŋ³¹,pʷj,aŋ,³¹,p,a,ŋ
26508,枌,bjun³³,bj,un,³³,b,ɯ,n
26509,枍,ʔei³¹,ʔ,ei,³¹,q,e,̠s
26510,枎,bjʊ³³,bj,ʊ,³³,b,a,
26511,枏,ȵiᴇm³³,ȵ,iᴇm,³³,nj,a,m
26512,析,sek³̲³̲,s,ek̲̲,³,sl,e,̠ɡ
26513,枑,ɦu̯o³¹,ɦ,u̯o,³¹,ɡ,a,̠s
26514,枒,jæ³³,jæ,,³³,ŋɡr,a,̠
26515,枓,tɕjʊ³⁵,tɕj,ʊ,³⁵,tj,o,ʔ
26516,枔,dzim³³,dz,im,³³,,,
26517,枕,ɖim³³,ɖ,im,³³,klj,u,ms
26518,枖,ʔɰiᴇu³³,ʔɰ,iᴇu,³³,qr,o,w
26519,林,kʰʷiᴇŋ³⁵,kʰʷ,iᴇŋ,³⁵,ɡ,ə,r
26520,枘,ȵʷiᴇi³¹,ȵʷ,iᴇi,³¹,nj,o,bs
26521,枙,ŋʷɑ³³,ŋʷ,ɑ,³³,qr,e,̠ɡ
26522,枚,,,,,m,ɯ,̠l
26523,枛,tʂɰæu³¹,tʂɰæ,u,³¹,,,
26524,果,lʷɑ³⁵,lʷ,ɑ,³⁵,kl,o,̠lʔ
26525,枝,kʷɰiᴇ³¹,kʷɰ,iᴇ,³¹,kj,e,
26526,枞,tsjʊŋ³³,tsj,ʊŋ,³³,,,
26527,枟,,,,,,,
26528,枠,,,,,,,
26529,枡,,,,,,,
26530,枢,tɕʰjʊ³³,tɕʰj,ʊ,³³,,,
26531,枣,tsɑu³⁵,ts,ɑu,³⁵,,,
26532,枤,dɑ³⁵,d,ɑ,³⁵,,,
26533,枥,,,,,,,
26534,枦,,,,,,,
26535,枧,,,,,,,
26536,枨,,,,,,,
26537,枩,,,,,,,
26538,枪,tsʰjaŋ³³,tsʰj,aŋ,³³,,,
26539,枫,pjuŋ³³,pj,uŋ,³³,,,
26540,枬,,,,,,,
26541,枭,,,,,,,
26542,枮,siᴇm³³,s,iᴇm,³³,skl,e,m
26543,枯,ku̯o³³,k,u̯o,³³,kh,a,̠
26544,枰,bɰjæŋ³¹,bɰjæŋ,,³¹,br,e,ŋs
26545,枱,zɨ³³,z,ɨ,³³,ɢl,ɯ,
26546,枲,sɨ³⁵,s,ɨ,³⁵,sqh,ɯ,ʔ
26547,枳,ɡiᴇ³³,ɡ,iᴇ,³³,kj,e,ʔ
26548,枴,,,,,,,
26549,枵,hɰiᴇu³³,hɰ,iᴇu,³³,qhr,o,w
26550,架,kɰæ³¹,kɰæ,,³¹,kr,a,̠ls
26551,枷,ɡjɑ³³,ɡj,ɑ,³³,kr,a,̠l
26552,枸,ku³³,k,u,³³,k,o,ʔ
26553,枹,bɨu³³,b,ɨu,³³,pr,u,̠
26554,枺,mʷɑt³̲³̲,mʷ,ɑt̲̲,³,m,a,̠ds
26555,枻,jiᴇi³¹,j,iᴇi,³¹,ɢl,e,bs
26556,枼,jiᴇp³̲³̲,j,iᴇp̲̲,³,ɢl,e,b
26557,枽,,,,,,,
26558,枾,,,,,,,
26559,枿,ŋɑt³̲³̲,ŋ,ɑt̲̲,³,ŋ,a,̠d
26560,柀,pɰiᴇ³⁵,pɰ,iᴇ,³⁵,pr,a,lʔ
26561,柁,dɑ³⁵,d,ɑ,³⁵,,,
26562,柂,jiᴇ³³,j,iᴇ,³³,l,a,l
26563,柃,leŋ³³,l,eŋ,³³,ɡ,ə,r
26564,柄,tʰem³¹,tʰ,em,³¹,pkr,a,ŋʔ
26565,柅,ɳi³⁵,ɳ,i,³⁵,n,i,lʔ
26566,柆,ləp³̲³̲,l,əp̲̲,³,ɡ,ə,r
26567,柇,ɦʷɑ³³,ɦʷ,ɑ,³³,,,
26568,柈,bʷɑn³³,bʷ,ɑn,³³,b,a,̠n
26569,柉,bju̯am³³,bj,u̯am,³³,,,
26570,柊,tɕjuŋ³³,tɕj,uŋ,³³,,,
26571,柋,dəi³¹,d,əi,³¹,,,
26572,柌,zɨ³³,z,ɨ,³³,,,
26573,柍,ʔɑŋ³¹,ʔ,ɑŋ,³¹,q,a,ŋʔ
26574,柎,pʰjʊ³⁵,pʰj,ʊ,³⁵,p,o,
26575,柏,pɰæk³̲³̲,pɰæk̲̲,,³,pr,a,̠ɡ
26576,某,mu³⁵,m,u,³⁵,m,ɯ,ʔ
26577,柑,kɑm³³,k,ɑm,³³,k,a,̠m
26578,柒,tsʰit³̲³̲,tsʰ,it̲̲,³,sn̥,i,d
26579,染,ȵiᴇm³¹,ȵ,iᴇm,³¹,nj,o,ms
26580,柔,ʈjɤ³⁵,ʈj,ɤ,³⁵,mlj,u,
26581,柕,,,,,,,
26582,柖,dʑiᴇu³³,dʑ,iᴇu,³³,dj,e,w
26583,柗,,,,,,,
26584,柘,tɕjæ³¹,tɕjæ,,³¹,klj,a,ɡs
26585,柙,ɦɰæp³̲³̲,ɦɰæp̲̲,,³,ɡr,a,̠b
26586,柚,jɨu³¹,j,ɨu,³¹,l,ɯ,ws
26587,柛,ɕin³³,ɕ,in,³³,l̥,i,n
26588,柜,kjʊ³⁵,kj,ʊ,³⁵,k,a,ʔ
26589,柝,tʰɑk³̲³̲,tʰ,ɑk̲̲,³,kh‧l,a,̠ɡ
26590,柞,ʑɰæk³̲³̲,ʑɰæk̲̲,,³,s,a,̠ɡ
26591,柟,ȵiᴇm³⁵,ȵ,iᴇm,³⁵,nj,a,mʔ
26592,柠,ʈjɤ³⁵,ʈj,ɤ,³⁵,th,a,ʔ
26593,柡,,,,,,,
26594,柢,tei³³,t,ei,³³,t,i,̠ls
26595,柣,ɖit³̲³̲,ɖ,it̲̲,³,ɡ‧l,i,ɡ
26596,柤,tʂɰæ³³,tʂɰæ,,³³,skr,a,̠
26597,查,dʐɰæ³³,dʐɰæ,,³³,skr,a,̠
26598,柦,,,,,,,
26599,柧,ku̯o³³,k,u̯o,³³,kʷ,a,̠
26600,柨,pʰu̯o³³,pʰ,u̯o,³³,,,
26601,柩,ɡɨu³⁵,ɡ,ɨu,³⁵,ɡʷl,ɯ,s
26602,柪,ʔɰæu³¹,ʔɰæ,u,³¹,,,
26603,柫,pjut³̲³̲,pj,ut̲̲,³,p,ɯ,d
26604,柬,kɰɛn³⁵,kɰ,ɛn,³⁵,kr,e,̠nʔ
26605,柭,bʷɑt³̲³̲,bʷ,ɑt̲̲,³,p,o,̠d
26606,柮,tu̯ot³̲³̲,t,u̯ot̲̲,³,sɡ,o,̠d
26607,柯,kɑ³³,k,ɑ,³³,k,a,̠l
26608,柰,nɑ³¹,n,ɑ,³¹,n,a,̠ds
26609,柱,ʈjʊ³⁵,ʈj,ʊ,³⁵,d,o,ʔ
26610,柲,bit³̲³̲,b,it̲̲,³,pr,i,ɡ
26611,柳,lɨu³⁵,l,ɨu,³⁵,b,ə,r
26612,柴,dʐɰæ³³,dʐɰæ,,³³,zr,e,̠
26613,柵,tʂʰɰɛk³̲³̲,tʂʰɰ,ɛk̲̲,³,,,
26614,柶,si³¹,s,i,³¹,l̥j,i,ds
26615,柷,tɕjuk³̲³̲,tɕj,uk̲̲,³,tj,u,ɡ
26616,柸,,,,,ph,ɯ,̠
26617,柹,dʑɨ³⁵,dʑ,ɨ,³⁵,zr,ɯ,ʔ
26618,柺,ɖɰɛi³⁵,ɖɰ,ɛi,³⁵,,,
26619,査,,,,,,,
26620,柼,,,,,,,
26621,柽,,,,,,,
26622,柾,,,,,,,
26623,柿,dʐɨ³⁵,dʐ,ɨ,³⁵,zr,ɯ,ʔ
26624,栀,tɕiᴇ³³,tɕ,iᴇ,³³,,,
26625,栁,lɨu³⁵,l,ɨu,³⁵,,,
26626,栂,,,,,,,
26627,栃,,,,,,,
26628,栄,,,,,,,
26629,栅,tʂʰɰɛk³̲³̲,tʂʰɰ,ɛk̲̲,³,shr,e,̠ɡ
26630,栆,,,,,,,
26631,标,piᴇu³³,p,iᴇu,³³,,,
26632,栈,dʐɰæn³¹,dʐɰæn,,³¹,,,
26633,栉,,,,,,,
26634,栊,,,,,,,
26635,栋,tuŋ³¹,t,uŋ,³¹,,,
26636,栌,,,,,,,
26637,栍,,,,,,,
26638,栎,,,,,,,
26639,栏,lɑn³³,l,ɑn,³³,,,
26640,栐,ɦʲʷɰjæŋ³⁵,ɦʲʷɰjæŋ,,³⁵,,,
26641,树,dʑjʊ³¹,dʑj,ʊ,³¹,,,
26642,栒,sʷin³³,sʷ,in,³³,sqhʷ,i,n
26643,栓,tsʰʷiᴇn³³,tsʰʷ,iᴇn,³³,,,
26644,栔,kei³¹,k,ei,³¹,kh,e,̠ds
26645,栕,tɕin³³,tɕ,in,³³,,,
26646,栖,sei³³,s,ei,³³,sl,ɯ,̠ls
26647,栗,lit³̲³̲,l,it̲̲,³,b,ə,r
26648,栘,jiᴇ³⁵,j,iᴇ,³⁵,ɢl,a,lʔ
26649,栙,ɦɰɔŋ³³,ɦɰɔŋ,,³³,ɡr,o,̠m
26650,栚,ɖim³⁵,ɖ,im,³⁵,ɡ‧l,ɯ,mʔ
26651,栛,lei³¹,l,ei,³¹,,,
26652,栜,tsʰiᴇ³¹,tsʰ,iᴇ,³¹,sr,e,̠ɡ
26653,栝,kʷɑt³̲³̲,kʷ,ɑt̲̲,³,l̥,e,̠mʔ
26654,栞,kiᴇn³³,k,iᴇn,³³,kh,a,̠n
26655,栟,piᴇŋ³³,p,iᴇŋ,³³,p,e,ŋ
26656,栠,ȵim³⁵,ȵ,im,³⁵,mblj,u,mʔ
26657,校,ɦɰæu³⁵,ɦɰæ,u,³⁵,kr,e,̠ws
26658,栢,pɰæk³̲³̲,pɰæk̲̲,,³,,,
26659,栣,,,,,mblj,u,mʔ
26660,栤,bɨŋ³¹,b,ɨŋ,³¹,,,
26661,栥,tsɨ³³,ts,ɨ,³³,s,i,
26662,栦,dʑɨu³³,dʑ,ɨu,³³,,,
26663,栧,jiᴇi³¹,j,iᴇi,³¹,l,e,ds
26664,栨,,,,,,,
26665,栩,hjʊ³⁵,hj,ʊ,³⁵,qhʷ,a,ʔ
26666,株,dʑjʊ³³,dʑj,ʊ,³³,t,o,
26667,栫,dzen³¹,dz,en,³¹,z,ɯ,̠ns
26668,栬,tsʷiᴇi³¹,tsʷ,iᴇi,³¹,,,
26669,栭,ȵɨ³³,ȵ,ɨ,³³,nj,ɯ,
26670,栮,ȵɨ³⁵,ȵ,ɨ,³⁵,,,
26671,栯,ɦʲɨu³⁵,ɦʲ,ɨu,³⁵,ɢʷ,ɯ,ʔ
26672,栰,bʷjɤt³̲³̲,bʷj,ɤt̲̲,³,,,
26673,栱,kjʊŋ³⁵,kj,ʊŋ,³⁵,kl,o,ŋʔ
26674,栲,kɑu³⁵,k,ɑu,³⁵,kh,u,̠ʔ
26675,栳,lɑu³⁵,l,ɑu,³⁵,,,
26676,栴,tɕiᴇn³³,tɕ,iᴇn,³³,,,
26677,栵,liᴇt³̲³̲,l,iᴇt̲̲,³,r,e,ds
26678,栶,ʔin³³,ʔ,in,³³,,,
26679,样,jaŋ³³,j,aŋ,³³,sk,a,̠ŋ
26680,核,kʰəi³¹,kʰ,əi,³¹,ɡr,ɯ,̠ɡ
26681,根,kən³³,k,ən,³³,k,ɯ,̠n
26682,栺,ŋei³¹,ŋ,ei,³¹,ŋɡ,i,̠s
26683,栻,ɕɨk³̲³̲,ɕ,ɨk̲̲,³,l̥,ɯ,ɡ
26684,格,kʷɰæk³̲³̲,kʷɰæk̲̲,,³,kl,a,̠ɡ
26685,栽,tsəi³³,ts,əi,³³,z,ɯ,̠s
26686,栾,,,,,,,
26687,栿,bjuk³̲³̲,bj,uk̲̲,³,,,
26688,桀,ɡʷɰiᴇt³̲³̲,ɡʷɰ,iᴇt̲̲,³,ɡr,a,d
26689,桁,ɦɑŋ³³,ɦ,ɑŋ,³³,ɡr,a,̠ŋ
26690,桂,kʷei³¹,kʷ,ei,³¹,kʷ,e,̠s
26691,桃,dʑjɤ³⁵,dʑj,ɤ,³⁵,ɡ‧l,a,̠w
26692,桄,kʷɑŋ³¹,kʷ,ɑŋ,³¹,kʷ,a,̠ŋs
26693,桅,kʷɰiᴇ³⁵,kʷɰ,iᴇ,³⁵,kr,o,lʔ
26694,框,ɡʷjaŋ³³,ɡʷj,aŋ,³³,,,
26695,桇,ȵjɤ³³,ȵj,ɤ,³³,,,
26696,案,ʔɑn³¹,ʔ,ɑn,³¹,q,a,̠ns
26697,桉,,,,,q,a,̠ns
26698,桊,kʰʷɰiᴇn³³,kʰʷɰ,iᴇn,³³,kr,o,ns
26699,桋,ji³³,j,i,³³,l,i,
26700,桌,ʈɰɔk³̲³̲,ʈɰɔk̲̲,,³,k‧r,e,̠wɡ
26701,桍,kʰu̯o³³,kʰ,u̯o,³³,,,
26702,桎,tɕit³̲³̲,tɕ,it̲̲,³,klj,i,ɡ
26703,桏,ɡjʊŋ³³,ɡj,ʊŋ,³³,ɡ,o,ŋ
26704,桐,duŋ³³,d,uŋ,³³,d,o,̠ŋ
26705,桑,sɑŋ³³,s,ɑŋ,³³,sŋ,a,̠ŋ
26706,桒,sɑŋ³³,s,ɑŋ,³³,,,
26707,桓,ɦʷɑn³³,ɦʷ,ɑn,³³,ɢ,o,̠n
26708,桔,ɦet³̲³̲,ɦ,et̲̲,³,k,i,̠d
26709,桕,,,,,,,
26710,桖,hʷet³̲³̲,hʷ,et̲̲,³,,,
26711,桗,tʷɑ³¹,tʷ,ɑ,³¹,,,
26712,桘,ɖʷi³³,ɖʷ,i,³³,,,
26713,桙,mu³³,m,u,³³,m,ɯ,
26714,桚,tsɑt³̲³̲,ts,ɑt̲̲,³,,,
26715,桛,,,,,,,
26716,桜,,,,,,,
26717,桝,,,,,,,
26718,桞,,,,,,,
26719,桟,,,,,,,
26720,桠,ʔɰæ³³,ʔɰæ,,³³,,,
26721,桡,ȵiᴇu³³,ȵ,iᴇu,³³,,,
26722,桢,,,,,,,
26723,档,,,,,,,
26724,桤,,,,,,,
26725,桥,ɡɰiᴇu³³,ɡɰ,iᴇu,³³,,,
26726,桦,ɦʷɰæ³¹,ɦʷɰæ,,³¹,,,
26727,桧,kʷɑi³¹,kʷ,ɑi,³¹,,,
26728,桨,tsjaŋ³⁵,tsj,aŋ,³⁵,,,
26729,桩,ʈɰɔŋ³³,ʈɰɔŋ,,³³,,,
26730,桪,,,,,,,
26731,桫,sɑ³³,s,ɑ,³³,,,
26732,桬,ʂɰæ³³,ʂɰæ,,³³,,,
26733,桭,dʑin³³,dʑ,in,³³,blj,ɯ,n
26734,桮,pu̯oi³³,p,u̯oi,³³,p,ɯ,̠
26735,桯,jiᴇŋ³³,j,iᴇŋ,³³,ɡl,e,̠ŋ
26736,桰,kʷɑt³̲³̲,kʷ,ɑt̲̲,³,,,
26737,桱,keŋ³¹,k,eŋ,³¹,k,e,̠ŋs
26738,桲,bu̯ot³̲³̲,b,u̯ot̲̲,³,b,ɯ,̠d
26739,桳,bu̯on³⁵,b,u̯on,³⁵,,,
26740,桴,bɨu³³,b,ɨu,³³,ph,u,w
26741,桵,ȵʷi³³,ȵʷ,i,³³,nj,u,l
26742,桶,jʊŋ³⁵,j,ʊŋ,³⁵,ɡ‧l,o,̠ŋʔ
26743,桷,kɰɔk³̲³̲,kɰɔk̲̲,,³,kr,o,̠ɡ
26744,桸,hɨi³³,h,ɨi,³³,,,
26745,桹,lɑŋ³³,l,ɑŋ,³³,r,a,̠ŋ
26746,桺,lɨu³⁵,l,ɨu,³⁵,,,
26747,桻,pʰjʊŋ³³,pʰj,ʊŋ,³³,ph,o,ŋ
26748,桼,tsʰit³̲³̲,tsʰ,it̲̲,³,sh,i,ɡ
26749,桽,,,,,,,
26750,桾,,,,,,,
26751,桿,,,,,,,
26752,梀,,,,,sr,e,̠ɡ
26753,梁,ljaŋ³³,lj,aŋ,³³,ɡ,ə,r
26754,梂,ɡjuk³̲³̲,ɡj,uk̲̲,³,ɡ,u,
26755,梃,deŋ³³,d,eŋ,³³,ɡ‧l,e,̠ŋʔ
26756,梄,jɨu³⁵,j,ɨu,³⁵,ɢl,u,ʔ
26757,梅,mu̯oi³⁵,m,u̯oi,³⁵,m,ɯ,̠
26758,梆,pɰɔŋ³³,pɰɔŋ,,³³,,,
26759,梇,luŋ³¹,l,uŋ,³¹,ɡ,ə,r
26760,梈,pʰɰæŋ³³,pʰɰæŋ,,³³,,,
26761,梉,tʂjaŋ³³,tʂj,aŋ,³³,,,
26762,梊,dei³¹,d,ei,³¹,,,
26763,梋,zʷiᴇn³³,zʷ,iᴇn,³³,,,
26764,梌,tʰu̯o³³,tʰ,u̯o,³³,,,
26765,梍,dzɑu³⁵,dz,ɑu,³⁵,,,
26766,梎,jɨu³¹,j,ɨu,³¹,,,
26767,梏,ku̯ok³̲³̲,k,u̯ok̲̲,³,kr,u,̠ɡ
26768,梐,bei³⁵,b,ei,³⁵,p,i,̠
26769,梑,dek³̲³̲,d,ek̲̲,³,,,
26770,梒,ɦəm³³,ɦ,əm,³³,,,
26771,梓,tsɨ³⁵,ts,ɨ,³⁵,s,ɯ,ʔ
26772,梔,tɕiᴇ³³,tɕ,iᴇ,³³,kj,e,
26773,梕,ȵin³¹,ȵ,in,³¹,,,
26774,梖,pɑi³¹,p,ɑi,³¹,,,
26775,梗,kʰɑŋ³¹,kʰ,ɑŋ,³¹,kr,a,̠ŋʔ
26776,梘,ken³¹,k,en,³¹,,,
26777,梙,ɦʷɰæn³¹,ɦʷɰæn,,³¹,,,
26778,梚,mʷjɤn³⁵,mʷj,ɤn,³⁵,,,
26779,梛,nɑ³³,n,ɑ,³³,,,
26780,梜,kɰæp³̲³̲,kɰæp̲̲,,³,k,e,̠b
26781,條,ʈʰiᴇu³³,ʈʰ,iᴇu,³³,ɡ‧l,ɯ,̠w
26782,梞,ɡɨ³¹,ɡ,ɨ,³¹,,,
26783,梟,keu³³,k,eu,³³,k,e,̠w
26784,梠,ljɤ³⁵,lj,ɤ,³⁵,ɡ,ə,r
26785,梡,ɦu̯on³³,ɦ,u̯on,³³,ɡ,o,̠n
26786,梢,ʂɰɔk³̲³̲,ʂɰɔk̲̲,,³,spr,e,̠w
26787,梣,tsim³³,ts,im,³³,sɡr,ɯ,m
26788,梤,bjun³³,bj,un,³³,b,ɯ,n
26789,梥,,,,,,,
26790,梦,mjuŋ³¹,mj,uŋ,³¹,,,
26791,梧,ŋu̯o³¹,ŋ,u̯o,³¹,ŋ,a,̠
26792,梨,lei³³,l,ei,³³,r,i,l
26793,梩,lɨ³³,l,ɨ,³³,m,ə,r
26794,梪,du³¹,d,u,³¹,ɡ‧l,o,̠s
26795,梫,tʂʰim³³,tʂʰ,im,³³,skhr,i,m
26796,梬,jiᴇŋ³⁵,j,iᴇŋ,³⁵,b,ə,l
26797,梭,sʷin³¹,sʷ,in,³¹,sqh,o,̠l
26798,梮,,,,,k,o,ɡ
26799,梯,tʰei³³,tʰ,ei,³³,kh‧l,i,̠l
26800,械,ɦɰɛi³¹,ɦɰ,ɛi,³¹,ɡr,ɯ,̠ɡs
26801,梱,ŋu̯on³³,ŋ,u̯on,³³,ŋɡ,u,̠n
26802,梲,tɕʷiᴇt³̲³̲,tɕʷ,iᴇt̲̲,³,,,
26803,梳,ʂjɤ³³,ʂj,ɤ,³³,sŋr,a,
26804,梴,ɕiᴇn³³,ɕ,iᴇn,³³,kh‧l,a,n
26805,梵,bjuŋ³³,bj,uŋ,³³,bl,o,ms
26806,梶,mʷɨi³⁵,mʷ,ɨi,³⁵,,,
26807,梷,,,,,,,
26808,梸,,,,,r,i,ls
26809,梹,,,,,,,
26810,梺,,,,,,,
26811,梻,,,,,,,
26812,梼,,,,,,,
26813,梽,,,,,,,
26814,梾,,,,,,,
26815,梿,,,,,,,
26816,检,kɰiᴇm³⁵,kɰ,iᴇm,³⁵,,,
26817,棁,tɕʷiᴇt³̲³̲,tɕʷ,iᴇt̲̲,³,kh‧l,o,̠d
26818,棂,leŋ³³,l,eŋ,³³,,,
26819,棃,li³³,l,i,³³,r,i,l
26820,棄,kʰi³¹,kʰ,i,³¹,khl,i,ds
26821,棅,pɰjæŋ³⁵,pɰjæŋ,,³⁵,pr,a,ŋʔ
26822,棆,ʈʷin³³,ʈʷ,in,³³,ɡ,ə,r
26823,棇,,,,,,,
26824,棈,tsʰen³¹,tsʰ,en,³¹,sh,e,̠ns
26825,棉,miᴇn³³,m,iᴇn,³³,,,
26826,棊,ɡɨ³³,ɡ,ɨ,³³,ɡ,ɯ,
26827,棋,ɡɨ³³,ɡ,ɨ,³³,ɡ,ɯ,
26828,棌,tsʰəi³¹,tsʰ,əi,³¹,sh,ɯ,̠s
26829,棍,ɦu̯on³⁵,ɦ,u̯on,³⁵,ɡ,u,̠nʔ
26830,棎,dʑiᴇm³³,dʑ,iᴇm,³³,,,
26831,棏,ʈɰɛk³̲³̲,ʈɰ,ɛk̲̲,³,d,ɯ,̠ɡ
26832,棐,pʷɨi³⁵,pʷ,ɨi,³⁵,p,ɯ,lʔ
26833,棑,bu̯oi³¹,b,u̯oi,³¹,,,
26834,棒,bɰɔŋ³⁵,bɰɔŋ,,³⁵,,,
26835,棓,bɨu³³,b,ɨu,³³,b,ɯ,
26836,棔,hu̯on³³,h,u̯on,³³,,,
26837,棕,tsuŋ³³,ts,uŋ,³³,,,
26838,棖,ɖɰæŋ³³,ɖɰæŋ,,³³,ɡ‧r,a,̠ŋ
26839,棗,tsɑu³⁵,ts,ɑu,³⁵,s,u,̠ʔ
26840,棘,kɨk³̲³̲,k,ɨk̲̲,³,kr,ɯ,ɡ
26841,棙,let³̲³̲,l,et̲̲,³,,,
26842,棚,bɰæŋ³³,bɰæŋ,,³³,br,ɯ,̠ŋ
26843,棛,juk³̲³̲,j,uk̲̲,³,l,u,ɡ
26844,棜,ʔjɤ³¹,ʔj,ɤ,³¹,q,a,s
26845,棝,ku̯o³⁵,k,u̯o,³⁵,k,a,̠ɡs
26846,棞,ɦu̯on³³,ɦ,u̯on,³³,kh,u,̠nʔ
26847,棟,tuŋ³¹,t,uŋ,³¹,t,o,̠ŋs
26848,棠,dɑŋ³³,d,ɑŋ,³³,ɡ‧l,a,̠ŋ
26849,棡,kɑŋ³³,k,ɑŋ,³³,,,
26850,棢,mʷjaŋ³⁵,mʷj,aŋ,³⁵,,,
26851,棣,tʰei³¹,tʰ,ei,³¹,l,ɯ,̠ds
26852,棤,siᴇk³̲³̲,s,iᴇk̲̲,³,sl,a,ɡ
26853,棥,bʷjɤn³³,bʷj,ɤn,³³,b,a,n
26854,棦,tʂʰɰɛŋ³³,tʂʰɰ,ɛŋ,³³,shr,e,̠ŋ
26855,棧,dʐɰæn³¹,dʐɰæn,,³¹,zr,e,̠nʔ
26856,棨,kʰei³⁵,kʰ,ei,³⁵,kh,e,̠ʔ
26857,棩,ʔʷen³³,ʔʷ,en,³³,,,
26858,棪,jiᴇm³⁵,j,iᴇm,³⁵,ɢl,a,mʔ
26859,棫,ɦʷek³̲³̲,ɦʷ,ek̲̲,³,ɢʷr,ɯ,ɡ
26860,棬,kʷɰiᴇn³¹,kʷɰ,iᴇn,³¹,khr,o,n
26861,棭,jiᴇk³̲³̲,j,iᴇk̲̲,³,,,
26862,森,ʂim³³,ʂ,im,³³,sr,ɯ,m
26863,棯,ȵim³⁵,ȵ,im,³⁵,mɡlj,ɯ,mʔ
26864,棰,tʷɑ³⁵,tʷ,ɑ,³⁵,t,o,̠lʔ
26865,棱,lɨŋ³³,l,ɨŋ,³³,b,ə,r
26866,棲,sei³¹,s,ei,³¹,sl,i,̠l
26867,棳,tɕʷiᴇt³̲³̲,tɕʷ,iᴇt̲̲,³,tj,o,d
26868,棴,bjuk³̲³̲,bj,uk̲̲,³,,,
26869,棵,ɦʷɑn³⁵,ɦʷ,ɑn,³⁵,,,
26870,棶,ləi³³,l,əi,³³,ɡ,ə,r
26871,棷,tsʰu³⁵,tsʰ,u,³⁵,skr,u,
26872,棸,ɖɨu³⁵,ɖ,ɨu,³⁵,skr,u,
26873,棹,ʈʰɰæu³¹,ʈʰɰæ,u,³¹,ɡ‧r,e,̠wɡs
26874,棺,kʷɑn³³,kʷ,ɑn,³³,k,o,̠ns
26875,棻,pʰjun³³,pʰj,un,³³,ph,ɯ,n
26876,棼,bjun³³,bj,un,³³,b,ɯ,n
26877,棽,ʈʰim³³,ʈʰ,im,³³,sqr,ɯ,m
26878,棾,,,,,,,
26879,棿,ŋet³̲³̲,ŋ,et̲̲,³,ŋɡ,e,̠
26880,椀,ʔʷɑn³⁵,ʔʷ,ɑn,³⁵,,,
26881,椁,kʷɑk³̲³̲,kʷ,ɑk̲̲,³,kʷ,a,̠ɡ
26882,椂,luk³̲³̲,l,uk̲̲,³,,,
26883,椃,ɦɑu³³,ɦ,ɑu,³³,,,
26884,椄,sep³̲³̲,s,ep̲̲,³,s,e,b
26885,椅,ʔɰiᴇ³¹,ʔɰ,iᴇ,³¹,qr,a,l
26886,椆,tɕɨu³¹,tɕ,ɨu,³¹,klj,ɯ,ws
26887,椇,kjʊ³⁵,kj,ʊ,³⁵,k,o,ʔ
26888,椈,kjuk³̲³̲,kj,uk̲̲,³,k,u,ɡ
26889,椉,tɕɨŋ³¹,tɕ,ɨŋ,³¹,ɢlj,ɯ,ŋ
26890,椊,dzʷɑt³̲³̲,dzʷ,ɑt̲̲,³,z,u,̠d
26891,椋,ljaŋ³³,lj,aŋ,³³,ɡ,ə,r
26892,椌,kʰɰɔŋ³³,kʰɰɔŋ,,³³,khr,o,̠ŋ
26893,植,ɖɨ³¹,ɖ,ɨ,³¹,dj,ɯ,ɡ
26894,椎,tɕʷi³³,tɕʷ,i,³³,ɡ‧l,u,l
26895,椏,ʔɑ³⁵,ʔ,ɑ,³⁵,q,a,̠ʔ
26896,椐,kjɤ³¹,kj,ɤ,³¹,k,a,
26897,椑,piᴇ³³,p,iᴇ,³³,b,e,ɡ
26898,椒,ʂiᴇi³¹,ʂ,iᴇi,³¹,sk,i,w
26899,椓,ʈɰɔk³̲³̲,ʈɰɔk̲̲,,³,rt,o,̠ɡ
26900,椔,tʂɨ³³,tʂ,ɨ,³³,sr,ɯ,s
26901,椕,pɰin³³,pɰ,in,³³,,,
26902,椖,,,,,,,
26903,椗,,,,,,,
26904,椘,,,,,,,
26905,椙,,,,,,,
26906,椚,,,,,,,
26907,椛,,,,,,,
26908,検,,,,,,,
26909,椝,,,,,,,
26910,椞,,,,,,,
26911,椟,,,,,,,
26912,椠,,,,,,,
26913,椡,,,,,,,
26914,椢,,,,,,,
26915,椣,,,,,,,
26916,椤,,,,,,,
26917,椥,,,,,,,
26918,椦,,,,,,,
26919,椧,,,,,,,
26920,椨,,,,,,,
26921,椩,,,,,,,
26922,椪,,,,,,,
26923,椫,,,,,,,
26924,椬,,,,,,,
26925,椭,tʰʷɑ³⁵,tʰʷ,ɑ,³⁵,,,
26926,椮,,,,,,,
26927,椯,dʑʷiᴇn³³,dʑʷ,iᴇn,³³,ɡlj,o,n
26928,椰,jæ³³,jæ,,³³,,,
26929,椱,bjuk³̲³̲,bj,uk̲̲,³,b,u,ɡs
26930,椲,ɦʲʷɨi³³,ɦʲʷ,ɨi,³³,ɢʷ,ɯ,lʔ
26931,椳,ʔu̯oi³⁵,ʔ,u̯oi,³⁵,q,u,̠l
26932,椴,dʷɑn³¹,dʷ,ɑn,³¹,d,o,̠ns
26933,椵,kɰæ³⁵,kɰæ,,³⁵,kr,a,̠ʔ
26934,椶,tsuŋ³³,ts,uŋ,³³,sk,o,̠ŋ
26935,椷,ɦɰɛm³³,ɦɰ,ɛm,³³,ɡr,o,̠m
26936,椸,jiᴇ³¹,j,iᴇ,³¹,l,e,l
26937,椹,ɕim³⁵,ɕ,im,³⁵,k‧l,u,m
26938,椺,,,,,ɡbl,u,̠ʔ
26939,椻,ʔjɤn³¹,ʔj,ɤn,³¹,q,a,ns
26940,椼,jiᴇn³⁵,j,iᴇn,³⁵,,,
26941,椽,ɖʷiᴇn³³,ɖʷ,iᴇn,³³,ɡ‧l,o,n
26942,椾,,,,,,,
26943,椿,ʈʰʷin³³,ʈʰʷ,in,³³,kh‧l,u,n
26944,楀,ɦʲjʊ³⁵,ɦʲj,ʊ,³⁵,ɢʷ,a,ʔ
26945,楁,ɦɰæk³̲³̲,ɦɰæk̲̲,,³,,,
26946,楂,dʐɰæ³³,dʐɰæ,,³³,sɡr,a,̠
26947,楃,ʔɰɔk³̲³̲,ʔɰɔk̲̲,,³,qr,o,̠ɡ
26948,楄,pen³³,p,en,³³,b,e,̠n
26949,楅,pʰɨk³̲³̲,pʰ,ɨk̲̲,³,pr,ɯ,ɡ
26950,楆,ʔiᴇu³³,ʔ,iᴇu,³³,,,
26951,楇,ɦʷɑ³⁵,ɦʷ,ɑ,³⁵,ɡl,o,̠ls
26952,楈,ʂɰɛm³³,ʂɰ,ɛm,³³,sŋ,a,ʔ
26953,楉,ȵjak³̲³̲,ȵj,ak̲̲,³,,,
26954,楊,jaŋ³³,j,aŋ,³³,l,a,ŋ
26955,楋,lɑt³̲³̲,l,ɑt̲̲,³,b,ə,r
26956,楌,ŋɰæn³³,ŋɰæn,,³³,,,
26957,楍,,,,,,,
26958,楎,ɦu̯on³³,ɦ,u̯on,³³,ɡ,u,̠n
26959,楏,kʰʷei³³,kʰʷ,ei,³³,,,
26960,楐,kɰɛi³¹,kɰ,ɛi,³¹,,,
26961,楑,ɡʷi³⁵,ɡʷ,i,³⁵,ɡʷ,i,lʔ
26962,楒,sɨ³³,s,ɨ,³³,,,
26963,楓,pɰiᴇm³³,pɰ,iᴇm,³³,pl,u,m
26964,楔,siᴇt³̲³̲,s,iᴇt̲̲,³,kr,e,̠d
26965,楕,,,,,,,
26966,楖,tʂɪt³̲³̲,tʂ,ɪt̲̲,³,sr,i,ɡ
26967,楗,ɡɰiᴇn³⁵,ɡɰ,iᴇn,³⁵,ɡ,a,nʔ
26968,楘,muk³̲³̲,m,uk̲̲,³,m,o,̠ɡ
26969,楙,mɑu³³,m,ɑu,³³,m,u,̠s
26970,楚,tʂʰjɤ³¹,tʂʰj,ɤ,³¹,sŋ̊r,a,ʔ
26971,楛,ɦu̯o³⁵,ɦ,u̯o,³⁵,ɡ,a,̠ʔ
26972,楜,,,,,,,
26973,楝,len³¹,l,en,³¹,ɡ,ə,r
26974,楞,ləŋ³³,l,əŋ,³³,,,
26975,楟,deŋ³³,d,eŋ,³³,d,e,̠ŋ
26976,楠,nəm³³,n,əm,³³,n,u,̠m
26977,楡,,,,,,,
26978,楢,jɨu³⁵,j,ɨu,³⁵,khlj,i,wʔ
26979,楣,mɰi³³,mɰ,i,³³,mr,i,l
26980,楤,tsʰuŋ³³,tsʰ,uŋ,³³,skh,o,̠ŋ
26981,楥,ɦʲʷiᴇn³¹,ɦʲʷ,iᴇn,³¹,qh,o,ns
26982,楦,hʷjɤn³¹,hʷj,ɤn,³¹,,,
26983,楧,ʔɰjæŋ³³,ʔɰjæŋ,,³³,,,
26984,楨,ʈiᴇŋ³³,ʈ,iᴇŋ,³³,t,e,ŋ
26985,楩,biᴇn³⁵,b,iᴇn,³⁵,b,e,n
26986,楪,jiᴇp³̲³̲,j,iᴇp̲̲,³,ɢl,e,b
26987,楫,tsip³̲³̲,ts,ip̲̲,³,sk,e,b
26988,楬,ɡjɤt³̲³̲,ɡj,ɤt̲̲,³,ɡr,a,d
26989,業,ŋjap³̲³̲,ŋj,ap̲̲,³,ŋ,a,b
26990,楮,ʈʰjɤ³⁵,ʈʰj,ɤ,³⁵,k‧l,a,̠ʔ
26991,楯,zʷin³³,zʷ,in,³³,kh‧l,u,n
26992,楰,jʊ³³,j,ʊ,³³,l,o,ʔ
26993,楱,dzu³¹,dz,u,³¹,sh,o,̠s
26994,楲,ʔʷɨi³³,ʔʷ,ɨi,³³,q,u,l
26995,楳,mu̯oi³³,m,u̯oi,³³,,,
26996,楴,tʰei³¹,tʰ,ei,³¹,,,
26997,極,ɡɨk³̲³̲,ɡ,ɨk̲̲,³,ɡ,ɯ,ɡ
26998,楶,tset³̲³̲,ts,et̲̲,³,s,i,̠ɡ
26999,楷,kɰɛi³³,kɰ,ɛi,³³,kr,i,̠l
27000,楸,tsʰɨu³³,tsʰ,ɨu,³³,sh,ɯ,w
27001,楹,jiᴇŋ³³,j,iᴇŋ,³³,l,e,ŋ
27002,楺,ȵɨu³¹,ȵ,ɨu,³¹,mlj,u,ʔ
27003,楻,ɦɰæŋ³³,ɦɰæŋ,,³³,,,
27004,楼,lu³³,l,u,³³,,,
27005,楽,,,,,,,
27006,楾,,,,,,,
27007,楿,,,,,,,
27008,榀,,,,,,,
27009,榁,,,,,,,
27010,概,ɡʷɰiᴇt³̲³̲,ɡʷɰ,iᴇt̲̲,³,k,ɯ,̠ds
27011,榃,,,,,,,
27012,榄,lɑm³⁵,l,ɑm,³⁵,,,
27013,榅,ʔu̯ot³̲³̲,ʔ,u̯ot̲̲,³,,,
27014,榆,jʊ³³,j,ʊ,³³,l,o,
27015,榇,,,,,,,
27016,榈,ljɤ³³,lj,ɤ,³³,,,
27017,榉,,,,,,,
27018,榊,,,,,,,
27019,榋,,,,,,,
27020,榌,,,,,,,
27021,榍,set³̲³̲,s,et̲̲,³,spl,ɯ,̠d
27022,榎,kɰæ³⁵,kɰæ,,³⁵,kr,a,̠ʔ
27023,榏,ŋek³̲³̲,ŋ,ek̲̲,³,qr,e,̠ɡ
27024,榐,ʈʰiᴇn³⁵,ʈʰ,iᴇn,³⁵,,,
27025,榑,bjʊ³³,bj,ʊ,³³,b,a,
27026,榒,ɳɰæk³̲³̲,ɳɰæk̲̲,,³,,,
27027,榓,mit³̲³̲,m,it̲̲,³,,,
27028,榔,lɑŋ³³,l,ɑŋ,³³,,,
27029,榕,,,,,,,
27030,榖,ku³¹,k,u,³¹,kl,o,̠ɡ
27031,榗,,,,,s,e,ns
27032,榘,ɡjɤ³⁵,ɡj,ɤ,³⁵,kʷ,a,ʔ
27033,榙,ɦəp³̲³̲,ɦ,əp̲̲,³,k‧l,u,̠b
27034,榚,jiᴇu³⁵,j,iᴇu,³⁵,,,
27035,榛,dzin³³,dz,in,³³,sr,i,n
27036,榜,pɑŋ³⁵,p,ɑŋ,³⁵,br,a,̠ŋ
27037,榝,siᴇt³̲³̲,s,iᴇt̲̲,³,sr,e,d
27038,榞,ŋʷjɤn³³,ŋʷj,ɤn,³³,,,
27039,榟,tsɨ³⁵,ts,ɨ,³⁵,,,
27040,榠,meŋ³³,m,eŋ,³³,,,
27041,榡,su̯o³¹,s,u̯o,³¹,,,
27042,榢,kɰæ³¹,kɰæ,,³¹,,,
27043,榣,jiᴇu³³,j,iᴇu,³³,l,e,w
27044,榤,ɡʷɰiᴇt³̲³̲,ɡʷɰ,iᴇt̲̲,³,ɡr,a,d
27045,榥,ɦʷɑŋ³⁵,ɦʷ,ɑŋ,³⁵,,,
27046,榦,kɑn³¹,k,ɑn,³¹,k,a,̠ns
27047,榧,pʷɨi³⁵,pʷ,ɨi,³⁵,,,
27048,榨,tʂɰæ³¹,tʂɰæ,,³¹,,,
27049,榩,ɡɰiᴇn³³,ɡɰ,iᴇn,³³,ɡr,a,n
27050,榪,mɰæ³¹,mɰæ,,³¹,,,
27051,榫,sʷin³⁵,sʷ,in,³⁵,,,
27052,榬,ɦʲʷjɤn³³,ɦʲʷj,ɤn,³³,ɢr,o,n
27053,榭,zjæ³¹,zjæ,,³¹,sɢl,a,ɡs
27054,榮,ɦʲʷɰjæŋ³³,ɦʲʷɰjæŋ,,³³,ɢʷr,e,ŋ
27055,榯,dʑɨ³³,dʑ,ɨ,³³,,,
27056,榰,tɕiᴇ³³,tɕ,iᴇ,³³,kj,e,
27057,榱,tʂʰʷɰiᴇ³³,tʂʰʷɰ,iᴇ,³³,sr,u,l
27058,榲,ʔu̯ot³̲³̲,ʔ,u̯ot̲̲,³,,,
27059,榳,deŋ³³,d,eŋ,³³,,,
27060,榴,lɨu³³,l,ɨu,³³,b,ə,r
27061,榵,ȵjʊŋ³³,ȵj,ʊŋ,³³,,,
27062,榶,dɑŋ³³,d,ɑŋ,³³,ɡ‧l,a,̠ŋ
27063,榷,kɰɔk³̲³̲,kɰɔk̲̲,,³,kr,o,̠wɡ
27064,榸,ʈɰɛi³³,ʈɰ,ɛi,³³,,,
27065,榹,siᴇ³³,s,iᴇ,³³,skl,e,
27066,榺,ɕɨŋ³¹,ɕ,ɨŋ,³¹,qhlj,ɯ,ŋs
27067,榻,tʰɑp³̲³̲,tʰ,ɑp̲̲,³,th,a,̠b
27068,榼,kʰɑp³̲³̲,kʰ,ɑp̲̲,³,kh,a,̠b
27069,榽,ɦei³¹,ɦ,ei,³¹,ɡr,e,̠
27070,榾,ku̯ot³̲³̲,k,u̯ot̲̲,³,,,
27071,榿,,,,,,,
27072,槀,kʰɑu³⁵,kʰ,ɑu,³⁵,k,o,̠wʔ
27073,槁,kɰiᴇu³⁵,kɰ,iᴇu,³⁵,k,o,̠wʔ
27074,槂,su̯on³³,s,u̯on,³³,,,
27075,槃,bʷɑn³³,bʷ,ɑn,³³,b,a,̠n
27076,槄,tʰɑu³⁵,tʰ,ɑu,³⁵,l̥,u,̠ʔ
27077,槅,ɦɰɛk³̲³̲,ɦɰ,ɛk̲̲,³,kr,e,̠ɡ
27078,槆,ʑʷin³³,ʑʷ,in,³³,,,
27079,槇,tɕin³⁵,tɕ,in,³⁵,,,
27080,槈,nu³¹,n,u,³¹,n,o,̠ɡs
27081,槉,dzit³̲³̲,dz,it̲̲,³,z,i,d
27082,槊,ʂɰɔk³̲³̲,ʂɰɔk̲̲,,³,sqr,a,̠wɡ
27083,構,kɰɔk³̲³̲,kɰɔk̲̲,,³,k,o,̠s
27084,槌,ɖʷi³³,ɖʷ,i,³³,d,u,l
27085,槍,tsʰɑŋ³³,tsʰ,ɑŋ,³³,shr,a,̠ŋ
27086,槎,dʐɰæ³³,dʐɰæ,,³³,zr,a,̠l
27087,槏,liᴇm³³,l,iᴇm,³³,khr,e,̠mʔ
27088,槐,ɦʷɰɛi³³,ɦʷɰ,ɛi,³³,ɡ,u,̠l
27089,槑,mu̯oi³³,m,u̯oi,³³,,,
27090,槒,,,,,,,
27091,槓,,,,,,,
27092,槔,,,,,k,u,
27093,槕,,,,,,,
27094,槖,,,,,kh‧l,a,̠ɡ
27095,槗,,,,,,,
27096,様,,,,,sɢl,a,ŋʔ
27097,槙,tɕin³⁵,tɕ,in,³⁵,k‧l,i,̠n
27098,槚,,,,,,,
27099,槛,,,,,,,
27100,槜,,,,,,,
27101,槝,,,,,,,
27102,槞,,,,,,,
27103,槟,,,,,,,
27104,槠,,,,,,,
27105,槡,,,,,,,
27106,槢,dep³̲³̲,d,ep̲̲,³,sɢl,u,b
27107,槣,kʷɰiᴇ³³,kʷɰ,iᴇ,³³,,,
27108,槤,liᴇn³³,l,iᴇn,³³,b,ə,r
27109,槥,ɦʲʷiᴇi³¹,ɦʲʷ,iᴇi,³¹,sɢʷ,e,ds
27110,槦,tʰuŋ³⁵,tʰ,uŋ,³⁵,,,
27111,槧,tsʰiᴇm³¹,tsʰ,iᴇm,³¹,z,a,mʔ
27112,槨,kʷɑk³̲³̲,kʷ,ɑk̲̲,³,kʷ,a,̠ɡ
27113,槩,ku̯oi³¹,k,u̯oi,³¹,k,ɯ,̠ds
27114,槪,hɨi³¹,h,ɨi,³¹,,,
27115,槫,dʑʷiᴇn³⁵,dʑʷ,iᴇn,³⁵,d,o,̠n
27116,槬,,,,,ɡʷ,a,̠s
27117,槭,tsjuk³̲³̲,tsj,uk̲̲,³,sk,ɯ,wɡ
27118,槮,sɑu³³,s,ɑu,³³,sl,u,̠mʔ
27119,槯,tsʰu̯oi³³,tsʰ,u̯oi,³³,,,
27120,槰,,,,,,,
27121,槱,jɨu³³,j,ɨu,³³,ɢl,u,ʔ
27122,槲,ɦuk³̲³̲,ɦ,uk̲̲,³,ɡ,o,̠ɡ
27123,槳,tsjaŋ³⁵,tsj,aŋ,³⁵,,,
27124,槴,ɦu̯o³⁵,ɦ,u̯o,³⁵,,,
27125,槵,ɦʷɰæn³¹,ɦʷɰæn,,³¹,ɡr,o,̠ns
27126,槶,ku̯oi³³,k,u̯oi,³³,kʷ,ɯ,̠ʔ
27127,槷,ŋʷɰiᴇt³̲³̲,ŋʷɰ,iᴇt̲̲,³,ŋ,e,̠d
27128,槸,ŋiᴇi³¹,ŋ,iᴇi,³¹,ŋ,e,ds
27129,槹,,,,,,,
27130,槺,kʰɑŋ³³,kʰ,ɑŋ,³³,khl,a,̠ŋ
27131,槻,kʷiᴇ³³,kʷ,iᴇ,³³,,,
27132,槼,kʷiᴇ³³,kʷ,iᴇ,³³,,,
27133,槽,tsɑu³³,ts,ɑu,³³,sk,u,̠
27134,槾,mʷjɤn³¹,mʷj,ɤn,³¹,m,o,̠n
27135,槿,kɨn³⁵,k,ɨn,³⁵,kl,ɯ,nʔ
27136,樀,ɖiᴇk³̲³̲,ɖ,iᴇk̲̲,³,ɡ‧l,e,̠ɡ
27137,樁,ʈɰɔŋ³³,ʈɰɔŋ,,³³,k‧r,o,̠ŋ
27138,樂,lɰɔk³̲³̲,lɰɔk̲̲,,³,ɡ,ə,r
27139,樃,,,,,,,
27140,樄,,,,,,,
27141,樅,tsjʊŋ³³,tsj,ʊŋ,³³,s,o,ŋ
27142,樆,liᴇ³³,l,iᴇ,³³,b,ə,r
27143,樇,sɨu³³,s,ɨu,³³,,,
27144,樈,ɡɰjæŋ³³,ɡɰjæŋ,,³³,ɡr,a,ŋ
27145,樉,ʂjaŋ³⁵,ʂj,aŋ,³⁵,,,
27146,樊,bʷjɤn³³,bʷj,ɤn,³³,b,a,n
27147,樋,tʰuŋ³³,tʰ,uŋ,³³,,,
27148,樌,kʷɑn³¹,kʷ,ɑn,³¹,k,o,̠ns
27149,樍,tsek³̲³̲,ts,ek̲̲,³,,,
27150,樎,ʂjuk³̲³̲,ʂj,uk̲̲,³,sr,u,ɡ
27151,樏,lʷi³³,lʷ,i,³³,r,o,lʔ
27152,樐,lu̯o³⁵,l,u̯o,³⁵,r,a,̠ʔ
27153,樑,,,,,,,
27154,樒,mit³̲³̲,m,it̲̲,³,,,
27155,樓,lu³³,l,u,³³,ɡ,ə,r
27156,樔,tʂɰæu³³,tʂɰæ,u,³³,sɡr,a,̠w
27157,樕,suk³̲³̲,s,uk̲̲,³,sl,o,̠ɡ
27158,樖,,,,,,,
27159,樗,ɦʷɰæ³¹,ɦʷɰæ,,³¹,kh‧l,a,
27160,樘,ʈʰɰæŋ³³,ʈʰɰæŋ,,³³,kh‧r,a,̠ŋ
27161,標,piᴇu³¹,p,iᴇu,³¹,p,e,wʔ
27162,樚,luk³̲³̲,l,uk̲̲,³,,,
27163,樛,kɨu³³,k,ɨu,³³,kr,ɯ,w
27164,樜,tɕjæ³¹,tɕjæ,,³¹,qhlj,a,ɡs
27165,樝,tʂɰæ³³,tʂɰæ,,³³,skr,a,̠
27166,樞,ʔu³³,ʔ,u,³³,khj,o,
27167,樟,tɕjaŋ³³,tɕj,aŋ,³³,klj,a,ŋ
27168,樠,mʷɑn³³,mʷ,ɑn,³³,m,ɯ,̠n
27169,模,mu̯o³³,m,u̯o,³³,m,a,̠
27170,樢,teu³⁵,t,eu,³⁵,,,
27171,樣,zjaŋ³⁵,zj,aŋ,³⁵,ɢl,a,ŋs
27172,樤,deu³³,d,eu,³³,,,
27173,樥,buŋ³³,b,uŋ,³³,,,
27174,樦,ɖjʊ³⁵,ɖj,ʊ,³⁵,,,
27175,樧,ʂɰɛt³̲³̲,ʂɰ,ɛt̲̲,³,sr,e,d
27176,樨,,,,,,,
27177,権,,,,,,,
27178,横,kʷɑŋ³³,kʷ,ɑŋ,³³,ɡʷr,a,̠ŋs
27179,樫,,,,,,,
27180,樬,tsʰuŋ³³,tsʰ,uŋ,³³,,,
27181,樭,,,,,,,
27182,樮,,,,,,,
27183,樯,,,,,,,
27184,樰,,,,,,,
27185,樱,ʔɰɛŋ³³,ʔɰ,ɛŋ,³³,,,
27186,樲,ȵi³¹,ȵ,i,³¹,nj,i,s
27187,樳,zim³³,z,im,³³,,,
27188,樴,tɕɨk³̲³̲,tɕ,ɨk̲̲,³,ɡ‧l,ɯ,̠ɡ
27189,樵,dziᴇu³³,dz,iᴇu,³³,sɡ,e,w
27190,樶,tsu̯oi³³,ts,u̯oi,³³,,,
27191,樷,dzuŋ³³,dz,uŋ,³³,sɡ,o,̠ŋ
27192,樸,buk³̲³̲,b,uk̲̲,³,b,o,̠ɡ
27193,樹,dʑjʊ³¹,dʑj,ʊ,³¹,dj,o,s
27194,樺,ɦʷɰæ³¹,ɦʷɰæ,,³¹,ɡʷr,a,̠
27195,樻,kʰʷɰi³⁵,kʰʷɰ,i,³⁵,ɡr,u,ds
27196,樼,tʂɪn³³,tʂ,ɪn,³³,,,
27197,樽,tsu̯on³³,ts,u̯on,³³,s,u,̠n
27198,樾,ɦʲʷjɤt³̲³̲,ɦʲʷj,ɤt̲̲,³,ɢʷ,a,d
27199,樿,dʑiᴇn³¹,dʑ,iᴇn,³¹,tj,a,nʔ
27200,橀,hei³³,h,ei,³³,qh,e,̠
27201,橁,sʷin³³,sʷ,in,³³,sqhʷ,i,n
27202,橂,den³¹,d,en,³¹,,,
27203,橃,pʷjai³¹,pʷj,ai,³¹,p,a,ds
27204,橄,kʰɰɛm³⁵,kʰɰ,ɛm,³⁵,,,
27205,橅,mu̯o³³,m,u̯o,³³,m,a,̠
27206,橆,mjʊ³⁵,mj,ʊ,³⁵,,,
27207,橇,tɕʰʷiᴇi³¹,tɕʰʷ,iᴇi,³¹,khr,o,w
27208,橈,ɳɰæu³¹,ɳɰæ,u,³¹,mɡl,e,̠ws
27209,橉,lin³⁵,l,in,³⁵,r,i,ns
27210,橊,,,,,,,
27211,橋,kɰiᴇu³⁵,kɰ,iᴇu,³⁵,ɡr,e,w
27212,橌,kɰɛn³⁵,kɰ,ɛn,³⁵,ɡr,e,̠nʔ
27213,橍,ȵʷin³¹,ȵʷ,in,³¹,,,
27214,橎,pʷjɤn³⁵,pʷj,ɤn,³⁵,p,a,nʔ
27215,橏,tɕiᴇn³⁵,tɕ,iᴇn,³⁵,,,
27216,橐,tɕjæ³¹,tɕjæ,,³¹,kh‧l,a,̠ɡ
27217,橑,leu³³,l,eu,³³,ɡ,ə,r
27218,橒,ɦʲjun³³,ɦʲj,un,³³,,,
27219,橓,ɕʷin³¹,ɕʷ,in,³¹,,,
27220,橔,du̯oi³³,d,u̯oi,³³,,,
27221,橕,ʈʰɰæŋ³³,ʈʰɰæŋ,,³³,,,
27222,橖,ʈʰɰæŋ³³,ʈʰɰæŋ,,³³,,,
27223,橗,mɰɛŋ³³,mɰ,ɛŋ,³³,,,
27224,橘,kʷit³̲³̲,kʷ,it̲̲,³,kʷ,i,d
27225,橙,ɖɨŋ³³,ɖ,ɨŋ,³³,t,ɯ,̠ŋs
27226,橚,sjuk³̲³̲,sj,uk̲̲,³,sl,ɯ,̠w
27227,橛,kʷjɤt³̲³̲,kʷj,ɤt̲̲,³,ɡ,o,d
27228,橜,ɡʷjɤt³̲³̲,ɡʷj,ɤt̲̲,³,ɡ,o,d
27229,橝,dəm³³,d,əm,³³,ɡ‧l,u,̠m
27230,橞,ɦʷei³¹,ɦʷ,ei,³¹,ɢʷ,i,̠ds
27231,機,kɨi³³,k,ɨi,³³,k,ɯ,l
27232,橠,lɑ³⁵,l,ɑ,³⁵,,,
27233,橡,zjaŋ³⁵,zj,aŋ,³⁵,sɢl,a,ŋʔ
27234,橢,tʷɑ³⁵,tʷ,ɑ,³⁵,kh‧l,o,̠lʔ
27235,橣,neŋ³⁵,n,eŋ,³⁵,,,
27236,橤,ȵʷiᴇ³⁵,ȵʷ,iᴇ,³⁵,,,
27237,橥,,,,,,,
27238,橦,tuŋ³⁵,t,uŋ,³⁵,rd,o,̠ŋ
27239,橧,dzɨŋ³³,dz,ɨŋ,³³,s,ɯ,̠ŋ
27240,橨,bjun³³,bj,un,³³,b,ɯ,lʔ
27241,橩,ɡʷiᴇŋ³³,ɡʷ,iᴇŋ,³³,,,
27242,橪,ȵiᴇn³⁵,ȵ,iᴇn,³⁵,nj,e,̠nʔ
27243,橫,kʷɑŋ³¹,kʷ,ɑŋ,³¹,,,
27244,橬,dʑiᴇm³³,dʑ,iᴇm,³³,,,
27245,橭,kʰu̯o³³,kʰ,u̯o,³³,kh,a,̠
27246,橮,,,,,,,
27247,橯,lɑu³¹,l,ɑu,³¹,,,
27248,橰,kɑu³³,k,ɑu,³³,k,u,
27249,橱,,,,,,,
27250,橲,,,,,,,
27251,橳,,,,,,,
27252,橴,,,,,,,
27253,橵,,,,,,,
27254,橶,,,,,kr,a,ɡ
27255,橷,,,,,,,
27256,橸,,,,,,,
27257,橹,lu̯o³⁵,l,u̯o,³⁵,,,
27258,橺,ɦɰæn³⁵,ɦɰæn,,³⁵,,,
27259,橻,,,,,,,
27260,橼,,,,,,,
27261,橽,tʰɑt³̲³̲,tʰ,ɑt̲̲,³,,,
27262,橾,tɕʰjʊ³³,tɕʰj,ʊ,³³,sl,o,̠ʔ
27263,橿,kjaŋ³³,kj,aŋ,³³,k,a,ŋ
27264,檀,dʑiᴇn³¹,dʑ,iᴇn,³¹,d,a,̠n
27265,檁,lɰim³⁵,lɰ,im,³⁵,b,ə,r
27266,檂,ɳjʊŋ³³,ɳj,ʊŋ,³³,,,
27267,檃,,,,,q,ɯ,nʔ
27268,檄,ɦek³̲³̲,ɦ,ek̲̲,³,ɡl,e,̠wɡ
27269,檅,sʷiᴇi³¹,sʷ,iᴇi,³¹,qʷ,a,ds
27270,檆,ʂɰæm³³,ʂɰæm,,³³,sqr,e,̠m
27271,檇,tsʷiᴇ³³,tsʷ,iᴇ,³³,sk,u,l
27272,檈,sʷin³³,sʷ,in,³³,sqhʷ,i,n
27273,檉,ʈʰiᴇŋ³³,ʈʰ,iᴇŋ,³³,kh‧l,e,ŋ
27274,檊,kɑn³¹,k,ɑn,³¹,,,
27275,檋,,,,,,,
27276,檌,,,,,,,
27277,檍,ʔɨ³¹,ʔ,ɨ,³¹,q,ɯ,ɡ
27278,檎,ɡɰim³³,ɡɰ,im,³³,ɡr,ɯ,m
27279,檏,,,,,,,
27280,檐,jiᴇm³³,j,iᴇm,³³,ɢl,a,m
27281,檑,lu̯oi³³,l,u̯oi,³³,,,
27282,檒,pjuŋ³³,pj,uŋ,³³,,,
27283,檓,hʷɰiᴇ³⁵,hʷɰ,iᴇ,³⁵,m̥hr,a,lʔ
27284,檔,tʰɑŋ³¹,tʰ,ɑŋ,³¹,k‧l,a,̠ŋ
27285,檕,kei³¹,k,ei,³¹,k,e,̠ɡs
27286,檖,zʷi³¹,zʷ,i,³¹,lj,u,ds
27287,檗,bek³̲³̲,b,ek̲̲,³,pr,e,̠ɡ
27288,檘,bɰjæŋ³³,bɰjæŋ,,³³,,,
27289,檙,teŋ³⁵,t,eŋ,³⁵,,,
27290,檚,,,,,,,
27291,檛,ʈʷɰæ³³,ʈʷɰæ,,³³,k‧r,o,̠l
27292,檜,kʷɑt³̲³̲,kʷ,ɑt̲̲,³,k,o,̠d
27293,檝,tsiᴇp³̲³̲,ts,iᴇp̲̲,³,sk,e,b
27294,檞,ɦɰɛ³⁵,ɦɰ,ɛ,³⁵,,,
27295,檟,kɰæ³⁵,kɰæ,,³⁵,kr,a,̠ʔ
27296,檠,ɡɰjæŋ³³,ɡɰjæŋ,,³³,ɡr,e,ŋs
27297,檡,ɕiᴇk³̲³̲,ɕ,iᴇk̲̲,³,ɡ‧r,a,̠ɡ
27298,檢,kɰiᴇm³⁵,kɰ,iᴇm,³⁵,kr,o,mʔ
27299,檣,dzjaŋ³³,dzj,aŋ,³³,z,a,ŋ
27300,檤,dɑu³¹,d,ɑu,³¹,,,
27301,檥,ŋɰiᴇ³³,ŋɰ,iᴇ,³³,ŋr,a,lʔ
27302,檦,,,,,p,e,w
27303,檧,suŋ³⁵,s,uŋ,³⁵,sqh,o,̠ŋʔ
27304,檨,,,,,,,
27305,檩,,,,,,,
27306,檪,,,,,,,
27307,檫,tʂʰɰɛt³̲³̲,tʂʰɰ,ɛt̲̲,³,,,
27308,檬,muŋ³³,m,uŋ,³³,,,
27309,檭,ŋɰin³³,ŋɰ,in,³³,,,
27310,檮,ɖɨu³³,ɖ,ɨu,³³,ɡ‧l,u,
27311,檯,dəi³³,d,əi,³³,d,ɯ,̠
27312,檰,,,,,,,
27313,檱,kɨ³³,k,ɨ,³³,,,
27314,檲,dʷɑn³³,dʷ,ɑn,³³,,,
27315,檳,,,,,,,
27316,檴,ɦʷɰæ³¹,ɦʷɰæ,,³¹,ɡʷr,a,̠ɡs
27317,檵,kei³¹,k,ei,³¹,k,e,̠ɡs
27318,檶,kʰɰiᴇm³³,kʰɰ,iᴇm,³³,,,
27319,檷,ɳɰiᴇ³⁵,ɳɰ,iᴇ,³⁵,m‧l,i,̠lʔ
27320,檸,ɳɰæŋ³⁵,ɳɰæŋ,,³⁵,,,
27321,檹,ʔɰiᴇ³³,ʔɰ,iᴇ,³³,qr,a,l
27322,檺,,,,,,,
27323,檻,ɦɰæm³⁵,ɦɰæm,,³⁵,ɡr,a,̠ms
27324,檼,ʔɨn³¹,ʔ,ɨn,³¹,q,ɯ,ns
27325,檽,ȵjʊ³³,ȵj,ʊ,³³,n,o,̠s
27326,檾,kʰʷiᴇŋ³⁵,kʰʷ,iᴇŋ,³⁵,khʷ,e,ŋʔ
27327,檿,ʔɰiᴇm³⁵,ʔɰ,iᴇm,³⁵,q,e,mʔ
27328,櫀,ɡɨ³³,ɡ,ɨ,³³,ɡ,ɯ,
27329,櫁,,,,,,,
27330,櫂,ʈʰɰæu³¹,ʈʰɰæ,u,³¹,ɡ‧r,e,̠wɡs
27331,櫃,ɡʷɰi³¹,ɡʷɰ,i,³¹,ɡr,u,ds
27332,櫄,ʈʰʷin³³,ʈʰʷ,in,³³,th,u,n
27333,櫅,dzei³¹,dz,ei,³¹,s,i,̠l
27334,櫆,kʰu̯oi³³,kʰ,u̯oi,³³,,,
27335,櫇,,,,,,,
27336,櫈,,,,,,,
27337,櫉,,,,,,,
27338,櫊,,,,,,,
27339,櫋,men³³,m,en,³³,mb,e,n
27340,櫌,ʔɨu³³,ʔ,ɨu,³³,ql,u,
27341,櫍,tɕit³̲³̲,tɕ,it̲̲,³,,,
27342,櫎,ɦʷɑŋ³⁵,ɦʷ,ɑŋ,³⁵,ɡʷ,a,̠ŋʔ
27343,櫏,tsʰiᴇn³³,tsʰ,iᴇn,³³,,,
27344,櫐,lʷi³⁵,lʷ,i,³⁵,r,u,lʔ
27345,櫑,lu̯oi³¹,l,u̯oi,³¹,r,u,̠l
27346,櫒,sɑt³̲³̲,s,ɑt̲̲,³,,,
27347,櫓,lu̯o³⁵,l,u̯o,³⁵,ɡ,ə,r
27348,櫔,liᴇi³¹,l,iᴇi,³¹,b,ə,r
27349,櫕,dzʷɑn³⁵,dzʷ,ɑn,³⁵,,,
27350,櫖,ljɤ³³,lj,ɤ,³³,ɡ,ə,r
27351,櫗,miᴇi³¹,m,iᴇi,³¹,,,
27352,櫘,zʷiᴇi³¹,zʷ,iᴇi,³¹,,,
27353,櫙,ʔu³³,ʔ,u,³³,q,o,̠
27354,櫚,ljɤ³³,lj,ɤ,³³,ɡ,ə,r
27355,櫛,tʂɪt³̲³̲,tʂ,ɪt̲̲,³,sr,i,ɡ
27356,櫜,kɑu³⁵,k,ɑu,³⁵,k,u,̠
27357,櫝,duk³̲³̲,d,uk̲̲,³,ɡ‧l,o,̠ɡ
27358,櫞,jʷiᴇn³³,jʷ,iᴇn,³³,,,
27359,櫟,lɑk³̲³̲,l,ɑk̲̲,³,ɢl,a,wɡ
27360,櫠,pʷjai³¹,pʷj,ai,³¹,p,o,ds
27361,櫡,ʈjak³̲³̲,ʈj,ak̲̲,³,k‧l,a,ɡ
27362,櫢,,,,,,,
27363,櫣,,,,,,,
27364,櫤,,,,,,,
27365,櫥,,,,,,,
27366,櫦,,,,,,,
27367,櫧,tɕjɤ³³,tɕj,ɤ,³³,klj,a,
27368,櫨,ljɤ³³,lj,ɤ,³³,ɡ,ə,r
27369,櫩,jiᴇm³⁵,j,iᴇm,³⁵,ɢl,o,m
27370,櫪,lek³̲³̲,l,ek̲̲,³,r,e,̠ɡ
27371,櫫,ʈjɤ³³,ʈj,ɤ,³³,k‧l,a,
27372,櫬,kʷɑn³¹,kʷ,ɑn,³¹,shr,i,ns
27373,櫭,ɡɰiᴇi³¹,ɡɰ,iᴇi,³¹,ɡr,a,d
27374,櫮,ŋɑk³̲³̲,ŋ,ɑk̲̲,³,,,
27375,櫯,su̯o³³,s,u̯o,³³,,,
27376,櫰,ku̯oi³³,k,u̯oi,³³,ɡr,u,̠l
27377,櫱,ŋɑt³̲³̲,ŋ,ɑt̲̲,³,ŋ,a,̠d
27378,櫲,jɤ³¹,j,ɤ,³¹,,,
27379,櫳,luŋ³³,l,uŋ,³³,ɡ,ə,r
27380,櫴,,,,,b,ə,r
27381,櫵,,,,,,,
27382,櫶,,,,,,,
27383,櫷,,,,,,,
27384,櫸,kjɤ³⁵,kj,ɤ,³⁵,,,
27385,櫹,seu³³,s,eu,³³,sl,ɯ,̠w
27386,櫺,leŋ³³,l,eŋ,³³,r,e,̠ŋ
27387,櫻,ʔiᴇŋ³³,ʔ,iᴇŋ,³³,qr,e,̠ŋ
27388,櫼,tsiᴇm³³,ts,iᴇm,³³,s,e,m
27389,櫽,ʔɨn³⁵,ʔ,ɨn,³⁵,q,ɯ,nʔ
27390,櫾,jɨu³³,j,ɨu,³³,l,ɯ,ws
27391,櫿,jʷiᴇŋ³³,jʷ,iᴇŋ,³³,,,
27392,欀,sjaŋ³³,sj,aŋ,³³,,,
27393,欁,,,,,,,
27394,欂,bɰjæk³̲³̲,bɰjæk̲̲,,³,b,a,ɡ
27395,欃,tʂʰɰæm³³,tʂʰɰæm,,³³,zr,ɯ,̠m
27396,欄,len³¹,l,en,³¹,ɡ,ə,r
27397,欅,,,,,,,
27398,欆,ʂɰɔŋ³³,ʂɰɔŋ,,³³,,,
27399,欇,ʑiᴇp³̲³̲,ʑ,iᴇp̲̲,³,ɡlj,e,b
27400,欈,tsʷiᴇ³³,tsʷ,iᴇ,³³,ɢʷ,e,
27401,欉,dzuŋ³¹,dz,uŋ,³¹,,,
27402,權,kʷɑn³¹,kʷ,ɑn,³¹,ɡr,o,n
27403,欋,ʈʰjʊ³³,ʈʰj,ʊ,³³,ɡʷ,a,
27404,欌,,,,,,,
27405,欍,,,,,,,
27406,欎,,,,,,,
27407,欏,lɑ³³,l,ɑ,³³,,,
27408,欐,liᴇ³⁵,l,iᴇ,³⁵,spr,e,l
27409,欑,dzʷɑn³³,dzʷ,ɑn,³³,s,o,̠nʔ
27410,欒,lʷɑn³³,lʷ,ɑn,³³,ɡ,ə,r
27411,欓,tʰɑŋ³⁵,tʰ,ɑŋ,³⁵,k‧l,a,̠ŋʔ
27412,欔,kʷjak³̲³̲,kʷj,ak̲̲,³,,,
27413,欕,,,,,,,
27414,欖,lɑm³⁵,l,ɑm,³⁵,,,
27415,欗,lɑn³³,l,ɑn,³³,,,
27416,欘,ɖɰɔk³̲³̲,ɖɰɔk̲̲,,³,k‧l,o,ɡ
27417,欙,lʷɑ³⁵,lʷ,ɑ,³⁵,r,u,l
27418,欚,lei³⁵,l,ei,³⁵,r,e,̠lʔ
27419,欛,pɰæ³¹,pɰæ,,³¹,,,
27420,欜,nɑŋ³³,n,ɑŋ,³³,,,
27421,欝,ʔjut³̲³̲,ʔj,ut̲̲,³,q,u,d
27422,欞,leŋ³³,l,eŋ,³³,r,e,̠ŋ
27423,欟,,,,,,,
27424,欠,kʰjam³¹,kʰj,am,³¹,kh,o,ms
27425,次,dzi³³,dz,i,³³,sh,i,s
27426,欢,hʷɑn³³,hʷ,ɑn,³³,,,
27427,欣,hɨn³³,h,ɨn,³³,qh,ɯ,n
27428,欤,,,,,,,
27429,欥,jʷit³̲³̲,jʷ,it̲̲,³,ɢʷl,i,d
27430,欦,kʰjam³³,kʰj,am,³³,khl,a,m
27431,欧,ʔu³³,ʔ,u,³³,,,
27432,欨,hjʊ³⁵,hj,ʊ,³⁵,qh,o,
27433,欩,ʈʰiᴇu³³,ʈʰ,iᴇu,³³,,,
27434,欪,ʈʰit³̲³̲,ʈʰ,it̲̲,³,kh‧l,u,d
27435,欫,,,,,,,
27436,欬,ʔɰæi³¹,ʔɰæ,i,³¹,qr,ɯ,̠ɡs
27437,欭,ʔɰi³¹,ʔɰ,i,³¹,qr,i,ls
27438,欮,kʷjɤt³̲³̲,kʷj,ɤt̲̲,³,k,o,d
27439,欯,hit³̲³̲,h,it̲̲,³,qhl,i,d
27440,欰,sʷit³̲³̲,sʷ,it̲̲,³,,,
27441,欱,həp³̲³̲,h,əp̲̲,³,qh,u,̠b
27442,欲,,,,,ɢl,o,ɡ
27443,欳,kʰʷɰɛi³¹,kʰʷɰ,ɛi,³¹,,,
27444,欴,lɑŋ³³,l,ɑŋ,³³,,,
27445,欵,kʰʷɑn³⁵,kʰʷ,ɑn,³⁵,khl,o,̠nʔ
27446,欶,ʂjuk³̲³̲,ʂj,uk̲̲,³,sl,o,̠ɡs
27447,欷,hɨi³¹,h,ɨi,³¹,qhl,ɯ,l
27448,欸,ʔəi³³,ʔ,əi,³³,qhr,ɯ,̠s
27449,欹,ʔɰiᴇ³³,ʔɰ,iᴇ,³³,qr,a,l
27450,欺,kʰɨ³³,kʰ,ɨ,³³,kh,ɯ,
27451,欻,,,,,m̥h,ɯ,d
27452,欼,tʂʰɨ³⁵,tʂʰ,ɨ,³⁵,,,
27453,欽,ŋɰim³³,ŋɰ,im,³³,khr,ɯ,m
27454,款,hɨn³³,h,ɨn,³³,khl,o,̠nʔ
27455,欿,tʰəm³³,tʰ,əm,³³,ɡl,o,̠mʔ
27456,歀,kʰʷɑn³⁵,kʰʷ,ɑn,³⁵,khl,o,̠nʔ
27457,歁,kʰɰɛm³³,kʰɰ,ɛm,³³,khl,u,̠mʔ
27458,歂,dʑʷiᴇn³³,dʑʷ,iᴇn,³³,ɡlj,o,n
27459,歃,ʂiᴇp³̲³̲,ʂ,iᴇp̲̲,³,sqr,e,̠b
27460,歄,kʷɰɛ³³,kʷɰ,ɛ,³³,,,
27461,歅,ʔen³³,ʔ,en,³³,q,i,n
27462,歆,hɰim³³,hɰ,im,³³,qhr,ɯ,m
27463,歇,hjai³¹,hj,ai,³¹,qh,a,d
27464,歈,jʊ³³,j,ʊ,³³,l,o,
27465,歉,kʰɰɛm³¹,kʰɰ,ɛm,³¹,kh,e,̠mʔ
27466,歊,hɑk³̲³̲,h,ɑk̲̲,³,qh,u,̠ɡ
27467,歋,jæ³³,jæ,,³³,ɢl,e,
27468,歌,kɑ³³,k,ɑ,³³,k,a,̠l
27469,歍,ʔu̯o³³,ʔ,u̯o,³³,q,a,̠
27470,歎,tʰɑn³³,tʰ,ɑn,³³,kh‧l,a,̠ns
27471,歏,ɡɰin³¹,ɡɰ,in,³¹,,,
27472,歐,ʔu³⁵,ʔ,u,³⁵,q,o,̠ʔ
27473,歑,hu̯o³³,h,u̯o,³³,qh,a,̠
27474,歒,tʰek³̲³̲,tʰ,ek̲̲,³,,,
27475,歓,,,,,,,
27476,歔,hjɤ³³,hj,ɤ,³³,qhl,a,
27477,歕,pʰu̯on³³,pʰ,u̯on,³³,ph,ɯ,̠ns
27478,歖,hɨ³³,h,ɨ,³³,qh,ɯ,
27479,歗,seu³¹,s,eu,³¹,sl,ɯ,̠wɡs
27480,歘,,,,,m̥h,u,d
27481,歙,hɰip³̲³̲,hɰ,ip̲̲,³,qhr,u,b
27482,歚,,,,,,,
27483,歛,həm³³,h,əm,³³,qhl,a,̠m
27484,歜,dzəm³⁵,dz,əm,³⁵,khlj,o,ɡ
27485,歝,jiᴇk³̲³̲,j,iᴇk̲̲,³,,,
27486,歞,ŋəp³̲³̲,ŋ,əp̲̲,³,,,
27487,歟,jɤ³³,j,ɤ,³³,ɢl,a,s
27488,歠,tɕʰʷiᴇt³̲³̲,tɕʰʷ,iᴇt̲̲,³,thj,o,d
27489,歡,hʷɑn³³,hʷ,ɑn,³³,qh,o,̠n
27490,止,tɕɨ³⁵,tɕ,ɨ,³⁵,klj,ɯ,ʔ
27491,正,tɕiᴇŋ³³,tɕ,iᴇŋ,³³,kj,e,ŋs
27492,此,tsʰiᴇ³⁵,tsʰ,iᴇ,³⁵,sh,e,ʔ
27493,步,bu̯o³¹,b,u̯o,³¹,b,a,̠s
27494,武,mjʊ³⁵,mj,ʊ,³⁵,mb,a,ʔ
27495,歧,ɡiᴇ³³,ɡ,iᴇ,³³,ɡ,e,
27496,歨,,,,,,,
27497,歩,bu̯o³¹,b,u̯o,³¹,,,
27498,歪,,,,,,,
27499,歫,ɡjɤ³⁵,ɡj,ɤ,³⁵,ɡ,a,ʔ
27500,歬,dzen³³,dz,en,³³,z,e,̠n
27501,歭,ɖɨ³⁵,ɖ,ɨ,³⁵,ɡ‧l,ɯ,ʔ
27502,歮,,,,,,,
27503,歯,,,,,,,
27504,歰,ʂip³̲³̲,ʂ,ip̲̲,³,sr,ɯ,b
27505,歱,dʑjʊŋ³⁵,dʑj,ʊŋ,³⁵,tj,o,ŋʔ
27506,歲,sʷiᴇi³¹,sʷ,iᴇi,³¹,sqhʷ,a,ds
27507,歳,sʷiᴇi³¹,sʷ,iᴇi,³¹,,,
27508,歴,,,,,,,
27509,歵,,,,,,,
27510,歶,,,,,,,
27511,歷,lek³̲³̲,l,ek̲̲,³,r,e,̠ɡ
27512,歸,kʷɨi³³,kʷ,ɨi,³³,kl,u,l
27513,歹,,,,,,,
27514,歺,dzɑt³̲³̲,dz,ɑt̲̲,³,ŋ,a,̠d
27515,死,si³⁵,s,i,³⁵,l̥j,i,ʔ
27516,歼,tsiᴇm³³,ts,iᴇm,³³,,,
27517,歽,tɕiᴇt³̲³̲,tɕ,iᴇt̲̲,³,,,
27518,歾,mjun³⁵,mj,un,³⁵,m,ɯ,̠d
27519,歿,mu̯ot³̲³̲,m,u̯ot̲̲,³,m,ɯ,̠d
27520,殀,ʔɰiᴇu³⁵,ʔɰ,iᴇu,³⁵,qr,o,wʔ
27521,殁,mu̯ot³̲³̲,m,u̯ot̲̲,³,m,ɯ,̠d
27522,殂,dzu̯o³³,dz,u̯o,³³,sɡ,a,̠
27523,殃,ʔjaŋ³³,ʔj,aŋ,³³,q,a,ŋ
27524,殄,den³⁵,d,en,³⁵,ɡ‧l,ɯ,̠nʔ
27525,殅,dziᴇŋ³³,dz,iᴇŋ,³³,,,
27526,殆,dəi³⁵,d,əi,³⁵,ɡ‧l,ɯ,̠ʔ
27527,殇,,,,,,,
27528,殈,hʷɨk³̲³̲,hʷ,ɨk̲̲,³,qhʷ,e,̠ɡ
27529,殉,zʷin³¹,zʷ,in,³¹,sɢʷ,i,ns
27530,殊,dʑjʊ³³,dʑj,ʊ,³³,dj,o,
27531,残,dzɑn³³,dz,ɑn,³³,,,
27532,殌,,,,,,,
27533,殍,bɰi³⁵,bɰ,i,³⁵,ph,u,w
27534,殎,,,,,,,
27535,殏,ɡɨu³³,ɡ,ɨu,³³,,,
27536,殐,ʂɰɔk³̲³̲,ʂɰɔk̲̲,,³,,,
27537,殑,ɡɨŋ³⁵,ɡ,ɨŋ,³⁵,,,
27538,殒,,,,,,,
27539,殓,liᴇm³¹,l,iᴇm,³¹,,,
27540,殔,ji³¹,j,i,³¹,l,ɯ,ds
27541,殕,ʔək³̲³̲,ʔ,ək̲̲,³,,,
27542,殖,dʐɨ³¹,dʐ,ɨ,³¹,dj,ɯ,ɡ
27543,殗,ʔɰiᴇm³³,ʔɰ,iᴇm,³³,q,o,b
27544,殘,dzɑn³³,dz,ɑn,³³,z,a,̠n
27545,殙,mən³¹,m,ən,³¹,m̥h,u,̠n
27546,殚,,,,,,,
27547,殛,kɨk³̲³̲,k,ɨk̲̲,³,k,ɯ,ɡ
27548,殜,jap³̲³̲,j,ap̲̲,³,,,
27549,殝,tʂɪn³³,tʂ,ɪn,³³,,,
27550,殞,ɦʲʷin³⁵,ɦʲʷ,in,³⁵,ɢr,u,nʔ
27551,殟,ʔu̯ot³̲³̲,ʔ,u̯ot̲̲,³,q,u,̠n
27552,殠,hɨu³⁵,h,ɨu,³⁵,khlj,u,s
27553,殡,pin³¹,p,in,³¹,,,
27554,殢,hei³¹,h,ei,³¹,,,
27555,殣,ɡɨn³¹,ɡ,ɨn,³¹,ɡr,ɯ,ns
27556,殤,ɕjaŋ³¹,ɕj,aŋ,³¹,l̥,a,ŋ
27557,殥,,,,,l,i,ns
27558,殦,,,,,,,
27559,殧,tsəp³̲³̲,ts,əp̲̲,³,,,
27560,殨,ɦu̯ot³̲³̲,ɦ,u̯ot̲̲,³,ɡ,u,̠ls
27561,殩,tsʰʷɑn³¹,tsʰʷ,ɑn,³¹,,,
27562,殪,ʔei³¹,ʔ,ei,³¹,q,i,̠ɡs
27563,殫,tɑn³³,t,ɑn,³³,t,a,̠n
27564,殬,tu̯o³¹,t,u̯o,³¹,k‧l,a,̠ɡs
27565,殭,kjaŋ³³,kj,aŋ,³³,k,a,ŋ
27566,殮,liᴇm³¹,l,iᴇm,³¹,,,
27567,殯,pin³¹,p,in,³¹,p,i,ns
27568,殰,duk³̲³̲,d,uk̲̲,³,ɡ‧l,o,̠ɡ
27569,殱,,,,,,,
27570,殲,tsiᴇm³³,ts,iᴇm,³³,s,e,m
27571,殳,mɰɛt³̲³̲,mɰ,ɛt̲̲,³,dj,o,
27572,殴,ʔu³⁵,ʔ,u,³⁵,,,
27573,段,tʷɑn³¹,tʷ,ɑn,³¹,d,o,̠ns
27574,殶,,,,,tj,o,s
27575,殷,ʔɨn³³,ʔ,ɨn,³³,qr,ɯ,̠n
27576,殸,ɕiᴇŋ³³,ɕ,iᴇŋ,³³,khl,e,̠ŋs
27577,殹,ʔei³¹,ʔ,ei,³¹,q,i,̠s
27578,殺,ɕɨ³¹,ɕ,ɨ,³¹,sr,e,̠d
27579,殻,,,,,,,
27580,殼,kʰɰɔŋ³⁵,kʰɰɔŋ,,³⁵,khr,o,̠ɡ
27581,殽,ɦɰæu³³,ɦɰæ,u,³³,ɡr,a,̠w
27582,殾,,,,,,,
27583,殿,den³¹,d,en,³¹,t,ɯ,̠ns
27584,毀,hʷɰiᴇ³⁵,hʷɰ,iᴇ,³⁵,m̥hr,a,lʔ
27585,毁,hʷiᴇ³¹,hʷ,iᴇ,³¹,,,
27586,毂,,,,,,,
27587,毃,kʰɰɔk³̲³̲,kʰɰɔk̲̲,,³,khr,o,̠wɡ
27588,毄,kʰek³̲³̲,kʰ,ek̲̲,³,ɡ,ə,r
27589,毅,ŋɨi³¹,ŋ,ɨi,³¹,ŋɡl,ɯ,ds
27590,毆,ʔu³⁵,ʔ,u,³⁵,q,o,̠ʔ
27591,毇,hʷɰiᴇ³⁵,hʷɰ,iᴇ,³⁵,m̥hr,a,lʔ
27592,毈,dʷɑ³⁵,dʷ,ɑ,³⁵,d,o,̠ns
27593,毉,ʔɨ³³,ʔ,ɨ,³³,q,ɯ,
27594,毊,ɡɰiᴇu³³,ɡɰ,iᴇu,³³,qhr,e,w
27595,毋,mu³³,m,u,³³,m,ɯ,
27596,毌,kʷɑn³¹,kʷ,ɑn,³¹,k,o,̠ns
27597,母,mu̯o³³,m,u̯o,³³,m,ɯ,ʔ
27598,毎,,,,,m,ɯ,̠s
27599,每,mu̯oi³⁵,m,u̯oi,³⁵,m,ɯ,̠ʔ
27600,毐,ʔəi³⁵,ʔ,əi,³⁵,qml,ɯ,̠
27601,毑,tsɑ³⁵,ts,ɑ,³⁵,,,
27602,毒,dəi³¹,d,əi,³¹,d,u,̠ɡ
27603,毓,juk³̲³̲,j,uk̲̲,³,l,u,ɡ
27604,比,pʰiᴇ³⁵,pʰ,iᴇ,³⁵,p,i,ʔ
27605,毕,pit³̲³̲,p,it̲̲,³,,,
27606,毖,pɰi³¹,pɰ,i,³¹,pr,i,ɡs
27607,毗,bi³³,b,i,³³,b,i,
27608,毘,,,,,,,
27609,毙,biᴇi³¹,b,iᴇi,³¹,,,
27610,毚,tʂʰɰæm³³,tʂʰɰæm,,³³,zr,a,̠m
27611,毛,dɰɛp³̲³̲,dɰ,ɛp̲̲,³,m,a,̠w
27612,毜,,,,,,,
27613,毝,,,,,,,
27614,毞,bi³³,b,i,³³,,,
27615,毟,,,,,,,
27616,毠,kɰæ³³,kɰæ,,³³,,,
27617,毡,tɕiᴇn³³,tɕ,iᴇn,³³,,,
27618,毢,səi³³,s,əi,³³,,,
27619,毣,mɑu³¹,m,ɑu,³¹,mr,a,̠wɡ
27620,毤,jʷiᴇt³̲³̲,jʷ,iᴇt̲̲,³,,,
27621,毥,zʷin³¹,zʷ,in,³¹,,,
27622,毦,ȵɨ³¹,ȵ,ɨ,³¹,,,
27623,毧,,,,,,,
27624,毨,sen³⁵,s,en,³⁵,sl,ɯ,̠nʔ
27625,毩,,,,,,,
27626,毪,,,,,,,
27627,毫,ɦɑu³³,ɦ,ɑu,³³,ɡ,o,̠w
27628,毬,ɡɨu³³,ɡ,ɨu,³³,ɡ,u,
27629,毭,du³¹,d,u,³¹,,,
27630,毮,,,,,,,
27631,毯,tʰɑm³⁵,tʰ,ɑm,³⁵,,,
27632,毰,bu̯oi³³,b,u̯oi,³³,,,
27633,毱,ɡjuk³̲³̲,ɡj,uk̲̲,³,ɡ,u,ɡ
27634,毲,tʷɑt³̲³̲,tʷ,ɑt̲̲,³,,,
27635,毳,ȵʷiᴇi³¹,ȵʷ,iᴇi,³¹,skhr,o,ds
27636,毴,,,,,,,
27637,毵,,,,,,,
27638,毶,,,,,,,
27639,毷,mɑu³¹,m,ɑu,³¹,,,
27640,毸,su̯oi³³,s,u̯oi,³³,,,
27641,毹,ʂjʊ³³,ʂj,ʊ,³³,sr,o,
27642,毺,,,,,,,
27643,毻,tʰʷɑ³¹,tʰʷ,ɑ,³¹,kh‧l,o,̠ls
27644,毼,kʰɑt³̲³̲,kʰ,ɑt̲̲,³,ɡ,a,̠d
27645,毽,,,,,,,
27646,毾,tʰɑp³̲³̲,tʰ,ɑp̲̲,³,th,a,̠b
27647,毿,səm³³,s,əm,³³,sl,u,̠m
27648,氀,ljʊ³³,lj,ʊ,³³,,,
27649,氁,,,,,,,
27650,氂,ləi³³,l,əi,³³,ɡ,ə,r
27651,氃,duŋ³³,d,uŋ,³³,,,
27652,氄,ȵjuŋ³³,ȵj,uŋ,³³,nj,o,ŋʔ
27653,氅,tɕʰjaŋ³⁵,tɕʰj,aŋ,³⁵,,,
27654,氆,,,,,,,
27655,氇,,,,,,,
27656,氈,tɕiᴇn³³,tɕ,iᴇn,³³,tj,a,n
27657,氉,,,,,,,
27658,氊,,,,,tj,a,n
27659,氋,muŋ³³,m,uŋ,³³,,,
27660,氌,,,,,,,
27661,氍,ɡjʊ³³,ɡj,ʊ,³³,ɡʷ,a,
27662,氎,dɰɛp³̲³̲,dɰ,ɛp̲̲,³,,,
27663,氏,dʑiᴇ³⁵,dʑ,iᴇ,³⁵,ɡj,e,ʔ
27664,氐,tei³⁵,t,ei,³⁵,t,i,l
27665,民,min³³,m,in,³³,m,i,n
27666,氒,kʷjɤt³̲³̲,kʷj,ɤt̲̲,³,k,o,d
27667,氓,mɰɛŋ³³,mɰ,ɛŋ,³³,mr,a,̠ŋ
27668,气,kʰɨt³̲³̲,kʰ,ɨt̲̲,³,kh,ɯ,ds
27669,氕,,,,,,,
27670,氖,,,,,,,
27671,気,,,,,,,
27672,氘,,,,,,,
27673,氙,,,,,,,
27674,氚,,,,,,,
27675,氛,bjun³³,bj,un,³³,b,ɯ,n
27676,氜,,,,,,,
27677,氝,,,,,,,
27678,氞,,,,,,,
27679,氟,,,,,,,
27680,氠,,,,,,,
27681,氡,,,,,,,
27682,氢,,,,,,,
27683,氣,hɨi³¹,h,ɨi,³¹,qh,ɯ,ds
27684,氤,ʔin³³,ʔ,in,³³,q,i,n
27685,氥,,,,,,,
27686,氦,,,,,,,
27687,氧,,,,,,,
27688,氨,,,,,,,
27689,氩,,,,,,,
27690,氪,,,,,,,
27691,氫,,,,,,,
27692,氬,,,,,,,
27693,氭,,,,,,,
27694,氮,,,,,,,
27695,氯,,,,,,,
27696,氰,,,,,,,
27697,氱,,,,,,,
27698,氲,ʔjun³³,ʔj,un,³³,,,
27699,氳,ʔjun³³,ʔj,un,³³,q,u,n
27700,水,ɦuŋ³³,ɦ,uŋ,³³,qhʷj,i,lʔ
27701,氵,tsʰin³¹,tsʰ,in,³¹,,,
27702,氶,dʑɨŋ³⁵,dʑ,ɨŋ,³⁵,kj,ɯ,ŋʔ
27703,氷,,,,,ŋpr,ɯ,ŋ
27704,永,ɦʲʷɰjæŋ³⁵,ɦʲʷɰjæŋ,,³⁵,ɢʷr,a,ŋʔ
27705,氹,,,,,,,
27706,氺,,,,,,,
27707,氻,lək³̲³̲,l,ək̲̲,³,,,
27708,氼,,,,,,,
27709,氽,,,,,,,
27710,氾,bju̯am³³,bj,u̯am,³³,ph,a,ms
27711,氿,ɡɨu³³,ɡ,ɨu,³³,kr,u,ʔ
27712,汀,tʰeŋ³³,tʰ,eŋ,³³,th,e,̠ŋ
27713,汁,tɕip³̲³̲,tɕ,ip̲̲,³,kj,u,b
27714,求,ɡɨu³³,ɡ,ɨu,³³,ɡ,u,
27715,汃,pɰin³³,pɰ,in,³³,phr,e,̠d
27716,汄,tʂɨk³̲³̲,tʂ,ɨk̲̲,³,,,
27717,汅,miᴇn³⁵,m,iᴇn,³⁵,,,
27718,汆,,,,,,,
27719,汇,ɦʲʷɨi³¹,ɦʲʷ,ɨi,³¹,,,
27720,汈,,,,,,,
27721,汉,hɑn³¹,h,ɑn,³¹,,,
27722,汊,tʂʰɰæ³¹,tʂʰɰæ,,³¹,,,
27723,汋,dʐɰɔk³̲³̲,dʐɰɔk̲̲,,³,sbr,e,̠wɡ
27724,汌,,,,,,,
27725,汍,ɦʷɑn³³,ɦʷ,ɑn,³³,ɡl,o,̠n
27726,汎,bjap³̲³̲,bj,ap̲̲,³,b,u,m
27727,汏,dɑ³³,d,ɑ,³³,d,a,̠ds
27728,汐,ziᴇk³̲³̲,z,iᴇk̲̲,³,sɢl,a,ɡ
27729,汑,tʰɑk³̲³̲,tʰ,ɑk̲̲,³,,,
27730,汒,mʷjaŋ³¹,mʷj,aŋ,³¹,m,a,̠ŋ
27731,汓,jɨu³³,j,ɨu,³³,sɢ,u,
27732,汔,ɡɨt³̲³̲,ɡ,ɨt̲̲,³,qh,ɯ,d
27733,汕,ʂɰæn³¹,ʂɰæn,,³¹,sr,e,̠ns
27734,汖,,,,,,,
27735,汗,kɑn³³,k,ɑn,³³,k,a,̠n
27736,汘,tsʰen³³,tsʰ,en,³³,sn̥,i,̠n
27737,汙,ʔʷɰæ³³,ʔʷɰæ,,³³,qʷ,a,̠s
27738,汚,ʔu̯o³¹,ʔ,u̯o,³¹,,,
27739,汛,sin³¹,s,in,³¹,sl,ɯ,̠ns
27740,汜,zɨ³⁵,z,ɨ,³⁵,sɢ,ɯ,ʔ
27741,汝,ȵjɤ³⁵,ȵj,ɤ,³⁵,nj,a,ʔ
27742,汞,ɦuŋ³¹,ɦ,uŋ,³¹,,,
27743,江,kɰɔŋ³³,kɰɔŋ,,³³,kr,o,̠ŋ
27744,池,ɖiᴇ³³,ɖ,iᴇ,³³,ɡ‧l,a,l
27745,污,ʔu̯o³³,ʔ,u̯o,³³,qʷ,a,̠
27746,汢,,,,,,,
27747,汣,,,,,,,
27748,汤,tʰɑŋ³³,tʰ,ɑŋ,³³,,,
27749,汥,kiᴇ³¹,k,iᴇ,³¹,ɡ,e,
27750,汦,tɕiᴇ³⁵,tɕ,iᴇ,³⁵,,,
27751,汧,kʰeŋ³¹,kʰ,eŋ,³¹,kh,e,̠ns
27752,汨,mek³̲³̲,m,ek̲̲,³,m,e,̠ɡ
27753,汩,ku̯ot³̲³̲,k,u̯ot̲̲,³,k,u,̠d
27754,汪,ʔʷɑŋ³¹,ʔʷ,ɑŋ,³¹,qʷ,a,̠ŋs
27755,汫,kʰeŋ³⁵,kʰ,eŋ,³⁵,sɡ,e,̠ŋʔ
27756,汬,dziᴇŋ³⁵,dz,iᴇŋ,³⁵,,,
27757,汭,ȵʷiᴇi³¹,ȵʷ,iᴇi,³¹,nj,o,bs
27758,汮,kʷɰin³³,kʷɰ,in,³³,,,
27759,汯,ɦʷɰɛŋ³³,ɦʷɰ,ɛŋ,³³,,,
27760,汰,dɰɛi³³,dɰ,ɛi,³³,th,a,̠ds
27761,汱,kʷen³⁵,kʷ,en,³⁵,kʷ,i,̠nʔ
27762,汲,kɰip³̲³̲,kɰ,ip̲̲,³,kr,ɯ,b
27763,汳,pʰʷjɤn³¹,pʰʷj,ɤn,³¹,ph,a,ns
27764,汴,bɰiᴇn³¹,bɰ,iᴇn,³¹,,,
27765,汵,kəm³³,k,əm,³³,k,ɯ,̠ms
27766,汶,mjun³⁵,mj,un,³⁵,m,ɯ,n
27767,汷,ɖi³³,ɖ,i,³³,tj,u,ŋ
27768,汸,pʰʷjaŋ³³,pʰʷj,aŋ,³³,p,a,ŋ
27769,汹,,,,,,,
27770,決,kʷet³̲³̲,kʷ,et̲̲,³,qhʷ,e,̠d
27771,汻,hɑŋ³⁵,h,ɑŋ,³⁵,,,
27772,汼,ŋɨu³³,ŋ,ɨu,³³,,,
27773,汽,ʔɰit³̲³̲,ʔɰ,it̲̲,³,kh,ɯ,ds
27774,汾,pjun³³,pj,un,³³,b,ɯ,n
27775,汿,zjɤ³⁵,zj,ɤ,³⁵,,,
27776,沀,zjɤ³⁵,zj,ɤ,³⁵,,,
27777,沁,tsʰim³¹,tsʰ,im,³¹,sh,ɯ,ms
27778,沂,ŋɨi³³,ŋ,ɨi,³³,ŋɡ,ɯ,l
27779,沃,ʔʷjak³̲³̲,ʔʷj,ak̲̲,³,q,u,ɡ
27780,沄,ɦʲjun³³,ɦʲj,un,³³,ɢʷ,ɯ,n
27781,沅,ŋʷjɤn³⁵,ŋʷj,ɤn,³⁵,ŋɡ,o,n
27782,沆,ɦɑŋ³³,ɦ,ɑŋ,³³,ɡ,a,̠ŋʔ
27783,沇,jʷin³⁵,jʷ,in,³⁵,ɢ,o,nʔ
27784,沈,ɖɰim³¹,ɖɰ,im,³¹,ɡ‧l,u,m
27785,沉,ɖim³³,ɖ,im,³³,ɡ‧l,u,m
27786,沊,təm³¹,t,əm,³¹,,,
27787,沋,ɦʲɨu³³,ɦʲ,ɨu,³³,ɢʷ,ɯ,
27788,沌,,,,,ɡ‧l,u,̠n
27789,沍,ɦu̯o³¹,ɦ,u̯o,³¹,ɡ,a,̠s
27790,沎,hʷɑ³¹,hʷ,ɑ,³¹,,,
27791,沏,tsʰet³̲³̲,tsʰ,et̲̲,³,,,
27792,沐,muk³̲³̲,m,uk̲̲,³,m,o,̠ɡ
27793,沑,ɳɨu³⁵,ɳ,ɨu,³⁵,m‧l,u,ɡ
27794,沒,mʷɑ³⁵,mʷ,ɑ,³⁵,m,ɯ,̠d
27795,沓,dəp³̲³̲,d,əp̲̲,³,d,u,̠b
27796,沔,miᴇn³⁵,m,iᴇn,³⁵,m,e,nʔ
27797,沕,mjut³̲³̲,mj,ut̲̲,³,m,ɯ,d
27798,沖,ɖjuŋ³³,ɖj,uŋ,³³,ɡ‧l,u,ŋ
27799,沗,,,,,,,
27800,沘,pi³⁵,p,i,³⁵,p,i,ʔ
27801,沙,ʂiᴇ³³,ʂ,iᴇ,³³,sr,a,̠l
27802,沚,tɕɨ³⁵,tɕ,ɨ,³⁵,klj,ɯ,ʔ
27803,沛,tsʷɑt³̲³̲,tsʷ,ɑt̲̲,³,p,o,̠bs
27804,沜,pʰʷɑn³¹,pʰʷ,ɑn,³¹,,,
27805,沝,tɕʷiᴇ³⁵,tɕʷ,iᴇ,³⁵,qʷj,i,lʔ
27806,沞,tsəp³̲³̲,ts,əp̲̲,³,,,
27807,沟,ku³³,k,u,³³,,,
27808,沠,,,,,,,
27809,没,mu̯oi³¹,m,u̯oi,³¹,m,ɯ,̠d
27810,沢,,,,,,,
27811,沣,,,,,,,
27812,沤,ʔu³¹,ʔ,u,³¹,,,
27813,沥,,,,,,,
27814,沦,lʷin³³,lʷ,in,³³,,,
27815,沧,,,,,,,
27816,沨,,,,,,,
27817,沩,,,,,,,
27818,沪,ɦu̯o³⁵,ɦ,u̯o,³⁵,,,
27819,沫,mʷɑt³̲³̲,mʷ,ɑt̲̲,³,m,a,̠d
27820,沬,mɑi³¹,m,ɑi,³¹,m̥h,ɯ,̠ds
27821,沭,ʑʷit³̲³̲,ʑʷ,it̲̲,³,ɢlj,u,d
27822,沮,tsʰjɤ³³,tsʰj,ɤ,³³,skh,a,
27823,沯,tsɑt³̲³̲,ts,ɑt̲̲,³,,,
27824,沰,tʰɑk³̲³̲,tʰ,ɑk̲̲,³,k‧l,a,̠ɡ
27825,沱,dɑ³⁵,d,ɑ,³⁵,l,a,̠l
27826,沲,dɑ³⁵,d,ɑ,³⁵,,,
27827,河,ɦɑ³³,ɦ,ɑ,³³,ɡ,a,̠l
27828,沴,net³̲³̲,n,et̲̲,³,ɡ,ə,r
27829,沵,,,,,,,
27830,沶,jɨ³³,j,ɨ,³³,,,
27831,沷,,,,,,,
27832,沸,pʰjut³̲³̲,pʰj,ut̲̲,³,p,ɯ,ds
27833,油,jɨu³¹,j,ɨu,³¹,l,ɯ,ws
27834,沺,den³³,d,en,³³,l,i,̠ŋ
27835,治,tʰəi³³,tʰ,əi,³³,ɡ‧l,i,s
27836,沼,tɕiᴇu³⁵,tɕ,iᴇu,³⁵,tj,e,wʔ
27837,沽,ku̯o³⁵,k,u̯o,³⁵,k,a,̠
27838,沾,ʈiᴇm³³,ʈ,iᴇm,³³,k‧l,e,̠ms
27839,沿,jʷiᴇn³³,jʷ,iᴇn,³³,ɢl,o,n
27840,泀,sɨ³³,s,ɨ,³³,,,
27841,況,hʷjaŋ³¹,hʷj,aŋ,³¹,m̥h,a,ŋs
27842,泂,ɦʷeŋ³⁵,ɦʷ,eŋ,³⁵,ɡʷ,e,̠ŋʔ
27843,泃,ku³³,k,u,³³,k,o,̠
27844,泄,siᴇt³̲³̲,s,iᴇt̲̲,³,ɢl,e,bs
27845,泅,jɨu³³,j,ɨu,³³,sɢ,u,
27846,泆,jit³̲³̲,j,it̲̲,³,l,i,ɡ
27847,泇,kɰæ³³,kɰæ,,³³,,,
27848,泈,tɕjuŋ³³,tɕj,uŋ,³³,tj,u,ŋ
27849,泉,dzʷɰiᴇn³¹,dzʷɰ,iᴇn,³¹,sɡ,o,n
27850,泊,bɑk³̲³̲,b,ɑk̲̲,³,b,a,̠ɡ
27851,泋,hʷɨi³¹,hʷ,ɨi,³¹,,,
27852,泌,bit³̲³̲,b,it̲̲,³,bl,i,ɡ
27853,泍,bu̯on³⁵,b,u̯on,³⁵,,,
27854,泎,dʐɰæk³̲³̲,dʐɰæk̲̲,,³,,,
27855,泏,ʈʷit³̲³̲,ʈʷ,it̲̲,³,k‧l,u,d
27856,泐,lɨk³̲³̲,l,ɨk̲̲,³,r,ɯ,ɡ
27857,泑,ʔju³³,ʔj,u,³³,qr,ɯ,w
27858,泒,ku̯o³³,k,u̯o,³³,kʷ,a,̠
27859,泓,ʔʷɰɛŋ³³,ʔʷɰ,ɛŋ,³³,qʷr,ɯ,̠ŋ
27860,泔,ɦəm³⁵,ɦ,əm,³⁵,k,a,̠m
27861,法,pjap³̲³̲,pj,ap̲̲,³,pk,a,b
27862,泖,lɨu³⁵,l,ɨu,³⁵,,,
27863,泗,si³¹,s,i,³¹,l̥j,i,ds
27864,泘,hu̯o³³,h,u̯o,³³,,,
27865,泙,pʰɰæŋ³³,pʰɰæŋ,,³³,br,e,ŋ
27866,泚,tsiᴇ³⁵,ts,iᴇ,³⁵,sh,e,ʔ
27867,泛,bjap³̲³̲,bj,ap̲̲,³,b,o,b
27868,泜,ɖi³⁵,ɖ,i,³⁵,d,i,l
27869,泝,su̯o³¹,s,u̯o,³¹,skl,a,̠ɡs
27870,泞,ɖjɤ³⁵,ɖj,ɤ,³⁵,,,
27871,泟,ʈʰiᴇŋ³³,ʈʰ,iᴇŋ,³³,,,
27872,泠,leŋ³³,l,eŋ,³³,ɡ,ə,r
27873,泡,pɰæu³³,pɰæ,u,³³,phr,u,̠
27874,波,pʷɑ³³,pʷ,ɑ,³³,p,a,̠l
27875,泣,lip³̲³̲,l,ip̲̲,³,khr,ɯ,b
27876,泤,zɨ³⁵,z,ɨ,³⁵,,,
27877,泥,nei³³,n,ei,³³,n,i,̠l
27878,泦,kjuk³̲³̲,kj,uk̲̲,³,,,
27879,泧,sɑt³̲³̲,s,ɑt̲̲,³,khʷ,a,d
27880,注,ʈjʊ³¹,ʈj,ʊ,³¹,tj,o,s
27881,泩,ʂɰæŋ³³,ʂɰæŋ,,³³,,,
27882,泪,lʷi³¹,lʷ,i,³¹,,,
27883,泫,ɦʷen³¹,ɦʷ,en,³¹,ɡʷ,i,̠nʔ
27884,泬,hʷet³̲³̲,hʷ,et̲̲,³,qʰʷ,i,̠ɡ
27885,泭,pʰjʊ³³,pʰj,ʊ,³³,ph,o,
27886,泮,pʰʷɑn³¹,pʰʷ,ɑn,³¹,ph,a,̠ns
27887,泯,min³⁵,m,in,³⁵,m,i,nʔ
27888,泰,tʰɑi³¹,tʰ,ɑi,³¹,th,a,̠ds
27889,泱,ʔɑŋ³³,ʔ,ɑŋ,³³,q,a,̠ŋʔ
27890,泲,tsei³⁵,ts,ei,³⁵,s,i,̠ʔ
27891,泳,ɦʲʷɰjæŋ³¹,ɦʲʷɰjæŋ,,³¹,ɢʷr,a,ŋs
27892,泴,,,,,,,
27893,泵,,,,,,,
27894,泶,,,,,,,
27895,泷,,,,,,,
27896,泸,,,,,,,
27897,泹,,,,,,,
27898,泺,pʰuk³̲³̲,pʰ,uk̲̲,³,,,
27899,泻,sjæ³¹,sjæ,,³¹,,,
27900,泼,,,,,,,
27901,泽,ɖɰæk³̲³̲,ɖɰæk̲̲,,³,,,
27902,泾,,,,,,,
27903,泿,ŋɰin³³,ŋɰ,in,³³,ŋ,ɯ,̠n
27904,洀,tɕɨu³³,tɕ,ɨu,³³,klj,u,
27905,洁,kit³̲³̲,k,it̲̲,³,,,
27906,洂,jiᴇk³̲³̲,j,iᴇk̲̲,³,,,
27907,洃,hu̯oi³³,h,u̯oi,³³,,,
27908,洄,ɦu̯oi³¹,ɦ,u̯oi,³¹,ɡ,u,̠l
27909,洅,tsu̯oi³⁵,ts,u̯oi,³⁵,s,ɯ,̠ʔ
27910,洆,dʑɨŋ³³,dʑ,ɨŋ,³³,,,
27911,洇,ʔin³³,ʔ,in,³³,q,i,n
27912,洈,kʷɰiᴇ³⁵,kʷɰ,iᴇ,³⁵,ŋɡr,o,l
27913,洉,ɦu³¹,ɦ,u,³¹,,,
27914,洊,,,,,z,ɯ,̠ns
27915,洋,jaŋ³³,j,aŋ,³³,ɢl,a,ŋ
27916,洌,liᴇt³̲³̲,l,iᴇt̲̲,³,r,e,d
27917,洍,jɨ³³,j,ɨ,³³,sɢ,ɯ,ʔ
27918,洎,ki³¹,k,i,³¹,kpr,i,ds
27919,洏,ȵɨ³³,ȵ,ɨ,³³,nj,ɯ,
27920,洐,ɦɰæŋ³³,ɦɰæŋ,,³³,ɡr,a,̠ŋ
27921,洑,bjuk³̲³̲,bj,uk̲̲,³,,,
27922,洒,ʂɰiᴇ³¹,ʂɰ,iᴇ,³¹,sr,e,̠ls
27923,洓,tsʰiᴇk³̲³̲,tsʰ,iᴇk̲̲,³,sh,e,ɡ
27924,洔,tɕɨ³⁵,tɕ,ɨ,³⁵,ɡ‧l,ɯ,ʔ
27925,洕,,,,,,,
27926,洖,ŋu̯o³³,ŋ,u̯o,³³,,,
27927,洗,sen³⁵,s,en,³⁵,sl,ɯ,̠nʔ
27928,洘,kʰɑu³⁵,kʰ,ɑu,³⁵,,,
27929,洙,dʑjʊ³³,dʑj,ʊ,³³,dj,o,
27930,洚,ʔu̯o³¹,ʔ,u̯o,³¹,ɡr,o,̠m
27931,洛,lɑk³̲³̲,l,ɑk̲̲,³,ɡ,ə,r
27932,洜,,,,,,,
27933,洝,ʔɑt³̲³̲,ʔ,ɑt̲̲,³,q,a,̠ns
27934,洞,duŋ³⁵,d,uŋ,³⁵,d,o,̠ŋs
27935,洟,tʰei³⁵,tʰ,ei,³⁵,l̥,i,̠s
27936,洠,mu³³,m,u,³³,,,
27937,洡,lu̯oi³¹,l,u̯oi,³¹,,,
27938,洢,ʔi³³,ʔ,i,³³,,,
27939,洣,mei³⁵,m,ei,³⁵,,,
27940,洤,dzʷiᴇn³³,dzʷ,iᴇn,³³,,,
27941,津,tsin³³,ts,in,³³,s,i,n
27942,洦,mɰæk³̲³̲,mɰæk̲̲,,³,phr,a,̠ɡ
27943,洧,ɦʲʷi³⁵,ɦʲʷ,i,³⁵,ɢʷr,ɯ,ʔ
27944,洨,kɰæu³³,kɰæ,u,³³,ɡr,e,̠w
27945,洩,siᴇt³̲³̲,s,iᴇt̲̲,³,l,e,ds
27946,洪,kɰɔŋ³¹,kɰɔŋ,,³¹,ɡl,o,̠ŋ
27947,洫,hʷɨk³̲³̲,hʷ,ɨk̲̲,³,qhʷr,ɯ,ɡ
27948,洬,ʂɰɔk³̲³̲,ʂɰɔk̲̲,,³,sl,u,̠ɡ
27949,洭,kʰʷjaŋ³³,kʰʷj,aŋ,³³,khʷ,a,ŋ
27950,洮,dɑu³³,d,ɑu,³³,l,e,w
27951,洯,ket³̲³̲,k,et̲̲,³,,,
27952,洰,ɡjɤ³⁵,ɡj,ɤ,³⁵,,,
27953,洱,ȵɨ³¹,ȵ,ɨ,³¹,mlj,ɯ,s
27954,洲,tɕɨu³³,tɕ,ɨu,³³,klj,u,
27955,洳,ȵjɤ³³,ȵj,ɤ,³³,nj,a,
27956,洴,beŋ³³,b,eŋ,³³,b,e,̠ŋ
27957,洵,zʷin³³,zʷ,in,³³,sqhʷ,i,n
27958,洶,hjʊŋ³³,hj,ʊŋ,³³,qh,o,ŋʔ
27959,洷,ɖit³̲³̲,ɖ,it̲̲,³,,,
27960,洸,ɦʷɑŋ³⁵,ɦʷ,ɑŋ,³⁵,kʷ,a,̠ŋ
27961,洹,ɦʷɑn³³,ɦʷ,ɑn,³³,ɢ,o,̠n
27962,洺,miᴇŋ³³,m,iᴇŋ,³³,m,e,ŋ
27963,活,ɦʷɑt³̲³̲,ɦʷ,ɑt̲̲,³,k,o,̠d
27964,洼,ʔʷi³³,ʔʷ,i,³³,kʷ,e,̠
27965,洽,ɦɰɛp³̲³̲,ɦɰ,ɛp̲̲,³,ɡr,u,̠b
27966,派,mɰɛk³̲³̲,mɰ,ɛk̲̲,³,m̥r,e,̠ɡs
27967,洿,ɦu̯o³⁵,ɦ,u̯o,³⁵,qʷ,a,̠
27968,浀,,,,,,,
27969,流,lɨu³³,l,ɨu,³³,r,u,
27970,浂,,,,,,,
27971,浃,,,,,,,
27972,浄,,,,,z,e,ŋs
27973,浅,tsʰiᴇn³⁵,tsʰ,iᴇn,³⁵,,,
27974,浆,tsjaŋ³³,tsj,aŋ,³³,,,
27975,浇,keu³³,k,eu,³³,,,
27976,浈,,,,,,,
27977,浉,,,,,,,
27978,浊,ɖɰɔk³̲³̲,ɖɰɔk̲̲,,³,,,
27979,测,tʂʰɨk³̲³̲,tʂʰ,ɨk̲̲,³,,,
27980,浌,,,,,,,
27981,浍,,,,,,,
27982,济,tsei³¹,ts,ei,³¹,,,
27983,浏,,,,,,,
27984,浐,,,,,,,
27985,浑,ɦu̯on³³,ɦ,u̯on,³³,,,
27986,浒,hu̯o³⁵,h,u̯o,³⁵,,,
27987,浓,ɳjʊŋ³³,ɳj,ʊŋ,³³,,,
27988,浔,,,,,,,
27989,浕,,,,,,,
27990,浖,lʷiᴇt³̲³̲,lʷ,iᴇt̲̲,³,,,
27991,浗,ɡɨu³³,ɡ,ɨu,³³,,,
27992,浘,mʷɨi³⁵,mʷ,ɨi,³⁵,m,ɯ,lʔ
27993,浙,tɕiᴇt³̲³̲,tɕ,iᴇt̲̲,³,klj,e,d
27994,浚,sʷin³¹,sʷ,in,³¹,sqh,u,ns
27995,浛,ɦəm³¹,ɦ,əm,³¹,ɡ,ɯ,̠ms
27996,浜,pɰɛŋ³³,pɰ,ɛŋ,³³,,,
27997,浝,mɰɔŋ³³,mɰɔŋ,,³³,mr,o,̠ŋ
27998,浞,dʐɰɔk³̲³̲,dʐɰɔk̲̲,,³,zr,o,̠ɡ
27999,浟,jɨu³³,j,ɨu,³³,ɢl,ɯ,w
28000,浠,hɨi³³,h,ɨi,³³,qhl,ɯ,l
28001,浡,bu̯ot³̲³̲,b,u̯ot̲̲,³,b,ɯ,̠d
28002,浢,du³¹,d,u,³¹,ɡ‧l,o,̠s
28003,浣,kʷɑn³⁵,kʷ,ɑn,³⁵,ɡ,o,̠nʔ
28004,浤,ɦʷɰɛŋ³³,ɦʷɰ,ɛŋ,³³,,,
28005,浥,ʔjap³̲³̲,ʔj,ap̲̲,³,q,a,b
28006,浦,pʰu̯o³⁵,pʰ,u̯o,³⁵,ph,a,̠ʔ
28007,浧,ʈʰiᴇŋ³⁵,ʈʰ,iᴇŋ,³⁵,ɢl,e,ŋʔ
28008,浨,ləm³⁵,l,əm,³⁵,r,u,̠mʔ
28009,浩,ɦɑu³⁵,ɦ,ɑu,³⁵,k,u,̠b
28010,浪,lɑŋ³¹,l,ɑŋ,³¹,r,a,̠ŋs
28011,浫,hɑn³⁵,h,ɑn,³⁵,,,
28012,浬,lɨ³³,l,ɨ,³³,,,
28013,浭,kɰæŋ³³,kɰæŋ,,³³,kr,a,̠ŋ
28014,浮,bɨu³³,b,ɨu,³³,b,u,
28015,浯,ŋu̯o³³,ŋ,u̯o,³³,ŋ,a,̠
28016,浰,len³¹,l,en,³¹,r,i,̠ns
28017,浱,ʑʷin³³,ʑʷ,in,³³,,,
28018,浲,bjʊŋ³³,bj,ʊŋ,³³,,,
28019,浳,jɨk³̲³̲,j,ɨk̲̲,³,,,
28020,浴,,,,,ɢl,o,ɡ
28021,浵,du̯oŋ³³,d,u̯oŋ,³³,l,u,̠ŋ
28022,浶,lɑu³³,l,ɑu,³³,ɡ,ə,r
28023,海,həi³⁵,h,əi,³⁵,qhml,ɯ,̠ʔ
28024,浸,tsʰim³³,tsʰ,im,³³,sk,i,ms
28025,浹,tsəp³̲³̲,ts,əp̲̲,³,sk,ɯ,̠b
28026,浺,ɖjuŋ³³,ɖj,uŋ,³³,,,
28027,浻,,,,,,,
28028,浼,mɰiᴇn³⁵,mɰ,iᴇn,³⁵,m,u,̠lʔ
28029,浽,ȵʷi³³,ȵʷ,i,³³,,,
28030,浾,tsin³³,ts,in,³³,skr,a,̠
28031,浿,pʰɑi³¹,pʰ,ɑi,³¹,ph,a,̠ds
28032,涀,ken³⁵,k,en,³⁵,ɡ,e,̠lʔ
28033,涁,,,,,,,
28034,涂,jæ³³,jæ,,³³,ɡ‧l,a,
28035,涃,kʰu̯on³¹,kʰ,u̯on,³¹,,,
28036,涄,beŋ³³,b,eŋ,³³,,,
28037,涅,net³̲³̲,n,et̲̲,³,m‧l,i,̠ɡ
28038,涆,kɑn³¹,k,ɑn,³¹,,,
28039,涇,keŋ³¹,k,eŋ,³¹,ɡ,e,ŋʔ
28040,消,siᴇu³³,s,iᴇu,³³,spl,e,w
28041,涉,tep³̲³̲,t,ep̲̲,³,t,e,̠b
28042,涊,ȵin³⁵,ȵ,in,³⁵,n,ɯ,̠nʔ
28043,涋,,,,,,,
28044,涌,jʊŋ³⁵,j,ʊŋ,³⁵,l,o,ŋʔ
28045,涍,hɰæu³¹,hɰæ,u,³¹,,,
28046,涎,jiᴇn³¹,j,iᴇn,³¹,lj,a,n
28047,涏,tʰeŋ³¹,tʰ,eŋ,³¹,,,
28048,涐,ŋɑ³⁵,ŋ,ɑ,³⁵,ŋ,a,̠l
28049,涑,kʰu³³,kʰ,u,³³,sl,o,̠ɡ
28050,涒,ʔjun³³,ʔj,un,³³,l̥,u,̠n
28051,涓,,,,,kʷ,e,̠n
28052,涔,dʐim³³,dʐ,im,³³,sɡr,ɯ,m
28053,涕,dei³⁵,d,ei,³⁵,kh‧l,i,̠lʔ
28054,涖,li³¹,l,i,³¹,r,ɯ,bs
28055,涗,ɕʷiᴇi³¹,ɕʷ,iᴇi,³¹,,,
28056,涘,dʐɨ³⁵,dʐ,ɨ,³⁵,sɡr,ɯ,ʔ
28057,涙,,,,,,,
28058,涚,,,,,l̥,o,ds
28059,涛,dɑu³³,d,ɑu,³³,,,
28060,涜,,,,,,,
28061,涝,lɑu³¹,l,ɑu,³¹,,,
28062,涞,,,,,,,
28063,涟,,,,,,,
28064,涠,,,,,,,
28065,涡,,,,,,,
28066,涢,,,,,,,
28067,涣,hʷɑn³¹,hʷ,ɑn,³¹,qh,o,̠ns
28068,涤,dek³̲³̲,d,ek̲̲,³,,,
28069,涥,,,,,,,
28070,润,ȵʷin³¹,ȵʷ,in,³¹,,,
28071,涧,kɰæn³¹,kɰæn,,³¹,,,
28072,涨,,,,,,,
28073,涩,ʂip³̲³̲,ʂ,ip̲̲,³,,,
28074,涪,bjʊ³³,bj,ʊ,³³,b,ɯ,
28075,涫,kjuŋ³³,kj,uŋ,³³,k,o,̠n
28076,涬,dɑt³̲³̲,d,ɑt̲̲,³,ɡ,e,̠ŋʔ
28077,涭,dʑɨu³⁵,dʑ,ɨu,³⁵,,,
28078,涮,ʂʷiᴇn³¹,ʂʷ,iᴇn,³¹,,,
28079,涯,ŋɰæ³³,ŋɰæ,,³³,ŋr,e,̠
28080,涰,tɕʷiᴇt³̲³̲,tɕʷ,iᴇt̲̲,³,,,
28081,涱,ʈjaŋ³⁵,ʈj,aŋ,³⁵,,,
28082,液,jiᴇk³̲³̲,j,iᴇk̲̲,³,l,a,ɡ
28083,涳,kʰuŋ³¹,kʰ,uŋ,³¹,khr,o,̠ŋ
28084,涴,ʔʷjɤn³³,ʔʷj,ɤn,³³,,,
28085,涵,ɦəm³⁵,ɦ,əm,³⁵,ɡ,u,̠m
28086,涶,tʰʷɑ³¹,tʰʷ,ɑ,³¹,th,o,̠l
28087,涷,tuŋ³¹,t,uŋ,³¹,t,o,̠ŋs
28088,涸,ɦɑk³̲³̲,ɦ,ɑk̲̲,³,ɡ,a,̠ɡ
28089,涹,ʔʷɑ³³,ʔʷ,ɑ,³³,q,o,̠l
28090,涺,kjɤ³³,kj,ɤ,³³,k,a,
28091,涻,ɕjæ³¹,ɕjæ,,³¹,qhlj,a,̠s
28092,涼,ljaŋ³³,lj,aŋ,³³,ɡ,ə,r
28093,涽,hu̯on³¹,h,u̯on,³¹,m̥h,u,̠n
28094,涾,dəp³̲³̲,d,əp̲̲,³,d,u,̠b
28095,涿,tuk³̲³̲,t,uk̲̲,³,rt,o,̠ɡ
28096,淀,den³¹,d,en,³¹,,,
28097,淁,tsʰiᴇp³̲³̲,tsʰ,iᴇp̲̲,³,sh,e,b
28098,淂,tək³̲³̲,t,ək̲̲,³,,,
28099,淃,ɡʷɰiᴇn³¹,ɡʷɰ,iᴇn,³¹,,,
28100,淄,tʂɨ³³,tʂ,ɨ,³³,sr,ɯ,
28101,淅,sek³̲³̲,s,ek̲̲,³,sl,e,̠ɡ
28102,淆,ɦɰæu³³,ɦɰæ,u,³³,ɡr,a,̠w
28103,淇,ɡɨ³³,ɡ,ɨ,³³,ɡ,ɯ,
28104,淈,ku̯ot³̲³̲,k,u̯ot̲̲,³,ɡl,u,̠d
28105,淉,kʷɑ³⁵,kʷ,ɑ,³⁵,kl,o,̠lʔ
28106,淊,jiᴇm³⁵,j,iᴇm,³⁵,qr,o,̠m
28107,淋,lim³³,l,im,³³,ɡ,ə,r
28108,淌,tɕʰjaŋ³¹,tɕʰj,aŋ,³¹,kh‧l,a,̠ŋʔ
28109,淍,tɕɨu³³,tɕ,ɨu,³³,,,
28110,淎,pʰjʊŋ³⁵,pʰj,ʊŋ,³⁵,,,
28111,淏,ɦɑu³⁵,ɦ,ɑu,³⁵,,,
28112,淐,tɕʰjaŋ³³,tɕʰj,aŋ,³³,,,
28113,淑,tɕʰjuk³̲³̲,tɕʰj,uk̲̲,³,ɡj,ɯ,wɡ
28114,淒,tsʰen³¹,tsʰ,en,³¹,sh,i,̠l
28115,淓,pʰʷjaŋ³³,pʰʷj,aŋ,³³,ph,a,ŋ
28116,淔,ʈʰɨk³̲³̲,ʈʰ,ɨk̲̲,³,th,ɯ,ɡ
28117,淕,ljuk³̲³̲,lj,uk̲̲,³,,,
28118,淖,tɕʰjak³̲³̲,tɕʰj,ak̲̲,³,mɡr,e,̠wɡs
28119,淗,kjuk³̲³̲,kj,uk̲̲,³,,,
28120,淘,dɑu³³,d,ɑu,³³,,,
28121,淙,dzu̯oŋ³³,dz,u̯oŋ,³³,zr,u,̠ŋ
28122,淚,lʷi³¹,lʷ,i,³¹,r,u,ds
28123,淛,tɕiᴇi³¹,tɕ,iᴇi,³¹,,,
28124,淜,bɰæm³³,bɰæm,,³³,b,ɯ,ŋ
28125,淝,bʷɨi³³,bʷ,ɨi,³³,,,
28126,淞,sjʊŋ³³,sj,ʊŋ,³³,sɢl,o,ŋ
28127,淟,tʰen³⁵,tʰ,en,³⁵,th,ɯ,̠nʔ
28128,淠,piᴇ³³,p,iᴇ,³³,phr,i,ds
28129,淡,dɑm³⁵,d,ɑm,³⁵,ɡ‧l,a,̠mʔ
28130,淢,ɦʲɨk³̲³̲,ɦʲ,ɨk̲̲,³,ɢʷr,ɯ,ɡ
28131,淣,ŋɰɛ³³,ŋɰ,ɛ,³³,,,
28132,淤,ʔjɤ³¹,ʔj,ɤ,³¹,q,a,
28133,淥,luk³̲³̲,l,uk̲̲,³,b,ə,r
28134,淦,kəm³³,k,əm,³³,k,ɯ,̠m
28135,淧,mit³̲³̲,m,it̲̲,³,,,
28136,淨,tʂɪn³³,tʂ,ɪn,³³,,,
28137,淩,lɨŋ³³,l,ɨŋ,³³,b,ə,r
28138,淪,,,,,ɡ,ə,r
28139,淫,jim³³,j,im,³³,b,ə,l
28140,淬,tsʰu̯oi³¹,tsʰ,u̯oi,³¹,sh,u,̠ds
28141,淭,ɡjɤ³³,ɡj,ɤ,³³,,,
28142,淮,ɦʷɰɛi³³,ɦʷɰ,ɛi,³³,ɡr,u,̠l
28143,淯,juk³̲³̲,j,uk̲̲,³,l,u,ɡ
28144,淰,nem³⁵,n,em,³⁵,qhlj,ɯ,mʔ
28145,深,ɕim³³,ɕ,im,³³,l̥,u,ms
28146,淲,bju³³,bj,u,³³,br,ɯ,w
28147,淳,dʑʷin³³,dʑʷ,in,³³,ɡlj,u,n
28148,淴,hu̯oi³¹,h,u̯oi,³¹,,,
28149,淵,kʷen³³,kʷ,en,³³,qʷ,i,̠n
28150,淶,ləi³³,l,əi,³³,ɡ,ə,r
28151,混,ku̯on³³,k,u̯on,³³,ɡ,u,̠nʔ
28152,淸,,,,,,,
28153,淹,ʔɰiᴇm³³,ʔɰ,iᴇm,³³,qr,o,m
28154,淺,tsʰiᴇn³⁵,tsʰ,iᴇn,³⁵,s,e,̠n
28155,添,tʰem³¹,tʰ,em,³¹,l̥,i,̠m
28156,淼,miᴇu³⁵,m,iᴇu,³⁵,m,e,wʔ
28157,淽,tɕɨ³⁵,tɕ,ɨ,³⁵,,,
28158,淾,ʔɰim³⁵,ʔɰ,im,³⁵,,,
28159,淿,,,,,,,
28160,渀,,,,,,,
28161,渁,,,,,,,
28162,渂,,,,,,,
28163,渃,ȵjak³̲³̲,ȵj,ak̲̲,³,,,
28164,渄,,,,,,,
28165,清,tsʰiᴇŋ³³,tsʰ,iᴇŋ,³³,sh,e,ŋ
28166,渆,,,,,,,
28167,渇,,,,,,,
28168,済,,,,,,,
28169,渉,ʑiᴇp³̲³̲,ʑ,iᴇp̲̲,³,,,
28170,渊,ʔʷen³³,ʔʷ,en,³³,,,
28171,渋,,,,,,,
28172,渌,luk³̲³̲,l,uk̲̲,³,,,
28173,渍,,,,,,,
28174,渎,,,,,,,
28175,渏,,,,,,,
28176,渐,dziᴇm³⁵,dz,iᴇm,³⁵,,,
28177,渑,miᴇn³⁵,m,iᴇn,³⁵,,,
28178,渒,pʰɑi³¹,pʰ,ɑi,³¹,ph,e,̠s
28179,渓,,,,,,,
28180,渔,ŋjɤ³³,ŋj,ɤ,³³,,,
28181,渕,,,,,,,
28182,渖,,,,,,,
28183,渗,ʂim³¹,ʂ,im,³¹,,,
28184,渘,ȵɨu³³,ȵ,ɨu,³³,,,
28185,渙,hʷɑn³¹,hʷ,ɑn,³¹,qh,o,̠ns
28186,渚,tɕjɤ³⁵,tɕj,ɤ,³⁵,klj,a,ʔ
28187,減,ɦɰɛm³⁵,ɦɰ,ɛm,³⁵,ɡr,ɯ,̠mʔ
28188,渜,nu̯on³⁵,n,u̯on,³⁵,n,o,̠nʔ
28189,渝,du³¹,d,u,³¹,l,o,
28190,渞,,,,,,,
28191,渟,tʰeŋ³³,tʰ,eŋ,³³,d,e,̠ŋ
28192,渠,ɡjɤ³¹,ɡj,ɤ,³¹,ɡ,a,
28193,渡,du̯o³¹,d,u̯o,³¹,ɡ‧l,a,̠ɡs
28194,渢,bjuŋ³³,bj,uŋ,³³,bl,u,m
28195,渣,dʐɰæ³¹,dʐɰæ,,³¹,,,
28196,渤,bu̯ot³̲³̲,b,u̯ot̲̲,³,b,ɯ,̠d
28197,渥,ʔuk³̲³̲,ʔ,uk̲̲,³,qr,o,̠ɡ
28198,渦,ʔʷɑ³³,ʔʷ,ɑ,³³,ql,o,̠l
28199,渧,tei³¹,t,ei,³¹,,,
28200,渨,ɦʲʷɨi³⁵,ɦʲʷ,ɨi,³⁵,q,u,̠l
28201,温,ʔu̯on³³,ʔ,u̯on,³³,,,
28202,渪,,,,,,,
28203,渫,siᴇt³̲³̲,s,iᴇt̲̲,³,skl,e,d
28204,測,tʂʰɨk³̲³̲,tʂʰ,ɨk̲̲,³,skhr,ɯ,ɡ
28205,渭,ɦʲʷɨi³¹,ɦʲʷ,ɨi,³¹,ɢr,u,ds
28206,渮,,,,,ɡ,a,̠l
28207,港,kɰɔŋ³⁵,kɰɔŋ,,³⁵,kr,o,̠ŋʔ
28208,渰,ʔɰiᴇm³⁵,ʔɰ,iᴇm,³⁵,qr,a,mʔ
28209,渱,kuŋ³¹,k,uŋ,³¹,,,
28210,渲,sʷiᴇn³¹,sʷ,iᴇn,³¹,,,
28211,渳,miᴇ³⁵,m,iᴇ,³⁵,ml,i,ʔ
28212,渴,kʰɑi³¹,kʰ,ɑi,³¹,ɡr,a,d
28213,渵,mɰæu³³,mɰæ,u,³³,,,
28214,渶,ʔɰjæŋ³³,ʔɰjæŋ,,³³,,,
28215,渷,jʷiᴇn³⁵,jʷ,iᴇn,³⁵,,,
28216,游,lɨu³³,l,ɨu,³³,l,u,
28217,渹,hʷɰɛŋ³³,hʷɰ,ɛŋ,³³,,,
28218,渺,miᴇu³⁵,m,iᴇu,³⁵,mbl,e,wʔ
28219,渻,siᴇŋ³⁵,s,iᴇŋ,³⁵,sl,e,ŋʔ
28220,渼,mɰi³⁵,mɰ,i,³⁵,,,
28221,渽,tsəi³³,ts,əi,³³,s,ɯ,̠
28222,渾,ɦu̯on³⁵,ɦ,u̯on,³⁵,ɡ,u,̠n
28223,渿,nɑi³¹,n,ɑi,³¹,n,a,̠ds
28224,湀,ɡʷi³⁵,ɡʷ,i,³⁵,kʷ,i,lʔ
28225,湁,ʈʰip³̲³̲,ʈʰ,ip̲̲,³,kh‧l,u,b
28226,湂,ŋɑk³̲³̲,ŋ,ɑk̲̲,³,,,
28227,湃,bɰɛi³¹,bɰ,ɛi,³¹,phr,o,̠ds
28228,湄,mɰi³³,mɰ,i,³³,mr,i,l
28229,湅,len³¹,l,en,³¹,ɡ,ə,r
28230,湆,kʰɰip³̲³̲,kʰɰ,ip̲̲,³,khr,ɯ,b
28231,湇,kʰɰip³̲³̲,kʰɰ,ip̲̲,³,,,
28232,湈,mu̯oi³³,m,u̯oi,³³,m,ɯ,
28233,湉,dem³³,d,em,³³,,,
28234,湊,tsʰu³¹,tsʰ,u,³¹,sh,o,̠s
28235,湋,ɦʲʷɨi³³,ɦʲʷ,ɨi,³³,ɢʷ,ɯ,l
28236,湌,tsʰɑn³³,tsʰ,ɑn,³³,sh,a,̠n
28237,湍,tɕʷiᴇn³³,tɕʷ,iᴇn,³³,klj,o,n
28238,湎,miᴇn³⁵,m,iᴇn,³⁵,m,e,nʔ
28239,湏,hu̯oi³¹,h,u̯oi,³¹,,,
28240,湐,pɰæk³̲³̲,pɰæk̲̲,,³,,,
28241,湑,sjɤ³³,sj,ɤ,³³,sŋ,a,
28242,湒,tsip³̲³̲,ts,ip̲̲,³,sk,i,b
28243,湓,bən³¹,b,ən,³¹,ph,ɯ,̠ns
28244,湔,tsiᴇn³⁵,ts,iᴇn,³⁵,z,e,̠n
28245,湕,kjɤn³⁵,kj,ɤn,³⁵,,,
28246,湖,ɦu̯o³³,ɦ,u̯o,³³,ɡ,a,̠
28247,湗,pʰjʊŋ³¹,pʰj,ʊŋ,³¹,p,o,ŋs
28248,湘,sjaŋ³³,sj,aŋ,³³,sl,a,ŋ
28249,湙,,,,,,,
28250,湚,,,,,,,
28251,湛,təm³³,t,əm,³³,k‧l,u,̠m
28252,湜,dʑɨk³̲³̲,dʑ,ɨk̲̲,³,ɡlj,ɯ,ɡ
28253,湝,kɰɛi³³,kɰ,ɛi,³³,kr,i,̠l
28254,湞,hɰæŋ³³,hɰæŋ,,³³,t,e,ŋ
28255,湟,ɦʷɑŋ³³,ɦʷ,ɑŋ,³³,ɡʷ,a,̠ŋ
28256,湠,tʰɑn³¹,tʰ,ɑn,³¹,,,
28257,湡,ŋjʊ³³,ŋj,ʊ,³³,ŋ,o,
28258,湢,pɨk³̲³̲,p,ɨk̲̲,³,pr,ɯ,ɡ
28259,湣,pʰjun³³,pʰj,un,³³,mr,u,nʔ
28260,湤,ɕiᴇ³³,ɕ,iᴇ,³³,,,
28261,湥,tʰu̯ot³̲³̲,tʰ,u̯ot̲̲,³,,,
28262,湦,ʂɰæŋ³³,ʂɰæŋ,,³³,,,
28263,湧,jʊŋ³⁵,j,ʊŋ,³⁵,l,o,ŋʔ
28264,湨,kʷek³̲³̲,kʷ,ek̲̲,³,kʷ,e,̠ɡ
28265,湩,ʈjʊŋ³⁵,ʈj,ʊŋ,³⁵,t,u,̠ŋʔ
28266,湪,tʰʷɑn³¹,tʰʷ,ɑn,³¹,kh‧l,o,̠ns
28267,湫,tseu³⁵,ts,eu,³⁵,z,ɯ,wʔ
28268,湬,,,,,,,
28269,湭,zɨu³³,z,ɨu,³³,,,
28270,湮,ʔei³¹,ʔ,ei,³¹,q,i,̠n
28271,湯,ɕjaŋ³³,ɕj,aŋ,³³,kh‧l,a,̠ŋs
28272,湰,ljuŋ³³,lj,uŋ,³³,,,
28273,湱,hʷɰæk³̲³̲,hʷɰæk̲̲,,³,,,
28274,湲,ɦʲʷiᴇn³³,ɦʲʷ,iᴇn,³³,ɢr,o,n
28275,湳,nəm³⁵,n,əm,³⁵,n,u,̠mʔ
28276,湴,bɰæm³¹,bɰæm,,³¹,,,
28277,湵,jɨu³⁵,j,ɨu,³⁵,,,
28278,湶,,,,,,,
28279,湷,,,,,,,
28280,湸,,,,,,,
28281,湹,,,,,,,
28282,湺,,,,,,,
28283,湻,,,,,,,
28284,湼,,,,,,,
28285,湽,tʂɨ³³,tʂ,ɨ,³³,,,
28286,湾,ʔʷɰæn³³,ʔʷɰæn,,³³,,,
28287,湿,ɕip³̲³̲,ɕ,ip̲̲,³,,,
28288,満,,,,,,,
28289,溁,,,,,,,
28290,溂,,,,,,,
28291,溃,ɦu̯oi³¹,ɦ,u̯oi,³¹,,,
28292,溄,,,,,,,
28293,溅,tsiᴇn³¹,ts,iᴇn,³¹,,,
28294,溆,,,,,,,
28295,溇,,,,,,,
28296,溈,kʷɰiᴇ³³,kʷɰ,iᴇ,³³,,,
28297,溉,,,,,k,ɯ,ds
28298,溊,,,,,,,
28299,溋,,,,,,,
28300,溌,,,,,,,
28301,溍,,,,,,,
28302,溎,kʷei³¹,kʷ,ei,³¹,,,
28303,溏,dɑŋ³³,d,ɑŋ,³³,ɡ‧l,a,̠ŋ
28304,源,ŋʷjɤn³³,ŋʷj,ɤn,³³,ŋɡ,o,n
28305,溑,sʷɑ³⁵,sʷ,ɑ,³⁵,sl,o,̠lʔ
28306,溒,ɦʲʷjɤn³³,ɦʲʷj,ɤn,³³,,,
28307,溓,liᴇm³³,l,iᴇm,³³,ɡ,ə,r
28308,溔,jiᴇu³⁵,j,iᴇu,³⁵,ɢ,a,wʔ
28309,溕,muŋ³¹,m,uŋ,³¹,,,
28310,準,ʂʷɰi³⁵,ʂʷɰ,i,³⁵,kʷj,i,nʔ
28311,溗,ʑɨŋ³³,ʑ,ɨŋ,³³,,,
28312,溘,kʰəp³̲³̲,kʰ,əp̲̲,³,kh,o,̠b
28313,溙,tʰɑi³¹,tʰ,ɑi,³¹,,,
28314,溚,ʈɰɛp³̲³̲,ʈɰ,ɛp̲̲,³,,,
28315,溛,ʔʷɰæ³³,ʔʷɰæ,,³³,,,
28316,溜,lɨu³¹,l,ɨu,³¹,b,ə,r
28317,溝,kɰɔŋ³⁵,kɰɔŋ,,³⁵,k,o,̠
28318,溞,sɑu³³,s,ɑu,³³,sl,u,̠
28319,溟,meŋ³³,m,eŋ,³³,m,e,̠ŋ
28320,溠,tsʰɑ³³,tsʰ,ɑ,³³,sr,a,̠ls
28321,溡,dʑɨ³³,dʑ,ɨ,³³,,,
28322,溢,jit³̲³̲,j,it̲̲,³,ɢ,i,ɡ
28323,溣,lu̯on³¹,l,u̯on,³¹,,,
28324,溤,,,,,,,
28325,溥,pʰjʊ³³,pʰj,ʊ,³³,ph,a,̠ʔ
28326,溦,mʷɨi³³,mʷ,ɨi,³³,m,ɯ,l
28327,溧,lit³̲³̲,l,it̲̲,³,b,ə,r
28328,溨,,,,,,,
28329,溩,ʔu̯o³⁵,ʔ,u̯o,³⁵,q,a,̠ʔ
28330,溪,kʰei³³,kʰ,ei,³³,kh,e,̠
28331,溫,ʔu̯on³³,ʔ,u̯on,³³,q,u,̠n
28332,溬,,,,,,,
28333,溭,ʑɨk³̲³̲,ʑ,ɨk̲̲,³,,,
28334,溮,ʂi³³,ʂ,i,³³,,,
28335,溯,ʂɰɔk³̲³̲,ʂɰɔk̲̲,,³,skl,a,̠ɡs
28336,溰,ŋɨi³³,ŋ,ɨi,³³,ŋɡ,ɯ,l
28337,溱,tʂɪn³³,tʂ,ɪn,³³,sr,i,n
28338,溲,ʂɨu³⁵,ʂ,ɨu,³⁵,sr,u,ʔ
28339,溳,ɦʲʷin³⁵,ɦʲʷ,in,³⁵,ɢr,u,nʔ
28340,溴,,,,,kʷ,e,̠ɡ
28341,溵,ʔɨn³³,ʔ,ɨn,³³,,,
28342,溶,jʊŋ³⁵,j,ʊŋ,³⁵,ɢl,o,ŋ
28343,溷,ɦu̯on³¹,ɦ,u̯on,³¹,ɡ,u,̠ns
28344,溸,,,,,,,
28345,溹,sɑk³̲³̲,s,ɑk̲̲,³,sl,a,̠ɡ
28346,溺,neu³¹,n,eu,³¹,nj,e,wɡ
28347,溻,tʰɑp³̲³̲,tʰ,ɑp̲̲,³,,,
28348,溼,ɕip³̲³̲,ɕ,ip̲̲,³,qhlj,ɯ,b
28349,溽,,,,,nj,o,ɡ
28350,溾,ʔu̯oi³⁵,ʔ,u̯oi,³⁵,,,
28351,溿,,,,,,,
28352,滀,ʈʰjuk³̲³̲,ʈʰj,uk̲̲,³,kh‧l,u,ɡ
28353,滁,ɖjɤ³³,ɖj,ɤ,³³,,,
28354,滂,pʰɑŋ³³,pʰ,ɑŋ,³³,ph,a,̠ŋ
28355,滃,ʔuŋ³⁵,ʔ,uŋ,³⁵,ql,o,̠ŋʔ
28356,滄,tsʰɑŋ³³,tsʰ,ɑŋ,³³,sh,a,̠ŋ
28357,滅,miᴇt³̲³̲,m,iᴇt̲̲,³,m,e,d
28358,滆,ɦɰɛk³̲³̲,ɦɰ,ɛk̲̲,³,,,
28359,滇,tʰen³¹,tʰ,en,³¹,kh‧l,i,̠ns
28360,滈,hɰɔk³̲³̲,hɰɔk̲̲,,³,ɡ,o,̠wʔ
28361,滉,ɦʷɑŋ³⁵,ɦʷ,ɑŋ,³⁵,,,
28362,滊,hɨi³¹,h,ɨi,³¹,,,
28363,滋,dzɨ³³,dz,ɨ,³³,s,ɯ,
28364,滌,dek³̲³̲,d,ek̲̲,³,ɡ‧l,ɯ,̠wɡ
28365,滍,ɖi³⁵,ɖ,i,³⁵,ɡ‧l,i,ʔ
28366,滎,hʷiᴇŋ³³,hʷ,iᴇŋ,³³,ɡʷ,e,̠ŋ
28367,滏,bjʊ³⁵,bj,ʊ,³⁵,b,a,ʔ
28368,滐,ɡʷɰiᴇt³̲³̲,ɡʷɰ,iᴇt̲̲,³,,,
28369,滑,ɦʷɰɛt³̲³̲,ɦʷɰ,ɛt̲̲,³,ɡr,u,̠d
28370,滒,kɑ³³,k,ɑ,³³,k,a,̠l
28371,滓,tʂɨ³⁵,tʂ,ɨ,³⁵,sr,ɯ,ʔ
28372,滔,dɑu³³,d,ɑu,³³,l̥,u,̠
28373,滕,dəŋ³³,d,əŋ,³³,ɡ‧l,ɯ,̠ŋ
28374,滖,sʷi³³,sʷ,i,³³,sl,u,̠ls
28375,滗,pɰit³̲³̲,pɰ,it̲̲,³,,,
28376,滘,,,,,,,
28377,滙,,,,,,,
28378,滚,ku̯on³⁵,k,u̯on,³⁵,,,
28379,滛,,,,,,,
28380,滜,,,,,,,
28381,滝,,,,,,,
28382,滞,ɖiᴇi³¹,ɖ,iᴇi,³¹,,,
28383,滟,,,,,,,
28384,滠,,,,,,,
28385,满,mʷɑn³⁵,mʷ,ɑn,³⁵,,,
28386,滢,,,,,,,
28387,滣,,,,,,,
28388,滤,ljɤ³¹,lj,ɤ,³¹,,,
28389,滥,lɑm³¹,l,ɑm,³¹,,,
28390,滦,,,,,,,
28391,滧,,,,,,,
28392,滨,,,,,,,
28393,滩,tʰɑn³³,tʰ,ɑn,³³,,,
28394,滪,,,,,,,
28395,滫,ʂɨu³³,ʂ,ɨu,³³,skl,ɯ,wʔ
28396,滬,ɦu̯o³⁵,ɦ,u̯o,³⁵,,,
28397,滭,pit³̲³̲,p,it̲̲,³,p,i,d
28398,滮,bju³³,bj,u,³³,br,ɯ,w
28399,滯,ɖiᴇi³¹,ɖ,iᴇi,³¹,d,a,ds
28400,滰,ɡjaŋ³⁵,ɡj,aŋ,³⁵,ɡ,a,ŋʔ
28401,滱,kʰu³¹,kʰ,u,³¹,kh,o,̠s
28402,滲,ʂim³¹,ʂ,im,³¹,sr,u,ms
28403,滳,ɕjaŋ³³,ɕj,aŋ,³³,,,
28404,滴,tek³̲³̲,t,ek̲̲,³,k‧l,e,̠ɡ
28405,滵,mɰit³̲³̲,mɰ,it̲̲,³,mbr,i,ɡ
28406,滶,ŋɑu³³,ŋ,ɑu,³³,ŋɡ,a,̠w
28407,滷,tɕʰiᴇk³̲³̲,tɕʰ,iᴇk̲̲,³,l,e,̠ɡ
28408,滸,hu̯o³⁵,h,u̯o,³⁵,ŋ̊h,a,̠ʔ
28409,滹,hu̯o³³,h,u̯o,³³,,,
28410,滺,jɨu³³,j,ɨu,³³,ɢl,ɯ,w
28411,滻,ʂɰɛn³⁵,ʂɰ,ɛn,³⁵,sŋr,e,̠nʔ
28412,滼,,,,,,,
28413,滽,jʊŋ³³,j,ʊŋ,³³,l,o,ŋ
28414,滾,ku̯on³¹,k,u̯on,³¹,,,
28415,滿,mən³¹,m,ən,³¹,m,a,̠nʔ
28416,漀,kʰiᴇŋ³³,kʰ,iᴇŋ,³³,kh,e,̠ŋʔ
28417,漁,ŋjɤ³³,ŋj,ɤ,³³,ŋ,a,
28418,漂,pʰiᴇu³¹,pʰ,iᴇu,³¹,ph,e,ws
28419,漃,dzek³̲³̲,dz,ek̲̲,³,sɡ,ɯ,̠wɡ
28420,漄,ŋɰɛ³³,ŋɰ,ɛ,³³,,,
28421,漅,tseu³⁵,ts,eu,³⁵,sk,a,wʔ
28422,漆,tsʰet³̲³̲,tsʰ,et̲̲,³,sh,i,ɡ
28423,漇,ʂɰiᴇ³⁵,ʂɰ,iᴇ,³⁵,,,
28424,漈,tsiᴇi³¹,ts,iᴇi,³¹,,,
28425,漉,luk³̲³̲,l,uk̲̲,³,b,ə,r
28426,漊,ljʊ³⁵,lj,ʊ,³⁵,ɡ,ə,r
28427,漋,ljuŋ³³,lj,uŋ,³³,,,
28428,漌,kɨn³⁵,k,ɨn,³⁵,,,
28429,漍,kʷɰɛk³̲³̲,kʷɰ,ɛk̲̲,³,kʷr,ɯ,̠ɡ
28430,漎,dzuŋ³³,dz,uŋ,³³,sl,o,ŋʔ
28431,漏,lu³¹,l,u,³¹,r,o,̠s
28432,漐,ɖip³̲³̲,ɖ,ip̲̲,³,kh‧l,i,b
28433,漑,kɨi³¹,k,ɨi,³¹,,,
28434,漒,ɡjaŋ³³,ɡj,aŋ,³³,,,
28435,漓,liᴇ³³,l,iᴇ,³³,b,ə,r
28436,演,,,,,l,i,̠nʔ
28437,漕,dzu³³,dz,u,³³,sɡ,u,̠
28438,漖,kɰæu³¹,kɰæ,u,³¹,,,
28439,漗,,,,,,,
28440,漘,ʑʷin³³,ʑʷ,in,³³,sblj,u,n
28441,漙,dʑʷiᴇn³⁵,dʑʷ,iᴇn,³⁵,d,o,̠n
28442,漚,ʔu³¹,ʔ,u,³¹,q,o,̠s
28443,漛,,,,,,,
28444,漜,jæ³⁵,jæ,,³⁵,,,
28445,漝,zip³̲³̲,z,ip̲̲,³,,,
28446,漞,mek³̲³̲,m,ek̲̲,³,,,
28447,漟,dɑŋ³³,d,ɑŋ,³³,,,
28448,漠,mɰæk³̲³̲,mɰæk̲̲,,³,m,a,̠ɡ
28449,漡,ɕjaŋ³³,ɕj,aŋ,³³,,,
28450,漢,hɑn³¹,h,ɑn,³¹,qhl,a,̠ns
28451,漣,lɑn³³,l,ɑn,³³,b,ə,r
28452,漤,ləm³⁵,l,əm,³⁵,,,
28453,漥,ʔʷɰæ³³,ʔʷɰæ,,³³,qʷr,e,̠
28454,漦,ŋɨ³³,ŋ,ɨ,³³,sɡr,ɯ,
28455,漧,kɑn³³,k,ɑn,³³,k,a,̠n
28456,漨,buŋ³³,b,uŋ,³³,b,o,ŋ
28457,漩,zʷiᴇn³¹,zʷ,iᴇn,³¹,sɢl,o,n
28458,漪,ʔɰiᴇ³³,ʔɰ,iᴇ,³³,qr,a,l
28459,漫,mʷɑn³³,mʷ,ɑn,³³,m,o,̠ns
28460,漬,dziᴇ³¹,dz,iᴇ,³¹,z,e,ɡs
28461,漭,mɑŋ³¹,m,ɑŋ,³¹,m,a,̠ŋʔ
28462,漮,kʰɑŋ³³,kʰ,ɑŋ,³³,khl,a,̠ŋ
28463,漯,lʷi³⁵,lʷ,i,³⁵,kh‧l,ɯ,̠b
28464,漰,pʰəŋ³³,pʰ,əŋ,³³,,,
28465,漱,ʂɨu³¹,ʂ,ɨu,³¹,sr,u,ɡs
28466,漲,ʈjaŋ³¹,ʈj,aŋ,³¹,k‧l,a,ŋ
28467,漳,tɕjaŋ³³,tɕj,aŋ,³³,klj,a,ŋ
28468,漴,dʐjaŋ³³,dʐj,aŋ,³³,,,
28469,漵,zjɤ³⁵,zj,ɤ,³⁵,sɢl,a,ʔ
28470,漶,ɦʷɑn³⁵,ɦʷ,ɑn,³⁵,ɡ,o,̠ns
28471,漷,hʷɰæk³̲³̲,hʷɰæk̲̲,,³,khʷ,a,̠ɡ
28472,漸,tsiᴇm³¹,ts,iᴇm,³¹,z,a,mʔ
28473,漹,ɦʲiᴇn³³,ɦʲ,iᴇn,³³,ɢr,a,n
28474,漺,tʂʰjaŋ³⁵,tʂʰj,aŋ,³⁵,shr,a,ŋʔ
28475,漻,lɨu³³,l,ɨu,³³,ɡ,ə,r
28476,漼,dzu̯oi³³,dz,u̯oi,³³,skh,u,̠lʔ
28477,漽,,,,,,,
28478,漾,jaŋ³¹,j,aŋ,³¹,ɢl,a,ŋs
28479,漿,tsjaŋ³³,tsj,aŋ,³³,sk,a,ŋ
28480,潀,,,,,klj,u,ŋ
28481,潁,jʷiᴇŋ³⁵,jʷ,iᴇŋ,³⁵,ɢʷ,e,ŋʔ
28482,潂,,,,,,,
28483,潃,,,,,,,
28484,潄,len³¹,l,en,³¹,sr,u,ɡs
28485,潅,,,,,,,
28486,潆,,,,,,,
28487,潇,,,,,,,
28488,潈,,,,,,,
28489,潉,,,,,,,
28490,潊,,,,,,,
28491,潋,,,,,,,
28492,潌,,,,,,,
28493,潍,,,,,,,
28494,潎,pʰiᴇi³¹,pʰ,iᴇi,³¹,ph,e,ds
28495,潏,jʷit³̲³̲,jʷ,it̲̲,³,ɢʷj,i,d
28496,潐,tsiᴇu³¹,ts,iᴇu,³¹,sk,e,ws
28497,潑,,,,,,,
28498,潒,zjaŋ³⁵,zj,aŋ,³⁵,ɡ‧l,a,̠ŋʔ
28499,潓,ɦʷei³¹,ɦʷ,ei,³¹,ɢʷ,i,̠ds
28500,潔,ket³̲³̲,k,et̲̲,³,k,e,̠d
28501,潕,mjʊ³⁵,mj,ʊ,³⁵,m,a,ʔ
28502,潖,bɰæ³³,bɰæ,,³³,,,
28503,潗,tsʰip³̲³̲,tsʰ,ip̲̲,³,sk,u,b
28504,潘,pʷɑ³³,pʷ,ɑ,³³,ph,a,̠n
28505,潙,ɦʲʷiᴇ³³,ɦʲʷ,iᴇ,³³,ɢʷ,a,l
28506,潚,seu³³,s,eu,³³,sl,ɯ,wɡ
28507,潛,dziᴇn³³,dz,iᴇn,³³,sɡ,o,m
28508,潜,dziᴇm³³,dz,iᴇm,³³,,,
28509,潝,hɰip³̲³̲,hɰ,ip̲̲,³,qhr,u,b
28510,潞,lu̯o³¹,l,u̯o,³¹,ɡ,ə,r
28511,潟,dek³̲³̲,d,ek̲̲,³,l̥j,a,ɡ
28512,潠,su̯on³¹,s,u̯on,³¹,skl,u,̠ns
28513,潡,du̯on³⁵,d,u̯on,³⁵,,,
28514,潢,ɦʷɑŋ³¹,ɦʷ,ɑŋ,³¹,ɡʷ,a,̠ŋs
28515,潣,mɰin³⁵,mɰ,in,³⁵,m,ɯ,̠lʔ
28516,潤,ȵʷin³¹,ȵʷ,in,³¹,nj,u,ns
28517,潥,,,,,,,
28518,潦,lɑu³¹,l,ɑu,³¹,ɡ,ə,r
28519,潧,tʂɪn³³,tʂ,ɪn,³³,sr,ɯ,n
28520,潨,dʐɰɔŋ³¹,dʐɰɔŋ,,³¹,klj,u,ŋ
28521,潩,jɨk³̲³̲,j,ɨk̲̲,³,b,ə,l
28522,潪,ɖɰɛk³̲³̲,ɖɰ,ɛk̲̲,³,d,e,ɡ
28523,潫,ʔʷɰæn³³,ʔʷɰæn,,³³,,,
28524,潬,tʰɑn³³,tʰ,ɑn,³³,d,a,̠nʔ
28525,潭,dəm³³,d,əm,³³,ɡ‧l,u,̠m
28526,潮,ɖiᴇu³³,ɖ,iᴇu,³³,d,e,w
28527,潯,zim³³,z,im,³³,sɢl,u,m
28528,潰,ɦu̯ot³̲³̲,ɦ,u̯ot̲̲,³,ɡ,u,̠ls
28529,潱,ʔet³̲³̲,ʔ,et̲̲,³,,,
28530,潲,ʂɰæu³¹,ʂɰæ,u,³¹,,,
28531,潳,du̯o³³,d,u̯o,³³,,,
28532,潴,,,,,,,
28533,潵,,,,,,,
28534,潶,hək³̲³̲,h,ək̲̲,³,m̥h,ɯ,̠ɡ
28535,潷,pɰit³̲³̲,pɰ,it̲̲,³,pr,u,d
28536,潸,ʂɰæn³¹,ʂɰæn,,³¹,sqr,a,̠n
28537,潹,,,,,,,
28538,潺,dʐiᴇn³³,dʐ,iᴇn,³³,sɡr,e,n
28539,潻,,,,,,,
28540,潼,duŋ³³,d,uŋ,³³,d,o,̠ŋ
28541,潽,pʰu̯o³⁵,pʰ,u̯o,³⁵,,,
28542,潾,lin³³,l,in,³³,,,
28543,潿,ɦʲʷɨi³³,ɦʲʷ,ɨi,³³,ɢʷ,ɯ,l
28544,澀,ʂip³̲³̲,ʂ,ip̲̲,³,sr,ɯ,b
28545,澁,ʂip³̲³̲,ʂ,ip̲̲,³,,,
28546,澂,ɖɨŋ³³,ɖ,ɨŋ,³³,d,ɯ,ŋ
28547,澃,,,,,,,
28548,澄,ɖɰæŋ³³,ɖɰæŋ,,³³,rd,ɯ,̠ŋ
28549,澅,ɦʷɰɛ³¹,ɦʷɰ,ɛ,³¹,ɡʷr,e,̠ɡs
28550,澆,keu³³,k,eu,³³,k,e,̠w
28551,澇,lɑu³¹,l,ɑu,³¹,ɡ,ə,r
28552,澈,ɖiᴇt³̲³̲,ɖ,iᴇt̲̲,³,d,e,d
28553,澉,kɑm³⁵,k,ɑm,³⁵,,,
28554,澊,tsʰu̯on³³,tsʰ,u̯on,³³,,,
28555,澋,kʷɰjæŋ³⁵,kʷɰjæŋ,,³⁵,,,
28556,澌,ʂiᴇ³³,ʂ,iᴇ,³³,sqh,e,s
28557,澍,tɕjʊ³¹,tɕj,ʊ,³¹,dj,o,s
28558,澎,pʰɰæŋ³³,pʰɰæŋ,,³³,phr,a,̠ŋ
28559,澏,ɦəm³³,ɦ,əm,³³,,,
28560,澐,ɦʲjun³³,ɦʲj,un,³³,ɢʷ,ɯ,n
28561,澑,,,,,,,
28562,澒,ɦɰɔŋ³⁵,ɦɰɔŋ,,³⁵,ɡ,o,̠ŋʔ
28563,澓,pjuk³̲³̲,pj,uk̲̲,³,b,u,ɡ
28564,澔,ɦɑu³⁵,ɦ,ɑu,³⁵,ɡ,u,̠ʔ
28565,澕,ɦʷɑ³³,ɦʷ,ɑ,³³,,,
28566,澖,,,,,ɡr,e,̠n
28567,澗,kɰæn³¹,kɰæn,,³¹,kr,e,̠ns
28568,澘,ʂɰæn³¹,ʂɰæn,,³¹,,,
28569,澙,,,,,,,
28570,澚,,,,,,,
28571,澛,,,,,,,
28572,澜,,,,,,,
28573,澝,,,,,,,
28574,澞,ŋjʊ³³,ŋj,ʊ,³³,ŋɡʷ,a,
28575,澟,lɰim³⁵,lɰ,im,³⁵,,,
28576,澠,miᴇn³⁵,m,iᴇn,³⁵,sblj,ɯ,ŋ
28577,澡,tsɑu³⁵,ts,ɑu,³⁵,s,a,̠wʔ
28578,澢,tɑŋ³³,t,ɑŋ,³³,,,
28579,澣,ɦʷɑn³⁵,ɦʷ,ɑn,³⁵,ɡʷ,a,̠nʔ
28580,澤,dɑk³̲³̲,d,ɑk̲̲,³,ɡ‧r,a,̠ɡ
28581,澥,ɦɰɛ³⁵,ɦɰ,ɛ,³⁵,ɡr,e,̠ʔ
28582,澦,jɤ³¹,j,ɤ,³¹,,,
28583,澧,lei³⁵,l,ei,³⁵,ph,u,ŋ
28584,澨,dʑiᴇi³¹,dʑ,iᴇi,³¹,dj,a,ds
28585,澩,ɦɰæu³⁵,ɦɰæ,u,³⁵,,,
28586,澪,leŋ³³,l,eŋ,³³,,,
28587,澫,,,,,,,
28588,澬,tsi³³,ts,i,³³,z,i,
28589,澭,ʔjʊŋ³³,ʔj,ʊŋ,³³,q,o,ŋ
28590,澮,kʷɑi³¹,kʷ,ɑi,³¹,k,o,̠bs
28591,澯,,,,,,,
28592,澰,ljam³¹,lj,am,³¹,,,
28593,澱,den³¹,d,en,³¹,d,ɯ,̠ns
28594,澲,ŋjap³̲³̲,ŋj,ap̲̲,³,,,
28595,澳,ʔjuk³̲³̲,ʔj,uk̲̲,³,q,u,ɡ
28596,澴,jʷiᴇn³¹,jʷ,iᴇn,³¹,,,
28597,澵,,,,,,,
28598,澶,ɖiᴇn³³,ɖ,iᴇn,³³,dj,a,n
28599,澷,,,,,,,
28600,澸,təm³⁵,t,əm,³⁵,,,
28601,澹,dɑm³¹,d,ɑm,³¹,ɡ‧l,a,̠ms
28602,澺,ʔɨk³̲³̲,ʔ,ɨk̲̲,³,q,ɯ,ɡ
28603,澻,zʷi³¹,zʷ,i,³¹,,,
28604,澼,kʰek³̲³̲,kʰ,ek̲̲,³,ph,e,̠ɡ
28605,澽,ɡjɤ³³,ɡj,ɤ,³³,ɡl,a,s
28606,澾,tʰɑt³̲³̲,tʰ,ɑt̲̲,³,,,
28607,澿,ɡɰim³³,ɡɰ,im,³³,ɡr,ɯ,m
28608,激,kʰeu³¹,kʰ,eu,³¹,kl,e,̠wɡ
28609,濁,ʈɰɔk³̲³̲,ʈɰɔk̲̲,,³,ɡ‧r,o,̠ɡ
28610,濂,sem³⁵,s,em,³⁵,,,
28611,濃,ɳjʊŋ³³,ɳj,ʊŋ,³³,n,o,ŋ
28612,濄,kʷɑ³³,kʷ,ɑ,³³,ql,o,̠l
28613,濅,tsim³¹,ts,im,³¹,sk,i,mʔ
28614,濆,bjun³⁵,bj,un,³⁵,b,ɯ,n
28615,濇,ʂip³̲³̲,ʂ,ip̲̲,³,sr,ɯ,ɡ
28616,濈,tʂip³̲³̲,tʂ,ip̲̲,³,skr,i,b
28617,濉,sʷi³³,sʷ,i,³³,skl,u,l
28618,濊,hʷɑt³̲³̲,hʷ,ɑt̲̲,³,qʷ,a,̠ds
28619,濋,tʂʰjɤ³⁵,tʂʰj,ɤ,³⁵,sŋ̊r,a,ʔ
28620,濌,tʰəp³̲³̲,tʰ,əp̲̲,³,,,
28621,濍,suŋ³³,s,uŋ,³³,,,
28622,濎,tʰeŋ³¹,tʰ,eŋ,³¹,t,e,̠ŋʔ
28623,濏,,,,,,,
28624,濐,,,,,,,
28625,濑,lɑi³¹,l,ɑi,³¹,,,
28626,濒,,,,,,,
28627,濓,,,,,,,
28628,濔,miᴇ³⁵,m,iᴇ,³⁵,ml,e,lʔ
28629,濕,tɕʰip³̲³̲,tɕʰ,ip̲̲,³,kh‧l,ɯ,̠b
28630,濖,dʑjɤ³¹,dʑj,ɤ,³¹,,,
28631,濗,mek³̲³̲,m,ek̲̲,³,,,
28632,濘,neŋ³¹,n,eŋ,³¹,n,e,̠ŋs
28633,濙,ɦʷeŋ³³,ɦʷ,eŋ,³³,qʷ,e,̠ŋʔ
28634,濚,jʷiᴇŋ³³,jʷ,iᴇŋ,³³,,,
28635,濛,muŋ³³,m,uŋ,³³,m,o,̠ŋʔ
28636,濜,,,,,zr,i,nʔ
28637,濝,ɡɨ³³,ɡ,ɨ,³³,ɡ,ɯ,
28638,濞,bɰi³¹,bɰ,i,³¹,phr,i,ds
28639,濟,tsei³¹,ts,ei,³¹,s,i,̠ls
28640,濠,ɦɑu³³,ɦ,ɑu,³³,ɡ,o,̠w
28641,濡,nʷɑn³³,nʷ,ɑn,³³,nj,o,
28642,濢,tsʰʷi³¹,tsʰʷ,i,³¹,s,u,lʔ
28643,濣,ʔʷɑt³̲³̲,ʔʷ,ɑt̲̲,³,,,
28644,濤,ɖɨu³³,ɖ,ɨu,³³,ɡ‧l,u,̠
28645,濥,,,,,l,i,ns
28646,濦,ʔɨn³³,ʔ,ɨn,³³,q,ɯ,n
28647,濧,tu̯oi³¹,t,u̯oi,³¹,,,
28648,濨,dzɨ³³,dz,ɨ,³³,,,
28649,濩,ʔʷɰæk³̲³̲,ʔʷɰæk̲̲,,³,ɡʷ,a,̠ɡ
28650,濪,tsʰeŋ³¹,tsʰ,eŋ,³¹,,,
28651,濫,lɑm³⁵,l,ɑm,³⁵,ɡ,ə,r
28652,濬,sʷin³¹,sʷ,in,³¹,sqhʷ,u,ns
28653,濭,kʰɑi³¹,kʰ,ɑi,³¹,q,a,̠bs
28654,濮,puk³̲³̲,p,uk̲̲,³,p,o,̠ɡ
28655,濯,ɖɰæu³¹,ɖɰæ,u,³¹,ɡ‧r,e,̠wɡs
28656,濰,jʷi³³,jʷ,i,³³,ɢ,u,l
28657,濱,,,,,p,i,n
28658,濲,kuk³̲³̲,k,uk̲̲,³,,,
28659,濳,,,,,,,
28660,濴,jʷiᴇŋ³³,jʷ,iᴇŋ,³³,ɢʷ,e,ŋ
28661,濵,pin³³,p,in,³³,,,
28662,濶,,,,,,,
28663,濷,,,,,,,
28664,濸,,,,,,,
28665,濹,,,,,,,
28666,濺,tsiᴇn³¹,ts,iᴇn,³¹,s,e,ns
28667,濻,du̯oi³⁵,d,u̯oi,³⁵,,,
28668,濼,lɑk³̲³̲,l,ɑk̲̲,³,ɡ,ə,r
28669,濽,tsɑn³¹,ts,ɑn,³¹,s,a,̠ns
28670,濾,ljɤ³¹,lj,ɤ,³¹,ɡ,ə,r
28671,濿,liᴇi³¹,l,iᴇi,³¹,b,ə,r
28672,瀀,ʔɨu³³,ʔ,ɨu,³³,ql,u,
28673,瀁,jaŋ³⁵,j,aŋ,³⁵,l,a,ŋs
28674,瀂,lu̯o³⁵,l,u̯o,³⁵,,,
28675,瀃,sɰiᴇ³¹,sɰ,iᴇ,³¹,,,
28676,瀄,tʂɪt³̲³̲,tʂ,ɪt̲̲,³,sr,i,ɡ
28677,瀅,kiᴇŋ³³,k,iᴇŋ,³³,,,
28678,瀆,duk³̲³̲,d,uk̲̲,³,ɡ‧l,o,̠ɡ
28679,瀇,ʔʷɑŋ³¹,ʔʷ,ɑŋ,³¹,qʷ,a,̠ŋʔ
28680,瀈,hʷɨi³³,hʷ,ɨi,³³,,,
28681,瀉,sjæ³¹,sjæ,,³¹,l̥j,a,ɡs
28682,瀊,bʷɑn³³,bʷ,ɑn,³³,,,
28683,瀋,tɕʰim³⁵,tɕʰ,im,³⁵,khlj,ɯ,mʔ
28684,瀌,piᴇu³¹,p,iᴇu,³¹,pr,e,w
28685,瀍,ɖiᴇn³³,ɖ,iᴇn,³³,d,a,n
28686,瀎,met³̲³̲,m,et̲̲,³,m,e,̠d
28687,瀏,lɨu³⁵,l,ɨu,³⁵,b,ə,r
28688,瀐,,,,,,,
28689,瀑,bɰɔk³̲³̲,bɰɔk̲̲,,³,b,o,̠wɡs
28690,瀒,ʂip³̲³̲,ʂ,ip̲̲,³,,,
28691,瀓,ɖɨŋ³³,ɖ,ɨŋ,³³,,,
28692,瀔,kuk³̲³̲,k,uk̲̲,³,,,
28693,瀕,pin³³,p,in,³³,b,i,n
28694,瀖,hʷɑk³̲³̲,hʷ,ɑk̲̲,³,qhʷ,a,̠ɡ
28695,瀗,hjɤn³¹,hj,ɤn,³¹,,,
28696,瀘,lu̯o³³,l,u̯o,³³,ɡ,ə,r
28697,瀙,tʂɪn³³,tʂ,ɪn,³³,sr,i,n
28698,瀚,ɦɑn³¹,ɦ,ɑn,³¹,ɡ,a,̠ns
28699,瀛,jiᴇŋ³³,j,iᴇŋ,³³,l,e,ŋ
28700,瀜,juŋ³³,j,uŋ,³³,,,
28701,瀝,lek³̲³̲,l,ek̲̲,³,r,e,̠ɡ
28702,瀞,dziᴇŋ³¹,dz,iᴇŋ,³¹,z,e,ŋs
28703,瀟,seu³³,s,eu,³³,sl,ɯ,̠w
28704,瀠,jʷiᴇŋ³³,jʷ,iᴇŋ,³³,,,
28705,瀡,siᴇ³¹,s,iᴇ,³¹,skl,o,ls
28706,瀢,du̯oi³⁵,d,u̯oi,³⁵,,,
28707,瀣,ɦɰɛi³¹,ɦɰ,ɛi,³¹,ɡr,ɯ,̠ds
28708,瀤,ɦʷɰɛi³³,ɦʷɰ,ɛi,³³,ɡr,u,̠l
28709,瀥,hɰɔk³̲³̲,hɰɔk̲̲,,³,qhr,o,̠wɡ
28710,瀦,ʈjɤ³³,ʈj,ɤ,³³,k‧l,a,
28711,瀧,luŋ³³,l,uŋ,³³,sqr,o,̠ŋ
28712,瀨,lɑi³¹,l,ɑi,³¹,b,ə,r
28713,瀩,,,,,,,
28714,瀪,bʷjɤn³³,bʷj,ɤn,³³,b,a,ns
28715,瀫,ɦuk³̲³̲,ɦ,uk̲̲,³,,,
28716,瀬,,,,,,,
28717,瀭,,,,,,,
28718,瀮,,,,,,,
28719,瀯,jʷiᴇŋ³³,jʷ,iᴇŋ,³³,,,
28720,瀰,miᴇ³³,m,iᴇ,³³,ml,e,l
28721,瀱,kɰiᴇi³¹,kɰ,iᴇi,³¹,kr,a,ds
28722,瀲,liᴇm³⁵,l,iᴇm,³⁵,,,
28723,瀳,dzen³¹,dz,en,³¹,s,ɯ,̠n
28724,瀴,meŋ³⁵,m,eŋ,³⁵,,,
28725,瀵,pjun³¹,pj,un,³¹,ph,ɯ,ns
28726,瀶,lim³³,l,im,³³,b,ə,r
28727,瀷,tɕʰɨk³̲³̲,tɕʰ,ɨk̲̲,³,phlj,ɯ,ɡ
28728,瀸,tsiᴇm³³,ts,iᴇm,³³,s,e,m
28729,瀹,jiᴇu³¹,j,iᴇu,³¹,l,o,wɡ
28730,瀺,dʐɰɛm³⁵,dʐɰ,ɛm,³⁵,zr,ɯ,̠mʔ
28731,瀻,təi³¹,t,əi,³¹,,,
28732,瀼,ȵjaŋ³⁵,ȵj,aŋ,³⁵,mlj,a,ŋ
28733,瀽,,,,,,,
28734,瀾,lɑn³¹,l,ɑn,³¹,ɡ,ə,r
28735,瀿,bʷjɤn³³,bʷj,ɤn,³³,b,a,n
28736,灀,,,,,,,
28737,灁,,,,,,,
28738,灂,ʑɰæk³̲³̲,ʑɰæk̲̲,,³,sɡr,e,̠wɡ
28739,灃,pʰjuŋ³³,pʰj,uŋ,³³,ph,u,ŋ
28740,灄,ȵiᴇp³̲³̲,ȵ,iᴇp̲̲,³,,,
28741,灅,lʷi³⁵,lʷ,i,³⁵,r,o,lʔ
28742,灆,hɑm³¹,h,ɑm,³¹,,,
28743,灇,dzuŋ³³,dz,uŋ,³³,,,
28744,灈,ɡjʊ³³,ɡj,ʊ,³³,ɡʷ,a,
28745,灉,ʔjʊŋ³¹,ʔj,ʊŋ,³¹,q,o,ŋs
28746,灊,zim³³,z,im,³³,sɡ,u,m
28747,灋,pjap³̲³̲,pj,ap̲̲,³,pk,a,b
28748,灌,kʷɑn³⁵,kʷ,ɑn,³⁵,k,o,̠ns
28749,灍,kʰʷjɤt³̲³̲,kʰʷj,ɤt̲̲,³,,,
28750,灎,,,,,,,
28751,灏,,,,,,,
28752,灐,,,,,,,
28753,灑,ʂɰɛ³¹,ʂɰ,ɛ,³¹,spr,e,̠lʔ
28754,灒,dzʷɑn³³,dzʷ,ɑn,³³,s,a,̠ns
28755,灓,lʷiᴇn³¹,lʷ,iᴇn,³¹,ɡ,ə,r
28756,灔,,,,,,,
28757,灕,liᴇ³³,l,iᴇ,³³,b,ə,r
28758,灖,mɰiᴇ³⁵,mɰ,iᴇ,³⁵,mr,a,lʔ
28759,灗,dʑiᴇn³⁵,dʑ,iᴇn,³⁵,d,a,̠nʔ
28760,灘,hɑn³¹,h,ɑn,³¹,kh‧l,a,̠n
28761,灙,tɑŋ³⁵,t,ɑŋ,³⁵,,,
28762,灚,kɰæu³⁵,kɰæ,u,³⁵,,,
28763,灛,tɕʰiᴇn³⁵,tɕʰ,iᴇn,³⁵,thj,a,nʔ
28764,灜,,,,,,,
28765,灝,ɦɑu³⁵,ɦ,ɑu,³⁵,ɡ,u,̠ʔ
28766,灞,pɰæ³¹,pɰæ,,³¹,pr,a,̠ɡs
28767,灟,,,,,klj,o,ɡ
28768,灠,lɑm³⁵,l,ɑm,³⁵,,,
28769,灡,,,,,ɡ,ə,r
28770,灢,nɑŋ³¹,n,ɑŋ,³¹,,,
28771,灣,ʔʷɰæn³³,ʔʷɰæn,,³³,,,
28772,灤,lʷɑn³³,lʷ,ɑn,³³,,,
28773,灥,zʷin³³,zʷ,in,³³,khj,o,n
28774,灦,hen³¹,h,en,³¹,,,
28775,灧,,,,,,,
28776,灨,kəm³¹,k,əm,³¹,,,
28777,灩,jiᴇm³¹,j,iᴇm,³¹,,,
28778,灪,ʔjut³̲³̲,ʔj,ut̲̲,³,,,
28779,火,hʷɑ³⁵,hʷ,ɑ,³⁵,qhʷ,o,̠lʔ
28780,灬,piᴇu³³,p,iᴇu,³³,,,
28781,灭,miᴇt³̲³̲,m,iᴇt̲̲,³,,,
28782,灮,kʷɑŋ³³,kʷ,ɑŋ,³³,kʷ,a,̠ŋ
28783,灯,təŋ³³,t,əŋ,³³,,,
28784,灰,hu̯oi³³,h,u̯oi,³³,qhʷ,ɯ,̠
28785,灱,ʈʰɰæu³³,ʈʰɰæ,u,³³,,,
28786,灲,,,,,,,
28787,灳,,,,,,,
28788,灴,ɦuŋ³³,ɦ,uŋ,³³,,,
28789,灵,leŋ³³,l,eŋ,³³,r,e,̠ŋ
28790,灶,tsɑu³¹,ts,ɑu,³¹,,,
28791,灷,,,,,,,
28792,灸,kɨu³⁵,k,ɨu,³⁵,kʷl,ɯ,ʔ
28793,灹,ʔjuk³̲³̲,ʔj,uk̲̲,³,,,
28794,灺,zjæ³⁵,zjæ,,³⁵,lj,a,lʔ
28795,灻,,,,,,,
28796,灼,tɕjak³̲³̲,tɕj,ak̲̲,³,plj,e,wɡ
28797,災,tsəi³³,ts,əi,³³,s,ɯ,̠
28798,灾,tsəi³³,ts,əi,³³,s,ɯ,̠
28799,灿,tsʰɑn³¹,tsʰ,ɑn,³¹,,,
28800,炀,,,,,,,
28801,炁,kʰɨi³¹,kʰ,ɨi,³¹,kh,ɯ,ds
28802,炂,tɕjʊŋ³³,tɕj,ʊŋ,³³,,,
28803,炃,bjun³³,bj,un,³³,,,
28804,炄,ɳɨu³⁵,ɳ,ɨu,³⁵,,,
28805,炅,kʷɰjæŋ³⁵,kʷɰjæŋ,,³⁵,kʷ,e,̠s
28806,炆,mjun³³,mj,un,³³,,,
28807,炇,,,,,,,
28808,炈,jʷiᴇk³̲³̲,jʷ,iᴇk̲̲,³,,,
28809,炉,lu̯o³³,l,u̯o,³³,,,
28810,炊,tɕʰʷiᴇ³³,tɕʰʷ,iᴇ,³³,khj,o,l
28811,炋,,,,,,,
28812,炌,kʰɰɛi³¹,kʰɰ,ɛi,³¹,,,
28813,炍,pʰʷɑn³¹,pʰʷ,ɑn,³¹,,,
28814,炎,dɑm³³,d,ɑm,³³,ɢr,a,m
28815,炏,,,,,,,
28816,炐,pʰɰɔŋ³¹,pʰɰɔŋ,,³¹,,,
28817,炑,,,,,,,
28818,炒,tʂʰɰæu³⁵,tʂʰɰæ,u,³⁵,sphr,o,̠ʔ
28819,炓,leu³¹,l,eu,³¹,,,
28820,炔,hʷiᴇt³̲³̲,hʷ,iᴇt̲̲,³,kʷ,e,̠ds
28821,炕,hɑŋ³³,h,ɑŋ,³³,qh,a,̠ŋ
28822,炖,du̯on³³,d,u̯on,³³,ɡ‧l,u,̠nʔ
28823,炗,,,,,,,
28824,炘,hɨn³¹,h,ɨn,³¹,qh,ɯ,ns
28825,炙,tɕjæ³¹,tɕjæ,,³¹,klj,a,ɡ
28826,炚,,,,,,,
28827,炛,,,,,,,
28828,炜,,,,,,,
28829,炝,,,,,,,
28830,炞,,,,,,,
28831,炟,tɑt³̲³̲,t,ɑt̲̲,³,t,a,̠d
28832,炠,hɰæp³̲³̲,hɰæp̲̲,,³,,,
28833,炡,tɕiᴇŋ³³,tɕ,iᴇŋ,³³,,,
28834,炢,ɖʷit³̲³̲,ɖʷ,it̲̲,³,,,
28835,炣,,,,,,,
28836,炤,tɕiᴇu³³,tɕ,iᴇu,³³,tj,e,ws
28837,炥,pʷɨi³¹,pʷ,ɨi,³¹,b,ɯ,d
28838,炦,bet³̲³̲,b,et̲̲,³,b,o,̠d
28839,炧,dɑ³⁵,d,ɑ,³⁵,,,
28840,炨,,,,,,,
28841,炩,,,,,,,
28842,炪,tɕʷiᴇt³̲³̲,tɕʷ,iᴇt̲̲,³,klj,o,d
28843,炫,ɦʷen³¹,ɦʷ,en,³¹,ɡʷ,i,̠ns
28844,炬,ɡjɤ³⁵,ɡj,ɤ,³⁵,ɡ,a,ʔ
28845,炭,,,,,kh‧l,a,̠ns
28846,炮,pʰɰæu³¹,pʰɰæ,u,³¹,br,u,̠
28847,炯,kʷeŋ³⁵,kʷ,eŋ,³⁵,kʷ,e,̠ŋʔ
28848,炰,pɨu³⁵,p,ɨu,³⁵,br,u,̠
28849,炱,tʰəi³³,tʰ,əi,³³,ɡ‧l,ɯ,̠
28850,炲,,,,,,,
28851,炳,pɰjæŋ³¹,pɰjæŋ,,³¹,pkr,a,ŋʔ
28852,炴,ʔjaŋ³⁵,ʔj,aŋ,³⁵,,,
28853,炵,du̯oŋ³³,d,u̯oŋ,³³,,,
28854,炶,ɦɑm³³,ɦ,ɑm,³³,,,
28855,炷,tɕjʊ³¹,tɕj,ʊ,³¹,tj,o,ʔ
28856,炸,,,,,,,
28857,点,tem³⁵,t,em,³⁵,,,
28858,為,jʷiᴇ³³,jʷ,iᴇ,³³,ɢʷ,a,l
28859,炻,,,,,,,
28860,炼,len³¹,l,en,³¹,,,
28861,炽,,,,,,,
28862,炾,,,,,,,
28863,炿,,,,,,,
28864,烀,,,,,,,
28865,烁,,,,,,,
28866,烂,lɑn³¹,l,ɑn,³¹,,,
28867,烃,,,,,,,
28868,烄,kɰæu³⁵,kɰæ,u,³⁵,k,a,̠ws
28869,烅,hʷɨk³̲³̲,hʷ,ɨk̲̲,³,,,
28870,烆,,,,,,,
28871,烇,,,,,,,
28872,烈,liᴇt³̲³̲,l,iᴇt̲̲,³,r,e,d
28873,烉,,,,,,,
28874,烊,jaŋ³³,j,aŋ,³³,,,
28875,烋,hju³³,hj,u,³³,qhr,u,̠
28876,烌,hɨu³³,h,ɨu,³³,,,
28877,烍,sen³⁵,s,en,³⁵,,,
28878,烎,jim³³,j,im,³³,,,
28879,烏,ʔɰæn³¹,ʔɰæn,,³¹,q,a,̠
28880,烐,tɕɨu³³,tɕ,ɨu,³³,,,
28881,烑,jiᴇu³³,j,iᴇu,³³,l,e,w
28882,烒,ɕɨk³̲³̲,ɕ,ɨk̲̲,³,,,
28883,烓,ʔʷiᴇ³¹,ʔʷ,iᴇ,³¹,khʷ,e,̠ŋʔ
28884,烔,duŋ³¹,d,uŋ,³¹,,,
28885,烕,miᴇt³̲³̲,m,iᴇt̲̲,³,m̥h,e,d
28886,烖,tsəi³³,ts,əi,³³,s,ɯ,̠
28887,烗,kʰɰɛi³¹,kʰɰ,ɛi,³¹,khr,ɯ,̠ɡs
28888,烘,ɦuŋ³¹,ɦ,uŋ,³¹,qhl,o,̠ŋs
28889,烙,lɑk³̲³̲,l,ɑk̲̲,³,ɡ,ə,r
28890,烚,ɦɰɛp³̲³̲,ɦɰ,ɛp̲̲,³,,,
28891,烛,tɕjʊk³̲³̲,tɕj,ʊk̲̲,³,,,
28892,烜,hʷjɤn³⁵,hʷj,ɤn,³⁵,qhr,o,lʔ
28893,烝,tɕɨŋ³³,tɕ,ɨŋ,³³,kj,ɯ,ŋ
28894,烞,pʰɰɔk³̲³̲,pʰɰɔk̲̲,,³,,,
28895,烟,ʔin³³,ʔ,in,³³,q,i,n
28896,烠,hu̯oi³⁵,h,u̯oi,³⁵,,,
28897,烡,,,,,,,
28898,烢,,,,,,,
28899,烣,,,,,,,
28900,烤,,,,,kh,o,̠wʔ
28901,烥,,,,,,,
28902,烦,bʷjɤn³³,bʷj,ɤn,³³,,,
28903,烧,ɕiᴇu³³,ɕ,iᴇu,³³,,,
28904,烨,,,,,,,
28905,烩,,,,,,,
28906,烪,,,,,,,
28907,烫,,,,,,,
28908,烬,,,,,,,
28909,热,ȵiᴇt³̲³̲,ȵ,iᴇt̲̲,³,,,
28910,烮,,,,,,,
28911,烯,hɨi³³,h,ɨi,³³,qhl,ɯ,l
28912,烰,bɨu³³,b,ɨu,³³,b,u,
28913,烱,kʷɰjæŋ³⁵,kʷɰjæŋ,,³⁵,,,
28914,烲,ʈʰiᴇt³̲³̲,ʈʰ,iᴇt̲̲,³,,,
28915,烳,pu̯o³⁵,p,u̯o,³⁵,,,
28916,烴,kiᴇŋ³⁵,k,iᴇŋ,³⁵,,,
28917,烵,tɕjak³̲³̲,tɕj,ak̲̲,³,,,
28918,烶,deŋ³⁵,d,eŋ,³⁵,,,
28919,烷,ɦʷɑn³³,ɦʷ,ɑn,³³,,,
28920,烸,həi³⁵,h,əi,³⁵,,,
28921,烹,pʰɰæŋ³³,pʰɰæŋ,,³³,pqhr,a,̠ŋ
28922,烺,lɑŋ³⁵,l,ɑŋ,³⁵,,,
28923,烻,ʈʰiᴇn³³,ʈʰ,iᴇn,³³,,,
28924,烼,hjut³̲³̲,hj,ut̲̲,³,m̥h,ɯ,d
28925,烽,pʰjʊŋ³³,pʰj,ʊŋ,³³,ph,o,ŋ
28926,烾,tɕʰiᴇk³̲³̲,tɕʰ,iᴇk̲̲,³,khlj,a,ɡ
28927,烿,juŋ³³,j,uŋ,³³,,,
28928,焀,ɦuk³̲³̲,ɦ,uk̲̲,³,,,
28929,焁,hɰiᴇ³³,hɰ,iᴇ,³³,,,
28930,焂,ɕjuk³̲³̲,ɕj,uk̲̲,³,,,
28931,焃,hɰæk³̲³̲,hɰæk̲̲,,³,qhʷr,e,̠ɡ
28932,焄,hjun³³,hj,un,³³,qhl,u,n
28933,焅,kʰɑu³¹,kʰ,ɑu,³¹,kh,u,̠ɡ
28934,焆,kʷen³³,kʷ,en,³³,kʷ,e,̠n
28935,焇,siᴇu³³,s,iᴇu,³³,,,
28936,焈,hɨ³³,h,ɨ,³³,,,
28937,焉,ɦʲiᴇn³³,ɦʲ,iᴇn,³³,qr,a,n
28938,焊,hɑn³⁵,h,ɑn,³⁵,,,
28939,焋,tʂjaŋ³¹,tʂj,aŋ,³¹,,,
28940,焌,tsʷɑn³⁵,tsʷ,ɑn,³⁵,sk,u,̠ns
28941,焍,dei³¹,d,ei,³¹,,,
28942,焎,hʷɰiᴇt³̲³̲,hʷɰ,iᴇt̲̲,³,,,
28943,焏,,,,,,,
28944,焐,,,,,,,
28945,焑,,,,,,,
28946,焒,,,,,,,
28947,焓,,,,,,,
28948,焔,,,,,,,
28949,焕,hʷɑn³¹,hʷ,ɑn,³¹,qh,o,̠ns
28950,焖,,,,,,,
28951,焗,,,,,,,
28952,焘,,,,,,,
28953,焙,bu̯oi³¹,b,u̯oi,³¹,,,
28954,焚,pjun³¹,pj,un,³¹,b,u,n
28955,焛,,,,,b,ə,r
28956,焜,ɦu̯on³⁵,ɦ,u̯on,³⁵,ɡ,u,̠nʔ
28957,焝,hu̯on³¹,h,u̯on,³¹,,,
28958,焞,tʰu̯on³³,tʰ,u̯on,³³,ɡlj,u,n
28959,焟,siᴇk³̲³̲,s,iᴇk̲̲,³,sl,a,ɡ
28960,焠,tsʰu̯oi³¹,tsʰ,u̯oi,³¹,sh,u,̠ds
28961,無,mjʊ³³,mj,ʊ,³³,m,a,
28962,焢,huŋ³³,h,uŋ,³³,,,
28963,焣,,,,,,,
28964,焤,bjʊ³⁵,bj,ʊ,³⁵,,,
28965,焥,ʔəi³¹,ʔ,əi,³¹,,,
28966,焦,dziᴇu³³,dz,iᴇu,³³,sk,e,w
28967,焧,,,,,,,
28968,焨,,,,,,,
28969,焩,,,,,,,
28970,焪,kʰjuŋ³³,kʰj,uŋ,³³,,,
28971,焫,ȵʷiᴇt³̲³̲,ȵʷ,iᴇt̲̲,³,nj,o,d
28972,焬,jiᴇk³̲³̲,j,iᴇk̲̲,³,,,
28973,焭,ɡʷiᴇŋ³³,ɡʷ,iᴇŋ,³³,ɡʷ,e,ŋ
28974,焮,hɨn³¹,h,ɨn,³¹,qh,ɯ,ns
28975,焯,tɕʰjak³̲³̲,tɕʰj,ak̲̲,³,klj,e,wɡ
28976,焰,jiᴇm³¹,j,iᴇm,³¹,ɢl,o,ms
28977,焱,jiᴇm³¹,j,iᴇm,³¹,qhʷ,e,̠ɡ
28978,焲,jiᴇk³̲³̲,j,iᴇk̲̲,³,l,a,ɡ
28979,焳,tsjak³̲³̲,tsj,ak̲̲,³,,,
28980,焴,juk³̲³̲,j,uk̲̲,³,l,u,ɡ
28981,焵,,,,,,,
28982,然,ȵiᴇn³³,ȵ,iᴇn,³³,nj,e,n
28983,焷,biᴇ³³,b,iᴇ,³³,,,
28984,焸,ku̯o³⁵,k,u̯o,³⁵,k,a,̠ʔ
28985,焹,,,,,,,
28986,焺,,,,,,,
28987,焻,,,,,,,
28988,焼,,,,,,,
28989,焽,,,,,,,
28990,焾,,,,,,,
28991,焿,,,,,,,
28992,煀,,,,,,,
28993,煁,dʑim³³,dʑ,im,³³,ɡlj,u,m
28994,煂,hɰæk³̲³̲,hɰæk̲̲,,³,,,
28995,煃,kʰʷiᴇ³⁵,kʰʷ,iᴇ,³⁵,,,
28996,煄,,,,,,,
28997,煅,,,,,,,
28998,煆,hɰæ³¹,hɰæ,,³¹,qhr,a,̠
28999,煇,hʷɨi³³,hʷ,ɨi,³³,ɡ,u,̠nʔ
29000,煈,,,,,,,
29001,煉,,,,,ɡ,ə,r
29002,煊,hʷjɤn³³,hʷj,ɤn,³³,,,
29003,煋,seŋ³³,s,eŋ,³³,,,
29004,煌,ɦʷɑŋ³³,ɦʷ,ɑŋ,³³,ɡʷ,a,̠ŋ
29005,煍,,,,,,,
29006,煎,tsiᴇn³³,ts,iᴇn,³³,s,e,ns
29007,煏,bɨk³̲³̲,b,ɨk̲̲,³,,,
29008,煐,ʔɰjæŋ³³,ʔɰjæŋ,,³³,,,
29009,煑,tɕjɤ³⁵,tɕj,ɤ,³⁵,klj,a,ʔ
29010,煒,ɦʲʷɨi³⁵,ɦʲʷ,ɨi,³⁵,ɢʷ,ɯ,lʔ
29011,煓,tʰʷɑn³³,tʰʷ,ɑn,³³,kh‧l,o,̠n
29012,煔,ɕiᴇm³¹,ɕ,iᴇm,³¹,ɡl,a,̠m
29013,煕,,,,,,,
29014,煖,nʷɑn³⁵,nʷ,ɑn,³⁵,qh,o,n
29015,煗,nʷɑn³⁵,nʷ,ɑn,³⁵,n,o,̠nʔ
29016,煘,,,,,,,
29017,煙,ʔin³³,ʔ,in,³³,q,i,̠n
29018,煚,kʷɰjæŋ³⁵,kʷɰjæŋ,,³⁵,,,
29019,煛,kʷɰjæŋ³⁵,kʷɰjæŋ,,³⁵,,,
29020,煜,juk³̲³̲,j,uk̲̲,³,ɢr,u,b
29021,煝,mi³¹,m,i,³¹,,,
29022,煞,ʂɰɛi³¹,ʂɰ,ɛi,³¹,sr,e,̠d
29023,煟,ɦʲʷɨi³¹,ɦʲʷ,ɨi,³¹,ɢr,u,ds
29024,煠,jiᴇp³̲³̲,j,iᴇp̲̲,³,,,
29025,煡,,,,,,,
29026,煢,ɡʷiᴇŋ³³,ɡʷ,iᴇŋ,³³,ɡʷ,e,ŋ
29027,煣,ȵɨu³⁵,ȵ,ɨu,³⁵,mlj,u,s
29028,煤,mu̯oi³³,m,u̯oi,³³,m,ɯ,̠
29029,煥,hʷɑn³¹,hʷ,ɑn,³¹,qh,o,̠ns
29030,煦,hjʊŋ³⁵,hj,ʊŋ,³⁵,qh,o,ʔ
29031,照,tɕiᴇu³¹,tɕ,iᴇu,³¹,tj,e,ws
29032,煨,,,,,q,u,̠l
29033,煩,bʷjɤn³³,bʷj,ɤn,³³,b,a,n
29034,煪,dzɨu³³,dz,ɨu,³³,,,
29035,煫,,,,,,,
29036,煬,ɕjaŋ³¹,ɕj,aŋ,³¹,l,a,ŋ
29037,煭,,,,,,,
29038,煮,,,,,klj,a,ʔ
29039,煯,,,,,,,
29040,煰,,,,,,,
29041,煱,,,,,,,
29042,煲,,,,,,,
29043,煳,,,,,,,
29044,煴,ʔu̯ot³̲³̲,ʔ,u̯ot̲̲,³,q,u,n
29045,煵,,,,,,,
29046,煶,,,,,,,
29047,煷,,,,,,,
29048,煸,,,,,,,
29049,煹,ku³¹,k,u,³¹,,,
29050,煺,,,,,,,
29051,煻,dɑŋ³³,d,ɑŋ,³³,ɡ‧l,a,̠ŋ
29052,煼,tʂʰɰæu³⁵,tʂʰɰæ,u,³⁵,shr,o,̠ʔ
29053,煽,ɕiᴇn³¹,ɕ,iᴇn,³¹,l̥,e,ns
29054,煾,ʔu̯on³³,ʔ,u̯on,³³,,,
29055,煿,pɑk³̲³̲,p,ɑk̲̲,³,,,
29056,熀,,,,,,,
29057,熁,hjam³¹,hj,am,³¹,,,
29058,熂,hjɤt³̲³̲,hj,ɤt̲̲,³,qh,ɯ,ds
29059,熃,,,,,,,
29060,熄,sɨk³̲³̲,s,ɨk̲̲,³,sl,ɯ,ɡ
29061,熅,,,,,q,u,n
29062,熆,ɦɑp³̲³̲,ɦ,ɑp̲̲,³,,,
29063,熇,hɰiᴇu³³,hɰ,iᴇu,³³,qh,o,̠wɡ
29064,熈,,,,,,,
29065,熉,ɦʲjun³³,ɦʲj,un,³³,ɢr,u,n
29066,熊,ɦʲjuŋ³³,ɦʲj,uŋ,³³,ɢr,u,m
29067,熋,nəi³³,n,əi,³³,,,
29068,熌,ɕiᴇm³¹,ɕ,iᴇm,³¹,,,
29069,熍,kʰjuŋ³³,kʰj,uŋ,³³,,,
29070,熎,ʔiᴇu³¹,ʔ,iᴇu,³¹,,,
29071,熏,hjun³³,hj,un,³³,qh,u,n
29072,熐,meŋ³³,m,eŋ,³³,m,e,̠ŋ
29073,熑,kʰem³³,kʰ,em,³³,ɡ,ə,r
29074,熒,ɦʷɰɛŋ³³,ɦʷɰ,ɛŋ,³³,ɡʷ,e,̠ŋ
29075,熓,,,,,,,
29076,熔,,,,,,,
29077,熕,,,,,,,
29078,熖,jiᴇm³¹,j,iᴇm,³¹,,,
29079,熗,,,,,,,
29080,熘,,,,,,,
29081,熙,hɨ³³,h,ɨ,³³,qh,ɯ,
29082,熚,pit³̲³̲,p,it̲̲,³,p,i,d
29083,熛,piᴇu³³,p,iᴇu,³³,p,e,w
29084,熜,tsuŋ³⁵,ts,uŋ,³⁵,sk,o,̠ŋʔ
29085,熝,luk³̲³̲,l,uk̲̲,³,,,
29086,熞,ken³³,k,en,³³,,,
29087,熟,ʑjuk³̲³̲,ʑj,uk̲̲,³,dj,ɯ,wɡ
29088,熠,jip³̲³̲,j,ip̲̲,³,ɢl,u,b
29089,熡,,,,,,,
29090,熢,buŋ³³,b,uŋ,³³,b,o,̠ŋʔ
29091,熣,su̯oi³³,s,u̯oi,³³,,,
29092,熤,jiᴇk³̲³̲,j,iᴇk̲̲,³,,,
29093,熥,tʰuŋ³³,tʰ,uŋ,³³,,,
29094,熦,dzjak³̲³̲,dzj,ak̲̲,³,,,
29095,熧,tsjʊŋ³³,tsj,ʊŋ,³³,,,
29096,熨,ʔjut³̲³̲,ʔj,ut̲̲,³,q,u,ds
29097,熩,ɦu̯o³⁵,ɦ,u̯o,³⁵,,,
29098,熪,jiᴇ³³,j,iᴇ,³³,,,
29099,熫,,,,,,,
29100,熬,ŋɑu³³,ŋ,ɑu,³³,ŋɡ,a,̠w
29101,熭,ɦʲʷjɤt³̲³̲,ɦʲʷj,ɤt̲̲,³,ɢʷr,e,ds
29102,熮,lɨu³⁵,l,ɨu,³⁵,ɡ,ə,r
29103,熯,ȵiᴇn³⁵,ȵ,iᴇn,³⁵,qhl,a,̠ns
29104,熰,ʔu³³,ʔ,u,³³,q,o,̠
29105,熱,ȵiᴇt³̲³̲,ȵ,iᴇt̲̲,³,ŋj,e,d
29106,熲,kʷeŋ³⁵,kʷ,eŋ,³⁵,kʷ,e,̠ŋʔ
29107,熳,,,,,m,o,̠ns
29108,熴,,,,,,,
29109,熵,,,,,,,
29110,熶,tsʰʷɑn³¹,tsʰʷ,ɑn,³¹,,,
29111,熷,tsəŋ³³,ts,əŋ,³³,s,ɯ,̠ŋ
29112,熸,tsiᴇm³³,ts,iᴇm,³³,sk,o,m
29113,熹,hɨ³³,h,ɨ,³³,qh,ɯ,
29114,熺,,,,,qh,ɯ,
29115,熻,hɰip³̲³̲,hɰ,ip̲̲,³,qhr,u,b
29116,熼,jɨk³̲³̲,j,ɨk̲̲,³,,,
29117,熽,seu³¹,s,eu,³¹,,,
29118,熾,tɕʰɨ³¹,tɕʰ,ɨ,³¹,khlj,ɯ,ɡs
29119,熿,ɦʷɑŋ³³,ɦʷ,ɑŋ,³³,ɡʷ,a,̠ŋ
29120,燀,tɕiᴇn³⁵,tɕ,iᴇn,³⁵,thj,a,n
29121,燁,ɦʲip³̲³̲,ɦʲ,ip̲̲,³,ɢr,a,b
29122,燂,dziᴇm³³,dz,iᴇm,³³,sɢl,u,m
29123,燃,ȵiᴇn³³,ȵ,iᴇn,³³,nj,e,n
29124,燄,jiᴇm³¹,j,iᴇm,³¹,ɢl,o,mʔ
29125,燅,ziᴇm³³,z,iᴇm,³³,lj,ɯ,m
29126,燆,kʰeu³³,kʰ,eu,³³,,,
29127,燇,,,,,,,
29128,燈,təŋ³³,t,əŋ,³³,t,ɯ,̠ŋ
29129,燉,du̯on³³,d,u̯on,³³,k‧l,u,̠ns
29130,燊,ɦʷɰæ³³,ɦʷɰæ,,³³,sr,i,n
29131,燋,tʂɰɔk³̲³̲,tʂɰɔk̲̲,,³,sk,e,w
29132,燌,bjun³³,bj,un,³³,b,ɯ,n
29133,燍,seŋ³⁵,s,eŋ,³⁵,,,
29134,燎,liᴇu³³,l,iᴇu,³³,ɡ,ə,r
29135,燏,jʷit³̲³̲,jʷ,it̲̲,³,,,
29136,燐,,,,,r,i,n
29137,燑,duŋ³³,d,uŋ,³³,,,
29138,燒,ɕiᴇu³¹,ɕ,iᴇu,³¹,qhj,e,w
29139,燓,bʷjɤn³³,bʷj,ɤn,³³,b,a,n
29140,燔,bjun³³,bj,un,³³,b,a,n
29141,燕,ʔen³¹,ʔ,en,³¹,q,e,̠ns
29142,燖,zim³³,z,im,³³,sɢl,u,m
29143,燗,,,,,,,
29144,燘,mu̯oi³⁵,m,u̯oi,³⁵,,,
29145,燙,,,,,,,
29146,燚,,,,,,,
29147,燛,,,,,,,
29148,燜,,,,,,,
29149,燝,,,,,,,
29150,燞,tsiᴇu³¹,ts,iᴇu,³¹,,,
29151,營,jʷiᴇŋ³³,jʷ,iᴇŋ,³³,ɢʷ,e,ŋ
29152,燠,ʔɑu³¹,ʔ,ɑu,³¹,q,u,̠ɡs
29153,燡,jiᴇk³̲³̲,j,iᴇk̲̲,³,ɢl,a,ɡ
29154,燢,ɦɰɔk³̲³̲,ɦɰɔk̲̲,,³,,,
29155,燣,ləm³³,l,əm,³³,,,
29156,燤,tʰəi³¹,tʰ,əi,³¹,,,
29157,燥,sɑu³⁵,s,ɑu,³⁵,sl,a,̠ws
29158,燦,,,,,sh,a,̠ns
29159,燧,zʷi³¹,zʷ,i,³¹,lj,u,ds
29160,燨,,,,,,,
29161,燩,kʰek³̲³̲,kʰ,ek̲̲,³,khl,e,̠wɡ
29162,燪,tsʰuŋ³³,tsʰ,uŋ,³³,,,
29163,燫,lem³³,l,em,³³,,,
29164,燬,hʷɑ³¹,hʷ,ɑ,³¹,m̥hr,a,lʔ
29165,燭,tɕjʊk³̲³̲,tɕj,ʊk̲̲,³,klj,o,ɡ
29166,燮,sep³̲³̲,s,ep̲̲,³,sl,e,̠b
29167,燯,leŋ³³,l,eŋ,³³,,,
29168,燰,,,,,,,
29169,燱,,,,,,,
29170,燲,,,,,,,
29171,燳,,,,,,,
29172,燴,,,,,,,
29173,燵,,,,,,,
29174,燶,,,,,,,
29175,燷,ləm³³,l,əm,³³,,,
29176,燸,nʷɑn³¹,nʷ,ɑn,³¹,,,
29177,燹,pʰjun³³,pʰj,un,³³,spl,ɯ,̠nʔ
29178,燺,kʰɑu³⁵,kʰ,ɑu,³⁵,kh,o,̠wʔ
29179,燻,hjun³³,hj,un,³³,qh,u,n
29180,燼,zin³¹,z,in,³¹,lj,i,ns
29181,燽,ɖɨu³³,ɖ,ɨu,³³,ɡ‧l,u,
29182,燾,ɖɨu³³,ɖ,ɨu,³³,ɡ‧l,u,̠s
29183,燿,jiᴇu³¹,j,iᴇu,³¹,ɢl,e,wɡs
29184,爀,hɰæk³̲³̲,hɰæk̲̲,,³,qhr,a,̠ɡ
29185,爁,liᴇm³¹,l,iᴇm,³¹,ɡ,ə,r
29186,爂,pʰiᴇu³³,pʰ,iᴇu,³³,ph,e,ws
29187,爃,,,,,,,
29188,爄,liᴇi³¹,l,iᴇi,³¹,,,
29189,爅,mək³̲³̲,m,ək̲̲,³,,,
29190,爆,pɰæu³¹,pɰæ,u,³¹,pr,o,̠wɡs
29191,爇,ȵʷiᴇt³̲³̲,ȵʷ,iᴇt̲̲,³,ŋʷj,e,d
29192,爈,ljɤ³¹,lj,ɤ,³¹,ɡ,ə,r
29193,爉,lɑp³̲³̲,l,ɑp̲̲,³,,,
29194,爊,ʔɑu³³,ʔ,ɑu,³³,,,
29195,爋,hjun³¹,hj,un,³¹,,,
29196,爌,kʰʷɑŋ³¹,kʰʷ,ɑŋ,³¹,khʷ,a,̠ŋs
29197,爍,lɑk³̲³̲,l,ɑk̲̲,³,qhlj,a,wɡ
29198,爎,,,,,,,
29199,爏,lek³̲³̲,l,ek̲̲,³,,,
29200,爐,lu̯o³³,l,u̯o,³³,ɡ,ə,r
29201,爑,dzjak³̲³̲,dzj,ak̲̲,³,,,
29202,爒,liᴇu³¹,l,iᴇu,³¹,ɡ,ə,r
29203,爓,jiᴇm³¹,j,iᴇm,³¹,sɢl,o,m
29204,爔,hɰiᴇ³³,hɰ,iᴇ,³³,,,
29205,爕,,,,,sl,e,̠b
29206,爖,,,,,,,
29207,爗,ɦʲiᴇp³̲³̲,ɦʲ,iᴇp̲̲,³,ɢr,a,b
29208,爘,,,,,,,
29209,爙,ȵjaŋ³⁵,ȵj,aŋ,³⁵,,,
29210,爚,ɕjak³̲³̲,ɕj,ak̲̲,³,l̥,o,wɡ
29211,爛,,,,,ɡ,ə,r
29212,爜,dzuŋ³³,dz,uŋ,³³,,,
29213,爝,tsiᴇu³¹,ts,iᴇu,³¹,sk,e,wɡ
29214,爞,du̯oŋ³³,d,u̯oŋ,³³,ɡ‧l,u,̠ŋ
29215,爟,kʷɑn³¹,kʷ,ɑn,³¹,k,o,̠ns
29216,爠,,,,,,,
29217,爡,tʰɑt³̲³̲,tʰ,ɑt̲̲,³,,,
29218,爢,,,,,mr,a,l
29219,爣,tʰɑŋ³⁵,tʰ,ɑŋ,³⁵,kh‧l,a,̠ŋʔ
29220,爤,,,,,ɡ,ə,r
29221,爥,,,,,,,
29222,爦,,,,,,,
29223,爧,leŋ³³,l,eŋ,³³,,,
29224,爨,tsʰʷɑn³³,tsʰʷ,ɑn,³³,sh,o,̠ns
29225,爩,,,,,,,
29226,爪,tʂɰæu³⁵,tʂɰæ,u,³⁵,sr,u,̠ʔ
29227,爫,,,,,,,
29228,爬,bɰæ³³,bɰæ,,³³,,,
29229,爭,tʂɰɛŋ³³,tʂɰ,ɛŋ,³³,,,
29230,爮,,,,,,,
29231,爯,tɕʰɨŋ³³,tɕʰ,ɨŋ,³³,thj,ɯ,ŋ
29232,爰,ɦʲʷjɤn³³,ɦʲʷj,ɤn,³³,ɢr,o,n
29233,爱,ʔəi³¹,ʔ,əi,³¹,,,
29234,爲,ɦʲʷiᴇ³¹,ɦʲʷ,iᴇ,³¹,ɢʷ,a,l
29235,爳,,,,,,,
29236,爴,,,,,,,
29237,爵,tsjak³̲³̲,tsj,ak̲̲,³,sk,e,wɡ
29238,父,bjʊ³⁵,bj,ʊ,³⁵,p,a,ʔ
29239,爷,,,,,,,
29240,爸,bʷɑ³⁵,bʷ,ɑ,³⁵,b,a,ʔ
29241,爹,ʈjæ³³,ʈjæ,,³³,,,
29242,爺,,,,,,,
29243,爻,ɦɰæu³³,ɦɰæ,u,³³,ɡr,a,̠w
29244,爼,,,,,,,
29245,爽,ʂjaŋ³⁵,ʂj,aŋ,³⁵,sr,a,ŋʔ
29246,爾,ȵiᴇ³⁵,ȵ,iᴇ,³⁵,mlj,e,lʔ
29247,爿,hɰjæŋ³¹,hɰjæŋ,,³¹,,,
29248,牀,dʐjaŋ³³,dʐj,aŋ,³³,sɡr,a,ŋ
29249,牁,kɑ³³,k,ɑ,³³,k,a,̠l
29250,牂,tsɑŋ³³,ts,ɑŋ,³³,sk,a,̠ŋ
29251,牃,dep³̲³̲,d,ep̲̲,³,,,
29252,牄,tsʰjaŋ³³,tsʰj,aŋ,³³,sh,a,ŋ
29253,牅,,,,,,,
29254,牆,dzjaŋ³³,dzj,aŋ,³³,sɡ,a,ŋ
29255,片,pʰʷɑn³¹,pʰʷ,ɑn,³¹,ph,e,̠ns
29256,版,pɰæn³⁵,pɰæn,,³⁵,pr,a,̠nʔ
29257,牉,pʰʷɑn³¹,pʰʷ,ɑn,³¹,ph,a,̠ns
29258,牊,,,,,,,
29259,牋,tsen³³,ts,en,³³,s,e,̠n
29260,牌,bɰɛ³³,bɰ,ɛ,³³,br,e,̠
29261,牍,duk³̲³̲,d,uk̲̲,³,,,
29262,牎,tʂʰɰɔŋ³³,tʂʰɰɔŋ,,³³,skhr,o,̠ŋ
29263,牏,jʊ³³,j,ʊ,³³,l,o,
29264,牐,dʐɰɛp³̲³̲,dʐɰ,ɛp̲̲,³,,,
29265,牑,men³¹,m,en,³¹,p,e,̠n
29266,牒,dep³̲³̲,d,ep̲̲,³,ɡ‧l,e,̠b
29267,牓,pʰɑŋ³³,pʰ,ɑŋ,³³,p,a,̠ŋʔ
29268,牔,pɑk³̲³̲,p,ɑk̲̲,³,,,
29269,牕,,,,,skhr,o,̠ŋ
29270,牖,jɨu³⁵,j,ɨu,³⁵,l,u,ʔ
29271,牗,,,,,l,u,ʔ
29272,牘,duk³̲³̲,d,uk̲̲,³,ɡ‧l,o,̠ɡ
29273,牙,ŋɰæ³⁵,ŋɰæ,,³⁵,ŋɡr,a,̠
29274,牚,ʈʰɰæŋ³¹,ʈʰɰæŋ,,³¹,kh‧r,a,̠ŋs
29275,牛,ŋɨu³³,ŋ,ɨu,³³,ŋʷ,ɯ,
29276,牜,,,,,,,
29277,牝,bin³⁵,b,in,³⁵,b,i,lʔ
29278,牞,,,,,,,
29279,牟,mu³¹,m,u,³¹,m,ɯ,
29280,牠,,,,,,,
29281,牡,mu̯o³⁵,m,u̯o,³⁵,m,ɯ,wʔ
29282,牢,lu³³,l,u,³³,ɡ,ə,r
29283,牣,ȵin³¹,ȵ,in,³¹,nj,ɯ,ns
29284,牤,,,,,,,
29285,牥,pʷjaŋ³³,pʷj,aŋ,³³,p,a,ŋ
29286,牦,mɑu³³,m,ɑu,³³,,,
29287,牧,mjuk³̲³̲,mj,uk̲̲,³,m,ɯ,ɡ
29288,牨,kɑŋ³³,k,ɑŋ,³³,,,
29289,物,mjut³̲³̲,mj,ut̲̲,³,m,ɯ,d
29290,牪,,,,,,,
29291,牫,,,,,,,
29292,牬,,,,,p,o,̠ds
29293,牭,si³¹,s,i,³¹,l̥j,i,ds
29294,牮,,,,,,,
29295,牯,ku̯o³⁵,k,u̯o,³⁵,,,
29296,牰,jɨu³¹,j,ɨu,³¹,sɢl,ɯ,ws
29297,牱,,,,,,,
29298,牲,ʂɰæŋ³³,ʂɰæŋ,,³³,sr,e,ŋ
29299,牳,mu³⁵,m,u,³⁵,,,
29300,牴,tei³³,t,ei,³³,t,i,̠lʔ
29301,牵,kʰen³³,kʰ,en,³³,,,
29302,牶,kʰʷjɤn³¹,kʰʷj,ɤn,³¹,,,
29303,牷,dzʷiᴇn³³,dzʷ,iᴇn,³³,sɡ,o,n
29304,牸,dzɨ³¹,dz,ɨ,³¹,sɡ,ɯ,s
29305,特,dək³̲³̲,d,ək̲̲,³,ɡ‧l,ɯ,̠ɡ
29306,牺,hɰiᴇ³³,hɰ,iᴇ,³³,,,
29307,牻,mɰɔŋ³³,mɰɔŋ,,³³,mr,o,̠ŋ
29308,牼,ɦɰɛŋ³³,ɦɰ,ɛŋ,³³,ɡr,e,̠ŋ
29309,牽,kʰen³¹,kʰ,en,³¹,kh,i,̠ns
29310,牾,ŋu̯o³³,ŋ,u̯o,³³,ŋ,a,̠
29311,牿,ku̯ok³̲³̲,k,u̯ok̲̲,³,k,u,̠ɡ
29312,犀,sei³³,s,ei,³³,l̥j,i,̠l
29313,犁,lɨu³³,l,ɨu,³³,r,i,̠l
29314,犂,lei³³,l,ei,³³,r,i,̠l
29315,犃,bu³⁵,b,u,³⁵,,,
29316,犄,ʔɰiᴇ³³,ʔɰ,iᴇ,³³,,,
29317,犅,kɑŋ³³,k,ɑŋ,³³,kl,a,̠ŋ
29318,犆,dək³̲³̲,d,ək̲̲,³,d,ɯ,ɡ
29319,犇,pu̯on³³,p,u̯on,³³,p,ɯ,̠n
29320,犈,kʷɰiᴇn³¹,kʷɰ,iᴇn,³¹,ɡr,o,n
29321,犉,ȵʷiᴇn³³,ȵʷ,iᴇn,³³,mɡlj,u,n
29322,犊,duk³̲³̲,d,uk̲̲,³,,,
29323,犋,,,,,,,
29324,犌,kɰæ³³,kɰæ,,³³,kr,a,̠
29325,犍,ɡjɤn³³,ɡj,ɤn,³³,ɡr,a,n
29326,犎,pjʊŋ³³,pj,ʊŋ,³³,,,
29327,犏,,,,,,,
29328,犐,kʰʷɑ³³,kʰʷ,ɑ,³³,kh,o,̠l
29329,犑,kʷek³̲³̲,kʷ,ek̲̲,³,kʷ,e,̠ɡ
29330,犒,kʰɑu³¹,kʰ,ɑu,³¹,kh,o,̠ws
29331,犓,tʂʰjʊ³³,tʂʰj,ʊ,³³,shr,o,
29332,犔,hɨi³¹,h,ɨi,³¹,,,
29333,犕,bɰi³¹,bɰ,i,³¹,br,ɯ,ɡs
29334,犖,lɰɔk³̲³̲,lɰɔk̲̲,,³,ɡ,ə,r
29335,犗,kɰæi³¹,kɰæ,i,³¹,kr,a,̠ds
29336,犘,mɰæ³³,mɰæ,,³³,mr,a,̠l
29337,犙,ʂju³³,ʂj,u,³³,sr,u,
29338,犚,ʔʷɨi³¹,ʔʷ,ɨi,³¹,q,u,ds
29339,犛,lɨ³³,l,ɨ,³³,mɡl,a,̠w
29340,犜,tu̯on³³,t,u̯on,³³,,,
29341,犝,tuŋ³⁵,t,uŋ,³⁵,d,o,̠ŋ
29342,犞,,,,,,,
29343,犟,,,,,,,
29344,犠,,,,,,,
29345,犡,lɑi³¹,l,ɑi,³¹,b,ə,r
29346,犢,duk³̲³̲,d,uk̲̲,³,ɡ‧l,o,̠ɡ
29347,犣,liᴇp³̲³̲,l,iᴇp̲̲,³,r,a,b
29348,犤,pɰiᴇ³³,pɰ,iᴇ,³³,pr,e,l
29349,犥,pʰɑu³¹,pʰ,ɑu,³¹,ph,e,wʔ
29350,犦,pɑk³̲³̲,p,ɑk̲̲,³,p,u,̠ɡ
29351,犧,sɑ³³,s,ɑ,³³,ŋ̊hr,a,l
29352,犨,tɕʰɨu³³,tɕʰ,ɨu,³³,khlj,u,
29353,犩,ŋʷɨi³¹,ŋʷ,ɨi,³¹,ŋ,u,l
29354,犪,ɡʷɰi³³,ɡʷɰ,i,³³,nj,i,wʔ
29355,犫,tɕʰɨu³³,tɕʰ,ɨu,³³,khlj,u,
29356,犬,kʰʷen³⁵,kʰʷ,en,³⁵,khʷ,i,̠nʔ
29357,犭,,,,,,,
29358,犮,bʷɑt³̲³̲,bʷ,ɑt̲̲,³,b,o,̠d
29359,犯,bju̯am³⁵,bj,u̯am,³⁵,b,a,mʔ
29360,犰,ɡɨu³³,ɡ,ɨu,³³,ɡ,u,
29361,犱,kɰjæk³̲³̲,kɰjæk̲̲,,³,,,
29362,犲,dʐɰɛi³³,dʐɰ,ɛi,³³,,,
29363,犳,tɕjak³̲³̲,tɕj,ak̲̲,³,plj,e,wɡ
29364,犴,ɦɑn³¹,ɦ,ɑn,³¹,ŋɡ,a,̠ns
29365,犵,,,,,,,
29366,状,dʐjaŋ³¹,dʐj,aŋ,³¹,,,
29367,犷,,,,,,,
29368,犸,,,,,,,
29369,犹,ɦʲɨu³¹,ɦʲ,ɨu,³¹,,,
29370,犺,kʰɑŋ³¹,kʰ,ɑŋ,³¹,kh,a,̠ŋs
29371,犻,bu̯oi³¹,b,u̯oi,³¹,b,u,̠d
29372,犼,hu³⁵,h,u,³⁵,,,
29373,犽,ŋɰæ³¹,ŋɰæ,,³¹,,,
29374,犾,,,,,,,
29375,犿,hʷɑn³³,hʷ,ɑn,³³,pl,o,n
29376,狀,dʐjaŋ³¹,dʐj,aŋ,³¹,sɡr,a,ŋs
29377,狁,jʷin³⁵,jʷ,in,³⁵,ɢ,u,nʔ
29378,狂,ɡʷjaŋ³³,ɡʷj,aŋ,³³,ɡʷ,a,ŋ
29379,狃,ɳjuk³̲³̲,ɳj,uk̲̲,³,m‧l,u,s
29380,狄,tʰek³̲³̲,tʰ,ek̲̲,³,d,e,̠ɡ
29381,狅,,,,,,,
29382,狆,,,,,,,
29383,狇,,,,,,,
29384,狈,pɑi³¹,p,ɑi,³¹,,,
29385,狉,bɰi³³,bɰ,i,³³,,,
29386,狊,hʷek³̲³̲,hʷ,ek̲̲,³,qhʷ,e,̠ɡ
29387,狋,ŋɰi³³,ŋɰ,i,³³,ɡʷr,e,n
29388,狌,ʂɰæŋ³³,ʂɰæŋ,,³³,sr,e,ŋ
29389,狍,bɰæu³³,bɰæ,u,³³,br,u,̠
29390,狎,ɦɰɛp³̲³̲,ɦɰ,ɛp̲̲,³,ɡr,a,̠b
29391,狏,jiᴇ³³,j,iᴇ,³³,,,
29392,狐,ɦu̯o³³,ɦ,u̯o,³³,ɡʷ,a,̠
29393,狑,leŋ³³,l,eŋ,³³,,,
29394,狒,bʷɨi³¹,bʷ,ɨi,³¹,b,ɯ,ds
29395,狓,pʰɰiᴇ³³,pʰɰ,iᴇ,³³,,,
29396,狔,ɳɰiᴇ³⁵,ɳɰ,iᴇ,³⁵,n,i,lʔ
29397,狕,ʔɰæu³⁵,ʔɰæ,u,³⁵,qr,ɯ,̠wʔ
29398,狖,jɨu³¹,j,ɨu,³¹,ɢl,u,s
29399,狗,ku³⁵,k,u,³⁵,k,o,̠ʔ
29400,狘,hʷjɤt³̲³̲,hʷj,ɤt̲̲,³,khʷ,a,d
29401,狙,tʂjɤ³¹,tʂj,ɤ,³¹,skh,a,s
29402,狚,tɑn³⁵,t,ɑn,³⁵,,,
29403,狛,bɰæ³¹,bɰæ,,³¹,ph,a,̠ɡ
29404,狜,,,,,,,
29405,狝,,,,,,,
29406,狞,,,,,,,
29407,狟,ɦʷɑn³³,ɦʷ,ɑn,³³,ɢ,o,̠n
29408,狠,ŋɨn³³,ŋ,ɨn,³³,ŋɡr,ɯ,̠n
29409,狡,ɦɰæu³⁵,ɦɰæ,u,³⁵,kr,e,̠wʔ
29410,狢,ɦɑk³̲³̲,ɦ,ɑk̲̲,³,ɡl,a,̠ɡ
29411,狣,dɑu³⁵,d,ɑu,³⁵,ɡ‧l,e,wʔ
29412,狤,ɡɰit³̲³̲,ɡɰ,it̲̲,³,ɡr,i,d
29413,狥,,,,,sɢʷ,i,ns
29414,狦,ʂɰæn³³,ʂɰæn,,³³,sr,a,̠ns
29415,狧,tʰəp³̲³̲,tʰ,əp̲̲,³,l̥,a,̠b
29416,狨,ȵjuŋ³³,ȵj,uŋ,³³,,,
29417,狩,ɕɨu³¹,ɕ,ɨu,³¹,qhlj,u,s
29418,狪,tʰuŋ³³,tʰ,uŋ,³³,th,o,̠ŋ
29419,狫,,,,,,,
29420,独,duk³̲³̲,d,uk̲̲,³,,,
29421,狭,ɦɰɛp³̲³̲,ɦɰ,ɛp̲̲,³,,,
29422,狮,ʂi³³,ʂ,i,³³,,,
29423,狯,,,,,,,
29424,狰,tʂɰɛŋ³³,tʂɰ,ɛŋ,³³,sr,e,̠ŋ
29425,狱,ŋjʊk³̲³̲,ŋj,ʊk̲̲,³,,,
29426,狲,,,,,,,
29427,狳,jɤ³³,j,ɤ,³³,,,
29428,狴,bei³⁵,b,ei,³⁵,p,i,̠
29429,狵,ʈɰɔk³̲³̲,ʈɰɔk̲̲,,³,mr,o,̠ŋ
29430,狶,hɨ³³,h,ɨ,³³,qhl,ɯ,l
29431,狷,kʷiᴇn³¹,kʷ,iᴇn,³¹,kʷ,e,̠ns
29432,狸,lɨ³³,l,ɨ,³³,m,ə,r
29433,狹,ɦɰɛp³̲³̲,ɦɰ,ɛp̲̲,³,ɡr,e,̠b
29434,狺,ŋɨn³³,ŋ,ɨn,³³,ŋr,ɯ,n
29435,狻,sʷɑn³³,sʷ,ɑn,³³,sqh,o,̠n
29436,狼,lɑŋ³¹,l,ɑŋ,³¹,r,a,̠ŋ
29437,狽,pɑi³¹,p,ɑi,³¹,p,a,̠ds
29438,狾,tɕiᴇi³¹,tɕ,iᴇi,³¹,klj,e,ds
29439,狿,jiᴇn³³,j,iᴇn,³³,l,a,n
29440,猀,,,,,,,
29441,猁,,,,,,,
29442,猂,,,,,,,
29443,猃,,,,,,,
29444,猄,,,,,,,
29445,猅,bɰɛi³³,bɰ,ɛi,³³,,,
29446,猆,pʷɨi³³,pʷ,ɨi,³³,,,
29447,猇,ɦʲiᴇu³³,ɦʲ,iᴇu,³³,qhr,u,̠
29448,猈,bɰɛ³³,bɰ,ɛ,³³,br,e,̠
29449,猉,ɡɨ³³,ɡ,ɨ,³³,,,
29450,猊,ŋei³³,ŋ,ei,³³,ŋɡ,e,̠
29451,猋,pʰiᴇu³³,pʰ,iᴇu,³³,p,e,w
29452,猌,ŋɰin³¹,ŋɰ,in,³¹,ŋɡr,ɯ,ns
29453,猍,lɨ³³,l,ɨ,³³,,,
29454,猎,tsʰjak³̲³̲,tsʰj,ak̲̲,³,z,a,ɡ
29455,猏,ken³³,k,en,³³,k,e,̠n
29456,猐,kʰjaŋ³³,kʰj,aŋ,³³,,,
29457,猑,ku̯on³³,k,u̯on,³³,,,
29458,猒,ʔɰiᴇm³³,ʔɰ,iᴇm,³³,q,e,m
29459,猓,kʷɑ³⁵,kʷ,ɑ,³⁵,,,
29460,猔,,,,,,,
29461,猕,miᴇ³³,m,iᴇ,³³,,,
29462,猖,tɕʰjaŋ³³,tɕʰj,aŋ,³³,thj,a,ŋ
29463,猗,ʔɑ³⁵,ʔ,ɑ,³⁵,qr,a,lʔ
29464,猘,tɕiᴇi³¹,tɕ,iᴇi,³¹,kr,e,ds
29465,猙,dziᴇŋ³¹,dz,iᴇŋ,³¹,,,
29466,猚,lʷi³⁵,lʷ,i,³⁵,ŋr,e,̠l
29467,猛,mɰæŋ³⁵,mɰæŋ,,³⁵,mr,a,̠ŋʔ
29468,猜,tsʰəi³³,tsʰ,əi,³³,sh,ɯ,̠
29469,猝,tsʰu̯ot³̲³̲,tsʰ,u̯ot̲̲,³,sh,u,̠d
29470,猞,,,,,,,
29471,猟,,,,,,,
29472,猠,,,,,,,
29473,猡,,,,,,,
29474,猢,ɦu̯o³³,ɦ,u̯o,³³,ɡ,a,̠
29475,猣,tsuŋ³⁵,ts,uŋ,³⁵,sk,o,̠ŋʔ
29476,猤,ɡʷi³¹,ɡʷ,i,³¹,,,
29477,猥,ʔu̯oi³¹,ʔ,u̯oi,³¹,q,u,̠lʔ
29478,猦,pjuŋ³³,pj,uŋ,³³,,,
29479,猧,ʔʷɑ³³,ʔʷ,ɑ,³³,,,
29480,猨,ɦʲʷjɤn³³,ɦʲʷj,ɤn,³³,ɢr,o,n
29481,猩,seŋ³³,s,eŋ,³³,sl,e,̠ŋ
29482,猪,ʈjɤ³³,ʈj,ɤ,³³,k‧l,a,
29483,猫,mɰæu³³,mɰæ,u,³³,mr,e,w
29484,猬,ɦʲʷɨi³¹,ɦʲʷ,ɨi,³¹,,,
29485,猭,ʈʰʷiᴇn³³,ʈʰʷ,iᴇn,³³,kh‧l,o,ns
29486,献,hjɤn³¹,hj,ɤn,³¹,,,
29487,猯,tʰʷɑn³³,tʰʷ,ɑn,³³,,,
29488,猰,kʰet³̲³̲,kʰ,et̲̲,³,qr,e,̠d
29489,猱,ɳɨu³¹,ɳ,ɨu,³¹,mlj,i,wʔ
29490,猲,kʰjap³̲³̲,kʰj,ap̲̲,³,qh,a,̠d
29491,猳,kɰæ³³,kɰæ,,³³,kr,a,̠
29492,猴,ɦu³³,ɦ,u,³³,ɡ,o,̠
29493,猵,bin³⁵,b,in,³⁵,b,i,nʔ
29494,猶,jiᴇu³³,j,iᴇu,³³,ɢl,u,s
29495,猷,jɨu³³,j,ɨu,³³,ɢl,u,
29496,猸,mɰi³³,mɰ,i,³³,,,
29497,猹,,,,,,,
29498,猺,jiᴇu³³,j,iᴇu,³³,,,
29499,猻,su̯on³³,s,u̯on,³³,,,
29500,猼,pʰɑk³̲³̲,pʰ,ɑk̲̲,³,p,a,̠ɡ
29501,猽,meŋ³³,m,eŋ,³³,,,
29502,猾,ɦʷɰɛt³̲³̲,ɦʷɰ,ɛt̲̲,³,ɡr,u,̠d
29503,猿,ɦʲʷjɤn³³,ɦʲʷj,ɤn,³³,ɢr,o,n
29504,獀,ʂɨu³³,ʂ,ɨu,³³,sr,u,
29505,獁,mɰæ³¹,mɰæ,,³¹,,,
29506,獂,ŋʷjɤn³³,ŋʷj,ɤn,³³,ŋɡ,o,n
29507,獃,ŋəi³³,ŋ,əi,³³,,,
29508,獄,ŋjʊk³̲³̲,ŋj,ʊk̲̲,³,ŋ,o,ɡ
29509,獅,ʂi³³,ʂ,i,³³,,,
29510,獆,ɦɑu³³,ɦ,ɑu,³³,,,
29511,獇,,,,,,,
29512,獈,,,,,,,
29513,獉,,,,,,,
29514,獊,,,,,,,
29515,獋,ɦɑu³³,ɦ,ɑu,³³,,,
29516,獌,,,,,m,o,ns
29517,獍,kɰjæŋ³¹,kɰjæŋ,,³¹,,,
29518,獎,tsjaŋ³⁵,tsj,aŋ,³⁵,sk,a,ŋʔ
29519,獏,mu̯o³³,m,u̯o,³³,,,
29520,獐,tɕjaŋ³³,tɕj,aŋ,³³,klj,a,ŋ
29521,獑,dʐɰɛm³³,dʐɰ,ɛm,³³,zr,a,̠m
29522,獒,ŋɑu³³,ŋ,ɑu,³³,ŋɡ,a,̠w
29523,獓,ŋɑu³³,ŋ,ɑu,³³,,,
29524,獔,,,,,,,
29525,獕,,,,,,,
29526,獖,bjun³⁵,bj,un,³⁵,,,
29527,獗,,,,,,,
29528,獘,bet³̲³̲,b,et̲̲,³,b,e,ds
29529,獙,biᴇi³¹,b,iᴇi,³¹,b,e,ds
29530,獚,ɦʷɑŋ³³,ɦʷ,ɑŋ,³³,,,
29531,獛,puk³̲³̲,p,uk̲̲,³,,,
29532,獜,lin³³,l,in,³³,r,e,̠ŋ
29533,獝,jʷit³̲³̲,jʷ,it̲̲,³,qhʷ,i,d
29534,獞,duŋ³³,d,uŋ,³³,,,
29535,獟,heu³¹,h,eu,³¹,ŋɡ,e,̠ws
29536,獠,leu³³,l,eu,³³,k‧r,e,̠wʔ
29537,獡,ɕjak³̲³̲,ɕj,ak̲̲,³,l̥,a,ɡ
29538,獢,hɰiᴇu³³,hɰ,iᴇu,³³,qhr,e,w
29539,獣,,,,,,,
29540,獤,,,,,,,
29541,獥,ɦek³̲³̲,ɦ,ek̲̲,³,ɡl,e,̠wɡ
29542,獦,liᴇp³̲³̲,l,iᴇp̲̲,³,kl,a,̠d
29543,獧,kʷen³¹,kʷ,en,³¹,kʷ,e,̠ns
29544,獨,duk³̲³̲,d,uk̲̲,³,ɡ‧l,o,̠ɡ
29545,獩,ʔʷjai³¹,ʔʷj,ai,³¹,,,
29546,獪,kʷɑi³¹,kʷ,ɑi,³¹,k,o,̠bs
29547,獫,liᴇm³⁵,l,iᴇm,³⁵,qhr,o,mʔ
29548,獬,kɰɛ³⁵,kɰ,ɛ,³⁵,ɡr,e,̠ʔ
29549,獭,tʰɑt³̲³̲,tʰ,ɑt̲̲,³,,,
29550,獮,siᴇn³⁵,s,iᴇn,³⁵,sml,e,nʔ
29551,獯,hjun³³,hj,un,³³,qh,u,n
29552,獰,ɳɰɛŋ³³,ɳɰ,ɛŋ,³³,,,
29553,獱,bin³³,b,in,³³,b,i,n
29554,獲,hʷɑk³̲³̲,hʷ,ɑk̲̲,³,ɡʷr,a,̠ɡ
29555,獳,ȵjʊ³³,ȵj,ʊ,³³,n,o,̠
29556,獴,,,,,,,
29557,獵,liᴇp³̲³̲,l,iᴇp̲̲,³,r,a,b
29558,獶,nu³³,n,u,³³,ql,u,
29559,獷,kʷjaŋ³⁵,kʷj,aŋ,³⁵,kʷ,a,ŋʔ
29560,獸,ɕɨu³¹,ɕ,ɨu,³¹,l̥,u,s
29561,獹,lu̯o³³,l,u̯o,³³,ɡ,ə,r
29562,獺,ʈʰɰæt³̲³̲,ʈʰɰæt̲̲,,³,ph‧r,a,̠d
29563,獻,hɰiᴇ³³,hɰ,iᴇ,³³,ŋ̊h,a,ns
29564,獼,miᴇ³³,m,iᴇ,³³,ml,e,l
29565,獽,ȵjaŋ³³,ȵj,aŋ,³³,,,
29566,獾,ɡʷɰiᴇn³³,ɡʷɰ,iᴇn,³³,qh,o,̠n
29567,獿,ɳɰæu³⁵,ɳɰæ,u,³⁵,rn,u,̠wʔ
29568,玀,,,,,,,
29569,玁,hɰiᴇm³⁵,hɰ,iᴇm,³⁵,qhr,a,mʔ
29570,玂,ɡɨi³³,ɡ,ɨi,³³,ɡ,ɯ,l
29571,玃,kʷjak³̲³̲,kʷj,ak̲̲,³,kʷ,a,ɡ
29572,玄,ɦʷen³³,ɦʷ,en,³³,ɡʷ,i,̠n
29573,玅,miᴇu³¹,m,iᴇu,³¹,,,
29574,玆,ɦʷen³³,ɦʷ,en,³³,ɡʷ,i,̠n
29575,率,ʂʷit³̲³̲,ʂʷ,it̲̲,³,sr,u,d
29576,玈,lu̯o³³,l,u̯o,³³,r,a,̠
29577,玉,ŋjʊk³̲³̲,ŋj,ʊk̲̲,³,ŋɡ,o,ɡ
29578,玊,sjʊk³̲³̲,sj,ʊk̲̲,³,sl,o,ɡ
29579,王,ɦʲʷjaŋ³¹,ɦʲʷj,aŋ,³¹,ɢʷ,a,ŋ
29580,玌,,,,,,,
29581,玍,,,,,,,
29582,玎,ʈɰɛŋ³³,ʈɰ,ɛŋ,³³,rt,e,̠ŋ
29583,玏,lək³̲³̲,l,ək̲̲,³,r,ɯ,̠ɡ
29584,玐,pɰɛt³̲³̲,pɰ,ɛt̲̲,³,,,
29585,玑,,,,,,,
29586,玒,kuŋ³³,k,uŋ,³³,k,o,̠ŋ
29587,玓,tek³̲³̲,t,ek̲̲,³,p‧l,e,̠wɡ
29588,玔,tɕʰʷiᴇn³¹,tɕʰʷ,iᴇn,³¹,,,
29589,玕,kɑn³³,k,ɑn,³³,k,a,̠n
29590,玖,kɨu³¹,k,ɨu,³¹,kʷl,ɯ,ʔ
29591,玗,ɦʲjʊ³³,ɦʲj,ʊ,³³,ɢʷ,a,
29592,玘,kʰɨ³⁵,kʰ,ɨ,³⁵,,,
29593,玙,,,,,,,
29594,玚,,,,,,,
29595,玛,,,,,,,
29596,玜,kuŋ³³,k,uŋ,³³,,,
29597,玝,ŋu̯o³⁵,ŋ,u̯o,³⁵,,,
29598,玞,pjʊ³³,pj,ʊ,³³,p,a,
29599,玟,mu̯oi³³,m,u̯oi,³³,m,ɯ,̠l
29600,玠,kɰɛi³¹,kɰ,ɛi,³¹,kr,e,̠ds
29601,玡,ŋɰæ³¹,ŋɰæ,,³¹,,,
29602,玢,pɰæn³³,pɰæn,,³³,pr,ɯ,n
29603,玣,bɰiᴇn³¹,bɰ,iᴇn,³¹,br,o,ns
29604,玤,bɰɔŋ³⁵,bɰɔŋ,,³⁵,br,o,̠ŋʔ
29605,玥,ŋʷjɤt³̲³̲,ŋʷj,ɤt̲̲,³,,,
29606,玦,kʷet³̲³̲,kʷ,et̲̲,³,kʷ,e,̠d
29607,玧,mu̯on³³,m,u̯on,³³,,,
29608,玨,kɰɔk³̲³̲,kɰɔk̲̲,,³,kr,o,̠ɡ
29609,玩,ŋʷɑn³¹,ŋʷ,ɑn,³¹,ŋɡ,o,̠ns
29610,玪,kɰɛm³³,kɰ,ɛm,³³,kr,ɯ,̠m
29611,玫,mu̯oi³³,m,u̯oi,³³,m,ɯ,̠l
29612,玬,,,,,,,
29613,玭,ben³³,b,en,³³,b,i,n
29614,玮,,,,,,,
29615,环,ɦʷɰæn³³,ɦʷɰæn,,³³,,,
29616,现,ɦen³¹,ɦ,en,³¹,,,
29617,玱,,,,,,,
29618,玲,leŋ³³,l,eŋ,³³,ɡ,ə,r
29619,玳,dəi³¹,d,əi,³¹,l,ɯ,̠ɡs
29620,玴,jiᴇi³¹,j,iᴇi,³¹,,,
29621,玵,ŋɑm³³,ŋ,ɑm,³³,,,
29622,玶,bɰjæŋ³³,bɰjæŋ,,³³,,,
29623,玷,tem³⁵,t,em,³⁵,k‧l,e,̠mʔ
29624,玸,bjʊ³³,bj,ʊ,³³,,,
29625,玹,ɦen³³,ɦ,en,³³,ɡʷ,i,̠ns
29626,玺,siᴇ³⁵,s,iᴇ,³⁵,,,
29627,玻,pʰʷɑ³³,pʰʷ,ɑ,³³,,,
29628,玼,tsʰɑ³⁵,tsʰ,ɑ,³⁵,sh,e,̠ʔ
29629,玽,ku³⁵,k,u,³⁵,k,o,̠ʔ
29630,玾,kɰæp³̲³̲,kɰæp̲̲,,³,,,
29631,玿,dʑiᴇu³³,dʑ,iᴇu,³³,,,
29632,珀,pʰɰæk³̲³̲,pʰɰæk̲̲,,³,phr,a,̠ɡ
29633,珁,,,,,,,
29634,珂,kʰɑ³³,kʰ,ɑ,³³,kh,a,̠l
29635,珃,,,,,,,
29636,珄,ʂɰæŋ³³,ʂɰæŋ,,³³,,,
29637,珅,ɕin³³,ɕ,in,³³,,,
29638,珆,tʰəi³³,tʰ,əi,³³,,,
29639,珇,dzjɤ³⁵,dzj,ɤ,³⁵,sk,a,̠ʔ
29640,珈,kɰæ³³,kɰæ,,³³,kr,a,̠l
29641,珉,mɰin³³,mɰ,in,³³,mr,i,n
29642,珊,sɑn³³,s,ɑn,³³,sl,a,̠n
29643,珋,lɨu³⁵,l,ɨu,³⁵,b,ə,r
29644,珌,pit³̲³̲,p,it̲̲,³,pl,i,ɡ
29645,珍,ʈin³³,ʈ,in,³³,k‧l,ɯ,n
29646,珎,,,,,,,
29647,珏,kɰɔk³̲³̲,kɰɔk̲̲,,³,kr,o,̠ɡ
29648,珐,,,,,,,
29649,珑,,,,,,,
29650,珒,tsin³³,ts,in,³³,,,
29651,珓,kɰæu³¹,kɰæ,u,³¹,,,
29652,珔,dzen³¹,dz,en,³¹,,,
29653,珕,liᴇ³¹,l,iᴇ,³¹,ɡ,ə,r
29654,珖,kʷɑŋ³³,kʷ,ɑŋ,³³,,,
29655,珗,sen³³,s,en,³³,,,
29656,珘,tɕɨu³³,tɕ,ɨu,³³,,,
29657,珙,kjʊŋ³³,kj,ʊŋ,³³,kl,o,ŋ
29658,珚,ʔen³³,ʔ,en,³³,q,i,̠n
29659,珛,,,,,qhʷ,ɯ,s
29660,珜,,,,,,,
29661,珝,hjʊ³⁵,hj,ʊ,³⁵,,,
29662,珞,lek³̲³̲,l,ek̲̲,³,ɡ,ə,r
29663,珟,,,,,,,
29664,珠,tɕjʊ³³,tɕj,ʊ,³³,tj,o,
29665,珡,,,,,,,
29666,珢,ŋɰin³³,ŋɰ,in,³³,ŋɡr,ɯ,n
29667,珣,sʷin³³,sʷ,in,³³,sqhʷ,i,n
29668,珤,pɑu³⁵,p,ɑu,³⁵,p,u,̠ʔ
29669,珥,ȵɨŋ³³,ȵ,ɨŋ,³³,mlj,ɯ,s
29670,珦,ɕjaŋ³¹,ɕj,aŋ,³¹,qhj,a,ŋs
29671,珧,jiᴇu³³,j,iᴇu,³³,l,e,w
29672,珨,ɦɰɛp³̲³̲,ɦɰ,ɛp̲̲,³,,,
29673,珩,ɦɰæŋ³³,ɦɰæŋ,,³³,ɡr,a,̠ŋ
29674,珪,kʷei³³,kʷ,ei,³³,kʷ,e,̠
29675,珫,tɕʰjuŋ³³,tɕʰj,uŋ,³³,,,
29676,珬,sʷit³̲³̲,sʷ,it̲̲,³,,,
29677,班,pɰæn³³,pɰæn,,³³,pr,a,̠n
29678,珮,bu̯oi³¹,b,u̯oi,³¹,b,ɯ,̠s
29679,珯,,,,,,,
29680,珰,,,,,,,
29681,珱,,,,,,,
29682,珲,,,,,,,
29683,珳,mjun³³,mj,un,³³,,,
29684,珴,ŋɑ³³,ŋ,ɑ,³³,,,
29685,珵,tʰeŋ³⁵,tʰ,eŋ,³⁵,ɡ‧l,e,ŋ
29686,珶,dei³¹,d,ei,³¹,,,
29687,珷,mjʊ³⁵,mj,ʊ,³⁵,,,
29688,珸,ŋu̯o³³,ŋ,u̯o,³³,ŋ,a,̠
29689,珹,dʑiᴇŋ³³,dʑ,iᴇŋ,³³,,,
29690,珺,,,,,,,
29691,珻,mu̯oi³³,m,u̯oi,³³,m,ɯ,̠
29692,珼,pɑi³¹,p,ɑi,³¹,,,
29693,珽,tʰeŋ³³,tʰ,eŋ,³³,kh‧l,e,̠ŋʔ
29694,現,ɦen³⁵,ɦ,en,³⁵,ɡ,e,̠ns
29695,珿,tʂʰɰɔk³̲³̲,tʂʰɰɔk̲̲,,³,shr,u,ɡ
29696,琀,ɦəm³¹,ɦ,əm,³¹,ɡ,ɯ,̠ms
29697,琁,zʷiᴇn³³,zʷ,iᴇn,³³,sɢl,o,n
29698,琂,ŋjɤn³³,ŋj,ɤn,³³,ŋ,a,n
29699,球,ɡɨu³³,ɡ,ɨu,³³,ɡl,u,
29700,琄,,,,,ɡʷ,e,̠nʔ
29701,琅,lɑŋ³³,l,ɑŋ,³³,r,a,̠ŋ
29702,理,lɨ³⁵,l,ɨ,³⁵,m,ə,r
29703,琇,sɨu³¹,s,ɨu,³¹,sl,u,s
29704,琈,bɨu³³,b,ɨu,³³,,,
29705,琉,lɨu³³,l,ɨu,³³,r,u,
29706,琊,,,,,ɢ,a,
29707,琋,,,,,,,
29708,琌,,,,,,,
29709,琍,,,,,,,
29710,琎,tsin³¹,ts,in,³¹,,,
29711,琏,,,,,,,
29712,琐,sʷɑ³⁵,sʷ,ɑ,³⁵,,,
29713,琑,,,,,,,
29714,琒,,,,,,,
29715,琓,ɦʷɑn³³,ɦʷ,ɑn,³³,,,
29716,琔,den³¹,d,en,³¹,,,
29717,琕,ben³³,b,en,³³,,,
29718,琖,tʂɰɛn³⁵,tʂɰ,ɛn,³⁵,sr,e,̠nʔ
29719,琗,ʂɪt³̲³̲,ʂ,ɪt̲̲,³,,,
29720,琘,,,,,,,
29721,琙,ɦʲɨk³̲³̲,ɦʲ,ɨk̲̲,³,ɢʷr,ɯ,ɡ
29722,琚,ɡjɤ³³,ɡj,ɤ,³³,k,a,
29723,琛,ʈʰim³³,ʈʰ,im,³³,kh‧l,u,m
29724,琜,ləi³³,l,əi,³³,,,
29725,琝,,,,,,,
29726,琞,,,,,,,
29727,琟,jʷi³³,jʷ,i,³³,ɢ,u,l
29728,琠,ten³⁵,t,en,³⁵,th,ɯ,̠nʔ
29729,琡,ʑjuk³̲³̲,ʑj,uk̲̲,³,kj,ɯ,wɡ
29730,琢,ʈɰɔk³̲³̲,ʈɰɔk̲̲,,³,rt,o,̠ɡ
29731,琣,pʰu̯oi³⁵,pʰ,u̯oi,³⁵,,,
29732,琤,dʐɰɛŋ³³,dʐɰ,ɛŋ,³³,shr,e,̠ŋ
29733,琥,hu̯o³⁵,h,u̯o,³⁵,qhl,a,̠ʔ
29734,琦,ɡɰiᴇ³³,ɡɰ,iᴇ,³³,ɡr,a,l
29735,琧,,,,,,,
29736,琨,ku̯on³³,k,u̯on,³³,k,u,̠n
29737,琩,tɕʰjaŋ³³,tɕʰj,aŋ,³³,,,
29738,琪,ɡɨ³³,ɡ,ɨ,³³,ɡ,ɯ,
29739,琫,puŋ³⁵,p,uŋ,³⁵,p,o,̠ŋʔ
29740,琬,ʔʷjɤn³⁵,ʔʷj,ɤn,³⁵,q,o,nʔ
29741,琭,luk³̲³̲,l,uk̲̲,³,b,ə,r
29742,琮,tsu̯oŋ³¹,ts,u̯oŋ,³¹,z,u,̠ŋ
29743,琯,kʷɰæn³¹,kʷɰæn,,³¹,k,o,̠nʔ
29744,琰,jiᴇm³⁵,j,iᴇm,³⁵,ɢl,a,mʔ
29745,琱,teu³³,t,eu,³³,k‧l,ɯ,̠w
29746,琲,bu̯oi³¹,b,u̯oi,³¹,b,u,̠lʔ
29747,琳,lim³³,l,im,³³,ɡ,ə,r
29748,琴,ɡɰim³³,ɡɰ,im,³³,ɡr,ɯ,m
29749,琵,bi³³,b,i,³³,b,i,
29750,琶,bɰæ³³,bɰæ,,³³,,,
29751,琷,,,,,,,
29752,琸,,,,,,,
29753,琹,,,,,,,
29754,琺,,,,,,,
29755,琻,,,,,,,
29756,琼,ɡʷiᴇŋ³³,ɡʷ,iᴇŋ,³³,,,
29757,琽,tu̯o³⁵,t,u̯o,³⁵,,,
29758,琾,kɰɛi³¹,kɰ,ɛi,³¹,,,
29759,琿,ɦu̯on³³,ɦ,u̯on,³³,,,
29760,瑀,ɦʲjʊ³⁵,ɦʲj,ʊ,³⁵,ɢʷ,a,ʔ
29761,瑁,məi³¹,m,əi,³¹,m,u,̠ɡ
29762,瑂,mɰi³³,mɰ,i,³³,mr,i,l
29763,瑃,ʈʰʷin³³,ʈʰʷ,in,³³,,,
29764,瑄,sʷiᴇn³³,sʷ,iᴇn,³³,sqh,o,n
29765,瑅,dei³³,d,ei,³³,,,
29766,瑆,seŋ³³,s,eŋ,³³,,,
29767,瑇,du̯oi³¹,d,u̯oi,³¹,d,u,̠ɡ
29768,瑈,ȵɨu³³,ȵ,ɨu,³³,,,
29769,瑉,mɰin³³,mɰ,in,³³,,,
29770,瑊,ɦɰɛm³³,ɦɰ,ɛm,³³,kr,o,̠m
29771,瑋,ɦʲʷɨi³⁵,ɦʲʷ,ɨi,³⁵,ɢʷ,ɯ,lʔ
29772,瑌,ȵʷiᴇn³⁵,ȵʷ,iᴇn,³⁵,nj,o,nʔ
29773,瑍,,,,,,,
29774,瑎,ɦɰɛi³³,ɦɰ,ɛi,³³,ɡr,i,̠l
29775,瑏,tɕʰʷiᴇn³³,tɕʰʷ,iᴇn,³³,,,
29776,瑐,tsiᴇn³⁵,ts,iᴇn,³⁵,,,
29777,瑑,ɖi³³,ɖ,i,³³,ɡ‧l,o,nʔ
29778,瑒,dɑŋ³⁵,d,ɑŋ,³⁵,l,a,ŋ
29779,瑓,len³¹,l,en,³¹,,,
29780,瑔,,,,,,,
29781,瑕,tʷɑn³¹,tʷ,ɑn,³¹,ɡr,a,̠
29782,瑖,tʷɑn³¹,tʷ,ɑn,³¹,,,
29783,瑗,ɦʲʷjɤn³¹,ɦʲʷj,ɤn,³¹,ɢr,o,ns
29784,瑘,jæ³³,jæ,,³³,,,
29785,瑙,nɑu³⁵,n,ɑu,³⁵,n,u,̠ʔ
29786,瑚,ɦu̯o³³,ɦ,u̯o,³³,ɡ,a,̠
29787,瑛,ʔɰjæŋ³³,ʔɰjæŋ,,³³,qr,a,ŋ
29788,瑜,jʊ³³,j,ʊ,³³,l,o,
29789,瑝,ɦɰæŋ³³,ɦɰæŋ,,³³,ɡʷr,a,̠ŋ
29790,瑞,dʑʷiᴇ³¹,dʑʷ,iᴇ,³¹,ɡlj,o,ls
29791,瑟,ʂɪt³̲³̲,ʂ,ɪt̲̲,³,spr,i,ɡ
29792,瑠,lɨu³³,l,ɨu,³³,b,ə,r
29793,瑡,ʂi³³,ʂ,i,³³,,,
29794,瑢,jʊŋ³³,j,ʊŋ,³³,,,
29795,瑣,sʷɑ³⁵,sʷ,ɑ,³⁵,sl,o,̠lʔ
29796,瑤,,,,,,,
29797,瑥,ʔu̯on³³,ʔ,u̯on,³³,,,
29798,瑦,ʔu̯o³⁵,ʔ,u̯o,³⁵,q,a,̠
29799,瑧,,,,,,,
29800,瑨,,,,,,,
29801,瑩,ʔʷeŋ³¹,ʔʷ,eŋ,³¹,qʷ,e,̠ŋs
29802,瑪,mɰæ³⁵,mɰæ,,³⁵,mr,a,̠ʔ
29803,瑫,tʰɑu³³,tʰ,ɑu,³³,,,
29804,瑬,lɨu³³,l,ɨu,³³,r,u,
29805,瑭,dɑŋ³³,d,ɑŋ,³³,,,
29806,瑮,lit³̲³̲,l,it̲̲,³,b,ə,r
29807,瑯,lɑŋ³³,l,ɑŋ,³³,r,a,̠ŋ
29808,瑰,ɦu̯oi³³,ɦ,u̯oi,³³,k,u,̠l
29809,瑱,den³³,d,en,³³,kh‧l,i,̠ns
29810,瑲,tsʰɑŋ³³,tsʰ,ɑŋ,³³,sh,a,ŋ
29811,瑳,tsʰɑ³⁵,tsʰ,ɑ,³⁵,sh,a,̠lʔ
29812,瑴,kuk³̲³̲,k,uk̲̲,³,kr,o,̠ɡ
29813,瑵,tʂɰæu³⁵,tʂɰæ,u,³⁵,sr,u,̠ʔ
29814,瑶,jiᴇu³³,j,iᴇu,³³,l,e,w
29815,瑷,,,,,,,
29816,瑸,,,,,,,
29817,瑹,tʰu̯o³³,tʰ,u̯o,³³,,,
29818,瑺,dʑjaŋ³³,dʑj,aŋ,³³,,,
29819,瑻,ku̯on³³,k,u̯on,³³,k,u,̠n
29820,瑼,tɕʷiᴇn³³,tɕʷ,iᴇn,³³,,,
29821,瑽,tsʰjʊŋ³³,tsʰj,ʊŋ,³³,,,
29822,瑾,ɡɨn³¹,ɡ,ɨn,³¹,ɡr,ɯ,ns
29823,瑿,ʔei³³,ʔ,ei,³³,,,
29824,璀,tsʰu̯oi³⁵,tsʰ,u̯oi,³⁵,skh,u,̠lʔ
29825,璁,tsʰuŋ³³,tsʰ,uŋ,³³,skh,o,̠ŋ
29826,璂,ɡɨ³³,ɡ,ɨ,³³,ɡ,ɯ,
29827,璃,liᴇ³³,l,iᴇ,³³,b,ə,r
29828,璄,ʔɰjæŋ³⁵,ʔɰjæŋ,,³⁵,,,
29829,璅,sʷɑ³⁵,sʷ,ɑ,³⁵,sk,a,̠wʔ
29830,璆,kju³³,kj,u,³³,ɡl,ɯ,w
29831,璇,zʷiᴇn³³,zʷ,iᴇn,³³,sɢl,o,n
29832,璈,ŋɑu³³,ŋ,ɑu,³³,,,
29833,璉,liᴇn³⁵,l,iᴇn,³⁵,b,ə,r
29834,璊,mu̯on³³,m,u̯on,³³,m,ɯ,̠n
29835,璋,tɕjaŋ³³,tɕj,aŋ,³³,klj,a,ŋ
29836,璌,jin³³,j,in,³³,,,
29837,璍,,,,,,,
29838,璎,,,,,,,
29839,璏,ɖiᴇi³¹,ɖ,iᴇi,³¹,ɢʷr,e,ds
29840,璐,lu̯o³¹,l,u̯o,³¹,ɡ,ə,r
29841,璑,mjʊ³³,mj,ʊ,³³,m,a,
29842,璒,təŋ³³,t,əŋ,³³,t,ɯ,̠ŋ
29843,璓,jɨu³⁵,j,ɨu,³⁵,sl,ɯ,ws
29844,璔,tsəŋ³³,ts,əŋ,³³,,,
29845,璕,,,,,,,
29846,璖,ɡjɤ³³,ɡj,ɤ,³³,,,
29847,璗,dɑŋ³⁵,d,ɑŋ,³⁵,ɡ‧l,a,̠ŋʔ
29848,璘,,,,,r,i,n
29849,璙,leu³³,l,eu,³³,ɡ,ə,r
29850,璚,ɡʷiᴇŋ³³,ɡʷ,iᴇŋ,³³,ɡʷ,e,ŋ
29851,璛,sjuk³̲³̲,sj,uk̲̲,³,,,
29852,璜,ɦʷɑŋ³³,ɦʷ,ɑŋ,³³,ɡʷ,a,̠ŋ
29853,璝,ɦu̯oi³³,ɦ,u̯oi,³³,,,
29854,璞,pʰɰɔk³̲³̲,pʰɰɔk̲̲,,³,phr,o,̠ɡ
29855,璟,ʔɰjæŋ³⁵,ʔɰjæŋ,,³⁵,kʷr,a,ŋʔ
29856,璠,bʷjɤn³³,bʷj,ɤn,³³,b,a,n
29857,璡,tsin³¹,ts,in,³¹,s,i,ns
29858,璢,,,,,,,
29859,璣,ɡɰi³¹,ɡɰ,i,³¹,k,ɯ,l
29860,璤,,,,,,,
29861,璥,kɰjæŋ³⁵,kɰjæŋ,,³⁵,k,e,ŋʔ
29862,璦,ʔəi³¹,ʔ,əi,³¹,,,
29863,璧,piᴇk³̲³̲,p,iᴇk̲̲,³,p,e,ɡ
29864,璨,tsʰɑn³¹,tsʰ,ɑn,³¹,sh,a,̠ns
29865,璩,ɡjɤ³³,ɡj,ɤ,³³,ɡl,a,
29866,璪,tsɑu³⁵,ts,ɑu,³⁵,s,a,̠wʔ
29867,璫,tɑŋ³³,t,ɑŋ,³³,k‧l,a,̠ŋ
29868,璬,keu³⁵,k,eu,³⁵,kl,e,̠wʔ
29869,璭,ku̯on³¹,k,u̯on,³¹,k,u,̠ns
29870,璮,,,,,,,
29871,璯,kʰʷɰæi³¹,kʰʷɰæ,i,³¹,,,
29872,環,ɦʷɰæn³¹,ɦʷɰæn,,³¹,ɢʷr,e,̠n
29873,璱,ʂɪt³̲³̲,ʂ,ɪt̲̲,³,spr,i,ɡ
29874,璲,zʷi³¹,zʷ,i,³¹,lj,u,ds
29875,璳,,,,,,,
29876,璴,,,,,,,
29877,璵,jɤ³³,j,ɤ,³³,ɢl,a,
29878,璶,zin³¹,z,in,³¹,lj,i,ns
29879,璷,pʰjʊ³³,pʰj,ʊ,³³,,,
29880,璸,ben³³,b,en,³³,pr,i,n
29881,璹,dʑjuk³̲³̲,dʑj,uk̲̲,³,ɡlj,u,ʔ
29882,璺,mjun³¹,mj,un,³¹,m,ɯ,ns
29883,璻,tsʷi³⁵,tsʷ,i,³⁵,,,
29884,璼,lɑm³³,l,ɑm,³³,,,
29885,璽,siᴇ³⁵,s,iᴇ,³⁵,sml,e,lʔ
29886,璾,tsi³³,ts,i,³³,,,
29887,璿,zʷiᴇn³³,zʷ,iᴇn,³³,sɢʷ,o,n
29888,瓀,ȵʷiᴇn³³,ȵʷ,iᴇn,³³,nj,o,nʔ
29889,瓁,ŋʷɑk³̲³̲,ŋʷ,ɑk̲̲,³,ŋɡʷ,a,̠ɡ
29890,瓂,kɑi³¹,k,ɑi,³¹,,,
29891,瓃,lʷi³³,lʷ,i,³³,r,u,ls
29892,瓄,duk³̲³̲,d,uk̲̲,³,,,
29893,瓅,lek³̲³̲,l,ek̲̲,³,ɡ,ə,r
29894,瓆,tɕit³̲³̲,tɕ,it̲̲,³,,,
29895,瓇,,,,,,,
29896,瓈,lei³³,l,ei,³³,,,
29897,瓉,dzʷɑn³⁵,dzʷ,ɑn,³⁵,,,
29898,瓊,ɡʷiᴇŋ³³,ɡʷ,iᴇŋ,³³,ɡʷ,e,ŋ
29899,瓋,,,,,k‧r,e,̠ɡ
29900,瓌,ku̯oi³³,k,u̯oi,³³,k,u,̠l
29901,瓍,zʷiᴇ³³,zʷ,iᴇ,³³,,,
29902,瓎,lɑt³̲³̲,l,ɑt̲̲,³,,,
29903,瓏,luŋ³³,l,uŋ,³³,ɡ,ə,r
29904,瓐,lu̯o³³,l,u̯o,³³,ɡ,ə,r
29905,瓑,,,,,,,
29906,瓒,,,,,,,
29907,瓓,,,,,,,
29908,瓔,ʔɰɛŋ³³,ʔɰ,ɛŋ,³³,,,
29909,瓕,siᴇn³⁵,s,iᴇn,³⁵,,,
29910,瓖,sjaŋ³³,sj,aŋ,³³,sl,a,ŋ
29911,瓗,ɡʷiᴇŋ³³,ɡʷ,iᴇŋ,³³,ɢʷ,e,s
29912,瓘,kʷɑn³¹,kʷ,ɑn,³¹,k,o,̠ns
29913,瓙,,,,,,,
29914,瓚,,,,,z,a,̠nʔ
29915,瓛,hjɤn³¹,hj,ɤn,³¹,,,
29916,瓜,kʷɰæ³³,kʷɰæ,,³³,kʷr,a,̠
29917,瓝,bɰɔk³̲³̲,bɰɔk̲̲,,³,br,e,̠wɡ
29918,瓞,det³̲³̲,d,et̲̲,³,l,i,̠ɡ
29919,瓟,bɰæu³³,bɰæ,u,³³,br,u,̠ɡ
29920,瓠,ɦu̯o³¹,ɦ,u̯o,³¹,ɡʷ,a,̠s
29921,瓡,tɕip³̲³̲,tɕ,ip̲̲,³,klj,i,b
29922,瓢,biᴇu³³,b,iᴇu,³³,b,e,w
29923,瓣,pʰen³¹,pʰ,en,³¹,br,e,̠ns
29924,瓤,ɳjaŋ³³,ɳj,aŋ,³³,m‧l ,a,ŋ
29925,瓥,,,,,,,
29926,瓦,ŋʷɰæ³⁵,ŋʷɰæ,,³⁵,ŋʷr,a,̠ls
29927,瓧,,,,,,,
29928,瓨,ɦɰɔŋ³³,ɦɰɔŋ,,³³,kr,o,̠ŋ
29929,瓩,,,,,,,
29930,瓪,pʷjɤn³⁵,pʷj,ɤn,³⁵,pr,a,̠nʔ
29931,瓫,bu̯on³³,b,u̯on,³³,,,
29932,瓬,pʷjaŋ³⁵,pʷj,aŋ,³⁵,p,a,ŋʔ
29933,瓭,ɖim³³,ɖ,im,³³,k‧l,u,̠mʔ
29934,瓮,ʔuŋ³¹,ʔ,uŋ,³¹,ql,o,̠ŋs
29935,瓯,ʔu³³,ʔ,u,³³,,,
29936,瓰,,,,,,,
29937,瓱,,,,,,,
29938,瓲,,,,,,,
29939,瓳,ɦu̯o³³,ɦ,u̯o,³³,ɡ,a,̠
29940,瓴,leŋ³³,l,eŋ,³³,ɡ,ə,r
29941,瓵,jɨ³³,j,ɨ,³³,ɢl,ɯ,
29942,瓶,beŋ³³,b,eŋ,³³,b,e,̠ŋ
29943,瓷,dzi³³,dz,i,³³,z,i,
29944,瓸,,,,,,,
29945,瓹,kʷen³¹,kʷ,en,³¹,kʷ,e,̠ns
29946,瓺,ɖjaŋ³³,ɖj,aŋ,³³,ɡ‧l,a,ŋ
29947,瓻,ʈʰi³³,ʈʰ,i,³³,,,
29948,瓼,,,,,,,
29949,瓽,tɑŋ³¹,t,ɑŋ,³¹,k‧l,a,̠ŋs
29950,瓾,,,,,m,e,nʔ
29951,瓿,bu³⁵,b,u,³⁵,b,ɯ,
29952,甀,ɖʷi³³,ɖʷ,i,³³,d,o,ls
29953,甁,,,,,,,
29954,甂,pen³³,p,en,³³,p,e,̠n
29955,甃,tʂɨu³¹,tʂ,ɨu,³¹,sr,ɯ,ws
29956,甄,kʷiᴇn³¹,kʷ,iᴇn,³¹,kj,i,n
29957,甅,,,,,,,
29958,甆,,,,,,,
29959,甇,ʔɰɛŋ³³,ʔɰ,ɛŋ,³³,,,
29960,甈,kʰɰiᴇi³¹,kʰɰ,iᴇi,³¹,ŋ,e,̠ds
29961,甉,tʂʰɰæm³¹,tʂʰɰæm,,³¹,,,
29962,甊,lu³⁵,l,u,³⁵,ɡ,ə,r
29963,甋,tek³̲³̲,t,ek̲̲,³,k‧l,e,̠ɡ
29964,甌,ʔu³³,ʔ,u,³³,q,o,̠
29965,甍,miᴇŋ³³,m,iᴇŋ,³³,mr,ɯ,̠ŋ
29966,甎,tɕʷiᴇn³³,tɕʷ,iᴇn,³³,,,
29967,甏,,,,,,,
29968,甐,lin³¹,l,in,³¹,r,i,ns
29969,甑,tsɨŋ³¹,ts,ɨŋ,³¹,s,ɯ,ŋs
29970,甒,mjʊ³⁵,mj,ʊ,³⁵,m,a,ʔ
29971,甓,pɰɛk³̲³̲,pɰ,ɛk̲̲,³,b,e,̠ɡ
29972,甔,tɑm³³,t,ɑm,³³,k‧l,a,̠m
29973,甕,ʔuŋ³¹,ʔ,uŋ,³¹,q,o,̠ŋs
29974,甖,ʔiᴇŋ³¹,ʔ,iᴇŋ,³¹,qr,e,̠ŋ
29975,甗,ŋɰiᴇn³¹,ŋɰ,iᴇn,³¹,ŋr,a,nʔ
29976,甘,ɦɑm³³,ɦ,ɑm,³³,k,a,̠m
29977,甙,dəi³¹,d,əi,³¹,,,
29978,甚,ʑim³⁵,ʑ,im,³⁵,ɡlj,u,ms
29979,甛,,,,,,,
29980,甜,dem³³,d,em,³³,l,i,̠m
29981,甝,ɦɑm³³,ɦ,ɑm,³³,ɡ,a,̠m
29982,甞,dʑjaŋ³³,dʑj,aŋ,³³,ɡlj,a,ŋ
29983,生,ʂɰjæŋ³¹,ʂɰjæŋ,,³¹,sr,e,ŋ
29984,甠,,,,,,,
29985,甡,ʂɪn³³,ʂ,ɪn,³³,sr,i,n
29986,產,,,,,sŋr,e,̠nʔ
29987,産,ʂɰæn³¹,ʂɰæn,,³¹,sŋr,e,̠nʔ
29988,甤,ȵʷi³³,ȵʷ,i,³³,nj,o,lʔ
29989,甥,ʂɰæŋ³³,ʂɰæŋ,,³³,sr,e,ŋ
29990,甦,,,,,,,
29991,甧,,,,,,,
29992,用,jʊŋ³¹,j,ʊŋ,³¹,l,o,ŋs
29993,甩,,,,,,,
29994,甪,,,,,kr,o,̠ɡ
29995,甫,pjʊ³⁵,pj,ʊ,³⁵,p,a,ʔ
29996,甬,duŋ³⁵,d,uŋ,³⁵,l,o,ŋʔ
29997,甭,,,,,,,
29998,甮,,,,,,,
29999,甯,neŋ³¹,n,eŋ,³¹,n,e,̠ŋs
30000,田,din³³,d,in,³³,l,i,̠ŋ
30001,由,jɨu³³,j,ɨu,³³,l,ɯ,w
30002,甲,kɰæp³̲³̲,kɰæp̲̲,,³,kr,a,̠b
30003,申,,,,,l̥,i,n
30004,甴,,,,,,,
30005,电,den³¹,d,en,³¹,,,
30006,甶,pʷɨi³¹,pʷ,ɨi,³¹,p,ɯ,d
30007,男,nəm³³,n,əm,³³,n,o,̠m
30008,甸,den³¹,d,en,³¹,l,i,̠ŋs
30009,甹,pʰeŋ³³,pʰ,eŋ,³³,phl,e,̠ŋ
30010,町,teŋ³⁵,t,eŋ,³⁵,th,e,̠nʔ
30011,画,ɦʷɰɛ³¹,ɦʷɰ,ɛ,³¹,,,
30012,甼,,,,,,,
30013,甽,zʷin³³,zʷ,in,³³,klj,u,ns
30014,甾,tʂɨ³³,tʂ,ɨ,³³,sr,ɯ,
30015,甿,məŋ³¹,m,əŋ,³¹,mr,a,̠ŋ
30016,畀,pi³¹,p,i,³¹,p,i,ds
30017,畁,kɨ³³,k,ɨ,³³,ɡ,ɯ,s
30018,畂,lɨu³¹,l,ɨu,³¹,,,
30019,畃,,,,,,,
30020,畄,,,,,,,
30021,畅,ʈʰjaŋ³¹,ʈʰj,aŋ,³¹,,,
30022,畆,,,,,,,
30023,畇,den³³,d,en,³³,sɢʷ,i,n
30024,畈,pʷjɤn³¹,pʷj,ɤn,³¹,p,a,ns
30025,畉,,,,,,,
30026,畊,kɰɛŋ³³,kɰ,ɛŋ,³³,,,
30027,畋,den³³,d,en,³³,l,i,̠ŋs
30028,界,kɰɛi³¹,kɰ,ɛi,³¹,kr,e,̠ds
30029,畍,kɰɛi³¹,kɰ,ɛi,³¹,kr,e,̠ds
30030,畎,kʷen³⁵,kʷ,en,³⁵,kʷ,i,̠nʔ
30031,畏,ʔʷɨi³¹,ʔʷ,ɨi,³¹,q,u,ls
30032,畐,pʰɨk³̲³̲,pʰ,ɨk̲̲,³,b,ɯ,ɡ
30033,畑,,,,,,,
30034,畒,,,,,m,ɯ,ʔ
30035,畓,,,,,,,
30036,畔,bʷɑn³¹,bʷ,ɑn,³¹,b,a,̠ns
30037,畕,kjaŋ³³,kj,aŋ,³³,k,a,ŋ
30038,畖,ʔʷɰæ³³,ʔʷɰæ,,³³,,,
30039,畗,bjuk³̲³̲,bj,uk̲̲,³,b,ɯ,ɡ
30040,畘,,,,,,,
30041,留,lɨu³³,l,ɨu,³³,b,ə,r
30042,畚,pu̯on³⁵,p,u̯on,³⁵,p,u,̠nʔ
30043,畛,tɕin³⁵,tɕ,in,³⁵,klj,ɯ,n
30044,畜,hɨu³¹,h,ɨu,³¹,kh‧l,u,ɡ
30045,畝,,,,,m,ɯ,ʔ
30046,畞,mu³⁵,m,u,³⁵,m,ɯ,ʔ
30047,畟,tʂʰɨk³̲³̲,tʂʰ,ɨk̲̲,³,sk,ɯ,ɡ
30048,畠,,,,,,,
30049,畡,kəi³³,k,əi,³³,k,ɯ,̠
30050,畢,pit³̲³̲,p,it̲̲,³,p,i,d
30051,畣,təp³̲³̲,t,əp̲̲,³,k‧l,u,̠b
30052,畤,tɕɨ³⁵,tɕ,ɨ,³⁵,ɡlj,ɯ,ʔ
30053,略,ljak³̲³̲,lj,ak̲̲,³,ɡ,ə,r
30054,畦,jʷiᴇ³³,jʷ,iᴇ,³³,ɡʷ,e,̠
30055,畧,,,,,,,
30056,畨,pʰʷjɤn³³,pʰʷj,ɤn,³³,,,
30057,畩,,,,,,,
30058,番,pʰʷɑn³¹,pʰʷ,ɑn,³¹,ph,a,n
30059,畫,ɦʷɰɛ³¹,ɦʷɰ,ɛ,³¹,ɡʷr,e,̠ɡ
30060,畬,ɕjæ³³,ɕjæ,,³³,qhlj,a,̠
30061,畭,,,,,,,
30062,畮,mu³⁵,m,u,³⁵,m,ɯ,ʔ
30063,畯,tsʷin³¹,tsʷ,in,³¹,sk,u,ns
30064,異,jɨ³¹,j,ɨ,³¹,b,ə,l
30065,畱,,,,,,,
30066,畲,,,,,,,
30067,畳,,,,,,,
30068,畴,,,,,,,
30069,畵,ɦʷɰɛk³̲³̲,ɦʷɰ,ɛk̲̲,³,,,
30070,當,tɑŋ³¹,t,ɑŋ,³¹,k‧l,a,̠ŋs
30071,畷,ʈʷiᴇt³̲³̲,ʈʷ,iᴇt̲̲,³,t,o,d
30072,畸,kɰiᴇ³³,kɰ,iᴇ,³³,kr,a,l
30073,畹,ʔʷjɤn³⁵,ʔʷj,ɤn,³⁵,q,o,ns
30074,畺,kjaŋ³¹,kj,aŋ,³¹,k,a,ŋ
30075,畻,ʑɨŋ³³,ʑ,ɨŋ,³³,,,
30076,畼,ɖjaŋ³³,ɖj,aŋ,³³,kh‧l,a,ŋs
30077,畽,tʰʷɑn³⁵,tʰʷ,ɑn,³⁵,th,o,̠nʔ
30078,畾,lʷi³⁵,lʷ,i,³⁵,r,u,̠l
30079,畿,ɡɨi³³,ɡ,ɨi,³³,ɡ,ɯ,l
30080,疀,tʂʰiᴇp³̲³̲,tʂʰ,iᴇp̲̲,³,shr,e,̠b
30081,疁,lɨu³³,l,ɨu,³³,ɡ,ə,r
30082,疂,,,,,,,
30083,疃,tʰʷɑn³⁵,tʰʷ,ɑn,³⁵,kh‧l,o,̠nʔ
30084,疄,lin³³,l,in,³³,r,i,ns
30085,疅,kjaŋ³³,kj,aŋ,³³,,,
30086,疆,ɡjaŋ³⁵,ɡj,aŋ,³⁵,k,a,ŋ
30087,疇,ɖɨu³³,ɖ,ɨu,³³,ɡ‧l,u,
30088,疈,pɰɛk³̲³̲,pɰ,ɛk̲̲,³,ph,ɯ,ɡ
30089,疉,,,,,,,
30090,疊,dep³̲³̲,d,ep̲̲,³,l,ɯ,̠b
30091,疋,sjɤ³³,sj,ɤ,³³,ŋɡr,a,̠ʔ
30092,疌,tsiᴇp³̲³̲,ts,iᴇp̲̲,³,z,e,b
30093,疍,,,,,,,
30094,疎,ʂjɤ³³,ʂj,ɤ,³³,sŋr,a,
30095,疏,su̯o³³,s,u̯o,³³,sŋr,a,
30096,疐,ʈi³¹,ʈ,i,³¹,t,i,ɡs
30097,疑,ŋɨ³³,ŋ,ɨ,³³,ŋɡ,ɯ,
30098,疒,dʐjaŋ³³,dʐj,aŋ,³³,rn,ɯ,̠ɡ
30099,疓,ȵəi³⁵,ȵ,əi,³⁵,n,ɯ,̠ʔ
30100,疔,teŋ³³,t,eŋ,³³,t,e,̠ŋ
30101,疕,pʰi³³,pʰ,i,³³,phr,i,lʔ
30102,疖,tset³̲³̲,ts,et̲̲,³,,,
30103,疗,liᴇu³¹,l,iᴇu,³¹,,,
30104,疘,kuŋ³³,k,uŋ,³³,,,
30105,疙,ŋɨt³̲³̲,ŋ,ɨt̲̲,³,ŋɡ,ɯ,d
30106,疚,kɨu³¹,k,ɨu,³¹,kʷl,ɯ,s
30107,疛,ɖɨu³¹,ɖ,ɨu,³¹,k‧r,u,ʔ
30108,疜,ɦɰæ³¹,ɦɰæ,,³¹,,,
30109,疝,ʂɰæn³³,ʂɰæn,,³³,sr,e,̠ns
30110,疞,hjʊ³³,hj,ʊ,³³,,,
30111,疟,ŋjak³̲³̲,ŋj,ak̲̲,³,,,
30112,疠,,,,,,,
30113,疡,jaŋ³³,j,aŋ,³³,,,
30114,疢,ʈʰin³¹,ʈʰ,in,³¹,th,ɯ,ns
30115,疣,ɦʲɨu³¹,ɦʲ,ɨu,³¹,ɢʷ,ɯ,
30116,疤,pɰæ³³,pɰæ,,³³,,,
30117,疥,kɰɛi³¹,kɰ,ɛi,³¹,kr,e,̠ds
30118,疦,kʷet³̲³̲,kʷ,et̲̲,³,qhʷ,e,̠d
30119,疧,dʑiᴇ³³,dʑ,iᴇ,³³,ɡ,e,
30120,疨,ŋɰæ³³,ŋɰæ,,³³,,,
30121,疩,,,,,,,
30122,疪,pi³¹,p,i,³¹,p,i,ls
30123,疫,jʷi³¹,jʷ,i,³¹,ɢʷ,e,ɡ
30124,疬,,,,,,,
30125,疭,,,,,,,
30126,疮,tʂʰjaŋ³³,tʂʰj,aŋ,³³,,,
30127,疯,,,,,,,
30128,疰,tɕjʊ³¹,tɕj,ʊ,³¹,,,
30129,疱,bɰæu³¹,bɰæ,u,³¹,,,
30130,疲,bɰiᴇ³³,bɰ,iᴇ,³³,br,a,l
30131,疳,kɑm³³,k,ɑm,³³,k,a,̠m
30132,疴,kʰɰæ³¹,kʰɰæ,,³¹,q,a,̠l
30133,疵,dzei³¹,dz,ei,³¹,z,e,
30134,疶,jiᴇi³¹,j,iᴇi,³¹,,,
30135,疷,tei³⁵,t,ei,³⁵,,,
30136,疸,tɑn³⁵,t,ɑn,³⁵,t,a,̠ns
30137,疹,tɕin³⁵,tɕ,in,³⁵,klj,ɯ,nʔ
30138,疺,bjap³̲³̲,bj,ap̲̲,³,,,
30139,疻,tɕʰiᴇ³⁵,tɕʰ,iᴇ,³⁵,kj,e,
30140,疼,du̯oŋ³³,d,u̯oŋ,³³,d,ɯ,̠ŋ
30141,疽,tsjɤ³⁵,tsj,ɤ,³⁵,skh,a,
30142,疾,dzit³̲³̲,dz,it̲̲,³,z,i,d
30143,疿,pʷɨi³¹,pʷ,ɨi,³¹,p,ɯ,ds
30144,痀,kjʊ³¹,kj,ʊ,³¹,k,o,
30145,痁,ɕiᴇm³³,ɕ,iᴇm,³³,qhlj,e,m
30146,痂,kɰæ³³,kɰæ,,³³,kr,a,̠l
30147,痃,ɦen³³,ɦ,en,³³,ɡ,i,̠n
30148,痄,tʂɰæ³⁵,tʂɰæ,,³⁵,,,
30149,病,bɰjæŋ³¹,bɰjæŋ,,³¹,bɡr,a,ŋʔ
30150,痆,nem³⁵,n,em,³⁵,,,
30151,症,,,,,,,
30152,痈,ʔjʊŋ³³,ʔj,ʊŋ,³³,,,
30153,痉,,,,,,,
30154,痊,tsʰʷiᴇn³³,tsʰʷ,iᴇn,³³,skh,o,n
30155,痋,ɖjuŋ³³,ɖj,uŋ,³³,ɡ‧l,u,̠ŋ
30156,痌,duŋ³³,d,uŋ,³³,,,
30157,痍,ji³³,j,i,³³,l,i,
30158,痎,kɰɛi³³,kɰ,ɛi,³³,kr,ɯ,̠
30159,痏,ɦʲɨu³¹,ɦʲ,ɨu,³¹,ɢʷr,ɯ,ʔ
30160,痐,ɦu̯oi³³,ɦ,u̯oi,³³,,,
30161,痑,ɕiᴇ³⁵,ɕ,iᴇ,³⁵,kh‧l,a,̠n
30162,痒,jaŋ³⁵,j,aŋ,³⁵,sɢl,a,ŋ
30163,痓,tɕʰi³¹,tɕʰ,i,³¹,khlj,i,ɡs
30164,痔,ɖɨ³⁵,ɖ,ɨ,³⁵,ɡ‧l,ɯ,ʔ
30165,痕,,,,,ɡ,ɯ,̠n
30166,痖,,,,,,,
30167,痗,mu̯oi³¹,m,u̯oi,³¹,m,ɯ,̠s
30168,痘,,,,,,,
30169,痙,ɡiᴇŋ³⁵,ɡ,iᴇŋ,³⁵,ɡ,e,ŋʔ
30170,痚,hɰæu³³,hɰæ,u,³³,,,
30171,痛,tʰuŋ³¹,tʰ,uŋ,³¹,kh‧l,o,̠ŋs
30172,痜,tʰuk³̲³̲,tʰ,uk̲̲,³,,,
30173,痝,mɰɔŋ³³,mɰɔŋ,,³³,mr,o,̠ŋ
30174,痞,pɨu³⁵,p,ɨu,³⁵,pr,ɯ,ʔ
30175,痟,siᴇu³³,s,iᴇu,³³,spl,e,w
30176,痠,sʷɑn³³,sʷ,ɑn,³³,sqh,o,̠n
30177,痡,pʰjʊ³³,pʰj,ʊ,³³,ph,a,
30178,痢,li³¹,l,i,³¹,r,i,ds
30179,痣,tɕɨ³¹,tɕ,ɨ,³¹,klj,ɯ,s
30180,痤,dzʷɑ³³,dzʷ,ɑ,³³,z,o,̠l
30181,痥,ʈʰʷiᴇt³̲³̲,ʈʰʷ,iᴇt̲̲,³,ɡ‧l,o,̠d
30182,痦,,,,,,,
30183,痧,,,,,,,
30184,痨,lɑu³³,l,ɑu,³³,,,
30185,痩,,,,,,,
30186,痪,tʰʷɑn³⁵,tʰʷ,ɑn,³⁵,,,
30187,痫,ɦɰɛn³³,ɦɰ,ɛn,³³,,,
30188,痬,ɕiᴇk³̲³̲,ɕ,iᴇk̲̲,³,l,e,ɡ
30189,痭,pəŋ³³,p,əŋ,³³,,,
30190,痮,ʈjaŋ³¹,ʈj,aŋ,³¹,,,
30191,痯,kʷɑn³¹,kʷ,ɑn,³¹,k,o,̠nʔ
30192,痰,dɑm³³,d,ɑm,³³,ɡ‧l,a,̠m
30193,痱,bʷɨi³³,bʷ,ɨi,³³,b,ɯ,l
30194,痲,,,,,,,
30195,痳,lim³³,l,im,³³,ɡ,ə,r
30196,痴,ʈʰɨ³³,ʈʰ,ɨ,³³,,,
30197,痵,ɡʷi³¹,ɡʷ,i,³¹,ɡʷ,i,ds
30198,痶,tʰen³⁵,tʰ,en,³⁵,,,
30199,痷,ʔəp³̲³̲,ʔ,əp̲̲,³,,,
30200,痸,tɕʰiᴇt³̲³̲,tɕʰ,iᴇt̲̲,³,khj,e,ds
30201,痹,pi³¹,p,i,³¹,p,i,ds
30202,痺,bi³¹,b,i,³¹,p,e,
30203,痻,,,,,,,
30204,痼,ku̯o³¹,k,u̯o,³¹,k,a,̠ɡs
30205,痽,,,,,,,
30206,痾,ʔɑ³³,ʔ,ɑ,³³,q,a,̠l
30207,痿,ʔʷɰiᴇ³³,ʔʷɰ,iᴇ,³³,qr,o,l
30208,瘀,ʔjɤ³³,ʔj,ɤ,³³,q,a,s
30209,瘁,dzʷi³¹,dzʷ,i,³¹,z,u,ds
30210,瘂,ʔɰæ³⁵,ʔɰæ,,³⁵,,,
30211,瘃,,,,,t,o,ɡ
30212,瘄,,,,,,,
30213,瘅,dɑn³³,d,ɑn,³³,,,
30214,瘆,,,,,,,
30215,瘇,dʑjʊŋ³⁵,dʑj,ʊŋ,³⁵,ɡlj,o,ŋʔ
30216,瘈,kɰiᴇi³¹,kɰ,iᴇi,³¹,k,e,̠ds
30217,瘉,jʊ³⁵,j,ʊ,³⁵,l,o,
30218,瘊,ɦu³³,ɦ,u,³³,,,
30219,瘋,pjuŋ³³,pj,uŋ,³³,,,
30220,瘌,lɑt³̲³̲,l,ɑt̲̲,³,b,ə,r
30221,瘍,dɑŋ³¹,d,ɑŋ,³¹,l,a,ŋ
30222,瘎,jiᴇm³³,j,iᴇm,³³,ɡlj,u,m
30223,瘏,du̯o³³,d,u̯o,³³,ɡ‧l,a,̠
30224,瘐,jʊ³³,j,ʊ,³³,l,o,ʔ
30225,瘑,kʰʷɑ³³,kʰʷ,ɑ,³³,kl,o,̠l
30226,瘒,ŋu̯on³³,ŋ,u̯on,³³,,,
30227,瘓,tʰʷɑn³⁵,tʰʷ,ɑn,³⁵,,,
30228,瘔,kʰu̯o³¹,kʰ,u̯o,³¹,,,
30229,瘕,ɦɰæ³³,ɦɰæ,,³³,kr,a,̠
30230,瘖,ʔɰim³³,ʔɰ,im,³³,qr,ɯ,m
30231,瘗,,,,,,,
30232,瘘,,,,,,,
30233,瘙,sɑu³¹,s,ɑu,³¹,sl,u,̠s
30234,瘚,ɡʷjɤt³̲³̲,ɡʷj,ɤt̲̲,³,k,o,d
30235,瘛,tɕʰiᴇi³¹,tɕʰ,iᴇi,³¹,khj,e,d
30236,瘜,sɨk³̲³̲,s,ɨk̲̲,³,sl,ɯ,ɡ
30237,瘝,kʷɰɛn³³,kʷɰ,ɛn,³³,,,
30238,瘞,ʔei³¹,ʔ,ei,³¹,qr,e,bs
30239,瘟,ʔjun³³,ʔj,un,³³,,,
30240,瘠,dziᴇk³̲³̲,dz,iᴇk̲̲,³,z,e,ɡ
30241,瘡,tʂʰʷɑŋ³³,tʂʰʷ,ɑŋ,³³,shr,a,ŋ
30242,瘢,bʷɑn³³,bʷ,ɑn,³³,b,a,̠n
30243,瘣,ku̯oi³³,k,u̯oi,³³,ɡ,u,̠lʔ
30244,瘤,lɨu³³,l,ɨu,³³,b,ə,r
30245,瘥,tsjæ³³,tsjæ,,³³,s,a,l
30246,瘦,ʂɨu³¹,ʂ,ɨu,³¹,sr,u,s
30247,瘧,ŋjak³̲³̲,ŋj,ak̲̲,³,ŋ,a,wɡ
30248,瘨,den³⁵,d,en,³⁵,k‧l,i,̠n
30249,瘩,,,,,,,
30250,瘪,bet³̲³̲,b,et̲̲,³,,,
30251,瘫,,,,,,,
30252,瘬,,,,,,,
30253,瘭,piᴇu³³,p,iᴇu,³³,,,
30254,瘮,ʂim³⁵,ʂ,im,³⁵,,,
30255,瘯,tsuk³̲³̲,ts,uk̲̲,³,sh,o,̠ɡ
30256,瘰,lʷɑ³³,lʷ,ɑ,³³,r,o,̠lʔ
30257,瘱,ʔei³¹,ʔ,ei,³¹,qr,e,̠bs
30258,瘲,tsjʊŋ³¹,tsj,ʊŋ,³¹,s,o,ŋs
30259,瘳,leu³³,l,eu,³³,kh‧r,ɯ,w
30260,瘴,tɕjaŋ³¹,tɕj,aŋ,³¹,,,
30261,瘵,tʂɰɛi³¹,tʂɰ,ɛi,³¹,skr,e,̠ds
30262,瘶,su³¹,s,u,³¹,,,
30263,瘷,su³¹,s,u,³¹,,,
30264,瘸,ɡʷjɑ³³,ɡʷj,ɑ,³³,,,
30265,瘹,teu³¹,t,eu,³¹,,,
30266,瘺,,,,,,,
30267,瘻,ljʊ³³,lj,ʊ,³³,ɡ,ə,r
30268,瘼,mɑk³̲³̲,m,ɑk̲̲,³,m,a,̠ɡ
30269,瘽,,,,,ɡl,ɯ,nʔ
30270,瘾,,,,,,,
30271,瘿,,,,,,,
30272,癀,ɦʷɑŋ³³,ɦʷ,ɑŋ,³³,,,
30273,癁,bjuk³̲³̲,bj,uk̲̲,³,,,
30274,療,liᴇu³¹,l,iᴇu,³¹,ɡ,ə,r
30275,癃,ljuŋ³³,lj,uŋ,³³,ɡ,ə,r
30276,癄,tsiᴇu³¹,ts,iᴇu,³¹,skr,e,ws
30277,癅,,,,,,,
30278,癆,lɑu³¹,l,ɑu,³¹,ɡ,ə,r
30279,癇,ɦɰɛn³³,ɦɰ,ɛn,³³,ɡr,e,̠n
30280,癈,pʷjai³¹,pʷj,ai,³¹,p,a,ds
30281,癉,dɑn³³,d,ɑn,³³,t,a,̠n
30282,癊,ʔɰim³¹,ʔɰ,im,³¹,,,
30283,癋,,,,,,,
30284,癌,,,,,,,
30285,癍,,,,,,,
30286,癎,,,,,ɡr,e,̠n
30287,癏,kʷɰæn³³,kʷɰæn,,³³,,,
30288,癐,kʷɑi³¹,kʷ,ɑi,³¹,,,
30289,癑,nu̯oŋ³³,n,u̯oŋ,³³,n,o,̠ŋs
30290,癒,jʊ³⁵,j,ʊ,³⁵,,,
30291,癓,mʷɨi³³,mʷ,ɨi,³³,,,
30292,癔,ʔɨk³̲³̲,ʔ,ɨk̲̲,³,,,
30293,癕,ʔjʊŋ³³,ʔj,ʊŋ,³³,q,o,ŋ
30294,癖,pʰiᴇk³̲³̲,pʰ,iᴇk̲̲,³,ph,e,̠ɡ
30295,癗,lu̯oi³⁵,l,u̯oi,³⁵,r,u,̠lʔ
30296,癘,lɑi³¹,l,ɑi,³¹,b,ə,r
30297,癙,ɕjɤ³¹,ɕj,ɤ,³¹,l̥,a,ʔ
30298,癚,tɑm³¹,t,ɑm,³¹,,,
30299,癛,lim³⁵,l,im,³⁵,b,ə,r
30300,癜,,,,,,,
30301,癝,pɰim³⁵,pɰ,im,³⁵,,,
30302,癞,lɑi³¹,l,ɑi,³¹,,,
30303,癟,pʰiᴇt³̲³̲,pʰ,iᴇt̲̲,³,,,
30304,癠,dzei³³,dz,ei,³³,z,i,̠lʔ
30305,癡,ʈʰiᴇ³³,ʈʰ,iᴇ,³³,kh‧l,ɯ,
30306,癢,jaŋ³⁵,j,aŋ,³⁵,l,a,ŋʔ
30307,癣,siᴇn³⁵,s,iᴇn,³⁵,,,
30308,癤,tset³̲³̲,ts,et̲̲,³,,,
30309,癥,ʈɨŋ³³,ʈ,ɨŋ,³³,t,ɯ,ŋ
30310,癦,,,,,,,
30311,癧,lek³̲³̲,l,ek̲̲,³,r,e,̠ɡ
30312,癨,hʷɑk³̲³̲,hʷ,ɑk̲̲,³,,,
30313,癩,lɑi³¹,l,ɑi,³¹,b,ə,r
30314,癪,,,,,,,
30315,癫,ten³³,t,en,³³,,,
30316,癬,siᴇn³³,s,iᴇn,³³,sl,e,nʔ
30317,癭,ʔiᴇŋ³⁵,ʔ,iᴇŋ,³⁵,q,e,ŋʔ
30318,癮,ʔɨn³⁵,ʔ,ɨn,³⁵,,,
30319,癯,ɡjʊ³³,ɡj,ʊ,³³,ɡʷ,a,
30320,癰,ʔjʊŋ³³,ʔj,ʊŋ,³³,q,o,ŋ
30321,癱,,,,,,,
30322,癲,ten³³,t,en,³³,k‧l,i,̠n
30323,癳,,,,,,,
30324,癴,,,,,,,
30325,癵,lʷiᴇn³³,lʷ,iᴇn,³³,ɡ,ə,r
30326,癶,pʷɑt³̲³̲,pʷ,ɑt̲̲,³,p,a,̠d
30327,癷,,,,,,,
30328,癸,kʷei³³,kʷ,ei,³³,kʷ,i,lʔ
30329,癹,bʷɑt³̲³̲,bʷ,ɑt̲̲,³,ph,a,̠d
30330,発,,,,,,,
30331,登,təŋ³¹,t,əŋ,³¹,t,ɯ,̠ŋ
30332,發,pʷjai³¹,pʷj,ai,³¹,p,a,d
30333,白,pɰæk³̲³̲,pɰæk̲̲,,³,br,a,̠ɡ
30334,百,pɰæk³̲³̲,pɰæk̲̲,,³,pr,a,̠ɡ
30335,癿,,,,,,,
30336,皀,pɰip³̲³̲,pɰ,ip̲̲,³,pkr,ɯ,ɡ
30337,皁,dzɑu³⁵,dz,ɑu,³⁵,z,u,̠ʔ
30338,皂,dzɑu³⁵,dz,ɑu,³⁵,z,u,̠ʔ
30339,皃,mɰæu³¹,mɰæ,u,³¹,mr,e,̠wɡ
30340,的,tek³̲³̲,t,ek̲̲,³,p‧l,e,̠wɡ
30341,皅,bɰæ³¹,bɰæ,,³¹,phr,a,̠
30342,皆,kɰɛi³³,kɰ,ɛi,³³,kr,i,̠l
30343,皇,ɦʷɑŋ³³,ɦʷ,ɑŋ,³³,ɡʷ,a,̠ŋ
30344,皈,,,,,,,
30345,皉,tsʰiᴇ³⁵,tsʰ,iᴇ,³⁵,,,
30346,皊,leŋ³³,l,eŋ,³³,,,
30347,皋,kɑu³³,k,ɑu,³³,k,u,̠
30348,皌,mʷɑt³̲³̲,mʷ,ɑt̲̲,³,,,
30349,皍,,,,,,,
30350,皎,keu³⁵,k,eu,³⁵,k,e,̠wʔ
30351,皏,pʰɰɛŋ³⁵,pʰɰ,ɛŋ,³⁵,phr,e,̠ŋʔ
30352,皐,ɦɑu³¹,ɦ,ɑu,³¹,,,
30353,皑,,,,,,,
30354,皒,ŋɑ³³,ŋ,ɑ,³³,,,
30355,皓,kɑu³⁵,k,ɑu,³⁵,ɡ,u,̠ʔ
30356,皔,ɦɑn³⁵,ɦ,ɑn,³⁵,,,
30357,皕,pɨk³̲³̲,p,ɨk̲̲,³,pr,ɯ,ɡ
30358,皖,ɦʷɑn³³,ɦʷ,ɑn,³³,ɡr,o,̠nʔ
30359,皗,,,,,,,
30360,皘,tsʰen³¹,tsʰ,en,³¹,,,
30361,皙,sek³̲³̲,s,ek̲̲,³,sl,e,̠ɡ
30362,皚,ŋəi³³,ŋ,əi,³³,ŋɡ,ɯ,̠l
30363,皛,pʰɰæk³̲³̲,pʰɰæk̲̲,,³,ɡ,e,̠wʔ
30364,皜,ɦɑu³⁵,ɦ,ɑu,³⁵,ɡ,o,̠wʔ
30365,皝,ɦʷɑŋ³⁵,ɦʷ,ɑŋ,³⁵,,,
30366,皞,,,,,ɡ,u,̠ʔ
30367,皟,tʂɰɛk³̲³̲,tʂɰ,ɛk̲̲,³,,,
30368,皠,tsʰu̯oi³⁵,tsʰ,u̯oi,³⁵,,,
30369,皡,,,,,,,
30370,皢,heu³⁵,h,eu,³⁵,qh,e,̠wʔ
30371,皣,ɦʲiᴇp³̲³̲,ɦʲ,iᴇp̲̲,³,ɢr,a,b
30372,皤,pʷɑ³³,pʷ,ɑ,³³,b,a,̠l
30373,皥,ɦɑu³⁵,ɦ,ɑu,³⁵,,,
30374,皦,keu³⁵,k,eu,³⁵,kl,e,̠wʔ
30375,皧,ʔəi³¹,ʔ,əi,³¹,,,
30376,皨,,,,,,,
30377,皩,,,,,,,
30378,皪,lek³̲³̲,l,ek̲̲,³,ɡ,ə,r
30379,皫,pʰɰiᴇu³⁵,pʰɰ,iᴇu,³⁵,phr,e,wʔ
30380,皬,ɦɑk³̲³̲,ɦ,ɑk̲̲,³,ɡl,u,̠ɡ
30381,皭,dzjak³̲³̲,dzj,ak̲̲,³,sk,e,wɡs
30382,皮,bɰiᴇ³³,bɰ,iᴇ,³³,br,a,l
30383,皯,kɑn³⁵,k,ɑn,³⁵,k,a,̠nʔ
30384,皰,bɰæu³¹,bɰæ,u,³¹,br,u,̠s
30385,皱,tʂɨu³¹,tʂ,ɨu,³¹,,,
30386,皲,,,,,,,
30387,皳,ɡɨu³³,ɡ,ɨu,³³,,,
30388,皴,tsʰʷin³³,tsʰʷ,in,³³,,,
30389,皵,tsʰek³̲³̲,tsʰ,ek̲̲,³,sh,a,ɡ
30390,皶,tʂɰæ³³,tʂɰæ,,³³,,,
30391,皷,ku̯o³⁵,k,u̯o,³⁵,kʷ,a,̠ʔ
30392,皸,kjun³³,kj,un,³³,k,u,ns
30393,皹,,,,,,,
30394,皺,tʂɨu³³,tʂ,ɨu,³³,,,
30395,皻,tʂɰæ³³,tʂɰæ,,³³,,,
30396,皼,,,,,,,
30397,皽,,,,,,,
30398,皾,duk³̲³̲,d,uk̲̲,³,,,
30399,皿,,,,,,,
30400,盀,,,,,,,
30401,盁,,,,,,,
30402,盂,,,,,,,
30403,盃,,,,,,,
30404,盄,,,,,,,
30405,盅,,,,,,,
30406,盆,,,,,,,
30407,盇,,,,,ɡ,a,̠b
30408,盈,jiᴇŋ³³,j,iᴇŋ,³³,l,e,ŋ
30409,盉,ɦʷɑ³³,ɦʷ,ɑ,³³,ɡ,o,̠ls
30410,益,ʔiᴇk³̲³̲,ʔ,iᴇk̲̲,³,q,e,ɡ
30411,盋,pʷɑt³̲³̲,pʷ,ɑt̲̲,³,,,
30412,盌,ʔʷɑn³⁵,ʔʷ,ɑn,³⁵,q,o,̠nʔ
30413,盍,kʰɑi³¹,kʰ,ɑi,³¹,ɡ,a,̠b
30414,盎,ʔɑŋ³¹,ʔ,ɑŋ,³¹,q,a,̠ŋʔ
30415,盏,tʂɰɛn³⁵,tʂɰ,ɛn,³⁵,,,
30416,盐,jiᴇm³³,j,iᴇm,³³,,,
30417,监,kɰæm³¹,kɰæm,,³¹,,,
30418,盒,ʔəm³³,ʔ,əm,³³,,,
30419,盓,ʔu̯o³³,ʔ,u̯o,³³,,,
30420,盔,kʰu̯oi³³,kʰ,u̯oi,³³,,,
30421,盕,bju̯am³³,bj,u̯am,³³,,,
30422,盖,kɑi³¹,k,ɑi,³¹,k,a,̠bs
30423,盗,dɑu³¹,d,ɑu,³¹,,,
30424,盘,bʷɑn³³,bʷ,ɑn,³³,,,
30425,盙,,,,,,,
30426,盚,ɡɨu³³,ɡ,ɨu,³³,,,
30427,盛,dʑiᴇŋ³³,dʑ,iᴇŋ,³³,ɡj,e,ŋs
30428,盜,dɑu³¹,d,ɑu,³¹,d,a,̠ws
30429,盝,luk³̲³̲,l,uk̲̲,³,b,ə,r
30430,盞,tʂɰɛn³⁵,tʂɰ,ɛn,³⁵,sr,e,̠nʔ
30431,盟,mɰjæŋ³¹,mɰjæŋ,,³¹,mɡʷr,a,̠ŋs
30432,盠,lei³⁵,l,ei,³⁵,ɡ,ə,r
30433,盡,dzin³⁵,dz,in,³⁵,s,i,nʔ
30434,盢,hʷek³̲³̲,hʷ,ek̲̲,³,qhʷ ,e,̠ɡ
30435,監,kʰɑm³¹,kʰ,ɑm,³¹,kr,a,̠ms
30436,盤,bʷɑn³³,bʷ,ɑn,³³,b,a,̠n
30437,盥,kʷɑn³¹,kʷ,ɑn,³¹,k,o,̠ns
30438,盦,ʔəm³³,ʔ,əm,³³,q,ɯ,̠m
30439,盧,lu̯o³³,l,u̯o,³³,ɡ,ə,r
30440,盨,ʂjʊ³⁵,ʂj,ʊ,³⁵,sr,a,ʔ
30441,盩,ɖɨu³³,ɖ,ɨu,³³,t,u,
30442,盪,tʰɑŋ³³,tʰ,ɑŋ,³³,kh‧l,a,̠ŋs
30443,盫,,,,,,,
30444,盬,ku̯o³⁵,k,u̯o,³⁵,k,a,̠ʔ
30445,盭,let³̲³̲,l,et̲̲,³,b,ə,r
30446,目,mjuk³̲³̲,mj,uk̲̲,³,m,u,ɡ
30447,盯,teŋ³⁵,t,eŋ,³⁵,,,
30448,盰,kɑn³¹,k,ɑn,³¹,k,a,̠ns
30449,盱,ɦʲjʊ³³,ɦʲj,ʊ,³³,qhʷ,a,
30450,盲,mɰæŋ³³,mɰæŋ,,³³,mr,a,̠ŋ
30451,盳,bɑŋ³³,b,ɑŋ,³³,,,
30452,直,ɖɨ³¹,ɖ,ɨ,³¹,d,ɯ,ɡ
30453,盵,kʰɨi³¹,kʰ,ɨi,³¹,,,
30454,盶,ŋʷjɤn³⁵,ŋʷj,ɤn,³⁵,,,
30455,盷,den³³,d,en,³³,ɡʷ,i,̠n
30456,相,sjaŋ³¹,sj,aŋ,³¹,sl,a,ŋs
30457,盹,tɕʷin³³,tɕʷ,in,³³,,,
30458,盺,hɨn³³,h,ɨn,³³,,,
30459,盻,ɦei³¹,ɦ,ei,³¹,ŋ,e,̠s
30460,盼,pʰɰɛn³⁵,pʰɰ,ɛn,³⁵,phr,ɯ,̠ns
30461,盽,pʰjʊŋ³³,pʰj,ʊŋ,³³,,,
30462,盾,jʷin³⁵,jʷ,in,³⁵,ɢlj,u,nʔ
30463,盿,mɰin³³,mɰ,in,³³,,,
30464,眀,mɰjæŋ³³,mɰjæŋ,,³³,,,
30465,省,siᴇŋ³⁵,s,iᴇŋ,³⁵,sl,e,ŋʔ
30466,眂,dʑiᴇ³³,dʑ,iᴇ,³³,ɡj,e,
30467,眃,ɦʲjun³³,ɦʲj,un,³³,ɡʷ,ɯ,̠nʔ
30468,眄,men³¹,m,en,³¹,m,e,̠nʔ
30469,眅,pʰɰæn³⁵,pʰɰæn,,³⁵,phr,a,̠nʔ
30470,眆,pʰʷjaŋ³⁵,pʰʷj,aŋ,³⁵,,,
30471,眇,miᴇu³⁵,m,iᴇu,³⁵,mbl,e,wʔ
30472,眈,dəm³⁵,d,əm,³⁵,ɡ‧l,u,̠m
30473,眉,mɰi³³,mɰ,i,³³,mr,i,l
30474,眊,mɰɔk³̲³̲,mɰɔk̲̲,,³,m,a,̠ws
30475,看,kʰɑn³³,kʰ,ɑn,³³,kh,a,̠ns
30476,県,,,,,k,e,̠w
30477,眍,kʰu³³,kʰ,u,³³,,,
30478,眎,dʑi³¹,dʑ,i,³¹,ɡj,i,ls
30479,眏,ʔjaŋ³⁵,ʔj,aŋ,³⁵,,,
30480,眐,tɕiᴇŋ³¹,tɕ,iᴇŋ,³¹,kj,e,ŋ
30481,眑,ʔju³⁵,ʔj,u,³⁵,qr,ɯ,wʔ
30482,眒,,,,,l̥,i,n
30483,眓,hʷɑt³̲³̲,hʷ,ɑt̲̲,³,qhʷ,a,̠d
30484,眔,dəp³̲³̲,d,əp̲̲,³,l,u,̠b
30485,眕,tɕin³⁵,tɕ,in,³⁵,klj,ɯ,nʔ
30486,眖,hʷjaŋ³¹,hʷj,aŋ,³¹,,,
30487,眗,kjʊ³³,kj,ʊ,³³,,,
30488,眘,dʑin³¹,dʑ,in,³¹,,,
30489,眙,ʈʰɨŋ³¹,ʈʰ,ɨŋ,³¹,kh‧l,ɯ,s
30490,眚,siᴇŋ³⁵,s,iᴇŋ,³⁵,sr,e,ŋʔ
30491,眛,met³̲³̲,m,et̲̲,³,m,ɯ,̠ds
30492,眜,mʷɑt³̲³̲,mʷ,ɑt̲̲,³,m,a,̠d
30493,眝,ʈjɤ³⁵,ʈj,ɤ,³⁵,d,a,ʔ
30494,眞,tɕin³³,tɕ,in,³³,,,
30495,真,tɕin³³,tɕ,in,³³,kj,i,n
30496,眠,miᴇn³⁵,m,iᴇn,³⁵,m,i,̠n
30497,眡,tei³³,t,ei,³³,t,i,̠l
30498,眢,ʔʷjɤn³³,ʔʷj,ɤn,³³,q,o,n
30499,眣,det³̲³̲,d,et̲̲,³,kh‧l,i,ɡ
30500,眤,,,,,,,
30501,眥,dziᴇ³¹,dz,iᴇ,³¹,z,e,s
30502,眦,dʐɰɛ³¹,dʐɰ,ɛ,³¹,zr,e,̠s
30503,眧,tɕʰiᴇu³⁵,tɕʰ,iᴇu,³⁵,,,
30504,眨,tʂɰɛp³̲³̲,tʂɰ,ɛp̲̲,³,spr,o,̠b
30505,眩,ɦɰɛn³¹,ɦɰ,ɛn,³¹,ɡʷ,i,̠n
30506,眪,pʰʷjaŋ³⁵,pʰʷj,aŋ,³⁵,,,
30507,眫,,,,,,,
30508,眬,,,,,,,
30509,眭,ʔʷiᴇ³¹,ʔʷ,iᴇ,³¹,ɡʷ,e,̠
30510,眮,duŋ³¹,d,uŋ,³¹,d,o,̠ŋʔ
30511,眯,miᴇ³³,m,iᴇ,³³,m,i,̠ʔ
30512,眰,det³̲³̲,d,et̲̲,³,,,
30513,眱,dei³¹,d,ei,³¹,,,
30514,眲,ɳɰɛk³̲³̲,ɳɰ,ɛk̲̲,³,m‧r,ɯ,̠ɡ
30515,眳,miᴇŋ³⁵,m,iᴇŋ,³⁵,,,
30516,眴,zʷin³³,zʷ,in,³³,qhʷ,i,̠ns
30517,眵,tɕiᴇ³³,tɕ,iᴇ,³³,klj,a,l
30518,眶,kʰʷjaŋ³³,kʰʷj,aŋ,³³,,,
30519,眷,kʷɰiᴇn³¹,kʷɰ,iᴇn,³¹,kr,o,ns
30520,眸,mu³³,m,u,³³,m,ɯ,
30521,眹,ɖin³⁵,ɖ,in,³⁵,ɡ‧l,ɯ,nʔ
30522,眺,ʈʰɰiᴇu³¹,ʈʰɰ,iᴇu,³¹,kh‧l,e,̠ws
30523,眻,jaŋ³³,j,aŋ,³³,,,
30524,眼,ŋɰɛn³⁵,ŋɰ,ɛn,³⁵,ŋɡr,ɯ,̠nʔ
30525,眽,mek³̲³̲,m,ek̲̲,³,mr,e,̠ɡ
30526,眾,tɕjuŋ³¹,tɕj,uŋ,³¹,,,
30527,眿,mɰɛk³̲³̲,mɰ,ɛk̲̲,³,,,
30528,着,ʈjak³̲³̲,ʈj,ak̲̲,³,,,
30529,睁,,,,,,,
30530,睂,mɰi³³,mɰ,i,³³,,,
30531,睃,tsʷiᴇn³³,tsʷ,iᴇn,³³,sk ,o,n
30532,睄,ʂɰæu³¹,ʂɰæ,u,³¹,,,
30533,睅,ɦɑn³⁵,ɦ,ɑn,³⁵,ɡʷr,a,̠nʔ
30534,睆,ʔʷɑn³⁵,ʔʷ,ɑn,³⁵,ɡr,o,̠nʔ
30535,睇,tʰei³³,tʰ,ei,³³,kh‧l,i,̠l
30536,睈,ʈʰiᴇŋ³⁵,ʈʰ,iᴇŋ,³⁵,,,
30537,睉,dzʷɑ³³,dzʷ,ɑ,³³,z,o,̠l
30538,睊,ʔʷiᴇn³³,ʔʷ,iᴇn,³³,kʷ,e,̠ns
30539,睋,ŋɑ³³,ŋ,ɑ,³³,ŋ,a,̠l
30540,睌,mɰɛn³⁵,mɰ,ɛn,³⁵,mr,o,̠nʔ
30541,睍,tsʰjɤ³³,tsʰj,ɤ,³³,ɡ,e,̠nʔ
30542,睎,hɨi³³,h,ɨi,³³,qhl,ɯ,l
30543,睏,,,,,,,
30544,睐,,,,,,,
30545,睑,,,,,,,
30546,睒,jiᴇm³⁵,j,iᴇm,³⁵,qhlj,a,mʔ
30547,睓,tʰen³⁵,tʰ,en,³⁵,,,
30548,睔,ɦu̯on³⁵,ɦ,u̯on,³⁵,kl,u,̠ns
30549,睕,ʔʷɑn³³,ʔʷ,ɑn,³³,,,
30550,睖,lɨŋ³³,l,ɨŋ,³³,,,
30551,睗,ɕiᴇk³̲³̲,ɕ,iᴇk̲̲,³,l̥,e,ɡ
30552,睘,zʷiᴇn³³,zʷ,iᴇn,³³,ɡʷ,e,ŋ
30553,睙,let³̲³̲,l,et̲̲,³,,,
30554,睚,ŋɰɛ³³,ŋɰ,ɛ,³³,ŋr,e,̠s
30555,睛,tsʰiᴇŋ³⁵,tsʰ,iᴇŋ,³⁵,sh,e,ŋʔ
30556,睜,dziᴇŋ³⁵,dz,iᴇŋ,³⁵,,,
30557,睝,li³³,l,i,³³,,,
30558,睞,ləi³¹,l,əi,³¹,ɡ,ə,r
30559,睟,tsu̯oi³¹,ts,u̯oi,³¹,sl,u,ds
30560,睠,kʷɰiᴇn³¹,kʷɰ,iᴇn,³¹,kr,o,ns
30561,睡,dʑʷiᴇ³¹,dʑʷ,iᴇ,³¹,dj,o,ls
30562,睢,hʷiᴇ³³,hʷ,iᴇ,³³,qh,u,ls
30563,督,tu̯ok³̲³̲,t,u̯ok̲̲,³,k‧l,u,̠ɡ
30564,睤,,,,,,,
30565,睥,pʰei³⁵,pʰ,ei,³⁵,ph,e,̠s
30566,睦,mjuk³̲³̲,mj,uk̲̲,³,mɡl,u,ɡ
30567,睧,hu̯on³³,h,u̯on,³³,,,
30568,睨,ŋei³⁵,ŋ,ei,³⁵,ŋɡ,e,̠s
30569,睩,luk³̲³̲,l,uk̲̲,³,b,ə,r
30570,睪,jiᴇk³̲³̲,j,iᴇk̲̲,³,n,e,b
30571,睫,tsiᴇp³̲³̲,ts,iᴇp̲̲,³,s,e,b
30572,睬,,,,,,,
30573,睭,tɕɨu³¹,tɕ,ɨu,³¹,klj,ɯ,ws
30574,睮,jʊ³³,j,ʊ,³³,l,o,
30575,睯,,,,,,,
30576,睰,mɰɛt³̲³̲,mɰ,ɛt̲̲,³,,,
30577,睱,ɦɰæ³¹,ɦɰæ,,³¹,,,
30578,睲,seŋ³³,s,eŋ,³³,,,
30579,睳,hʷei³³,hʷ,ei,³³,,,
30580,睴,ɦu̯on³⁵,ɦ,u̯on,³⁵,k,u,̠ns
30581,睵,tsəi³³,ts,əi,³³,,,
30582,睶,tɕʰʷin³⁵,tɕʰʷ,in,³⁵,,,
30583,睷,kjɤn³³,kj,ɤn,³³,,,
30584,睸,mi³¹,m,i,³¹,,,
30585,睹,tu̯o³⁵,t,u̯o,³⁵,k‧l,a,̠ʔ
30586,睺,ɦu³¹,ɦ,u,³¹,,,
30587,睻,hʷjɤn³³,hʷj,ɤn,³³,,,
30588,睼,tʰei³¹,tʰ,ei,³¹,kh‧l,e,̠ns
30589,睽,ɡʷi³¹,ɡʷ,i,³¹,khʷ,i,̠l
30590,睾,,,,,k,u,̠
30591,睿,jʷiᴇi³¹,jʷ,iᴇi,³¹,ɢʷ,e,ds
30592,瞀,mjʊ³³,mj,ʊ,³³,m,o,̠ɡs
30593,瞁,hʷek³̲³̲,hʷ,ek̲̲,³,,,
30594,瞂,bʷjai³¹,bʷj,ai,³¹,b,o,d
30595,瞃,,,,,,,
30596,瞄,,,,,,,
30597,瞅,,,,,,,
30598,瞆,,,,,,,
30599,瞇,mei³¹,m,ei,³¹,,,
30600,瞈,,,,,,,
30601,瞉,ku³¹,k,u,³¹,kh,o,̠ɡs
30602,瞊,,,,,,,
30603,瞋,ʈʰin³³,ʈʰ,in,³³,khj,i,n
30604,瞌,kʰɑp³̲³̲,kʰ,ɑp̲̲,³,,,
30605,瞍,su³⁵,s,u,³⁵,sl,ɯ,̠w
30606,瞎,hɰæt³̲³̲,hɰæt̲̲,,³,qhr,a,̠d
30607,瞏,ɡʷiᴇŋ³³,ɡʷ,iᴇŋ,³³,,,
30608,瞐,mɰɔk³̲³̲,mɰɔk̲̲,,³,,,
30609,瞑,men³¹,m,en,³¹,m,e,̠n
30610,瞒,mʷɑn³³,mʷ,ɑn,³³,m,a,̠n
30611,瞓,,,,,,,
30612,瞔,dziᴇm³³,dz,iᴇm,³³,,,
30613,瞕,,,,,,,
30614,瞖,ʔei³¹,ʔ,ei,³¹,,,
30615,瞗,tu³³,t,u,³³,t,ɯ,̠w
30616,瞘,ʔu³³,ʔ,u,³³,,,
30617,瞙,mɑk³̲³̲,m,ɑk̲̲,³,,,
30618,瞚,ɕʷin³¹,ɕʷ,in,³¹,l̥,u,ns
30619,瞛,,,,,,,
30620,瞜,lu³³,l,u,³³,,,
30621,瞝,ʈʰiᴇ³³,ʈʰ,iᴇ,³³,ph‧r,e,l
30622,瞞,men³³,m,en,³³,m,a,̠n
30623,瞟,pʰiᴇu³⁵,pʰ,iᴇu,³⁵,ph,e,w
30624,瞠,tʰɑŋ³³,tʰ,ɑŋ,³³,kh‧r,a,̠ŋ
30625,瞡,kʷiᴇ³¹,kʷ,iᴇ,³¹,kʷ,i,ls
30626,瞢,met³̲³̲,m,et̲̲,³,m,ɯ,ŋ
30627,瞣,,,,,,,
30628,瞤,ȵʷiᴇn³³,ȵʷ,iᴇn,³³,nj,u,n
30629,瞥,piᴇi³¹,p,iᴇi,³¹,ph,e,̠d
30630,瞦,hɨ³³,h,ɨ,³³,qh,ɯ,
30631,瞧,,,,,,,
30632,瞨,bu̯ok³̲³̲,b,u̯ok̲̲,³,,,
30633,瞩,,,,,,,
30634,瞪,ɖɨŋ³¹,ɖ,ɨŋ,³¹,d,ɯ,ŋ
30635,瞫,ɕim³⁵,ɕ,im,³⁵,qhlj,u,mʔ
30636,瞬,ɕʷin³¹,ɕʷ,in,³¹,l̥,u,ns
30637,瞭,leu³³,l,eu,³³,ɡ,ə,r
30638,瞮,,,,,,,
30639,瞯,ɦɰɛn³³,ɦɰ,ɛn,³³,ɡr,e,̠n
30640,瞰,kʰɑm³¹,kʰ,ɑm,³¹,khl,a,̠ms
30641,瞱,ɦʲiᴇp³̲³̲,ɦʲ,iᴇp̲̲,³,,,
30642,瞲,,,,,qhʷ,i,̠d
30643,瞳,ʈʰɰɔŋ³¹,ʈʰɰɔŋ,,³¹,d,o,̠ŋ
30644,瞴,mjʊ³³,mj,ʊ,³³,m,a,
30645,瞵,len³³,l,en,³³,r,i,ns
30646,瞶,kʷɨi³¹,kʷ,ɨi,³¹,ɢ,u,ds
30647,瞷,kɰɛn³¹,kɰ,ɛn,³¹,ɡr,e,̠n
30648,瞸,hɰiᴇp³̲³̲,hɰ,iᴇp̲̲,³,,,
30649,瞹,,,,,q,a,̠ds
30650,瞺,ʔʷɑi³¹,ʔʷ,ɑi,³¹,,,
30651,瞻,tɕiᴇm³³,tɕ,iᴇm,³³,klj,a,m
30652,瞼,kɰiᴇm³⁵,kɰ,iᴇm,³⁵,kr,o,mʔ
30653,瞽,ku̯o³⁵,k,u̯o,³⁵,kʷ,a,̠ʔ
30654,瞾,,,,,,,
30655,瞿,ɡjʊ³¹,ɡj,ʊ,³¹,ɡʷ,a,
30656,矀,mɰi³³,mɰ,i,³³,,,
30657,矁,,,,,,,
30658,矂,,,,,,,
30659,矃,,,,,,,
30660,矄,hjun³³,hj,un,³³,,,
30661,矅,jiᴇu³¹,j,iᴇu,³¹,,,
30662,矆,hʷjak³̲³̲,hʷj,ak̲̲,³,qhʷ,a,ɡ
30663,矇,muŋ³⁵,m,uŋ,³⁵,m,o,̠ŋ
30664,矈,men³⁵,m,en,³⁵,,,
30665,矉,bin³³,b,in,³³,p,i,n
30666,矊,miᴇn³³,m,iᴇn,³³,m,e,n
30667,矋,,,,,,,
30668,矌,kʰʷɑŋ³¹,kʰʷ,ɑŋ,³¹,,,
30669,矍,hʷjak³̲³̲,hʷj,ak̲̲,³,kʷ,a,ɡ
30670,矎,hʷiᴇŋ³¹,hʷ,iᴇŋ,³¹,qhʷ,e,ŋs
30671,矏,miᴇn³³,m,iᴇn,³³,mb,e,̠n
30672,矐,hɑk³̲³̲,h,ɑk̲̲,³,qh,a,̠ɡ
30673,矑,lu̯o³³,l,u̯o,³³,ɡ,ə,r
30674,矒,mjuŋ³³,mj,uŋ,³³,,,
30675,矓,,,,,,,
30676,矔,kʷɰæn³¹,kʷɰæn,,³¹,k,o,̠ns
30677,矕,mɰæn³³,mɰæn,,³³,mɡr,o,̠nʔ
30678,矖,lei³⁵,l,ei,³⁵,b,ə,r
30679,矗,ʈʰjuk³̲³̲,ʈʰj,uk̲̲,³,kh‧r,u,ɡ
30680,矘,tʰɑŋ³⁵,tʰ,ɑŋ,³⁵,kh‧l,a,̠ŋʔ
30681,矙,kʰɑm³¹,kʰ,ɑm,³¹,khl,a,̠ms
30682,矚,tɕjʊk³̲³̲,tɕj,ʊk̲̲,³,klj,o,ɡ
30683,矛,mɨu³³,m,ɨu,³³,m,u,
30684,矜,kɨŋ³³,k,ɨŋ,³³,kr,ɯ,ŋ
30685,矝,,,,,,,
30686,矞,kʷet³̲³̲,kʷ,et̲̲,³,ɢʷ,i,d
30687,矟,ʂɰɔk³̲³̲,ʂɰɔk̲̲,,³,spr,e,̠wɡ
30688,矠,ʑɰæk³̲³̲,ʑɰæk̲̲,,³,zr,a,̠ɡ
30689,矡,kʷjak³̲³̲,kʷj,ak̲̲,³,,,
30690,矢,ɕi³⁵,ɕ,i,³⁵,qhlj,i,ʔ
30691,矣,ɦʲɨ³⁵,ɦʲ,ɨ,³⁵,ɢr,ɯ,ʔ
30692,矤,ɕin³⁵,ɕ,in,³⁵,l̥,i,nʔ
30693,知,ʈiᴇ³³,ʈ,iᴇ,³³,t,e,
30694,矦,ɦu³³,ɦ,u,³³,ɡ,o,̠
30695,矧,ɕin³⁵,ɕ,in,³⁵,l̥,i,nʔ
30696,矨,ŋeŋ³⁵,ŋ,eŋ,³⁵,,,
30697,矩,kjʊ³⁵,kj,ʊ,³⁵,kʷ,a,ʔ
30698,矪,ʈɨu³³,ʈ,ɨu,³³,,,
30699,矫,kɰiᴇu³⁵,kɰ,iᴇu,³⁵,,,
30700,矬,dzʷɑ³³,dzʷ,ɑ,³³,z,o,̠l
30701,短,tʷɑn³⁵,tʷ,ɑn,³⁵,k‧l,o,̠nʔ
30702,矮,ʔɰɛ³⁵,ʔɰ,ɛ,³⁵,,,
30703,矯,kɰiᴇu³⁵,kɰ,iᴇu,³⁵,kr,e,wʔ
30704,矰,tsəŋ³³,ts,əŋ,³³,s,ɯ,̠ŋ
30705,矱,ʔʷjak³̲³̲,ʔʷj,ak̲̲,³,qʷ,a,ɡ
30706,矲,bɰɛi³⁵,bɰ,ɛi,³⁵,br,e,̠lʔ
30707,石,net³̲³̲,n,et̲̲,³,,,
30708,矴,,,,,,,
30709,矵,,,,,,,
30710,矶,,,,,,,
30711,矷,,,,,,,
30712,矸,kɑn³³,k,ɑn,³³,ɡ,a,̠ns
30713,矹,ŋu̯ot³̲³̲,ŋ,u̯ot̲̲,³,,,
30714,矺,tɑp³̲³̲,t,ɑp̲̲,³,kh‧l,a,̠ɡ
30715,矻,kʰɰɛt³̲³̲,kʰɰ,ɛt̲̲,³,kh,ɯ,̠d
30716,矼,hɰɔŋ³³,hɰɔŋ,,³³,kr,o,̠ŋ
30717,矽,,,,,,,
30718,矾,bʷjɤn³³,bʷj,ɤn,³³,,,
30719,矿,kʷɰæŋ³⁵,kʷɰæŋ,,³⁵,,,
30720,砀,,,,,,,
30721,码,mɰæ³⁵,mɰæ,,³⁵,,,
30722,砂,ʂɰæ³³,ʂɰæ,,³³,sr,a,̠l
30723,砃,,,,,,,
30724,砄,kʷet³̲³̲,kʷ,et̲̲,³,,,
30725,砅,liᴇi³¹,l,iᴇi,³¹,,,
30726,砆,,,,,p,a,
30727,砇,mɰin³³,mɰ,in,³³,,,
30728,砈,ʔɰɛ³¹,ʔɰ,ɛ,³¹,,,
30729,砉,hʷek³̲³̲,hʷ,ek̲̲,³,qhʷr,a,̠ɡ
30730,砊,kʰɑŋ³³,kʰ,ɑŋ,³³,,,
30731,砋,tɕɨ³⁵,tɕ,ɨ,³⁵,,,
30732,砌,tsʰei³¹,tsʰ,ei,³¹,sh,i,̠ds
30733,砍,,,,,,,
30734,砎,kɰɛi³¹,kɰ,ɛi,³¹,,,
30735,砏,pʰɰin³³,pʰɰ,in,³³,phr,ɯ,n
30736,砐,ŋəp³̲³̲,ŋ,əp̲̲,³,,,
30737,砑,ŋɰæ³¹,ŋɰæ,,³¹,,,
30738,砒,bei³³,b,ei,³³,,,
30739,砓,,,,,,,
30740,研,ŋen³¹,ŋ,en,³¹,ŋɡ,e,̠n
30741,砕,,,,,,,
30742,砖,,,,,,,
30743,砗,,,,,,,
30744,砘,,,,,,,
30745,砙,,,,,,,
30746,砚,ŋen³¹,ŋ,en,³¹,,,
30747,砛,,,,,,,
30748,砜,,,,,,,
30749,砝,kjap³̲³̲,kj,ap̲̲,³,,,
30750,砞,mʷɑt³̲³̲,mʷ,ɑt̲̲,³,,,
30751,砟,dzɑk³̲³̲,dz,ɑk̲̲,³,z,a,̠ɡ
30752,砠,tsʰjɤ³³,tsʰj,ɤ,³³,skh,a,
30753,砡,ŋjuk³̲³̲,ŋj,uk̲̲,³,ŋɡ,u,ɡ
30754,砢,lɑ³⁵,l,ɑ,³⁵,ɡ,ə,r
30755,砣,dʷɑ³³,dʷ,ɑ,³³,,,
30756,砤,,,,,,,
30757,砥,tɕi³⁵,tɕ,i,³⁵,tj,i,ls
30758,砦,dʐɰæi³¹,dʐɰæ,i,³¹,zr,a,̠ds
30759,砧,ʈim³³,ʈ,im,³³,k‧l,ɯ,m
30760,砨,ʔɰɛ³¹,ʔɰ,ɛ,³¹,,,
30761,砩,pʷjai³¹,pʷj,ai,³¹,p,a,ds
30762,砪,mu³⁵,m,u,³⁵,,,
30763,砫,tɕjʊ³⁵,tɕj,ʊ,³⁵,,,
30764,砬,ləp³̲³̲,l,əp̲̲,³,,,
30765,砭,pjam³¹,pj,am,³¹,pr,o,ms
30766,砮,nu̯o³³,n,u̯o,³³,n,a,̠ʔ
30767,砯,bɨŋ³¹,b,ɨŋ,³¹,phr,ɯ,ŋ
30768,砰,pʰɰɛŋ³³,pʰɰ,ɛŋ,³³,phr,e,̠ŋ
30769,砱,leŋ³³,l,eŋ,³³,,,
30770,砲,pʰu̯ok³̲³̲,pʰ,u̯ok̲̲,³,b,u,̠ɡ
30771,砳,lɰɛk³̲³̲,lɰ,ɛk̲̲,³,,,
30772,破,pʰɰiᴇ³¹,pʰɰ,iᴇ,³¹,ph,a,̠ls
30773,砵,,,,,,,
30774,砶,,,,,,,
30775,砷,,,,,,,
30776,砸,,,,,,,
30777,砹,,,,,,,
30778,砺,,,,,,,
30779,砻,luŋ³³,l,uŋ,³³,,,
30780,砼,,,,,,,
30781,砽,,,,,,,
30782,砾,lek³̲³̲,l,ek̲̲,³,,,
30783,砿,,,,,,,
30784,础,tʂʰjɤ³⁵,tʂʰj,ɤ,³⁵,,,
30785,硁,,,,,khr,e,̠ŋ
30786,硂,tsʰʷiᴇn³³,tsʰʷ,iᴇn,³³,,,
30787,硃,tɕjʊ³³,tɕj,ʊ,³³,,,
30788,硄,kʰʷɑŋ³³,kʰʷ,ɑŋ,³³,,,
30789,硅,hʷɰæk³̲³̲,hʷɰæk̲̲,,³,qhʷr,e,̠ɡ
30790,硆,,,,,,,
30791,硇,,,,,,,
30792,硈,kʰɰɛt³̲³̲,kʰɰ,ɛt̲̲,³,khr,i,̠d
30793,硉,lu̯ot³̲³̲,l,u̯ot̲̲,³,,,
30794,硊,ŋʷɰiᴇ³⁵,ŋʷɰ,iᴇ,³⁵,ŋɡr,o,lʔ
30795,硋,ŋəi³¹,ŋ,əi,³¹,,,
30796,硌,lɑk³̲³̲,l,ɑk̲̲,³,ɡ,ə,r
30797,硍,kɰɛn³³,kɰ,ɛn,³³,,,
30798,硎,ɦeŋ³³,ɦ,eŋ,³³,ɡ,e,̠ŋ
30799,硏,ŋen³¹,ŋ,en,³¹,,,
30800,硐,duŋ³³,d,uŋ,³³,d,o,̠ŋ
30801,硑,pʰɰɛŋ³³,pʰɰ,ɛŋ,³³,,,
30802,硒,,,,,,,
30803,硓,,,,,,,
30804,硔,,,,,,,
30805,硕,dʑiᴇk³̲³̲,dʑ,iᴇk̲̲,³,,,
30806,硖,,,,,,,
30807,硗,,,,,,,
30808,硘,,,,,,,
30809,硙,ŋəi³³,ŋ,əi,³³,,,
30810,硚,,,,,,,
30811,硛,,,,,,,
30812,硜,kʰeŋ³¹,kʰ,eŋ,³¹,khr,e,̠ŋ
30813,硝,siᴇu³³,s,iᴇu,³³,,,
30814,硞,kʰɰɛk³̲³̲,kʰɰ,ɛk̲̲,³,kh,u,̠ɡ
30815,硟,tɕʰiᴇn³¹,tɕʰ,iᴇn,³¹,khlj,a,ns
30816,硠,lɑŋ³¹,l,ɑŋ,³¹,r,a,̠ŋ
30817,硡,hʷɰɛŋ³³,hʷɰ,ɛŋ,³³,,,
30818,硢,jɤ³³,j,ɤ,³³,,,
30819,硣,hɰæu³³,hɰæ,u,³³,,,
30820,硤,ɦɰɛp³̲³̲,ɦɰ,ɛp̲̲,³,ɡr,e,̠b
30821,硥,mɰɔŋ³⁵,mɰɔŋ,,³⁵,mr,o,̠ŋʔ
30822,硦,luŋ³¹,l,uŋ,³¹,,,
30823,硧,tʰuŋ³⁵,tʰ,uŋ,³⁵,,,
30824,硨,tɕʰjæ³³,tɕʰjæ,,³³,,,
30825,硩,sek³̲³̲,s,ek̲̲,³,kh‧l,e,̠ɡ
30826,硪,ŋɑ³³,ŋ,ɑ,³³,ŋ,a,̠l
30827,硫,lɨu³³,l,ɨu,³³,,,
30828,硬,kɰæŋ³⁵,kɰæŋ,,³⁵,ŋɡr,a,̠ŋs
30829,硭,mʷjaŋ³³,mʷj,aŋ,³³,,,
30830,确,kʰɰɔk³̲³̲,kʰɰɔk̲̲,,³,ɡr,o,̠ɡ
30831,硯,ken³⁵,k,en,³⁵,ŋɡ,e,̠n
30832,硰,tsʰʷɑ³¹,tsʰʷ,ɑ,³¹,s,a,̠lʔ
30833,硱,kʰɨŋ³³,kʰ,ɨŋ,³³,,,
30834,硲,,,,,,,
30835,硳,,,,,,,
30836,硴,,,,,,,
30837,硵,,,,,,,
30838,硶,,,,,,,
30839,硷,,,,,,,
30840,硸,ŋjak³̲³̲,ŋj,ak̲̲,³,,,
30841,硹,sjuŋ³³,sj,uŋ,³³,,,
30842,硺,,,,,,,
30843,硻,kʰɰæŋ³⁵,kʰɰæŋ,,³⁵,khr,i,̠ŋ
30844,硼,pʰɰɛŋ³³,pʰɰ,ɛŋ,³³,phr,ɯ,̠ŋ
30845,硽,ʔɰiᴇm³³,ʔɰ,iᴇm,³³,,,
30846,硾,ɖʷiᴇ³¹,ɖʷ,iᴇ,³¹,d,o,ls
30847,硿,kʰuŋ³³,kʰ,uŋ,³³,,,
30848,碀,dʐɰɛŋ³³,dʐɰ,ɛŋ,³³,,,
30849,碁,ɡɨ³³,ɡ,ɨ,³³,ɡ,ɯ,
30850,碂,tsu̯oŋ³¹,ts,u̯oŋ,³¹,,,
30851,碃,tsʰeŋ³¹,tsʰ,eŋ,³¹,,,
30852,碄,lim³³,l,im,³³,ɡ,ə,r
30853,碅,kʰʷɰin³³,kʰʷɰ,in,³³,,,
30854,碆,pʷɑ³³,pʷ,ɑ,³³,b,a,̠l
30855,碇,teŋ³¹,t,eŋ,³¹,,,
30856,碈,,,,,mr,u,n
30857,碉,,,,,,,
30858,碊,dziᴇn³³,dz,iᴇn,³³,,,
30859,碋,ɦɑ³⁵,ɦ,ɑ,³⁵,,,
30860,碌,lɰɔk³̲³̲,lɰɔk̲̲,,³,b,ə,r
30861,碍,ŋəi³¹,ŋ,əi,³¹,,,
30862,碎,su̯oi³¹,s,u̯oi,³¹,sl,u,̠ds
30863,碏,tsʰɑk³̲³̲,tsʰ,ɑk̲̲,³,sh,a,ɡ
30864,碐,ləŋ³³,l,əŋ,³³,,,
30865,碑,pɰiᴇ³³,pɰ,iᴇ,³³,pr,e,
30866,碒,ŋɰim³³,ŋɰ,im,³³,,,
30867,碓,tu̯oi³¹,t,u̯oi,³¹,k‧l,u,̠ls
30868,碔,mjʊ³⁵,mj,ʊ,³⁵,mb,a,ʔ
30869,碕,ɡɰiᴇ³³,ɡɰ,iᴇ,³³,ɡ,ɯ,l
30870,碖,,,,,,,
30871,碗,,,,,q,o,̠nʔ
30872,碘,,,,,,,
30873,碙,,,,,,,
30874,碚,,,,,,,
30875,碛,,,,,,,
30876,碜,,,,,,,
30877,碝,ȵʷiᴇn³⁵,ȵʷ,iᴇn,³⁵,nj,o,nʔ
30878,碞,ŋɰɛm³³,ŋɰ,ɛm,³³,ŋr,ɯ,m
30879,碟,ʑiᴇt³̲³̲,ʑ,iᴇt̲̲,³,,,
30880,碠,,,,,,,
30881,碡,luk³̲³̲,l,uk̲̲,³,,,
30882,碢,dʷɑ³³,dʷ,ɑ,³³,,,
30883,碣,ʔɰæt³̲³̲,ʔɰæt̲̲,,³,ɡr,a,d
30884,碤,ʔɰjæŋ³³,ʔɰjæŋ,,³³,,,
30885,碥,pen³⁵,p,en,³⁵,,,
30886,碦,kʰɰæk³̲³̲,kʰɰæk̲̲,,³,,,
30887,碧,pɰjæk³̲³̲,pɰjæk̲̲,,³,pr,a,ɡ
30888,碨,ʔu̯oi³³,ʔ,u̯oi,³³,,,
30889,碩,dʑiᴇk³̲³̲,dʑ,iᴇk̲̲,³,ɡlj,a,ɡ
30890,碪,ŋəm³⁵,ŋ,əm,³⁵,,,
30891,碫,tʷɑn³¹,tʷ,ɑn,³¹,t,o,̠ns
30892,碬,tʷɑn³¹,tʷ,ɑn,³¹,ɡr,a,̠
30893,碭,dɑŋ³⁵,d,ɑŋ,³⁵,ɡ‧l,a,̠ŋ
30894,碮,dei³³,d,ei,³³,,,
30895,碯,nɑu³⁵,n,ɑu,³⁵,,,
30896,碰,,,,,,,
30897,碱,kɰɛm³⁵,kɰ,ɛm,³⁵,,,
30898,碲,,,,,,,
30899,碳,,,,,,,
30900,碴,,,,,,,
30901,碵,,,,,,,
30902,碶,,,,,,,
30903,碷,,,,,,,
30904,碸,,,,,,,
30905,碹,,,,,,,
30906,確,kʰɰɔk³̲³̲,kʰɰɔk̲̲,,³,khr,o,̠wɡ
30907,碻,kʰɰɔk³̲³̲,kʰɰɔk̲̲,,³,,,
30908,碼,mɰæ³⁵,mɰæ,,³⁵,mr,a,̠ʔ
30909,碽,kuŋ³³,k,uŋ,³³,,,
30910,碾,ɳiᴇn³¹,ɳ,iᴇn,³¹,mɡl,e,ns
30911,碿,su̯ot³̲³̲,s,u̯ot̲̲,³,,,
30912,磀,ŋɰæk³̲³̲,ŋɰæk̲̲,,³,,,
30913,磁,dzɨ³³,dz,ɨ,³³,z,ɯ,
30914,磂,lɨu³¹,l,ɨu,³¹,,,
30915,磃,siᴇ³⁵,s,iᴇ,³⁵,skl,e,
30916,磄,dɑŋ³³,d,ɑŋ,³³,,,
30917,磅,pʰɰæŋ³³,pʰɰæŋ,,³³,ph,a,̠ŋ
30918,磆,ɦɰɛt³̲³̲,ɦɰ,ɛt̲̲,³,,,
30919,磇,pʰei³³,pʰ,ei,³³,,,
30920,磈,kʰu̯oi³⁵,kʰ,u̯oi,³⁵,kh,u,̠lʔ
30921,磉,sɑŋ³⁵,s,ɑŋ,³⁵,,,
30922,磊,lu̯oi³⁵,l,u̯oi,³⁵,r,u,̠lʔ
30923,磋,tsʰɑ³³,tsʰ,ɑ,³³,sh,a,̠l
30924,磌,tɕin³³,tɕ,in,³³,ɡ‧l,i,̠n
30925,磍,ʔɰæt³̲³̲,ʔɰæt̲̲,,³,kr,a,̠d
30926,磎,kʰei³³,kʰ,ei,³³,kh,e,̠
30927,磏,lem³³,l,em,³³,ɡ,ə,r
30928,磐,bʷɑn³³,bʷ,ɑn,³³,b,a,̠n
30929,磑,ŋəi³¹,ŋ,əi,³¹,ŋɡ,u,̠ls
30930,磒,ɦʲʷin³⁵,ɦʲʷ,in,³⁵,ɢr,u,nʔ
30931,磓,tu̯oi³³,t,u̯oi,³³,,,
30932,磔,ʈɰæk³̲³̲,ʈɰæk̲̲,,³,k‧r,a,̠ɡ
30933,磕,kʰɑi³¹,kʰ,ɑi,³¹,kh,a,̠b
30934,磖,ləp³̲³̲,l,əp̲̲,³,,,
30935,磗,,,,,,,
30936,磘,,,,,,,
30937,磙,,,,,,,
30938,磚,dʷɑn³³,dʷ,ɑn,³³,,,
30939,磛,dʐɰæm³³,dʐɰæm,,³³,zr,a,̠m
30940,磜,,,,,,,
30941,磝,ŋɑu³³,ŋ,ɑu,³³,ŋɡr,a,̠w
30942,磞,pʰɰæŋ³³,pʰɰæŋ,,³³,,,
30943,磟,lu̯ok³̲³̲,l,u̯ok̲̲,³,,,
30944,磠,lu̯o³⁵,l,u̯o,³⁵,,,
30945,磡,kʰəm³¹,kʰ,əm,³¹,,,
30946,磢,tʂʰjaŋ³⁵,tʂʰj,aŋ,³⁵,shr,a,ŋʔ
30947,磣,tʂʰim³⁵,tʂʰ,im,³⁵,,,
30948,磤,ʔɨn³⁵,ʔ,ɨn,³⁵,,,
30949,磥,lu̯oi³⁵,l,u̯oi,³⁵,r,u,̠lʔ
30950,磦,piᴇu³³,p,iᴇu,³³,,,
30951,磧,tsʰiᴇk³̲³̲,tsʰ,iᴇk̲̲,³,sh,e,ɡ
30952,磨,mʷɑ³¹,mʷ,ɑ,³¹,m,a,̠ls
30953,磩,tsʰek³̲³̲,tsʰ,ek̲̲,³,skh,ɯ,̠wɡ
30954,磪,tsʰu̯oi³⁵,tsʰ,u̯oi,³⁵,,,
30955,磫,tsjʊŋ³³,tsj,ʊŋ,³³,s,o,ŋ
30956,磬,kʰeŋ³¹,kʰ,eŋ,³¹,khl,e,̠ŋs
30957,磭,tɕʰjak³̲³̲,tɕʰj,ak̲̲,³,,,
30958,磮,,,,,,,
30959,磯,kəi³¹,k,əi,³¹,k,ɯ,l
30960,磰,dʑiᴇn³⁵,dʑ,iᴇn,³⁵,,,
30961,磱,lɑu³³,l,ɑu,³³,,,
30962,磲,ɡjɤ³³,ɡj,ɤ,³³,,,
30963,磳,dʐɨŋ³³,dʐ,ɨŋ,³³,s,ɯ,̠ŋ
30964,磴,tʰəŋ³¹,tʰ,əŋ,³¹,,,
30965,磵,,,,,,,
30966,磶,siᴇk³̲³̲,s,iᴇk̲̲,³,l̥j,a,ɡ
30967,磷,lɰɛŋ³³,lɰ,ɛŋ,³³,r,i,ns
30968,磸,teŋ³¹,t,eŋ,³¹,,,
30969,磹,dem³¹,d,em,³¹,,,
30970,磺,ɦʷɑŋ³³,ɦʷ,ɑŋ,³³,kʷr,a,̠ŋʔ
30971,磻,pʷɑ³¹,pʷ,ɑ,³¹,b,a,̠n
30972,磼,dʐjap³̲³̲,dʐj,ap̲̲,³,sɡ,u,̠b
30973,磽,ŋɰæu³¹,ŋɰæ,u,³¹,khr,e,̠w
30974,磾,tei³³,t,ei,³³,t,e,̠l
30975,磿,lek³̲³̲,l,ek̲̲,³,r,e,̠ɡ
30976,礀,,,,,,,
30977,礁,,,,,,,
30978,礂,,,,,,,
30979,礃,,,,,,,
30980,礄,,,,,,,
30981,礅,,,,,,,
30982,礆,,,,,,,
30983,礇,ʔjuk³̲³̲,ʔj,uk̲̲,³,,,
30984,礈,ɖʷi³¹,ɖʷ,i,³¹,,,
30985,礉,kʰɰæu³³,kʰɰæ,u,³³,khr,e,̠wɡs
30986,礊,kʰɰɛk³̲³̲,kʰɰ,ɛk̲̲,³,qhʷr,e,̠ɡ
30987,礋,ɖɰæk³̲³̲,ɖɰæk̲̲,,³,,,
30988,礌,lu̯oi³¹,l,u̯oi,³¹,,,
30989,礍,kʰɑt³̲³̲,kʰ,ɑt̲̲,³,,,
30990,礎,tʂʰjɤ³⁵,tʂʰj,ɤ,³⁵,sŋ̊r,a,ʔ
30991,礏,ŋɰip³̲³̲,ŋɰ,ip̲̲,³,ŋ,o,̠b
30992,礐,kʰɰɔk³̲³̲,kʰɰɔk̲̲,,³,ɡ,o,̠ɡ
30993,礑,,,,,,,
30994,礒,ŋɰiᴇ³⁵,ŋɰ,iᴇ,³⁵,ŋr,a,lʔ
30995,礓,kjaŋ³³,kj,aŋ,³³,k,a,ŋ
30996,礔,pʰek³̲³̲,pʰ,ek̲̲,³,ph,e,̠ɡ
30997,礕,pʰek³̲³̲,pʰ,ek̲̲,³,,,
30998,礖,,,,,,,
30999,礗,pʰin³³,pʰ,in,³³,,,
31000,礘,ŋəp³̲³̲,ŋ,əp̲̲,³,,,
31001,礙,ŋəi³¹,ŋ,əi,³¹,ŋɡ,ɯ,̠s
31002,礚,kʰɑi³¹,kʰ,ɑi,³¹,kh,a,̠b
31003,礛,lɑm³³,l,ɑm,³³,kr,a,̠m
31004,礜,jɤ³¹,j,ɤ,³¹,ɢl,a,s
31005,礝,ȵʷiᴇn³⁵,ȵʷ,iᴇn,³⁵,nj,o,nʔ
31006,礞,,,,,,,
31007,礟,,,,,,,
31008,礠,dzɨ³³,dz,ɨ,³³,,,
31009,礡,,,,,,,
31010,礢,,,,,,,
31011,礣,mɰɛt³̲³̲,mɰ,ɛt̲̲,³,,,
31012,礤,tsɑt³̲³̲,ts,ɑt̲̲,³,,,
31013,礥,ɦen³³,ɦ,en,³³,ɡr,i,n
31014,礦,kʷɰæŋ³⁵,kʷɰæŋ,,³⁵,kʷr,a,̠ŋʔ
31015,礧,lʷi³⁵,lʷ,i,³⁵,r,u,̠ls
31016,礨,lʷi³⁵,lʷ,i,³⁵,r,u,̠lʔ
31017,礩,tɕit³̲³̲,tɕ,it̲̲,³,tj,i,ds
31018,礪,liᴇi³¹,l,iᴇi,³¹,b,ə,r
31019,礫,lɰɔk³̲³̲,lɰɔk̲̲,,³,ɡ,ə,r
31020,礬,bʷjɤn³³,bʷj,ɤn,³³,,,
31021,礭,,,,,,,
31022,礮,pʰɰæu³¹,pʰɰæ,u,³¹,,,
31023,礯,ʔʷiᴇŋ³³,ʔʷ,iᴇŋ,³³,,,
31024,礰,lek³̲³̲,l,ek̲̲,³,r,e,̠ɡ
31025,礱,luŋ³³,l,uŋ,³³,ɡ,ə,r
31026,礲,,,,,ɡ,ə,r
31027,礳,,,,,,,
31028,礴,bɑk³̲³̲,b,ɑk̲̲,³,b,a,̠ɡ
31029,礵,,,,,,,
31030,礶,,,,,,,
31031,礷,lɑm³³,l,ɑm,³³,,,
31032,礸,tsɑt³̲³̲,ts,ɑt̲̲,³,,,
31033,礹,ŋjam³⁵,ŋj,am,³⁵,ŋɡr,a,̠m
31034,示,ɡiᴇ³³,ɡ,iᴇ,³³,ɡ,e,
31035,礻,,,,,,,
31036,礼,lei³⁵,l,ei,³⁵,r,i,̠ʔ
31037,礽,ȵɨŋ³³,ȵ,ɨŋ,³³,,,
31038,社,dʑjæ³⁵,dʑjæ,,³⁵,ɡlj,a,̠ʔ
31039,礿,jak³̲³̲,j,ak̲̲,³,b,ə,l
31040,祀,zɨ³⁵,z,ɨ,³⁵,sɢ,ɯ,ʔ
31041,祁,ɖi³³,ɖ,i,³³,ɡ,e,
31042,祂,,,,,,,
31043,祃,,,,,,,
31044,祄,,,,,,,
31045,祅,ʔɰiᴇu³³,ʔɰ,iᴇu,³³,qr,o,w
31046,祆,hen³³,h,en,³³,l̥h,i,̠n
31047,祇,tɕiᴇ³³,tɕ,iᴇ,³³,ɡ,e,
31048,祈,kʷɰiᴇ³⁵,kʷɰ,iᴇ,³⁵,ɡ,ɯ,l
31049,祉,ʈʰɨ³⁵,ʈʰ,ɨ,³⁵,kh‧l,ɯ,ʔ
31050,祊,pʷjaŋ³³,pʷj,aŋ,³³,pr,a,̠ŋ
31051,祋,tʷɑi³¹,tʷ,ɑi,³¹,t,o,̠ds
31052,祌,ɖjuŋ³¹,ɖj,uŋ,³¹,ɡ‧l,u,ŋs
31053,祍,,,,,,,
31054,祎,,,,,,,
31055,祏,dʑiᴇk³̲³̲,dʑ,iᴇk̲̲,³,ɡlj,a,ɡ
31056,祐,ɦʲɨu³¹,ɦʲ,ɨu,³¹,ɢʷ,ɯ,s
31057,祑,ɖit³̲³̲,ɖ,it̲̲,³,ɡ‧l,i,d
31058,祒,dʑiᴇu³⁵,dʑ,iᴇu,³⁵,khlj,e,w
31059,祓,pjut³̲³̲,pj,ut̲̲,³,p,o,ds
31060,祔,bjʊ³¹,bj,ʊ,³¹,b,o,s
31061,祕,pɰi³¹,pɰ,i,³¹,pr,i,ɡs
31062,祖,tsu̯o³⁵,ts,u̯o,³⁵,sk,a,̠ʔ
31063,祗,tɕɨ³³,tɕ,ɨ,³³,tj,i,l
31064,祘,sʷɑn³¹,sʷ,ɑn,³¹,skl,o,̠ns
31065,祙,mɰi³¹,mɰ,i,³¹,,,
31066,祚,dzu̯o³¹,dz,u̯o,³¹,z,a,̠ɡs
31067,祛,kʰjɤ³³,kʰj,ɤ,³³,kh,a,
31068,祜,ɦu̯o³⁵,ɦ,u̯o,³⁵,ɡ,a,̠ʔ
31069,祝,tɕjuk³̲³̲,tɕj,uk̲̲,³,tj,u,ɡ
31070,神,ʑin³³,ʑ,in,³³,ɢlj,i,n
31071,祟,sʷit³̲³̲,sʷ,it̲̲,³,skl,u,ds
31072,祠,zɨ³⁵,z,ɨ,³⁵,lj,ɯ,
31073,祡,dʐɰæ³³,dʐɰæ,,³³,zr,e,̠
31074,祢,nei³⁵,n,ei,³⁵,,,
31075,祣,ljɤ³⁵,lj,ɤ,³⁵,,,
31076,祤,ɦʲjʊ³⁵,ɦʲj,ʊ,³⁵,ɢʷ,a,ʔ
31077,祥,zjaŋ³³,zj,aŋ,³³,sɢl,a,ŋ
31078,祦,ŋu̯o³³,ŋ,u̯o,³³,,,
31079,祧,tʰeu³³,tʰ,eu,³³,kh‧l,e,̠w
31080,票,pʰiᴇu³³,pʰ,iᴇu,³³,ph,e,w
31081,祩,ʈjʊ³³,ʈj,ʊ,³³,tj,o,s
31082,祪,hʷɰiᴇ³⁵,hʷɰ,iᴇ,³⁵,kr,o,lʔ
31083,祫,ɦɰɛp³̲³̲,ɦɰ,ɛp̲̲,³,ɡr,u,̠b
31084,祬,tɕi³³,tɕ,i,³³,,,
31085,祭,tsiᴇi³¹,ts,iᴇi,³¹,sk,e,ds
31086,祮,ket³̲³̲,k,et̲̲,³,,,
31087,祯,,,,,,,
31088,祰,kɑu³⁵,k,ɑu,³⁵,kh,u,̠ʔ
31089,祱,jʷiᴇi³¹,jʷ,iᴇi,³¹,,,
31090,祲,tsim³¹,ts,im,³¹,sk,i,ms
31091,祳,dʑin³⁵,dʑ,in,³⁵,blj,ɯ,nʔ
31092,祴,kɰɛt³̲³̲,kɰ,ɛt̲̲,³,k,ɯ,̠
31093,祵,,,,,,,
31094,祶,,,,,,,
31095,祷,tɑu³⁵,t,ɑu,³⁵,,,
31096,祸,ɦʷɑ³⁵,ɦʷ,ɑ,³⁵,,,
31097,祹,dɑu³³,d,ɑu,³³,b‧l,u,̠
31098,祺,kɨ³³,k,ɨ,³³,ɡ,ɯ,
31099,祻,ku̯o³¹,k,u̯o,³¹,,,
31100,祼,kʷɑn³¹,kʷ,ɑn,³¹,kl,o,̠ns
31101,祽,tsʰu̯oi³¹,tsʰ,u̯oi,³¹,s,u,̠ds
31102,祾,lɨŋ³³,l,ɨŋ,³³,,,
31103,祿,luk³̲³̲,l,uk̲̲,³,b,ə,r
31104,禀,pɰim³⁵,pɰ,im,³⁵,,,
31105,禁,kɰim³¹,kɰ,im,³¹,kr,ɯ,ms
31106,禂,tɑu³⁵,t,ɑu,³⁵,k‧l,u,̠wʔ
31107,禃,dʑɨk³̲³̲,dʑ,ɨk̲̲,³,,,
31108,禄,luk³̲³̲,l,uk̲̲,³,,,
31109,禅,dʑiᴇn³³,dʑ,iᴇn,³³,,,
31110,禆,,,,,b,e,
31111,禇,,,,,kh‧l,a,ʔ
31112,禈,,,,,,,
31113,禉,jɨu³³,j,ɨu,³³,,,
31114,禊,kɰɛt³̲³̲,kɰ,ɛt̲̲,³,ɡ,e,̠ds
31115,禋,ʔen³³,ʔ,en,³³,q,i,n
31116,禌,,,,,,,
31117,禍,ɦʷɑ³⁵,ɦʷ,ɑ,³⁵,ɡl,o,̠lʔ
31118,禎,ʈiᴇŋ³³,ʈ,iᴇŋ,³³,t,e,ŋ
31119,福,pjuk³̲³̲,pj,uk̲̲,³,p,ɯ,ɡ
31120,禐,,,,,,,
31121,禑,ŋu̯o³³,ŋ,u̯o,³³,,,
31122,禒,,,,,,,
31123,禓,ɕjaŋ³³,ɕj,aŋ,³³,l,a,ŋ
31124,禔,tɕiᴇ³³,tɕ,iᴇ,³³,klj,e,
31125,禕,ʔɰiᴇ³³,ʔɰ,iᴇ,³³,qr,a,l
31126,禖,mu̯oi³³,m,u̯oi,³³,m,ɯ,̠
31127,禗,sɨ³³,s,ɨ,³³,sl,ɯ,
31128,禘,dei³¹,d,ei,³¹,ɡ‧l,e,̠ɡs
31129,禙,,,,,,,
31130,禚,tɕjak³̲³̲,tɕj,ak̲̲,³,kj,a,wɡ
31131,禛,tɕin³³,tɕ,in,³³,kj,i,n
31132,禜,jʷiᴇŋ³³,jʷ,iᴇŋ,³³,ɢʷr,e,ŋ
31133,禝,tsɨk³̲³̲,ts,ɨk̲̲,³,sk,ɯ,ɡ
31134,禞,kʰɑu³⁵,kʰ,ɑu,³⁵,,,
31135,禟,dɑŋ³³,d,ɑŋ,³³,,,
31136,禠,ɡiᴇ³³,ɡ,iᴇ,³³,skl,e,
31137,禡,pɰæk³̲³̲,pɰæk̲̲,,³,mr,a,̠s
31138,禢,,,,,,,
31139,禣,,,,,,,
31140,禤,,,,,,,
31141,禥,ɡɨ³³,ɡ,ɨ,³³,ɡ,ɯ,
31142,禦,ŋjɤ³⁵,ŋj,ɤ,³⁵,ŋ,a,s
31143,禧,hɨ³³,h,ɨ,³³,qh,ɯ,ʔ
31144,禨,ɡɨi³³,ɡ,ɨi,³³,k,ɯ,l
31145,禩,zɨ³⁵,z,ɨ,³⁵,sbl,ɯ,ʔ
31146,禪,dʑiᴇn³³,dʑ,iᴇn,³³,dj,a,n
31147,禫,dəm³⁵,d,əm,³⁵,ɡ‧l,u,̠mʔ
31148,禬,kʷɑi³¹,kʷ,ɑi,³¹,k,o,̠bs
31149,禭,zʷi³¹,zʷ,i,³¹,lj,u,ds
31150,禮,lɨ³⁵,l,ɨ,³⁵,r,i,̠ʔ
31151,禯,ɳjʊŋ³³,ɳj,ʊŋ,³³,,,
31152,禰,nei³⁵,n,ei,³⁵,m‧l,i,̠lʔ
31153,禱,tɑu³¹,t,ɑu,³¹,k‧l,u,̠s
31154,禲,liᴇi³¹,l,iᴇi,³¹,,,
31155,禳,ȵjaŋ³⁵,ȵj,aŋ,³⁵,mlj,a,ŋ
31156,禴,jak³̲³̲,j,ak̲̲,³,l,o,wɡ
31157,禵,,,,,,,
31158,禶,,,,,,,
31159,禷,lʷi³¹,lʷ,i,³¹,r,u,ds
31160,禸,,,,,nj,u,ʔ
31161,禹,ɦʲjʊ³⁵,ɦʲj,ʊ,³⁵,ɢʷ,a,ʔ
31162,禺,mjʊ³¹,mj,ʊ,³¹,ŋ,o,
31163,离,liᴇ³³,l,iᴇ,³³,b,ə,r
31164,禼,siᴇt³̲³̲,s,iᴇt̲̲,³,sl,e,d
31165,禽,ɡɰim³³,ɡɰ,im,³³,ɡr,ɯ,m
31166,禾,ɦʷɑ³³,ɦʷ,ɑ,³³,ɡ,o,̠l
31167,禿,tʰuk³̲³̲,tʰ,uk̲̲,³,,,
31168,秀,sɨu³¹,s,ɨu,³¹,sl,u,s
31169,私,si³³,s,i,³³,sl,i,l
31170,秂,ȵin³³,ȵ,in,³³,,,
31171,秃,tʰuk³̲³̲,tʰ,uk̲̲,³,th,o,̠ɡ
31172,秄,tsɨ³⁵,ts,ɨ,³⁵,sk,ɯ,ʔ
31173,秅,ʈɰæ³³,ʈɰæ,,³³,ɡ‧r,a,̠
31174,秆,kɑn³⁵,k,ɑn,³⁵,k,a,̠nʔ
31175,秇,ŋiᴇi³¹,ŋ,iᴇi,³¹,,,
31176,秈,siᴇn³³,s,iᴇn,³³,,,
31177,秉,pɰjæŋ³⁵,pɰjæŋ,,³⁵,pr,a,ŋʔ
31178,秊,nen³³,n,en,³³,,,
31179,秋,tsʰɨu³³,tsʰ,ɨu,³³,sh,ɯ,w
31180,秌,tsʰɨu³³,tsʰ,ɨu,³³,sh,ɯ,w
31181,种,tɕjʊŋ³¹,tɕj,ʊŋ,³¹,ɡ‧l,u,ŋ
31182,秎,bjun³¹,bj,un,³¹,b,ɯ,ns
31183,秏,hu̯oi³¹,h,u̯oi,³¹,m̥h,a,̠ws
31184,秐,ɦʲjun³³,ɦʲj,un,³³,,,
31185,科,kʰʷɑ³¹,kʰʷ,ɑ,³¹,kh,o,̠l
31186,秒,miᴇu³⁵,m,iᴇu,³⁵,mbl,e,wʔ
31187,秓,,,,,,,
31188,秔,kɰæŋ³³,kɰæŋ,,³³,kr,a,̠ŋ
31189,秕,pɰi³⁵,pɰ,i,³⁵,p,i,ʔ
31190,秖,tɕiᴇ³³,tɕ,iᴇ,³³,ɡ,e,
31191,秗,ʔjɤ³¹,ʔj,ɤ,³¹,,,
31192,秘,pɰi³¹,pɰ,i,³¹,pr,i,ɡs
31193,秙,kʰu̯o³¹,kʰ,u̯o,³¹,,,
31194,秚,bʷɑn³⁵,bʷ,ɑn,³⁵,,,
31195,秛,pʰɰiᴇ³¹,pʰɰ,iᴇ,³¹,phr,a,l
31196,秜,li³³,l,i,³³,n,i,l
31197,秝,lek³̲³̲,l,ek̲̲,³,r,e,̠ɡ
31198,秞,jɨu³³,j,ɨu,³³,,,
31199,租,tsu̯o³³,ts,u̯o,³³,sk,a,̠
31200,秠,pʰɰi³⁵,pʰɰ,i,³⁵,phr,ɯ,
31201,秡,,,,,,,
31202,秢,leŋ³³,l,eŋ,³³,,,
31203,秣,mʷɑt³̲³̲,mʷ,ɑt̲̲,³,m,a,̠d
31204,秤,tɕʰɨŋ³¹,tɕʰ,ɨŋ,³¹,thj,ɯ,ŋs
31205,秥,ɳiᴇm³³,ɳ,iᴇm,³³,,,
31206,秦,dzin³³,dz,in,³³,z,i,n
31207,秧,ʔjaŋ³³,ʔj,aŋ,³³,q,a,ŋʔ
31208,秨,dzu̯o³¹,dz,u̯o,³¹,z,a,̠ɡ
31209,秩,jit³̲³̲,j,it̲̲,³,ɡ‧l,i,ɡ
31210,秪,ʈi³³,ʈ,i,³³,t,i,l
31211,秫,ʑʷit³̲³̲,ʑʷ,it̲̲,³,ɢlj,u,d
31212,秬,ɡjɤ³³,ɡj,ɤ,³³,ɡ,a,ʔ
31213,秭,tsi³⁵,ts,i,³⁵,s,i,ʔ
31214,秮,,,,,,,
31215,积,tsiᴇk³̲³̲,ts,iᴇk̲̲,³,,,
31216,称,tɕʰɨŋ³³,tɕʰ,ɨŋ,³³,,,
31217,秱,duŋ³³,d,uŋ,³³,d,o,̠ŋ
31218,秲,ɖɨ³⁵,ɖ,ɨ,³⁵,,,
31219,秳,ɦʷɰæt³̲³̲,ɦʷɰæt̲̲,,³,ɡ,o,̠d
31220,秴,kəp³̲³̲,k,əp̲̲,³,,,
31221,秵,ʔin³³,ʔ,in,³³,,,
31222,秶,tsi³³,ts,i,³³,,,
31223,秷,ʈit³̲³̲,ʈ,it̲̲,³,,,
31224,秸,kɰɛt³̲³̲,kɰ,ɛt̲̲,³,kr,i,̠d
31225,秹,ȵim³⁵,ȵ,im,³⁵,,,
31226,秺,ʈɰæ³³,ʈɰæ,,³³,k‧l,a,̠ɡs
31227,移,tɕʰiᴇ³⁵,tɕʰ,iᴇ,³⁵,ɢl,a,l
31228,秼,,,,,,,
31229,秽,ʔʷjai³¹,ʔʷj,ai,³¹,,,
31230,秾,,,,,,,
31231,秿,pʰjʊ³³,pʰj,ʊ,³³,p,a,̠
31232,稀,hɨi³³,h,ɨi,³³,qhl,ɯ,l
31233,稁,,,,,,,
31234,稂,lɑŋ³³,l,ɑŋ,³³,r,a,̠ŋ
31235,稃,bɨu³³,b,ɨu,³³,ph,u,w
31236,稄,tʂɨk³̲³̲,tʂ,ɨk̲̲,³,,,
31237,稅,ɕʷiᴇi³¹,ɕʷ,iᴇi,³¹,,,
31238,稆,ljɤ³⁵,lj,ɤ,³⁵,,,
31239,稇,,,,,,,
31240,稈,kɑn³⁵,k,ɑn,³⁵,k,a,̠nʔ
31241,稉,kɰæŋ³³,kɰæŋ,,³³,kr,a,̠ŋ
31242,稊,dei³³,d,ei,³³,ɡ‧l,i,̠l
31243,程,ɖiᴇŋ³³,ɖ,iᴇŋ,³³,ɡ‧l,e,ŋ
31244,稌,tʰu̯o³³,tʰ,u̯o,³³,kh‧l,a,̠
31245,稍,ʂɰæu³⁵,ʂɰæ,u,³⁵,spr,e,̠ws
31246,税,ɕʷiᴇi³¹,ɕʷ,iᴇi,³¹,l̥,o,ds
31247,稏,ʔɰæ³¹,ʔɰæ,,³¹,,,
31248,稐,lu̯on³⁵,l,u̯on,³⁵,,,
31249,稑,ljuk³̲³̲,lj,uk̲̲,³,ɡ,ə,r
31250,稒,ku̯o³¹,k,u̯o,³¹,k,a,̠ɡs
31251,稓,dzɑk³̲³̲,dz,ɑk̲̲,³,,,
31252,稔,ȵim³⁵,ȵ,im,³⁵,mɡlj,ɯ,mʔ
31253,稕,tɕʷin³¹,tɕʷ,in,³¹,,,
31254,稖,,,,,,,
31255,稗,bɰɛ³¹,bɰ,ɛ,³¹,br,e,̠s
31256,稘,kɨ³³,k,ɨ,³³,k,ɯ,
31257,稙,ʈɨk³̲³̲,ʈ,ɨk̲̲,³,t,ɯ,ɡ
31258,稚,ɖi³¹,ɖ,i,³¹,b‧l,i,s
31259,稛,kʰu̯on³⁵,kʰ,u̯on,³⁵,kh,u,̠nʔ
31260,稜,lɨŋ³³,l,ɨŋ,³³,b,ə,r
31261,稝,bɰæŋ³³,bɰæŋ,,³³,,,
31262,稞,lʷɑ³⁵,lʷ,ɑ,³⁵,khl,o,̠l
31263,稟,pɰim³⁵,pɰ,im,³⁵,pr,ɯ,mʔ
31264,稠,ɖɨu³³,ɖ,ɨu,³³,ɡ‧l,ɯ,w
31265,稡,su̯ot³̲³̲,s,u̯ot̲̲,³,,,
31266,稢,ʔjuk³̲³̲,ʔj,uk̲̲,³,,,
31267,稣,,,,,,,
31268,稤,,,,,,,
31269,稥,,,,,,,
31270,稦,ʔɰiᴇ³³,ʔɰ,iᴇ,³³,,,
31271,稧,ɦei³¹,ɦ,ei,³¹,,,
31272,稨,pen³³,p,en,³³,,,
31273,稩,kɨi³¹,k,ɨi,³¹,,,
31274,稪,bjuk³̲³̲,bj,uk̲̲,³,,,
31275,稫,pʰɨk³̲³̲,pʰ,ɨk̲̲,³,,,
31276,稬,nʷɑn³¹,nʷ,ɑn,³¹,n,o,̠ns
31277,稭,kɰɛt³̲³̲,kɰ,ɛt̲̲,³,kr,i,̠l
31278,種,tɕjʊŋ³¹,tɕj,ʊŋ,³¹,tj,o,ŋs
31279,稯,tsuŋ³³,ts,uŋ,³³,sk,o,̠ŋ
31280,稰,sjɤ³⁵,sj,ɤ,³⁵,sŋ,a,ʔ
31281,稱,tɕʰɨŋ³³,tɕʰ,ɨŋ,³³,thj,ɯ,ŋs
31282,稲,,,,,,,
31283,稳,ʔu̯on³⁵,ʔ,u̯on,³⁵,,,
31284,稴,lem³⁵,l,em,³⁵,ɡ,e,̠m
31285,稵,tsɨu³³,ts,ɨu,³³,,,
31286,稶,ʔjuk³̲³̲,ʔj,uk̲̲,³,,,
31287,稷,tsɨk³̲³̲,ts,ɨk̲̲,³,sk,ɯ,ɡ
31288,稸,ʈʰjuk³̲³̲,ʈʰj,uk̲̲,³,kh‧l,u,ɡ
31289,稹,tɕin³³,tɕ,in,³³,kj,i,n
31290,稺,ɖi³¹,ɖ,i,³¹,b‧l,i,s
31291,稻,dɑu³⁵,d,ɑu,³⁵,l,u,̠ʔ
31292,稼,kɰæ³¹,kɰæ,,³¹,kr,a,̠s
31293,稽,kei³³,k,ei,³³,k,i,̠
31294,稾,kɰæu³¹,kɰæ,u,³¹,k,o,̠wʔ
31295,稿,kɑu³³,k,ɑu,³³,,,
31296,穀,kuk³̲³̲,k,uk̲̲,³,kl,o,̠ɡ
31297,穁,ȵjʊŋ³³,ȵj,ʊŋ,³³,nj,o,ŋʔ
31298,穂,,,,,,,
31299,穃,,,,,,,
31300,穄,tsiᴇi³¹,ts,iᴇi,³¹,sk,e,ds
31301,穅,kʰɑŋ³³,kʰ,ɑŋ,³³,khl,a,̠ŋ
31302,穆,mjuk³̲³̲,mj,uk̲̲,³,m,u,ɡ
31303,穇,tʂʰim³³,tʂʰ,im,³³,,,
31304,穈,mu̯on³³,m,u̯on,³³,,,
31305,穉,dei³³,d,ei,³³,b‧l,i,s
31306,穊,kɰi³¹,kɰ,i,³¹,kr,ɯ,ds
31307,穋,kɨu³³,k,ɨu,³³,ɡ,ə,r
31308,穌,su̯o³³,s,u̯o,³³,sŋ,a,̠
31309,積,tsiᴇk³̲³̲,ts,iᴇk̲̲,³,s,e,ɡ
31310,穎,jʷiᴇŋ³⁵,jʷ,iᴇŋ,³⁵,ɢʷ,e,ŋʔ
31311,穏,,,,,,,
31312,穐,,,,,,,
31313,穑,,,,,,,
31314,穒,,,,,,,
31315,穓,,,,,,,
31316,穔,ɦʷɑŋ³³,ɦʷ,ɑŋ,³³,,,
31317,穕,tsʰiᴇp³̲³̲,tsʰ,iᴇp̲̲,³,,,
31318,穖,kɨi³⁵,k,ɨi,³⁵,k,ɯ,lʔ
31319,穗,zʷi³¹,zʷ,i,³¹,sɢʷ,i,ds
31320,穘,hɰæu³³,hɰæ,u,³³,,,
31321,穙,pʰuk³̲³̲,pʰ,uk̲̲,³,,,
31322,穚,ɡɰiᴇu³³,ɡɰ,iᴇu,³³,kr,e,w
31323,穛,tʂɰɔk³̲³̲,tʂɰɔk̲̲,,³,skr,e,̠wɡ
31324,穜,duŋ³³,d,uŋ,³³,d,o,ŋ
31325,穝,,,,,,,
31326,穞,,,,,,,
31327,穟,zʷi³¹,zʷ,i,³¹,lj,u,ds
31328,穠,ȵjʊŋ³³,ȵj,ʊŋ,³³,n,o,ŋ
31329,穡,ʂɨk³̲³̲,ʂ,ɨk̲̲,³,sr,ɯ,ɡ
31330,穢,ʔʷjai³¹,ʔʷj,ai,³¹,qʷ,a,ds
31331,穣,,,,,,,
31332,穤,,,,,,,
31333,穥,jɤ³⁵,j,ɤ,³⁵,,,
31334,穦,,,,,,,
31335,穧,tsiᴇ³¹,ts,iᴇ,³¹,s,i,̠ls
31336,穨,du̯oi³³,d,u̯oi,³³,ɡ‧l,u,̠l
31337,穩,ʔu̯on³⁵,ʔ,u̯on,³⁵,q,ɯ,̠nʔ
31338,穪,,,,,thj,ɯ,ŋs
31339,穫,ɦʷɰæk³̲³̲,ɦʷɰæk̲̲,,³,ɡʷ,a,̠ɡ
31340,穬,kʷɰæŋ³⁵,kʷɰæŋ,,³⁵,kʷr,a,̠ŋʔ
31341,穭,ljɤ³⁵,lj,ɤ,³⁵,,,
31342,穮,pʰɰæu³¹,pʰɰæ,u,³¹,phr,e,̠w
31343,穯,,,,,,,
31344,穰,ȵjaŋ³⁵,ȵj,aŋ,³⁵,mlj,a,ŋ
31345,穱,tsjak³̲³̲,tsj,ak̲̲,³,skr,e,̠wɡ
31346,穲,liᴇ³³,l,iᴇ,³³,,,
31347,穳,tsʷɑn³⁵,tsʷ,ɑn,³⁵,,,
31348,穴,,,,,ɢʷ,i,̠ɡ
31349,穵,ʔʷɰɛt³̲³̲,ʔʷɰ,ɛt̲̲,³,qr,i,̠ɡ
31350,究,kɨu³¹,k,ɨu,³¹,k,u,s
31351,穷,ɡjuŋ³³,ɡj,uŋ,³³,,,
31352,穸,ziᴇk³̲³̲,z,iᴇk̲̲,³,sɢl,a,ɡ
31353,穹,kʰjuŋ³³,kʰj,uŋ,³³,khʷ,ɯ,ŋ
31354,空,kʰuŋ³¹,kʰ,uŋ,³¹,kh,o,̠ŋs
31355,穻,ʔjʊ³³,ʔj,ʊ,³³,,,
31356,穼,ʂim³³,ʂ,im,³³,sqr,u,m
31357,穽,dziᴇŋ³⁵,dz,iᴇŋ,³⁵,sɡ,e,ŋs
31358,穾,ʔeu³¹,ʔ,eu,³¹,qr,o,ws
31359,穿,tɕʰʷiᴇn³¹,tɕʰʷ,iᴇn,³¹,khlj,o,n
31360,窀,ʈʷin³³,ʈʷ,in,³³,ɡ‧l,u,̠n
31361,突,tʰu̯ot³̲³̲,tʰ,u̯ot̲̲,³,d,u,̠d
31362,窂,lɑu³³,l,ɑu,³³,ɡ,ə,r
31363,窃,tsʰet³̲³̲,tsʰ,et̲̲,³,,,
31364,窄,tʂɰæk³̲³̲,tʂɰæk̲̲,,³,sr,a,̠ɡ
31365,窅,ʔɰæu³⁵,ʔɰæ,u,³⁵,q,e,̠wʔ
31366,窆,pəŋ³¹,p,əŋ,³¹,pr,o,ms
31367,窇,bɰɔk³̲³̲,bɰɔk̲̲,,³,,,
31368,窈,ʔeu³⁵,ʔ,eu,³⁵,q,ɯ,̠wʔ
31369,窉,hɰjæŋ³¹,hɰjæŋ,,³¹,pkr,a,ŋʔ
31370,窊,ʔʷɰæ³¹,ʔʷɰæ,,³¹,qʷr,a,̠s
31371,窋,ʈʷit³̲³̲,ʈʷ,it̲̲,³,k‧l,u,d
31372,窌,lɑu³¹,l,ɑu,³¹,b,ə,r
31373,窍,kʰeu³¹,kʰ,eu,³¹,,,
31374,窎,,,,,,,
31375,窏,ʔu̯o³³,ʔ,u̯o,³³,qʷ,a,̠
31376,窐,ɦʷei³³,ɦʷ,ei,³³,ɡʷ,e,̠
31377,窑,jiᴇu³³,j,iᴇu,³³,,,
31378,窒,tit³̲³̲,t,it̲̲,³,k‧l,i,̠ɡ
31379,窓,tʂʰɰɔŋ³³,tʂʰɰɔŋ,,³³,,,
31380,窔,ʔeu³¹,ʔ,eu,³¹,q,e,̠ws
31381,窕,tʰeu³¹,tʰ,eu,³¹,ɡ‧l,e,̠wʔ
31382,窖,tsɑu³¹,ts,ɑu,³¹,kr,u,̠ɡs
31383,窗,tʂʰɰɔŋ³³,tʂʰɰɔŋ,,³³,skhr,o,̠ŋ
31384,窘,ɡʷɰin³⁵,ɡʷɰ,in,³⁵,ɡr,u,nʔ
31385,窙,hɰæu³³,hɰæ,u,³³,,,
31386,窚,,,,,,,
31387,窛,,,,,,,
31388,窜,tsʰʷɑn³¹,tsʰʷ,ɑn,³¹,,,
31389,窝,,,,,,,
31390,窞,ləm³⁵,l,əm,³⁵,ɡ‧l,o,̠mʔ
31391,窟,kʰu̯ot³̲³̲,kʰ,u̯ot̲̲,³,khl,u,̠d
31392,窠,kʰʷɑ³³,kʰʷ,ɑ,³³,khl,o,̠l
31393,窡,ʈʷɰæt³̲³̲,ʈʷɰæt̲̲,,³,rt,o,̠d
31394,窢,hʷɰɛk³̲³̲,hʷɰ,ɛk̲̲,³,qhʷr,ɯ,ɡ
31395,窣,su̯ot³̲³̲,s,u̯ot̲̲,³,sl,u,̠d
31396,窤,,,,,,,
31397,窥,kʰʷiᴇ³³,kʰʷ,iᴇ,³³,,,
31398,窦,,,,,,,
31399,窧,,,,,,,
31400,窨,ʔɰim³¹,ʔɰ,im,³¹,qr,ɯ,ms
31401,窩,,,,,,,
31402,窪,jʊ³⁵,j,ʊ,³⁵,qʷr,e,̠
31403,窫,ʔet³̲³̲,ʔ,et̲̲,³,qr,e,̠d
31404,窬,jʊ³³,j,ʊ,³³,ɡ‧l,o,̠s
31405,窭,,,,,,,
31406,窮,ɡjuŋ³³,ɡj,uŋ,³³,ɡ,u,ŋ
31407,窯,jiᴇu³¹,j,iᴇu,³¹,ɢ,a,w
31408,窰,jiᴇu³³,j,iᴇu,³³,,,
31409,窱,deu³¹,d,eu,³¹,k‧l,ɯ,̠wʔ
31410,窲,dʐɰæu³³,dʐɰæ,u,³³,zr,e,̠w
31411,窳,jʊ³³,j,ʊ,³³,l,o,ʔ
31412,窴,den³³,d,en,³³,ɡ‧l,i,̠ns
31413,窵,teu³⁵,t,eu,³⁵,t,ɯ,̠ws
31414,窶,ɡjʊ³⁵,ɡj,ʊ,³⁵,ɡr,o,ʔ
31415,窷,,,,,,,
31416,窸,sit³̲³̲,s,it̲̲,³,,,
31417,窹,ŋu̯o³¹,ŋ,u̯o,³¹,ŋ,a,̠s
31418,窺,kʰʷiᴇ³³,kʰʷ,iᴇ,³³,khʷ,e,l
31419,窻,tʂʰɰɔŋ³³,tʂʰɰɔŋ,,³³,skhr,o,̠ŋ
31420,窼,tʂɰæu³³,tʂɰæ,u,³³,,,
31421,窽,,,,,,,
31422,窾,kʰuŋ³³,kʰ,uŋ,³³,khl,o,̠nʔ
31423,窿,ljuŋ³³,lj,uŋ,³³,,,
31424,竀,ʈʰɰæŋ³³,ʈʰɰæŋ,,³³,kh‧r,e,̠ŋ
31425,竁,tʂʰʷiᴇi³¹,tʂʰʷ,iᴇi,³¹,skhr,o,ds
31426,竂,leu³³,l,eu,³³,ɡ,ə,r
31427,竃,,,,,,,
31428,竄,tsʰʷɑn³¹,tsʰʷ,ɑn,³¹,sh,o,̠ds
31429,竅,kʰeu³¹,kʰ,eu,³¹,khl,e,̠wɡs
31430,竆,ɡjuŋ³³,ɡj,uŋ,³³,ɡ,u,ŋ
31431,竇,du³¹,d,u,³¹,ɡ‧l,o,̠ɡs
31432,竈,tsɑu³¹,ts,ɑu,³¹,sk,u,̠ɡs
31433,竉,luŋ³⁵,l,uŋ,³⁵,,,
31434,竊,tsʰet³̲³̲,tsʰ,et̲̲,³,,,
31435,立,ʔɨk³̲³̲,ʔ,ɨk̲̲,³,ɡ,ə,r
31436,竌,,,,,,,
31437,竍,,,,,,,
31438,竎,,,,,,,
31439,竏,,,,,,,
31440,竐,,,,,,,
31441,竑,ɦʷɰɛŋ³³,ɦʷɰ,ɛŋ,³³,ɡʷr,ɯ,̠ŋ
31442,竒,ʔɰiᴇ³⁵,ʔɰ,iᴇ,³⁵,,,
31443,竓,,,,,,,
31444,竔,,,,,,,
31445,竕,,,,,,,
31446,竖,dʑjʊ³⁵,dʑj,ʊ,³⁵,,,
31447,竗,,,,,,,
31448,竘,ʔjʊ³⁵,ʔj,ʊ,³⁵,kh,o,ʔ
31449,站,ʈɰɛm³¹,ʈɰ,ɛm,³¹,,,
31450,竚,ɖjɤ³⁵,ɖj,ɤ,³⁵,d,a,ʔ
31451,竛,leŋ³³,l,eŋ,³³,,,
31452,竜,,,,,ɡ,ə,r
31453,竝,beŋ³⁵,b,eŋ,³⁵,b,e,̠ŋʔ
31454,竞,ɡɰjæŋ³¹,ɡɰjæŋ,,³¹,,,
31455,竟,kɰjæŋ³⁵,kɰjæŋ,,³⁵,kr,a,ŋs
31456,章,tɕjaŋ³³,tɕj,aŋ,³³,klj,a,ŋ
31457,竡,,,,,,,
31458,竢,dʐɨ³⁵,dʐ,ɨ,³⁵,sɡr,ɯ,ʔ
31459,竣,tsʰʷiᴇn³³,tsʰʷ,iᴇn,³³,skh,u,n
31460,竤,,,,,,,
31461,童,duŋ³³,d,uŋ,³³,d,o,̠ŋ
31462,竦,sjʊŋ³⁵,sj,ʊŋ,³⁵,sl,o,ŋʔ
31463,竧,,,,,,,
31464,竨,deu³¹,d,eu,³¹,,,
31465,竩,ŋɰiᴇ³¹,ŋɰ,iᴇ,³¹,,,
31466,竪,dʑjʊ³⁵,dʑj,ʊ,³⁵,,,
31467,竫,dziᴇŋ³⁵,dz,iᴇŋ,³⁵,z,e,ŋʔ
31468,竬,,,,,,,
31469,竭,ɡʷɰiᴇt³̲³̲,ɡʷɰ,iᴇt̲̲,³,ɡ,a,d
31470,竮,beŋ³³,b,eŋ,³³,ph,e,̠ŋ
31471,端,tʷɑn³³,tʷ,ɑn,³³,k‧l,o,̠n
31472,竰,,,,,,,
31473,竱,tʷɑn³³,tʷ,ɑn,³³,tj,o,nʔ
31474,竲,dʐɰɛŋ³³,dʐɰ,ɛŋ,³³,z,ɯ,ŋ
31475,竳,təŋ³³,t,əŋ,³³,,,
31476,竴,tsʰʷin³³,tsʰʷ,in,³³,,,
31477,竵,hʷɰɛ³³,hʷɰ,ɛ,³³,,,
31478,競,ɡɰjæŋ³¹,ɡɰjæŋ,,³¹,ɡr,a,ŋs
31479,竷,kʰɑm³¹,kʰ,ɑm,³¹,kh,u,̠ms
31480,竸,,,,,,,
31481,竹,ʈʰjuk³̲³̲,ʈʰj,uk̲̲,³,t,u,ɡ
31482,竺,tu̯ok³̲³̲,t,u̯ok̲̲,³,t,o,̠ɡ
31483,竻,kɨn³³,k,ɨn,³³,,,
31484,竼,buŋ³³,b,uŋ,³³,,,
31485,竽,ɦʲjʊ³³,ɦʲj,ʊ,³³,ɢʷ,a,
31486,竾,ɖiᴇ³³,ɖ,iᴇ,³³,ɡ‧l,e,l
31487,竿,kɑn³¹,k,ɑn,³¹,k,a,̠n
31488,笀,,,,,,,
31489,笁,,,,,,,
31490,笂,,,,,,,
31491,笃,tu̯ok³̲³̲,t,u̯ok̲̲,³,,,
31492,笄,kei³³,k,ei,³³,k,e,̠
31493,笅,ɦɰæu³³,ɦɰæ,u,³³,,,
31494,笆,pɰæ³⁵,pɰæ,,³⁵,,,
31495,笇,sʷɑn³¹,sʷ,ɑn,³¹,skl,o,̠ns
31496,笈,ɡjap³̲³̲,ɡj,ap̲̲,³,ɡ,a,b
31497,笉,ɦʲʷin³⁵,ɦʲʷ,in,³⁵,,,
31498,笊,tʂɰæu³⁵,tʂɰæ,u,³⁵,,,
31499,笋,sʷin³⁵,sʷ,in,³⁵,,,
31500,笌,ŋɰæ³³,ŋɰæ,,³³,,,
31501,笍,ȵʷiᴇi³¹,ȵʷ,iᴇi,³¹,nj,o,bs
31502,笎,ŋʷjɤn³³,ŋʷj,ɤn,³³,,,
31503,笏,mjun³⁵,mj,un,³⁵,m̥h,ɯ,̠d
31504,笐,ɦɑŋ³¹,ɦ,ɑŋ,³¹,,,
31505,笑,siᴇu³¹,s,iᴇu,³¹,sqh,o,ws
31506,笒,ɡɰim³¹,ɡɰ,im,³¹,,,
31507,笓,bit³̲³̲,b,it̲̲,³,,,
31508,笔,pɰit³̲³̲,pɰ,it̲̲,³,,,
31509,笕,ken³⁵,k,en,³⁵,,,
31510,笖,jɨ³⁵,j,ɨ,³⁵,,,
31511,笗,tu̯oŋ³³,t,u̯oŋ,³³,,,
31512,笘,tɕʰiᴇm³³,tɕʰ,iᴇm,³³,k‧l,e,̠b
31513,笙,ʂɰæŋ³³,ʂɰæŋ,,³³,sr,e,ŋ
31514,笚,kɰɛp³̲³̲,kɰ,ɛp̲̲,³,,,
31515,笛,dek³̲³̲,d,ek̲̲,³,ɡ‧l,ɯ,̠wɡ
31516,笜,ʈʷit³̲³̲,ʈʷ,it̲̲,³,,,
31517,笝,ɳɰɛp³̲³̲,ɳɰ,ɛp̲̲,³,,,
31518,笞,ʈʰɨ³³,ʈʰ,ɨ,³³,kh‧l,ɯ,
31519,笟,ku̯o³³,k,u̯o,³³,,,
31520,笠,lip³̲³̲,l,ip̲̲,³,ɡ,ə,r
31521,笡,tsʰjæ³¹,tsʰjæ,,³¹,,,
31522,笢,,,,,m,i,nʔ
31523,笣,pɰæu³³,pɰæ,u,³³,,,
31524,笤,,,,,,,
31525,笥,sɨ³¹,s,ɨ,³¹,l̥j,ɯ,s
31526,符,bjʊ³³,bj,ʊ,³³,b,o,
31527,笧,tʂʰɰɛk³̲³̲,tʂʰɰ,ɛk̲̲,³,shr,e,̠ɡ
31528,笨,bu̯on³⁵,b,u̯on,³⁵,p,ɯ,̠nʔ
31529,笩,,,,,,,
31530,笪,,,,,t,a,̠d
31531,笫,tsi³⁵,ts,i,³⁵,sr,i,ʔ
31532,第,dei³¹,d,ei,³¹,ɡ‧l,i,̠ls
31533,笭,leŋ³³,l,eŋ,³³,ɡ,ə,r
31534,笮,tʂɰæ³¹,tʂɰæ,,³¹,sr,a,̠ɡs
31535,笯,nu̯o³¹,n,u̯o,³¹,rn,a,̠
31536,笰,pjut³̲³̲,pj,ut̲̲,³,p,ɯ,d
31537,笱,ku³⁵,k,u,³⁵,k,o,̠ʔ
31538,笲,bʷjɤn³⁵,bʷj,ɤn,³⁵,br,o,ns
31539,笳,kɰæ³³,kɰæ,,³³,,,
31540,笴,kɑ³⁵,k,ɑ,³⁵,k,a,̠lʔ
31541,笵,bju̯am³⁵,bj,u̯am,³⁵,b,a,mʔ
31542,笶,ɕi³⁵,ɕ,i,³⁵,,,
31543,笷,,,,,,,
31544,笸,,,,,,,
31545,笹,,,,,,,
31546,笺,tsen³³,ts,en,³³,,,
31547,笻,,,,,,,
31548,笼,luŋ³³,l,uŋ,³³,,,
31549,笽,,,,,,,
31550,笾,,,,,,,
31551,笿,lɑk³̲³̲,l,ɑk̲̲,³,ɡ,ə,r
31552,筀,kʷei³¹,kʷ,ei,³¹,kʷ,e,̠s
31553,筁,,,,,,,
31554,筂,ɖiᴇ³³,ɖ,iᴇ,³³,,,
31555,筃,ʔin³³,ʔ,in,³³,,,
31556,筄,jiᴇu³¹,j,iᴇu,³¹,l,e,ws
31557,筅,sen³⁵,s,en,³⁵,,,
31558,筆,ɳiᴇp³̲³̲,ɳ,iᴇp̲̲,³,pr,u,d
31559,筇,ɡjʊŋ³³,ɡj,ʊŋ,³³,,,
31560,筈,kʷɑt³̲³̲,kʷ,ɑt̲̲,³,,,
31561,等,təi³⁵,t,əi,³⁵,k‧l,ɯ,̠ʔ
31562,筊,ɦɰæu³³,ɦɰæ,u,³³,kr,e,̠wʔ
31563,筋,kɨn³³,k,ɨn,³³,k,ɯ,n
31564,筌,tsʰʷiᴇn³³,tsʰʷ,iᴇn,³³,skh,o,n
31565,筍,ɦʲʷin³³,ɦʲʷ,in,³³,sqhʷ,i,nʔ
31566,筎,ȵjɤ³³,ȵj,ɤ,³³,,,
31567,筏,pʷɑt³̲³̲,pʷ,ɑt̲̲,³,b,a,d
31568,筐,kʰʷjaŋ³³,kʰʷj,aŋ,³³,khʷ,a,ŋ
31569,筑,ʈjuk³̲³̲,ʈj,uk̲̲,³,t,u,ɡ
31570,筒,duŋ³³,d,uŋ,³³,d,o,̠ŋ
31571,筓,,,,,,,
31572,答,təp³̲³̲,t,əp̲̲,³,k‧l,u,̠b
31573,筕,ɦɑŋ³³,ɦ,ɑŋ,³³,ɡr,a,̠ŋ
31574,策,tʂɰiᴇ³¹,tʂɰ,iᴇ,³¹,shr,e,̠ɡ
31575,筗,ɖjuŋ³¹,ɖj,uŋ,³¹,,,
31576,筘,,,,,,,
31577,筙,,,,,,,
31578,筚,,,,,,,
31579,筛,,,,,,,
31580,筜,,,,,,,
31581,筝,tʂɰɛŋ³³,tʂɰ,ɛŋ,³³,sr,e,̠ŋ
31582,筞,,,,,,,
31583,筟,pʰjʊ³³,pʰj,ʊ,³³,ph,u,w
31584,筠,ɦʲʷin³³,ɦʲʷ,in,³³,ɢʷr,i,n
31585,筡,ʈʰjɤ³³,ʈʰj,ɤ,³³,kh‧l,a,
31586,筢,,,,,,,
31587,筣,li³¹,l,i,³¹,,,
31588,筤,lɑŋ³¹,l,ɑŋ,³¹,r,a,̠ŋ
31589,筥,kjɤ³⁵,kj,ɤ,³⁵,kl,a,ʔ
31590,筦,kʷɑn³⁵,kʷ,ɑn,³⁵,k,o,̠nʔ
31591,筧,ɦen³⁵,ɦ,en,³⁵,,,
31592,筨,ɦəm³³,ɦ,əm,³³,,,
31593,筩,duŋ³³,d,uŋ,³³,ɡ‧l,o,̠ŋ
31594,筪,ɦɰɛp³̲³̲,ɦɰ,ɛp̲̲,³,,,
31595,筫,,,,,,,
31596,筬,dʑiᴇŋ³³,dʑ,iᴇŋ,³³,,,
31597,筭,sʷɑn³¹,sʷ,ɑn,³¹,skl,o,̠ns
31598,筮,dʑiᴇi³¹,dʑ,iᴇi,³¹,dj,a,ds
31599,筯,ɖjɤ³¹,ɖj,ɤ,³¹,,,
31600,筰,dziᴇk³̲³̲,dz,iᴇk̲̲,³,z,a,̠ɡ
31601,筱,seu³⁵,s,eu,³⁵,skl,ɯ,̠wʔ
31602,筲,ʂɰæu³³,ʂɰæ,u,³³,spr,e,̠w
31603,筳,deŋ³⁵,d,eŋ,³⁵,ɡ‧l,e,̠ŋ
31604,筴,tʂʰɰɛk³̲³̲,tʂʰɰ,ɛk̲̲,³,kr,e,̠b
31605,筵,jiᴇn³³,j,iᴇn,³³,l,a,n
31606,筶,,,,,,,
31607,筷,,,,,,,
31608,筸,,,,,,,
31609,筹,ɖɨu³³,ɖ,ɨu,³³,,,
31610,筺,,,,,,,
31611,筻,,,,,,,
31612,筼,,,,,,,
31613,筽,,,,,,,
31614,签,tsʰiᴇm³³,tsʰ,iᴇm,³³,,,
31615,筿,,,,,,,
31616,简,kɰɛn³⁵,kɰ,ɛn,³⁵,,,
31617,箁,bɨu³³,b,ɨu,³³,b,ɯ,
31618,箂,ləi³³,l,əi,³³,,,
31619,箃,tʂɨu³³,tʂ,ɨu,³³,,,
31620,箄,pei³¹,p,ei,³¹,p,e,̠
31621,箅,pei³¹,p,ei,³¹,p,i,ds
31622,箆,,,,,,,
31623,箇,kɑ³¹,k,ɑ,³¹,k,a,̠ls
31624,箈,ɖɨ³³,ɖ,ɨ,³³,ɡ‧l,ɯ,̠ʔ
31625,箉,dɰɛ³⁵,dɰ,ɛ,³⁵,,,
31626,箊,ʔjɤ³³,ʔj,ɤ,³³,q,a,
31627,箋,tsen³³,ts,en,³³,s,e,̠n
31628,箌,tɑu³¹,t,ɑu,³¹,rt,e,̠ws
31629,箍,ku̯o³³,k,u̯o,³³,kʷ,a,̠
31630,箎,hu̯o³⁵,h,u̯o,³⁵,qhl,a,̠ʔ
31631,箏,tʂɰɛŋ³³,tʂɰ,ɛŋ,³³,,,
31632,箐,tsiᴇŋ³³,ts,iᴇŋ,³³,,,
31633,箑,ʂɰɛp³̲³̲,ʂɰ,ɛp̲̲,³,sr,e,b
31634,箒,tɕɨu³⁵,tɕ,ɨu,³⁵,pj,u,ʔ
31635,箓,luk³̲³̲,l,uk̲̲,³,b,ə,r
31636,箔,bɑk³̲³̲,b,ɑk̲̲,³,,,
31637,箕,kɨ³³,k,ɨ,³³,k,ɯ,
31638,箖,lim³³,l,im,³³,ɡ,ə,r
31639,算,sʷɑn³⁵,sʷ,ɑn,³⁵,skl,o,̠nʔ
31640,箘,ɡʷɰin³⁵,ɡʷɰ,in,³⁵,khr,u,n
31641,箙,bjuk³̲³̲,bj,uk̲̲,³,b,ɯ,ɡ
31642,箚,ʈɰɛp³̲³̲,ʈɰ,ɛp̲̲,³,,,
31643,箛,ku̯o³³,k,u̯o,³³,kʷ,a,̠
31644,箜,kʰuŋ³³,kʰ,uŋ,³³,kh,o,̠ŋ
31645,箝,ɡɰiᴇm³³,ɡɰ,iᴇm,³³,ɡr,a,m
31646,箞,kʰʷɰiᴇn³³,kʰʷɰ,iᴇn,³³,,,
31647,箟,ku̯on³³,k,u̯on,³³,khr,u,n
31648,箠,tɕʷi³⁵,tɕʷ,i,³⁵,tj,o,lʔ
31649,管,kʷɑn³³,kʷ,ɑn,³³,k,o,̠nʔ
31650,箢,ʔʷjɤn³⁵,ʔʷj,ɤn,³⁵,,,
31651,箣,,,,,,,
31652,箤,dzʷit³̲³̲,dzʷ,it̲̲,³,,,
31653,箥,,,,,,,
31654,箦,,,,,,,
31655,箧,,,,,,,
31656,箨,,,,,,,
31657,箩,lɑ³³,l,ɑ,³³,,,
31658,箪,,,,,,,
31659,箫,seu³³,s,eu,³³,,,
31660,箬,ɳɰæt³̲³̲,ɳɰæt̲̲,,³,nj,a,ɡ
31661,箭,tsiᴇn³¹,ts,iᴇn,³¹,s,e,ns
31662,箮,hʷjɤn³³,hʷj,ɤn,³³,,,
31663,箯,biᴇn³³,b,iᴇn,³³,p,e,n
31664,箰,sʷin³⁵,sʷ,in,³⁵,sqhʷ,i,nʔ
31665,箱,sjaŋ³³,sj,aŋ,³³,sl,a,ŋ
31666,箲,sen³⁵,s,en,³⁵,,,
31667,箳,piᴇŋ³³,p,iᴇŋ,³³,,,
31668,箴,tɕim³³,tɕ,im,³³,kj,ɯ,m
31669,箵,ʂɰjæŋ³⁵,ʂɰjæŋ,,³⁵,sl,e,̠ŋʔ
31670,箶,ɦu̯o³³,ɦ,u̯o,³³,,,
31671,箷,jiᴇ³³,j,iᴇ,³³,l,a,l
31672,箸,ʈjak³̲³̲,ʈj,ak̲̲,³,ɡ‧l,a,s
31673,箹,tʂʰɰɔk³̲³̲,tʂʰɰɔk̲̲,,³,qpl,e,̠wɡ
31674,箺,,,,,,,
31675,箻,lʷit³̲³̲,lʷ,it̲̲,³,,,
31676,箼,,,,,,,
31677,箽,tuŋ³⁵,t,uŋ,³⁵,,,
31678,箾,seu³³,s,eu,³³,spl,e,̠w
31679,箿,dzip³̲³̲,dz,ip̲̲,³,,,
31680,節,tset³̲³̲,ts,et̲̲,³,s,i,̠ɡ
31681,篁,ɦʷɑŋ³³,ɦʷ,ɑŋ,³³,ɡʷ,a,̠ŋ
31682,篂,seŋ³³,s,eŋ,³³,,,
31683,篃,mɰi³¹,mɰ,i,³¹,,,
31684,範,bju̯am³⁵,bj,u̯am,³⁵,b,a,mʔ
31685,篅,tʷɑn³³,tʷ,ɑn,³³,ɡlj,o,n
31686,篆,ɖʷiᴇn³⁵,ɖʷ,iᴇn,³⁵,ɡ‧l,o,nʔ
31687,篇,pʰiᴇn³³,pʰ,iᴇn,³³,ph,e,n
31688,篈,pjʊŋ³³,pj,ʊŋ,³³,,,
31689,築,ɖjuk³̲³̲,ɖj,uk̲̲,³,t,u,ɡ
31690,篊,ɦuŋ³³,ɦ,uŋ,³³,,,
31691,篋,kʰep³̲³̲,kʰ,ep̲̲,³,kh,e,̠b
31692,篌,ɦu³³,ɦ,u,³³,ɡ,o,̠
31693,篍,tsʰiᴇu³³,tsʰ,iᴇu,³³,sh,i,w
31694,篎,miᴇu³⁵,m,iᴇu,³⁵,mbl,e,wʔ
31695,篏,,,,,,,
31696,篐,,,,,,,
31697,篑,,,,,,,
31698,篒,,,,,,,
31699,篓,lu³⁵,l,u,³⁵,,,
31700,篔,ɦʲjun³³,ɦʲj,un,³³,ɢr,u,n
31701,篕,ɦɑp³̲³̲,ɦ,ɑp̲̲,³,ɡ,a,̠b
31702,篖,dɑŋ³³,d,ɑŋ,³³,ɡ‧l,a,̠ŋ
31703,篗,ɦʲʷjak³̲³̲,ɦʲʷj,ak̲̲,³,,,
31704,篘,tʂʰɨu³³,tʂʰ,ɨu,³³,,,
31705,篙,kɑu³¹,k,ɑu,³¹,k,o,̠w
31706,篚,pʷɨi³⁵,pʷ,ɨi,³⁵,p,ɯ,lʔ
31707,篛,ȵjak³̲³̲,ȵj,ak̲̲,³,,,
31708,篜,tɕɨŋ³³,tɕ,ɨŋ,³³,kj,ɯ,ŋ
31709,篝,ku³³,k,u,³³,k,o,̠
31710,篞,net³̲³̲,n,et̲̲,³,m‧l,i,̠ɡ
31711,篟,tsʰen³¹,tsʰ,en,³¹,,,
31712,篠,seu³⁵,s,eu,³⁵,skl,ɯ,̠wʔ
31713,篡,tʂʰʷɰæn³¹,tʂʰʷɰæn,,³¹,skhr,o,̠ns
31714,篢,kuŋ³³,k,uŋ,³³,,,
31715,篣,bɑŋ³³,b,ɑŋ,³³,b,a,̠ŋ
31716,篤,tu̯ok³̲³̲,t,u̯ok̲̲,³,t,u,̠ɡ
31717,篥,lit³̲³̲,l,it̲̲,³,,,
31718,篦,bi³³,b,i,³³,,,
31719,篧,dʐɰɔk³̲³̲,dʐɰɔk̲̲,,³,skr,o,̠wɡ
31720,篨,ɖjɤ³³,ɖj,ɤ,³³,ɡ‧l,a,
31721,篩,ʂi³³,ʂ,i,³³,sr,i,
31722,篪,ɖiᴇ³³,ɖ,iᴇ,³³,ɡ‧l,e,
31723,篫,ʈjuk³̲³̲,ʈj,uk̲̲,³,,,
31724,篬,tsʰɑŋ³³,tsʰ,ɑŋ,³³,,,
31725,篭,,,,,,,
31726,篮,lɑm³³,l,ɑm,³³,,,
31727,篯,,,,,,,
31728,篰,bu³⁵,b,u,³⁵,b,ɯ,ʔ
31729,篱,liᴇ³³,l,iᴇ,³³,,,
31730,篲,jʷiᴇi³¹,jʷ,iᴇi,³¹,sɢʷ,e,ds
31731,篳,pi³¹,p,i,³¹,p,i,d
31732,篴,ɖjuk³̲³̲,ɖj,uk̲̲,³,ɡ‧l,ɯ,wɡ
31733,篵,,,,,,,
31734,篶,,,,,,,
31735,篷,buŋ³³,b,uŋ,³³,b,o,̠ŋ
31736,篸,tʂim³³,tʂ,im,³³,s,u,̠m
31737,篹,mu̯o³¹,m,u̯o,³¹,skl,o,̠nʔ
31738,篺,bɰiᴇ³³,bɰ,iᴇ,³³,,,
31739,篻,miᴇu³³,m,iᴇu,³³,,,
31740,篼,tu³³,t,u,³³,t,o,̠
31741,篽,ŋjɤ³⁵,ŋj,ɤ,³⁵,ŋ,a,ʔ
31742,篾,met³̲³̲,m,et̲̲,³,m,e,̠d
31743,篿,tɕʷiᴇn³³,tɕʷ,iᴇn,³³,d,o,̠n
31744,簀,tʂɰɛk³̲³̲,tʂɰ,ɛk̲̲,³,sr,e,̠ɡ
31745,簁,ʂɰɛ³³,ʂɰ,ɛ,³³,sr,e,lʔ
31746,簂,ku̯oi³³,k,u̯oi,³³,kʷ,ɯ,̠ɡs
31747,簃,ɖiᴇ³³,ɖ,iᴇ,³³,ɡ‧l,a,l
31748,簄,ɦu̯o³⁵,ɦ,u̯o,³⁵,,,
31749,簅,ʂɰɛn³⁵,ʂɰ,ɛn,³⁵,,,
31750,簆,kʰu³¹,kʰ,u,³¹,,,
31751,簇,tsʰuk³̲³̲,tsʰ,uk̲̲,³,sh,o,̠ɡ
31752,簈,,,,,,,
31753,簉,tʂʰɨu³¹,tʂʰ,ɨu,³¹,skhr,u,ɡs
31754,簊,,,,,,,
31755,簋,kʷɰi³⁵,kʷɰ,i,³⁵,kʷr,ɯ,ʔ
31756,簌,,,,,,,
31757,簍,lu³³,l,u,³³,ɡ,ə,r
31758,簎,dziᴇk³̲³̲,dz,iᴇk̲̲,³,shr,a,̠ɡ
31759,簏,luk³̲³̲,l,uk̲̲,³,b,ə,r
31760,簐,,,,,,,
31761,簑,,,,,sl,o,̠l
31762,簒,,,,,,,
31763,簓,,,,,,,
31764,簔,,,,,,,
31765,簕,,,,,,,
31766,簖,,,,,,,
31767,簗,,,,,,,
31768,簘,,,,,,,
31769,簙,pɑk³̲³̲,p,ɑk̲̲,³,p,a,̠ɡ
31770,簚,met³̲³̲,m,et̲̲,³,m,e,̠d
31771,簛,ʂiᴇ³³,ʂ,iᴇ,³³,,,
31772,簜,tʰɑŋ³³,tʰ,ɑŋ,³³,kh‧l,a,̠ŋ
31773,簝,lɑu³³,l,ɑu,³³,ɡ,ə,r
31774,簞,tɑn³³,t,ɑn,³³,t,a,̠n
31775,簟,dem³¹,d,em,³¹,ɡ‧l,ɯ,̠mʔ
31776,簠,pjʊ³⁵,pj,ʊ,³⁵,ph,a,s
31777,簡,kɰɛn³⁵,kɰ,ɛn,³⁵,kr,e,̠nʔ
31778,簢,,,,,mr,ɯ,nʔ
31779,簣,ɡʷɰi³¹,ɡʷɰ,i,³¹,ɡr,u,ds
31780,簤,sɰɛi³⁵,sɰ,ɛi,³⁵,,,
31781,簥,kɰiᴇu³³,kɰ,iᴇu,³³,kr,e,w
31782,簦,təŋ³³,t,əŋ,³³,t,ɯ,̠ŋ
31783,簧,ɦʷɑŋ³³,ɦʷ,ɑŋ,³³,ɡʷ,a,̠ŋ
31784,簨,sʷin³⁵,sʷ,in,³⁵,skl,u,nʔ
31785,簩,lɑu³³,l,ɑu,³³,,,
31786,簪,tsəm³³,ts,əm,³³,skr,u,m
31787,簫,seu³³,s,eu,³³,sl,ɯ,̠w
31788,簬,lu̯o³¹,l,u̯o,³¹,ɡ,ə,r
31789,簭,dʑiᴇi³¹,dʑ,iᴇi,³¹,dj,a,ds
31790,簮,,,,,,,
31791,簯,,,,,,,
31792,簰,,,,,,,
31793,簱,,,,,,,
31794,簲,,,,,,,
31795,簳,kɑn³¹,k,ɑn,³¹,,,
31796,簴,,,,,ɡ,a,ʔ
31797,簵,lu̯o³¹,l,u̯o,³¹,ɡ,ə,r
31798,簶,luk³̲³̲,l,uk̲̲,³,,,
31799,簷,jiᴇm³³,j,iᴇm,³³,ɢl,a,m
31800,簸,pʷɑ³¹,pʷ,ɑ,³¹,p,a,̠lʔ
31801,簹,tɑŋ³³,t,ɑŋ,³³,k‧l,a,̠ŋ
31802,簺,səi³¹,s,əi,³¹,sqh,ɯ,̠ɡs
31803,簻,ʈʷɰæ³³,ʈʷɰæ,,³³,k‧r,o,̠l
31804,簼,,,,,,,
31805,簽,tsʰiᴇm³³,tsʰ,iᴇm,³³,skh,o,m
31806,簾,liᴇm³³,l,iᴇm,³³,ɡ,ə,r
31807,簿,bu̯o³⁵,b,u̯o,³⁵,b,a,̠ʔ
31808,籀,ɖɨu³¹,ɖ,ɨu,³¹,b‧l,ɯ,wɡs
31809,籁,,,,,,,
31810,籂,,,,,,,
31811,籃,lɑm³³,l,ɑm,³³,ɡ,ə,r
31812,籄,ɡʷɰi³¹,ɡʷɰ,i,³¹,,,
31813,籅,jɤ³³,j,ɤ,³³,ɢl,a,
31814,籆,ɦʲʷjak³̲³̲,ɦʲʷj,ak̲̲,³,ɢʷ,a,ɡ
31815,籇,,,,,,,
31816,籈,tɕin³³,tɕ,in,³³,k,e,n
31817,籉,dəi³³,d,əi,³³,,,
31818,籊,dek³̲³̲,d,ek̲̲,³,ɡ‧l,e,̠wɡ
31819,籋,ɳip³̲³̲,ɳ,ip̲̲,³,m‧l,e,̠b
31820,籌,ɖɨu³³,ɖ,ɨu,³³,ɡ‧l,u,
31821,籍,dziᴇk³̲³̲,dz,iᴇk̲̲,³,z,a,ɡ
31822,籎,,,,,,,
31823,籏,,,,,,,
31824,籐,dəŋ³³,d,əŋ,³³,,,
31825,籑,,,,,sɡr,o,ns
31826,籒,,,,,,,
31827,籓,pʷjɤn³³,pʷj,ɤn,³³,p,a,n
31828,籔,ʂjʊ³⁵,ʂj,ʊ,³⁵,skl,o,̠ʔ
31829,籕,,,,,,,
31830,籖,,,,,,,
31831,籗,dʐɰɔk³̲³̲,dʐɰɔk̲̲,,³,khʷ,a,̠ɡ
31832,籘,,,,,,,
31833,籙,,,,,b,ə,r
31834,籚,lu̯o³³,l,u̯o,³³,ɡ,ə,r
31835,籛,tsiᴇn³¹,ts,iᴇn,³¹,s,e,ns
31836,籜,tʰɑk³̲³̲,tʰ,ɑk̲̲,³,kh‧l,a,̠ɡ
31837,籝,jiᴇŋ³³,j,iᴇŋ,³³,l,e,ŋ
31838,籞,ŋjɤ³⁵,ŋj,ɤ,³⁵,ŋ,a,ʔ
31839,籟,lɑi³¹,l,ɑi,³¹,b,ə,r
31840,籠,luŋ³⁵,l,uŋ,³⁵,ɡ,ə,r
31841,籡,,,,,,,
31842,籢,liᴇm³³,l,iᴇm,³³,ɡ,ə,r
31843,籣,lɑn³³,l,ɑn,³³,ɡ,ə,r
31844,籤,tsʰiᴇm³³,tsʰ,iᴇm,³³,sh,e,m
31845,籥,jak³̲³̲,j,ak̲̲,³,l,o,wɡ
31846,籦,tɕjʊŋ³³,tɕj,ʊŋ,³³,tj,o,ŋ
31847,籧,ɡjɤ³³,ɡj,ɤ,³³,ɡl,a,
31848,籨,,,,,,,
31849,籩,pen³³,p,en,³³,p,e,̠n
31850,籪,,,,,,,
31851,籫,tsʷɑn³⁵,tsʷ,ɑn,³⁵,,,
31852,籬,liᴇ³³,l,iᴇ,³³,b,ə,r
31853,籭,ʂɰiᴇ³⁵,ʂɰ,iᴇ,³⁵,spr,e,l
31854,籮,lɑ³³,l,ɑ,³³,r,a,̠l
31855,籯,,,,,l,e,ŋ
31856,籰,ɦʲʷjak³̲³̲,ɦʲʷj,ak̲̲,³,,,
31857,籱,ʈɰɔk³̲³̲,ʈɰɔk̲̲,,³,k‧r,u,̠ɡ
31858,籲,,,,,l,o,ɡs
31859,米,,,,,m,i,̠ʔ
31860,籴,dek³̲³̲,d,ek̲̲,³,,,
31861,籵,,,,,,,
31862,籶,,,,,,,
31863,籷,ʈɰæk³̲³̲,ʈɰæk̲̲,,³,,,
31864,籸,ʂɪn³³,ʂ,ɪn,³³,sr,i,n
31865,籹,ȵjɤ³⁵,ȵj,ɤ,³⁵,n,a,ʔ
31866,籺,ɦət³̲³̲,ɦ,ət̲̲,³,ɡ,ɯ,̠d
31867,类,lʷi³¹,lʷ,i,³¹,,,
31868,籼,siᴇn³³,s,iᴇn,³³,,,
31869,籽,,,,,,,
31870,籾,,,,,,,
31871,籿,,,,,,,
31872,粀,,,,,,,
31873,粁,,,,,,,
31874,粂,,,,,,,
31875,粃,bi³³,b,i,³³,p,i,ʔ
31876,粄,pʷɑn³⁵,pʷ,ɑn,³⁵,,,
31877,粅,mjut³̲³̲,mj,ut̲̲,³,,,
31878,粆,ʂɰæ³³,ʂɰæ,,³³,,,
31879,粇,kʰɑŋ³³,kʰ,ɑŋ,³³,,,
31880,粈,ȵɨu³⁵,ȵ,ɨu,³⁵,mlj,u,ʔ
31881,粉,pjun³⁵,pj,un,³⁵,p,ɯ,nʔ
31882,粊,pɰi³¹,pɰ,i,³¹,pr,i,s
31883,粋,,,,,,,
31884,粌,,,,,,,
31885,粍,,,,,,,
31886,粎,,,,,,,
31887,粏,,,,,,,
31888,粐,,,,,,,
31889,粑,,,,,,,
31890,粒,lip³̲³̲,l,ip̲̲,³,r,ɯ,b
31891,粓,kɑm³³,k,ɑm,³³,,,
31892,粔,ɡjɤ³⁵,ɡj,ɤ,³⁵,ɡ,a,ʔ
31893,粕,pʰɰæk³̲³̲,pʰɰæk̲̲,,³,ph,a,̠ɡ
31894,粖,mɑt³̲³̲,m,ɑt̲̲,³,m,a,̠d
31895,粗,tsʰu̯o³³,tsʰ,u̯o,³³,skh,a,̠
31896,粘,ɳiᴇm³³,ɳ,iᴇm,³³,mɡl,e,m
31897,粙,ɖɨu³¹,ɖ,ɨu,³¹,,,
31898,粚,ʈʰiᴇ³³,ʈʰ,iᴇ,³³,,,
31899,粛,,,,,,,
31900,粜,tʰeu³¹,tʰ,eu,³¹,,,
31901,粝,,,,,,,
31902,粞,sei³¹,s,ei,³¹,,,
31903,粟,sjʊk³̲³̲,sj,ʊk̲̲,³,sl,o,ɡ
31904,粠,,,,,,,
31905,粡,duŋ³³,d,uŋ,³³,,,
31906,粢,tsi³³,ts,i,³³,s,i,
31907,粣,tʂʰɰɛk³̲³̲,tʂʰɰ,ɛk̲̲,³,,,
31908,粤,ɦʲʷjɤt³̲³̲,ɦʲʷj,ɤt̲̲,³,ɢʷ,a,d
31909,粥,juk³̲³̲,j,uk̲̲,³,klj,u,ɡ
31910,粦,,,,,r,i,ns
31911,粧,,,,,,,
31912,粨,,,,,,,
31913,粩,,,,,,,
31914,粪,pjun³¹,pj,un,³¹,,,
31915,粫,,,,,,,
31916,粬,,,,,,,
31917,粭,,,,,,,
31918,粮,ljaŋ³³,lj,aŋ,³³,r,a,ŋ
31919,粯,ɦɰɛn³¹,ɦɰ,ɛn,³¹,,,
31920,粰,bɨu³³,b,ɨu,³³,,,
31921,粱,ljaŋ³³,lj,aŋ,³³,ɡ,ə,r
31922,粲,,,,,sh,a,̠ns
31923,粳,kɰæŋ³³,kɰæŋ,,³³,kr,a,̠ŋ
31924,粴,,,,,,,
31925,粵,ɦʲʷjɤt³̲³̲,ɦʲʷj,ɤt̲̲,³,,,
31926,粶,luk³̲³̲,l,uk̲̲,³,,,
31927,粷,,,,,,,
31928,粸,ɡɨ³³,ɡ,ɨ,³³,,,
31929,粹,su̯oi³¹,s,u̯oi,³¹,sl,u,ds
31930,粺,bɰæ³¹,bɰæ,,³¹,br,e,̠s
31931,粻,ʈjaŋ³³,ʈj,aŋ,³³,k‧l,a,ŋ
31932,粼,lin³¹,l,in,³¹,r,i,ns
31933,粽,tsuŋ³¹,ts,uŋ,³¹,,,
31934,精,tsiᴇŋ³¹,ts,iᴇŋ,³¹,s,e,ŋs
31935,粿,ɦʷɰæ³⁵,ɦʷɰæ,,³⁵,,,
31936,糀,,,,,,,
31937,糁,,,,,,,
31938,糂,səm³⁵,s,əm,³⁵,skl,u,̠mʔ
31939,糃,dɑŋ³³,d,ɑŋ,³³,,,
31940,糄,pen³³,p,en,³³,,,
31941,糅,ɳɨu³¹,ɳ,ɨu,³¹,m‧l,u,s
31942,糆,,,,,,,
31943,糇,ɦu³³,ɦ,u,³³,ɡ,o,̠
31944,糈,sjɤ³³,sj,ɤ,³³,sŋ,a,ʔ
31945,糉,tsuŋ³¹,ts,uŋ,³¹,,,
31946,糊,ɦu̯o³³,ɦ,u̯o,³³,,,
31947,糋,tsiᴇn³¹,ts,iᴇn,³¹,,,
31948,糌,,,,,,,
31949,糍,,,,,,,
31950,糎,,,,,,,
31951,糏,set³̲³̲,s,et̲̲,³,,,
31952,糐,pʰjʊ³³,pʰj,ʊ,³³,,,
31953,糑,nek³̲³̲,n,ek̲̲,³,,,
31954,糒,bɰi³¹,bɰ,i,³¹,br,ɯ,ɡs
31955,糓,kuk³̲³̲,k,uk̲̲,³,,,
31956,糔,sɑu³⁵,s,ɑu,³⁵,sl,u,ʔ
31957,糕,kɑu³³,k,ɑu,³³,,,
31958,糖,dɑŋ³³,d,ɑŋ,³³,,,
31959,糗,kʰɨu³⁵,kʰ,ɨu,³⁵,kh,u,ʔ
31960,糘,,,,,,,
31961,糙,tsʰɑu³¹,tsʰ,ɑu,³¹,,,
31962,糚,tʂjaŋ³¹,tʂj,aŋ,³¹,,,
31963,糛,dɑŋ³³,d,ɑŋ,³³,,,
31964,糜,mɰiᴇ³³,mɰ,iᴇ,³³,mr,a,l
31965,糝,səm³³,s,əm,³³,sl,u,̠mʔ
31966,糞,pjun³¹,pj,un,³¹,p,ɯ,ns
31967,糟,tsɑu³³,ts,ɑu,³³,sk,u,̠
31968,糠,kʰɑŋ³³,kʰ,ɑŋ,³³,khl,a,̠ŋ
31969,糡,,,,,,,
31970,糢,,,,,,,
31971,糣,səm³⁵,s,əm,³⁵,sqh,u,̠mʔ
31972,糤,sɑn³⁵,s,ɑn,³⁵,,,
31973,糥,,,,,,,
31974,糦,hɨ³³,h,ɨ,³³,khj,ɯ,s
31975,糧,ljaŋ³³,lj,aŋ,³³,ɡ,ə,r
31976,糨,,,,,,,
31977,糩,kʰʷɑi³¹,kʰʷ,ɑi,³¹,,,
31978,糪,pɰɛk³̲³̲,pɰ,ɛk̲̲,³,pr,e,̠ɡ
31979,糫,ɦʷɰæn³³,ɦʷɰæn,,³³,,,
31980,糬,,,,,,,
31981,糭,,,,,,,
31982,糮,ɦɰæm³⁵,ɦɰæm,,³⁵,,,
31983,糯,nʷɑ³¹,nʷ,ɑ,³¹,n,o,̠ls
31984,糰,dʷɑn³³,dʷ,ɑn,³³,,,
31985,糱,ŋʷɰiᴇt³̲³̲,ŋʷɰ,iᴇt̲̲,³,ŋɡr,e,d
31986,糲,liᴇi³¹,l,iᴇi,³¹,b,ə,r
31987,糳,tsɑk³̲³̲,ts,ɑk̲̲,³,s,o,̠wɡ
31988,糴,dek³̲³̲,d,ek̲̲,³,ɡ‧l,e,̠wɡ
31989,糵,ŋʷɰiᴇt³̲³̲,ŋʷɰ,iᴇt̲̲,³,ŋɡr,e,d
31990,糶,tʰeu³¹,tʰ,eu,³¹,kh‧l,e,̠wɡs
31991,糷,lɑn³³,l,ɑn,³³,ɡ,ə,r
31992,糸,mek³̲³̲,m,ek̲̲,³,m,e,̠ɡ
31993,糹,,,,,,,
31994,糺,kju³⁵,kj,u,³⁵,kr,ɯ,wʔ
31995,系,ɦei³¹,ɦ,ei,³¹,ɡ,e,̠ɡs
31996,糼,kuŋ³³,k,uŋ,³³,,,
31997,糽,ʈɰæŋ³⁵,ʈɰæŋ,,³⁵,,,
31998,糾,kju³⁵,kj,u,³⁵,kr,ɯ,wʔ
31999,糿,,,,,,,
32000,紀,kɨ³⁵,k,ɨ,³⁵,k,ɯ,ʔ
32001,紁,,,,,,,
32002,紂,ɖɨu³⁵,ɖ,ɨu,³⁵,ɡ‧r,u,ʔ
32003,紃,ʑʷin³³,ʑʷ,in,³³,sɢlj,u,n
32004,約,ʔjak³̲³̲,ʔj,ak̲̲,³,qpl,e,wɡs
32005,紅,kuŋ³³,k,uŋ,³³,ɡ,o,̠ŋ
32006,紆,ʔjʊ³³,ʔj,ʊ,³³,qʷ,a,
32007,紇,ɦət³̲³̲,ɦ,ət̲̲,³,ɡ,ɯ,̠d
32008,紈,ɦʷɑn³³,ɦʷ,ɑn,³³,ɡl,o,̠n
32009,紉,ɳin³³,ɳ,in,³³,n,ɯ,n
32010,紊,mjun³¹,mj,un,³¹,m,ɯ,ns
32011,紋,mjun³³,mj,un,³³,m,ɯ,n
32012,紌,,,,,,,
32013,納,nəp³̲³̲,n,əp̲̲,³,n,u,̠b
32014,紎,,,,,,,
32015,紏,tʰu³⁵,tʰ,u,³⁵,kr,ɯ,wʔ
32016,紐,ɳɨu³⁵,ɳ,ɨu,³⁵,m‧l,u,ʔ
32017,紑,pʰjʊ³³,pʰj,ʊ,³³,p,ɯ,
32018,紒,kɰɛi³¹,kɰ,ɛi,³¹,k,e,̠ds
32019,紓,ɕjɤ³³,ɕj,ɤ,³³,ɢlj,a,ʔ
32020,純,ʑʷin³³,ʑʷ,in,³³,klj,u,nʔ
32021,紕,pi³¹,p,i,³¹,ph,i,
32022,紖,,,,,ɡ‧l,i,nʔ
32023,紗,ʂɰæ³³,ʂɰæ,,³³,sr,a,̠l
32024,紘,ɦʷɰɛŋ³³,ɦʷɰ,ɛŋ,³³,ɡʷr,ɯ,̠ŋ
32025,紙,tɕiᴇ³⁵,tɕ,iᴇ,³⁵,kj,e,ʔ
32026,級,kip³̲³̲,k,ip̲̲,³,kr,ɯ,b
32027,紛,pʰjun³³,pʰj,un,³³,ph,ɯ,n
32028,紜,ɦʲjun³³,ɦʲj,un,³³,ɢʷ,ɯ,n
32029,紝,ȵim³¹,ȵ,im,³¹,mblj,u,ms
32030,紞,tɑm³⁵,t,ɑm,³⁵,k‧l,o,̠mʔ
32031,紟,ɡɰiᴇm³³,ɡɰ,iᴇm,³³,ɡr,ɯ,ms
32032,素,su̯o³¹,s,u̯o,³¹,sl,a,̠s
32033,紡,pʰʷjaŋ³⁵,pʰʷj,aŋ,³⁵,ph,a,ŋʔ
32034,索,ʂɰjæk³̲³̲,ʂɰjæk̲̲,,³,sl,a,̠ɡ
32035,紣,,,,,,,
32036,紤,,,,,,,
32037,紥,,,,,,,
32038,紦,,,,,,,
32039,紧,kin³⁵,k,in,³⁵,,,
32040,紨,bjʊ³³,bj,ʊ,³³,ph,o,
32041,紩,ɖit³̲³̲,ɖ,it̲̲,³,ɡ‧l,i,ɡ
32042,紪,,,,,,,
32043,紫,tsiᴇ³⁵,ts,iᴇ,³⁵,s,e,ʔ
32044,紬,ʈʰɨu³³,ʈʰ,ɨu,³³,ɡ‧l,ɯ,w
32045,紭,ɦʷɰɛŋ³³,ɦʷɰ,ɛŋ,³³,ɡʷr,ɯ,̠ŋ
32046,紮,tʂɰɛt³̲³̲,tʂɰ,ɛt̲̲,³,,,
32047,累,lʷiᴇ³¹,lʷ,iᴇ,³¹,r,o,lʔ
32048,細,sei³¹,s,ei,³¹,sl,ɯ,̠ls
32049,紱,pjut³̲³̲,pj,ut̲̲,³,p,u,d
32050,紲,siᴇt³̲³̲,s,iᴇt̲̲,³,skl,e,d
32051,紳,ɕin³³,ɕ,in,³³,l̥,i,n
32052,紴,bɰiᴇ³¹,bɰ,iᴇ,³¹,phr,a,lʔ
32053,紵,ɖjɤ³⁵,ɖj,ɤ,³⁵,d,a,ʔ
32054,紶,kʰjɤ³⁵,kʰj,ɤ,³⁵,kh,a,ʔ
32055,紷,leŋ³³,l,eŋ,³³,,,
32056,紸,,,,,tj,o,s
32057,紹,dʑiᴇu³⁵,dʑ,iᴇu,³⁵,dj,e,wʔ
32058,紺,kəm³¹,k,əm,³¹,k,ɯ,̠ms
32059,紻,ʔjaŋ³⁵,ʔj,aŋ,³⁵,q,a,ŋʔ
32060,紼,pjut³̲³̲,pj,ut̲̲,³,p,ɯ,d
32061,紽,dɑ³³,d,ɑ,³³,l,a,̠l
32062,紾,ɖiᴇn³⁵,ɖ,iᴇn,³⁵,klj,ɯ,nʔ
32063,紿,dəi³⁵,d,əi,³⁵,ɡ‧l,ɯ,̠ʔ
32064,絀,ʈʷit³̲³̲,ʈʷ,it̲̲,³,k‧l,u,d
32065,絁,ɕiᴇ³³,ɕ,iᴇ,³³,,,
32066,終,tɕjuŋ³³,tɕj,uŋ,³³,tj,u,ŋ
32067,絃,ɦen³³,ɦ,en,³³,ɡ,i,̠n
32068,組,tsu̯o³⁵,ts,u̯o,³⁵,sk,a,̠ʔ
32069,絅,kʰʷeŋ³³,kʰʷ,eŋ,³³,kʷ,e,̠ŋ
32070,絆,pʷɑn³¹,pʷ,ɑn,³¹,p,a,̠ns
32071,絇,kjʊ³¹,kj,ʊ,³¹,k,o,s
32072,絈,mɰæk³̲³̲,mɰæk̲̲,,³,,,
32073,絉,,,,,,,
32074,絊,,,,,,,
32075,絋,,,,,,,
32076,経,,,,,,,
32077,絍,ȵim³³,ȵ,im,³³,,,
32078,絎,ɦɰæŋ³¹,ɦɰæŋ,,³¹,,,
32079,絏,siᴇt³̲³̲,s,iᴇt̲̲,³,l̥j,e,d
32080,結,ɦei³¹,ɦ,ei,³¹,k,i,̠d
32081,絑,ʈjʊ³³,ʈj,ʊ,³³,tj,o,
32082,絒,,,,,,,
32083,絓,kʷɰɛ³¹,kʷɰ,ɛ,³¹,khʷr,e,̠
32084,絔,,,,,,,
32085,絕,dzʷiᴇt³̲³̲,dzʷ,iᴇt̲̲,³,,,
32086,絖,kʰʷɑŋ³¹,kʰʷ,ɑŋ,³¹,khʷ,a,̠ŋs
32087,絗,ɦu̯ot³̲³̲,ɦ,u̯ot̲̲,³,,,
32088,絘,tsi³³,ts,i,³³,sh,i,s
32089,絙,ɦʷɑn³³,ɦʷ,ɑn,³³,ɢ,o,̠n
32090,絚,kəŋ³³,k,əŋ,³³,,,
32091,絛,tʰɑu³³,tʰ,ɑu,³³,kh‧l,ɯ,̠w
32092,絜,ɦet³̲³̲,ɦ,et̲̲,³,k,e,̠d
32093,絝,kʰu̯o³¹,kʰ,u̯o,³¹,khʷ,a,̠s
32094,絞,keu³⁵,k,eu,³⁵,kr,e,̠wʔ
32095,絟,tsʰʷiᴇn³³,tsʰʷ,iᴇn,³³,skh,o,d
32096,絠,kəi³⁵,k,əi,³⁵,k,ɯ,̠ʔ
32097,絡,lɑk³̲³̲,l,ɑk̲̲,³,ɡ,ə,r
32098,絢,sʷin³³,sʷ,in,³³,qhʷ,i,̠ns
32099,絣,pʰɰɛŋ³⁵,pʰɰ,ɛŋ,³⁵,pr,e,̠ŋ
32100,絤,siᴇn³¹,s,iᴇn,³¹,,,
32101,絥,bɰi³¹,bɰ,i,³¹,br,ɯ,ɡs
32102,給,ɦɰɛp³̲³̲,ɦɰ,ɛp̲̲,³,kr,u,b
32103,絧,tʰuŋ³³,tʰ,uŋ,³³,d,o,̠ŋs
32104,絨,ȵjuŋ³³,ȵj,uŋ,³³,,,
32105,絩,tʰeu³¹,tʰ,eu,³¹,kh‧l,e,̠ws
32106,絪,ʔin³³,ʔ,in,³³,q,i,n
32107,絫,lʷiᴇ³⁵,lʷ,iᴇ,³⁵,r,o,lʔ
32108,絬,siᴇt³̲³̲,s,iᴇt̲̲,³,spl,e,d
32109,絭,kʰʷjɤn³¹,kʰʷj,ɤn,³¹,khr,o,ns
32110,絮,ɳjɤ³³,ɳj,ɤ,³³,n̥,a,s
32111,絯,ɦɰɛi³⁵,ɦɰ,ɛi,³⁵,k,ɯ,̠
32112,絰,det³̲³̲,d,et̲̲,³,ɡ‧l,i,̠ɡ
32113,統,tʰu̯oŋ³¹,tʰ,u̯oŋ,³¹,th,u,̠ŋs
32114,絲,sɨ³³,s,ɨ,³³,sl,ɯ,
32115,絳,kɰɔŋ³¹,kɰɔŋ,,³¹,kr,u,̠ŋs
32116,絴,,,,,,,
32117,絵,,,,,,,
32118,絶,tsʷiᴇt³̲³̲,tsʷ,iᴇt̲̲,³,z,o,d
32119,絷,,,,,,,
32120,絸,ken³⁵,k,en,³⁵,k,e,̠nʔ
32121,絹,ɦʷen³¹,ɦʷ,en,³¹,kʷ,e,ns
32122,絺,ʈi³⁵,ʈ,i,³⁵,kh‧l,ɯ,l
32123,絻,mɰiᴇn³⁵,mɰ,iᴇn,³⁵,mr,o,nʔ
32124,絼,,,,,d,i,ŋʔ
32125,絽,ljɤ³⁵,lj,ɤ,³⁵,,,
32126,絾,,,,,,,
32127,絿,ɡɨu³³,ɡ,ɨu,³³,ɡ,u,
32128,綀,ʂjɤ³³,ʂj,ɤ,³³,sŋr,a,
32129,綁,,,,,,,
32130,綂,,,,,,,
32131,綃,siᴇu³³,s,iᴇu,³³,spr,e,̠w
32132,綄,ʔʷɰæn³¹,ʔʷɰæn,,³¹,ɡ,o,̠nʔ
32133,綅,siᴇm³³,s,iᴇm,³³,skh,i,m
32134,綆,piᴇn³⁵,p,iᴇn,³⁵,kr,a,̠ŋʔ
32135,綇,sɨu³⁵,s,ɨu,³⁵,,,
32136,綈,dei³³,d,ei,³³,ɡ‧l,i,̠l
32137,綉,tʰu³¹,tʰ,u,³¹,sl,ɯ,ws
32138,綊,ɦep³̲³̲,ɦ,ep̲̲,³,ɡ,e,̠b
32139,綋,,,,,,,
32140,綌,kʰɰjæk³̲³̲,kʰɰjæk̲̲,,³,khr,a,ɡ
32141,綍,pjut³̲³̲,pj,ut̲̲,³,p,ɯ,d
32142,綎,deŋ³³,d,eŋ,³³,ɡ‧l,e,̠ŋ
32143,綏,hʷiᴇ³¹,hʷ,iᴇ,³¹,sn,u,l
32144,綐,dʷɑi³¹,dʷ,ɑi,³¹,ɡ‧l,o,̠ds
32145,綑,kʰu̯on³⁵,kʰ,u̯on,³⁵,kh,u,̠nʔ
32146,綒,pʰjʊ³³,pʰj,ʊ,³³,,,
32147,經,keŋ³³,k,eŋ,³³,k,e,̠ŋ
32148,綔,ɦu̯o³¹,ɦ,u̯o,³¹,,,
32149,綕,tɕɨ³¹,tɕ,ɨ,³¹,,,
32150,綖,siᴇn³¹,s,iᴇn,³¹,l,a,n
32151,綗,,,,,,,
32152,綘,bjʊŋ³³,bj,ʊŋ,³³,kr,o,̠ms
32153,継,,,,,,,
32154,続,,,,,,,
32155,綛,,,,,,,
32156,綜,tsəŋ³¹,ts,əŋ,³¹,s,u,̠ŋs
32157,綝,ʈʰim³³,ʈʰ,im,³³,kh‧r,ɯ,m
32158,綞,tʷɑ³⁵,tʷ,ɑ,³⁵,t,o,̠lʔ
32159,綟,lei³¹,l,ei,³¹,r,ɯ,̠d
32160,綠,ljʊk³̲³̲,lj,ʊk̲̲,³,b,ə,r
32161,綡,ljaŋ³³,lj,aŋ,³³,,,
32162,綢,ɖɨu³³,ɖ,ɨu,³³,kh‧l,u,̠w
32163,綣,kʰʷjɤn³¹,kʰʷj,ɤn,³¹,kh,o,ns
32164,綤,dʑiᴇu³⁵,dʑ,iᴇu,³⁵,dj,e,wʔ
32165,綥,,,,,ɡ,ɯ,
32166,綦,ɡɨ³¹,ɡ,ɨ,³¹,ɡ,ɯ,
32167,綧,tɕʷin³⁵,tɕʷ,in,³⁵,klj,u,ns
32168,綨,ɡɨ³³,ɡ,ɨ,³³,ɡ,ɯ,
32169,綩,ʔʷjɤn³⁵,ʔʷj,ɤn,³⁵,,,
32170,綪,tʂɰɛŋ³³,tʂɰ,ɛŋ,³³,sh,e,̠ns
32171,綫,siᴇn³¹,s,iᴇn,³¹,sl,e,ns
32172,綬,dʑɨu³¹,dʑ,ɨu,³¹,dj,u,ʔ
32173,維,jʷi³³,jʷ,i,³³,ɢ,u,l
32174,綮,kʰei³⁵,kʰ,ei,³⁵,kh,e,̠ʔ
32175,綯,dɑu³³,d,ɑu,³³,b‧l,u,̠
32176,綰,kʷɑn³¹,kʷ,ɑn,³¹,qr,o,̠nʔ
32177,綱,kɑŋ³³,k,ɑŋ,³³,kl,a,̠ŋ
32178,網,mʷjaŋ³⁵,mʷj,aŋ,³⁵,m,a,ŋʔ
32179,綳,pɰɛŋ³³,pɰ,ɛŋ,³³,,,
32180,綴,ʈʷiᴇt³̲³̲,ʈʷ,iᴇt̲̲,³,t,o,d
32181,綵,tsʰəi³⁵,tsʰ,əi,³⁵,sh,ɯ,̠ʔ
32182,綶,,,,,,,
32183,綷,tsʰʷi³¹,tsʰʷ,i,³¹,s,u,̠ds
32184,綸,lʷin³³,lʷ,in,³³,kr,u,̠n
32185,綹,lɨu³⁵,l,ɨu,³⁵,ɡ,ə,r
32186,綺,kʰɰiᴇ³⁵,kʰɰ,iᴇ,³⁵,khr,a,lʔ
32187,綻,ɖen³¹,ɖ,en,³¹,ɡ‧r,e,̠ns
32188,綼,biᴇ³³,b,iᴇ,³³,p,e,̠ɡ
32189,綽,tɕʰjak³̲³̲,tɕʰj,ak̲̲,³,khj,e,wɡ
32190,綾,lɨŋ³³,l,ɨŋ,³³,b,ə,r
32191,綿,miᴇn³³,m,iᴇn,³³,m,e,n
32192,緀,tsʰei³⁵,tsʰ,ei,³⁵,sh,i,̠l
32193,緁,dziᴇp³̲³̲,dz,iᴇp̲̲,³,sh,e,b
32194,緂,tɕʰiᴇm³³,tɕʰ,iᴇm,³³,khlj,a,m
32195,緃,,,,,s,o,ŋ
32196,緄,ku̯on³³,k,u̯on,³³,k,u,̠nʔ
32197,緅,tsjʊ³¹,tsj,ʊ,³¹,sk,o,s
32198,緆,jiᴇ³¹,j,iᴇ,³¹,l̥j,e,̠ɡ
32199,緇,tʂɨ³³,tʂ,ɨ,³³,sr,ɯ,
32200,緈,ɦeŋ³⁵,ɦ,eŋ,³⁵,ɡ,e,̠ŋʔ
32201,緉,ljaŋ³¹,lj,aŋ,³¹,r,a,ŋs
32202,緊,,,,,k,i,nʔ
32203,緋,pʷɨi³³,pʷ,ɨi,³³,p,ɯ,l
32204,緌,ȵʷi³³,ȵʷ,i,³³,mɡlj,u,l
32205,緍,mɰin³³,mɰ,in,³³,mr,u,n
32206,緎,ɦʲɨk³̲³̲,ɦʲ,ɨk̲̲,³,qhʷr,ɯ,ɡ
32207,総,,,,,,,
32208,緐,bʷjɤn³³,bʷj,ɤn,³³,b,a,n
32209,緑,,,,,b,ə,r
32210,緒,zjɤ³⁵,zj,ɤ,³⁵,sɢl,a,ʔ
32211,緓,,,,,,,
32212,緔,,,,,,,
32213,緕,,,,,,,
32214,緖,,,,,,,
32215,緗,sjaŋ³³,sj,aŋ,³³,sl,a,ŋ
32216,緘,kɰɛm³³,kɰ,ɛm,³³,kr,o,̠m
32217,緙,kʰɨk³̲³̲,kʰ,ɨk̲̲,³,,,
32218,線,siᴇn³¹,s,iᴇn,³¹,sqh,e,ns
32219,緛,ȵʷiᴇn³⁵,ȵʷ,iᴇn,³⁵,nj,o,nʔ
32220,緜,miᴇn³³,m,iᴇn,³³,m,e,n
32221,緝,tsʰip³̲³̲,tsʰ,ip̲̲,³,skh,i,b
32222,緞,dʷɑn³⁵,dʷ,ɑn,³⁵,d,o,̠nʔ
32223,緟,ɖjʊŋ³³,ɖj,ʊŋ,³³,d,o,ŋ
32224,締,ɖiᴇ³⁵,ɖ,iᴇ,³⁵,ɡ‧l,e,̠
32225,緡,,,,,mr,u,n
32226,緢,mɰæu³³,mɰæ,u,³³,mr,e,̠wʔ
32227,緣,,,,,ɢl,o,n
32228,緤,siᴇt³̲³̲,s,iᴇt̲̲,³,skl,e,d
32229,緥,pɑu³⁵,p,ɑu,³⁵,p,u,̠ʔ
32230,緦,sɨ³³,s,ɨ,³³,sl,ɯ,
32231,緧,dzɨu³³,dz,ɨu,³³,skh,u,
32232,編,pen³⁵,p,en,³⁵,p,e,̠n
32233,緩,kʰʷɑn³⁵,kʰʷ,ɑn,³⁵,ɡ,o,̠nʔ
32234,緪,kəŋ³¹,k,əŋ,³¹,k,ɯ,̠ŋs
32235,緫,hu̯on³⁵,h,u̯on,³⁵,sk,o,̠ŋʔ
32236,緬,miᴇn³⁵,m,iᴇn,³⁵,m,e,nʔ
32237,緭,ɦʲʷɨi³¹,ɦʲʷ,ɨi,³¹,ɢr,u,ds
32238,緮,,,,,,,
32239,緯,ɦʲʷɨi³⁵,ɦʲʷ,ɨi,³⁵,ɢʷ,ɯ,ls
32240,緰,tʰu³³,tʰ,u,³³,ɡ‧l,o,̠
32241,緱,ku³³,k,u,³³,k,o,̠
32242,緲,,,,,,,
32243,緳,ket³̲³̲,k,et̲̲,³,ɡ,e,̠d
32244,練,len³¹,l,en,³¹,ɡ,ə,r
32245,緵,tsuŋ³¹,ts,uŋ,³¹,sk,o,̠ŋ
32246,緶,pen³⁵,p,en,³⁵,b,e,n
32247,緷,ku̯on³⁵,k,u̯on,³⁵,ɢr,u,ns
32248,緸,ʔin³³,ʔ,in,³³,q,i,n
32249,緹,tʰei³⁵,tʰ,ei,³⁵,kh‧l,e,̠ʔ
32250,緺,kʷɑ³³,kʷ,ɑ,³³,kl,o,̠l
32251,緻,ɖi³¹,ɖ,i,³¹,ɡ‧l,i,ɡs
32252,緼,,,,,,,
32253,緽,ʈʰiᴇŋ³³,ʈʰ,iᴇŋ,³³,,,
32254,緾,ɖiᴇn³³,ɖ,iᴇn,³³,,,
32255,緿,dəi³⁵,d,əi,³⁵,,,
32256,縀,dʷɑn³⁵,dʷ,ɑn,³⁵,,,
32257,縁,jʷiᴇn³³,jʷ,iᴇn,³³,,,
32258,縂,,,,,,,
32259,縃,,,,,,,
32260,縄,,,,,,,
32261,縅,,,,,,,
32262,縆,kəŋ³³,k,əŋ,³³,k,ɯ,̠ŋs
32263,縇,,,,,,,
32264,縈,ʔʷiᴇŋ³³,ʔʷ,iᴇŋ,³³,qʷ,e,ŋ
32265,縉,,,,,s,i,ns
32266,縊,ʔiᴇ³¹,ʔ,iᴇ,³¹,q,e,̠ɡs
32267,縋,ɖʷiᴇ³¹,ɖʷ,iᴇ,³¹,d,o,ls
32268,縌,ŋɰjæk³̲³̲,ŋɰjæk̲̲,,³,ŋɡr,a,ɡ
32269,縍,pɑŋ³³,p,ɑŋ,³³,,,
32270,縎,ku̯ot³̲³̲,k,u̯ot̲̲,³,k,u,̠d
32271,縏,bʷɑn³³,bʷ,ɑn,³³,b,a,̠n
32272,縐,tʂjuk³̲³̲,tʂj,uk̲̲,³,shr,o,̠s
32273,縑,kem³³,k,em,³³,k,e,̠m
32274,縒,tsʰɑk³̲³̲,tsʰ,ɑk̲̲,³,sh,a,̠ɡ
32275,縓,tsʰʷɑn³¹,tsʰʷ,ɑn,³¹,sŋ̊,o,n
32276,縔,ʂjaŋ³⁵,ʂj,aŋ,³⁵,,,
32277,縕,ʔu̯on³⁵,ʔ,u̯on,³⁵,q,u,n
32278,縖,ɦɰæt³̲³̲,ɦɰæt̲̲,,³,,,
32279,縗,ʂʷi³³,ʂʷ,i,³³,sh,u,̠l
32280,縘,kʰei³³,kʰ,ei,³³,,,
32281,縙,ȵjʊŋ³⁵,ȵj,ʊŋ,³⁵,,,
32282,縚,tʰɑu³³,tʰ,ɑu,³³,l̥,u,̠
32283,縛,bʷjak³̲³̲,bʷj,ak̲̲,³,b,a,ɡ
32284,縜,ɦʲʷin³³,ɦʲʷ,in,³³,ɢr,u,n
32285,縝,ʈʰin³³,ʈʰ,in,³³,khj,i,n
32286,縞,kɑu³⁵,k,ɑu,³⁵,k,o,̠wʔ
32287,縟,ȵjʊŋ³⁵,ȵj,ʊŋ,³⁵,nj,o,ɡ
32288,縠,ɦuk³̲³̲,ɦ,uk̲̲,³,ɡl,o,̠ɡ
32289,縡,dzəi³¹,dz,əi,³¹,s,ɯ,̠s
32290,縢,dəŋ³³,d,əŋ,³³,ɡ‧l,ɯ,̠ŋ
32291,縣,ɦʷen³³,ɦʷ,en,³³,ɡʷ,e,̠ns
32292,縤,,,,,,,
32293,縥,,,,,,,
32294,縦,,,,,,,
32295,縧,,,,,,,
32296,縨,,,,,,,
32297,縩,tsʰəi³¹,tsʰ,əi,³¹,skh,ɯ,̠ɡs
32298,縪,pet³̲³̲,p,et̲̲,³,p,i,d
32299,縫,bjʊŋ³¹,bj,ʊŋ,³¹,b,o,ŋ
32300,縬,tsjuk³̲³̲,tsj,uk̲̲,³,,,
32301,縭,liᴇ³³,l,iᴇ,³³,b,ə,r
32302,縮,ʂjuk³̲³̲,ʂj,uk̲̲,³,sr,u,ɡ
32303,縯,jiᴇn³¹,j,iᴇn,³¹,l,i,nʔ
32304,縰,ʂɰɛ³⁵,ʂɰ,ɛ,³⁵,sr,e,lʔ
32305,縱,dzuŋ³³,dz,uŋ,³³,s,o,ŋs
32306,縲,lʷi³¹,lʷ,i,³¹,r,o,̠l
32307,縳,ŋʷiᴇn³¹,ŋʷ,iᴇn,³¹,d,o,ns
32308,縴,kʰen³³,kʰ,en,³³,,,
32309,縵,mʷɑn³¹,mʷ,ɑn,³¹,mr,o,̠ns
32310,縶,ʈip³̲³̲,ʈ,ip̲̲,³,k‧l,i,b
32311,縷,lu³³,l,u,³³,ɡ,ə,r
32312,縸,mɑk³̲³̲,m,ɑk̲̲,³,,,
32313,縹,pʰiᴇu³⁵,pʰ,iᴇu,³⁵,ph,e,wʔ
32314,縺,liᴇn³³,l,iᴇn,³³,,,
32315,縻,mɰiᴇ³⁵,mɰ,iᴇ,³⁵,mr,a,l
32316,縼,zʷiᴇn³¹,zʷ,iᴇn,³¹,sɢl,o,ns
32317,總,tsuŋ³⁵,ts,uŋ,³⁵,sk,o,̠ŋʔ
32318,績,tsek³̲³̲,ts,ek̲̲,³,s,e,̠ɡ
32319,縿,ʂəm³⁵,ʂ,əm,³⁵,sr,o,̠m
32320,繀,su̯oi³¹,s,u̯oi,³¹,skl,u,̠ls
32321,繁,bʷɑn³³,bʷ,ɑn,³³,b,a,̠l
32322,繂,lʷit³̲³̲,lʷ,it̲̲,³,r,u,d
32323,繃,pɰɛŋ³³,pɰ,ɛŋ,³³,pr,ɯ,̠ŋ
32324,繄,ʔei³³,ʔ,ei,³³,q,i,̠s
32325,繅,tsɑu³⁵,ts,ɑu,³⁵,sqh,a,̠w
32326,繆,leu³³,l,eu,³³,mɡr,ɯ,wɡ
32327,繇,ɖɨu³¹,ɖ,ɨu,³¹,l,ɯ,w
32328,繈,kjaŋ³⁵,kj,aŋ,³⁵,k,a,ŋʔ
32329,繉,,,,,,,
32330,繊,,,,,,,
32331,繋,,,,,,,
32332,繌,,,,,,,
32333,繍,,,,,,,
32334,繎,ȵiᴇn³³,ȵ,iᴇn,³³,nj,e,n
32335,繏,sjʊ³⁵,sj,ʊ,³⁵,skl,o,ns
32336,繐,sʷiᴇi³¹,sʷ,iᴇi,³¹,ɢʷ,i,̠ds
32337,繑,kʰeu³³,kʰ,eu,³³,kh,e,w
32338,繒,tsəŋ³¹,ts,əŋ,³¹,s,ɯ,̠ŋ
32339,繓,tsʷɑt³̲³̲,tsʷ,ɑt̲̲,³,,,
32340,織,tɕɨ³¹,tɕ,ɨ,³¹,klj,ɯ,ɡ
32341,繕,dʑiᴇn³¹,dʑ,iᴇn,³¹,dj,e,ns
32342,繖,,,,,sqh,a,̠ns
32343,繗,lin³³,l,in,³³,,,
32344,繘,kʷit³̲³̲,kʷ,it̲̲,³,kʷ,i,d
32345,繙,bʷɑn³³,bʷ,ɑn,³³,ph,a,n
32346,繚,liᴇu³¹,l,iᴇu,³¹,ɡ,ə,r
32347,繛,tɕʰjak³̲³̲,tɕʰj,ak̲̲,³,khj,e,wɡ
32348,繜,tsu̯on³³,ts,u̯on,³³,s,u,̠n
32349,繝,kɰɛn³¹,kɰ,ɛn,³¹,,,
32350,繞,ȵiᴇu³¹,ȵ,iᴇu,³¹,mɡlj,e,wʔ
32351,繟,tɕʰiᴇn³¹,tɕʰ,iᴇn,³¹,thj,a,nʔ
32352,繠,ȵʷiᴇ³⁵,ȵʷ,iᴇ,³⁵,mɡlj,o,lʔ
32353,繡,sɨu³¹,s,ɨu,³¹,sl,ɯ,wɡs
32354,繢,ɦu̯oi³⁵,ɦ,u̯oi,³⁵,ɡ,u,̠ls
32355,繣,ɦʷɰɛk³̲³̲,ɦʷɰ,ɛk̲̲,³,qhʷr,e,̠ɡ
32356,繤,tsʷɑn³⁵,tsʷ,ɑn,³⁵,,,
32357,繥,,,,,,,
32358,繦,kjaŋ³⁵,kj,aŋ,³⁵,k,a,ŋʔ
32359,繧,,,,,,,
32360,繨,,,,,,,
32361,繩,,,,,mbl,i,ŋʔ
32362,繪,kʷɑi³¹,kʷ,ɑi,³¹,ɡ,o,̠bs
32363,繫,kei³¹,k,ei,³¹,k,e,̠ɡs
32364,繬,ʂɨk³̲³̲,ʂ,ɨk̲̲,³,,,
32365,繭,ken³⁵,k,en,³⁵,k,e,̠nʔ
32366,繮,kjaŋ³³,kj,aŋ,³³,k,a,ŋ
32367,繯,ɦʷɰæn³¹,ɦʷɰæn,,³¹,ɢʷ,e,̠nʔ
32368,繰,tsʰiᴇu³⁵,tsʰ,iᴇu,³⁵,s,a,̠wʔ
32369,繱,tsuŋ³⁵,ts,uŋ,³⁵,skh,o,̠ŋ
32370,繲,kɰɛ³¹,kɰ,ɛ,³¹,kr,e,̠s
32371,繳,keu³⁵,k,eu,³⁵,klj,e,wɡ
32372,繴,pek³̲³̲,p,ek̲̲,³,p,e,̠ɡ
32373,繵,ɖiᴇn³³,ɖ,iᴇn,³³,d,a,̠nʔ
32374,繶,ʔɨk³̲³̲,ʔ,ɨk̲̲,³,q,ɯ,ɡ
32375,繷,ɳjʊŋ³⁵,ɳj,ʊŋ,³⁵,,,
32376,繸,zʷi³¹,zʷ,i,³¹,lj,u,ds
32377,繹,jiᴇk³̲³̲,j,iᴇk̲̲,³,ɢl,a,ɡ
32378,繺,,,,,,,
32379,繻,sjʊ³³,sj,ʊ,³³,nj,o,
32380,繼,ki³¹,k,i,³¹,k,e,̠ɡs
32381,繽,pʰin³³,pʰ,in,³³,ph,i,n
32382,繾,kʰiᴇn³¹,kʰ,iᴇn,³¹,kh,e,nʔ
32383,繿,lɑm³³,l,ɑm,³³,,,
32384,纀,puk³̲³̲,p,uk̲̲,³,p,o,̠ɡ
32385,纁,,,,,qh,u,n
32386,纂,tsʷɑn³⁵,tsʷ,ɑn,³⁵,sk,o,̠nʔ
32387,纃,,,,,,,
32388,纄,,,,,,,
32389,纅,lek³̲³̲,l,ek̲̲,³,ɢl,a,wɡ
32390,纆,mək³̲³̲,m,ək̲̲,³,m,ɯ,̠ɡ
32391,纇,lu̯oi³¹,l,u̯oi,³¹,r,u,̠ls
32392,纈,ɦet³̲³̲,ɦ,et̲̲,³,,,
32393,纉,tsʷɑn³⁵,tsʷ,ɑn,³⁵,,,
32394,纊,kʷɑŋ³¹,kʷ,ɑŋ,³¹,khʷ,a,̠ŋs
32395,纋,ʔu³³,ʔ,u,³³,ql,u,
32396,續,zjʊ³¹,zj,ʊ,³¹,sɢl,o,ɡ
32397,纍,lʷi³³,lʷ,i,³³,r,u,ls
32398,纎,,,,,,,
32399,纏,ɖiᴇn³³,ɖ,iᴇn,³³,d,a,n
32400,纐,,,,,,,
32401,纑,lu̯o³³,l,u̯o,³³,ɡ,ə,r
32402,纒,ɖiᴇn³¹,ɖ,iᴇn,³¹,,,
32403,纓,ʔiᴇŋ³³,ʔ,iᴇŋ,³³,q,e,ŋ
32404,纔,ʂɰæm³¹,ʂɰæm,,³¹,z,ɯ,̠
32405,纕,ȵjaŋ³³,ȵj,aŋ,³³,sl,a,ŋ
32406,纖,tsiᴇm³³,ts,iᴇm,³³,sl,e,m
32407,纗,ɦʷei³³,ɦʷ,ei,³³,ɢʷ,e,̠
32408,纘,,,,,s,o,̠nʔ
32409,纙,lɑ³¹,l,ɑ,³¹,,,
32410,纚,liᴇ³⁵,l,iᴇ,³⁵,spr,e,lʔ
32411,纛,du̯ok³̲³̲,d,u̯ok̲̲,³,d,u,̠ɡs
32412,纜,lɑm³¹,l,ɑm,³¹,ɡ,ə,r
32413,纝,lʷi³³,lʷ,i,³³,r,u,l
32414,纞,,,,,,,
32415,纟,,,,,,,
32416,纠,kju³⁵,kj,u,³⁵,,,
32417,纡,,,,,,,
32418,红,ɦuŋ³³,ɦ,uŋ,³³,,,
32419,纣,ɖɨu³⁵,ɖ,ɨu,³⁵,,,
32420,纤,siᴇm³³,s,iᴇm,³³,,,
32421,纥,,,,,,,
32422,约,ʔjak³̲³̲,ʔj,ak̲̲,³,,,
32423,级,kɰip³̲³̲,kɰ,ip̲̲,³,,,
32424,纨,ɦʷɑn³³,ɦʷ,ɑn,³³,,,
32425,纩,,,,,,,
32426,纪,kɨ³⁵,k,ɨ,³⁵,,,
32427,纫,,,,,,,
32428,纬,ɦʲʷɨi³¹,ɦʲʷ,ɨi,³¹,,,
32429,纭,,,,,,,
32430,纮,,,,,,,
32431,纯,dʑʷin³³,dʑʷ,in,³³,,,
32432,纰,pʰi³³,pʰ,i,³³,,,
32433,纱,ʂɰæ³³,ʂɰæ,,³³,,,
32434,纲,kɑŋ³³,k,ɑŋ,³³,,,
32435,纳,nəp³̲³̲,n,əp̲̲,³,,,
32436,纴,,,,,,,
32437,纵,tsjʊŋ³³,tsj,ʊŋ,³³,,,
32438,纶,,,,,,,
32439,纷,pʰjun³³,pʰj,un,³³,,,
32440,纸,tɕiᴇ³⁵,tɕ,iᴇ,³⁵,,,
32441,纹,mjun³³,mj,un,³³,,,
32442,纺,pʰʷjaŋ³⁵,pʰʷj,aŋ,³⁵,,,
32443,纻,ɖjɤ³⁵,ɖj,ɤ,³⁵,,,
32444,纼,,,,,,,
32445,纽,ɳɨu³⁵,ɳ,ɨu,³⁵,,,
32446,纾,,,,,,,
32447,线,siᴇn³¹,s,iᴇn,³¹,,,
32448,绀,,,,,,,
32449,绁,,,,,,,
32450,绂,,,,,,,
32451,练,len³¹,l,en,³¹,,,
32452,组,tsu̯o³⁵,ts,u̯o,³⁵,,,
32453,绅,,,,,,,
32454,细,sei³¹,s,ei,³¹,,,
32455,织,tɕɨk³̲³̲,tɕ,ɨk̲̲,³,,,
32456,终,tɕjuŋ³³,tɕj,uŋ,³³,,,
32457,绉,tʂɨu³¹,tʂ,ɨu,³¹,,,
32458,绊,pʷɑn³¹,pʷ,ɑn,³¹,,,
32459,绋,,,,,,,
32460,绌,,,,,,,
32461,绍,dʑiᴇu³⁵,dʑ,iᴇu,³⁵,,,
32462,绎,,,,,,,
32463,经,keŋ³³,k,eŋ,³³,,,
32464,绐,,,,,,,
32465,绑,,,,,,,
32466,绒,ȵjuŋ³³,ȵj,uŋ,³³,,,
32467,结,ket³̲³̲,k,et̲̲,³,,,
32468,绔,,,,,,,
32469,绕,ȵiᴇu³¹,ȵ,iᴇu,³¹,,,
32470,绖,,,,,,,
32471,绗,,,,,,,
32472,绘,ɦʷɑi³¹,ɦʷ,ɑi,³¹,,,
32473,给,kɰip³̲³̲,kɰ,ip̲̲,³,,,
32474,绚,,,,,,,
32475,绛,,,,,,,
32476,络,lɑk³̲³̲,l,ɑk̲̲,³,,,
32477,绝,dzʷiᴇt³̲³̲,dzʷ,iᴇt̲̲,³,,,
32478,绞,kɰæu³⁵,kɰæ,u,³⁵,,,
32479,统,tʰu̯oŋ³¹,tʰ,u̯oŋ,³¹,,,
32480,绠,,,,,,,
32481,绡,,,,,,,
32482,绢,kʷiᴇn³¹,kʷ,iᴇn,³¹,,,
32483,绣,sɨu³¹,s,ɨu,³¹,,,
32484,绤,,,,,,,
32485,绥,sʷi³³,sʷ,i,³³,,,
32486,绦,,,,,,,
32487,继,kei³¹,k,ei,³¹,,,
32488,绨,,,,,,,
32489,绩,tsek³̲³̲,ts,ek̲̲,³,,,
32490,绪,zjɤ³⁵,zj,ɤ,³⁵,,,
32491,绫,,,,,,,
32492,绬,,,,,,,
32493,续,zjʊk³̲³̲,zj,ʊk̲̲,³,,,
32494,绮,,,,,,,
32495,绯,,,,,,,
32496,绰,tɕʰjak³̲³̲,tɕʰj,ak̲̲,³,,,
32497,绱,,,,,,,
32498,绲,,,,,,,
32499,绳,ʑɨŋ³³,ʑ,ɨŋ,³³,,,
32500,维,jʷi³³,jʷ,i,³³,,,
32501,绵,miᴇn³³,m,iᴇn,³³,,,
32502,绶,,,,,,,
32503,绷,pɰɛŋ³³,pɰ,ɛŋ,³³,,,
32504,绸,ɖɨu³³,ɖ,ɨu,³³,,,
32505,绹,,,,,,,
32506,绺,,,,,,,
32507,绻,,,,,,,
32508,综,tsu̯oŋ³¹,ts,u̯oŋ,³¹,,,
32509,绽,ɖɰɛn³¹,ɖɰ,ɛn,³¹,,,
32510,绾,ʔʷɰæn³⁵,ʔʷɰæn,,³⁵,,,
32511,绿,ljʊk³̲³̲,lj,ʊk̲̲,³,,,
32512,缀,ʈʷiᴇi³¹,ʈʷ,iᴇi,³¹,,,
32513,缁,,,,,,,
32514,缂,,,,,,,
32515,缃,,,,,,,
32516,缄,,,,,,,
32517,缅,miᴇn³⁵,m,iᴇn,³⁵,,,
32518,缆,lɑm³¹,l,ɑm,³¹,,,
32519,缇,,,,,,,
32520,缈,,,,,,,
32521,缉,tsʰip³̲³̲,tsʰ,ip̲̲,³,,,
32522,缊,,,,,,,
32523,缋,,,,,,,
32524,缌,,,,,,,
32525,缍,,,,,,,
32526,缎,,,,,,,
32527,缏,,,,,,,
32528,缐,,,,,,,
32529,缑,,,,,,,
32530,缒,,,,,,,
32531,缓,ɦʷɑn³⁵,ɦʷ,ɑn,³⁵,,,
32532,缔,,,,,,,
32533,缕,ljʊ³⁵,lj,ʊ,³⁵,,,
32534,编,piᴇn³³,p,iᴇn,³³,,,
32535,缗,,,,,,,
32536,缘,,,,,,,
32537,缙,tsin³¹,ts,in,³¹,,,
32538,缚,bʷjak³̲³̲,bʷj,ak̲̲,³,,,
32539,缛,,,,,,,
32540,缜,,,,,,,
32541,缝,bjʊŋ³¹,bj,ʊŋ,³¹,,,
32542,缞,tsʰu̯oi³³,tsʰ,u̯oi,³³,sh,u,̠l
32543,缟,,,,,,,
32544,缠,ɖiᴇn³³,ɖ,iᴇn,³³,,,
32545,缡,,,,,,,
32546,缢,ʔei³¹,ʔ,ei,³¹,,,
32547,缣,,,,,,,
32548,缤,,,,,,,
32549,缥,,,,,,,
32550,缦,,,,,,,
32551,缧,,,,,,,
32552,缨,ʔiᴇŋ³³,ʔ,iᴇŋ,³³,,,
32553,缩,ʂjuk³̲³̲,ʂj,uk̲̲,³,,,
32554,缪,,,,,,,
32555,缫,,,,,,,
32556,缬,,,,,,,
32557,缭,,,,,,,
32558,缮,,,,,,,
32559,缯,,,,,,,
32560,缰,kjaŋ³³,kj,aŋ,³³,,,
32561,缱,,,,,,,
32562,缲,,,,,,,
32563,缳,,,,,,,
32564,缴,keu³⁵,k,eu,³⁵,,,
32565,缵,,,,,,,
32566,缶,pɨu³⁵,p,ɨu,³⁵,p,u,ʔ
32567,缷,,,,,,,
32568,缸,ɦɰɔŋ³³,ɦɰɔŋ,,³³,ɡr,o,̠ŋ
32569,缹,pɨu³⁵,p,ɨu,³⁵,,,
32570,缺,kʰʷiᴇt³̲³̲,kʰʷ,iᴇt̲̲,³,khʷ,e,d
32571,缻,pɨu³⁵,p,ɨu,³⁵,,,
32572,缼,,,,,,,
32573,缽,,,,,,,
32574,缾,beŋ³³,b,eŋ,³³,b,e,̠ŋ
32575,缿,ɦu³¹,ɦ,u,³¹,ɡr,o,̠ŋʔ
32576,罀,,,,,,,
32577,罁,kɑŋ³³,k,ɑŋ,³³,,,
32578,罂,,,,,,,
32579,罃,ʔɰɛŋ³³,ʔɰ,ɛŋ,³³,qr,e,̠ŋ
32580,罄,kʰeŋ³⁵,kʰ,eŋ,³⁵,khl,e,̠ŋs
32581,罅,hɰæ³¹,hɰæ,,³¹,qhr,a,̠s
32582,罆,,,,,,,
32583,罇,tsu̯on³³,ts,u̯on,³³,s,u,̠n
32584,罈,,,,,,,
32585,罉,,,,,,,
32586,罊,kʰɰɛk³̲³̲,kʰɰ,ɛk̲̲,³,kh,e,̠ɡs
32587,罋,ʔjʊŋ³³,ʔj,ʊŋ,³³,q,o,̠ŋs
32588,罌,ʔiᴇŋ³¹,ʔ,iᴇŋ,³¹,qr,e,̠ŋ
32589,罍,lʷi³³,lʷ,i,³³,r,u,̠l
32590,罎,dəm³³,d,əm,³³,,,
32591,罏,lu̯o³³,l,u̯o,³³,ɡ,ə,r
32592,罐,kʷɑn³¹,kʷ,ɑn,³¹,,,
32593,网,mʷjaŋ³⁵,mʷj,aŋ,³⁵,mɡ,a,ŋʔ
32594,罒,,,,,,,
32595,罓,,,,,,,
32596,罔,mʷjaŋ³³,mʷj,aŋ,³³,m,a,ŋʔ
32597,罕,hɑn³⁵,h,ɑn,³⁵,qh,a,̠nʔ
32598,罖,,,,,,,
32599,罗,lɑ³³,l,ɑ,³³,,,
32600,罘,pʰjʊ³³,pʰj,ʊ,³³,b,ɯ,
32601,罙,miᴇ³³,m,iᴇ,³³,sqr,u,m
32602,罚,bʷjɤt³̲³̲,bʷj,ɤt̲̲,³,,,
32603,罛,ku̯o³³,k,u̯o,³³,kʷ,a,̠
32604,罜,tɕjʊ³¹,tɕj,ʊ,³¹,tj,o,s
32605,罝,tsjæ³³,tsjæ,,³³,sk,a,̠
32606,罞,muŋ³³,m,uŋ,³³,mr,u,̠
32607,罟,ku̯o³⁵,k,u̯o,³⁵,k,a,̠ʔ
32608,罠,mɰin³³,mɰ,in,³³,mr,i,n
32609,罡,,,,,kl,a,̠ŋ
32610,罢,bɰɛ³⁵,bɰ,ɛ,³⁵,,,
32611,罣,kʷɰɛ³¹,kʷɰ,ɛ,³¹,kʷr,e,̠s
32612,罤,dei³³,d,ei,³³,,,
32613,罥,ɦʷen³⁵,ɦʷ,en,³⁵,kʷ,e,̠ns
32614,罦,bjʊ³³,bj,ʊ,³³,ph,u,w
32615,罧,sim³⁵,s,im,³⁵,sqr,ɯ,ms
32616,罨,ʔjap³̲³̲,ʔj,ap̲̲,³,q,o,b
32617,罩,ʈɰæu³¹,ʈɰæ,u,³¹,k‧r,e,̠wɡs
32618,罪,dzu̯oi³⁵,dz,u̯oi,³⁵,z,u,̠lʔ
32619,罫,kɰɛ³⁵,kɰ,ɛ,³⁵,ɡʷr,e,̠s
32620,罬,kɰiᴇt³̲³̲,kɰ,iᴇt̲̲,³,kr,o,d
32621,罭,ɦʲʷɨk³̲³̲,ɦʲʷ,ɨk̲̲,³,ɢʷr,ɯ,ɡ
32622,置,ʈɨ³¹,ʈ,ɨ,³¹,t,ɯ,ɡs
32623,罯,ʔəm³⁵,ʔ,əm,³⁵,q,ɯ,̠mʔ
32624,罰,bʷjɤt³̲³̲,bʷj,ɤt̲̲,³,b,o,d
32625,罱,lɑm³⁵,l,ɑm,³⁵,,,
32626,署,dʑjɤ³¹,dʑj,ɤ,³¹,ɡlj,a,s
32627,罳,sɨ³³,s,ɨ,³³,sl,ɯ,
32628,罴,,,,,,,
32629,罵,mɰæ³⁵,mɰæ,,³⁵,mr,a,̠s
32630,罶,lɨu³⁵,l,ɨu,³⁵,b,ə,r
32631,罷,bɰiᴇ³⁵,bɰ,iᴇ,³⁵,br,e,l
32632,罸,,,,,,,
32633,罹,lɑ³³,l,ɑ,³³,r,e,l
32634,罺,tʂʰɰæu³¹,tʂʰɰæ,u,³¹,skr,a,̠w
32635,罻,ʔʷɰi³¹,ʔʷɰ,i,³¹,q,u,ds
32636,罼,pit³̲³̲,p,it̲̲,³,p,i,d
32637,罽,kɰiᴇi³¹,kɰ,iᴇi,³¹,kr,a,ds
32638,罾,tsəŋ³³,ts,əŋ,³³,s,ɯ,̠ŋ
32639,罿,duŋ³³,d,uŋ,³³,d,o,̠ŋ
32640,羀,,,,,,,
32641,羁,kɰiᴇ³³,kɰ,iᴇ,³³,,,
32642,羂,kʷen³⁵,kʷ,en,³⁵,kʷ,e,̠nʔ
32643,羃,mek³̲³̲,m,ek̲̲,³,m,e,̠ɡ
32644,羄,ʈɰæu³¹,ʈɰæ,u,³¹,,,
32645,羅,lɑ³¹,l,ɑ,³¹,r,a,̠l
32646,羆,pɰiᴇ³³,pɰ,iᴇ,³³,pr,e,l
32647,羇,kɰiᴇ³³,kɰ,iᴇ,³³,kr,a,l
32648,羈,kɰiᴇ³³,kɰ,iᴇ,³³,kr,a,l
32649,羉,lʷɑn³³,lʷ,ɑn,³³,ɡ,ə,r
32650,羊,jaŋ³³,j,aŋ,³³,ɢl,a,ŋ
32651,羋,miᴇ³⁵,m,iᴇ,³⁵,m,e,ʔ
32652,羌,kʰjaŋ³³,kʰj,aŋ,³³,khl,a,ŋ
32653,羍,tʰɑt³̲³̲,tʰ,ɑt̲̲,³,th,a,̠d
32654,美,mɰi³⁵,mɰ,i,³⁵,mr,ɯ,lʔ
32655,羏,jaŋ³³,j,aŋ,³³,,,
32656,羐,,,,,,,
32657,羑,jɨu³⁵,j,ɨu,³⁵,ɢʷl,ɯ,ʔ
32658,羒,bjun³³,bj,un,³³,b,ɯ,n
32659,羓,pɰæ³³,pɰæ,,³³,,,
32660,羔,kɑu³³,k,ɑu,³³,k,a,̠w
32661,羕,jaŋ³¹,j,aŋ,³¹,ɢl,a,ŋs
32662,羖,ku̯o³⁵,k,u̯o,³⁵,kl,a,̠ʔ
32663,羗,,,,,khl,a,ŋ
32664,羘,,,,,,,
32665,羙,,,,,,,
32666,羚,leŋ³³,l,eŋ,³³,,,
32667,羛,ŋɰiᴇ³⁵,ŋɰ,iᴇ,³⁵,ŋr,a,lʔ
32668,羜,ɖjɤ³⁵,ɖj,ɤ,³⁵,d,a,ʔ
32669,羝,tei³³,t,ei,³³,t,i,̠l
32670,羞,sɨu³³,s,ɨu,³³,sml,u,
32671,羟,kʰɰɛn³³,kʰɰ,ɛn,³³,,,
32672,羠,zi³⁵,z,i,³⁵,lj,i,lʔ
32673,羡,jiᴇn³¹,j,iᴇn,³¹,,,
32674,羢,,,,,,,
32675,羣,ɡjun³³,ɡj,un,³³,ɡl,u,n
32676,群,,,,,ɡl,u,n
32677,羥,kʰɰɛŋ³³,kʰɰ,ɛŋ,³³,khr,e,̠n
32678,羦,ɦʷɑn³³,ɦʷ,ɑn,³³,,,
32679,羧,,,,,,,
32680,羨,jiᴇn³¹,j,iᴇn,³¹,sɢl,e,ns
32681,義,ŋɰiᴇ³³,ŋɰ,iᴇ,³³,ŋr,a,ls
32682,羪,,,,,,,
32683,羫,kʰuŋ³¹,kʰ,uŋ,³¹,khr,o,̠ŋ
32684,羬,ŋɰɛm³³,ŋɰ,ɛm,³³,ɡr,o,m
32685,羭,jʊ³³,j,ʊ,³³,l,o,
32686,羮,lɑŋ³³,l,ɑŋ,³³,ɡ,ə,r
32687,羯,kjɤt³̲³̲,kj,ɤt̲̲,³,k,a,d
32688,羰,,,,,,,
32689,羱,ŋʷjɤn³³,ŋʷj,ɤn,³³,ŋɡ,o,̠n
32690,羲,hɰiᴇ³³,hɰ,iᴇ,³³,ŋ̊hr,a,l
32691,羳,bʷjɤn³³,bʷj,ɤn,³³,b,a,n
32692,羴,hɰɛn³³,hɰ,ɛn,³³,qhj,e,n
32693,羵,bjun³⁵,bj,un,³⁵,b,ɯ,n
32694,羶,ɕiᴇn³³,ɕ,iᴇn,³³,l̥,a,n
32695,羷,hɰiᴇm³⁵,hɰ,iᴇm,³⁵,ɡ,ə,r
32696,羸,len³³,l,en,³³,r,o,l
32697,羹,kɰæŋ³³,kɰæŋ,,³³,kr,a,̠ŋ
32698,羺,nu³³,n,u,³³,n,o,̠
32699,羻,kʰjaŋ³¹,kʰj,aŋ,³¹,khl,a,ŋs
32700,羼,tʂʰɰɛn³¹,tʂʰɰ,ɛn,³¹,skhr,e,̠nʔ
32701,羽,ɦʲjʊ³¹,ɦʲj,ʊ,³¹,ɢʷ,a,ʔ
32702,羾,kuŋ³¹,k,uŋ,³¹,k,o,̠ŋs
32703,羿,ŋei³¹,ŋ,ei,³¹,ŋɡ,e,̠s
32704,翀,ʈʰjuŋ³³,ʈʰj,uŋ,³³,,,
32705,翁,ʔuŋ³⁵,ʔ,uŋ,³⁵,ql,o,̠ŋ
32706,翂,,,,,ph,ɯ,n
32707,翃,ɦʷɰɛŋ³³,ɦʷɰ,ɛŋ,³³,,,
32708,翄,ɡiᴇ³³,ɡ,iᴇ,³³,qhj,e,s
32709,翅,kiᴇ³¹,k,iᴇ,³¹,qhj,e,s
32710,翆,,,,,,,
32711,翇,pʰjut³̲³̲,pʰj,ut̲̲,³,p,u,d
32712,翈,ɦɰɛp³̲³̲,ɦɰ,ɛp̲̲,³,,,
32713,翉,pʰu̯on³⁵,pʰ,u̯on,³⁵,,,
32714,翊,jɨk³̲³̲,j,ɨk̲̲,³,l,ɯ,ɡ
32715,翋,ləp³̲³̲,l,əp̲̲,³,,,
32716,翌,jɨk³̲³̲,j,ɨk̲̲,³,l,ɯ,ɡ
32717,翍,pʰɰiᴇ³³,pʰɰ,iᴇ,³³,phr,a,l
32718,翎,leŋ³³,l,eŋ,³³,ɡ,ə,r
32719,翏,lɨu³¹,l,ɨu,³¹,ɡ,ə,r
32720,翐,ɖit³̲³̲,ɖ,it̲̲,³,ɡ‧l,i,ɡ
32721,翑,ɡjʊ³³,ɡj,ʊ,³³,,,
32722,習,zip³̲³̲,z,ip̲̲,³,sɢl,u,b
32723,翓,ɦet³̲³̲,ɦ,et̲̲,³,,,
32724,翔,zjaŋ³³,zj,aŋ,³³,sɢl,a,ŋ
32725,翕,hɰip³̲³̲,hɰ,ip̲̲,³,qhr,u,b
32726,翖,hɰip³̲³̲,hɰ,ip̲̲,³,qhr,u,b
32727,翗,,,,,,,
32728,翘,ɡiᴇu³³,ɡ,iᴇu,³³,,,
32729,翙,,,,,,,
32730,翚,,,,,,,
32731,翛,jɨu³³,j,ɨu,³³,qhlj,ɯ,wɡ
32732,翜,ɕɨk³̲³̲,ɕ,ɨk̲̲,³,sqr,e,̠b
32733,翝,,,,,,,
32734,翞,kjaŋ³³,kj,aŋ,³³,,,
32735,翟,ɖɰɔk³̲³̲,ɖɰɔk̲̲,,³,ɡ‧r,a,̠ɡ
32736,翠,tsʰʷi³¹,tsʰʷ,i,³¹,sh,u,ds
32737,翡,bʷɨi³¹,bʷ,ɨi,³¹,b,ɯ,ls
32738,翢,dɑu³¹,d,ɑu,³¹,kh‧l,u,̠w
32739,翣,ʂɰæp³̲³̲,ʂɰæp̲̲,,³,sr,e,̠b
32740,翤,,,,,,,
32741,翥,tɕjɤ³¹,tɕj,ɤ,³¹,klj,a,s
32742,翦,tsiᴇn³⁵,ts,iᴇn,³⁵,s,e,nʔ
32743,翧,hʷjɤn³³,hʷj,ɤn,³³,,,
32744,翨,ɕiᴇ³¹,ɕ,iᴇ,³¹,kl,e,s
32745,翩,pʰiᴇn³³,pʰ,iᴇn,³³,ph,e,n
32746,翪,tsuŋ³⁵,ts,uŋ,³⁵,sk,o,̠ŋʔ
32747,翫,ŋʷɑn³¹,ŋʷ,ɑn,³¹,ŋɡ,o,̠ns
32748,翬,hʷɨi³³,hʷ,ɨi,³³,qh,u,l
32749,翭,ɦu³³,ɦ,u,³³,ɡ,o,̠
32750,翮,ɦɰɛk³̲³̲,ɦɰ,ɛk̲̲,³,ɡr,e,̠ɡ
32751,翯,ɦɑk³̲³̲,ɦ,ɑk̲̲,³,qhr,o,̠wɡ
32752,翰,ɦɑn³¹,ɦ,ɑn,³¹,ɡ,a,̠n
32753,翱,,,,,ŋ,u,̠
32754,翲,pʰiᴇu³¹,pʰ,iᴇu,³¹,ph,e,ws
32755,翳,ʔei³¹,ʔ,ei,³¹,q,i,̠
32756,翴,liᴇn³³,l,iᴇn,³³,,,
32757,翵,ɡjʊ³³,ɡj,ʊ,³³,,,
32758,翶,ŋɑu³³,ŋ,ɑu,³³,,,
32759,翷,lin³³,l,in,³³,,,
32760,翸,,,,,,,
32761,翹,ɡiᴇu³¹,ɡ,iᴇu,³¹,ɡ,e,w
32762,翺,ŋɑu³³,ŋ,ɑu,³³,,,
32763,翻,pʰʷjɤn³³,pʰʷj,ɤn,³³,ph,a,n
32764,翼,jɨk³̲³̲,j,ɨk̲̲,³,b,ə,l
32765,翽,kʰʷɑi³¹,kʰʷ,ɑi,³¹,qhʷ,a,̠ds
32766,翾,hʷiᴇn³³,hʷ,iᴇn,³³,qhʷ,e,n
32767,翿,dɑu³³,d,ɑu,³³,ɡ‧l,u,̠
32768,耀,jiᴇu³¹,j,iᴇu,³¹,ɢl,e,wɡs
32769,老,lɑu³⁵,l,ɑu,³⁵,r,u,̠ʔ
32770,耂,,,,,,,
32771,考,kʰɑu³⁵,kʰ,ɑu,³⁵,kh,u,̠ʔ
32772,耄,mɑu³¹,m,ɑu,³¹,m,a,̠ws
32773,者,tɕjæ³⁵,tɕjæ,,³⁵,klj,a,̠ʔ
32774,耆,tɕi³⁵,tɕ,i,³⁵,ɡr,i,
32775,耇,ku³⁵,k,u,³⁵,k,o,̠ʔ
32776,耈,ku³⁵,k,u,³⁵,,,
32777,耉,,,,,,,
32778,耊,tʰet³̲³̲,tʰ,et̲̲,³,kh‧l,i,̠ɡ
32779,耋,dit³̲³̲,d,it̲̲,³,ɡ‧l,i,̠ɡ
32780,而,ȵɨ³³,ȵ,ɨ,³³,nj,ɯ,
32781,耍,,,,,,,
32782,耎,ȵʷiᴇn³⁵,ȵʷ,iᴇn,³⁵,nj,o,nʔ
32783,耏,nəi³¹,n,əi,³¹,nj,ɯ,
32784,耐,nəŋ³³,n,əŋ,³³,n,ɯ,̠s
32785,耑,tʷɑn³³,tʷ,ɑn,³³,k‧l,o,̠n
32786,耒,lu̯oi³⁵,l,u̯oi,³⁵,r,u,̠ls
32787,耓,tʰeŋ³³,tʰ,eŋ,³³,,,
32788,耔,tsɨ³⁵,ts,ɨ,³⁵,sk,ɯ,ʔ
32789,耕,kɰɛŋ³³,kɰ,ɛŋ,³³,kr,e,̠ŋ
32790,耖,tʂʰɰæu³¹,tʂʰɰæ,u,³¹,,,
32791,耗,mɑu³³,m,ɑu,³³,m̥h,a,̠ws
32792,耘,ɦʲjun³³,ɦʲj,un,³³,ɢʷ,ɯ,n
32793,耙,,,,,,,
32794,耚,pʰɰiᴇ³³,pʰɰ,iᴇ,³³,,,
32795,耛,ɖɨ³³,ɖ,ɨ,³³,,,
32796,耜,zɨ³⁵,z,ɨ,³⁵,sɢl,ɯ,ʔ
32797,耝,dʐjɤ³³,dʐj,ɤ,³³,,,
32798,耞,kɰæ³³,kɰæ,,³³,,,
32799,耟,,,,,sɢl,ɯ,ʔ
32800,耠,ɦəp³̲³̲,ɦ,əp̲̲,³,,,
32801,耡,dʐjɤ³¹,dʐj,ɤ,³¹,sɡr,a,
32802,耢,lɑu³¹,l,ɑu,³¹,,,
32803,耣,lʷin³³,lʷ,in,³³,,,
32804,耤,tsiᴇk³̲³̲,ts,iᴇk̲̲,³,zr,a,̠wɡ
32805,耥,,,,,,,
32806,耦,ŋu³⁵,ŋ,u,³⁵,ŋ,o,̠ʔ
32807,耧,lu³³,l,u,³³,,,
32808,耨,nu̯ok³̲³̲,n,u̯ok̲̲,³,n,o,̠ɡs
32809,耩,kɰɔŋ³⁵,kɰɔŋ,,³⁵,,,
32810,耪,,,,,,,
32811,耫,dʐɰɛk³̲³̲,dʐɰ,ɛk̲̲,³,zr,a,̠d
32812,耬,lu³⁵,l,u,³⁵,ɡ,ə,r
32813,耭,kɨi³³,k,ɨi,³³,,,
32814,耮,lɑu³¹,l,ɑu,³¹,,,
32815,耯,ɦʷɑk³̲³̲,ɦʷ,ɑk̲̲,³,,,
32816,耰,ʔɨu³³,ʔ,ɨu,³³,ql,u,
32817,耱,,,,,,,
32818,耲,,,,,,,
32819,耳,ȵɨ³⁵,ȵ,ɨ,³⁵,mlj,ɯ,ʔ
32820,耴,ŋɰit³̲³̲,ŋɰ,it̲̲,³,ŋɡr,i,ɡ
32821,耵,tʰeŋ³³,tʰ,eŋ,³³,t,e,̠ŋʔ
32822,耶,jæ³³,jæ,,³³,ɢ,a,̠
32823,耷,tɑp³̲³̲,t,ɑp̲̲,³,,,
32824,耸,sjʊŋ³⁵,sj,ʊŋ,³⁵,,,
32825,耹,ɡɰim³³,ɡɰ,im,³³,ɡr,ɯ,m
32826,耺,ɦʲʷɨŋ³³,ɦʲʷ,ɨŋ,³³,ɢʷ,ɯ,n
32827,耻,ʈʰɨ³⁵,ʈʰ,ɨ,³⁵,m̥‧l,ɯ,ʔ
32828,耼,mɑm³³,m,ɑm,³³,,,
32829,耽,təm³³,t,əm,³³,k‧l,u,̠m
32830,耾,ɦʷɰɛŋ³³,ɦʷɰ,ɛŋ,³³,ɡʷr,ɯ,̠ŋ
32831,耿,kʰʷeŋ³⁵,kʰʷ,eŋ,³⁵,kr,e,̠ŋʔ
32832,聀,,,,,,,
32833,聁,,,,,,,
32834,聂,ɳiᴇp³̲³̲,ɳ,iᴇp̲̲,³,,,
32835,聃,tʰɑm³³,tʰ,ɑm,³³,n̥,a,̠m
32836,聄,tɕin³⁵,tɕ,in,³⁵,,,
32837,聅,dɑn³³,d,ɑn,³³,d,a,̠n
32838,聆,leŋ³³,l,eŋ,³³,ɡ,ə,r
32839,聇,tɕiᴇŋ³³,tɕ,iᴇŋ,³³,,,
32840,聈,,,,,,,
32841,聉,ŋɰit³̲³̲,ŋɰ,it̲̲,³,ŋɡr,u,d
32842,聊,leu³³,l,eu,³³,b,ə,r
32843,聋,luŋ³³,l,uŋ,³³,,,
32844,职,tɕɨk³̲³̲,tɕ,ɨk̲̲,³,,,
32845,聍,neŋ³¹,n,eŋ,³¹,,,
32846,聎,tʰɑu³³,tʰ,ɑu,³³,,,
32847,聏,ɳjuk³̲³̲,ɳj,uk̲̲,³,nj,ɯ,
32848,聐,ŋʷɰɛt³̲³̲,ŋʷɰ,ɛt̲̲,³,,,
32849,聑,ʈɰɛk³̲³̲,ʈɰ,ɛk̲̲,³,t,e,̠b
32850,聒,kʷɑt³̲³̲,kʷ,ɑt̲̲,³,k,o,̠d
32851,聓,,,,,,,
32852,联,,,,,,,
32853,聕,,,,,,,
32854,聖,ɕiᴇŋ³¹,ɕ,iᴇŋ,³¹,qhlj,e,ŋs
32855,聗,,,,,,,
32856,聘,pʰiᴇŋ³³,pʰ,iᴇŋ,³³,phl,e,ŋs
32857,聙,tsiᴇŋ³³,ts,iᴇŋ,³³,,,
32858,聚,dzjʊ³⁵,dzj,ʊ,³⁵,sɡ,o,ʔ
32859,聛,,,,,,,
32860,聜,,,,,,,
32861,聝,kʷɰɛk³̲³̲,kʷɰ,ɛk̲̲,³,kʷr,ɯ,̠ɡ
32862,聞,mjun³³,mj,un,³³,m,ɯ,n
32863,聟,,,,,,,
32864,聠,beŋ³³,b,eŋ,³³,,,
32865,聡,,,,,,,
32866,聢,,,,,,,
32867,聣,,,,,,,
32868,聤,deŋ³³,d,eŋ,³³,,,
32869,聥,ɦʲjʊ³⁵,ɦʲj,ʊ,³⁵,ɢʷ,a,ʔ
32870,聦,tsʰuŋ³³,tsʰ,uŋ,³³,skh,o,̠ŋ
32871,聧,kʰʷei³³,kʰʷ,ei,³³,khʷ,i,̠l
32872,聨,liᴇn³¹,l,iᴇn,³¹,,,
32873,聩,,,,,,,
32874,聪,tsʰuŋ³³,tsʰ,uŋ,³³,,,
32875,聫,,,,,,,
32876,聬,ʔuŋ³⁵,ʔ,uŋ,³⁵,,,
32877,聭,kʷɰi³¹,kʷɰ,i,³¹,kr,u,ls
32878,聮,liᴇn³³,l,iᴇn,³³,,,
32879,聯,liᴇn³³,l,iᴇn,³³,ɡ,ə,r
32880,聰,tsʰuŋ³³,tsʰ,uŋ,³³,skh,o,̠ŋ
32881,聱,ŋju³³,ŋj,u,³³,,,
32882,聲,ɕiᴇŋ³³,ɕ,iᴇŋ,³³,qhlj,e,ŋ
32883,聳,sjʊŋ³⁵,sj,ʊŋ,³⁵,sl,o,ŋʔ
32884,聴,,,,,,,
32885,聵,ŋʷɰɛi³¹,ŋʷɰ,ɛi,³¹,ŋɡr,u,̠ls
32886,聶,ɳiᴇp³̲³̲,ɳ,iᴇp̲̲,³,mɡl,e,b
32887,職,jɨk³̲³̲,j,ɨk̲̲,³,klj,ɯ,ɡ
32888,聸,tɑm³³,t,ɑm,³³,k‧l,a,̠m
32889,聹,neŋ³⁵,n,eŋ,³⁵,n,e,̠ŋ
32890,聺,tsʰet³̲³̲,tsʰ,et̲̲,³,,,
32891,聻,ɳɨ³⁵,ɳ,ɨ,³⁵,,,
32892,聼,,,,,,,
32893,聽,tʰeŋ³³,tʰ,eŋ,³³,kh‧l,e,̠ŋ
32894,聾,luŋ³³,l,uŋ,³³,ɡ,ə,r
32895,聿,jʷit³̲³̲,jʷ,it̲̲,³,b,ə,l
32896,肀,,,,,,,
32897,肁,ɖiᴇu³⁵,ɖ,iᴇu,³⁵,d,a,wʔ
32898,肂,ji³¹,j,i,³¹,l̥j,ɯ,ds
32899,肃,sjuk³̲³̲,sj,uk̲̲,³,,,
32900,肄,ji³¹,j,i,³¹,l,i,ds
32901,肅,ʂjuk³̲³̲,ʂj,uk̲̲,³,sl,ɯ,wɡ
32902,肆,sit³̲³̲,s,it̲̲,³,l̥j,ɯ,ds
32903,肇,,,,,d,a,wʔ
32904,肈,ɖiᴇu³⁵,ɖ,iᴇu,³⁵,d,a,wʔ
32905,肉,ȵjuk³̲³̲,ȵj,uk̲̲,³,nj,u,ɡ
32906,肊,ʔɨk³̲³̲,ʔ,ɨk̲̲,³,qr,ɯ,ɡ
32907,肋,kɨn³³,k,ɨn,³³,r,ɯ,̠ɡ
32908,肌,ki³³,k,i,³³,kr,i,l
32909,肍,ɡɨu³³,ɡ,ɨu,³³,ɡ,u,
32910,肎,kʰəŋ³⁵,kʰ,əŋ,³⁵,kh,ɯ,̠ŋʔ
32911,肏,,,,,,,
32912,肐,ʔɨk³̲³̲,ʔ,ɨk̲̲,³,,,
32913,肑,pek³̲³̲,p,ek̲̲,³,pr,e,̠wɡ
32914,肒,ɦʷɑn³¹,ɦʷ,ɑn,³¹,ɡl,o,̠ns
32915,肓,hʷɑŋ³³,hʷ,ɑŋ,³³,m̥h,a,̠ŋ
32916,肔,ʈʰiᴇ³⁵,ʈʰ,iᴇ,³⁵,kh‧l,a,lʔ
32917,肕,ȵin³¹,ȵ,in,³¹,nj,ɯ,ns
32918,肖,siᴇu³¹,s,iᴇu,³¹,spl,e,ws
32919,肗,ȵjɤ³⁵,ȵj,ɤ,³⁵,,,
32920,肘,ʈɨu³⁵,ʈ,ɨu,³⁵,k‧r,u,ʔ
32921,肙,,,,,qʷ,e,̠ns
32922,肚,du̯o³⁵,d,u̯o,³⁵,ɡ‧l,a,̠ʔ
32923,肛,kɰɔŋ³³,kɰɔŋ,,³³,,,
32924,肜,ʈʰim³³,ʈʰ,im,³³,l,u,ŋ
32925,肝,kɑn³³,k,ɑn,³³,k,a,̠n
32926,肞,,,,,,,
32927,肟,,,,,,,
32928,肠,ɖjaŋ³³,ɖj,aŋ,³³,,,
32929,股,ku̯o³⁵,k,u̯o,³⁵,kl,a,̠ʔ
32930,肢,tɕiᴇ³³,tɕ,iᴇ,³³,kj,e,
32931,肣,ɦəm³⁵,ɦ,əm,³⁵,ɡ,ɯ,̠m
32932,肤,pjʊ³³,pj,ʊ,³³,,,
32933,肥,pɰi³⁵,pɰ,i,³⁵,b,ɯ,l
32934,肦,,,,,,,
32935,肧,pʰu̯oi³³,pʰ,u̯oi,³³,ph,ɯ,̠
32936,肨,pʰjʊŋ³³,pʰj,ʊŋ,³³,phr,o,̠ŋs
32937,肩,ɦən³³,ɦ,ən,³³,k,e,̠n
32938,肪,pʷjaŋ³³,pʷj,aŋ,³³,p,a,ŋ
32939,肫,tɕʷin³³,tɕʷ,in,³³,klj,u,n
32940,肬,ɦʲɨu³³,ɦʲ,ɨu,³³,ɢʷ,ɯ,
32941,肭,ȵjuk³̲³̲,ȵj,uk̲̲,³,n,u,ɡ
32942,肮,ɦɑŋ³¹,ɦ,ɑŋ,³¹,ɡ,a,̠ŋ
32943,肯,kʰəŋ³⁵,kʰ,əŋ,³⁵,kh,ɯ,̠ŋʔ
32944,肰,ȵiᴇn³³,ȵ,iᴇn,³³,nj,e,n
32945,肱,kʷəŋ³³,kʷ,əŋ,³³,kʷ,ɯ,̠ŋ
32946,育,ɖɨu³¹,ɖ,ɨu,³¹,l,u,ɡ
32947,肳,mjun³⁵,mj,un,³⁵,m,ɯ,nʔ
32948,肴,ɦɰæu³³,ɦɰæ,u,³³,ɡr,a,̠w
32949,肵,kɨn³¹,k,ɨn,³¹,ɡ,ɯ,l
32950,肶,bi³³,b,i,³³,b,i,
32951,肷,,,,,,,
32952,肸,hɨt³̲³̲,h,ɨt̲̲,³,qhr,ɯ,d
32953,肹,,,,,qhr,ɯ,d
32954,肺,pʰɑi³¹,pʰ,ɑi,³¹,ph,o,bs
32955,肻,,,,,,,
32956,肼,,,,,,,
32957,肽,,,,,,,
32958,肾,dʑin³⁵,dʑ,in,³⁵,,,
32959,肿,tɕjʊŋ³⁵,tɕj,ʊŋ,³⁵,,,
32960,胀,ʈjaŋ³¹,ʈj,aŋ,³¹,,,
32961,胁,hjap³̲³̲,hj,ap̲̲,³,,,
32962,胂,ʈʰin³³,ʈʰ,in,³³,l̥,i,n
32963,胃,ɦʲʷɨi³¹,ɦʲʷ,ɨi,³¹,ɢr,u,ds
32964,胄,ɖɨu³¹,ɖ,ɨu,³¹,ɡ‧l,ɯ,wɡs
32965,胅,det³̲³̲,d,et̲̲,³,l,i,̠ɡ
32966,胆,dɑn³³,d,ɑn,³³,t,a,̠nʔ
32967,胇,bɰit³̲³̲,bɰ,it̲̲,³,,,
32968,胈,pjut³̲³̲,pj,ut̲̲,³,b,o,̠d
32969,胉,pʰɑk³̲³̲,pʰ,ɑk̲̲,³,ph,a,̠ɡ
32970,胊,ɡjʊ³³,ɡj,ʊ,³³,ɡ,o,
32971,胋,dem³³,d,em,³³,,,
32972,背,bu̯oi³¹,b,u̯oi,³¹,b,ɯ,̠ɡs
32973,胍,kʷɰæ³³,kʷɰæ,,³³,,,
32974,胎,tʰəi³³,tʰ,əi,³³,kh‧l,ɯ,̠
32975,胏,tʂɨ³⁵,tʂ,ɨ,³⁵,sr,ɯ,ʔ
32976,胐,,,,,,,
32977,胑,tɕiᴇ³³,tɕ,iᴇ,³³,kj,e,
32978,胒,,,,,n,i,̠ls
32979,胓,bɰjæŋ³³,bɰjæŋ,,³³,,,
32980,胔,tsʰiᴇ³³,tsʰ,iᴇ,³³,z,e,
32981,胕,bjʊ³¹,bj,ʊ,³¹,b,o,s
32982,胖,pʰʷɑn³¹,pʰʷ,ɑn,³¹,ph,a,̠ns
32983,胗,,,,,klj,ɯ,nʔ
32984,胘,ɦʷen³³,ɦʷ,en,³³,ɡ,i,̠n
32985,胙,dzɑk³̲³̲,dz,ɑk̲̲,³,z,a,̠ɡs
32986,胚,pʰu̯oi³³,pʰ,u̯oi,³³,,,
32987,胛,kɰɛp³̲³̲,kɰ,ɛp̲̲,³,,,
32988,胜,tsʰiᴇŋ³¹,tsʰ,iᴇŋ,³¹,sl,e,̠ŋ
32989,胝,ʈi³³,ʈ,i,³³,t,i,l
32990,胞,pʰɰæu³¹,pʰɰæ,u,³¹,phr,u,̠
32991,胟,mu³⁵,m,u,³⁵,,,
32992,胠,kʰjɤ³⁵,kʰj,ɤ,³⁵,kh,a,b
32993,胡,ɦu̯o³³,ɦ,u̯o,³³,ɡ,a,̠
32994,胢,,,,,,,
32995,胣,ʈʰiᴇ³⁵,ʈʰ,iᴇ,³⁵,kh‧l,e,lʔ
32996,胤,,,,,l,i,ns
32997,胥,sjɤ³³,sj,ɤ,³³,sŋ,a,ʔ
32998,胦,ʔjaŋ³⁵,ʔj,aŋ,³⁵,q,a,ŋ
32999,胧,luŋ³³,l,uŋ,³³,,,
33000,胨,,,,,,,
33001,胩,,,,,,,
33002,胪,,,,,,,
33003,胫,,,,,,,
33004,胬,,,,,,,
33005,胭,ʔen³³,ʔ,en,³³,,,
33006,胮,bɰɔŋ³³,bɰɔŋ,,³³,,,
33007,胯,kʰʷɰæ³¹,kʰʷɰæ,,³¹,khʷr,a,̠
33008,胰,ji³³,j,i,³³,,,
33009,胱,kʷɑŋ³³,kʷ,ɑŋ,³³,kʷ,a,̠ŋ
33010,胲,kəi³⁵,k,əi,³⁵,k,ɯ,̠
33011,胳,kɰæk³̲³̲,kɰæk̲̲,,³,kl,a,̠ɡ
33012,胴,duŋ³⁵,d,uŋ,³⁵,d,o,̠ŋs
33013,胵,tɕʰi³³,tɕʰ,i,³³,khlj,i,
33014,胶,kɰæu³³,kɰæ,u,³³,,,
33015,胷,hjʊŋ³³,hj,ʊŋ,³³,qh,o,ŋ
33016,胸,,,,,,,
33017,胹,ȵɨ³³,ȵ,ɨ,³³,nj,ɯ,
33018,胺,ʔɑt³̲³̲,ʔ,ɑt̲̲,³,q,a,̠d
33019,胻,ɦɑŋ³³,ɦ,ɑŋ,³³,ɡr,a,̠ŋ
33020,胼,ben³³,b,en,³³,b,e,̠n
33021,能,nəŋ³⁵,n,əŋ,³⁵,n,ɯ,̠s
33022,胾,tʂɨ³¹,tʂ,ɨ,³¹,sr,ɯ,s
33023,胿,kʷei³³,kʷ,ei,³³,ɡ,e,̠
33024,脀,dʑɨŋ³³,dʑ,ɨŋ,³³,kj,ɯ,ŋ
33025,脁,jiᴇu³³,j,iᴇu,³³,,,
33026,脂,tɕi³³,tɕ,i,³³,kj,i,
33027,脃,tsʰʷiᴇt³̲³̲,tsʰʷ,iᴇt̲̲,³,sh,o,ds
33028,脄,mu̯oi³³,m,u̯oi,³³,mɡʷ,ɯ,̠
33029,脅,hɰip³̲³̲,hɰ,ip̲̲,³,qhl,a,b
33030,脆,tsʰʷiᴇi³¹,tsʰʷ,iᴇi,³¹,sh,o,ds
33031,脇,,,,,qhl,a,b
33032,脈,mɰɛk³̲³̲,mɰ,ɛk̲̲,³,mr,e,̠ɡ
33033,脉,mɰɛk³̲³̲,mɰ,ɛk̲̲,³,mr,e,̠ɡ
33034,脊,tsiᴇk³̲³̲,ts,iᴇk̲̲,³,s,e,ɡ
33035,脋,,,,,,,
33036,脌,,,,,,,
33037,脍,,,,,,,
33038,脎,,,,,,,
33039,脏,dzɑŋ³¹,dz,ɑŋ,³¹,,,
33040,脐,dzei³³,dz,ei,³³,,,
33041,脑,nɑu³⁵,n,ɑu,³⁵,,,
33042,脒,,,,,,,
33043,脓,nu̯oŋ³³,n,u̯oŋ,³³,,,
33044,脔,lʷiᴇn³⁵,lʷ,iᴇn,³⁵,,,
33045,脕,mʷjɤn³¹,mʷj,ɤn,³¹,m,u,ns
33046,脖,bu̯ot³̲³̲,b,u̯ot̲̲,³,b,ɯ,̠d
33047,脗,,,,,m,i,nʔ
33048,脘,ɦɰæn³⁵,ɦɰæn,,³⁵,k,o,̠nʔ
33049,脙,ɡɨu³³,ɡ,ɨu,³³,qh,u,
33050,脚,kjak³̲³̲,kj,ak̲̲,³,k,a,ɡ
33051,脛,ɦeŋ³⁵,ɦ,eŋ,³⁵,ɡ,e,̠ŋʔ
33052,脜,ȵɨu³³,ȵ,ɨu,³³,nj,u,
33053,脝,hɰæŋ³³,hɰæŋ,,³³,,,
33054,脞,tsʰjɑ³³,tsʰj,ɑ,³³,sh,a,l
33055,脟,lʷiᴇt³̲³̲,lʷ,iᴇt̲̲,³,r,o,d
33056,脠,ɕiᴇn³³,ɕ,iᴇn,³³,l̥,a,n
33057,脡,tʰeŋ³⁵,tʰ,eŋ,³⁵,kh‧l,e,̠ŋʔ
33058,脢,mʷɨi³³,mʷ,ɨi,³³,m,ɯ,̠s
33059,脣,ʑʷin³³,ʑʷ,in,³³,sblj,u,n
33060,脤,dʑin³⁵,dʑ,in,³⁵,blj,ɯ,nʔ
33061,脥,kep³̲³̲,k,ep̲̲,³,,,
33062,脦,tʰək³̲³̲,tʰ,ək̲̲,³,,,
33063,脧,,,,,sk,o,n
33064,脨,,,,,,,
33065,脩,siᴇu³³,s,iᴇu,³³,skl,ɯ,w
33066,脪,hɨn³¹,h,ɨn,³¹,qhl,ɯ,nʔ
33067,脫,dʷɑt³̲³̲,dʷ,ɑt̲̲,³,,,
33068,脬,pʰɰæu³³,pʰɰæ,u,³³,phr,u,̠
33069,脭,ɖiᴇŋ³³,ɖ,iᴇŋ,³³,ɡ‧l,e,ŋ
33070,脮,nu̯oi³⁵,n,u̯oi,³⁵,n̥,u,̠lʔ
33071,脯,bu̯o³¹,b,u̯o,³¹,b,a,̠
33072,脰,du³¹,d,u,³¹,ɡ‧l,o,̠s
33073,脱,tʰʷɑt³̲³̲,tʰʷ,ɑt̲̲,³,kh‧l,o,̠d
33074,脲,,,,,,,
33075,脳,,,,,,,
33076,脴,,,,,,,
33077,脵,,,,,,,
33078,脶,lʷɑ³³,lʷ,ɑ,³³,,,
33079,脷,,,,,,,
33080,脸,,,,,,,
33081,脹,ʈjaŋ³¹,ʈj,aŋ,³¹,k‧l,a,ŋs
33082,脺,tsʰʷiᴇt³̲³̲,tsʰʷ,iᴇt̲̲,³,,,
33083,脻,tsiᴇp³̲³̲,ts,iᴇp̲̲,³,,,
33084,脼,lɑŋ³⁵,l,ɑŋ,³⁵,r,a,ŋʔ
33085,脽,tɕɨu³³,tɕ,ɨu,³³,ɡlj,u,l
33086,脾,piᴇ³⁵,p,iᴇ,³⁵,b,e,
33087,脿,,,,,,,
33088,腀,lʷin³³,lʷ,in,³³,,,
33089,腁,,,,,,,
33090,腂,ɦʷɰæ³⁵,ɦʷɰæ,,³⁵,ɡr,o,̠lʔ
33091,腃,kʰʷɰiᴇn³³,kʰʷɰ,iᴇn,³³,ɡr,o,n
33092,腄,ɖʷiᴇ³¹,ɖʷ,iᴇ,³¹,d,o,ls
33093,腅,dɑm³¹,d,ɑm,³¹,,,
33094,腆,tʰen³⁵,tʰ,en,³⁵,th,ɯ,̠nʔ
33095,腇,nu̯oi³⁵,n,u̯oi,³⁵,,,
33096,腈,tsiᴇŋ³³,ts,iᴇŋ,³³,,,
33097,腉,ɳɰɛ³³,ɳɰ,ɛ,³³,,,
33098,腊,siᴇk³̲³̲,s,iᴇk̲̲,³,sl,a,ɡ
33099,腋,jiᴇk³̲³̲,j,iᴇk̲̲,³,l,a,ɡ
33100,腌,ʔjam³³,ʔj,am,³³,q,o,b
33101,腍,ȵim³⁵,ȵ,im,³⁵,mɡlj,ɯ,mʔ
33102,腎,dʑin³⁵,dʑ,in,³⁵,ɡj,i,nʔ
33103,腏,zʷiᴇi³¹,zʷ,iᴇi,³¹,t,o,d
33104,腐,bjʊ³⁵,bj,ʊ,³⁵,b,o,ʔ
33105,腑,bjʊ³¹,bj,ʊ,³¹,p,o,ʔ
33106,腒,kjɤ³³,kj,ɤ,³³,k,a,
33107,腓,bʷɨi³³,bʷ,ɨi,³³,b,ɯ,ls
33108,腔,kʰɰɔŋ³³,kʰɰɔŋ,,³³,,,
33109,腕,ʔʷɑn³¹,ʔʷ,ɑn,³¹,q,o,̠ns
33110,腖,,,,,,,
33111,腗,,,,,,,
33112,腘,,,,,,,
33113,腙,,,,,,,
33114,腚,,,,,,,
33115,腛,ʔuk³̲³̲,ʔ,uk̲̲,³,qr,o,̠ɡ
33116,腜,mu̯oi³³,m,u̯oi,³³,m,ɯ,̠
33117,腝,nei³³,n,ei,³³,n,u,̠ns
33118,腞,ɖʷiᴇn³⁵,ɖʷ,iᴇn,³⁵,ɡ‧l,o,nʔ
33119,腟,,,,,,,
33120,腠,tsʰu³¹,tsʰ,u,³¹,sh,o,̠s
33121,腡,lʷɑ³³,lʷ,ɑ,³³,ɡ,ə,r
33122,腢,ŋu̯oi³³,ŋ,u̯oi,³³,ŋ,o,̠
33123,腣,dei³³,d,ei,³³,k‧l,e,̠
33124,腤,ʔəm³³,ʔ,əm,³³,,,
33125,腥,seŋ³³,s,eŋ,³³,sl,e,̠ŋ
33126,腦,nɑu³¹,n,ɑu,³¹,n,u,̠ʔ
33127,腧,ɕjʊ³¹,ɕj,ʊ,³¹,l̥,o,s
33128,腨,tɕʰʷiᴇn³⁵,tɕʰʷ,iᴇn,³⁵,ɡlj,o,nʔ
33129,腩,nəm³⁵,n,əm,³⁵,,,
33130,腪,,,,,,,
33131,腫,tɕjʊŋ³⁵,tɕj,ʊŋ,³⁵,tj,o,ŋʔ
33132,腬,ȵɨu³³,ȵ,ɨu,³³,mlj,u,
33133,腭,ŋɑk³̲³̲,ŋ,ɑk̲̲,³,,,
33134,腮,,,,,sl,ɯ,̠
33135,腯,du̯ot³̲³̲,d,u̯ot̲̲,³,ɡ‧l,u,̠d
33136,腰,ʔiᴇu³³,ʔ,iᴇu,³³,q,e,w
33137,腱,ɡjɤn³⁵,ɡj,ɤn,³⁵,k,a,n
33138,腲,ʔu̯oi³⁵,ʔ,u̯oi,³⁵,q,u,̠lʔ
33139,腳,kjak³̲³̲,kj,ak̲̲,³,k,a,ɡ
33140,腴,jʊ³³,j,ʊ,³³,l,o,
33141,腵,kɰæ³³,kɰæ,,³³,,,
33142,腶,tʷɑn³¹,tʷ,ɑn,³¹,t,o,̠ns
33143,腷,bɨk³̲³̲,b,ɨk̲̲,³,br,ɯ,ɡ
33144,腸,ɖjaŋ³³,ɖj,aŋ,³³,ɡ‧l,a,ŋ
33145,腹,pʰjuk³̲³̲,pʰj,uk̲̲,³,p,u,ɡ
33146,腺,,,,,,,
33147,腻,ɳi³¹,ɳ,i,³¹,,,
33148,腼,,,,,,,
33149,腽,ʔʷɰɛt³̲³̲,ʔʷɰ,ɛt̲̲,³,,,
33150,腾,dəŋ³³,d,əŋ,³³,,,
33151,腿,tʰu̯oi³⁵,tʰ,u̯oi,³⁵,,,
33152,膀,pʰɑŋ³³,pʰ,ɑŋ,³³,b,a,̠ŋ
33153,膁,ŋɰiᴇm³³,ŋɰ,iᴇm,³³,,,
33154,膂,ljɤ³⁵,lj,ɤ,³⁵,ɡ,ə,r
33155,膃,ʔu̯ot³̲³̲,ʔ,u̯ot̲̲,³,,,
33156,膄,ʂɨu³¹,ʂ,ɨu,³¹,sr,u,s
33157,膅,dɑŋ³³,d,ɑŋ,³³,,,
33158,膆,su̯o³¹,s,u̯o,³¹,sl,a,̠s
33159,膇,ɖʷiᴇ³¹,ɖʷ,iᴇ,³¹,d,o,ls
33160,膈,kɰɛk³̲³̲,kɰ,ɛk̲̲,³,kr,e,̠ɡ
33161,膉,ʔiᴇk³̲³̲,ʔ,iᴇk̲̲,³,,,
33162,膊,pʰɑk³̲³̲,pʰ,ɑk̲̲,³,ph,a,̠ɡ
33163,膋,leu³³,l,eu,³³,ɡ,ə,r
33164,膌,tsiᴇk³̲³̲,ts,iᴇk̲̲,³,z,e,ɡ
33165,膍,bi³³,b,i,³³,b,i,̠
33166,膎,ɦɰɛ³³,ɦɰ,ɛ,³³,ɡr,e,̠
33167,膏,kɑu³³,k,ɑu,³³,k,o,̠w
33168,膐,,,,,,,
33169,膑,,,,,,,
33170,膒,ʔu³³,ʔ,u,³³,,,
33171,膓,,,,,ɡ‧l,a,ŋ
33172,膔,luk³̲³̲,l,uk̲̲,³,,,
33173,膕,kʷɰɛk³̲³̲,kʷɰ,ɛk̲̲,³,kʷr,ɯ,̠ɡ
33174,膖,pʰɰɔŋ³³,pʰɰɔŋ,,³³,,,
33175,膗,dʐʷɰɛi³³,dʐʷɰ,ɛi,³³,,,
33176,膘,pʰiᴇu³⁵,pʰ,iᴇu,³⁵,b,e,wʔ
33177,膙,kjaŋ³⁵,kj,aŋ,³⁵,,,
33178,膚,pjʊ³³,pj,ʊ,³³,pkl,a,
33179,膛,tʰɑŋ³³,tʰ,ɑŋ,³³,,,
33180,膜,mɑk³̲³̲,m,ɑk̲̲,³,m,a,̠ɡ
33181,膝,sit³̲³̲,s,it̲̲,³,sl,i,ɡ
33182,膞,tɕʷiᴇn³³,tɕʷ,iᴇn,³³,dj,o,nʔ
33183,膟,,,,,r,u,d
33184,膠,ɦɑu³³,ɦ,ɑu,³³,kr,ɯ,̠w
33185,膡,jɨŋ³¹,j,ɨŋ,³¹,,,
33186,膢,ljʊ³³,lj,ʊ,³³,ɡ,ə,r
33187,膣,,,,,,,
33188,膤,,,,,,,
33189,膥,,,,,,,
33190,膦,liᴇn³⁵,l,iᴇn,³⁵,,,
33191,膧,,,,,,,
33192,膨,bɰæŋ³³,bɰæŋ,,³³,,,
33193,膩,ɳi³¹,ɳ,i,³¹,n,i,s
33194,膪,ʈʷɰɛ³¹,ʈʷɰ,ɛ,³¹,,,
33195,膫,liᴇu³¹,l,iᴇu,³¹,ɡ,ə,r
33196,膬,tsʰʷiᴇt³̲³̲,tsʰʷ,iᴇt̲̲,³,skh,o,d
33197,膭,ku̯oi³³,k,u̯oi,³³,,,
33198,膮,heu³⁵,h,eu,³⁵,qh,e,̠w
33199,膯,tʰəŋ³³,tʰ,əŋ,³³,,,
33200,膰,bʷɑn³³,bʷ,ɑn,³³,b,a,n
33201,膱,tɕɨk³̲³̲,tɕ,ɨk̲̲,³,klj,ɯ,ɡ
33202,膲,tsiᴇu³³,ts,iᴇu,³³,sk,e,w
33203,膳,dʑiᴇn³¹,dʑ,iᴇn,³¹,dj,e,ns
33204,膴,mjʊ³³,mj,ʊ,³³,m,a,ʔ
33205,膵,,,,,,,
33206,膶,,,,,,,
33207,膷,hjaŋ³³,hj,aŋ,³³,qh,a,ŋ
33208,膸,sʷɰiᴇ³⁵,sʷɰ,iᴇ,³⁵,,,
33209,膹,bʷɨi³³,bʷ,ɨi,³³,b,ɯ,lʔ
33210,膺,ʔɨŋ³¹,ʔ,ɨŋ,³¹,qr,ɯ,ŋ
33211,膻,dɑn³⁵,d,ɑn,³⁵,d,a,̠nʔ
33212,膼,ʈʷɰæ³³,ʈʷɰæ,,³³,,,
33213,膽,tɑm³⁵,t,ɑm,³⁵,k‧l,a,̠mʔ
33214,膾,kʷɑi³¹,kʷ,ɑi,³¹,k,o,̠bs
33215,膿,nu̯oŋ³³,n,u̯oŋ,³³,n,u,̠ŋ
33216,臀,du̯on³³,d,u̯on,³³,d,u,̠n
33217,臁,liᴇm³³,l,iᴇm,³³,,,
33218,臂,pɰiᴇ³¹,pɰ,iᴇ,³¹,p,e,ɡs
33219,臃,ʔjʊŋ³⁵,ʔj,ʊŋ,³⁵,q,o,ŋ
33220,臄,ɡjɤ³³,ɡj,ɤ,³³,ɡl,a,ɡ
33221,臅,,,,,khlj,o,ɡ
33222,臆,ʔɨ³⁵,ʔ,ɨ,³⁵,qr,ɯ,ɡ
33223,臇,tsʷiᴇn³⁵,tsʷ,iᴇn,³⁵,sk,o,l
33224,臈,kɑt³̲³̲,k,ɑt̲̲,³,r,a,̠b
33225,臉,lɰɛm³⁵,lɰ,ɛm,³⁵,kr,o,mʔ
33226,臊,sɑu³³,s,ɑu,³³,sl,a,̠w
33227,臋,,,,,,,
33228,臌,,,,,,,
33229,臍,dzei³³,dz,ei,³³,z,i,̠l
33230,臎,tsʰʷi³¹,tsʰʷ,i,³¹,,,
33231,臏,bin³⁵,b,in,³⁵,b,i,nʔ
33232,臐,hjun³³,hj,un,³³,qh,u,n
33233,臑,ȵɨ³³,ȵ,ɨ,³³,nj,o,
33234,臒,ɡjʊ³³,ɡj,ʊ,³³,,,
33235,臓,,,,,,,
33236,臔,ɦen³⁵,ɦ,en,³⁵,,,
33237,臕,pɰiᴇu³³,pɰ,iᴇu,³³,,,
33238,臖,hɨŋ³¹,h,ɨŋ,³¹,,,
33239,臗,kʰʷɑn³³,kʰʷ,ɑn,³³,kh,u,̠n
33240,臘,lɑp³̲³̲,l,ɑp̲̲,³,r,a,̠b
33241,臙,,,,,,,
33242,臚,ljɤ³³,lj,ɤ,³³,ɡ,ə,r
33243,臛,hɑk³̲³̲,h,ɑk̲̲,³,qhʷ,u,̠ɡ
33244,臜,tsim³⁵,ts,im,³⁵,,,
33245,臝,lʷɑ³⁵,lʷ,ɑ,³⁵,r,o,̠lʔ
33246,臞,ɡjʊ³¹,ɡj,ʊ,³¹,ɡʷ,a,
33247,臟,dzɑŋ³¹,dz,ɑŋ,³¹,sɡ,a,̠ŋs
33248,臠,lʷiᴇn³⁵,lʷ,iᴇn,³⁵,ɡ,ə,r
33249,臡,ȵei³³,ȵ,ei,³³,mɡl,a,̠l
33250,臢,,,,,,,
33251,臣,dʑin³³,dʑ,in,³³,ɡj,i,ŋ
33252,臤,kʰɑn³³,kʰ,ɑn,³³,khr,i,̠n
33253,臥,ŋʷɑ³¹,ŋʷ,ɑ,³¹,ŋʷ,a,̠ls
33254,臦,kʷɰjæŋ³⁵,kʷɰjæŋ,,³⁵,kʷ,a,ŋs
33255,臧,dzɑŋ³³,dz,ɑŋ,³³,sk,a,̠ŋ
33256,臨,lim³³,l,im,³³,b,ə,r
33257,臩,kʷɰjæŋ³⁵,kʷɰjæŋ,,³⁵,kʷ,a,ŋʔ
33258,自,bi³¹,b,i,³¹,sb,i,ds
33259,臫,,,,,,,
33260,臬,ŋʷɰiᴇt³̲³̲,ŋʷɰ,iᴇt̲̲,³,ŋ,e,̠d
33261,臭,hɨu³¹,h,ɨu,³¹,khlj,u,s
33262,臮,ɡɰi³¹,ɡɰ,i,³¹,ɡbr,i,ds
33263,臯,kɑu³³,k,ɑu,³³,k,u,̠
33264,臰,tɕʰɨu³¹,tɕʰ,ɨu,³¹,,,
33265,臱,men³³,m,en,³³,mb,e,n
33266,臲,ŋet³̲³̲,ŋ,et̲̲,³,ŋ,e,̠d
33267,至,tɕi³¹,tɕ,i,³¹,klj,i,ɡs
33268,致,ʈʷiᴇi³¹,ʈʷ,iᴇi,³¹,k‧l,i,ɡs
33269,臵,kɰæk³̲³̲,kɰæk̲̲,,³,,,
33270,臶,,,,,,,
33271,臷,ɖit³̲³̲,ɖ,it̲̲,³,ɡ‧l,i,ɡ
33272,臸,tɕɨ³³,tɕ,ɨ,³³,mɡlj,i,ɡ
33273,臹,,,,,,,
33274,臺,dəi³³,d,əi,³³,d,ɯ,̠
33275,臻,tsen³³,ts,en,³³,sr,i,n
33276,臼,bu³³,b,u,³³,ɡ,u,ʔ
33277,臽,kʰəm³⁵,kʰ,əm,³⁵,ɡr,o,̠ms
33278,臾,ɡʷɰi³¹,ɡʷɰ,i,³¹,ɡr,u,ds
33279,臿,tʂʰɰɛp³̲³̲,tʂʰɰ,ɛp̲̲,³,skhr,e,̠b
33280,舀,jɨu³³,j,ɨu,³³,l,o,
33281,舁,kjɤ³⁵,kj,ɤ,³⁵,ɢl,a,
33282,舂,ɕjʊŋ³³,ɕj,ʊŋ,³³,qhlj,o,ŋ
33283,舃,tsʰjak³̲³̲,tsʰj,ak̲̲,³,,,
33284,舄,siᴇk³̲³̲,s,iᴇk̲̲,³,sl̥,a,ɡ
33285,舅,ɡɨu³⁵,ɡ,ɨu,³⁵,ɡ,u,ʔ
33286,舆,,,,,,,
33287,與,jɤ³¹,j,ɤ,³¹,ɢl,a,
33288,興,hɨŋ³¹,h,ɨŋ,³¹,qh,ɯ,ŋs
33289,舉,kjɤ³⁵,kj,ɤ,³⁵,kl,a,̠ʔ
33290,舊,ɡɨu³¹,ɡ,ɨu,³¹,ɡʷ,ɯ,s
33291,舋,,,,,m̥hr,ɯ,ns
33292,舌,ɦʷɰæt³̲³̲,ɦʷɰæt̲̲,,³,ɡr,o,̠d
33293,舍,ɕjæ³⁵,ɕjæ,,³⁵,qhlj,a,̠ʔ
33294,舎,,,,,,,
33295,舏,,,,,,,
33296,舐,ʑiᴇ³⁵,ʑ,iᴇ,³⁵,ɢj,e,ʔ
33297,舑,tʰɑm³³,tʰ,ɑm,³³,n̥,a,̠m
33298,舒,jɤ³¹,j,ɤ,³¹,qhlj,a,
33299,舓,ʑiᴇ³⁵,ʑ,iᴇ,³⁵,ɢlj,e,ʔ
33300,舔,,,,,,,
33301,舕,tʰɑm³¹,tʰ,ɑm,³¹,kh‧l,a,̠ms
33302,舖,,,,,,,
33303,舗,,,,,,,
33304,舘,kʷɑn³¹,kʷ,ɑn,³¹,,,
33305,舙,,,,,,,
33306,舚,tʰem³¹,tʰ,em,³¹,,,
33307,舛,tɕʰʷiᴇn³⁵,tɕʰʷ,iᴇn,³⁵,thj,o,nʔ
33308,舜,ɕʷin³¹,ɕʷ,in,³¹,l̥,u,ns
33309,舝,ɦɰæt³̲³̲,ɦɰæt̲̲,,³,ɡr,a,̠d
33310,舞,mjʊ³⁵,mj,ʊ,³⁵,m,a,ʔ
33311,舟,tɕɨu³³,tɕ,ɨu,³³,klj,u,
33312,舠,tɑu³³,t,ɑu,³³,,,
33313,舡,kʰɰɔŋ³³,kʰɰɔŋ,,³³,qhr,o,̠ŋ
33314,舢,,,,,,,
33315,舣,,,,,,,
33316,舤,,,,,,,
33317,舥,pʰɰæ³³,pʰɰæ,,³³,,,
33318,舦,tʰɑi³¹,tʰ,ɑi,³¹,,,
33319,舧,,,,,,,
33320,舨,pɰæn³⁵,pɰæn,,³⁵,,,
33321,舩,ʑʷiᴇn³³,ʑʷ,iᴇn,³³,ɢlj,o,n
33322,航,ɦɑŋ³³,ɦ,ɑŋ,³³,ɡ,a,̠ŋ
33323,舫,pɑŋ³¹,p,ɑŋ,³¹,p,a,̠ŋs
33324,般,pʷɑn³⁵,pʷ,ɑn,³⁵,pr,a,̠n
33325,舭,,,,,,,
33326,舮,,,,,,,
33327,舯,,,,,,,
33328,舰,ɦɰæm³⁵,ɦɰæm,,³⁵,,,
33329,舱,,,,,,,
33330,舲,leŋ³³,l,eŋ,³³,ɡ,ə,r
33331,舳,jɨu³¹,j,ɨu,³¹,ɡ‧l,ɯ,wɡ
33332,舴,ʈɰæk³̲³̲,ʈɰæk̲̲,,³,,,
33333,舵,dɑ³⁵,d,ɑ,³⁵,,,
33334,舶,ȵit³̲³̲,ȵ,it̲̲,³,,,
33335,舷,ɦen³³,ɦ,en,³³,ɡ,i,̠n
33336,舸,kɑ³⁵,k,ɑ,³⁵,k,a,̠lʔ
33337,船,ʑʷiᴇn³³,ʑʷ,iᴇn,³³,ɢlj,o,n
33338,舺,ɦɰɛp³̲³̲,ɦɰ,ɛp̲̲,³,,,
33339,舻,,,,,,,
33340,舼,ɦuŋ³³,ɦ,uŋ,³³,ɡ,o,ŋ
33341,舽,bɰɔŋ³³,bɰɔŋ,,³³,,,
33342,舾,,,,,,,
33343,舿,,,,,,,
33344,艀,bɨu³³,b,ɨu,³³,,,
33345,艁,dzɑu³⁵,dz,ɑu,³⁵,skh,u,̠ɡs
33346,艂,bjuŋ³³,bj,uŋ,³³,,,
33347,艃,lɨ³³,l,ɨ,³³,,,
33348,艄,ʂɰæu³³,ʂɰæ,u,³³,,,
33349,艅,jɤ³³,j,ɤ,³³,,,
33350,艆,lɑŋ³³,l,ɑŋ,³³,,,
33351,艇,deŋ³⁵,d,eŋ,³⁵,ɡ‧l,e,̠ŋʔ
33352,艈,,,,,,,
33353,艉,,,,,,,
33354,艊,bɰæk³̲³̲,bɰæk̲̲,,³,,,
33355,艋,mɰæŋ³⁵,mɰæŋ,,³⁵,,,
33356,艌,,,,,,,
33357,艍,,,,,,,
33358,艎,ɦʷɑŋ³³,ɦʷ,ɑŋ,³³,,,
33359,艏,ɕɨu³⁵,ɕ,ɨu,³⁵,qhlj,u,ʔ
33360,艐,tsuŋ³³,ts,uŋ,³³,sk,o,̠ŋ
33361,艑,ben³⁵,b,en,³⁵,b,e,̠nʔ
33362,艒,mjuk³̲³̲,mj,uk̲̲,³,m,ɯ,̠ɡ
33363,艓,dep³̲³̲,d,ep̲̲,³,,,
33364,艔,,,,,,,
33365,艕,pɑŋ³¹,p,ɑŋ,³¹,,,
33366,艖,tʂɰæ³⁵,tʂɰæ,,³⁵,shr,a,̠l
33367,艗,ŋek³̲³̲,ŋ,ek̲̲,³,ŋɡ,e,̠ɡ
33368,艘,sɑu³³,s,ɑu,³³,sl,u,̠w
33369,艙,,,,,,,
33370,艚,dzɑu³³,dz,ɑu,³³,,,
33371,艛,lu³³,l,u,³³,,,
33372,艜,tɑi³¹,t,ɑi,³¹,t,a,̠ds
33373,艝,,,,,,,
33374,艞,jiᴇu³¹,j,iᴇu,³¹,,,
33375,艟,tɕʰjʊŋ³³,tɕʰj,ʊŋ,³³,,,
33376,艠,,,,,,,
33377,艡,tʰɑŋ³¹,tʰ,ɑŋ,³¹,,,
33378,艢,dzjaŋ³³,dzj,aŋ,³³,,,
33379,艣,lu̯o³⁵,l,u̯o,³⁵,,,
33380,艤,ŋɰiᴇ³⁵,ŋɰ,iᴇ,³⁵,ŋr,a,lʔ
33381,艥,tsiᴇp³̲³̲,ts,iᴇp̲̲,³,,,
33382,艦,ɦɰæm³⁵,ɦɰæm,,³⁵,ɡr,a,̠mʔ
33383,艧,,,,,,,
33384,艨,muŋ³³,m,uŋ,³³,m,o,̠ŋs
33385,艩,,,,,,,
33386,艪,,,,,,,
33387,艫,ljɤ³³,lj,ɤ,³³,ɡ,ə,r
33388,艬,dʐɰæm³³,dʐɰæm,,³³,,,
33389,艭,ʂɰɔŋ³³,ʂɰɔŋ,,³³,,,
33390,艮,kən³¹,k,ən,³¹,k,ɯ,̠ns
33391,良,ljaŋ³⁵,lj,aŋ,³⁵,r,a,ŋ
33392,艰,kɰɛn³³,kɰ,ɛn,³³,,,
33393,艱,kɰin³³,kɰ,in,³³,kr,ɯ,̠n
33394,色,tsʰeŋ³¹,tsʰ,eŋ,³¹,sr,ɯ,ɡ
33395,艳,jiᴇm³¹,j,iᴇm,³¹,,,
33396,艴,pʰjut³̲³̲,pʰj,ut̲̲,³,ph,ɯ,d
33397,艵,beŋ³³,b,eŋ,³³,ph,e,̠ŋ
33398,艶,jiᴇm³¹,j,iᴇm,³¹,,,
33399,艷,jiᴇm³¹,j,iᴇm,³¹,l,a,ms
33400,艸,tsʰɑu³⁵,tsʰ,ɑu,³⁵,sh,u,̠ʔ
33401,艹,,,,,,,
33402,艺,ŋiᴇi³¹,ŋ,iᴇi,³¹,,,
33403,艻,lək³̲³̲,l,ək̲̲,³,,,
33404,艼,deŋ³³,d,eŋ,³³,th,e,̠ŋ
33405,艽,ɡʷɰi³³,ɡʷɰ,i,³³,kr,ɯ,̠w
33406,艾,ŋɑi³¹,ŋ,ɑi,³¹,ŋ,a,ds
33407,艿,ȵɨŋ³¹,ȵ,ɨŋ,³¹,nj,ɯ,ŋ
33408,芀,deu³³,d,eu,³³,t,e,̠w
33409,芁,kɰæu³³,kɰæ,u,³³,,,
33410,节,tset³̲³̲,ts,et̲̲,³,,,
33411,芃,bjuŋ³³,bj,uŋ,³³,b,o,̠m
33412,芄,ɦʷɑn³³,ɦʷ,ɑn,³³,ɡl,o,̠n
33413,芅,jɨk³̲³̲,j,ɨk̲̲,³,l,ɯ,ɡ
33414,芆,tʂʰɰæ³³,tʂʰɰæ,,³³,,,
33415,芇,miᴇn³³,m,iᴇn,³³,m,e,̠nʔ
33416,芈,miᴇ³⁵,m,iᴇ,³⁵,m,e,ʔ
33417,芉,kɑn³⁵,k,ɑn,³⁵,,,
33418,芊,tsʰen³³,tsʰ,en,³³,sn̥,i,̠n
33419,芋,ɦʲjʊ³¹,ɦʲj,ʊ,³¹,ɢʷ,a,s
33420,芌,ɦʲjʊ³¹,ɦʲj,ʊ,³¹,,,
33421,芍,keu³⁵,k,eu,³⁵,p‧l,e,̠wɡ
33422,芎,kʰjuŋ³³,kʰj,uŋ,³³,khʷ,ɯ,ŋ
33423,芏,du̯o³¹,d,u̯o,³¹,kh‧l,a,̠ʔ
33424,芐,ɦu̯o³⁵,ɦ,u̯o,³⁵,ɡ,a,̠ʔ
33425,芑,kʰɨ³⁵,kʰ,ɨ,³⁵,kh,ɯ,ʔ
33426,芒,mʷjaŋ³³,mʷj,aŋ,³³,m,a,̠ŋ
33427,芓,dzɨ³¹,dz,ɨ,³¹,sɡ,ɯ,s
33428,芔,hʷɨi³¹,hʷ,ɨi,³¹,m̥h,u,ls
33429,芕,,,,,,,
33430,芖,,,,,,,
33431,芗,,,,,,,
33432,芘,pi³¹,p,i,³¹,b,i,s
33433,芙,bjʊ³³,bj,ʊ,³³,b,a,
33434,芚,du̯on³³,d,u̯on,³³,ɡ‧l,u,̠n
33435,芛,jʷiᴇ³⁵,jʷ,iᴇ,³⁵,ɢʷ,e,lʔ
33436,芜,mjʊ³³,mj,ʊ,³³,,,
33437,芝,tɕɨ³³,tɕ,ɨ,³³,klj,ɯ,
33438,芞,ɡɨt³̲³̲,ɡ,ɨt̲̲,³,,,
33439,芟,ʂɰæm³³,ʂɰæm,,³³,sr,o,̠m
33440,芠,mjun³³,mj,un,³³,m,ɯ,n
33441,芡,ɡɰiᴇm³⁵,ɡɰ,iᴇm,³⁵,ɡr,o,mʔ
33442,芢,ȵin³³,ȵ,in,³³,,,
33443,芣,pɨu³⁵,p,ɨu,³⁵,b,ɯ,
33444,芤,kʰu³³,kʰ,u,³³,kh,o,̠
33445,芥,kɰɛi³¹,kɰ,ɛi,³¹,kr,e,̠ds
33446,芦,lu̯o³³,l,u̯o,³³,,,
33447,芧,ɖjɤ³⁵,ɖj,ɤ,³⁵,ɡ‧l,a,ʔ
33448,芨,kip³̲³̲,k,ip̲̲,³,kr,ɯ,b
33449,芩,ɡɰim³³,ɡɰ,im,³³,ɡr,ɯ,m
33450,芪,ɡiᴇ³³,ɡ,iᴇ,³³,ɡ,e,
33451,芫,ŋʷjɤn³³,ŋʷj,ɤn,³³,ŋɡ,o,n
33452,芬,pʰjun³³,pʰj,un,³³,ph,ɯ,n
33453,芭,pʰɰæ³³,pʰɰæ,,³³,pr,a,̠
33454,芮,ȵʷin³¹,ȵʷ,in,³¹,nj,o,bs
33455,芯,sim³³,s,im,³³,,,
33456,芰,ɡɰiᴇ³¹,ɡɰ,iᴇ,³¹,ɡr,e,s
33457,花,hʷɰæ³³,hʷɰæ,,³³,ŋ̊hʷr,a,̠
33458,芲,,,,,,,
33459,芳,pʰʷjaŋ³³,pʰʷj,aŋ,³³,ph,a,ŋ
33460,芴,hu̯ot³̲³̲,h,u̯ot̲̲,³,m,ɯ,d
33461,芵,kʷet³̲³̲,kʷ,et̲̲,³,kʷ,e,̠d
33462,芶,,,,,,,
33463,芷,tɕɨ³⁵,tɕ,ɨ,³⁵,klj,ɯ,ʔ
33464,芸,ɦʲjun³³,ɦʲj,un,³³,ɢʷ,ɯ,n
33465,芹,kɨn³⁵,k,ɨn,³⁵,ɡ,ɯ,n
33466,芺,ʔɑu³⁵,ʔ,ɑu,³⁵,qr,o,wʔ
33467,芻,tʂɨu³³,tʂ,ɨu,³³,shr,o,
33468,芼,mɑu³¹,m,ɑu,³¹,m,a,̠ws
33469,芽,ŋɰæ³³,ŋɰæ,,³³,ŋɡr,a,̠
33470,芾,pjut³̲³̲,pj,ut̲̲,³,p,u,d
33471,芿,ȵɨŋ³¹,ȵ,ɨŋ,³¹,,,
33472,苀,ɦɑŋ³³,ɦ,ɑŋ,³³,k,a,̠ŋ
33473,苁,tsuŋ³⁵,ts,uŋ,³⁵,,,
33474,苂,,,,,l,e,w
33475,苃,,,,,,,
33476,苄,,,,,,,
33477,苅,,,,,,,
33478,苆,,,,,,,
33479,苇,ɦʲʷɨi³⁵,ɦʲʷ,ɨi,³⁵,,,
33480,苈,,,,,,,
33481,苉,,,,,,,
33482,苊,,,,,,,
33483,苋,ɦɰɛn³¹,ɦɰ,ɛn,³¹,,,
33484,苌,,,,,,,
33485,苍,tsʰɑŋ³³,tsʰ,ɑŋ,³³,,,
33486,苎,ɖjɤ³⁵,ɖj,ɤ,³⁵,,,
33487,苏,su̯o³³,s,u̯o,³³,,,
33488,苐,tʂɨ³⁵,tʂ,ɨ,³⁵,ɡ‧l,i,̠l
33489,苑,ʔʷjɤn³⁵,ʔʷj,ɤn,³⁵,q,o,ns
33490,苒,ȵiᴇm³⁵,ȵ,iᴇm,³⁵,nj,a,mʔ
33491,苓,leŋ³³,l,eŋ,³³,ɡ,ə,r
33492,苔,dəi³³,d,əi,³³,ɡ‧l,ɯ,̠
33493,苕,dʑiᴇu³³,dʑ,iᴇu,³³,d,e,̠w
33494,苖,dek³̲³̲,d,ek̲̲,³,kh‧l,ɯ,wɡ
33495,苗,ʈʰjuk³̲³̲,ʈʰj,uk̲̲,³,mr,e,w
33496,苘,kʰʷeŋ³⁵,kʰʷ,eŋ,³⁵,khʷ,e,ŋʔ
33497,苙,ɡɰip³̲³̲,ɡɰ,ip̲̲,³,ɡ,ə,r
33498,苚,,,,,,,
33499,苛,ɦɑ³⁵,ɦ,ɑ,³⁵,ɡ,a,̠l
33500,苜,met³̲³̲,m,et̲̲,³,m,u,ɡ
33501,苝,bu̯oi³¹,b,u̯oi,³¹,b,ɯ,̠ɡs
33502,苞,bɰæu³³,bɰæ,u,³³,pr,u,̠
33503,苟,kjʊ³⁵,kj,ʊ,³⁵,k,o,̠ʔ
33504,苠,mɰin³³,mɰ,in,³³,,,
33505,苡,jɨ³⁵,j,ɨ,³⁵,ɢl,ɯ,ʔ
33506,苢,ʔʷɑ³³,ʔʷ,ɑ,³³,ɢl,ɯ,ʔ
33507,苣,ɡjɤ³⁵,ɡj,ɤ,³⁵,ɡ,a,ʔ
33508,苤,pʰɰi³³,pʰɰ,i,³³,,,
33509,若,ȵjæ³⁵,ȵjæ,,³⁵,nj,a,ɡ
33510,苦,kʰu̯o³¹,kʰ,u̯o,³¹,kh,a,̠ʔ
33511,苧,ɖjɤ³⁵,ɖj,ɤ,³⁵,d,a,ʔ
33512,苨,nei³⁵,n,ei,³⁵,n,i,̠lʔ
33513,苩,pʰɰæ³³,pʰɰæ,,³³,,,
33514,苪,pɰjæŋ³⁵,pɰjæŋ,,³⁵,,,
33515,苫,ɕiᴇm³³,ɕ,iᴇm,³³,qhlj,e,m
33516,苬,zɨu³³,z,ɨu,³³,sɢ,u,
33517,苭,ʔeu³⁵,ʔ,eu,³⁵,,,
33518,苮,siᴇn³³,s,iᴇn,³³,,,
33519,苯,pu̯on³⁵,p,u̯on,³⁵,p,ɯ,̠nʔ
33520,苰,ɦʷəŋ³³,ɦʷ,əŋ,³³,,,
33521,英,ʔɰɛŋ³³,ʔɰ,ɛŋ,³³,qr,a,ŋ
33522,苲,dzɑk³̲³̲,dz,ɑk̲̲,³,sr,a,̠ɡ
33523,苳,tu̯oŋ³³,t,u̯oŋ,³³,t,u,̠ŋ
33524,苴,tsjæ³³,tsjæ,,³³,sk,a,
33525,苵,det³̲³̲,d,et̲̲,³,l,i,̠ɡ
33526,苶,nep³̲³̲,n,ep̲̲,³,nj,e,d
33527,苷,kɑm³³,k,ɑm,³³,k,a,̠m
33528,苸,hu̯o³³,h,u̯o,³³,,,
33529,苹,bin³³,b,in,³³,br,e,ŋ
33530,苺,mɑu³⁵,m,ɑu,³⁵,m,ɯ,̠s
33531,苻,bjʊ³³,bj,ʊ,³³,b,o,
33532,苼,ʂɰæŋ³³,ʂɰæŋ,,³³,,,
33533,苽,ku̯o³³,k,u̯o,³³,kʷ,a,̠
33534,苾,bit³̲³̲,b,it̲̲,³,bl,i,̠ɡ
33535,苿,,,,,,,
33536,茀,pʰjut³̲³̲,pʰj,ut̲̲,³,p,ɯ,ds
33537,茁,ʈʷit³̲³̲,ʈʷ,it̲̲,³,k‧l,u,d
33538,茂,mu³¹,m,u,³¹,m,u,̠s
33539,范,bju̯am³⁵,bj,u̯am,³⁵,b,a,mʔ
33540,茄,ɡjɑ³³,ɡj,ɑ,³³,kr,a,̠l
33541,茅,mu̯oi³¹,m,u̯oi,³¹,mr,u,̠
33542,茆,mɰæu³⁵,mɰæ,u,³⁵,mbr,u,̠ʔ
33543,茇,bɑi³¹,b,ɑi,³¹,p,o,̠d
33544,茈,dziᴇ³³,dz,iᴇ,³³,zr,e,̠
33545,茉,,,,,,,
33546,茊,,,,,,,
33547,茋,tɕi³⁵,tɕ,i,³⁵,,,
33548,茌,dʐɨ³³,dʐ,ɨ,³³,zr,ɯ,
33549,茍,ku³⁵,k,u,³⁵,k,ɯ,ɡ
33550,茎,ɦɰɛŋ³³,ɦɰ,ɛŋ,³³,,,
33551,茏,,,,,,,
33552,茐,,,,,,,
33553,茑,,,,,,,
33554,茒,mɑu³⁵,m,ɑu,³⁵,,,
33555,茓,,,,,,,
33556,茔,jʷiᴇŋ³³,jʷ,iᴇŋ,³³,,,
33557,茕,,,,,,,
33558,茖,kʷɰæk³̲³̲,kʷɰæk̲̲,,³,kr,a,̠ɡ
33559,茗,meŋ³⁵,m,eŋ,³⁵,m,e,̠ŋʔ
33560,茘,lei³¹,l,ei,³¹,,,
33561,茙,ȵjuŋ³³,ȵj,uŋ,³³,nj,u,ŋ
33562,茚,,,,,,,
33563,茛,kən³¹,k,ən,³¹,,,
33564,茜,tsʰen³¹,tsʰ,en,³¹,sh,ɯ,̠ns
33565,茝,tɕʰei³⁵,tɕʰ,ei,³⁵,khj,ɯ,ʔ
33566,茞,dʑin³³,dʑ,in,³³,ɡj,i,ŋ
33567,茟,jʷit³̲³̲,jʷ,it̲̲,³,b,ə,l
33568,茠,hɑu³³,h,ɑu,³³,qh,u,̠
33569,茡,dzɨ³¹,dz,ɨ,³¹,sɡ,ɯ,s
33570,茢,liᴇt³̲³̲,l,iᴇt̲̲,³,r,e,d
33571,茣,ŋu̯o³³,ŋ,u̯o,³³,,,
33572,茤,tɑ³³,t,ɑ,³³,,,
33573,茥,kʷei³¹,kʷ,ei,³¹,khʷ,e,̠
33574,茦,tsʰiᴇ³¹,tsʰ,iᴇ,³¹,shr,e,̠ɡ
33575,茧,ken³⁵,k,en,³⁵,,,
33576,茨,dzi³³,dz,i,³³,z,i,
33577,茩,ɦu³⁵,ɦ,u,³⁵,k,o,̠ʔ
33578,茪,kʷɑŋ³³,kʷ,ɑŋ,³³,kʷ,a,̠ŋ
33579,茫,mɑŋ³³,m,ɑŋ,³³,m,a,̠ŋ
33580,茬,dʐɰæ³³,dʐɰæ,,³³,sr,ɯ,
33581,茭,kɰæu³³,kɰæ,u,³³,kr,e,̠wʔ
33582,茮,tsiᴇu³³,ts,iᴇu,³³,sk,i,w
33583,茯,bɰi³¹,bɰ,i,³¹,b,ɯ,ɡ
33584,茰,jʊ³⁵,j,ʊ,³⁵,,,
33585,茱,dʑjʊ³³,dʑj,ʊ,³³,dj,o,
33586,茲,tsɨ³³,ts,ɨ,³³,s,ɯ,
33587,茳,kɰɔŋ³³,kɰɔŋ,,³³,kr,o,̠ŋ
33588,茴,ɦu̯oi³³,ɦ,u̯oi,³³,,,
33589,茵,ʔin³³,ʔ,in,³³,q,i,n
33590,茶,ɖɰæ³³,ɖɰæ,,³³,,,
33591,茷,pʷɑt³̲³̲,pʷ,ɑt̲̲,³,p,a,̠ds
33592,茸,ȵjuŋ³³,ȵj,uŋ,³³,nj,o,ŋ
33593,茹,ɳɰæ³³,ɳɰæ,,³³,nj,a,ʔ
33594,茺,tɕʰjuŋ³³,tɕʰj,uŋ,³³,,,
33595,茻,mu̯o³⁵,m,u̯o,³⁵,m,a,̠ŋʔ
33596,茼,,,,,,,
33597,茽,ɖjuŋ³¹,ɖj,uŋ,³¹,,,
33598,茾,kʰen³³,kʰ,en,³³,,,
33599,茿,ʈjuk³̲³̲,ʈj,uk̲̲,³,t,u,ɡ
33600,荀,sʷin³³,sʷ,in,³³,sqhʷ,i,n
33601,荁,ɦʷɑn³³,ɦʷ,ɑn,³³,ɢ,o,̠n
33602,荂,pʰjʊ³³,pʰj,ʊ,³³,pkh,a,
33603,荃,tsʰʷiᴇn³³,tsʰʷ,iᴇn,³³,skh,o,n
33604,荄,kəi³³,k,əi,³³,kr,ɯ,̠
33605,荅,təp³̲³̲,t,əp̲̲,³,k‧l,u,̠b
33606,荆,kɰjæŋ³³,kɰjæŋ,,³³,k,e,ŋ
33607,荇,ɦɰæŋ³⁵,ɦɰæŋ,,³⁵,ɡr,a,̠ŋʔ
33608,荈,tɕʰʷiᴇn³⁵,tɕʰʷ,iᴇn,³⁵,,,
33609,草,tsʰɑu³⁵,tsʰ,ɑu,³⁵,sh,u,̠ʔ
33610,荊,kɰjæŋ³³,kɰjæŋ,,³³,k,e,ŋ
33611,荋,ȵəi³³,ȵ,əi,³³,nj,ɯ,
33612,荌,ʔɑn³¹,ʔ,ɑn,³¹,q,a,̠ns
33613,荍,ɡiᴇu³³,ɡ,iᴇu,³³,ɡ,i,w
33614,荎,det³̲³̲,d,et̲̲,³,ɡ‧l,i,̠ɡ
33615,荏,ȵim³⁵,ȵ,im,³⁵,mblj,u,mʔ
33616,荐,dzen³¹,dz,en,³¹,z,ɯ,̠ns
33617,荑,ji³³,j,i,³³,b‧l,i,̠
33618,荒,kʰɑŋ³³,kʰ,ɑŋ,³³,m̥h,a,̠ŋs
33619,荓,beŋ³³,b,eŋ,³³,b,e,̠ŋ
33620,荔,liᴇ³¹,l,iᴇ,³¹,ɡ,ə,r
33621,荕,,,,,,,
33622,荖,,,,,,,
33623,荗,,,,,,,
33624,荘,,,,,,,
33625,荙,,,,,,,
33626,荚,kep³̲³̲,k,ep̲̲,³,,,
33627,荛,,,,,,,
33628,荜,,,,,,,
33629,荝,,,,,,,
33630,荞,ɡɰiᴇu³³,ɡɰ,iᴇu,³³,,,
33631,荟,,,,,,,
33632,荠,dzei³⁵,dz,ei,³⁵,,,
33633,荡,dɑŋ³⁵,d,ɑŋ,³⁵,,,
33634,荢,,,,,,,
33635,荣,ɦʲʷɰjæŋ³³,ɦʲʷɰjæŋ,,³³,,,
33636,荤,hjun³³,hj,un,³³,,,
33637,荥,ɦʷeŋ³³,ɦʷ,eŋ,³³,,,
33638,荦,,,,,,,
33639,荧,,,,,,,
33640,荨,,,,,,,
33641,荩,,,,,,,
33642,荪,,,,,,,
33643,荫,,,,,,,
33644,荬,,,,,,,
33645,荭,,,,,,,
33646,荮,,,,,,,
33647,药,jak³̲³̲,j,ak̲̲,³,,,
33648,荰,du̯o³⁵,d,u̯o,³⁵,,,
33649,荱,mʷɨi³⁵,mʷ,ɨi,³⁵,,,
33650,荲,lɨ³³,l,ɨ,³³,km̥hr,ɯ,ɡ
33651,荳,du³¹,d,u,³¹,,,
33652,荴,,,,,ph,a,
33653,荵,ȵin³¹,ȵ,in,³¹,nj,ɯ,nʔ
33654,荶,ŋɰim³³,ŋɰ,im,³³,,,
33655,荷,kɑ³⁵,k,ɑ,³⁵,ɡ,a,̠l
33656,荸,,,,,,,
33657,荹,bu̯o³¹,b,u̯o,³¹,b,a,̠
33658,荺,ɦʲʷin³³,ɦʲʷ,in,³³,ɢʷr,i,n
33659,荻,dek³̲³̲,d,ek̲̲,³,d,e,̠ɡ
33660,荼,jɤ³³,j,ɤ,³³,ɢlj,a,̠
33661,荽,sʷi³³,sʷ,i,³³,,,
33662,荾,sʷi³³,sʷ,i,³³,,,
33663,荿,dʑiᴇŋ³³,dʑ,iᴇŋ,³³,,,
33664,莀,dʑin³³,dʑ,in,³³,,,
33665,莁,mjʊ³³,mj,ʊ,³³,m,a,
33666,莂,pʷɰiᴇt³̲³̲,pʷɰ,iᴇt̲̲,³,pr,e,d
33667,莃,hɨi³³,h,ɨi,³³,qhl,ɯ,l
33668,莄,kɰæŋ³⁵,kɰæŋ,,³⁵,,,
33669,莅,lit³̲³̲,l,it̲̲,³,r,ɯ,bs
33670,莆,pjʊ³⁵,pj,ʊ,³⁵,p,a,ʔ
33671,莇,ɖjɤ³¹,ɖj,ɤ,³¹,,,
33672,莈,mu̯ot³̲³̲,m,u̯ot̲̲,³,,,
33673,莉,ɖɨ³³,ɖ,ɨ,³³,,,
33674,莊,tʂjaŋ³³,tʂj,aŋ,³³,skr,a,ŋ
33675,莋,dziᴇk³̲³̲,dz,iᴇk̲̲,³,z,a,̠ɡ
33676,莌,tʰʷɑt³̲³̲,tʰʷ,ɑt̲̲,³,ɡ‧l,o,̠d
33677,莍,ɡju³³,ɡj,u,³³,ɡ,u,
33678,莎,sʷɑ³³,sʷ,ɑ,³³,sl,o,̠l
33679,莏,sʷɑ³³,sʷ,ɑ,³³,,,
33680,莐,ɖim³³,ɖ,im,³³,ɡ‧l,u,m
33681,莑,pʰjʊŋ³³,pʰj,ʊŋ,³³,ph,o,ŋ
33682,莒,kjɤ³⁵,kj,ɤ,³⁵,kl,a,ʔ
33683,莓,məi³¹,m,əi,³¹,m,ɯ,s
33684,莔,hɨt³̲³̲,h,ɨt̲̲,³,mɡʷr,a,̠ŋ
33685,莕,ɦɰæŋ³⁵,ɦɰæŋ,,³⁵,ɡr,a,̠ŋʔ
33686,莖,ʔɰɛŋ³³,ʔɰ,ɛŋ,³³,qr,e,̠ŋ
33687,莗,tɕʰjæ³³,tɕʰjæ,,³³,,,
33688,莘,ʂɪn³³,ʂ,ɪn,³³,sr,i,ŋ
33689,莙,kʷɰin³³,kʷɰ,in,³³,kr,u,n
33690,莚,jiᴇn³³,j,iᴇn,³³,,,
33691,莛,deŋ³⁵,d,eŋ,³⁵,ɡ‧l,e,̠ŋ
33692,莜,dek³̲³̲,d,ek̲̲,³,ɡ‧l,ɯ,̠ws
33693,莝,tsʰʷɑ³¹,tsʰʷ,ɑ,³¹,sh,o,̠ls
33694,莞,ɦʷɰæn³¹,ɦʷɰæn,,³¹,k,o,̠n
33695,莟,ɦəm³⁵,ɦ,əm,³⁵,ɡ,ɯ,̠ms
33696,莠,jɨu³⁵,j,ɨu,³⁵,l,u,ʔ
33697,莡,tsʰɑk³̲³̲,tsʰ,ɑk̲̲,³,,,
33698,莢,kep³̲³̲,k,ep̲̲,³,k,e,̠b
33699,莣,mʷjaŋ³¹,mʷj,aŋ,³¹,m,a,ŋ
33700,莤,ʂjuk³̲³̲,ʂj,uk̲̲,³,sqr,u,ɡ
33701,莥,ʈʰɨu³⁵,ʈʰ,ɨu,³⁵,m‧l,u,ʔ
33702,莦,ʂɰæu³³,ʂɰæ,u,³³,spr,e,̠w
33703,莧,ɦen³¹,ɦ,en,³¹,ɡr,e,̠ns
33704,莨,lɑŋ³³,l,ɑŋ,³³,r,a,̠ŋs
33705,莩,bɰiᴇu³⁵,bɰ,iᴇu,³⁵,ph,u,w
33706,莪,ŋɑ³³,ŋ,ɑ,³³,ŋ,a,̠l
33707,莫,mu̯o³¹,m,u̯o,³¹,m,a,̠ɡ
33708,莬,mjun³¹,mj,un,³¹,m,u,ns
33709,莭,tset³̲³̲,ts,et̲̲,³,,,
33710,莮,nəm³³,n,əm,³³,,,
33711,莯,muk³̲³̲,m,uk̲̲,³,,,
33712,莰,,,,,,,
33713,莱,,,,,,,
33714,莲,len³³,l,en,³³,,,
33715,莳,,,,,,,
33716,莴,ʔʷɑ³³,ʔʷ,ɑ,³³,,,
33717,莵,,,,,,,
33718,莶,,,,,,,
33719,获,ɦʷɰɛk³̲³̲,ɦʷɰ,ɛk̲̲,³,,,
33720,莸,,,,,,,
33721,莹,,,,,,,
33722,莺,ʔɰɛŋ³³,ʔɰ,ɛŋ,³³,,,
33723,莻,,,,,,,
33724,莼,dʑʷin³³,dʑʷ,in,³³,,,
33725,莽,mɑŋ³⁵,m,ɑŋ,³⁵,m,a,̠ŋʔ
33726,莾,,,,,,,
33727,莿,tsʰiᴇ³¹,tsʰ,iᴇ,³¹,sh,e,ɡs
33728,菀,ʔʷjɤt³̲³̲,ʔʷj,ɤt̲̲,³,q,o,nʔ
33729,菁,tsiᴇŋ³³,ts,iᴇŋ,³³,s,e,ŋ
33730,菂,ɦeu³⁵,ɦ,eu,³⁵,p‧l,e,̠wɡ
33731,菃,ɡjɤ³³,ɡj,ɤ,³³,,,
33732,菄,tuŋ³³,t,uŋ,³³,,,
33733,菅,kɰæn³³,kɰæn,,³³,kr,o,̠n
33734,菆,tʂʰjʊ³¹,tʂʰj,ʊ,³¹,skhr,o,s
33735,菇,ku̯o³³,k,u̯o,³³,,,
33736,菈,ləp³̲³̲,l,əp̲̲,³,r,u,̠b
33737,菉,,,,,b,ə,r
33738,菊,kjuk³̲³̲,kj,uk̲̲,³,k,u,ɡ
33739,菋,mɰɛi³¹,mɰ,ɛi,³¹,m,ɯ,ds
33740,菌,ɡʷjɤn³⁵,ɡʷj,ɤn,³⁵,ɡr,u,nʔ
33741,菍,net³̲³̲,n,et̲̲,³,,,
33742,菎,ku̯on³⁵,k,u̯on,³⁵,k,u,̠n
33743,菏,kɑ³³,k,ɑ,³³,k,a,̠l
33744,菐,bu̯ok³̲³̲,b,u̯ok̲̲,³,p,u,ɡ
33745,菑,tʂɨ³³,tʂ,ɨ,³³,sr,ɯ,
33746,菒,kɑu³⁵,k,ɑu,³⁵,k,a,̠wʔ
33747,菓,kʷɑ³⁵,kʷ,ɑ,³⁵,kl,o,̠lʔ
33748,菔,bjuk³̲³̲,bj,uk̲̲,³,b,ɯ,̠ɡ
33749,菕,lu̯on³³,l,u̯on,³³,ɡ,ə,r
33750,菖,tɕʰjaŋ³³,tɕʰj,aŋ,³³,thj,a,ŋ
33751,菗,ɖɨu³³,ɖ,ɨu,³³,,,
33752,菘,sjuŋ³³,sj,uŋ,³³,,,
33753,菙,tɕʷɰiᴇ³⁵,tɕʷɰ,iᴇ,³⁵,dj,o,lʔ
33754,菚,dʐɰæn³¹,dʐɰæn,,³¹,,,
33755,菛,mu̯on³³,m,u̯on,³³,,,
33756,菜,tsʰəi³¹,tsʰ,əi,³¹,sh,ɯ,̠s
33757,菝,bʷɑt³̲³̲,bʷ,ɑt̲̲,³,,,
33758,菞,lei³³,l,ei,³³,r,i,ls
33759,菟,du̯o³³,d,u̯o,³³,th,a,̠s
33760,菠,pʷɑ³³,pʷ,ɑ,³³,,,
33761,菡,ɦəm³⁵,ɦ,əm,³⁵,ɡ,u,̠mʔ
33762,菢,bɑu³¹,b,ɑu,³¹,,,
33763,菣,kʰen³¹,kʰ,en,³¹,kh,i,̠ns
33764,菤,kʷɰiᴇn³¹,kʷɰ,iᴇn,³¹,kr,o,nʔ
33765,菥,siᴇ³³,s,iᴇ,³³,sl,e,
33766,菦,kɨn³⁵,k,ɨn,³⁵,k,ɯ,nʔ
33767,菧,tei³⁵,t,ei,³⁵,t,i,̠lʔ
33768,菨,ʂɰɛp³̲³̲,ʂɰ,ɛp̲̲,³,s,e,b
33769,菩,bu̯o³³,b,u̯o,³³,b,ɯ,ʔ
33770,菪,,,,,,,
33771,菫,,,,,ɡr,ɯ,n
33772,菬,tɕiᴇu³⁵,tɕ,iᴇu,³⁵,sd,e,w
33773,菭,ɖi³³,ɖ,i,³³,ɡ‧l,ɯ,̠
33774,菮,kɰæŋ³³,kɰæŋ,,³³,,,
33775,華,pʷɑn³³,pʷ,ɑn,³³,qhʷr,a,̠
33776,菰,ku̯o³³,k,u̯o,³³,kʷ,a,̠
33777,菱,lɨŋ³³,l,ɨŋ,³³,b,ə,r
33778,菲,pʰʷɨi³³,pʰʷ,ɨi,³³,ph,ɯ,l
33779,菳,ɡɰim³³,ɡɰ,im,³³,khr,ɯ,m
33780,菴,ʔɰiᴇm³³,ʔɰ,iᴇm,³³,q,o,̠m
33781,菵,mʷjaŋ³⁵,mʷj,aŋ,³⁵,,,
33782,菶,buŋ³³,b,uŋ,³³,p,o,̠ŋʔ
33783,菷,,,,,,,
33784,菸,ʔjɤ³³,ʔj,ɤ,³³,q,a,s
33785,菹,tsjɤ³¹,tsj,ɤ,³¹,skr,a,
33786,菺,ken³³,k,en,³³,k,e,̠n
33787,菻,mɰæ³³,mɰæ,,³³,ɡ,ə,r
33788,菼,dɑm³⁵,d,ɑm,³⁵,kh‧l,a,̠mʔ
33789,菽,tsiᴇu³³,ts,iᴇu,³³,qhj,ɯ,wɡ
33790,菾,tʰem³¹,tʰ,em,³¹,,,
33791,菿,ʈɰɔk³̲³̲,ʈɰɔk̲̲,,³,t,a,̠ws
33792,萀,hu̯o³⁵,h,u̯o,³⁵,,,
33793,萁,kɨ³³,k,ɨ,³³,k,ɯ,
33794,萂,ɦʷɑ³³,ɦʷ,ɑ,³³,,,
33795,萃,tsʰʷi³¹,tsʰʷ,i,³¹,z,u,ds
33796,萄,dɑu³³,d,ɑu,³³,b‧l,u,̠
33797,萅,tɕʰʷin³³,tɕʰʷ,in,³³,,,
33798,萆,bɰɛt³̲³̲,bɰ,ɛt̲̲,³,b,e,ɡ
33799,萇,ɖjaŋ³³,ɖj,aŋ,³³,ɡ‧l,a,ŋ
33800,萈,ɦʷɑn³³,ɦʷ,ɑn,³³,ɡ,o,̠n
33801,萉,bʷɨi³¹,bʷ,ɨi,³¹,b,ɯ,ls
33802,萊,ləi³³,l,əi,³³,ɡ,ə,r
33803,萋,tsʰi³³,tsʰ,i,³³,sh,i,̠l
33804,萌,mɰjæŋ³³,mɰjæŋ,,³³,mɡʷr,a,ŋ
33805,萍,beŋ³³,b,eŋ,³³,b,e,̠ŋ
33806,萎,ʔʷɰiᴇ³³,ʔʷɰ,iᴇ,³³,qr,o,l
33807,萏,dəm³⁵,d,əm,³⁵,ɡ‧l,o,̠mʔ
33808,萐,ʂɰɛp³̲³̲,ʂɰ,ɛp̲̲,³,zr,e,̠b
33809,萑,tɕʷi³³,tɕʷ,i,³³,klj,u,l
33810,萒,jʷiᴇn³⁵,jʷ,iᴇn,³⁵,ɢ,o,nʔ
33811,萓,ŋɰiᴇ³³,ŋɰ,iᴇ,³³,,,
33812,萔,,,,,,,
33813,萕,,,,,,,
33814,萖,,,,,,,
33815,萗,,,,,,,
33816,萘,nɑt³̲³̲,n,ɑt̲̲,³,,,
33817,萙,,,,,,,
33818,萚,,,,,,,
33819,萛,,,,,,,
33820,萜,,,,,,,
33821,萝,lɑ³³,l,ɑ,³³,,,
33822,萞,,,,,,,
33823,萟,,,,,,,
33824,萠,,,,,p,ɯ,̠ŋ
33825,萡,,,,,,,
33826,萢,,,,,,,
33827,萣,,,,,,,
33828,萤,ɦʷeŋ³³,ɦʷ,eŋ,³³,,,
33829,营,jʷiᴇŋ³³,jʷ,iᴇŋ,³³,,,
33830,萦,,,,,,,
33831,萧,seu³³,s,eu,³³,,,
33832,萨,sɑt³̲³̲,s,ɑt̲̲,³,,,
33833,萩,tsiᴇu³⁵,ts,iᴇu,³⁵,sh,ɯ,w
33834,萪,kʰʷɑ³³,kʰʷ,ɑ,³³,,,
33835,萫,hjaŋ³¹,hj,aŋ,³¹,,,
33836,萬,mʷjɤn³¹,mʷj,ɤn,³¹,mbl,a,ns
33837,萭,ɡjɤ³⁵,ɡj,ɤ,³⁵,ɢʷ,a,ʔ
33838,萮,jʊ³³,j,ʊ,³³,l,o,
33839,萯,bu̯oi³¹,b,u̯oi,³¹,b,ɯ,ʔ
33840,萰,len³¹,l,en,³¹,ɡ,ə,r
33841,萱,hʷjɤn³³,hʷj,ɤn,³³,qh,o,n
33842,萲,hʷjɤn³³,hʷj,ɤn,³³,qh,o,n
33843,萳,nəm³³,n,əm,³³,,,
33844,萴,dʐɨk³̲³̲,dʐ,ɨk̲̲,³,sɡr,ɯ,ɡ
33845,萵,ʔʷɑ³³,ʔʷ,ɑ,³³,,,
33846,萶,tɕʰʷin³⁵,tɕʰʷ,in,³⁵,,,
33847,萷,siᴇu³³,s,iᴇu,³³,spr,e,̠w
33848,萸,ʂjʊ³³,ʂj,ʊ,³³,l,o,
33849,萹,pʰiᴇn³⁵,pʰ,iᴇn,³⁵,ph,e,n
33850,萺,mu̯ok³̲³̲,m,u̯ok̲̲,³,m,u,̠ɡ
33851,萻,ʔəm³³,ʔ,əm,³³,,,
33852,萼,ŋɑk³̲³̲,ŋ,ɑk̲̲,³,ŋ,a,̠ɡ
33853,落,lɑk³̲³̲,l,ɑk̲̲,³,ɡ,ə,r
33854,萾,jiᴇŋ³³,j,iᴇŋ,³³,,,
33855,萿,ɦʷɑt³̲³̲,ɦʷ,ɑt̲̲,³,k,o,̠d
33856,葀,kʷɑt³̲³̲,kʷ,ɑt̲̲,³,k,o,̠d
33857,葁,kjaŋ³³,kj,aŋ,³³,,,
33858,葂,mʷjɤn³⁵,mʷj,ɤn,³⁵,m,o,nʔ
33859,葃,dʐɰɛk³̲³̲,dʐɰ,ɛk̲̲,³,,,
33860,葄,dzu̯o³³,dz,u̯o,³³,,,
33861,葅,tʂjɤ³³,tʂj,ɤ,³³,skr,a,
33862,葆,pɑu³³,p,ɑu,³³,p,u,̠ʔ
33863,葇,ȵɨu³⁵,ȵ,ɨu,³⁵,mlj,u,
33864,葈,sɨ³⁵,s,ɨ,³⁵,sqh,ɯ,ʔ
33865,葉,ɕiᴇp³̲³̲,ɕ,iᴇp̲̲,³,ɢl,e,b
33866,葊,ʔɰiᴇm³³,ʔɰ,iᴇm,³³,,,
33867,葋,ɡjʊ³³,ɡj,ʊ,³³,ɡ,o,
33868,葌,kɰæn³³,kɰæn,,³³,kr,a,̠n
33869,葍,pjuk³̲³̲,pj,uk̲̲,³,p,ɯ,ɡ
33870,葎,lu̯ot³̲³̲,l,u̯ot̲̲,³,b,ə,r
33871,葏,tsiᴇn³³,ts,iᴇn,³³,s,e,n
33872,葐,bjun³³,bj,un,³³,b,ɯ,̠n
33873,葑,pʰjʊŋ³³,pʰj,ʊŋ,³³,p,o,ŋ
33874,葒,ɦuŋ³³,ɦ,uŋ,³³,,,
33875,葓,ɦuŋ³³,ɦ,uŋ,³³,,,
33876,葔,ɦu³³,ɦ,u,³³,,,
33877,葕,jiᴇn³¹,j,iᴇn,³¹,,,
33878,葖,du̯ot³̲³̲,d,u̯ot̲̲,³,d,u,̠d
33879,著,ʈjak³̲³̲,ʈj,ak̲̲,³,k‧l,a,ʔ
33880,葘,,,,,,,
33881,葙,sjaŋ³³,sj,aŋ,³³,,,
33882,葚,ʑim³⁵,ʑ,im,³⁵,ɢlj,u,mʔ
33883,葛,kɑt³̲³̲,k,ɑt̲̲,³,k,a,̠d
33884,葜,kʰɰɛt³̲³̲,kʰɰ,ɛt̲̲,³,,,
33885,葝,kiᴇŋ³¹,k,iᴇŋ,³¹,ɡ,e,ŋ
33886,葞,miᴇ³⁵,m,iᴇ,³⁵,ml,i,ʔ
33887,葟,ɦʷɑŋ³³,ɦʷ,ɑŋ,³³,ɡʷ,a,̠ŋ
33888,葠,ʂim³³,ʂ,im,³³,qhj,e,w
33889,葡,bɰi³¹,bɰ,i,³¹,,,
33890,葢,,,,,k,a,̠bs
33891,董,tɕjʊŋ³⁵,tɕj,ʊŋ,³⁵,t,o,̠ŋʔ
33892,葤,ɖɨu³⁵,ɖ,ɨu,³⁵,,,
33893,葥,tsiᴇn³¹,ts,iᴇn,³¹,s,e,ns
33894,葦,ɦʲʷɨi³³,ɦʲʷ,ɨi,³³,ɢʷ,ɯ,lʔ
33895,葧,bu̯ot³̲³̲,b,u̯ot̲̲,³,,,
33896,葨,ʔu̯oi³³,ʔ,u̯oi,³³,,,
33897,葩,pʰɰæ³³,pʰɰæ,,³³,phr,a,̠
33898,葪,,,,,k,e,̠ds
33899,葫,ɦu̯o³³,ɦ,u̯o,³³,ɡ,a,̠
33900,葬,tsɑŋ³³,ts,ɑŋ,³³,s,a,̠ŋs
33901,葭,ɦɰæ³³,ɦɰæ,,³³,kr,a,̠
33902,葮,dʷɑn³¹,dʷ,ɑn,³¹,,,
33903,葯,tek³̲³̲,t,ek̲̲,³,qpl,e,wɡ
33904,葰,tsʷin³¹,tsʷ,in,³¹,sqh,u,l
33905,葱,tsʰuŋ³³,tsʰ,uŋ,³³,skh,o,̠ŋ
33906,葲,dzʷiᴇn³³,dzʷ,iᴇn,³³,,,
33907,葳,ʔʷɨi³³,ʔʷ,ɨi,³³,q,u,l
33908,葴,ɦɰɛm³³,ɦɰ,ɛm,³³,kj,ɯ,m
33909,葵,ɡʷi³³,ɡʷ,i,³³,ɡʷ,i,l
33910,葶,deŋ³³,d,eŋ,³³,t,e,̠ŋʔ
33911,葷,hjun³³,hj,un,³³,qh,u,n
33912,葸,sɨ³⁵,s,ɨ,³⁵,sl,ɯ,ʔ
33913,葹,ɕiᴇ³³,ɕ,iᴇ,³³,l̥,a,l
33914,葺,tsʰip³̲³̲,tsʰ,ip̲̲,³,sk,i,b
33915,葻,bjuŋ³³,bj,uŋ,³³,r,u,̠m
33916,葼,tsuŋ³³,ts,uŋ,³³,sk,o,̠ŋ
33917,葽,ʔiᴇu³¹,ʔ,iᴇu,³¹,q,e,w
33918,葾,ʔʷjɤn³³,ʔʷj,ɤn,³³,,,
33919,葿,mɰi³³,mɰ,i,³³,,,
33920,蒀,ʔjun³³,ʔj,un,³³,,,
33921,蒁,ɦʲit³̲³̲,ɦʲ,it̲̲,³,ɢr,u,d
33922,蒂,ɦɰæn³⁵,ɦɰæn,,³⁵,,,
33923,蒃,,,,,,,
33924,蒄,kʷɑn³³,kʷ,ɑn,³³,,,
33925,蒅,,,,,,,
33926,蒆,,,,,,,
33927,蒇,,,,,,,
33928,蒈,,,,,,,
33929,蒉,,,,,,,
33930,蒊,,,,,,,
33931,蒋,tsjaŋ³⁵,tsj,aŋ,³⁵,,,
33932,蒌,,,,,,,
33933,蒍,ŋʷɑ³³,ŋʷ,ɑ,³³,ɢʷ,a,lʔ
33934,蒎,,,,,,,
33935,蒏,,,,,,,
33936,蒐,ɦu̯oi³⁵,ɦ,u̯oi,³⁵,sqr,u,
33937,蒑,ʔɨn³³,ʔ,ɨn,³³,,,
33938,蒒,ʂi³³,ʂ,i,³³,,,
33939,蒓,dʑʷin³³,dʑʷ,in,³³,ɡlj,u,n
33940,蒔,dʑɨ³¹,dʑ,ɨ,³¹,ɡlj,ɯ,s
33941,蒕,,,,,,,
33942,蒖,tɕin³³,tɕ,in,³³,,,
33943,蒗,lɑŋ³¹,l,ɑŋ,³¹,,,
33944,蒘,ɳɰæ³³,ɳɰæ,,³³,n,a,
33945,蒙,muŋ³³,m,uŋ,³³,m,o,̠ŋ
33946,蒚,lek³̲³̲,l,ek̲̲,³,r,e,̠ɡ
33947,蒛,kʰʷiᴇt³̲³̲,kʰʷ,iᴇt̲̲,³,khʷ,e,d
33948,蒜,sʷɑn³¹,sʷ,ɑn,³¹,skl,o,̠ns
33949,蒝,tsʰʷiᴇn³¹,tsʰʷ,iᴇn,³¹,ŋɡ,o,n
33950,蒞,li³¹,l,i,³¹,r,ɯ,bs
33951,蒟,ɡjʊ³³,ɡj,ʊ,³³,k,o,s
33952,蒠,sɨk³̲³̲,s,ɨk̲̲,³,sl,ɯ,ɡ
33953,蒡,bɑŋ³³,b,ɑŋ,³³,p,a,̠ŋʔ
33954,蒢,ɖjɤ³³,ɖj,ɤ,³³,ɡ‧l,a,
33955,蒣,dʑjɤ³³,dʑj,ɤ,³³,,,
33956,蒤,du̯o³³,d,u̯o,³³,ɡ‧l,a,̠
33957,蒥,lɨu³³,l,ɨu,³³,,,
33958,蒦,ʔʷjak³̲³̲,ʔʷj,ak̲̲,³,kʷ,a,ɡ
33959,蒧,tem³⁵,t,em,³⁵,k‧l,e,̠mʔ
33960,蒨,tsʰen³¹,tsʰ,en,³¹,sh,e,̠ns
33961,蒩,tsjɤ³³,tsj,ɤ,³³,sk,a,̠ʔ
33962,蒪,pʰu̯ok³̲³̲,pʰ,u̯ok̲̲,³,ph,a,̠ɡ
33963,蒫,tsi³³,ts,i,³³,s,ɯ,l
33964,蒬,ʔʷjɤn³³,ʔʷj,ɤn,³³,q,o,n
33965,蒭,tʂʰjʊ³³,tʂʰj,ʊ,³³,shr,o,
33966,蒮,juk³̲³̲,j,uk̲̲,³,ɢl,u,̠ɡ
33967,蒯,kʰu̯oi³¹,kʰ,u̯oi,³¹,khr,u,̠ds
33968,蒰,bʷɑn³³,bʷ,ɑn,³³,,,
33969,蒱,bu̯o³³,b,u̯o,³³,b,a,̠
33970,蒲,bu̯o³³,b,u̯o,³³,b,a,̠
33971,蒳,nəp³̲³̲,n,əp̲̲,³,,,
33972,蒴,ʂɰɔk³̲³̲,ʂɰɔk̲̲,,³,,,
33973,蒵,ɦei³⁵,ɦ,ei,³⁵,ɡ,e,̠
33974,蒶,bjun³³,bj,un,³³,,,
33975,蒷,ɦʲjun³³,ɦʲj,un,³³,,,
33976,蒸,tɕɨŋ³³,tɕ,ɨŋ,³³,kj,ɯ,ŋ
33977,蒹,kem³³,k,em,³³,k,e,̠m
33978,蒺,dzit³̲³̲,dz,it̲̲,³,z,i,d
33979,蒻,ȵjak³̲³̲,ȵj,ak̲̲,³,nj,e,wɡ
33980,蒼,tsʰɑŋ³³,tsʰ,ɑŋ,³³,sh,a,̠ŋ
33981,蒽,ʔən³³,ʔ,ən,³³,,,
33982,蒾,mei³³,m,ei,³³,,,
33983,蒿,hɑu³³,h,ɑu,³³,qh,o,̠w
33984,蓀,su̯on³³,s,u̯on,³³,skl,u,̠n
33985,蓁,dzin³³,dz,in,³³,sr,i,n
33986,蓂,meŋ³⁵,m,eŋ,³⁵,m,e,̠ŋ
33987,蓃,ʂɨu³³,ʂ,ɨu,³³,sr,u,
33988,蓄,hjuk³̲³̲,hj,uk̲̲,³,qh,u,ɡ
33989,蓅,lɨu³³,l,ɨu,³³,,,
33990,蓆,ziᴇk³̲³̲,z,iᴇk̲̲,³,sɢl,a,ɡ
33991,蓇,ku̯ot³̲³̲,k,u̯ot̲̲,³,k,u,̠d
33992,蓈,lɑŋ³³,l,ɑŋ,³³,r,a,̠ŋ
33993,蓉,jʊŋ³³,j,ʊŋ,³³,ɢl,o,ŋ
33994,蓊,ʔuŋ³⁵,ʔ,uŋ,³⁵,ql,o,̠ŋ
33995,蓋,kɑi³¹,k,ɑi,³¹,k,a,̠b
33996,蓌,tsu̯oi³¹,ts,u̯oi,³¹,s,o,̠ls
33997,蓍,ɕi³³,ɕ,i,³³,qhj,i,
33998,蓎,dɑŋ³³,d,ɑŋ,³³,ɡ‧l,a,̠ŋ
33999,蓏,lʷɑ³⁵,lʷ,ɑ,³⁵,ɡ,ə,r
34000,蓐,,,,,nj,o,ɡ
34001,蓑,ʂʷɰɛi³³,ʂʷɰ,ɛi,³³,sl,u,̠l
34002,蓒,hjɤn³³,hj,ɤn,³³,,,
34003,蓓,bəi³⁵,b,əi,³⁵,b,ɯ,̠ʔ
34004,蓔,ku̯ok³̲³̲,k,u̯ok̲̲,³,,,
34005,蓕,kʷei³¹,kʷ,ei,³¹,,,
34006,蓖,pei³³,p,ei,³³,,,
34007,蓗,,,,,,,
34008,蓘,ku̯on³⁵,k,u̯on,³⁵,,,
34009,蓙,,,,,,,
34010,蓚,,,,,,,
34011,蓛,,,,,shr,e,̠ɡ
34012,蓜,,,,,,,
34013,蓝,lɑm³³,l,ɑm,³³,,,
34014,蓞,,,,,,,
34015,蓟,kei³¹,k,ei,³¹,,,
34016,蓠,,,,,,,
34017,蓡,,,,,sqr,i,m
34018,蓢,,,,,,,
34019,蓣,,,,,,,
34020,蓤,,,,,b,ə,r
34021,蓥,,,,,,,
34022,蓦,,,,,,,
34023,蓧,deu³¹,d,eu,³¹,kh‧l,ɯ,̠w
34024,蓨,tʰek³̲³̲,tʰ,ek̲̲,³,kh‧l,ɯ,̠wɡ
34025,蓩,muk³̲³̲,m,uk̲̲,³,m,u,̠ʔ
34026,蓪,tʰuŋ³³,tʰ,uŋ,³³,,,
34027,蓫,ɖjuk³̲³̲,ɖj,uk̲̲,³,kh‧l,ɯ,wɡ
34028,蓬,buŋ³³,b,uŋ,³³,b,o,̠ŋ
34029,蓭,ʔəm³³,ʔ,əm,³³,,,
34030,蓮,liᴇn³⁵,l,iᴇn,³⁵,b,ə,r
34031,蓯,sjʊŋ³⁵,sj,ʊŋ,³⁵,s,o,̠ŋʔ
34032,蓰,siᴇ³⁵,s,iᴇ,³⁵,sr,e,lʔ
34033,蓱,beŋ³³,b,eŋ,³³,b,e,̠ŋ
34034,蓲,ʔu³³,ʔ,u,³³,q,o,s
34035,蓳,kɨn³⁵,k,ɨn,³⁵,kl,ɯ,nʔ
34036,蓴,dʑʷin³³,dʑʷ,in,³³,dj,u,n
34037,蓵,dziᴇp³̲³̲,dz,iᴇp̲̲,³,,,
34038,蓶,jʷi³³,jʷ,i,³³,ɢ,u,l
34039,蓷,tɕʰʷi³³,tɕʰʷ,i,³³,kh‧l,u,̠l
34040,蓸,dzɑu³³,dz,ɑu,³³,,,
34041,蓹,,,,,,,
34042,蓺,ŋiᴇi³¹,ŋ,iᴇi,³¹,ŋ,e,ds
34043,蓻,nep³̲³̲,n,ep̲̲,³,sk,i,b
34044,蓼,ljuk³̲³̲,lj,uk̲̲,³,ɡ,ə,r
34045,蓽,pit³̲³̲,p,it̲̲,³,p,i,d
34046,蓾,lu̯o³⁵,l,u̯o,³⁵,r,a,̠ʔ
34047,蓿,sjuk³̲³̲,sj,uk̲̲,³,sl,u,ɡ
34048,蔀,bu̯o³⁵,b,u̯o,³⁵,b,ɯ,ʔ
34049,蔁,tɕjaŋ³³,tɕj,aŋ,³³,klj,a,ŋ
34050,蔂,lʷɑ³³,lʷ,ɑ,³³,r,o,̠l
34051,蔃,ɡjaŋ³⁵,ɡj,aŋ,³⁵,,,
34052,蔄,lu³¹,l,u,³¹,,,
34053,蔅,,,,,ɡr,e,̠n
34054,蔆,lɨŋ³³,l,ɨŋ,³³,b,ə,r
34055,蔇,kɨi³¹,k,ɨi,³¹,k,ɯ,ds
34056,蔈,piᴇu³³,p,iᴇu,³³,p,e,w
34057,蔉,,,,,kl,u,̠nʔ
34058,蔊,hɑn³⁵,h,ɑn,³⁵,,,
34059,蔋,ɕjuk³̲³̲,ɕj,uk̲̲,³,ɡ‧l,ɯ,̠wɡ
34060,蔌,su³⁵,s,u,³⁵,sl,o,̠ɡ
34061,蔍,luk³̲³̲,l,uk̲̲,³,,,
34062,蔎,ɕiᴇt³̲³̲,ɕ,iᴇt̲̲,³,ŋ̊hlj,e,d
34063,蔏,tɕjaŋ³³,tɕj,aŋ,³³,qhlj,a,ŋ
34064,蔐,,,,,ɡ‧l,e,̠ɡ
34065,蔑,met³̲³̲,m,et̲̲,³,m,e,̠d
34066,蔒,hjun³³,hj,un,³³,,,
34067,蔓,mʷjɤn³¹,mʷj,ɤn,³¹,m,o,̠n
34068,蔔,bək³̲³̲,b,ək̲̲,³,,,
34069,蔕,ʈʰɰæi³¹,ʈʰɰæ,i,³¹,t,e,̠ds
34070,蔖,dzɑ³³,dz,ɑ,³³,sɡ,a,̠l
34071,蔗,tɕjæ³¹,tɕjæ,,³¹,klj,a,ɡs
34072,蔘,ʂim³³,ʂ,im,³³,sl,u,̠m
34073,蔙,zʷiᴇn³¹,zʷ,iᴇn,³¹,,,
34074,蔚,ʔʷɨi³¹,ʔʷ,ɨi,³¹,q,u,d
34075,蔛,ɦuk³̲³̲,ɦ,uk̲̲,³,,,
34076,蔜,ŋɑu³¹,ŋ,ɑu,³¹,ŋɡ,a,̠w
34077,蔝,mei³⁵,m,ei,³⁵,m,i,̠ʔ
34078,蔞,ljʊ³⁵,lj,ʊ,³⁵,ɡ,ə,r
34079,蔟,tsʰuk³̲³̲,tsʰ,uk̲̲,³,sh,o,̠ɡ
34080,蔠,tɕjuŋ³³,tɕj,uŋ,³³,tj,u,ŋ
34081,蔡,tsʰɑi³¹,tsʰ,ɑi,³¹,skh,a,̠ds
34082,蔢,bʷɑ³¹,bʷ,ɑ,³¹,,,
34083,蔣,tsjaŋ³⁵,tsj,aŋ,³⁵,sk,a,ŋ
34084,蔤,mɰit³̲³̲,mɰ,it̲̲,³,mbr,i,ɡ
34085,蔥,tʂʰɰɔŋ³³,tʂʰɰɔŋ,,³³,skh,o,̠ŋ
34086,蔦,teu³¹,t,eu,³¹,t,ɯ,̠wʔ
34087,蔧,sʷi³¹,sʷ,i,³¹,sɢʷ,i,ds
34088,蔨,ɡʷɰin³⁵,ɡʷɰ,in,³⁵,ɡr,u,nʔ
34089,蔩,ji³³,j,i,³³,l,i,l
34090,蔪,dziᴇm³⁵,dz,iᴇm,³⁵,z,a,mʔ
34091,蔫,ʔjɤn³³,ʔj,ɤn,³³,q,a,n
34092,蔬,ʂjɤ³¹,ʂj,ɤ,³¹,sŋr,a,
34093,蔭,,,,,qr,ɯ,ms
34094,蔮,ku̯oi³¹,k,u̯oi,³¹,kʷ,ɯ,̠ɡs
34095,蔯,din³³,d,in,³³,ɡ‧l,i,ŋ
34096,蔰,,,,,ɡʷ,a,̠ʔ
34097,蔱,ʂɰɛt³̲³̲,ʂɰ,ɛt̲̲,³,sr,a,ds
34098,蔲,hu³¹,h,u,³¹,,,
34099,蔳,,,,,,,
34100,蔴,,,,,,,
34101,蔵,,,,,sɡ,a,̠ŋ
34102,蔶,,,,,,,
34103,蔷,,,,,,,
34104,蔸,,,,,,,
34105,蔹,,,,,,,
34106,蔺,jʷiᴇt³̲³̲,jʷ,iᴇt̲̲,³,,,
34107,蔻,,,,,,,
34108,蔼,,,,,,,
34109,蔽,pʰet³̲³̲,pʰ,et̲̲,³,p,e,ds
34110,蔾,lei³³,l,ei,³³,r,i,l
34111,蔿,ɦʲʷiᴇ³⁵,ɦʲʷ,iᴇ,³⁵,ɢʷ,a,lʔ
34112,蕀,kɨk³̲³̲,k,ɨk̲̲,³,kr,ɯ,ɡ
34113,蕁,dəm³³,d,əm,³³,ɡ‧l,u,̠m
34114,蕂,ɕɨŋ³¹,ɕ,ɨŋ,³¹,qhlj,ɯ,ŋs
34115,蕃,bɰiᴇ³³,bɰ,iᴇ,³³,b,a,n
34116,蕄,mɰɛŋ³³,mɰ,ɛŋ,³³,m,ɯ,̠ŋ
34117,蕅,ŋu³⁵,ŋ,u,³⁵,ŋ,o,̠ʔ
34118,蕆,ʈʰiᴇn³⁵,ʈʰ,iᴇn,³⁵,th,a,nʔ
34119,蕇,ten³⁵,t,en,³⁵,t,e,̠nʔ
34120,蕈,ɡɰim³⁵,ɡɰ,im,³⁵,sɡ,u,mʔ
34121,蕉,tsiᴇu³³,ts,iᴇu,³³,sk,e,w
34122,蕊,ȵʷiᴇ³⁵,ȵʷ,iᴇ,³⁵,,,
34123,蕋,,,,,,,
34124,蕌,,,,,,,
34125,蕍,jʊ³³,j,ʊ,³³,l,o,
34126,蕎,kɰiᴇu³³,kɰ,iᴇu,³³,kr,e,w
34127,蕏,ʈjɤ³³,ʈj,ɤ,³³,,,
34128,蕐,,,,,,,
34129,蕑,kɰɛn³³,kɰ,ɛn,³³,kr,e,̠n
34130,蕒,mɰɛ³⁵,mɰ,ɛ,³⁵,,,
34131,蕓,ɦʲjun³³,ɦʲj,un,³³,,,
34132,蕔,pɑu³³,p,ɑu,³³,,,
34133,蕕,jɨu³⁵,j,ɨu,³⁵,ɢl,u,
34134,蕖,ɡjɤ³³,ɡj,ɤ,³³,ɡ,a,
34135,蕗,lu̯o³¹,l,u̯o,³¹,,,
34136,蕘,ȵiᴇu³¹,ȵ,iᴇu,³¹,mɡlj,e,w
34137,蕙,ɦʷei³¹,ɦʷ,ei,³¹,ɢʷ,i,̠ds
34138,蕚,,,,,,,
34139,蕛,dei³³,d,ei,³³,ɡ‧l,i,̠l
34140,蕜,bʷɨi³¹,bʷ,ɨi,³¹,,,
34141,蕝,tsʰiᴇt³̲³̲,tsʰ,iᴇt̲̲,³,s,o,ds
34142,蕞,tʂʷiᴇt³̲³̲,tʂʷ,iᴇt̲̲,³,sɡ,o,̠ds
34143,蕟,pʷjai³¹,pʷj,ai,³¹,,,
34144,蕠,ȵjɤ³³,ȵj,ɤ,³³,nj,a,
34145,蕡,bjun³³,bj,un,³³,b,ɯ,n
34146,蕢,ɡʷɰi³¹,ɡʷɰ,i,³¹,ɡr,u,ds
34147,蕣,ɕʷin³¹,ɕʷ,in,³¹,l̥,u,ns
34148,蕤,ȵʷi³³,ȵʷ,i,³³,nj,u,l
34149,蕥,,,,,,,
34150,蕦,sjʊ³³,sj,ʊ,³³,,,
34151,蕧,pʰjuk³̲³̲,pʰj,uk̲̲,³,b,u,ɡ
34152,蕨,ɡʷjɤt³̲³̲,ɡʷj,ɤt̲̲,³,k,o,d
34153,蕩,tɑŋ³⁵,t,ɑŋ,³⁵,kh‧l,a,̠ŋs
34154,蕪,mjʊ³¹,mj,ʊ,³¹,m,a,
34155,蕫,duŋ³³,d,uŋ,³³,t,o,̠ŋʔ
34156,蕬,sɨ³³,s,ɨ,³³,,,
34157,蕭,seu³³,s,eu,³³,sl,ɯ,̠w
34158,蕮,siᴇk³̲³̲,s,iᴇk̲̲,³,l̥j,a,ɡ
34159,蕯,,,,,,,
34160,蕰,ʔu̯on³³,ʔ,u̯on,³³,q,u,nʔ
34161,蕱,,,,,,,
34162,蕲,,,,,,,
34163,蕳,kɰɛn³³,kɰ,ɛn,³³,kr,e,̠n
34164,蕴,ʔjun³³,ʔj,un,³³,,,
34165,蕵,su̯on³³,s,u̯on,³³,sl,u,̠n
34166,蕶,leŋ³³,l,eŋ,³³,,,
34167,蕷,jɤ³¹,j,ɤ,³¹,,,
34168,蕸,kɰæ³³,kɰæ,,³³,ɡr,a,̠
34169,蕹,,,,,,,
34170,蕺,tʂip³̲³̲,tʂ,ip̲̲,³,skr,i,b
34171,蕻,ɦuŋ³¹,ɦ,uŋ,³¹,,,
34172,蕼,si³¹,s,i,³¹,l̥j,ɯ,ds
34173,蕽,nu̯oŋ³³,n,u̯oŋ,³³,,,
34174,蕾,lu̯oi³⁵,l,u̯oi,³⁵,r,u,̠lʔ
34175,蕿,hʷjɤn³³,hʷj,ɤn,³³,,,
34176,薀,ʔu̯on³³,ʔ,u̯on,³³,q,u,nʔ
34177,薁,ʔɑu³¹,ʔ,ɑu,³¹,q,u,ɡ
34178,薂,ɦeu³⁵,ɦ,eu,³⁵,ɡl,e,̠wɡ
34179,薃,ɦɑu³⁵,ɦ,ɑu,³⁵,ɡ,o,̠wʔ
34180,薄,bɰɛk³̲³̲,bɰ,ɛk̲̲,³,b,a,̠ɡ
34181,薅,hɑu³³,h,ɑu,³³,qh,u,̠
34182,薆,ʔəi³¹,ʔ,əi,³¹,q,ɯ,̠ds
34183,薇,mʷɨi³³,mʷ,ɨi,³³,mr,ɯ,l
34184,薈,ʔʷɑi³¹,ʔʷ,ɑi,³¹,q,o,̠bs
34185,薉,ʔʷjai³¹,ʔʷj,ai,³¹,qʷ,a,ds
34186,薊,kei³¹,k,ei,³¹,k,e,̠ds
34187,薋,tsi³³,ts,i,³³,z,i,
34188,薌,hjaŋ³³,hj,aŋ,³³,qh,a,ŋ
34189,薍,lʷɑn³¹,lʷ,ɑn,³¹,ŋɡr,o,̠ns
34190,薎,,,,,,,
34191,薏,ʔɨk³̲³̲,ʔ,ɨk̲̲,³,q,ɯ,ɡ
34192,薐,,,,,,,
34193,薑,kjaŋ³³,kj,aŋ,³³,k,a,ŋ
34194,薒,,,,,,,
34195,薓,ʂim³³,ʂ,im,³³,sqr,i,m
34196,薔,ʂɨk³̲³̲,ʂ,ɨk̲̲,³,z,a,ŋ
34197,薕,lem³³,l,em,³³,ɡ,ə,r
34198,薖,kʰʷɑ³³,kʰʷ,ɑ,³³,khl,o,̠l
34199,薗,,,,,,,
34200,薘,dɑt³̲³̲,d,ɑt̲̲,³,,,
34201,薙,ɖi³⁵,ɖ,i,³⁵,sɢl,i,ʔ
34202,薚,tʰɑŋ³³,tʰ,ɑŋ,³³,kh‧l,a,̠ŋ
34203,薛,siᴇt³̲³̲,s,iᴇt̲̲,³,skl,e,d
34204,薜,bɰɔk³̲³̲,bɰɔk̲̲,,³,b,e,̠ɡs
34205,薝,tɑm³⁵,t,ɑm,³⁵,k‧l,a,̠mʔ
34206,薞,,,,,,,
34207,薟,hjam³³,hj,am,³³,ɡ,ə,r
34208,薠,bʷjɤn³³,bʷj,ɤn,³³,b,a,n
34209,薡,teŋ³⁵,t,eŋ,³⁵,t,e,̠ŋʔ
34210,薢,kɰɛ³⁵,kɰ,ɛ,³⁵,kr,e,̠s
34211,薣,ku̯o³⁵,k,u̯o,³⁵,,,
34212,薤,ɦɰɛi³¹,ɦɰ,ɛi,³¹,ɡr,ɯ,̠ds
34213,薥,,,,,,,
34214,薦,tsen³¹,ts,en,³¹,s,ɯ,̠ns
34215,薧,hɑu³³,h,ɑu,³³,qh,o,̠w
34216,薨,hʷəŋ³³,hʷ,əŋ,³³,m̥h,ɯ,̠ŋ
34217,薩,sɑt³̲³̲,s,ɑt̲̲,³,sl,a,̠d
34218,薪,sin³³,s,in,³³,sl,i,ŋ
34219,薫,hjun³¹,hj,un,³¹,,,
34220,薬,,,,,,,
34221,薭,,,,,,,
34222,薮,,,,,,,
34223,薯,dʑjɤ³¹,dʑj,ɤ,³¹,,,
34224,薰,hjun³³,hj,un,³³,qh,u,ns
34225,薱,du̯oi³¹,d,u̯oi,³¹,d,u,̠bs
34226,薲,bin³³,b,in,³³,b,i,n
34227,薳,ɦʲʷiᴇ³⁵,ɦʲʷ,iᴇ,³⁵,ɢr,o,lʔ
34228,薴,ɳɰɛŋ³³,ɳɰ,ɛŋ,³³,rn,e,̠ŋ
34229,薵,ɖɨu³⁵,ɖ,ɨu,³⁵,ɡ‧l,u,
34230,薶,mɰɛi³¹,mɰ,ɛi,³¹,mr,ɯ,̠
34231,薷,ȵjʊ³³,ȵj,ʊ,³³,,,
34232,薸,biᴇu³³,b,iᴇu,³³,b,e,w
34233,薹,dəi³³,d,əi,³³,,,
34234,薺,dzei³⁵,dz,ei,³⁵,z,i,̠lʔ
34235,薻,tʂɰæu³⁵,tʂɰæ,u,³⁵,sk,a,̠wʔ
34236,薼,din³³,d,in,³³,,,
34237,薽,kiᴇn³³,k,iᴇn,³³,k,e,n
34238,薾,ȵiᴇ³⁵,ȵ,iᴇ,³⁵,m‧l,i,̠lʔ
34239,薿,ŋɨ³⁵,ŋ,ɨ,³⁵,ŋɡ,ɯ,ɡ
34240,藀,ɦʷeŋ³³,ɦʷ,eŋ,³³,,,
34241,藁,kɑu³⁵,k,ɑu,³⁵,k,o,̠wʔ
34242,藂,tʂʰjʊ³¹,tʂʰj,ʊ,³¹,sɡ,o,̠ŋ
34243,藃,hɰæu³³,hɰæ,u,³³,qh,o,̠ws
34244,藄,ɡɨ³³,ɡ,ɨ,³³,ɡ,ɯ,
34245,藅,bʷjɤt³̲³̲,bʷj,ɤt̲̲,³,b,o,d
34246,藆,kɰiᴇn³⁵,kɰ,iᴇn,³⁵,kr,a,nʔ
34247,藇,zjɤ³⁵,zj,ɤ,³⁵,ɢl,a,ʔ
34248,藈,kʰʷei³³,kʰʷ,ei,³³,khʷ,i,̠l
34249,藉,dzjæ³¹,dzjæ,,³¹,z,a,ɡs
34250,藊,pen³⁵,p,en,³⁵,,,
34251,藋,deu³¹,d,eu,³¹,ɡ‧l,e,̠wɡs
34252,藌,mit³̲³̲,m,it̲̲,³,,,
34253,藍,lɑm³³,l,ɑm,³³,ɡ,ə,r
34254,藎,zin³¹,z,in,³¹,lj,i,ns
34255,藏,tsɑŋ³³,ts,ɑŋ,³³,sɡ,a,̠ŋs
34256,藐,miᴇu³⁵,m,iᴇu,³⁵,m,e,wʔ
34257,藑,zʷiᴇn³⁵,zʷ,iᴇn,³⁵,ɡʷ,e,ŋ
34258,藒,kʰjɤt³̲³̲,kʰj,ɤt̲̲,³,khr,a,d
34259,藓,,,,,,,
34260,藔,,,,,,,
34261,藕,ŋu³⁵,ŋ,u,³⁵,ŋ,o,̠ʔ
34262,藖,ɦɰɛn³³,ɦɰ,ɛn,³³,,,
34263,藗,suk³̲³̲,s,uk̲̲,³,sl,o,̠ɡ
34264,藘,ljɤ³³,lj,ɤ,³³,ɡ,ə,r
34265,藙,ŋɨi³¹,ŋ,ɨi,³¹,ŋɡl,ɯ,ds
34266,藚,,,,,sɢl,o,ɡ
34267,藛,sjæ³⁵,sjæ,,³⁵,,,
34268,藜,lei³³,l,ei,³³,r,i,̠l
34269,藝,ŋiᴇi³¹,ŋ,iᴇi,³¹,ŋ,e,ds
34270,藞,lɰæ³⁵,lɰæ,,³⁵,,,
34271,藟,lʷi³⁵,lʷ,i,³⁵,r,u,lʔ
34272,藠,ɦeu³⁵,ɦ,eu,³⁵,,,
34273,藡,dek³̲³̲,d,ek̲̲,³,,,
34274,藢,ʈɨ³⁵,ʈ,ɨ,³⁵,,,
34275,藣,bɰiᴇ³⁵,bɰ,iᴇ,³⁵,pr,e,l
34276,藤,dəŋ³³,d,əŋ,³³,ɡ‧l,ɯ,̠ŋ
34277,藥,jak³̲³̲,j,ak̲̲,³,ɢl,a,wɡ
34278,藦,mʷɑ³¹,mʷ,ɑ,³¹,,,
34279,藧,ɦʷɑn³⁵,ɦʷ,ɑn,³⁵,,,
34280,藨,pɰiᴇu³³,pɰ,iᴇu,³³,pr,a,w
34281,藩,bʷjɤn³³,bʷj,ɤn,³³,b,a,n
34282,藪,su³⁵,s,u,³⁵,skl,o,̠ʔ
34283,藫,dəm³³,d,əm,³³,ɡ‧l,u,̠m
34284,藬,du̯oi³³,d,u̯oi,³³,kh‧l,u,̠l
34285,藭,ɡjuŋ³³,ɡj,uŋ,³³,ɡ,u,ŋ
34286,藮,dziᴇu³³,dz,iᴇu,³³,,,
34287,藯,ʔʷɨi³¹,ʔʷ,ɨi,³¹,,,
34288,藰,lɨu³⁵,l,ɨu,³⁵,b,ə,r
34289,藱,ɦu̯oi³³,ɦ,u̯oi,³³,k,u,̠l
34290,藲,,,,,q,o,̠
34291,藳,,,,,,,
34292,藴,ʔjun³³,ʔj,un,³³,,,
34293,藵,,,,,,,
34294,藶,lek³̲³̲,l,ek̲̲,³,r,e,̠ɡ
34295,藷,tɕjɤ³³,tɕj,ɤ,³³,klj,a,
34296,藸,ʈjɤ³³,ʈj,ɤ,³³,ɡ‧l,a,
34297,藹,ʔɑi³¹,ʔ,ɑi,³¹,q,a,̠ds
34298,藺,lin³¹,l,in,³¹,r,i,ns
34299,藻,tsɑu³⁵,ts,ɑu,³⁵,s,a,̠wʔ
34300,藼,hʷjɤn³³,hʷj,ɤn,³³,qh,a,n
34301,藽,,,,,,,
34302,藾,lɑi³¹,l,ɑi,³¹,b,ə,r
34303,藿,ɦɑk³̲³̲,ɦ,ɑk̲̲,³,qhʷ,a,̠ɡ
34304,蘀,tʰɑk³̲³̲,tʰ,ɑk̲̲,³,kh‧l,a,̠ɡ
34305,蘁,ŋu̯o³¹,ŋ,u̯o,³¹,ŋ,a,̠ɡ
34306,蘂,ȵʷiᴇ³⁵,ȵʷ,iᴇ,³⁵,mɡlj,o,lʔ
34307,蘃,,,,,,,
34308,蘄,kɨi³³,k,ɨi,³³,ɡ,ɯ,
34309,蘅,ɦɰæŋ³³,ɦɰæŋ,,³³,ɡr,a,̠ŋ
34310,蘆,ljɤ³³,lj,ɤ,³³,ɡ,ə,r
34311,蘇,ʂjɤ³³,ʂj,ɤ,³³,sŋ,a,̠
34312,蘈,du̯oi³³,d,u̯oi,³³,ɡ‧l,u,̠l
34313,蘉,mɑŋ³³,m,ɑŋ,³³,m,a,̠ŋ
34314,蘊,ʔjun³³,ʔj,un,³³,q,u,ns
34315,蘋,bin³³,b,in,³³,b,i,n
34316,蘌,ŋjɤ³⁵,ŋj,ɤ,³⁵,ŋ,a,ʔ
34317,蘍,,,,,,,
34318,蘎,,,,,,,
34319,蘏,,,,,,,
34320,蘐,,,,,,,
34321,蘑,,,,,,,
34322,蘒,,,,,,,
34323,蘓,,,,,,,
34324,蘔,,,,,,,
34325,蘕,,,,,,,
34326,蘖,ŋʷɰiᴇt³̲³̲,ŋʷɰ,iᴇt̲̲,³,ŋɡr,e,d
34327,蘗,pɰɛk³̲³̲,pɰ,ɛk̲̲,³,pr,e,̠ɡ
34328,蘘,ȵjaŋ³³,ȵj,aŋ,³³,mlj,a,ŋ
34329,蘙,ʔei³¹,ʔ,ei,³¹,q,i,̠s
34330,蘚,siᴇn³⁵,s,iᴇn,³⁵,,,
34331,蘛,juk³̲³̲,j,uk̲̲,³,,,
34332,蘜,kjuk³̲³̲,kj,uk̲̲,³,k,u,ɡ
34333,蘝,hjam³³,hj,am,³³,,,
34334,蘞,ljam³¹,lj,am,³¹,qhl,o,m
34335,蘟,ʔɨn³⁵,ʔ,ɨn,³⁵,q,ɯ,nʔ
34336,蘠,dzjaŋ³³,dzj,aŋ,³³,z,a,ŋ
34337,蘡,ʔɰɛŋ³³,ʔɰ,ɛŋ,³³,q,e,ŋ
34338,蘢,luŋ³³,l,uŋ,³³,ɡ,ə,r
34339,蘣,tʰuŋ³¹,tʰ,uŋ,³¹,,,
34340,蘤,ɦʲʷiᴇ³⁵,ɦʲʷ,iᴇ,³⁵,ɢʷ,a,lʔ
34341,蘥,jak³̲³̲,j,ak̲̲,³,l,o,wɡ
34342,蘦,leŋ³³,l,eŋ,³³,r,e,̠ŋ
34343,蘧,ɡjɤ³³,ɡj,ɤ,³³,ɡl,a,
34344,蘨,jɨu³³,j,ɨu,³³,l,ɯ,w
34345,蘩,bʷjɤn³³,bʷj,ɤn,³³,b,a,n
34346,蘪,mɰiᴇ³³,mɰ,iᴇ,³³,mr,i,l
34347,蘫,hɑm³¹,h,ɑm,³¹,ɡ,ə,r
34348,蘬,kʰʷɰi³⁵,kʰʷɰ,i,³⁵,khr,u,l
34349,蘭,lɑn³³,l,ɑn,³³,ɡ,ə,r
34350,蘮,kɰiᴇi³¹,kɰ,iᴇi,³¹,kr,a,ds
34351,蘯,,,,,,,
34352,蘰,,,,,,,
34353,蘱,lʷi³¹,lʷ,i,³¹,r,u,̠ls
34354,蘲,lʷi³³,lʷ,i,³³,,,
34355,蘳,ɦʷɰæ³⁵,ɦʷɰæ,,³⁵,qhʷ,e,
34356,蘴,pʰjuŋ³³,pʰj,uŋ,³³,ph,o,ŋ
34357,蘵,tɕɨk³̲³̲,tɕ,ɨk̲̲,³,klj,ɯ,ɡ
34358,蘶,ŋʷɨi³¹,ŋʷ,ɨi,³¹,,,
34359,蘷,,,,,,,
34360,蘸,tʂɰɛm³¹,tʂɰ,ɛm,³¹,sr,e,̠ms
34361,蘹,ɦʷɰɛi³³,ɦʷɰ,ɛi,³³,,,
34362,蘺,liᴇ³³,l,iᴇ,³³,b,ə,r
34363,蘻,kei³¹,k,ei,³¹,k,e,̠ɡs
34364,蘼,mɰiᴇ³⁵,mɰ,iᴇ,³⁵,mr,a,lʔ
34365,蘽,lʷi³⁵,lʷ,i,³⁵,r,u,lʔ
34366,蘾,ɦʷɰɛi³¹,ɦʷɰ,ɛi,³¹,ɡr,u,̠ls
34367,蘿,lɑ³³,l,ɑ,³³,r,a,̠l
34368,虀,,,,,s,i,̠l
34369,虁,ɡʷɰi³³,ɡʷɰ,i,³³,,,
34370,虂,lu̯o³¹,l,u̯o,³¹,,,
34371,虃,siᴇm³³,s,iᴇm,³³,s,e,m
34372,虄,,,,,,,
34373,虅,,,,,,,
34374,虆,lʷi³⁵,lʷ,i,³⁵,r,u,l
34375,虇,kʰʷjɤn³⁵,kʰʷj,ɤn,³⁵,kh,o,ns
34376,虈,hɰiᴇu³³,hɰ,iᴇu,³³,ŋ̊hr,a,w
34377,虉,ŋek³̲³̲,ŋ,ek̲̲,³,ŋɡr,e,̠ɡ
34378,虊,lʷiᴇn³⁵,lʷ,iᴇn,³⁵,,,
34379,虋,mɰin³³,mɰ,in,³³,m,ɯ,̠n
34380,虌,piᴇt³̲³̲,p,iᴇt̲̲,³,p,e,d
34381,虍,hu̯o³³,h,u̯o,³³,qh,a,̠
34382,虎,hu̯o³⁵,h,u̯o,³⁵,qhl,a,̠ʔ
34383,虏,lu̯o³⁵,l,u̯o,³⁵,,,
34384,虐,ŋjak³̲³̲,ŋj,ak̲̲,³,ŋ,a,wɡ
34385,虑,ljɤ³¹,lj,ɤ,³¹,,,
34386,虒,siᴇ³³,s,iᴇ,³³,skl,e,
34387,虓,hɰæu³³,hɰæ,u,³³,qhr,u,̠
34388,虔,ɡɰiᴇn³³,ɡɰ,iᴇn,³³,ɡr,a,n
34389,處,tɕʰjɤ³⁵,tɕʰj,ɤ,³⁵,khlj,a,ʔ
34390,虖,heŋ³³,h,eŋ,³³,qh,a,̠
34391,虗,,,,,,,
34392,虘,dzu̯o³³,dz,u̯o,³³,sɡ,a,̠
34393,虙,bjuk³̲³̲,bj,uk̲̲,³,bl,ɯ,ɡ
34394,虚,hjɤ³³,hj,ɤ,³³,qhl,a,
34395,虛,kʰjɤ³³,kʰj,ɤ,³³,,,
34396,虜,lu̯o³⁵,l,u̯o,³⁵,ɡ,ə,r
34397,虝,,,,,,,
34398,虞,ŋjʊ³³,ŋj,ʊ,³³,ŋɡʷ,a,
34399,號,ɦɑu³¹,ɦ,ɑu,³¹,ɡ,o,̠ws
34400,虠,,,,,,,
34401,虡,ɡjɤ³⁵,ɡj,ɤ,³⁵,ɡl,a,ʔ
34402,虢,kʷɰæk³̲³̲,kʷɰæk̲̲,,³,kʷr,a,̠ɡ
34403,虣,bɑu³¹,b,ɑu,³¹,b,o,̠wɡs
34404,虤,ŋɰɛn³³,ŋɰ,ɛn,³³,ŋr,i,̠n
34405,虥,dʐɰɛn³³,dʐɰ,ɛn,³³,zr,e,̠ns
34406,虦,dʐɰɛn³³,dʐɰ,ɛn,³³,zr,e,̠n
34407,虧,hɰiᴇ³³,hɰ,iᴇ,³³,khʷr,a,l
34408,虨,pʰɰin³³,pʰɰ,in,³³,pr,ɯ,̠n
34409,虩,hɰjæk³̲³̲,hɰjæk̲̲,,³,sqr,a,̠ɡ
34410,虪,ɕjuk³̲³̲,ɕj,uk̲̲,³,qhlj,ɯ,wɡ
34411,虫,hʷɨi³⁵,hʷ,ɨi,³⁵,ŋ̊h,u,lʔ
34412,虬,ɡju³⁵,ɡj,u,³⁵,ɡr,ɯ,w
34413,虭,teu³³,t,eu,³³,t,e,̠w
34414,虮,ki³³,k,i,³³,,,
34415,虯,kju³³,kj,u,³³,ɡr,ɯ,w
34416,虰,ʈʰiᴇŋ³³,ʈʰ,iᴇŋ,³³,t,e,̠ŋ
34417,虱,ʂɪt³̲³̲,ʂ,ɪt̲̲,³,sr,ɯ,d
34418,虲,,,,,,,
34419,虳,,,,,,,
34420,虴,tʂɰæk³̲³̲,tʂɰæk̲̲,,³,,,
34421,虵,jiᴇ³³,j,iᴇ,³³,l,a,l
34422,虶,ʔjʊ³³,ʔj,ʊ,³³,qʷ,a,
34423,虷,ɦɑn³³,ɦ,ɑn,³³,ɡ,a,̠n
34424,虸,tsɨ³⁵,ts,ɨ,³⁵,,,
34425,虹,ɦɰɔŋ³³,ɦɰɔŋ,,³³,ɡ,o,̠ŋ
34426,虺,hʷɰɛi³³,hʷɰ,ɛi,³³,ŋ̊h,u,̠l
34427,虻,mɰæŋ³³,mɰæŋ,,³³,mr,a,̠ŋ
34428,虼,,,,,,,
34429,虽,sʷi³³,sʷ,i,³³,,,
34430,虾,hɰæ³³,hɰæ,,³³,,,
34431,虿,,,,,,,
34432,蚀,ʑɨk³̲³̲,ʑ,ɨk̲̲,³,,,
34433,蚁,ŋɰiᴇ³⁵,ŋɰ,iᴇ,³⁵,,,
34434,蚂,,,,,,,
34435,蚃,,,,,,,
34436,蚄,pʷjaŋ³³,pʷj,aŋ,³³,p,a,ŋ
34437,蚅,ʔɰɛk³̲³̲,ʔɰ,ɛk̲̲,³,qr,e,̠ɡ
34438,蚆,pʰɰæ³³,pʰɰæ,,³³,phr,a,̠
34439,蚇,tɕʰiᴇk³̲³̲,tɕʰ,iᴇk̲̲,³,thj,a,ɡ
34440,蚈,kei³³,k,ei,³³,k,e,̠
34441,蚉,,,,,,,
34442,蚊,mjun³³,mj,un,³³,m,ɯ,n
34443,蚋,ȵʷiᴇt³̲³̲,ȵʷ,iᴇt̲̲,³,nj,o,bs
34444,蚌,pʰjʊŋ³³,pʰj,ʊŋ,³³,br,o,̠ŋʔ
34445,蚍,bi³³,b,i,³³,b,i,
34446,蚎,ɦʲit³̲³̲,ɦʲ,it̲̲,³,,,
34447,蚏,ɦʲʷjɤt³̲³̲,ɦʲʷj,ɤt̲̲,³,,,
34448,蚐,kʷin³³,kʷ,in,³³,,,
34449,蚑,ɡiᴇ³³,ɡ,iᴇ,³³,ɡ,e,
34450,蚒,du̯oŋ³³,d,u̯oŋ,³³,,,
34451,蚓,jin³¹,j,in,³¹,l,i,nʔ
34452,蚔,ɡiᴇ³³,ɡ,iᴇ,³³,ɡ,e,
34453,蚕,tʰen³⁵,tʰ,en,³⁵,l̥,i,̠nʔ
34454,蚖,ŋʷjɤn³³,ŋʷj,ɤn,³³,ŋɡ,o,̠n
34455,蚗,ʔʷet³̲³̲,ʔʷ,et̲̲,³,kʷ,e,̠d
34456,蚘,ɦʲɨu³³,ɦʲ,ɨu,³³,ɡʷ,ɯ,̠
34457,蚙,ɡɰin³³,ɡɰ,in,³³,ɡr,a,m
34458,蚚,ɦu̯oi³¹,ɦ,u̯oi,³¹,ɡ,ɯ,̠ls
34459,蚛,ɖjuŋ³¹,ɖj,uŋ,³¹,,,
34460,蚜,,,,,,,
34461,蚝,tsʰiᴇ³¹,tsʰ,iᴇ,³¹,sh,ɯ,s
34462,蚞,muk³̲³̲,m,uk̲̲,³,m,o,̠ɡ
34463,蚟,ɦʲʷjaŋ³³,ɦʲʷj,aŋ,³³,ɢʷ,a,ŋ
34464,蚠,bjun³³,bj,un,³³,b,ɯ,nʔ
34465,蚡,bjun³³,bj,un,³³,b,ɯ,n
34466,蚢,kɑŋ³³,k,ɑŋ,³³,ɡ,a,̠ŋ
34467,蚣,suŋ³³,s,uŋ,³³,kl,o,̠ŋ
34468,蚤,tʂɰæu³⁵,tʂɰæ,u,³⁵,s,u,̠ʔ
34469,蚥,bjʊ³⁵,bj,ʊ,³⁵,p,a,ʔ
34470,蚦,ȵɑm³³,ȵ,ɑm,³³,,,
34471,蚧,kɰɛi³¹,kɰ,ɛi,³¹,kr,e,̠ds
34472,蚨,bjʊ³³,bj,ʊ,³³,b,a,
34473,蚩,tɕʰɨ³³,tɕʰ,ɨ,³³,khlj,ɯ,
34474,蚪,tu³⁵,t,u,³⁵,,,
34475,蚫,bɑu³³,b,ɑu,³³,,,
34476,蚬,,,,,,,
34477,蚭,ɳi³³,ɳ,i,³³,n,i,l
34478,蚮,,,,,,,
34479,蚯,kʰɨu³³,kʰ,ɨu,³³,kh,ɯ,
34480,蚰,ɖjuk³̲³̲,ɖj,uk̲̲,³,l,ɯ,w
34481,蚱,ʑɰæk³̲³̲,ʑɰæk̲̲,,³,,,
34482,蚲,bɰjæŋ³³,bɰjæŋ,,³³,,,
34483,蚳,ɖi³³,ɖ,i,³³,d,i,l
34484,蚴,ʔju³⁵,ʔj,u,³⁵,qr,ɯ,wʔ
34485,蚵,kʰɑ³¹,kʰ,ɑ,³¹,kh,a,̠ls
34486,蚶,ɦɑm³³,ɦ,ɑm,³³,,,
34487,蚷,ɡjɤ³⁵,ɡj,ɤ,³⁵,ɡ,a,ʔ
34488,蚸,siᴇk³̲³̲,s,iᴇk̲̲,³,ɡ,ə,r
34489,蚹,bjʊ³¹,bj,ʊ,³¹,b,o,s
34490,蚺,ȵiᴇm³³,ȵ,iᴇm,³³,nj,a,m
34491,蚻,dzet³̲³̲,dz,et̲̲,³,sqr,i,̠ɡ
34492,蚼,hu³⁵,h,u,³⁵,ɡ,o,
34493,蚽,,,,,,,
34494,蚾,pʷɑ³⁵,pʷ,ɑ,³⁵,,,
34495,蚿,ɦen³³,ɦ,en,³³,ɡ,i,̠n
34496,蛀,tɕjʊ³¹,tɕj,ʊ,³¹,,,
34497,蛁,teu³³,t,eu,³³,t,e,̠w
34498,蛂,pʷɨi³¹,pʷ,ɨi,³¹,b,ɯ,̠d
34499,蛃,pɰjæŋ³¹,pɰjæŋ,,³¹,pkr,a,ŋʔ
34500,蛄,ku̯o³³,k,u̯o,³³,k,a,̠
34501,蛅,tɕiᴇm³³,tɕ,iᴇm,³³,mɡlj,e,m
34502,蛆,tsjɤ³³,tsj,ɤ,³³,skh,a,
34503,蛇,jiᴇ³³,j,iᴇ,³³,l̥,a,̠l
34504,蛈,tʰet³̲³̲,tʰ,et̲̲,³,kh‧l,i,̠ɡ
34505,蛉,leŋ³³,l,eŋ,³³,ɡ,ə,r
34506,蛊,ku̯o³⁵,k,u̯o,³⁵,,,
34507,蛋,,,,,,,
34508,蛌,,,,,,,
34509,蛍,,,,,,,
34510,蛎,,,,,,,
34511,蛏,ʈʰiᴇŋ³³,ʈʰ,iᴇŋ,³³,,,
34512,蛐,,,,,,,
34513,蛑,mɑu³³,m,ɑu,³³,m,ɯ,
34514,蛒,kʷɰæk³̲³̲,kʷɰæk̲̲,,³,kr,a,̠ɡ
34515,蛓,tsʰiᴇ³¹,tsʰ,iᴇ,³¹,sh,ɯ,s
34516,蛔,ɦu̯oi³³,ɦ,u̯oi,³³,,,
34517,蛕,hu̯oi³⁵,h,u̯oi,³⁵,ɡʷ,ɯ,̠
34518,蛖,bɰɔŋ³⁵,bɰɔŋ,,³⁵,mr,o,̠ŋ
34519,蛗,bɨu³⁵,b,ɨu,³⁵,b,u,ʔ
34520,蛘,jaŋ³³,j,aŋ,³³,ɢl,a,ŋʔ
34521,蛙,hʷɰæ³³,hʷɰæ,,³³,qʷr,e,̠
34522,蛚,liᴇt³̲³̲,l,iᴇt̲̲,³,r,e,d
34523,蛛,ʈjʊ³³,ʈj,ʊ,³³,t,o,
34524,蛜,ʔi³³,ʔ,i,³³,q,i,l
34525,蛝,ŋɰin³³,ŋɰ,in,³³,ɡr,ɯ,̠n
34526,蛞,kʰʷɑt³̲³̲,kʰʷ,ɑt̲̲,³,kh,o,̠d
34527,蛟,kɰæu³³,kɰæ,u,³³,kr,e,̠w
34528,蛠,lei³¹,l,ei,³¹,,,
34529,蛡,hjʊ³⁵,hj,ʊ,³⁵,l,ɯ,ɡ
34530,蛢,pɰɛŋ³¹,pɰ,ɛŋ,³¹,b,e,̠ŋ
34531,蛣,kʰet³̲³̲,kʰ,et̲̲,³,khl,i,d
34532,蛤,ŋəp³̲³̲,ŋ,əp̲̲,³,k,u,̠b
34533,蛥,tɕiᴇt³̲³̲,tɕ,iᴇt̲̲,³,ɢlj,a,d
34534,蛦,dei³³,d,ei,³³,,,
34535,蛧,mʷjaŋ³⁵,mʷj,aŋ,³⁵,m,a,ŋʔ
34536,蛨,mɰæk³̲³̲,mɰæk̲̲,,³,,,
34537,蛩,kjʊŋ³⁵,kj,ʊŋ,³⁵,ɡ,o,ŋ
34538,蛪,ŋet³̲³̲,ŋ,et̲̲,³,kh,e,̠d
34539,蛫,kʷɰiᴇ³⁵,kʷɰ,iᴇ,³⁵,kr,o,lʔ
34540,蛬,kjʊŋ³⁵,kj,ʊŋ,³⁵,kl,o,ŋʔ
34541,蛭,tet³̲³̲,t,et̲̲,³,k‧l,i,ɡ
34542,蛮,mɰæn³³,mɰæn,,³³,,,
34543,蛯,,,,,,,
34544,蛰,ɖip³̲³̲,ɖ,ip̲̲,³,,,
34545,蛱,,,,,,,
34546,蛲,,,,,,,
34547,蛳,ʂi³³,ʂ,i,³³,,,
34548,蛴,,,,,,,
34549,蛵,heŋ³³,h,eŋ,³³,qh,e,̠ŋ
34550,蛶,lʷɑt³̲³̲,lʷ,ɑt̲̲,³,r,o,d
34551,蛷,kjʊ³³,kj,ʊ,³³,ɡ,u,
34552,蛸,ʂɰæu³³,ʂɰæ,u,³³,spl,e,w
34553,蛹,jʊŋ³⁵,j,ʊŋ,³⁵,l,o,ŋʔ
34554,蛺,kʰep³̲³̲,kʰ,ep̲̲,³,k,e,̠b
34555,蛻,tʰʷɑi³¹,tʰʷ,ɑi,³¹,,,
34556,蛼,tɕʰjæ³³,tɕʰjæ,,³³,,,
34557,蛽,,,,,,,
34558,蛾,ŋɰiᴇ³⁵,ŋɰ,iᴇ,³⁵,ŋ,a,̠l
34559,蛿,ɦəm³¹,ɦ,əm,³¹,,,
34560,蜀,,,,,ɡlj,o,ɡ
34561,蜁,zʷiᴇn³³,zʷ,iᴇn,³³,,,
34562,蜂,buŋ³³,b,uŋ,³³,ph,o,ŋ
34563,蜃,,,,,blj,ɯ,ns
34564,蜄,dʑin³¹,dʑ,in,³¹,blj,ɯ,ns
34565,蜅,pjʊ³⁵,pj,ʊ,³⁵,p,a,ʔ
34566,蜆,ɦen³³,ɦ,en,³³,qh,e,̠nʔ
34567,蜇,ʈiᴇt³̲³̲,ʈ,iᴇt̲̲,³,k‧l,e,d
34568,蜈,ŋu̯o³³,ŋ,u̯o,³³,,,
34569,蜉,bɨu³³,b,ɨu,³³,b,u,
34570,蜊,li³³,l,i,³³,r,i,l
34571,蜋,ljaŋ³³,lj,aŋ,³³,r,a,ŋ
34572,蜌,bɰæ³⁵,bɰæ,,³⁵,b,i,̠ʔ
34573,蜍,jɤ³³,j,ɤ,³³,ɡlj,a,
34574,蜎,ɡʷɰiᴇn³⁵,ɡʷɰ,iᴇn,³⁵,qʷ,e,̠n
34575,蜏,jɨu³¹,j,ɨu,³¹,sl,u,s
34576,蜐,kjap³̲³̲,kj,ap̲̲,³,,,
34577,蜑,,,,,,,
34578,蜒,jiᴇn³³,j,iᴇn,³³,l,a,n
34579,蜓,den³⁵,d,en,³⁵,ɡ‧l,e,̠ŋ
34580,蜔,,,,,,,
34581,蜕,tʰʷɑi³¹,tʰʷ,ɑi,³¹,kh‧l,o,̠ds
34582,蜖,,,,,,,
34583,蜗,kʷɰæ³³,kʷɰæ,,³³,,,
34584,蜘,ʈiᴇ³³,ʈ,iᴇ,³³,t,e,
34585,蜙,sjʊŋ³³,sj,ʊŋ,³³,skl,o,ŋ
34586,蜚,bʷɨi³¹,bʷ,ɨi,³¹,p,ɯ,lʔ
34587,蜛,kjɤ³³,kj,ɤ,³³,,,
34588,蜜,mit³̲³̲,m,it̲̲,³,mbr,i,ɡ
34589,蜝,ɡɨ³³,ɡ,ɨ,³³,ɡ,ɯ,
34590,蜞,ɡɨ³³,ɡ,ɨ,³³,ɡ,ɯ,
34591,蜟,juk³̲³̲,j,uk̲̲,³,l,u,ɡ
34592,蜠,ɡʷɰin³⁵,ɡʷɰ,in,³⁵,khr,u,n
34593,蜡,lɑp³̲³̲,l,ɑp̲̲,³,zr,a,̠ɡs
34594,蜢,mɰæŋ³⁵,mɰæŋ,,³⁵,,,
34595,蜣,kʰjaŋ³³,kʰj,aŋ,³³,khl,a,ŋ
34596,蜤,siᴇ³³,s,iᴇ,³³,sl,e,
34597,蜥,sek³̲³̲,s,ek̲̲,³,sl,e,̠ɡ
34598,蜦,lʷin³³,lʷ,in,³³,ɡ,ə,r
34599,蜧,lʷin³³,lʷ,in,³³,r,ɯ,̠ds
34600,蜨,ɦep³̲³̲,ɦ,ep̲̲,³,sl,e,̠b
34601,蜩,deu³³,d,eu,³³,ɡ‧l,ɯ,̠w
34602,蜪,tʰɑu³³,tʰ,ɑu,³³,b‧l,u,̠
34603,蜫,ɦu̯on³³,ɦ,u̯on,³³,k,u,̠n
34604,蜬,ɦəm³³,ɦ,əm,³³,k,u,̠m
34605,蜭,ɦəm³¹,ɦ,əm,³¹,ɡl,o,̠mʔ
34606,蜮,ɦək³̲³̲,ɦ,ək̲̲,³,ɢʷr,ɯ,ɡ
34607,蜯,bɰæŋ³⁵,bɰæŋ,,³⁵,br,o,̠ŋʔ
34608,蜰,bʷɨi³³,bʷ,ɨi,³³,b,ɯ,l
34609,蜱,biᴇ³³,b,iᴇ,³³,b,e,
34610,蜲,ʔʷɰiᴇ³³,ʔʷɰ,iᴇ,³³,qr,o,l
34611,蜳,tʰu̯on³³,tʰ,u̯on,³³,k‧l,u,̠n
34612,蜴,jiᴇk³̲³̲,j,iᴇk̲̲,³,l,e,ɡ
34613,蜵,ʔʷen³³,ʔʷ,en,³³,qʷ,i,̠n
34614,蜶,,,,,,,
34615,蜷,ɡʷɰiᴇn³³,ɡʷɰ,iᴇn,³³,ɡr,o,n
34616,蜸,kʰen³⁵,kʰ,en,³⁵,kh,i,̠nʔ
34617,蜹,jʷiᴇi³¹,jʷ,iᴇi,³¹,l,o,bs
34618,蜺,ŋet³̲³̲,ŋ,et̲̲,³,ŋɡ,e,̠
34619,蜻,tsʰiᴇŋ³⁵,tsʰ,iᴇŋ,³⁵,sh,e,̠ŋ
34620,蜼,jɨu³¹,j,ɨu,³¹,ɢ,u,ls
34621,蜽,ljaŋ³⁵,lj,aŋ,³⁵,r,a,ŋʔ
34622,蜾,kʷɑ³³,kʷ,ɑ,³³,kl,o,̠lʔ
34623,蜿,ʔʷjɤn³³,ʔʷj,ɤn,³³,q,o,nʔ
34624,蝀,tuŋ³⁵,t,uŋ,³⁵,t,o,̠ŋʔ
34625,蝁,ʔɑk³̲³̲,ʔ,ɑk̲̲,³,q,a,̠ɡ
34626,蝂,pɰæn³⁵,pɰæn,,³⁵,,,
34627,蝃,tɕʷiᴇt³̲³̲,tɕʷ,iᴇt̲̲,³,tj,o,d
34628,蝄,mʷjaŋ³⁵,mʷj,aŋ,³⁵,mɡl,a,ŋʔ
34629,蝅,,,,,,,
34630,蝆,miᴇ³⁵,m,iᴇ,³⁵,m,e,ʔ
34631,蝇,jɨŋ³³,j,ɨŋ,³³,,,
34632,蝈,,,,,,,
34633,蝉,dʑiᴇn³³,dʑ,iᴇn,³³,,,
34634,蝊,,,,,,,
34635,蝋,,,,,,,
34636,蝌,kʰʷɑ³³,kʰʷ,ɑ,³³,,,
34637,蝍,tsit³̲³̲,ts,it̲̲,³,s,ɯ,ɡ
34638,蝎,hjɤt³̲³̲,hj,ɤt̲̲,³,ɡ,a,̠d
34639,蝏,deŋ³³,d,eŋ,³³,,,
34640,蝐,mu̯ok³̲³̲,m,u̯ok̲̲,³,,,
34641,蝑,sjæ³¹,sjæ,,³¹,sŋ,a,̠s
34642,蝒,miᴇn³³,m,iᴇn,³³,m,e,n
34643,蝓,jɨu³³,j,ɨu,³³,l,o,
34644,蝔,kɰɛi³³,kɰ,ɛi,³³,ɡr,i,̠l
34645,蝕,luŋ³³,l,uŋ,³³,ɢlj,ɯ,ɡ
34646,蝖,hʷjɤn³³,hʷj,ɤn,³³,qh,o,n
34647,蝗,ɦɰæŋ³¹,ɦɰæŋ,,³¹,ɡʷ,a,̠ŋ
34648,蝘,ʔjɤn³⁵,ʔj,ɤn,³⁵,q,e,̠nʔ
34649,蝙,pen³³,p,en,³³,p,e,̠n
34650,蝚,nɑu³³,n,ɑu,³³,mlj,u,
34651,蝛,ʔʷɨi³³,ʔʷ,ɨi,³³,,,
34652,蝜,bɨu³⁵,b,ɨu,³⁵,b,ɯ,ʔ
34653,蝝,jʷiᴇn³¹,jʷ,iᴇn,³¹,ɢl,o,n
34654,蝞,mɰi³¹,mɰ,i,³¹,,,
34655,蝟,ɦʲʷɨi³¹,ɦʲʷ,ɨi,³¹,ɢr,u,ds
34656,蝠,pjuk³̲³̲,pj,uk̲̲,³,p,ɯ,ɡ
34657,蝡,ȵʷin³⁵,ȵʷ,in,³⁵,nj,o,nʔ
34658,蝢,ɦet³̲³̲,ɦ,et̲̲,³,,,
34659,蝣,lɨu³³,l,ɨu,³³,l,u,
34660,蝤,dzɨu³³,dz,ɨu,³³,sk,u,
34661,蝥,mɨu³³,m,ɨu,³³,m,o,ɡs
34662,蝦,kɰæ³⁵,kɰæ,,³⁵,ɡr,a,̠
34663,蝧,ʔɰjæŋ³³,ʔɰjæŋ,,³³,,,
34664,蝨,ʂɪt³̲³̲,ʂ,ɪt̲̲,³,sr,ɯ,d
34665,蝩,ɖjʊŋ³³,ɖj,ʊŋ,³³,,,
34666,蝪,dɑŋ³³,d,ɑŋ,³³,kh‧l,a,̠ŋ
34667,蝫,tɕjɤ³³,tɕj,ɤ,³³,klj,a,
34668,蝬,tsuŋ³³,ts,uŋ,³³,,,
34669,蝭,dei³³,d,ei,³³,ɡ‧l,e,̠
34670,蝮,pʰjuk³̲³̲,pʰj,uk̲̲,³,ph,u,ɡ
34671,蝯,ɦʲʷjɤn³³,ɦʲʷj,ɤn,³³,ɢr,o,n
34672,蝰,kʰʷei³³,kʰʷ,ei,³³,,,
34673,蝱,mɰæŋ³³,mɰæŋ,,³³,mr,a,̠ŋ
34674,蝲,lɑt³̲³̲,l,ɑt̲̲,³,,,
34675,蝳,du̯ok³̲³̲,d,u̯ok̲̲,³,d,u,̠ɡ
34676,蝴,,,,,,,
34677,蝵,tsʰɨu³³,tsʰ,ɨu,³³,,,
34678,蝶,dep³̲³̲,d,ep̲̲,³,kh‧l,e,̠b
34679,蝷,tɕʰiᴇk³̲³̲,tɕʰ,iᴇk̲̲,³,ɡ,ə,r
34680,蝸,kʷɰæ³³,kʷɰæ,,³³,kr,o,̠l
34681,蝹,ʔʷin³³,ʔʷ,in,³³,q,u,n
34682,蝺,,,,,khʷ,a,ʔ
34683,蝻,,,,,,,
34684,蝼,,,,,,,
34685,蝽,tɕʰʷin³⁵,tɕʰʷ,in,³⁵,,,
34686,蝾,,,,,,,
34687,蝿,,,,,,,
34688,螀,,,,,,,
34689,螁,,,,,,,
34690,螂,,,,,,,
34691,螃,bɑŋ³¹,b,ɑŋ,³¹,,,
34692,螄,ʂi³³,ʂ,i,³³,,,
34693,螅,,,,,,,
34694,螆,,,,,,,
34695,螇,ɦei³³,ɦ,ei,³³,kh,e,̠
34696,螈,ŋʷjɤn³³,ŋʷj,ɤn,³³,ŋɡ,o,n
34697,螉,ʔuŋ³⁵,ʔ,uŋ,³⁵,ql,o,̠ŋ
34698,螊,hɰɛm³³,hɰ,ɛm,³³,ɡ,ə,r
34699,螋,ʂɨu³³,ʂ,ɨu,³³,,,
34700,螌,bʷɑn³³,bʷ,ɑn,³³,pr,a,̠n
34701,融,bʷɑt³̲³̲,bʷ,ɑt̲̲,³,l,u,ŋ
34702,螎,,,,,,,
34703,螏,dzit³̲³̲,dz,it̲̲,³,,,
34704,螐,ʔu̯o³³,ʔ,u̯o,³³,q,a,̠
34705,螑,kʰju³¹,kʰj,u,³¹,khr,u,s
34706,螒,ɦɑn³¹,ɦ,ɑn,³¹,ɡ,a,̠ns
34707,螓,dzin³³,dz,in,³³,z,i,n
34708,螔,jiᴇ³³,j,iᴇ,³³,skl,e,
34709,螕,bi³³,b,i,³³,p,i,̠
34710,螖,ɦʷɰɛt³̲³̲,ɦʷɰ,ɛt̲̲,³,ɡr,u,̠d
34711,螗,dɑŋ³³,d,ɑŋ,³³,ɡ‧l,a,̠ŋ
34712,螘,ŋɰiᴇ³⁵,ŋɰ,iᴇ,³⁵,ŋɡ,ɯ,lʔ
34713,螙,tu̯o³¹,t,u̯o,³¹,t,a,̠s
34714,螚,nəi³¹,n,əi,³¹,n,ɯ,̠s
34715,螛,ɦɰæt³̲³̲,ɦɰæt̲̲,,³,ɡ,a,̠d
34716,螜,ɦuk³̲³̲,ɦ,uk̲̲,³,ɡ,o,̠ɡ
34717,螝,kʷɰi³³,kʷɰ,i,³³,kr,u,l
34718,螞,,,,,,,
34719,螟,meŋ³³,m,eŋ,³³,m,e,̠ŋ
34720,螠,ʔiᴇ³¹,ʔ,iᴇ,³¹,,,
34721,螡,,,,,,,
34722,螢,ɦʲʷɰjæŋ³³,ɦʲʷɰjæŋ,,³³,ɡʷ,e,̠ŋ
34723,螣,dək³̲³̲,d,ək̲̲,³,ɡ‧l,ɯ,̠ɡ
34724,螤,jʊ³⁵,j,ʊ,³⁵,,,
34725,螥,,,,,shr,a,ŋ
34726,螦,,,,,,,
34727,螧,,,,,,,
34728,螨,,,,,,,
34729,螩,,,,,,,
34730,螪,ɕjaŋ³³,ɕj,aŋ,³³,qhlj,a,ŋ
34731,螫,ɕiᴇk³̲³̲,ɕ,iᴇk̲̲,³,qhj,a,ɡ
34732,螬,dzɑu³³,dz,ɑu,³³,sɡ,u,̠
34733,螭,ʈʰiᴇ³³,ʈʰ,iᴇ,³³,ph‧r,e,l
34734,螮,tei³¹,t,ei,³¹,t,e,̠ds
34735,螯,ŋɑu³³,ŋ,ɑu,³³,ŋɡ,a,̠w
34736,螰,luk³̲³̲,l,uk̲̲,³,b,ə,r
34737,螱,ʔʷɨi³¹,ʔʷ,ɨi,³¹,q,u,ds
34738,螲,tet³̲³̲,t,et̲̲,³,k‧l,i,ɡ
34739,螳,dɑŋ³³,d,ɑŋ,³³,ɡ‧l,a,̠ŋ
34740,螴,din³³,d,in,³³,ɡ‧l,i,ŋ
34741,螵,biᴇu³³,b,iᴇu,³³,ph,e,w
34742,螶,ɡjɤ³³,ɡj,ɤ,³³,ɡ,a,
34743,螷,biᴇ³³,b,iᴇ,³³,b,e,
34744,螸,,,,,ɢl,o,
34745,螹,dʐɰɛm³³,dʐɰ,ɛm,³³,z,a,mʔ
34746,螺,lʷɑ³³,lʷ,ɑ,³³,r,o,̠l
34747,螻,lu³³,l,u,³³,ɡ,ə,r
34748,螼,,,,,khr,ɯ,nʔ
34749,螽,tɕjuŋ³³,tɕj,uŋ,³³,tj,u,ŋ
34750,螾,jin³³,j,in,³³,l,i,n
34751,螿,tsjaŋ³³,tsj,aŋ,³³,sk,a,ŋ
34752,蟀,,,,,sr,u,d
34753,蟁,mjun³³,mj,un,³³,m,ɯ,n
34754,蟂,keu³³,k,eu,³³,k,e,̠w
34755,蟃,mʷjɤn³¹,mʷj,ɤn,³¹,m,o,ns
34756,蟄,tɕʰip³̲³̲,tɕʰ,ip̲̲,³,ɡ‧l,i,b
34757,蟅,tɕjæ³¹,tɕjæ,,³¹,klj,a,ɡ
34758,蟆,mɰæ³³,mɰæ,,³³,mr,a,̠
34759,蟇,,,,,,,
34760,蟈,kʷɰɛk³̲³̲,kʷɰ,ɛk̲̲,³,kʷr,ɯ,̠ɡ
34761,蟉,lɨu³⁵,l,ɨu,³⁵,ɡr,ɯ,w
34762,蟊,mu³¹,m,u,³¹,m,u,
34763,蟋,sit³̲³̲,s,it̲̲,³,sr,i,d
34764,蟌,tsʰiᴇ³¹,tsʰ,iᴇ,³¹,skh,o,̠ŋ
34765,蟍,li³³,l,i,³³,,,
34766,蟎,,,,,,,
34767,蟏,seu³³,s,eu,³³,,,
34768,蟐,,,,,,,
34769,蟑,,,,,,,
34770,蟒,mɰæŋ³⁵,mɰæŋ,,³⁵,m,a,̠ŋʔ
34771,蟓,zjaŋ³⁵,zj,aŋ,³⁵,sɢl,a,ŋʔ
34772,蟔,mək³̲³̲,m,ək̲̲,³,,,
34773,蟕,tsiᴇ³³,ts,iᴇ,³³,,,
34774,蟖,,,,,,,
34775,蟗,tsʰɨu³³,tsʰ,ɨu,³³,sh,u,
34776,蟘,dək³̲³̲,d,ək̲̲,³,l,ɯ,̠ɡ
34777,蟙,tɕɨk³̲³̲,tɕ,ɨk̲̲,³,klj,ɯ,ɡ
34778,蟚,bɰæŋ³³,bɰæŋ,,³³,,,
34779,蟛,bɰæŋ³³,bɰæŋ,,³³,,,
34780,蟜,ɡɰiᴇu³³,ɡɰ,iᴇu,³³,kr,e,wʔ
34781,蟝,ɡjɤ³³,ɡj,ɤ,³³,ɡ,a,
34782,蟞,pet³̲³̲,p,et̲̲,³,p,e,̠d
34783,蟟,leu³³,l,eu,³³,,,
34784,蟠,bʷɑn³³,bʷ,ɑn,³³,b,a,̠n
34785,蟡,kʷɰiᴇ³⁵,kʷɰ,iᴇ,³⁵,qʷr,a,l
34786,蟢,hɨ³⁵,h,ɨ,³⁵,,,
34787,蟣,ɡɨi³³,ɡ,ɨi,³³,ɡ,ɯ,l
34788,蟤,dzʷiᴇn³³,dzʷ,iᴇn,³³,skr,o,n
34789,蟥,ɦʷɑŋ³³,ɦʷ,ɑŋ,³³,ɡʷ,a,̠ŋ
34790,蟦,bʷɨi³¹,bʷ,ɨi,³¹,b,ɯ,ls
34791,蟧,lɑu³³,l,ɑu,³³,ɡ,ə,r
34792,蟨,kʷjɤt³̲³̲,kʷj,ɤt̲̲,³,k,o,d
34793,蟩,kʷjɤt³̲³̲,kʷj,ɤt̲̲,³,,,
34794,蟪,ɦʷei³¹,ɦʷ,ei,³¹,ɢʷ,i,̠ds
34795,蟫,jim³³,j,im,³³,ɢl,u,m
34796,蟬,dei³³,d,ei,³³,dj,a,n
34797,蟭,tsiᴇu³³,ts,iᴇu,³³,,,
34798,蟮,dʑiᴇn³⁵,dʑ,iᴇn,³⁵,,,
34799,蟯,ŋeu³³,ŋ,eu,³³,mɡlj,e,w
34800,蟰,sjuk³̲³̲,sj,uk̲̲,³,sl,ɯ,̠w
34801,蟱,mjʊ³³,mj,ʊ,³³,,,
34802,蟲,ɖjuŋ³³,ɖj,uŋ,³³,ɡ‧l,u,ŋ
34803,蟳,,,,,,,
34804,蟴,siᴇ³³,s,iᴇ,³³,sqh,e,
34805,蟵,,,,,,,
34806,蟶,ʈʰiᴇŋ³³,ʈʰ,iᴇŋ,³³,,,
34807,蟷,tɑŋ³³,t,ɑŋ,³³,k‧l,a,̠ŋ
34808,蟸,,,,,,,
34809,蟹,ɦɰɛ³⁵,ɦɰ,ɛ,³⁵,ɡr,e,̠ʔ
34810,蟺,dɑ³³,d,ɑ,³³,dj,a,nʔ
34811,蟻,ŋɨi³⁵,ŋ,ɨi,³⁵,ŋr,a,lʔ
34812,蟼,kɰjæŋ³⁵,kɰjæŋ,,³⁵,kr,e,̠
34813,蟽,,,,,,,
34814,蟾,dʑiᴇm³³,dʑ,iᴇm,³³,klj,a,m
34815,蟿,kʰi³¹,kʰ,i,³¹,kh,e,̠ɡs
34816,蠀,tsʰi³³,tsʰ,i,³³,sh,i,
34817,蠁,hjaŋ³⁵,hj,aŋ,³⁵,qh,a,ŋʔ
34818,蠂,ɕiᴇp³̲³̲,ɕ,iᴇp̲̲,³,,,
34819,蠃,lʷɑ³³,lʷ,ɑ,³³,r,o,̠lʔ
34820,蠄,ɡɰim³³,ɡɰ,im,³³,,,
34821,蠅,jɨŋ³³,j,ɨŋ,³³,b,ə,l
34822,蠆,ɖiᴇ³⁵,ɖ,iᴇ,³⁵,ph‧r,a,̠ds
34823,蠇,liᴇi³¹,l,iᴇi,³¹,b,ə,r
34824,蠈,dzək³̲³̲,dz,ək̲̲,³,sɡ,ɯ,̠ɡ
34825,蠉,hʷiᴇn³³,hʷ,iᴇn,³³,qhʷ,e,n
34826,蠊,liᴇm³³,l,iᴇm,³³,,,
34827,蠋,tɕjʊk³̲³̲,tɕj,ʊk̲̲,³,ɡ‧l,o,ɡ
34828,蠌,ɖɰæk³̲³̲,ɖɰæk̲̲,,³,ɡ‧r,a,̠ɡ
34829,蠍,hjɤt³̲³̲,hj,ɤt̲̲,³,qh,a,d
34830,蠎,,,,,,,
34831,蠏,ɦɰɛ³⁵,ɦɰ,ɛ,³⁵,ɡr,e,̠ʔ
34832,蠐,dzei³³,dz,ei,³³,z,i,̠l
34833,蠑,ɦʲʷɰjæŋ³³,ɦʲʷɰjæŋ,,³³,ɢʷr,e,ŋ
34834,蠒,ken³⁵,k,en,³⁵,k,e,̠nʔ
34835,蠓,muŋ³⁵,m,uŋ,³⁵,m,o,̠ŋʔ
34836,蠔,,,,,,,
34837,蠕,ȵʷiᴇn³⁵,ȵʷ,iᴇn,³⁵,nj,o,
34838,蠖,ʔʷɑk³̲³̲,ʔʷ,ɑk̲̲,³,qʷ,a,̠ɡ
34839,蠗,ɖɰɔk³̲³̲,ɖɰɔk̲̲,,³,ɡ‧r,e,̠wɡ
34840,蠘,,,,,,,
34841,蠙,ben³³,b,en,³³,b,i,̠n
34842,蠚,ȵjak³̲³̲,ȵj,ak̲̲,³,n̥,a,ɡ
34843,蠛,met³̲³̲,m,et̲̲,³,m,e,̠d
34844,蠜,bʷjɤn³³,bʷj,ɤn,³³,b,a,n
34845,蠝,lʷi³⁵,lʷ,i,³⁵,r,o,lʔ
34846,蠞,dzet³̲³̲,dz,et̲̲,³,,,
34847,蠟,lɑp³̲³̲,l,ɑp̲̲,³,r,a,̠b
34848,蠠,,,,,mr,i,ɡ
34849,蠡,liᴇ³³,l,iᴇ,³³,ɡ,ə,r
34850,蠢,tɕʰʷin³⁵,tɕʰʷ,in,³⁵,khlj,u,nʔ
34851,蠣,liᴇi³¹,l,iᴇi,³¹,b,ə,r
34852,蠤,tsʰɨu³³,tsʰ,ɨu,³³,,,
34853,蠥,ŋʷɰiᴇt³̲³̲,ŋʷɰ,iᴇt̲̲,³,ŋɡr,e,d
34854,蠦,ljɤ³³,lj,ɤ,³³,ɡ,ə,r
34855,蠧,,,,,,,
34856,蠨,seu³³,s,eu,³³,sl,ɯ,̠w
34857,蠩,tɕjɤ³³,tɕj,ɤ,³³,klj,a,
34858,蠪,luŋ³³,l,uŋ,³³,ɡ,ə,r
34859,蠫,,,,,,,
34860,蠬,,,,,,,
34861,蠭,pʰjʊŋ³³,pʰj,ʊŋ,³³,ph,o,ŋ
34862,蠮,ʔet³̲³̲,ʔ,et̲̲,³,q,i,̠ɡ
34863,蠯,bɰɛ³³,bɰ,ɛ,³³,b,e,
34864,蠰,ʂjaŋ³³,ʂj,aŋ,³³,m‧l ,a,̠ŋ
34865,蠱,jæ³⁵,jæ,,³⁵,kl,a,̠ʔ
34866,蠲,kʷen³³,kʷ,en,³³,kʷ,i,̠ŋ
34867,蠳,,,,,q,e,ŋ
34868,蠴,,,,,,,
34869,蠵,jʷiᴇ³³,jʷ,iᴇ,³³,ɢʷ,e,̠
34870,蠶,dzəm³³,dz,əm,³³,sɡ,u,̠m
34871,蠷,ɡjʊ³³,ɡj,ʊ,³³,ɡʷ,a,
34872,蠸,hʷɑn³¹,hʷ,ɑn,³¹,ɡr,o,n
34873,蠹,tu̯o³¹,t,u̯o,³¹,k‧l,a,̠ɡs
34874,蠺,,,,,,,
34875,蠻,mɰæn³³,mɰæn,,³³,mɡr,o,̠n
34876,蠼,kʷjak³̲³̲,kʷj,ak̲̲,³,kʷ,a,ɡ
34877,蠽,tsiᴇt³̲³̲,ts,iᴇt̲̲,³,sk,e,d
34878,蠾,,,,,ɡlj,o,ɡ
34879,蠿,tʂɰɛt³̲³̲,tʂɰ,ɛt̲̲,³,sr,o,d
34880,血,hʷet³̲³̲,hʷ,et̲̲,³,qhʷ,i,̠ɡ
34881,衁,hʷɑŋ³³,hʷ,ɑŋ,³³,m̥h,a,̠ŋ
34882,衂,,,,,m‧l,u,ɡ
34883,衃,bɨu³³,b,ɨu,³³,ph,ɯ,̠
34884,衄,ɳjuk³̲³̲,ɳj,uk̲̲,³,m‧l,u,ɡ
34885,衅,,,,,m̥hr,ɯ,ns
34886,衆,tɕjuŋ³³,tɕj,uŋ,³³,klj,u,ŋ
34887,衇,mɰɛk³̲³̲,mɰ,ɛk̲̲,³,mr,e,̠ɡ
34888,衈,ȵɨ³¹,ȵ,ɨ,³¹,mlj,ɯ,s
34889,衉,,,,,khr,a,̠ɡ
34890,衊,met³̲³̲,m,et̲̲,³,m,e,̠d
34891,衋,hɨk³̲³̲,h,ɨk̲̲,³,qphr,ɯ,ɡ
34892,行,ɦʷɰæŋ³¹,ɦʷɰæŋ,,³¹,ɡ,a,̠ŋs
34893,衍,jiᴇn³¹,j,iᴇn,³¹,ɢ,e,ns
34894,衎,kʰɑn³¹,kʰ,ɑn,³¹,kh,a,̠ns
34895,衏,,,,,,,
34896,衐,,,,,,,
34897,衑,,,,,,,
34898,衒,kʷen³¹,kʷ,en,³¹,ɡʷ,i,̠ns
34899,術,ʑʷit³̲³̲,ʑʷ,it̲̲,³,ɢlj,u,d
34900,衔,ɦɰæm³³,ɦɰæm,,³³,,,
34901,衕,duŋ³³,d,uŋ,³³,d,o,̠ŋs
34902,衖,ɦɰɔŋ³¹,ɦɰɔŋ,,³¹,ɡr,o,̠ŋs
34903,街,kʷiᴇ³³,kʷ,iᴇ,³³,kr,e,̠
34904,衘,,,,,ɡr,a,̠m
34905,衙,ŋɰæ³³,ŋɰæ,,³³,ŋr,a,̠
34906,衚,,,,,,,
34907,衛,ʔɰiᴇt³̲³̲,ʔɰ,iᴇt̲̲,³,ɢʷ,a,ds
34908,衜,,,,,,,
34909,衝,tɕʰjʊŋ³³,tɕʰj,ʊŋ,³³,thj,o,ŋ
34910,衞,ɦʲʷiᴇi³¹,ɦʲʷ,iᴇi,³¹,ɢʷ,a,ds
34911,衟,dɑu³⁵,d,ɑu,³⁵,,,
34912,衠,,,,,,,
34913,衡,ɦɰæŋ³³,ɦɰæŋ,,³³,ɡr,a,̠ŋ
34914,衢,ɡjʊ³³,ɡj,ʊ,³³,ɡʷ,a,
34915,衣,ʔɨi³³,ʔ,ɨi,³³,q,ɯ,l
34916,衤,,,,,,,
34917,补,pu̯o³⁵,p,u̯o,³⁵,,,
34918,衦,kɑn³¹,k,ɑn,³¹,k,a,̠nʔ
34919,衧,ɦʲjʊ³³,ɦʲj,ʊ,³³,ɢʷ,a,
34920,表,piᴇu³³,p,iᴇu,³³,pr,a,wʔ
34921,衩,tʂʰɰæ³¹,tʂʰɰæ,,³¹,,,
34922,衪,jiᴇ³⁵,j,iᴇ,³⁵,l,a,l
34923,衫,ʂɰæm³³,ʂɰæm,,³³,sr,o,̠m
34924,衬,tʂʰɪn³¹,tʂʰ,ɪn,³¹,,,
34925,衭,bjʊ³³,bj,ʊ,³³,p,a,
34926,衮,ku̯on³⁵,k,u̯on,³⁵,kl,u,̠nʔ
34927,衯,bu̯on³³,b,u̯on,³³,ph,ɯ,n
34928,衰,tʂʰʷɰiᴇ³³,tʂʰʷɰ,iᴇ,³³,shr,o,l
34929,衱,kjap³̲³̲,kj,ap̲̲,³,k,a,b
34930,衲,nəp³̲³̲,n,əp̲̲,³,,,
34931,衳,tsʰjʊŋ³⁵,tsʰj,ʊŋ,³⁵,,,
34932,衴,təm³⁵,t,əm,³⁵,,,
34933,衵,ȵit³̲³̲,ȵ,it̲̲,³,m‧l,i,ɡ
34934,衶,,,,,,,
34935,衷,ʈjuŋ³³,ʈj,uŋ,³³,k‧l,u,ŋs
34936,衸,ɦɰɛi³¹,ɦɰ,ɛi,³¹,kr,e,̠ds
34937,衹,tʰei³⁵,tʰ,ei,³⁵,kj,e,
34938,衺,zjæ³³,zjæ,,³³,sɢ,a,̠
34939,衻,ȵiᴇm³³,ȵ,iᴇm,³³,,,
34940,衼,tɕiᴇ³³,tɕ,iᴇ,³³,,,
34941,衽,ȵim³¹,ȵ,im,³¹,mblj,u,ms
34942,衾,ʔɰim³⁵,ʔɰ,im,³⁵,khr,ɯ,m
34943,衿,ɡɰim³¹,ɡɰ,im,³¹,kr,ɯ,m
34944,袀,kʷin³³,kʷ,in,³³,kʷ,i,n
34945,袁,ɦʲʷjɤn³³,ɦʲʷj,ɤn,³³,ɢr,o,n
34946,袂,miᴇi³¹,m,iᴇi,³¹,mɡʷ,e,ds
34947,袃,ʈʰɰæi³¹,ʈʰɰæ,i,³¹,,,
34948,袄,ʔɑu³⁵,ʔ,ɑu,³⁵,,,
34949,袅,,,,,,,
34950,袆,,,,,,,
34951,袇,,,,,,,
34952,袈,kɰæ³³,kɰæ,,³³,,,
34953,袉,dɑ³⁵,d,ɑ,³⁵,l̥,a,̠lʔ
34954,袊,liᴇŋ³⁵,l,iᴇŋ,³⁵,ɡ,ə,r
34955,袋,dəi³¹,d,əi,³¹,,,
34956,袌,bɑu³³,b,ɑu,³³,b,u,̠
34957,袍,bɑu³¹,b,ɑu,³¹,b,u,̠
34958,袎,ʔɰæu³¹,ʔɰæ,u,³¹,,,
34959,袏,tsɑ³¹,ts,ɑ,³¹,s,a,̠ls
34960,袐,,,,,,,
34961,袑,dʑiᴇu³⁵,dʑ,iᴇu,³⁵,dj,e,wʔ
34962,袒,,,,,rd,a,̠ns
34963,袓,tsjæ³³,tsjæ,,³³,sk,a,̠
34964,袔,kʰʷɰæ³⁵,kʰʷɰæ,,³⁵,,,
34965,袕,ɦʷet³̲³̲,ɦʷ,et̲̲,³,ɢʷj,i,ɡ
34966,袖,zɨu³¹,z,ɨu,³¹,sɢl,ɯ,ws
34967,袗,tɕin³¹,tɕ,in,³¹,klj,ɯ,nʔ
34968,袘,jiᴇ³¹,j,iᴇ,³¹,l,a,lʔ
34969,袙,pʰɰæ³¹,pʰɰæ,,³¹,,,
34970,袚,pʰjut³̲³̲,pʰj,ut̲̲,³,p,o,̠d
34971,袛,tei³⁵,t,ei,³⁵,t,i,̠l
34972,袜,mʷɑt³̲³̲,mʷ,ɑt̲̲,³,,,
34973,袝,bjʊ³¹,bj,ʊ,³¹,b,o,s
34974,袞,,,,,kl,u,̠nʔ
34975,袟,,,,,ɡ‧l,i,d
34976,袠,ɖit³̲³̲,ɖ,it̲̲,³,ɡ‧l,i,ɡ
34977,袡,ȵiᴇm³³,ȵ,iᴇm,³³,nj,a,m
34978,袢,bʷjɤn³³,bʷj,ɤn,³³,b,a,n
34979,袣,ji³¹,j,i,³¹,ɢl,e,bs
34980,袤,mu³¹,m,u,³¹,m,u,̠s
34981,袥,tʰɑk³̲³̲,tʰ,ɑk̲̲,³,kh‧l,a,̠ɡ
34982,袦,,,,,,,
34983,袧,kjʊ³³,kj,ʊ,³³,,,
34984,袨,ɦʷen³¹,ɦʷ,en,³¹,ɡʷ,i,̠ns
34985,袩,tem³³,t,em,³³,,,
34986,袪,kʰjɤ³³,kʰj,ɤ,³³,kh,a,
34987,被,bɰiᴇ³⁵,bɰ,iᴇ,³⁵,br,a,ls
34988,袬,,,,,,,
34989,袭,zip³̲³̲,z,ip̲̲,³,,,
34990,袮,,,,,,,
34991,袯,,,,,,,
34992,袰,,,,,,,
34993,袱,,,,,,,
34994,袲,tɕʰiᴇ³⁵,tɕʰ,iᴇ,³⁵,ɢl,a,l
34995,袳,tɕʰiᴇ³⁵,tɕʰ,iᴇ,³⁵,khlj,a,lʔ
34996,袴,kʰu̯o³¹,kʰ,u̯o,³¹,khʷ,a,̠s
34997,袵,ȵim³⁵,ȵ,im,³⁵,mblj,u,mʔ
34998,袶,kɰɔŋ³¹,kɰɔŋ,,³¹,kr,o,̠ms
34999,袷,kʰɰɛp³̲³̲,kʰɰ,ɛp̲̲,³,k,o,b
35000,袸,,,,,z,u,̠n
35001,袹,mɰæt³̲³̲,mɰæt̲̲,,³,,,
35002,袺,kɰɛt³̲³̲,kɰ,ɛt̲̲,³,k,i,̠d
35003,袻,ȵʷiᴇn³³,ȵʷ,iᴇn,³³,,,
35004,袼,lɑk³̲³̲,l,ɑk̲̲,³,kl,a,̠ɡ
35005,袽,ɳjɤ³³,ɳj,ɤ,³³,n,a,
35006,袾,tɕʰjʊ³³,tɕʰj,ʊ,³³,thj,o,
35007,袿,kʷiᴇ³³,kʷ,iᴇ,³³,kʷ,e,̠
35008,裀,ʔin³³,ʔ,in,³³,,,
35009,裁,dzəi³³,dz,əi,³³,z,ɯ,̠s
35010,裂,liᴇt³̲³̲,l,iᴇt̲̲,³,r,e,d
35011,裃,,,,,,,
35012,裄,,,,,,,
35013,装,tʂjaŋ³³,tʂj,aŋ,³³,,,
35014,裆,tɑŋ³³,t,ɑŋ,³³,,,
35015,裇,,,,,,,
35016,裈,,,,,,,
35017,裉,lɑŋ³⁵,l,ɑŋ,³⁵,,,
35018,裊,,,,,n,e,̠wʔ
35019,裋,dʑjʊ³¹,dʑj,ʊ,³¹,ɡlj,o,ʔ
35020,裌,kɰɛp³̲³̲,kɰ,ɛp̲̲,³,,,
35021,裍,kʰu̯on³⁵,kʰ,u̯on,³⁵,,,
35022,裎,ɖiᴇŋ³⁵,ɖ,iᴇŋ,³⁵,ɡ‧l,e,ŋ
35023,裏,lɨ³⁵,l,ɨ,³⁵,m,ə,r
35024,裐,,,,,,,
35025,裑,ɕin³³,ɕ,in,³³,,,
35026,裒,bu³³,b,u,³³,br,u,
35027,裓,kɰɛi³³,kɰ,ɛi,³³,,,
35028,裔,jiᴇi³¹,j,iᴇi,³¹,l,e,ds
35029,裕,jʊ³¹,j,ʊ,³¹,ɢl,o,ɡs
35030,裖,tɕin³⁵,tɕ,in,³⁵,plj,ɯ,nʔ
35031,裗,lɨu³³,l,ɨu,³³,r,u,
35032,裘,ɡjuk³̲³̲,ɡj,uk̲̲,³,ɡ,ɯ,
35033,裙,,,,,ɡl,u,n
35034,裚,tsei³¹,ts,ei,³¹,sk,e,̠ls
35035,裛,ʔɰiᴇp³̲³̲,ʔɰ,iᴇp̲̲,³,qr,a,b
35036,補,pu̯o³⁵,p,u̯o,³⁵,p,a,̠ʔ
35037,裝,tʂjaŋ³¹,tʂj,aŋ,³¹,skr,a,ŋs
35038,裞,ɕʷiᴇi³¹,ɕʷ,iᴇi,³¹,l̥,o,ds
35039,裟,ʂɰæ³³,ʂɰæ,,³³,,,
35040,裠,ɡjun³³,ɡj,un,³³,ɡl,u,n
35041,裡,,,,,,,
35042,裢,,,,,,,
35043,裣,,,,,,,
35044,裤,,,,,,,
35045,裥,kɰɛn³⁵,kɰ,ɛn,³⁵,,,
35046,裦,bɨu³³,b,ɨu,³³,,,
35047,裧,tʰɑm³⁵,tʰ,ɑm,³⁵,khlj,a,ms
35048,裨,bek³̲³̲,b,ek̲̲,³,b,e,
35049,裩,ku̯on³³,k,u̯on,³³,k,u,̠n
35050,裪,dɑu³³,d,ɑu,³³,b‧l,u,
35051,裫,ʔʷen³³,ʔʷ,en,³³,,,
35052,裬,lɨŋ³³,l,ɨŋ,³³,,,
35053,裭,,,,,,,
35054,裮,tɕʰjaŋ³³,tɕʰj,aŋ,³³,,,
35055,裯,ɖɨu³³,ɖ,ɨu,³³,ɡ‧l,o,
35056,裰,tʷɑt³̲³̲,tʷ,ɑt̲̲,³,,,
35057,裱,piᴇu³⁵,p,iᴇu,³⁵,pr,a,ws
35058,裲,ljaŋ³⁵,lj,aŋ,³⁵,r,a,ŋʔ
35059,裳,dʑjaŋ³³,dʑj,aŋ,³³,ɡlj,a,ŋ
35060,裴,bʷɨi³³,bʷ,ɨi,³³,b,u,̠l
35061,裵,,,,,b,u,̠l
35062,裶,pʰʷɨi³³,pʰʷ,ɨi,³³,ph,ɯ,l
35063,裷,ʔʷjɤn³⁵,ʔʷj,ɤn,³⁵,kh,o,nʔ
35064,裸,lʷɑ³⁵,lʷ,ɑ,³⁵,ɡ,ə,r
35065,裹,kʷɑ³⁵,kʷ,ɑ,³⁵,kl,o,̠lʔ
35066,裺,ʔɰiᴇm³⁵,ʔɰ,iᴇm,³⁵,q,o,ms
35067,裻,su̯ok³̲³̲,s,u̯ok̲̲,³,skl,u,̠ɡ
35068,裼,sek³̲³̲,s,ek̲̲,³,l̥j,e,̠ɡ
35069,製,tɕiᴇi³¹,tɕ,iᴇi,³¹,kj,e,ds
35070,裾,ɡjɤ³³,ɡj,ɤ,³³,k,a,
35071,裿,kʰɰiᴇ³⁵,kʰɰ,iᴇ,³⁵,,,
35072,褀,ɡɨ³¹,ɡ,ɨ,³¹,,,
35073,褁,,,,,kl,o,̠lʔ
35074,褂,,,,,,,
35075,褃,,,,,,,
35076,褄,,,,,,,
35077,褅,tʰei³¹,tʰ,ei,³¹,ɡ‧l,e,̠ɡs
35078,褆,ɖiᴇ³⁵,ɖ,iᴇ,³⁵,ɡ‧l,e,ʔ
35079,複,pjuk³̲³̲,pj,uk̲̲,³,p,u,ɡ
35080,褈,tɕʰjʊŋ³³,tɕʰj,ʊŋ,³³,,,
35081,褉,het³̲³̲,h,et̲̲,³,,,
35082,褊,piᴇn³⁵,p,iᴇn,³⁵,p,e,nʔ
35083,褋,dep³̲³̲,d,ep̲̲,³,ɡ‧l,e,̠b
35084,褌,ku̯on³³,k,u̯on,³³,k,u,̠n
35085,褍,tʷɑ³⁵,tʷ,ɑ,³⁵,k‧l,o,̠n
35086,褎,jɨu³¹,j,ɨu,³¹,l,ɯ,ws
35087,褏,jɨu³¹,j,ɨu,³¹,l,ɯ,ws
35088,褐,ɦɑt³̲³̲,ɦ,ɑt̲̲,³,ɡ,a,̠d
35089,褑,ɦʲʷjɤn³³,ɦʲʷj,ɤn,³³,ɢr,o,ns
35090,褒,pɑu³³,p,ɑu,³³,p,u,̠
35091,褓,pɑu³⁵,p,ɑu,³⁵,p,u,̠ʔ
35092,褔,pʰɨu³¹,pʰ,ɨu,³¹,ph,ɯ,ɡs
35093,褕,jʊ³³,j,ʊ,³³,l,o,
35094,褖,tʰʷɑn³¹,tʰʷ,ɑn,³¹,kh‧l,o,̠ns
35095,褗,ʔjɤn³⁵,ʔj,ɤn,³⁵,q,a,ns
35096,褘,ɦʲʷɨi³³,ɦʲʷ,ɨi,³³,qhʷ,ɯ,l
35097,褙,pu̯oi³¹,p,u̯oi,³¹,,,
35098,褚,tjɤ³⁵,tj,ɤ,³⁵,k‧l,a,ʔ
35099,褛,,,,,,,
35100,褜,,,,,,,
35101,褝,,,,,,,
35102,褞,ʔu̯on³³,ʔ,u̯on,³³,q,u,nʔ
35103,褟,,,,,,,
35104,褠,ku³³,k,u,³³,k,o,̠
35105,褡,təp³̲³̲,t,əp̲̲,³,,,
35106,褢,ɦʷɰɛi³³,ɦʷɰ,ɛi,³³,ɡr,u,̠l
35107,褣,jʊŋ³³,j,ʊŋ,³³,ɢl,o,ŋ
35108,褤,ɦʲʷjɤn³³,ɦʲʷj,ɤn,³³,,,
35109,褥,nu̯ok³̲³̲,n,u̯ok̲̲,³,n,u,̠ɡ
35110,褦,nəi³¹,n,əi,³¹,,,
35111,褧,kʰʷeŋ³⁵,kʰʷ,eŋ,³⁵,khʷ,e,̠ŋʔ
35112,褨,tsʰɑ³⁵,tsʰ,ɑ,³⁵,,,
35113,褩,pʷɑn³³,pʷ,ɑn,³³,,,
35114,褪,,,,,,,
35115,褫,ʈʰiᴇ³⁵,ʈʰ,iᴇ,³⁵,ɡ‧l,e,
35116,褬,sɑŋ³⁵,s,ɑŋ,³⁵,,,
35117,褭,ȵiᴇu³⁵,ȵ,iᴇu,³⁵,n,e,̠wʔ
35118,褮,ʔɰɛŋ³³,ʔɰ,ɛŋ,³³,qr,e,̠ŋ
35119,褯,dzjæ³¹,dzjæ,,³¹,,,
35120,褰,kʰɰiᴇn³³,kʰɰ,iᴇn,³³,khr,a,n
35121,褱,ɦʷɰɛi³³,ɦʷɰ,ɛi,³³,ɡr,u,̠l
35122,褲,,,,,,,
35123,褳,,,,,,,
35124,褴,,,,,,,
35125,褵,liᴇ³³,l,iᴇ,³³,b,ə,r
35126,褶,dʑip³̲³̲,dʑ,ip̲̲,³,ɡlj,u,b
35127,褷,ʂiᴇ³³,ʂ,iᴇ,³³,,,
35128,褸,ljʊ³³,lj,ʊ,³³,ɡ,ə,r
35129,褹,ŋiᴇi³¹,ŋ,iᴇi,³¹,ŋr,e,̠ds
35130,褺,dep³̲³̲,d,ep̲̲,³,ɡ‧l,i,̠b
35131,褻,siᴇt³̲³̲,s,iᴇt̲̲,³,sŋ,e,d
35132,褼,siᴇn³³,s,iᴇn,³³,,,
35133,褽,ʔʷɨi³¹,ʔʷ,ɨi,³¹,q,u,ds
35134,褾,piᴇu³⁵,p,iᴇu,³⁵,,,
35135,褿,dzɑu³³,dz,ɑu,³³,sɡ,u,̠
35136,襀,tsiᴇk³̲³̲,ts,iᴇk̲̲,³,,,
35137,襁,kjaŋ³⁵,kj,aŋ,³⁵,k,a,ŋʔ
35138,襂,səm³³,s,əm,³³,sr,o,̠m
35139,襃,pɑu³³,p,ɑu,³³,p,u,̠
35140,襄,ȵjaŋ³³,ȵj,aŋ,³³,sl,a,ŋ
35141,襅,,,,,,,
35142,襆,bjʊk³̲³̲,bj,ʊk̲̲,³,p,o,̠ɡ
35143,襇,kɰɛn³¹,kɰ,ɛn,³¹,,,
35144,襈,ɡʷɰiᴇn³¹,ɡʷɰ,iᴇn,³¹,sɡr,o,ns
35145,襉,kɰɛn³⁵,kɰ,ɛn,³⁵,,,
35146,襊,tsʰʷɑt³̲³̲,tsʰʷ,ɑt̲̲,³,,,
35147,襋,kɨk³̲³̲,k,ɨk̲̲,³,kr,ɯ,ɡ
35148,襌,tɑn³³,t,ɑn,³³,t,a,̠n
35149,襍,dzəp³̲³̲,dz,əp̲̲,³,sɡ,u,̠b
35150,襎,bʷjɤn³³,bʷj,ɤn,³³,b,a,n
35151,襏,pjut³̲³̲,pj,ut̲̲,³,p,a,̠d
35152,襐,dɑŋ³⁵,d,ɑŋ,³⁵,sɢl,a,ŋʔ
35153,襑,tʰəm³⁵,tʰ,əm,³⁵,sɢl,u,m
35154,襒,bet³̲³̲,b,et̲̲,³,b,e,̠d
35155,襓,ȵiᴇu³³,ȵ,iᴇu,³³,mɡlj,e,w
35156,襔,,,,,,,
35157,襕,,,,,,,
35158,襖,ʔɑu³⁵,ʔ,ɑu,³⁵,q,u,̠ʔ
35159,襗,ɖɰæk³̲³̲,ɖɰæk̲̲,,³,ɢl,a,ɡ
35160,襘,kʷɑi³¹,kʷ,ɑi,³¹,k,o,̠bs
35161,襙,,,,,,,
35162,襚,zʷi³¹,zʷ,i,³¹,lj,u,ds
35163,襛,ȵjʊŋ³³,ȵj,ʊŋ,³³,nj,o,ŋ
35164,襜,tɕʰiᴇm³¹,tɕʰ,iᴇm,³¹,khlj,a,ms
35165,襝,liᴇm³³,l,iᴇm,³³,,,
35166,襞,piᴇk³̲³̲,p,iᴇk̲̲,³,p,e,ɡ
35167,襟,kɰim³³,kɰ,im,³³,kr,ɯ,m
35168,襠,tɑŋ³³,t,ɑŋ,³³,k‧l,a,̠ŋ
35169,襡,ʈɰɔk³̲³̲,ʈɰɔk̲̲,,³,ɡlj,o,ɡ
35170,襢,dɑn³⁵,d,ɑn,³⁵,d,a,̠nʔ
35171,襣,bi³¹,b,i,³¹,b,i,ds
35172,襤,lɑm³³,l,ɑm,³³,ɡ,ə,r
35173,襥,,,,,,,
35174,襦,sjʊ³³,sj,ʊ,³³,nj,o,
35175,襧,,,,,,,
35176,襨,,,,,,,
35177,襩,ɖjʊŋ³⁵,ɖj,ʊŋ,³⁵,,,
35178,襪,mʷjɤt³̲³̲,mʷj,ɤt̲̲,³,m,a,d
35179,襫,ɕiᴇk³̲³̲,ɕ,iᴇk̲̲,³,qhj,a,ɡ
35180,襬,pɰiᴇ³³,pɰ,iᴇ,³³,phr,e,ls
35181,襭,ɦet³̲³̲,ɦ,et̲̲,³,ɡ,i,̠d
35182,襮,pɑk³̲³̲,p,ɑk̲̲,³,p,o,̠wɡ
35183,襯,tʂʰɪn³¹,tʂʰ,ɪn,³¹,shr,i,ns
35184,襰,,,,,,,
35185,襱,luŋ³⁵,l,uŋ,³⁵,ɡ,ə,r
35186,襲,zip³̲³̲,z,ip̲̲,³,lj,u,b
35187,襳,ʂim³³,ʂ,im,³³,sr,e,m
35188,襴,lɑn³³,l,ɑn,³³,,,
35189,襵,ʈiᴇp³̲³̲,ʈ,iᴇp̲̲,³,,,
35190,襶,təi³¹,t,əi,³¹,,,
35191,襷,,,,,,,
35192,襸,tsɑn³¹,ts,ɑn,³¹,,,
35193,襹,ʂɰiᴇ³⁵,ʂɰ,iᴇ,³⁵,spr,e,l
35194,襺,ken³⁵,k,en,³⁵,k,e,̠nʔ
35195,襻,pʰɰæn³¹,pʰɰæn,,³¹,,,
35196,襼,,,,,,,
35197,襽,lɑn³³,l,ɑn,³³,,,
35198,襾,mɰæn³¹,mɰæn,,³¹,qr,a,̠s
35199,西,hɰæ³¹,hɰæ,,³¹,sl,ɯ,̠l
35200,覀,hɰæ³⁵,hɰæ,,³⁵,qhr,a,̠ʔ
35201,要,ʔiᴇu³¹,ʔ,iᴇu,³¹,q,e,ws
35202,覂,bjʊŋ³¹,bj,ʊŋ,³¹,p,o,mʔ
35203,覃,dəm³³,d,əm,³³,ɡ‧l,u,̠m
35204,覄,,,,,,,
35205,覅,,,,,,,
35206,覆,bɨu³¹,b,ɨu,³¹,ph,u,ɡs
35207,覇,,,,,,,
35208,覈,ɦʲjɤt³̲³̲,ɦʲj,ɤt̲̲,³,ɡl,e,̠d
35209,覉,,,,,,,
35210,覊,,,,,,,
35211,見,ken³¹,k,en,³¹,k,e,̠ns
35212,覌,,,,,,,
35213,覍,,,,,br,o,ns
35214,覎,ʔjam³¹,ʔj,am,³¹,,,
35215,規,kʷiᴇ³³,kʷ,iᴇ,³³,kʷ,e,l
35216,覐,kɰɔk³̲³̲,kɰɔk̲̲,,³,,,
35217,覑,pʰen³⁵,pʰ,en,³⁵,,,
35218,覒,mɑu³³,m,ɑu,³³,m,a,̠ws
35219,覓,mek³̲³̲,m,ek̲̲,³,m,e,̠ɡ
35220,覔,,,,,,,
35221,覕,pin³¹,p,in,³¹,mbl,i,̠ɡ
35222,視,dʑi³¹,dʑ,i,³¹,ɡj,i,lʔ
35223,覗,sɨ³³,s,ɨ,³³,l̥j,ɯ,s
35224,覘,ʈʰiᴇm³³,ʈʰ,iᴇm,³³,kh‧l,e,m
35225,覙,,,,,,,
35226,覚,,,,,,,
35227,覛,mɰɛk³̲³̲,mɰ,ɛk̲̲,³,m,e,̠ɡ
35228,覜,tʰeu³⁵,tʰ,eu,³⁵,kh‧l,e,̠ws
35229,覝,liᴇm³³,l,iᴇm,³³,r,a,m
35230,覞,jiᴇu³¹,j,iᴇu,³¹,l,a,ws
35231,覟,tɕɨ³¹,tɕ,ɨ,³¹,,,
35232,覠,kʷɰin³³,kʷɰ,in,³³,,,
35233,覡,ɦek³̲³̲,ɦ,ek̲̲,³,ɡ,e,̠ɡ
35234,覢,ɕiᴇm³⁵,ɕ,iᴇm,³⁵,qhlj,a,mʔ
35235,覣,ʔʷɰiᴇ³³,ʔʷɰ,iᴇ,³³,qr,o,l
35236,覤,kʰɰjæk³̲³̲,kʰɰjæk̲̲,,³,sqr,a,̠ɡ
35237,覥,,,,,,,
35238,覦,jʊ³¹,j,ʊ,³¹,l,o,s
35239,覧,,,,,ɡ,ə,r
35240,覨,ŋɑk³̲³̲,ŋ,ɑk̲̲,³,,,
35241,覩,tu̯o³⁵,t,u̯o,³⁵,k‧l,a,̠ʔ
35242,親,,,,,sh,i,ns
35243,覫,pʰɑŋ³⁵,pʰ,ɑŋ,³⁵,,,
35244,覬,ki³¹,k,i,³¹,kr,ɯ,ls
35245,覭,mek³̲³̲,m,ek̲̲,³,m,e,̠ɡ
35246,覮,pʰeŋ³³,pʰ,eŋ,³³,pqhʷ,e,̠ŋ
35247,覯,ɦu³¹,ɦ,u,³¹,k,o,̠s
35248,覰,tsʰjɤ³¹,tsʰj,ɤ,³¹,skh,a,s
35249,覱,tʂɰæm³³,tʂɰæm,,³³,,,
35250,覲,ɡɰin³¹,ɡɰ,in,³¹,ɡr,ɯ,ns
35251,観,,,,,,,
35252,覴,ʈʰɨŋ³¹,ʈʰ,ɨŋ,³¹,,,
35253,覵,pɰiᴇn³⁵,pɰ,iᴇn,³⁵,kr,e,̠ns
35254,覶,lʷɑ³³,lʷ,ɑ,³³,ɡ,ə,r
35255,覷,,,,,,,
35256,覸,kɰɛn³¹,kɰ,ɛn,³¹,kr,e,̠ns
35257,覹,mʷɨi³³,mʷ,ɨi,³³,mr,ɯ,l
35258,覺,kɰæu³¹,kɰæ,u,³¹,kr,u,̠ɡ
35259,覻,tsʰjʊ³¹,tsʰj,ʊ,³¹,,,
35260,覼,lʷɑ³³,lʷ,ɑ,³³,,,
35261,覽,lɑm³⁵,l,ɑm,³⁵,ɡ,ə,r
35262,覾,,,,,,,
35263,覿,dek³̲³̲,d,ek̲̲,³,ɡ‧l,ɯ,̠wɡ
35264,觀,kʷɑn³³,kʷ,ɑn,³³,k,o,̠ns
35265,见,ken³¹,k,en,³¹,,,
35266,观,kʷɑn³³,kʷ,ɑn,³³,,,
35267,觃,,,,,,,
35268,规,kʷiᴇ³³,kʷ,iᴇ,³³,,,
35269,觅,mek³̲³̲,m,ek̲̲,³,,,
35270,视,dʑi³¹,dʑ,i,³¹,,,
35271,觇,,,,,,,
35272,览,lɑm³⁵,l,ɑm,³⁵,,,
35273,觉,kɰæu³¹,kɰæ,u,³¹,,,
35274,觊,,,,,,,
35275,觋,,,,,,,
35276,觌,,,,,,,
35277,觍,,,,,,,
35278,觎,,,,,,,
35279,觏,,,,,,,
35280,觐,,,,,,,
35281,觑,,,,,,,
35282,角,luk³̲³̲,l,uk̲̲,³,ɡ,ə,r
35283,觓,ɡju³³,ɡj,u,³³,ɡr,ɯ,w
35284,觔,,,,,k,ɯ,n
35285,觕,tɕʰjʊk³̲³̲,tɕʰj,ʊk̲̲,³,z,a,̠ʔ
35286,觖,kʰʷiᴇ³¹,kʰʷ,iᴇ,³¹,kʷ,e,̠d
35287,觗,tɕiᴇ³³,tɕ,iᴇ,³³,kj,e,s
35288,觘,tʂʰɰæu³³,tʂʰɰæ,u,³³,,,
35289,觙,,,,,kr,ɯ,b
35290,觚,ku̯o³³,k,u̯o,³³,kʷ,a,̠
35291,觛,,,,,d,a,̠nʔ
35292,觜,tsʷiᴇ³³,tsʷ,iᴇ,³³,s,e,
35293,觝,tei³⁵,t,ei,³⁵,t,i,̠lʔ
35294,觞,,,,,,,
35295,觟,ɦɰɛ³⁵,ɦɰ,ɛ,³⁵,ɡʷr,a,̠ʔ
35296,觠,kʷɰiᴇn³¹,kʷɰ,iᴇn,³¹,ɡr,o,n
35297,觡,kɰæk³̲³̲,kɰæk̲̲,,³,kr,a,̠ɡ
35298,觢,tɕʰiᴇi³¹,tɕʰ,iᴇi,³¹,ɡj,e,ds
35299,解,ɦɰɛ³⁵,ɦɰ,ɛ,³⁵,kr,e,̠s
35300,觤,kʷɰiᴇ³⁵,kʷɰ,iᴇ,³⁵,kr,o,lʔ
35301,觥,kʷɰæŋ³³,kʷɰæŋ,,³³,kʷr,a,̠ŋ
35302,触,tɕʰjʊk³̲³̲,tɕʰj,ʊk̲̲,³,,,
35303,觧,,,,,,,
35304,觨,,,,,,,
35305,觩,ɡju³³,ɡj,u,³³,ɡ,u,
35306,觪,sʷiᴇŋ³³,sʷ,iᴇŋ,³³,skʷl,e,ŋ
35307,觫,suk³̲³̲,s,uk̲̲,³,sl,o,̠ɡ
35308,觬,ŋei³⁵,ŋ,ei,³⁵,ŋɡ,e,̠
35309,觭,kʰɰiᴇ³³,kʰɰ,iᴇ,³³,khr,a,l
35310,觮,luk³̲³̲,l,uk̲̲,³,,,
35311,觯,,,,,,,
35312,觰,ʈɰæ³⁵,ʈɰæ,,³⁵,k‧r,a,̠
35313,觱,ɦʲjut³̲³̲,ɦʲj,ut̲̲,³,ɢbl,ɯ,d
35314,觲,hʷɰiᴇn³³,hʷɰ,iᴇn,³³,skʷl,e,ŋ
35315,觳,ɦuk³̲³̲,ɦ,uk̲̲,³,khr,o,̠ɡ
35316,觴,ɕjaŋ³³,ɕj,aŋ,³³,l̥,a,ŋ
35317,觵,kʷɰæŋ³³,kʷɰæŋ,,³³,kʷr,a,̠ŋ
35318,觶,tɕiᴇ³³,tɕ,iᴇ,³³,tj,a,ls
35319,觷,kʰɰɔk³̲³̲,kʰɰɔk̲̲,,³,ɡr,u,̠ɡ
35320,觸,tɕʰjʊ³¹,tɕʰj,ʊ,³¹,khlj,o,ɡ
35321,觹,tsʷiᴇ³³,tsʷ,iᴇ,³³,,,
35322,觺,ŋɨk³̲³̲,ŋ,ɨk̲̲,³,ŋɡ,ɯ,
35323,觻,luk³̲³̲,l,uk̲̲,³,ɡ,ə,r
35324,觼,kʷet³̲³̲,kʷ,et̲̲,³,kʷ,e,̠d
35325,觽,,,,,,,
35326,觾,,,,,q,e,̠ns
35327,觿,hʷiᴇ³³,hʷ,iᴇ,³³,ɢʷ,e,̠
35328,言,ŋɰin³³,ŋɰ,in,³³,ŋ,a,n
35329,訁,,,,,,,
35330,訂,deŋ³⁵,d,eŋ,³⁵,t,e,̠ŋs
35331,訃,pʰjʊ³¹,pʰj,ʊ,³¹,ph,o,ɡs
35332,訄,kʰɑu³³,kʰ,ɑu,³³,kh,u,
35333,訅,ɡɨu³³,ɡ,ɨu,³³,,,
35334,訆,keu³¹,k,eu,³¹,k,i,̠ws
35335,訇,ɦʷen³³,ɦʷ,en,³³,ɡʷ,i,̠n
35336,計,ket³̲³̲,k,et̲̲,³,k,i,̠ds
35337,訉,bju̯am³¹,bj,u̯am,³¹,,,
35338,訊,sʷi³¹,sʷ,i,³¹,sl,i,ns
35339,訋,teu³¹,t,eu,³¹,p‧l,e,̠wɡs
35340,訌,ɦuŋ³³,ɦ,uŋ,³³,ɡ,o,̠ŋ
35341,訍,ʈʰɰæ³³,ʈʰɰæ,,³³,,,
35342,討,tʰɑu³⁵,tʰ,ɑu,³⁵,th,u,̠ʔ
35343,訏,hjʊ³³,hj,ʊ,³³,qhʷ,a,
35344,訐,kjɤt³̲³̲,kj,ɤt̲̲,³,k,a,d
35345,訑,ɕiᴇ³³,ɕ,iᴇ,³³,l̥,a,̠lʔ
35346,訒,ȵin³¹,ȵ,in,³¹,nj,ɯ,ns
35347,訓,zʷin³³,zʷ,in,³³,qhl,u,ns
35348,訔,ŋɰin³³,ŋɰ,in,³³,ŋr,ɯ,n
35349,訕,ʂɰæn³³,ʂɰæn,,³³,sr,e,̠n
35350,訖,kɨt³̲³̲,k,ɨt̲̲,³,k,ɯ,d
35351,託,ʈɰæ³¹,ʈɰæ,,³¹,kh‧l,a,̠ɡ
35352,記,kɨ³¹,k,ɨ,³¹,k,ɯ,s
35353,訙,sʷin³¹,sʷ,in,³¹,,,
35354,訚,,,,,,,
35355,訛,ŋɑ³³,ŋ,ɑ,³³,ŋʷ,a,̠l
35356,訜,pʰjun³³,pʰj,un,³³,,,
35357,訝,ŋɰæ³¹,ŋɰæ,,³¹,ŋɡr,a,̠s
35358,訞,ʔɰiᴇu³³,ʔɰ,iᴇu,³³,qr,o,w
35359,訟,zjʊŋ³³,zj,ʊŋ,³³,sɢl,o,ŋs
35360,訠,ɕin³⁵,ɕ,in,³⁵,,,
35361,訡,ŋɰim³³,ŋɰ,im,³³,ŋɡr,ɯ,m
35362,訢,hɨ³³,h,ɨ,³³,qh,ɯ,n
35363,訣,kʷet³̲³̲,kʷ,et̲̲,³,kʷ,e,̠d
35364,訤,ɳɰæ³³,ɳɰæ,,³³,,,
35365,訥,ʈʷɰɛt³̲³̲,ʈʷɰ,ɛt̲̲,³,n,u,̠d
35366,訦,,,,,ɡlj,u,mʔ
35367,訧,ɦʲɨu³³,ɦʲ,ɨu,³³,ɢʷ,ɯ,
35368,訨,tɕɨ³⁵,tɕ,ɨ,³⁵,,,
35369,訩,hjʊŋ³³,hj,ʊŋ,³³,qh,o,ŋ
35370,訪,pʰʷjaŋ³¹,pʰʷj,aŋ,³¹,ph,a,ŋs
35371,訫,,,,,,,
35372,訬,dʐɰæu³³,dʐɰæ,u,³³,sphr,e,̠w
35373,設,ɕiᴇt³̲³̲,ɕ,iᴇt̲̲,³,ŋ̊hlj,e,d
35374,訮,ŋɰɛn³³,ŋɰ,ɛn,³³,qh,e,̠n
35375,訯,,,,,,,
35376,訰,du̯on³³,d,u̯on,³³,klj,u,ns
35377,許,hu̯o³⁵,h,u̯o,³⁵,ŋ̊h,a,ʔ
35378,訲,,,,,,,
35379,訳,,,,,,,
35380,訴,su̯o³¹,s,u̯o,³¹,skl,a,̠ɡs
35381,訵,ʈʰi³³,ʈʰ,i,³³,,,
35382,訶,hɑ³³,h,ɑ,³³,qh,a,̠l
35383,訷,ɕin³³,ɕ,in,³³,,,
35384,訸,,,,,,,
35385,訹,sʷit³̲³̲,sʷ,it̲̲,³,skl,u,d
35386,診,ɖin³¹,ɖ,in,³¹,klj,ɯ,nʔ
35387,註,ʈjʊ³¹,ʈj,ʊ,³¹,t,o,s
35388,証,tɕiᴇŋ³¹,tɕ,iᴇŋ,³¹,kj,e,ŋs
35389,訽,ɦu³⁵,ɦ,u,³⁵,qh,o,̠s
35390,訾,tsiᴇ³⁵,ts,iᴇ,³⁵,s,e,
35391,訿,tsiᴇ³⁵,ts,iᴇ,³⁵,s,e,ʔ
35392,詀,ɖɰɛm³¹,ɖɰ,ɛm,³¹,k‧l,e,̠m
35393,詁,ku̯o³⁵,k,u̯o,³⁵,k,a,̠ʔ
35394,詂,bjʊ³¹,bj,ʊ,³¹,,,
35395,詃,kʷen³⁵,kʷ,en,³⁵,,,
35396,詄,det³̲³̲,d,et̲̲,³,l,i,̠ɡ
35397,詅,liᴇŋ³¹,l,iᴇŋ,³¹,,,
35398,詆,tei³³,t,ei,³³,t,i,̠lʔ
35399,詇,ʔɰjæŋ³¹,ʔɰjæŋ,,³¹,q,a,ŋʔ
35400,詈,liᴇ³¹,l,iᴇ,³¹,r,a,ls
35401,詉,ɳɰæ³¹,ɳɰæ,,³¹,rn,a,̠
35402,詊,pʰʷɑn³¹,pʰʷ,ɑn,³¹,,,
35403,詋,tɕɨu³¹,tɕ,ɨu,³¹,,,
35404,詌,kəm³¹,k,əm,³¹,k,a,̠ms
35405,詍,jiᴇi³¹,j,iᴇi,³¹,ɢl,e,bs
35406,詎,ɡjɤ³¹,ɡj,ɤ,³¹,ɡ,a,s
35407,詏,ʔɰæu³¹,ʔɰæ,u,³¹,,,
35408,詐,tʂɰæ³¹,tʂɰæ,,³¹,sr,a,̠ɡs
35409,詑,jiᴇ³³,j,iᴇ,³³,l,a,̠l
35410,詒,jɨ³¹,j,ɨ,³¹,ɢl,ɯ,
35411,詓,kʰjɤ³⁵,kʰj,ɤ,³⁵,kh,a,ʔ
35412,詔,tɕiᴇu³¹,tɕ,iᴇu,³¹,tj,e,ws
35413,評,bɰjæŋ³³,bɰjæŋ,,³³,br,e,ŋs
35414,詖,pɰi³¹,pɰ,i,³¹,pr,a,ls
35415,詗,hʷeŋ³⁵,hʷ,eŋ,³⁵,qhʷ,e,ŋs
35416,詘,ʈʰʷit³̲³̲,ʈʰʷ,it̲̲,³,khl,u,d
35417,詙,,,,,,,
35418,詚,,,,,,,
35419,詛,tʂjɤ³¹,tʂj,ɤ,³¹,skr,a,s
35420,詜,tʰɑu³³,tʰ,ɑu,³³,kh‧l,a,̠w
35421,詝,ʈjɤ³⁵,ʈj,ɤ,³⁵,,,
35422,詞,zɨ³³,z,ɨ,³³,lj,ɯ,
35423,詟,,,,,,,
35424,詠,ɦʲʷɰjæŋ³¹,ɦʲʷɰjæŋ,,³¹,ɢʷr,a,ŋs
35425,詡,hjʊ³⁵,hj,ʊ,³⁵,qhʷ,a,ʔ
35426,詢,sʷin³³,sʷ,in,³³,sqhʷ,i,n
35427,詣,ŋei³¹,ŋ,ei,³¹,ŋɡ,i,̠s
35428,詤,,,,,m̥h,a,̠ŋ
35429,詥,ɦəp³̲³̲,ɦ,əp̲̲,³,ɡ,u,̠b
35430,試,ɕɨk³̲³̲,ɕ,ɨk̲̲,³,l̥,ɯ,ɡs
35431,詧,tsʰet³̲³̲,tsʰ,et̲̲,³,shr,e,̠d
35432,詨,kɰæu³³,kɰæ,u,³³,ɡr,e,̠ws
35433,詩,ɕɨ³³,ɕ,ɨ,³³,qhlj,ɯ,
35434,詪,kʰu̯on³⁵,kʰ,u̯on,³⁵,k,ɯ,̠ns
35435,詫,hɰæ³¹,hɰæ,,³¹,kh‧r,a,̠ɡs
35436,詬,ku³⁵,k,u,³⁵,qh,o,̠s
35437,詭,kʷɰiᴇ³⁵,kʷɰ,iᴇ,³⁵,kr,o,lʔ
35438,詮,tsʰʷiᴇn³³,tsʰʷ,iᴇn,³³,skh,o,n
35439,詯,ɦu̯oi³¹,ɦ,u̯oi,³¹,ɡʷl,ɯ,̠ls
35440,詰,kʰit³̲³̲,kʰ,it̲̲,³,khl,i,d
35441,話,ɦʷɰæi³¹,ɦʷɰæ,i,³¹,ɡr,o,̠ds
35442,該,kəi³³,k,əi,³³,k,ɯ,̠
35443,詳,jaŋ³³,j,aŋ,³³,sɢl,a,ŋ
35444,詴,ʔu̯oi³³,ʔ,u̯oi,³³,,,
35445,詵,ʂɪn³³,ʂ,ɪn,³³,sr,i,n
35446,詶,dʑɨu³³,dʑ,ɨu,³³,ɡlj,u,s
35447,詷,duŋ³³,d,uŋ,³³,d,o,̠ŋs
35448,詸,mei³³,m,ei,³³,,,
35449,詹,tɕiᴇm³³,tɕ,iᴇm,³³,klj,a,m
35450,詺,miᴇŋ³¹,m,iᴇŋ,³¹,,,
35451,詻,ŋɰæk³̲³̲,ŋɰæk̲̲,,³,ŋɡr,a,̠ɡ
35452,詼,kʰu̯oi³³,kʰ,u̯oi,³³,khʷ,ɯ,̠
35453,詽,hen³³,h,en,³³,ŋɡr,e,̠n
35454,詾,hjʊŋ³⁵,hj,ʊŋ,³⁵,qh,o,ŋʔ
35455,詿,ɦʷɰɛ³¹,ɦʷɰ,ɛ,³¹,kʷr,e,̠s
35456,誀,ȵɨ³³,ȵ,ɨ,³³,,,
35457,誁,,,,,,,
35458,誂,deu³⁵,d,eu,³⁵,ɡ‧l,e,̠wʔ
35459,誃,dɑ³⁵,d,ɑ,³⁵,ɡ‧l,a,l
35460,誄,lʷi³⁵,lʷ,i,³⁵,r,u,lʔ
35461,誅,ʈjʊ³³,ʈj,ʊ,³³,t,o,
35462,誆,ɡʷjaŋ³¹,ɡʷj,aŋ,³¹,khʷ,a,ŋ
35463,誇,kʰʷɰæ³³,kʰʷɰæ,,³³,khʷr,a,̠
35464,誈,,,,,,,
35465,誉,jɤ³¹,j,ɤ,³¹,,,
35466,誊,dəŋ³³,d,əŋ,³³,,,
35467,誋,ɡɨ³¹,ɡ,ɨ,³¹,ɡ,ɯ,s
35468,誌,tɕɨ³¹,tɕ,ɨ,³¹,klj,ɯ,s
35469,認,ȵɨŋ³¹,ȵ,ɨŋ,³¹,nj,ɯ,ns
35470,誎,tsʰjʊk³̲³̲,tsʰj,ʊk̲̲,³,sh,o,ɡ
35471,誏,lɑŋ³⁵,l,ɑŋ,³⁵,,,
35472,誐,ŋɑ³⁵,ŋ,ɑ,³⁵,ŋ,a,̠l
35473,誑,kʷjaŋ³¹,kʷj,aŋ,³¹,kʷ,a,ŋs
35474,誒,ʔəi³¹,ʔ,əi,³¹,qh,ɯ,
35475,誓,dʑiᴇi³¹,dʑ,iᴇi,³¹,ɡlj,e,ds
35476,誔,deŋ³¹,d,eŋ,³¹,,,
35477,誕,dɑn³⁵,d,ɑn,³⁵,ɡ‧l,a,̠nʔ
35478,誖,bu̯ot³̲³̲,b,u̯ot̲̲,³,b,ɯ,̠ds
35479,誗,ɖiᴇm³³,ɖ,iᴇm,³³,,,
35480,誘,jɨu³⁵,j,ɨu,³⁵,l,u,ʔ
35481,誙,kʰɰɛŋ³³,kʰɰ,ɛŋ,³³,khr,e,̠ŋ
35482,誚,dziᴇu³¹,dz,iᴇu,³¹,sb,e,ws
35483,誛,tsʰim³³,tsʰ,im,³³,,,
35484,誜,ʂʷɰæ³¹,ʂʷɰæ,,³¹,sqr,o,̠ls
35485,誝,ʔəm³³,ʔ,əm,³³,,,
35486,語,ŋjɤ³¹,ŋj,ɤ,³¹,ŋ,a,ʔ
35487,誟,hɰæu³³,hɰæ,u,³³,,,
35488,誠,dʑiᴇŋ³³,dʑ,iᴇŋ,³³,ɡj,e,ŋ
35489,誡,kɰɛi³¹,kɰ,ɛi,³¹,kr,ɯ,̠ɡs
35490,誢,ɦen³⁵,ɦ,en,³⁵,,,
35491,誣,mjʊ³³,mj,ʊ,³³,m,a,
35492,誤,ŋu̯o³¹,ŋ,u̯o,³¹,ŋɡʷ,a,̠s
35493,誥,kɑu³¹,k,ɑu,³¹,k,u,̠ɡs
35494,誦,zjʊŋ³¹,zj,ʊŋ,³¹,sɢl,o,ŋs
35495,誧,pʰu̯o³³,pʰ,u̯o,³³,ph,a,̠s
35496,誨,hu̯oi³¹,h,u̯oi,³¹,qhml,ɯ,̠s
35497,誩,ɡiᴇŋ³¹,ɡ,iᴇŋ,³¹,kh‧l,u,̠ms
35498,說,ɕʷiᴇi³¹,ɕʷ,iᴇi,³¹,,,
35499,誫,,,,,plj,ɯ,ns
35500,説,ȵʷiᴇi³¹,ȵʷ,iᴇi,³¹,l̥,o,ds
35501,読,,,,,,,
35502,誮,,,,,,,
35503,誯,tɕʰjaŋ³¹,tɕʰj,aŋ,³¹,,,
35504,誰,dʑʷi³³,dʑʷ,i,³³,ɡlj,u,l
35505,誱,dziᴇp³̲³̲,dz,iᴇp̲̲,³,,,
35506,課,kʰʷɑ³¹,kʰʷ,ɑ,³¹,khl,o,̠ls
35507,誳,,,,,khl,u,d
35508,誴,dzu̯oŋ³³,dz,u̯oŋ,³³,,,
35509,誵,ɦɰæu³³,ɦɰæ,u,³³,,,
35510,誶,sʷi³¹,sʷ,i,³¹,z,u,d
35511,誷,mʷjaŋ³⁵,mʷj,aŋ,³⁵,m,a,ŋʔ
35512,誸,ɦen³³,ɦ,en,³³,,,
35513,誹,pʷɨi³¹,pʷ,ɨi,³¹,p,ɯ,l
35514,誺,ʈʰi³¹,ʈʰ,i,³¹,kh‧r,ɯ,s
35515,誻,tʰəp³̲³̲,tʰ,əp̲̲,³,d,u,̠b
35516,誼,ŋɰiᴇ³¹,ŋɰ,iᴇ,³¹,ŋɡr,a,ls
35517,誽,ŋei³¹,ŋ,ei,³¹,mɡr,e,̠
35518,誾,ŋɰin³³,ŋɰ,in,³³,ŋr,ɯ,n
35519,調,deu³³,d,eu,³³,ɡ‧l,ɯ,̠w
35520,諀,piᴇ³³,p,iᴇ,³³,ph,e,ʔ
35521,諁,tɕʷiᴇt³̲³̲,tɕʷ,iᴇt̲̲,³,,,
35522,諂,ʈʰiᴇm³⁵,ʈʰ,iᴇm,³⁵,kh‧l,o,mʔ
35523,諃,ʈʰim³³,ʈʰ,im,³³,,,
35524,諄,tɕʷin³³,tɕʷ,in,³³,klj,u,ns
35525,諅,ɡɨ³¹,ɡ,ɨ,³¹,ɡ,ɯ,s
35526,諆,kɨ³³,k,ɨ,³³,k,ɯ,
35527,談,dɑm³³,d,ɑm,³³,ɡ‧l,a,̠m
35528,諈,ʈʷiᴇ³¹,ʈʷ,iᴇ,³¹,t,o,ls
35529,諉,jʷiᴇ³¹,jʷ,iᴇ,³¹,mɡl,o,ls
35530,諊,kjuk³̲³̲,kj,uk̲̲,³,,,
35531,請,dziᴇŋ³³,dz,iᴇŋ,³³,sh,e,ŋʔ
35532,諌,,,,,,,
35533,諍,tʂɰɛŋ³¹,tʂɰ,ɛŋ,³¹,sr,e,̠ŋs
35534,諎,tsjæ³¹,tsjæ,,³¹,sr,a,̠ɡ
35535,諏,tsu³³,ts,u,³³,sk,o,
35536,諐,kʰɰiᴇn³³,kʰɰ,iᴇn,³³,khr,a,n
35537,諑,ʈɰɔk³̲³̲,ʈɰɔk̲̲,,³,rt,o,̠ɡ
35538,諒,ljaŋ³¹,lj,aŋ,³¹,ɡ,ə,r
35539,諓,dziᴇn³¹,dz,iᴇn,³¹,z,e,ns
35540,諔,tɕʰjuk³̲³̲,tɕʰj,uk̲̲,³,khj,ɯ,̠wɡ
35541,諕,hɰæ³¹,hɰæ,,³¹,,,
35542,論,lu̯on³¹,l,u̯on,³¹,ɡ,ə,r
35543,諗,ɕim³⁵,ɕ,im,³⁵,qhlj,ɯ,mʔ
35544,諘,pɰiᴇu³⁵,pɰ,iᴇu,³⁵,,,
35545,諙,,,,,,,
35546,諚,,,,,,,
35547,諛,jʊ³³,j,ʊ,³³,l,o,
35548,諜,sep³̲³̲,s,ep̲̲,³,ɡ‧l,e,̠b
35549,諝,sjɤ³⁵,sj,ɤ,³⁵,sŋ,a,
35550,諞,pʰiᴇn³³,pʰ,iᴇn,³³,b,e,nʔ
35551,諟,dʑiᴇ³⁵,dʑ,iᴇ,³⁵,ɡlj,e,ʔ
35552,諠,hʷjɤn³³,hʷj,ɤn,³³,qh,o,n
35553,諡,ʑi³¹,ʑ,i,³¹,ɢj,i,ɡs
35554,諢,ŋu̯on³¹,ŋ,u̯on,³¹,,,
35555,諣,hʷɰɛ³¹,hʷɰ,ɛ,³¹,qhr,o,̠ls
35556,諤,ŋɑk³̲³̲,ŋ,ɑk̲̲,³,ŋ,a,̠ɡ
35557,諥,ʈjʊŋ³¹,ʈj,ʊŋ,³¹,,,
35558,諦,tei³¹,t,ei,³¹,k‧l,e,̠ɡs
35559,諧,ɦɰɛi³³,ɦɰ,ɛi,³³,ɡr,i,̠l
35560,諨,pjuk³̲³̲,pj,uk̲̲,³,,,
35561,諩,pu̯o³⁵,p,u̯o,³⁵,,,
35562,諪,,,,,,,
35563,諫,kɰæn³³,kɰæn,,³³,kr,a,̠ns
35564,諬,,,,,,,
35565,諭,jʊ³¹,j,ʊ,³¹,l,o,s
35566,諮,tsi³³,ts,i,³³,s,i,
35567,諯,tsʰʷiᴇn³¹,tsʰʷ,iᴇn,³¹,klj,o,n
35568,諰,sɨ³⁵,s,ɨ,³⁵,sl,ɯ,ʔ
35569,諱,hʷɨi³¹,hʷ,ɨi,³¹,qhʷ,ɯ,ls
35570,諲,tɕin³³,tɕ,in,³³,q,i,n
35571,諳,ʔəm³¹,ʔ,əm,³¹,q,ɯ,̠m
35572,諴,hɰɛm³⁵,hɰ,ɛm,³⁵,ɡr,o,̠m
35573,諵,nəm³³,n,əm,³³,,,
35574,諶,dʑim³³,dʑ,im,³³,ɡlj,u,m
35575,諷,pjuŋ³¹,pj,uŋ,³¹,pl,u,ms
35576,諸,tɕjæ³³,tɕjæ,,³³,klj,a,
35577,諹,jaŋ³³,j,aŋ,³³,l,a,ŋs
35578,諺,ŋɰiᴇn³¹,ŋɰ,iᴇn,³¹,ŋr,e,ns
35579,諻,ɦɰæŋ³³,ɦɰæŋ,,³³,qhʷr,a,̠ŋ
35580,諼,hʷjɤn³³,hʷj,ɤn,³³,qh,o,nʔ
35581,諽,kʰɰɛk³̲³̲,kʰɰ,ɛk̲̲,³,kr,ɯ,̠ɡ
35582,諾,nɑk³̲³̲,n,ɑk̲̲,³,n,a,̠ɡ
35583,諿,tsʰip³̲³̲,tsʰ,ip̲̲,³,,,
35584,謀,mu³³,m,u,³³,m,ɯ,
35585,謁,ʔjɤt³̲³̲,ʔj,ɤt̲̲,³,q,a,d
35586,謂,ɦʲʷɨi³¹,ɦʲʷ,ɨi,³¹,ɢr,u,ds
35587,謃,,,,,,,
35588,謄,dəŋ³³,d,əŋ,³³,ɡ‧l,ɯ,̠ŋ
35589,謅,tʂʰɨu³³,tʂʰ,ɨu,³³,,,
35590,謆,ɕiᴇn³¹,ɕ,iᴇn,³¹,,,
35591,謇,kɰiᴇn³⁵,kɰ,iᴇn,³⁵,kr,a,nʔ
35592,謈,bɰɔk³̲³̲,bɰɔk̲̲,,³,phr,o,̠wɡ
35593,謉,hu̯oi³⁵,h,u̯oi,³⁵,,,
35594,謊,,,,,,,
35595,謋,hɰjæk³̲³̲,hɰjæk̲̲,,³,qhʷr,a,̠ɡ
35596,謌,kɑ³³,k,ɑ,³³,k,a,̠l
35597,謍,ʔʷɰɛŋ³³,ʔʷɰ,ɛŋ,³³,qʷr,e,̠ŋ
35598,謎,mei³³,m,ei,³³,,,
35599,謏,ʂjuk³̲³̲,ʂj,uk̲̲,³,sl,ɯ,̠wʔ
35600,謐,mit³̲³̲,m,it̲̲,³,mbr,i,ɡ
35601,謑,ŋei³⁵,ŋ,ei,³⁵,qhr,a,̠s
35602,謒,tsʰjaŋ³³,tsʰj,aŋ,³³,,,
35603,謓,tɕin³¹,tɕ,in,³¹,khj,i,n
35604,謔,hjak³̲³̲,hj,ak̲̲,³,ŋ̊h,a,wɡ
35605,謕,siᴇ³³,s,iᴇ,³³,ɡ‧l,e,̠
35606,謖,ʂjuk³̲³̲,ʂj,uk̲̲,³,sqr,u,ɡ
35607,謗,pɑŋ³¹,p,ɑŋ,³¹,p,a,̠ŋs
35608,謘,du̯oi³³,d,u̯oi,³³,b‧l,i,s
35609,謙,kʰem³⁵,kʰ,em,³⁵,kh,e,̠m
35610,謚,ʔiᴇk³̲³̲,ʔ,iᴇk̲̲,³,q,e,ɡ
35611,講,kɰɔŋ³⁵,kɰɔŋ,,³⁵,kr,o,̠ŋʔ
35612,謜,ŋʷjɤn³³,ŋʷj,ɤn,³³,sŋ̊,o,n
35613,謝,zjæ³¹,zjæ,,³¹,sɢl,a,ɡs
35614,謞,hɑk³̲³̲,h,ɑk̲̲,³,qh,o,̠wɡ
35615,謟,tʰɑu³³,tʰ,ɑu,³³,l̥,u,̠
35616,謠,jiᴇu³³,j,iᴇu,³³,,,
35617,謡,jiᴇu³³,j,iᴇu,³³,l,e,w
35618,謢,,,,,,,
35619,謣,ʔjʊ³³,ʔj,ʊ,³³,ɢʷ,a,
35620,謤,pʰiᴇu³³,pʰ,iᴇu,³³,,,
35621,謥,,,,,,,
35622,謦,kʰeŋ³⁵,kʰ,eŋ,³⁵,khl,e,̠ŋs
35623,謧,liᴇ³³,l,iᴇ,³³,b,ə,r
35624,謨,mu̯o³³,m,u̯o,³³,m,a,̠
35625,謩,,,,,,,
35626,謪,,,,,k‧r,e,̠ɡ
35627,謫,tek³̲³̲,t,ek̲̲,³,k‧r,e,̠ɡ
35628,謬,mɨu³¹,m,ɨu,³¹,mɡr,ɯ,ws
35629,謭,,,,,,,
35630,謮,dʐɰɛk³̲³̲,dʐɰ,ɛk̲̲,³,sr,e,̠ɡ
35631,謯,tsjæ³³,tsjæ,,³³,skr,a,̠ʔ
35632,謰,liᴇn³³,l,iᴇn,³³,b,ə,r
35633,謱,ljʊ³⁵,lj,ʊ,³⁵,ɡ,ə,r
35634,謲,səm³³,s,əm,³³,sh,u,̠ms
35635,謳,hjʊ³³,hj,ʊ,³³,q,o,̠
35636,謴,ku̯on³¹,k,u̯on,³¹,,,
35637,謵,zip³̲³̲,z,ip̲̲,³,khlj,o,b
35638,謶,tɕjæ³³,tɕjæ,,³³,klj,a,ɡ
35639,謷,ŋɑu³³,ŋ,ɑu,³³,ŋɡr,a,̠w
35640,謸,,,,,ŋɡ,a,̠ws
35641,謹,kɨn³⁵,k,ɨn,³⁵,kl,ɯ,nʔ
35642,謺,tep³̲³̲,t,ep̲̲,³,klj,e,b
35643,謻,jiᴇ³³,j,iᴇ,³³,ɢl,a,l
35644,謼,hu̯o³¹,h,u̯o,³¹,qh,a,̠
35645,謽,ɡjaŋ³⁵,ɡj,aŋ,³⁵,,,
35646,謾,mʷɑn³³,mʷ,ɑn,³³,m,o,̠ns
35647,謿,ʈɰæu³³,ʈɰæ,u,³³,rt,e,̠w
35648,譀,hɰæp³̲³̲,hɰæp̲̲,,³,qhr,a,̠b
35649,譁,ŋʷɰæ³³,ŋʷɰæ,,³³,qhʷr,a,̠
35650,譂,tɕʰiᴇn³⁵,tɕʰ,iᴇn,³⁵,thj,a,nʔ
35651,譃,hjʊ³³,hj,ʊ,³³,,,
35652,譄,dzəŋ³³,dz,əŋ,³³,s,ɯ,̠ŋ
35653,譅,ʂip³̲³̲,ʂ,ip̲̲,³,,,
35654,譆,hɨ³³,h,ɨ,³³,qh,ɯ,
35655,譇,ʈɰæ³³,ʈɰæ,,³³,k‧r,a,̠
35656,譈,du̯oi³¹,d,u̯oi,³¹,ɡ‧l,u,̠ls
35657,證,tɕɨŋ³¹,tɕ,ɨŋ,³¹,tj,ɯ,ŋs
35658,譊,ɳɰæu³³,ɳɰæ,u,³³,mɡl,e,̠w
35659,譋,,,,,,,
35660,譌,ŋʷɰæ³³,ŋʷɰæ,,³³,ŋɡʷ,a,̠l
35661,譍,ʔɨŋ³³,ʔ,ɨŋ,³³,q,ɯ,ŋs
35662,譎,kʷet³̲³̲,kʷ,et̲̲,³,kʷ,i,̠d
35663,譏,kɨi³³,k,ɨi,³³,k,ɯ,l
35664,譐,tsu̯on³⁵,ts,u̯on,³⁵,s,u,̠nʔ
35665,譑,kɰiᴇu³⁵,kɰ,iᴇu,³⁵,,,
35666,譒,pʷɑ³³,pʷ,ɑ,³³,p,a,̠ls
35667,譓,ɦʷei³¹,ɦʷ,ei,³¹,ɢʷ,i,̠ds
35668,譔,dʐɰiᴇn³⁵,dʐɰ,iᴇn,³⁵,skh,o,n
35669,譕,mjʊ³³,mj,ʊ,³³,m,a,
35670,譖,tʂim³¹,tʂ,im,³¹,skr,u,ms
35671,譗,ʈɰɛp³̲³̲,ʈɰ,ɛp̲̲,³,,,
35672,識,tɕɨ³¹,tɕ,ɨ,³¹,klj,ɯ,ɡs
35673,譙,dziᴇu³³,dz,iᴇu,³³,sɡ,e,w
35674,譚,dəm³³,d,əm,³³,ɡ‧l,u,̠mʔ
35675,譛,,,,,,,
35676,譜,pu̯o³⁵,p,u̯o,³⁵,p,a,̠ʔ
35677,譝,ʑɨŋ³³,ʑ,ɨŋ,³³,sblj,ɯ,ŋ
35678,譞,hʷiᴇn³³,hʷ,iᴇn,³³,qhʷ,e,n
35679,譟,tsʰɑu³³,tsʰ,ɑu,³³,sl,a,̠ws
35680,譠,tʰɑn³³,tʰ,ɑn,³³,th,a,̠n
35681,譡,tʰɑŋ³¹,tʰ,ɑŋ,³¹,,,
35682,譢,sʷi³¹,sʷ,i,³¹,,,
35683,譣,hɰiᴇm³⁵,hɰ,iᴇm,³⁵,skh,o,m
35684,譤,kek³̲³̲,k,ek̲̲,³,,,
35685,譥,keu³¹,k,eu,³¹,kl,e,̠wɡs
35686,警,kɰjæŋ³⁵,kɰjæŋ,,³⁵,kr,e,ŋʔ
35687,譧,liᴇm³³,l,iᴇm,³³,,,
35688,譨,nu³³,n,u,³³,,,
35689,譩,ʔɨ³⁵,ʔ,ɨ,³⁵,,,
35690,譪,,,,,,,
35691,譫,dəp³̲³̲,d,əp̲̲,³,klj,a,m
35692,譬,pʰiᴇ³¹,pʰ,iᴇ,³¹,ph,e,ɡs
35693,譭,hʷɰiᴇ³⁵,hʷɰ,iᴇ,³⁵,,,
35694,譮,hʷɰæi³¹,hʷɰæ,i,³¹,,,
35695,譯,jiᴇk³̲³̲,j,iᴇk̲̲,³,ɢl,a,ɡ
35696,議,ŋɰiᴇ³¹,ŋɰ,iᴇ,³¹,ŋr,a,ls
35697,譱,dʑiᴇn³⁵,dʑ,iᴇn,³⁵,dj,e,nʔ
35698,譲,,,,,,,
35699,譳,nu³¹,n,u,³¹,n,o,̠s
35700,譴,kʰiᴇn³¹,kʰ,iᴇn,³¹,kh,e,ns
35701,譵,ɖʷi³¹,ɖʷ,i,³¹,,,
35702,譶,ɖip³̲³̲,ɖ,ip̲̲,³,ɡ‧l,u,b
35703,護,ɦu̯o³¹,ɦ,u̯o,³¹,ɡʷr,a,̠ɡs
35704,譸,ʈɨu³³,ʈ,ɨu,³³,k‧l,u,
35705,譹,ɦɑu³¹,ɦ,ɑu,³¹,ɡ,o,̠w
35706,譺,ŋɨ³⁵,ŋ,ɨ,³⁵,ŋɡ,ɯ,ʔ
35707,譻,ʔɰɛŋ³³,ʔɰ,ɛŋ,³³,qr,e,̠ŋ
35708,譼,kɰæm³¹,kɰæm,,³¹,,,
35709,譽,jɤ³¹,j,ɤ,³¹,ɢl,a,
35710,譾,tsiᴇn³⁵,ts,iᴇn,³⁵,s,e,nʔ
35711,譿,ɦʷei³¹,ɦʷ,ei,³¹,ɡʷ,i,̠ds
35712,讀,duk³̲³̲,d,uk̲̲,³,ɡ‧l,o,̠ɡ
35713,讁,ɖɰɛk³̲³̲,ɖɰ,ɛk̲̲,³,k‧r,e,̠ɡ
35714,讂,hʷen³³,hʷ,en,³³,qhʷ,e,̠ns
35715,讃,tsɑn³¹,ts,ɑn,³¹,,,
35716,讄,lʷi³⁵,lʷ,i,³⁵,r,u,lʔ
35717,讅,,,,,,,
35718,讆,,,,,ɢʷ,a,ds
35719,讇,dʑiᴇm³³,dʑ,iᴇm,³³,kh‧l,o,mʔ
35720,讈,lek³̲³̲,l,ek̲̲,³,,,
35721,讉,tʰu̯oi³³,tʰ,u̯oi,³³,,,
35722,變,pɰiᴇn³¹,pɰ,iᴇn,³¹,pkr,o,ns
35723,讋,tɕiᴇp³̲³̲,tɕ,iᴇp̲̲,³,klj,o,b
35724,讌,ʔen³¹,ʔ,en,³¹,q,e,̠ns
35725,讍,ŋɑk³̲³̲,ŋ,ɑk̲̲,³,,,
35726,讎,dʑɨu³³,dʑ,ɨu,³³,ɡj,u,
35727,讏,ɦʲʷiᴇi³¹,ɦʲʷ,iᴇi,³¹,ɢʷ,a,ds
35728,讐,,,,,,,
35729,讑,jiᴇu³¹,j,iᴇu,³¹,l,o,wɡs
35730,讒,dʐɰɛm³³,dʐɰ,ɛm,³³,zr,ɯ,̠m
35731,讓,ȵjaŋ³¹,ȵj,aŋ,³¹,mlj,a,ŋs
35732,讔,ʔɨn³⁵,ʔ,ɨn,³⁵,q,ɯ,nʔ
35733,讕,,,,,ɡ,ə,r
35734,讖,tʂʰɰæm³¹,tʂʰɰæm,,³¹,shr,i,ms
35735,讗,ɦʷɰæk³̲³̲,ɦʷɰæk̲̲,,³,ɢʷ,e,̠
35736,讘,ȵiᴇp³̲³̲,ȵ,iᴇp̲̲,³,mɡlj,e,b
35737,讙,hʷjɤn³³,hʷj,ɤn,³³,qh,o,n
35738,讚,,,,,s,a,̠ns
35739,讛,,,,,,,
35740,讜,tɑŋ³¹,t,ɑŋ,³¹,k‧l,a,̠ŋʔ
35741,讝,tɕiᴇm³³,tɕ,iᴇm,³³,klj,a,m
35742,讞,ŋɰiᴇn³⁵,ŋɰ,iᴇn,³⁵,ŋr,a,ns
35743,讟,duk³̲³̲,d,uk̲̲,³,ɡ‧l,o,̠ɡ
35744,讠,,,,,,,
35745,计,kei³¹,k,ei,³¹,,,
35746,订,teŋ³¹,t,eŋ,³¹,,,
35747,讣,pʰjʊ³¹,pʰj,ʊ,³¹,,,
35748,认,ȵin³¹,ȵ,in,³¹,,,
35749,讥,kɨi³³,k,ɨi,³³,,,
35750,讦,,,,,,,
35751,讧,,,,,,,
35752,讨,tʰɑu³⁵,tʰ,ɑu,³⁵,,,
35753,让,ȵjaŋ³¹,ȵj,aŋ,³¹,,,
35754,讪,ʂɰæn³³,ʂɰæn,,³³,,,
35755,讫,kɨt³̲³̲,k,ɨt̲̲,³,,,
35756,讬,tʰɑk³̲³̲,tʰ,ɑk̲̲,³,,,
35757,训,hjun³¹,hj,un,³¹,,,
35758,议,ŋɰiᴇ³¹,ŋɰ,iᴇ,³¹,,,
35759,讯,sin³¹,s,in,³¹,,,
35760,记,kɨ³¹,k,ɨ,³¹,,,
35761,讱,,,,,,,
35762,讲,kɰɔŋ³⁵,kɰɔŋ,,³⁵,,,
35763,讳,hʷɨi³¹,hʷ,ɨi,³¹,,,
35764,讴,,,,,,,
35765,讵,,,,,,,
35766,讶,,,,,,,
35767,讷,,,,,,,
35768,许,hjɤ³⁵,hj,ɤ,³⁵,,,
35769,讹,ŋʷɑ³³,ŋʷ,ɑ,³³,,,
35770,论,lu̯on³¹,l,u̯on,³¹,,,
35771,讻,,,,,,,
35772,讼,zjʊŋ³¹,zj,ʊŋ,³¹,,,
35773,讽,pjuŋ³¹,pj,uŋ,³¹,,,
35774,设,ɕiᴇt³̲³̲,ɕ,iᴇt̲̲,³,,,
35775,访,pʰʷjaŋ³¹,pʰʷj,aŋ,³¹,,,
35776,诀,kʷet³̲³̲,kʷ,et̲̲,³,,,
35777,证,tɕɨŋ³¹,tɕ,ɨŋ,³¹,,,
35778,诂,,,,,,,
35779,诃,,,,,,,
35780,评,bɰjæŋ³³,bɰjæŋ,,³³,,,
35781,诅,tʂjɤ³¹,tʂj,ɤ,³¹,,,
35782,识,ɕɨk³̲³̲,ɕ,ɨk̲̲,³,,,
35783,诇,,,,,,,
35784,诈,tʂɰæ³¹,tʂɰæ,,³¹,,,
35785,诉,su̯o³¹,s,u̯o,³¹,,,
35786,诊,tɕin³⁵,tɕ,in,³⁵,,,
35787,诋,,,,,,,
35788,诌,tʂʰɰæu³⁵,tʂʰɰæ,u,³⁵,,,
35789,词,zɨ³³,z,ɨ,³³,,,
35790,诎,,,,,,,
35791,诏,tɕiᴇu³¹,tɕ,iᴇu,³¹,,,
35792,诐,,,,,,,
35793,译,jiᴇk³̲³̲,j,iᴇk̲̲,³,,,
35794,诒,,,,,,,
35795,诓,,,,,,,
35796,诔,,,,,,,
35797,试,ɕɨ³¹,ɕ,ɨ,³¹,,,
35798,诖,,,,,,,
35799,诗,ɕɨ³³,ɕ,ɨ,³³,,,
35800,诘,,,,,,,
35801,诙,kʰu̯oi³³,kʰ,u̯oi,³³,,,
35802,诚,dʑiᴇŋ³³,dʑ,iᴇŋ,³³,,,
35803,诛,ʈjʊ³³,ʈj,ʊ,³³,,,
35804,诜,,,,,,,
35805,话,ɦʷɰæi³¹,ɦʷɰæ,i,³¹,,,
35806,诞,dɑn³⁵,d,ɑn,³⁵,,,
35807,诟,,,,,,,
35808,诠,,,,,,,
35809,诡,kʷɰiᴇ³⁵,kʷɰ,iᴇ,³⁵,,,
35810,询,sʷin³³,sʷ,in,³³,,,
35811,诣,ŋei³¹,ŋ,ei,³¹,,,
35812,诤,tʂɰɛŋ³¹,tʂɰ,ɛŋ,³¹,,,
35813,该,kəi³³,k,əi,³³,,,
35814,详,zjaŋ³³,zj,aŋ,³³,,,
35815,诧,,,,,,,
35816,诨,,,,,,,
35817,诩,,,,,,,
35818,诪,,,,,,,
35819,诫,kɰɛi³¹,kɰ,ɛi,³¹,,,
35820,诬,mjʊ³³,mj,ʊ,³³,,,
35821,语,ŋjɤ³⁵,ŋj,ɤ,³⁵,,,
35822,诮,,,,,,,
35823,误,ŋu̯o³¹,ŋ,u̯o,³¹,,,
35824,诰,,,,,,,
35825,诱,jɨu³⁵,j,ɨu,³⁵,,,
35826,诲,,,,,,,
35827,诳,,,,,,,
35828,说,,,,,,,
35829,诵,zjʊŋ³¹,zj,ʊŋ,³¹,,,
35830,诶,,,,,,,
35831,请,tsʰiᴇŋ³⁵,tsʰ,iᴇŋ,³⁵,,,
35832,诸,tɕjɤ³³,tɕj,ɤ,³³,,,
35833,诹,,,,,,,
35834,诺,nɑk³̲³̲,n,ɑk̲̲,³,,,
35835,读,duk³̲³̲,d,uk̲̲,³,,,
35836,诼,,,,,,,
35837,诽,,,,,,,
35838,课,kʰʷɑ³¹,kʰʷ,ɑ,³¹,,,
35839,诿,,,,,,,
35840,谀,,,,,,,
35841,谁,dʑʷi³³,dʑʷ,i,³³,,,
35842,谂,,,,,,,
35843,调,deu³³,d,eu,³³,,,
35844,谄,,,,,,,
35845,谅,ljaŋ³¹,lj,aŋ,³¹,,,
35846,谆,,,,,,,
35847,谇,,,,,,,
35848,谈,dɑm³³,d,ɑm,³³,,,
35849,谉,,,,,,,
35850,谊,ŋɰiᴇ³¹,ŋɰ,iᴇ,³¹,,,
35851,谋,mɨu³³,m,ɨu,³³,,,
35852,谌,,,,,,,
35853,谍,dep³̲³̲,d,ep̲̲,³,,,
35854,谎,,,,,,,
35855,谏,kɰæn³¹,kɰæn,,³¹,,,
35856,谐,ɦɰɛi³³,ɦɰ,ɛi,³³,,,
35857,谑,,,,,,,
35858,谒,,,,,,,
35859,谓,ɦʲʷɨi³¹,ɦʲʷ,ɨi,³¹,,,
35860,谔,,,,,,,
35861,谕,,,,,,,
35862,谖,hʷjɤn³³,hʷj,ɤn,³³,,,
35863,谗,dʐɰɛm³³,dʐɰ,ɛm,³³,,,
35864,谘,tsi³³,ts,i,³³,,,
35865,谙,,,,,,,
35866,谚,ŋɰiᴇn³¹,ŋɰ,iᴇn,³¹,,,
35867,谛,,,,,,,
35868,谜,mei³¹,m,ei,³¹,,,
35869,谝,,,,,,,
35870,谞,,,,,,,
35871,谟,,,,,,,
35872,谠,,,,,,,
35873,谡,,,,,,,
35874,谢,zjæ³¹,zjæ,,³¹,,,
35875,谣,,,,,,,
35876,谤,pɑŋ³¹,p,ɑŋ,³¹,,,
35877,谥,,,,,,,
35878,谦,kʰem³³,kʰ,em,³³,,,
35879,谧,,,,,,,
35880,谨,kɨn³⁵,k,ɨn,³⁵,,,
35881,谩,mɰæn³¹,mɰæn,,³¹,,,
35882,谪,,,,,,,
35883,谫,,,,,,,
35884,谬,mju³¹,mj,u,³¹,,,
35885,谭,dəm³³,d,əm,³³,,,
35886,谮,,,,,,,
35887,谯,,,,,,,
35888,谰,,,,,,,
35889,谱,pu̯o³⁵,p,u̯o,³⁵,,,
35890,谲,,,,,,,
35891,谳,ŋɰiᴇn³⁵,ŋɰ,iᴇn,³⁵,,,
35892,谴,,,,,,,
35893,谵,,,,,,,
35894,谶,,,,,,,
35895,谷,ɡjak³̲³̲,ɡj,ak̲̲,³,ɡ,ə,r
35896,谸,tsʰen³³,tsʰ,en,³³,sn̥,i,̠ŋ
35897,谹,,,,,ɡʷr,ɯ,̠ŋ
35898,谺,hɰæ³³,hɰæ,,³³,qhr,a,̠
35899,谻,kjak³̲³̲,kj,ak̲̲,³,kr,a,ɡ
35900,谼,ɦuŋ³³,ɦ,uŋ,³³,,,
35901,谽,hɰɛm³³,hɰ,ɛm,³³,qh,ɯ,̠m
35902,谾,kʰɰɔŋ³³,kʰɰɔŋ,,³³,qhr,o,̠ŋ
35903,谿,kei³³,k,ei,³³,kh,e,̠
35904,豀,ɦei³³,ɦ,ei,³³,,,
35905,豁,hʷɑt³̲³̲,hʷ,ɑt̲̲,³,qhʷ,a,̠d
35906,豂,leu³³,l,eu,³³,ɡ,ə,r
35907,豃,hɰæm³⁵,hɰæm,,³⁵,,,
35908,豄,duk³̲³̲,d,uk̲̲,³,ɡ‧l,o,̠ɡ
35909,豅,luŋ³³,l,uŋ,³³,ɡ,ə,r
35910,豆,du³¹,d,u,³¹,ɡ‧l,o,̠s
35911,豇,kɰɔŋ³³,kɰɔŋ,,³³,,,
35912,豈,kʰɨi³⁵,kʰ,ɨi,³⁵,kh,ɯ,lʔ
35913,豉,dʑiᴇ³¹,dʑ,iᴇ,³¹,ɡj,e,s
35914,豊,lei³⁵,l,ei,³⁵,r,i,̠ʔ
35915,豋,təŋ³³,t,əŋ,³³,t,ɯ,̠ŋ
35916,豌,ʔʷɑn³³,ʔʷ,ɑn,³³,q,o,̠n
35917,豍,pen³⁵,p,en,³⁵,p,e,̠
35918,豎,dʑjʊ³⁵,dʑj,ʊ,³⁵,ɡlj,o,ʔ
35919,豏,ɦɰɛm³⁵,ɦɰ,ɛm,³⁵,,,
35920,豐,pʰjuŋ³³,pʰj,uŋ,³³,ph,u,ŋ
35921,豑,ɖit³̲³̲,ɖ,it̲̲,³,ɡ‧l,i,ɡ
35922,豒,,,,,,,
35923,豓,,,,,,,
35924,豔,jiᴇm³¹,j,iᴇm,³¹,l,a,ms
35925,豕,ɕiᴇ³⁵,ɕ,iᴇ,³⁵,l̥,i,ʔ
35926,豖,,,,,th,o,ɡ
35927,豗,hu̯oi³³,h,u̯oi,³³,,,
35928,豘,du̯on³³,d,u̯on,³³,,,
35929,豙,ŋɨ³¹,ŋ,ɨ,³¹,ŋɡl,ɯ,ds
35930,豚,du̯on³⁵,d,u̯on,³⁵,l,u,̠n
35931,豛,ʈɰɔk³̲³̲,ʈɰɔk̲̲,,³,ɢʷ,e,ɡ
35932,豜,ken³⁵,k,en,³⁵,k,e,̠n
35933,豝,pɰæ³³,pɰæ,,³³,pr,a,̠
35934,豞,hɰɔk³̲³̲,hɰɔk̲̲,,³,,,
35935,豟,ʔɰɛk³̲³̲,ʔɰ,ɛk̲̲,³,qr,e,̠ɡ
35936,豠,dzu̯o³³,dz,u̯o,³³,sɡr,a,
35937,象,zjaŋ³⁵,zj,aŋ,³⁵,sɢl,a,ŋʔ
35938,豢,ɦʷɰæn³¹,ɦʷɰæn,,³¹,ɡr,o,̠ns
35939,豣,ŋen³¹,ŋ,en,³¹,ŋɡ,e,̠ns
35940,豤,kʰən³⁵,kʰ,ən,³⁵,kh,ɯ,̠nʔ
35941,豥,ɦəi³³,ɦ,əi,³³,k,ɯ,̠
35942,豦,dʐjʊ³³,dʐj,ʊ,³³,kl,a,s
35943,豧,pʰjʊ³¹,pʰj,ʊ,³¹,ph,a,s
35944,豨,hɨi³⁵,h,ɨi,³⁵,qhl,ɯ,l
35945,豩,pɰin³³,pɰ,in,³³,pr,ɯ,n
35946,豪,ɦɑu³³,ɦ,ɑu,³³,ɡ,o,̠w
35947,豫,zjæ³¹,zjæ,,³¹,ɢl,a,s
35948,豬,ʈjɤ³³,ʈj,ɤ,³³,k‧l,a,
35949,豭,kɰæ³³,kɰæ,,³³,kr,a,̠
35950,豮,,,,,,,
35951,豯,ɦei³³,ɦ,ei,³³,ɡ,e,̠
35952,豰,ku³¹,k,u,³¹,bɡr,o,̠ɡ
35953,豱,ʔu̯on³³,ʔ,u̯on,³³,q,u,̠n
35954,豲,ɦʷɑn³³,ɦʷ,ɑn,³³,ɡ,o,̠n
35955,豳,pɰin³³,pɰ,in,³³,pr,ɯ,n
35956,豴,tek³̲³̲,t,ek̲̲,³,k‧l,e,̠ɡ
35957,豵,tsuŋ³³,ts,uŋ,³³,s,o,̠ŋ
35958,豶,bjun³³,bj,un,³³,b,ɯ,n
35959,豷,hi³¹,h,i,³¹,qhʷr,i,ɡs
35960,豸,ɖɰɛ³⁵,ɖɰ,ɛ,³⁵,d,e,ʔ
35961,豹,pɰæu³¹,pɰæ,u,³¹,pr,e,̠wɡs
35962,豺,dʐɰɛi³³,dʐɰ,ɛi,³³,zr,ɯ,̠
35963,豻,kʰɰæn³³,kʰɰæn,,³³,ŋɡ,a,̠ns
35964,豼,bi³³,b,i,³³,b,i,
35965,豽,ɳʷɰɛt³̲³̲,ɳʷɰ,ɛt̲̲,³,,,
35966,豾,bɰi³³,bɰ,i,³³,phr,ɯ,
35967,豿,hu³¹,h,u,³¹,k,o,̠ʔ
35968,貀,tu̯ot³̲³̲,t,u̯ot̲̲,³,ŋɡl,u,̠d
35969,貁,jɨu³¹,j,ɨu,³¹,ɢl,u,s
35970,貂,teu³³,t,eu,³³,t,e,̠w
35971,貃,,,,,,,
35972,貄,si³¹,s,i,³¹,l̥j,ɯ,ds
35973,貅,hju³³,hj,u,³³,qh,u,
35974,貆,ɦʷɑn³³,ɦʷ,ɑn,³³,ɢ,o,̠n
35975,貇,kʰu̯on³³,kʰ,u̯on,³³,,,
35976,貈,ɦɑk³̲³̲,ɦ,ɑk̲̲,³,ɡl,a,̠ɡ
35977,貉,ɦɑk³̲³̲,ɦ,ɑk̲̲,³,mɡr,a,̠ɡ
35978,貊,mɰæt³̲³̲,mɰæt̲̲,,³,mbr,a,̠ɡ
35979,貋,ɦɑn³¹,ɦ,ɑn,³¹,,,
35980,貌,mɰæu³¹,mɰæ,u,³¹,mr,e,̠wɡs
35981,貍,,,,,m,ə,r
35982,貎,ŋei³³,ŋ,ei,³³,,,
35983,貏,pɰiᴇ³⁵,pɰ,iᴇ,³⁵,pr,e,ʔ
35984,貐,jʊ³⁵,j,ʊ,³⁵,l,o,ʔ
35985,貑,kɰæ³³,kɰæ,,³³,,,
35986,貒,tʰʷɑn³³,tʰʷ,ɑn,³³,kh‧l,o,̠ns
35987,貓,mɰæu³³,mɰæ,u,³³,mr,e,w
35988,貔,bi³³,b,i,³³,b,i,
35989,貕,ɦei³³,ɦ,ei,³³,ɡ,e,̠
35990,貖,ʔɰɛk³̲³̲,ʔɰ,ɛk̲̲,³,qr,e,̠ɡ
35991,貗,jʊ³³,j,ʊ,³³,ɡr,o,ʔ
35992,貘,mɰæk³̲³̲,mɰæk̲̲,,³,mr,a,̠ɡ
35993,貙,ʈʰjʊ³³,ʈʰj,ʊ,³³,kh‧l,o,
35994,貚,tʰɑn³³,tʰ,ɑn,³³,d,e,̠n
35995,貛,hʷɑn³³,hʷ,ɑn,³³,qh,o,̠n
35996,貜,ɦʲʷjak³̲³̲,ɦʲʷj,ak̲̲,³,ɡʷ,a,ɡ
35997,貝,pɑi³¹,p,ɑi,³¹,p,a,̠ds
35998,貞,ʈiᴇŋ³³,ʈ,iᴇŋ,³³,t,e,ŋ
35999,貟,ɦʲʷin³³,ɦʲʷ,in,³³,ɢr,u,n
36000,負,bɨu³⁵,b,ɨu,³⁵,b,ɯ,ʔ
36001,財,dzəi³¹,dz,əi,³¹,z,ɯ,̠
36002,貢,kuŋ³¹,k,uŋ,³¹,k,o,̠ŋs
36003,貣,dək³̲³̲,d,ək̲̲,³,l,ɯ,̠ɡ
36004,貤,jiᴇ³¹,j,iᴇ,³¹,ɢlj,e,ls
36005,貥,,,,,,,
36006,貦,ŋʷɑn³¹,ŋʷ,ɑn,³¹,ŋɡ,o,̠ns
36007,貧,bɰin³³,bɰ,in,³³,br,ɯ,n
36008,貨,hʷɑ³¹,hʷ,ɑ,³¹,ŋ̊hʷ,a,̠ls
36009,販,pʷjɤn³¹,pʷj,ɤn,³¹,p,a,ns
36010,貪,tʰəm³³,tʰ,əm,³³,kh‧l,u,̠m
36011,貫,kʷɰæn³¹,kʷɰæn,,³¹,k,o,̠n
36012,責,tʂɰɛ³¹,tʂɰ,ɛ,³¹,sr,e,̠ɡ
36013,貭,,,,,,,
36014,貮,,,,,,,
36015,貯,tjɤ³⁵,tj,ɤ,³⁵,t,a,ʔ
36016,貰,ɕiᴇi³¹,ɕ,iᴇi,³¹,ɢlj,e,bs
36017,貱,pɰiᴇ³¹,pɰ,iᴇ,³¹,pr,a,ls
36018,貲,tsiᴇ³³,ts,iᴇ,³³,s,e,
36019,貳,ȵi³¹,ȵ,i,³¹,nj,i,s
36020,貴,kʷɨi³¹,kʷ,ɨi,³¹,k,u,ls
36021,貵,,,,,,,
36022,貶,bjap³̲³̲,bj,ap̲̲,³,pr,o,mʔ
36023,買,mɰɛ³⁵,mɰ,ɛ,³⁵,mr,e,̠ʔ
36024,貸,tʰək³̲³̲,tʰ,ək̲̲,³,kh‧l,ɯ,̠ɡs
36025,貹,ʂɰjæŋ³¹,ʂɰjæŋ,,³¹,,,
36026,貺,hʷjaŋ³¹,hʷj,aŋ,³¹,m̥h,a,ŋs
36027,費,pʰʷɨi³¹,pʰʷ,ɨi,³¹,pr,ɯ,ds
36028,貼,tʰep³̲³̲,tʰ,ep̲̲,³,,,
36029,貽,jɨ³³,j,ɨ,³³,ɢl,ɯ,
36030,貾,ɖi³³,ɖ,i,³³,d,i,l
36031,貿,mu³³,m,u,³³,mbl,u,s
36032,賀,ɦɑ³¹,ɦ,ɑ,³¹,ɡ,a,̠ls
36033,賁,ljuk³̲³̲,lj,uk̲̲,³,p,ɯ,̠n
36034,賂,lu̯o³¹,l,u̯o,³¹,ɡ,ə,r
36035,賃,ɳim³¹,ɳ,im,³¹,mbl,u,ms
36036,賄,hu̯oi³¹,h,u̯oi,³¹,qhʷ,ɯ,̠ʔ
36037,賅,ɦəi³⁵,ɦ,əi,³⁵,k,ɯ,̠
36038,賆,piᴇŋ³¹,p,iᴇŋ,³¹,,,
36039,資,tsi³³,ts,i,³³,s,i,
36040,賈,kɰæ³¹,kɰæ,,³¹,kl,a,̠ʔ
36041,賉,sʷit³̲³̲,sʷ,it̲̲,³,,,
36042,賊,dzək³̲³̲,dz,ək̲̲,³,sɡ,ɯ,̠ɡ
36043,賋,,,,,,,
36044,賌,,,,,k,ɯ,̠
36045,賍,,,,,,,
36046,賎,,,,,,,
36047,賏,ʔiᴇŋ³³,ʔ,iᴇŋ,³³,q,e,ŋ
36048,賐,sʷin³¹,sʷ,in,³¹,,,
36049,賑,tɕin³¹,tɕ,in,³¹,plj,ɯ,nʔ
36050,賒,,,,,qhlj,a,̠
36051,賓,,,,,p,i,n
36052,賔,pin³³,p,in,³³,,,
36053,賕,ɡɨu³¹,ɡ,ɨu,³¹,ɡ,u,
36054,賖,ɕjæ³³,ɕjæ,,³³,qhlj,a,
36055,賗,,,,,,,
36056,賘,,,,,,,
36057,賙,tɕɨu³³,tɕ,ɨu,³³,klj,ɯ,w
36058,賚,ləi³³,l,əi,³³,ɡ,ə,r
36059,賛,,,,,,,
36060,賜,sɰiᴇ³¹,sɰ,iᴇ,³¹,l̥j,e,ɡs
36061,賝,ʈʰim³³,ʈʰ,im,³³,,,
36062,賞,ɕjaŋ³⁵,ɕj,aŋ,³⁵,l̥,a,ŋʔ
36063,賟,tʰen³⁵,tʰ,en,³⁵,,,
36064,賠,,,,,,,
36065,賡,,,,,kr,a,̠ŋ
36066,賢,ɦen³¹,ɦ,en,³¹,ɡ,i,̠n
36067,賣,mɰæ³¹,mɰæ,,³¹,mr,e,̠s
36068,賤,dziᴇn³¹,dz,iᴇn,³¹,z,e,ns
36069,賥,sʷi³¹,sʷ,i,³¹,sl,u,ds
36070,賦,pjʊ³¹,pj,ʊ,³¹,p,a,s
36071,賧,dɑm³⁵,d,ɑm,³⁵,,,
36072,賨,dzu̯oŋ³³,dz,u̯oŋ,³³,z,u,̠ŋ
36073,賩,,,,,,,
36074,質,tɕit³̲³̲,tɕ,it̲̲,³,t,i,ds
36075,賫,,,,,s,i,̠l
36076,賬,,,,,,,
36077,賭,tu̯o³⁵,t,u̯o,³⁵,k‧l,a,̠ʔ
36078,賮,,,,,lj,i,ns
36079,賯,ɡʷiᴇŋ³³,ɡʷ,iᴇŋ,³³,,,
36080,賰,ɕʷin³⁵,ɕʷ,in,³⁵,,,
36081,賱,ʔjun³⁵,ʔj,un,³⁵,,,
36082,賲,pɑu³⁵,p,ɑu,³⁵,,,
36083,賳,,,,,,,
36084,賴,lɑi³¹,l,ɑi,³¹,b,ə,r
36085,賵,pʰjuŋ³¹,pʰj,uŋ,³¹,m̥,u,ŋs
36086,賶,,,,,,,
36087,賷,tsei³³,ts,ei,³³,s,i,̠l
36088,賸,jɨŋ³¹,j,ɨŋ,³¹,ɢlj,ɯ,ŋs
36089,賹,ʔɰɛ³¹,ʔɰ,ɛ,³¹,,,
36090,賺,ɖɰɛm³¹,ɖɰ,ɛm,³¹,,,
36091,賻,bjʊ³¹,bj,ʊ,³¹,b,a,ɡs
36092,購,ku³¹,k,u,³¹,k,o,̠s
36093,賽,səi³¹,s,əi,³¹,sqh,ɯ,̠ɡs
36094,賾,dʐɰɛk³̲³̲,dʐɰ,ɛk̲̲,³,zr,e,̠ɡ
36095,賿,lɰæu³⁵,lɰæ,u,³⁵,,,
36096,贀,jʷiᴇ³¹,jʷ,iᴇ,³¹,ɢʷ,e,s
36097,贁,bɰæi³¹,bɰæ,i,³¹,,,
36098,贂,səm³⁵,s,əm,³⁵,,,
36099,贃,ʔʷɰæn³¹,ʔʷɰæn,,³¹,qr,o,̠ns
36100,贄,tɕi³¹,tɕ,i,³¹,klj,i,bs
36101,贅,ŋɰæu³³,ŋɰæ,u,³³,klj,o,ds
36102,贆,piᴇu³³,p,iᴇu,³³,p,e,w
36103,贇,ʔʷɰin³³,ʔʷɰ,in,³³,qpr,ɯ,n
36104,贈,tsəŋ³¹,ts,əŋ,³¹,z,ɯ,̠ŋs
36105,贉,dəm³⁵,d,əm,³⁵,,,
36106,贊,,,,,s,a,̠ns
36107,贋,,,,,,,
36108,贌,,,,,,,
36109,贍,dʑiᴇm³¹,dʑ,iᴇm,³¹,ɡlj,a,ms
36110,贎,mʷjɤn³¹,mʷj,ɤn,³¹,mbl,a,ns
36111,贏,jiᴇŋ³³,j,iᴇŋ,³³,l,e,ŋ
36112,贐,,,,,lj,i,ns
36113,贑,kəm³⁵,k,əm,³⁵,k,u,̠mʔ
36114,贒,ɦen³³,ɦ,en,³³,,,
36115,贓,tsɑŋ³³,ts,ɑŋ,³³,sk,a,̠ŋ
36116,贔,bɰi³¹,bɰ,i,³¹,br,i,ds
36117,贕,duk³̲³̲,d,uk̲̲,³,ɡ‧l,o,̠ɡ
36118,贖,dʑjʊ³¹,dʑj,ʊ,³¹,sɢlj,o,ɡ
36119,贗,ŋɰæn³¹,ŋɰæn,,³¹,ŋr,a,̠ns
36120,贘,,,,,,,
36121,贙,ɦʷen³¹,ɦʷ,en,³¹,ɡʷ,i,̠nʔ
36122,贚,ljʊŋ³¹,lj,ʊŋ,³¹,,,
36123,贛,ʈɰɔŋ³¹,ʈɰɔŋ,,³¹,kr,o,mʔ
36124,贜,,,,,,,
36125,贝,pɑi³¹,p,ɑi,³¹,,,
36126,贞,ʈiᴇŋ³³,ʈ,iᴇŋ,³³,,,
36127,负,bɨu³⁵,b,ɨu,³⁵,,,
36128,贠,,,,,,,
36129,贡,kuŋ³¹,k,uŋ,³¹,,,
36130,财,dzəi³³,dz,əi,³³,,,
36131,责,tʂɰɛk³̲³̲,tʂɰ,ɛk̲̲,³,,,
36132,贤,ɦen³³,ɦ,en,³³,,,
36133,败,bɰæi³¹,bɰæ,i,³¹,,,
36134,账,,,,,,,
36135,货,hʷɑ³¹,hʷ,ɑ,³¹,,,
36136,质,tɕit³̲³̲,tɕ,it̲̲,³,,,
36137,贩,pʷjɤn³¹,pʷj,ɤn,³¹,,,
36138,贪,tʰəm³³,tʰ,əm,³³,,,
36139,贫,bɰin³³,bɰ,in,³³,,,
36140,贬,pɰiᴇm³⁵,pɰ,iᴇm,³⁵,,,
36141,购,ku³¹,k,u,³¹,,,
36142,贮,ʈjɤ³⁵,ʈj,ɤ,³⁵,,,
36143,贯,kʷɑn³¹,kʷ,ɑn,³¹,,,
36144,贰,ȵi³¹,ȵ,i,³¹,,,
36145,贱,dziᴇn³¹,dz,iᴇn,³¹,,,
36146,贲,pjun³³,pj,un,³³,,,
36147,贳,,,,,,,
36148,贴,tʰep³̲³̲,tʰ,ep̲̲,³,,,
36149,贵,kʷɨi³¹,kʷ,ɨi,³¹,,,
36150,贶,,,,,,,
36151,贷,tʰəi³¹,tʰ,əi,³¹,,,
36152,贸,mu³¹,m,u,³¹,,,
36153,费,pʰʷɨi³¹,pʰʷ,ɨi,³¹,,,
36154,贺,ɦɑ³¹,ɦ,ɑ,³¹,,,
36155,贻,jɨ³³,j,ɨ,³³,,,
36156,贼,dzək³̲³̲,dz,ək̲̲,³,,,
36157,贽,,,,,,,
36158,贾,ku̯o³⁵,k,u̯o,³⁵,,,
36159,贿,hu̯oi³⁵,h,u̯oi,³⁵,,,
36160,赀,,,,,,,
36161,赁,ɳim³¹,ɳ,im,³¹,,,
36162,赂,lu̯o³¹,l,u̯o,³¹,,,
36163,赃,tsɑŋ³³,ts,ɑŋ,³³,,,
36164,资,tsi³³,ts,i,³³,,,
36165,赅,,,,,,,
36166,赆,,,,,,,
36167,赇,,,,,,,
36168,赈,,,,,,,
36169,赉,,,,,,,
36170,赊,,,,,,,
36171,赋,pjʊ³¹,pj,ʊ,³¹,,,
36172,赌,tu̯o³⁵,t,u̯o,³⁵,,,
36173,赍,,,,,,,
36174,赎,ʑjʊk³̲³̲,ʑj,ʊk̲̲,³,,,
36175,赏,ɕjaŋ³⁵,ɕj,aŋ,³⁵,,,
36176,赐,siᴇ³¹,s,iᴇ,³¹,,,
36177,赑,,,,,,,
36178,赒,,,,,,,
36179,赓,,,,,,,
36180,赔,,,,,,,
36181,赕,,,,,,,
36182,赖,lɑi³¹,l,ɑi,³¹,,,
36183,赗,,,,,,,
36184,赘,tɕʷiᴇi³¹,tɕʷ,iᴇi,³¹,,,
36185,赙,,,,,,,
36186,赚,ɖɰɛm³¹,ɖɰ,ɛm,³¹,,,
36187,赛,səi³¹,s,əi,³¹,,,
36188,赜,,,,,,,
36189,赝,ŋɰæn³¹,ŋɰæn,,³¹,,,
36190,赞,tsɑn³¹,ts,ɑn,³¹,,,
36191,赟,,,,,,,
36192,赠,dzəŋ³¹,dz,əŋ,³¹,,,
36193,赡,,,,,,,
36194,赢,jiᴇŋ³³,j,iᴇŋ,³³,,,
36195,赣,,,,,,,
36196,赤,tɕʰiᴇk³̲³̲,tɕʰ,iᴇk̲̲,³,khlj,a,ɡ
36197,赥,hɨk³̲³̲,h,ɨk̲̲,³,,,
36198,赦,ɕjæ³¹,ɕjæ,,³¹,qhlj,a,ɡs
36199,赧,ɳɰæn³⁵,ɳɰæn,,³⁵,rn,a,̠nʔ
36200,赨,juŋ³³,j,uŋ,³³,ɡ‧l,u,̠ŋ
36201,赩,hɨk³̲³̲,h,ɨk̲̲,³,qhr,ɯ,ɡ
36202,赪,,,,,,,
36203,赫,hɰæ³¹,hɰæ,,³¹,qhr,a,̠ɡ
36204,赬,ʈʰiᴇŋ³³,ʈʰ,iᴇŋ,³³,th,e,ŋ
36205,赭,tɕjæ³⁵,tɕjæ,,³⁵,klj,a,̠ʔ
36206,赮,ɦɰæ³³,ɦɰæ,,³³,ɡr,a,̠
36207,赯,dɑŋ³³,d,ɑŋ,³³,,,
36208,走,tsu³⁵,ts,u,³⁵,s,o,̠s
36209,赱,,,,,,,
36210,赲,lɨk³̲³̲,l,ɨk̲̲,³,,,
36211,赳,kju³¹,kj,u,³¹,kr,ɯ,w
36212,赴,pʰjʊ³¹,pʰj,ʊ,³¹,,,
36213,赵,ɖiᴇu³⁵,ɖ,iᴇu,³⁵,,,
36214,赶,,,,,ɡ,a,n
36215,起,kʰɨ³⁵,kʰ,ɨ,³⁵,khl,ɯ,ʔ
36216,赸,,,,,,,
36217,赹,ɡʷiᴇŋ³³,ɡʷ,iᴇŋ,³³,ɡʷ,e,ŋ
36218,赺,kʰɰim³⁵,kʰɰ,im,³⁵,,,
36219,赻,,,,,,,
36220,赼,,,,,,,
36221,赽,kʷet³̲³̲,kʷ,et̲̲,³,kʷ,e,̠d
36222,赾,kɨn³⁵,k,ɨn,³⁵,kh,ɯ,nʔ
36223,赿,ɖi³³,ɖ,i,³³,,,
36224,趀,tsʰi³³,tsʰ,i,³³,sh,i,
36225,趁,ɳiᴇn³⁵,ɳ,iᴇn,³⁵,ɡ‧l,ɯ,n
36226,趂,,,,,,,
36227,趃,du̯ot³̲³̲,d,u̯ot̲̲,³,l,i,̠ɡ
36228,趄,tsʰjɤ³³,tsʰj,ɤ,³³,skh,a,̠s
36229,超,tʰeu³¹,tʰ,eu,³¹,th,e,w
36230,趆,tei³⁵,t,ei,³⁵,t,i,̠l
36231,趇,,,,,,,
36232,趈,ʈɰɛm³³,ʈɰ,ɛm,³³,,,
36233,趉,ɡʷjɤt³̲³̲,ɡʷj,ɤt̲̲,³,kl,u,d
36234,越,ɦʷɑt³̲³̲,ɦʷ,ɑt̲̲,³,ɡʷ,a,̠d
36235,趋,tsʰjʊ³³,tsʰj,ʊ,³³,,,
36236,趌,ɡɰit³̲³̲,ɡɰ,it̲̲,³,ɡr,i,d
36237,趍,ɖiᴇ³³,ɖ,iᴇ,³³,ɡ‧l,a,l
36238,趎,ɖɨu³³,ɖ,ɨu,³³,d,o,
36239,趏,ɦʷɑt³̲³̲,ɦʷ,ɑt̲̲,³,,,
36240,趐,,,,,qhj,e,s
36241,趑,tsʰi³³,tsʰ,i,³³,sh,i,
36242,趒,deu³³,d,eu,³³,ɡ‧l,e,̠w
36243,趓,,,,,,,
36244,趔,,,,,,,
36245,趕,ɡjɤn³³,ɡj,ɤn,³³,,,
36246,趖,sʷɑ³³,sʷ,ɑ,³³,sl,o,̠l
36247,趗,,,,,sh,o,̠ɡ
36248,趘,,,,,,,
36249,趙,ɖiᴇu³⁵,ɖ,iᴇu,³⁵,b‧l,e,wʔ
36250,趚,suk³̲³̲,s,uk̲̲,³,sl,o,̠ɡ
36251,趛,ŋɰim³⁵,ŋɰ,im,³⁵,ŋɡr,ɯ,mʔ
36252,趜,kʰjuk³̲³̲,kʰj,uk̲̲,³,k,u,ɡ
36253,趝,kem³¹,k,em,³¹,,,
36254,趞,tsʰjak³̲³̲,tsʰj,ak̲̲,³,sh,a,ɡ
36255,趟,ɖɰæŋ³³,ɖɰæŋ,,³³,,,
36256,趠,ʈʰɰæu³³,ʈʰɰæ,u,³³,kh‧r,e,̠wɡ
36257,趡,tsʰʷi³⁵,tsʰʷ,i,³⁵,skh,u,lʔ
36258,趢,luk³̲³̲,l,uk̲̲,³,b,ə,r
36259,趣,,,,,skh,o,s
36260,趤,dɑŋ³¹,d,ɑŋ,³¹,,,
36261,趥,tsɨu³³,ts,ɨu,³³,skh,u,ŋs
36262,趦,,,,,,,
36263,趧,tei³³,t,ei,³³,ɡ‧l,e,̠
36264,趨,tsʰjʊ³³,tsʰj,ʊ,³³,sh,o,
36265,趩,ʈʰɨk³̲³̲,ʈʰ,ɨk̲̲,³,ph‧l,ɯ,ɡ
36266,趪,kʷɑŋ³³,kʷ,ɑŋ,³³,ɡʷ,a,̠ŋ
36267,趫,kʰɰiᴇu³³,kʰɰ,iᴇu,³³,ɡr,e,w
36268,趬,kʰiᴇu³¹,kʰ,iᴇu,³¹,kh,e,ws
36269,趭,jiᴇu³¹,j,iᴇu,³¹,sk,e,ws
36270,趮,ʂɑu³¹,ʂ,ɑu,³¹,s,a,̠ws
36271,趯,jiᴇu³¹,j,iᴇu,³¹,kh‧l,e,̠wɡ
36272,趰,,,,,,,
36273,趱,,,,,,,
36274,趲,tsu̯o³³,ts,u̯o,³³,,,
36275,足,tsjʊ³¹,tsj,ʊ,³¹,s,o,ɡs
36276,趴,,,,,,,
36277,趵,pɰɔk³̲³̲,pɰɔk̲̲,,³,,,
36278,趶,,,,,,,
36279,趷,,,,,,,
36280,趸,,,,,,,
36281,趹,kʷei³¹,kʷ,ei,³¹,kʷ,e,̠d
36282,趺,pjʊ³³,pj,ʊ,³³,p,a,
36283,趻,ʈʰɰɛm³⁵,ʈʰɰ,ɛm,³⁵,skhr,ɯ,mʔ
36284,趼,ken³⁵,k,en,³⁵,k,e,̠nʔ
36285,趽,bɰæŋ³³,bɰæŋ,,³³,p,a,ŋs
36286,趾,tɕɨ³⁵,tɕ,ɨ,³⁵,klj,ɯ,ʔ
36287,趿,tsʰip³̲³̲,tsʰ,ip̲̲,³,sqh,ɯ,̠b
36288,跀,ŋʷɑt³̲³̲,ŋʷ,ɑt̲̲,³,ŋ,o,d
36289,跁,bɰæ³¹,bɰæ,,³¹,,,
36290,跂,tɕiᴇ³³,tɕ,iᴇ,³³,kh,e,ʔ
36291,跃,jak³̲³̲,j,ak̲̲,³,,,
36292,跄,,,,,,,
36293,跅,tɕʰiᴇk³̲³̲,tɕʰ,iᴇk̲̲,³,kh‧l,a,̠ɡ
36294,跆,dəi³³,d,əi,³³,ɡ‧l,ɯ,̠
36295,跇,,,,,kh‧l,e,bs
36296,跈,,,,,ɡ‧l,ɯ,̠nʔ
36297,跉,liᴇŋ³³,l,iᴇŋ,³³,,,
36298,跊,mɑi³¹,m,ɑi,³¹,,,
36299,跋,pɑi³¹,p,ɑi,³¹,b,o,̠d
36300,跌,det³̲³̲,d,et̲̲,³,l,i,̠ɡ
36301,跍,kʰu̯o³³,kʰ,u̯o,³³,,,
36302,跎,dɑ³³,d,ɑ,³³,l,a,̠l
36303,跏,kɰæ³³,kɰæ,,³³,,,
36304,跐,tʂiᴇ³⁵,tʂ,iᴇ,³⁵,sh,e,ʔ
36305,跑,bɰɔk³̲³̲,bɰɔk̲̲,,³,br,u,̠ɡ
36306,跒,kʰɰæ³⁵,kʰɰæ,,³⁵,,,
36307,跓,ɖjʊ³⁵,ɖj,ʊ,³⁵,d,o,ʔ
36308,跔,kjʊ³³,kj,ʊ,³³,k,o,
36309,跕,tʰep³̲³̲,tʰ,ep̲̲,³,kh‧l,e,̠b
36310,跖,tɕiᴇk³̲³̲,tɕ,iᴇk̲̲,³,klj,a,ɡ
36311,跗,pjʊ³³,pj,ʊ,³³,b,o,s
36312,跘,bʷɑn³³,bʷ,ɑn,³³,p,a,̠nʔ
36313,跙,dʐjɤ³⁵,dʐj,ɤ,³⁵,sɡ,a,ʔ
36314,跚,sɑn³³,s,ɑn,³³,sl,a,̠n
36315,跛,pʷɑ³⁵,pʷ,ɑ,³⁵,pr,a,ls
36316,跜,ɳi³³,ɳ,i,³³,n,i,l
36317,距,ɡjɤ³⁵,ɡj,ɤ,³⁵,ɡ,a,ʔ
36318,跞,,,,,,,
36319,跟,ku̯on³³,k,u̯on,³³,k,ɯ,̠n
36320,跠,ji³³,j,i,³³,l,i,
36321,跡,tsiᴇk³̲³̲,ts,iᴇk̲̲,³,s,a,ɡ
36322,跢,ʈit³̲³̲,ʈ,it̲̲,³,k‧l,a,̠ds
36323,跣,su̯on³⁵,s,u̯on,³⁵,sl,ɯ,̠nʔ
36324,跤,kʰɰæu³³,kʰɰæ,u,³³,,,
36325,跥,tʰʷɑ³⁵,tʰʷ,ɑ,³⁵,,,
36326,跦,ɖjʊ³³,ɖj,ʊ,³³,t,o,
36327,跧,tsʰʷiᴇn³³,tsʰʷ,iᴇn,³³,skr,o,n
36328,跨,kʰɰɛ³⁵,kʰɰ,ɛ,³⁵,khʷr,a,̠ʔ
36329,跩,dʑiᴇi³¹,dʑ,iᴇi,³¹,,,
36330,跪,ŋʷɰiᴇ³³,ŋʷɰ,iᴇ,³³,ɡr,o,lʔ
36331,跫,,,,,ɡ,o,ŋ
36332,跬,kʰʷiᴇ³⁵,kʰʷ,iᴇ,³⁵,khʷ,e,ʔ
36333,跭,ɦɰɔŋ³³,ɦɰɔŋ,,³³,ɡr,o,̠m
36334,跮,det³̲³̲,d,et̲̲,³,kh‧l,i,ɡ
36335,路,lu̯o³¹,l,u̯o,³¹,ɡ,ə,r
36336,跰,pɰæŋ³¹,pɰæŋ,,³¹,b,e,̠n
36337,跱,ɖɨ³⁵,ɖ,ɨ,³⁵,ɡ‧l,ɯ,ʔ
36338,跲,ɡjap³̲³̲,ɡj,ap̲̲,³,kr,u,̠b
36339,跳,deu³¹,d,eu,³¹,ɡ‧l,e,̠w
36340,跴,,,,,,,
36341,践,dziᴇn³⁵,dz,iᴇn,³⁵,,,
36342,跶,tʰɑt³̲³̲,tʰ,ɑt̲̲,³,,,
36343,跷,,,,,,,
36344,跸,,,,,,,
36345,跹,,,,,,,
36346,跺,,,,,,,
36347,跻,tsei³¹,ts,ei,³¹,,,
36348,跼,ɡjʊ³³,ɡj,ʊ,³³,ɡ,o,ɡ
36349,跽,ɡi³⁵,ɡ,i,³⁵,ɡr,ɯ,ʔ
36350,跾,ɕjuk³̲³̲,ɕj,uk̲̲,³,qhlj,ɯ,wɡ
36351,跿,du̯o³³,d,u̯o,³³,k‧l,a,̠
36352,踀,tʂʰjuk³̲³̲,tʂʰj,uk̲̲,³,,,
36353,踁,ɦeŋ³¹,ɦ,eŋ,³¹,,,
36354,踂,ɳiᴇp³̲³̲,ɳ,iᴇp̲̲,³,nd,e,b
36355,踃,tsʰiᴇu³¹,tsʰ,iᴇu,³¹,,,
36356,踄,bu̯o³¹,b,u̯o,³¹,b,a,̠ɡ
36357,踅,zʷiᴇt³̲³̲,zʷ,iᴇt̲̲,³,,,
36358,踆,tʂʷin³³,tʂʷ,in,³³,skh,u,n
36359,踇,mu³⁵,m,u,³⁵,,,
36360,踈,,,,,sr,a,
36361,踉,ljaŋ³¹,lj,aŋ,³¹,,,
36362,踊,jʊŋ³⁵,j,ʊŋ,³⁵,l,o,ŋʔ
36363,踋,,,,,,,
36364,踌,,,,,,,
36365,踍,,,,,,,
36366,踎,,,,,,,
36367,踏,dəp³̲³̲,d,əp̲̲,³,th,u,̠b
36368,踐,dziᴇn³¹,dz,iᴇn,³¹,z,e,nʔ
36369,踑,ɡɨ³³,ɡ,ɨ,³³,,,
36370,踒,ʔʷɑ³¹,ʔʷ,ɑ,³¹,q,o,̠l
36371,踓,jʷi³⁵,jʷ,i,³⁵,,,
36372,踔,ʈʰjak³̲³̲,ʈʰj,ak̲̲,³,kh‧r,e,̠wɡ
36373,踕,dzep³̲³̲,dz,ep̲̲,³,z,e,b
36374,踖,tsiᴇk³̲³̲,ts,iᴇk̲̲,³,z,a,ɡ
36375,踗,nep³̲³̲,n,ep̲̲,³,,,
36376,踘,kjuk³̲³̲,kj,uk̲̲,³,k,u,ɡ
36377,踙,tsjʊ³³,tsj,ʊ,³³,,,
36378,踚,lu̯on³³,l,u̯on,³³,,,
36379,踛,ljuk³̲³̲,lj,uk̲̲,³,,,
36380,踜,ləŋ³¹,l,əŋ,³¹,,,
36381,踝,ɦʷɰæ³⁵,ɦʷɰæ,,³⁵,ɡr,o,̠lʔ
36382,踞,kjɤ³¹,kj,ɤ,³¹,k,a,s
36383,踟,ɖiᴇ³³,ɖ,iᴇ,³³,d,e,
36384,踠,ʔʷɑ³¹,ʔʷ,ɑ,³¹,,,
36385,踡,ɡʷɰiᴇn³³,ɡʷɰ,iᴇn,³³,ɡr,o,n
36386,踢,ʈʰjak³̲³̲,ʈʰj,ak̲̲,³,kh‧l,e,̠ɡ
36387,踣,pʰɨu³¹,pʰ,ɨu,³¹,b,ɯ,̠ɡ
36388,踤,dzu̯ot³̲³̲,dz,u̯ot̲̲,³,z,u,d
36389,踥,tsʰiᴇp³̲³̲,tsʰ,iᴇp̲̲,³,sh,e,b
36390,踦,kʰɰiᴇ³³,kʰɰ,iᴇ,³³,khr,a,l
36391,踧,dek³̲³̲,d,ek̲̲,³,sk,ɯ,wɡ
36392,踨,,,,,,,
36393,踩,,,,,,,
36394,踪,tsjʊŋ³³,tsj,ʊŋ,³³,,,
36395,踫,bɰæm³³,bɰæm,,³³,,,
36396,踬,,,,,,,
36397,踭,,,,,,,
36398,踮,,,,,,,
36399,踯,,,,,,,
36400,踰,ʈʰjʊ³³,ʈʰj,ʊ,³³,l,o,
36401,踱,ʈʰjak³̲³̲,ʈʰj,ak̲̲,³,ɡ‧l,a,̠ɡ
36402,踲,du̯on³⁵,d,u̯on,³⁵,,,
36403,踳,tɕʰʷin³³,tɕʰʷ,in,³³,khlj,u,nʔ
36404,踴,jʊŋ³⁵,j,ʊŋ,³⁵,l,o,ŋʔ
36405,踵,tɕjʊŋ³⁵,tɕj,ʊŋ,³⁵,tj,o,ŋʔ
36406,踶,di³³,d,i,³³,ɡ‧l,e,̠s
36407,踷,ʈɰæ³⁵,ʈɰæ,,³⁵,,,
36408,踸,ʈʰɰɛm³⁵,ʈʰɰ,ɛm,³⁵,kh‧l,u,mʔ
36409,踹,dʑʷiᴇn³⁵,dʑʷ,iᴇn,³⁵,k‧l,o,̠ns
36410,踺,ɡjɤn³¹,ɡj,ɤn,³¹,,,
36411,踻,dʷɑ³³,dʷ,ɑ,³³,,,
36412,踼,dɑŋ³³,d,ɑŋ,³³,kh‧l,a,̠ŋʔ
36413,踽,kʰjʊ³⁵,kʰj,ʊ,³⁵,khʷ,a,ʔ
36414,踾,pɨk³̲³̲,p,ɨk̲̲,³,br,ɯ,ɡ
36415,踿,,,,,,,
36416,蹀,tʰep³̲³̲,tʰ,ep̲̲,³,ɡ‧l,e,̠b
36417,蹁,ben³³,b,en,³³,p,e,̠n
36418,蹂,ȵɨu³³,ȵ,ɨu,³³,mlj,u,s
36419,蹃,ɳjak³̲³̲,ɳj,ak̲̲,³,rn,a,̠ɡ
36420,蹄,dei³³,d,ei,³³,ɡ‧l,e,̠
36421,蹅,,,,,,,
36422,蹆,,,,,,,
36423,蹇,kjɤn³⁵,kj,ɤn,³⁵,k,a,nʔ
36424,蹈,dɑu³¹,d,ɑu,³¹,l,u,̠s
36425,蹉,tsʰɑ³¹,tsʰ,ɑ,³¹,sh,a,̠l
36426,蹊,ɦei³⁵,ɦ,ei,³⁵,ɡ,e,̠
36427,蹋,dəp³̲³̲,d,əp̲̲,³,d,a,̠b
36428,蹌,tsʰjaŋ³³,tsʰj,aŋ,³³,sh,a,ŋ
36429,蹍,ɳiᴇn³⁵,ɳ,iᴇn,³⁵,k‧l,e,nʔ
36430,蹎,ten³³,t,en,³³,k‧l,i,̠n
36431,蹏,dei³³,d,ei,³³,ɡ‧l,e,̠
36432,蹐,tsiᴇk³̲³̲,ts,iᴇk̲̲,³,s,e,ɡ
36433,蹑,ɳiᴇp³̲³̲,ɳ,iᴇp̲̲,³,,,
36434,蹒,,,,,,,
36435,蹓,,,,,,,
36436,蹔,dzɑm³³,dz,ɑm,³³,z,a,̠ms
36437,蹕,pi³¹,p,i,³¹,p,i,d
36438,蹖,ɕjʊŋ³³,ɕj,ʊŋ,³³,qhlj,o,ŋ
36439,蹗,luk³̲³̲,l,uk̲̲,³,b,ə,r
36440,蹘,lɰæu³³,lɰæ,u,³³,,,
36441,蹙,tsʰek³̲³̲,tsʰ,ek̲̲,³,sk,ɯ,wɡ
36442,蹚,tʰɑŋ³³,tʰ,ɑŋ,³³,,,
36443,蹛,det³̲³̲,d,et̲̲,³,d,a,ds
36444,蹜,ʂjuk³̲³̲,ʂj,uk̲̲,³,sr,u,ɡ
36445,蹝,ʂɰiᴇ³⁵,ʂɰ,iᴇ,³⁵,sr,e,lʔ
36446,蹞,kʰʷiᴇ³⁵,kʰʷ,iᴇ,³⁵,khr,e,ʔ
36447,蹟,tsiᴇk³̲³̲,ts,iᴇk̲̲,³,s,e,ɡ
36448,蹠,tɕjɤ³¹,tɕj,ɤ,³¹,klj,a,ɡ
36449,蹡,tsʰjaŋ³¹,tsʰj,aŋ,³¹,skh,a,ŋ
36450,蹢,ɖiᴇk³̲³̲,ɖ,iᴇk̲̲,³,ɡ‧l,e,ɡ
36451,蹣,mʷɑn³³,mʷ,ɑn,³³,,,
36452,蹤,tsjʊŋ³³,tsj,ʊŋ,³³,s,o,ŋ
36453,蹥,,,,,b,ə,r
36454,蹦,,,,,,,
36455,蹧,,,,,,,
36456,蹨,nen³⁵,n,en,³⁵,,,
36457,蹩,bet³̲³̲,b,et̲̲,³,b,e,̠d
36458,蹪,kʰʷɰi³¹,kʰʷɰ,i,³¹,ɡ‧l,u,̠l
36459,蹫,kʷit³̲³̲,kʷ,it̲̲,³,,,
36460,蹬,təŋ³¹,t,əŋ,³¹,,,
36461,蹭,dzɨŋ³³,dz,ɨŋ,³³,sh,ɯ,̠ŋs
36462,蹮,sen³³,s,en,³³,,,
36463,蹯,bjun³³,bj,un,³³,b,a,n
36464,蹰,ɖjʊ³³,ɖj,ʊ,³³,,,
36465,蹱,ʈʰjʊŋ³³,ʈʰj,ʊŋ,³³,tj,o,ŋ
36466,蹲,dzʷɑn³³,dzʷ,ɑn,³³,z,u,̠n
36467,蹳,pʰʷɑt³̲³̲,pʰʷ,ɑt̲̲,³,p,a,̠d
36468,蹴,dzjuk³̲³̲,dzj,uk̲̲,³,s,u,ɡ
36469,蹵,,,,,,,
36470,蹶,kʷjɤt³̲³̲,kʷj,ɤt̲̲,³,kr,o,ds
36471,蹷,ɡʷjɤt³̲³̲,ɡʷj,ɤt̲̲,³,ɡ,o,d
36472,蹸,,,,,r,i,nʔ
36473,蹹,dəp³̲³̲,d,əp̲̲,³,d,o,̠b
36474,蹺,kʰɰiᴇu³³,kʰɰ,iᴇu,³³,kh,e,w
36475,蹻,kɰiᴇu³⁵,kɰ,iᴇu,³⁵,ɡ,e,wɡ
36476,蹼,puk³̲³̲,p,uk̲̲,³,p,o,̠ɡ
36477,蹽,,,,,,,
36478,蹾,,,,,,,
36479,蹿,,,,,,,
36480,躀,,,,,,,
36481,躁,tsɑu³¹,ts,ɑu,³¹,s,a,̠ws
36482,躂,tʰɑt³̲³̲,tʰ,ɑt̲̲,³,,,
36483,躃,piᴇk³̲³̲,p,iᴇk̲̲,³,b,e,ɡ
36484,躄,piᴇk³̲³̲,p,iᴇk̲̲,³,p,e,ɡ
36485,躅,,,,,ɡ‧l,o,ɡ
36486,躆,kɰjæk³̲³̲,kɰjæk̲̲,,³,k,a,ɡs
36487,躇,ɖjɤ³¹,ɖj,ɤ,³¹,ɡ‧l,a,
36488,躈,kʰeu³¹,kʰ,eu,³¹,kh,e,̠ws
36489,躉,,,,,,,
36490,躊,ɖɨu³³,ɖ,ɨu,³³,ɡ‧l,u,
36491,躋,tsei³³,ts,ei,³³,s,i,̠ls
36492,躌,,,,,,,
36493,躍,jak³̲³̲,j,ak̲̲,³,ɢl,e,wɡ
36494,躎,,,,,,,
36495,躏,,,,,,,
36496,躐,liᴇp³̲³̲,l,iᴇp̲̲,³,r,a,b
36497,躑,ɖiᴇk³̲³̲,ɖ,iᴇk̲̲,³,d,e,ɡ
36498,躒,lɰɔk³̲³̲,lɰɔk̲̲,,³,ɡ,ə,r
36499,躓,ʈi³³,ʈ,i,³³,t,i,ds
36500,躔,ɖiᴇn³³,ɖ,iᴇn,³³,d,a,n
36501,躕,ɖjʊ³³,ɖj,ʊ,³³,d,o,
36502,躖,dʷɑn³⁵,dʷ,ɑn,³⁵,th,o,̠nʔ
36503,躗,ɦʷɰæi³¹,ɦʷɰæ,i,³¹,qhʷr,e,̠ds
36504,躘,ljʊŋ³¹,lj,ʊŋ,³¹,,,
36505,躙,lin³¹,l,in,³¹,,,
36506,躚,siᴇn³³,s,iᴇn,³³,sl,e,n
36507,躛,ɦʲʷiᴇi³¹,ɦʲʷ,iᴇi,³¹,qhʷr,e,̠ds
36508,躜,,,,,,,
36509,躝,dɑn³³,d,ɑn,³³,,,
36510,躞,sep³̲³̲,s,ep̲̲,³,sl,e,̠b
36511,躟,ȵjaŋ³⁵,ȵj,aŋ,³⁵,,,
36512,躠,sɑt³̲³̲,s,ɑt̲̲,³,sŋ,a,̠d
36513,躡,ɳiᴇp³̲³̲,ɳ,iᴇp̲̲,³,mɡl,e,b
36514,躢,dɑp³̲³̲,d,ɑp̲̲,³,d,a,̠b
36515,躣,ɡjʊ³³,ɡj,ʊ,³³,ɡʷ,a,
36516,躤,dzjæ³¹,dzjæ,,³¹,z,a,ɡs
36517,躥,,,,,,,
36518,躦,dzɑ³³,dz,ɑ,³³,,,
36519,躧,ʂɰiᴇ³¹,ʂɰ,iᴇ,³¹,spr,e,̠lʔ
36520,躨,ɡʷɰi³³,ɡʷɰ,i,³³,ɡr,u,l
36521,躩,kʷjak³̲³̲,kʷj,ak̲̲,³,khʷ,a,ɡ
36522,躪,,,,,r,i,ns
36523,身,ɕin³³,ɕ,in,³³,qhj,i,n
36524,躬,kjuŋ³³,kj,uŋ,³³,k,u,ŋ
36525,躭,,,,,k‧l,u,̠m
36526,躮,,,,,,,
36527,躯,kʰjʊ³³,kʰj,ʊ,³³,,,
36528,躰,,,,,,,
36529,躱,,,,,,,
36530,躲,,,,,,,
36531,躳,kjuŋ³³,kj,uŋ,³³,k,u,ŋ
36532,躴,lɑŋ³³,l,ɑŋ,³³,,,
36533,躵,,,,,,,
36534,躶,lʷɑ³⁵,lʷ,ɑ,³⁵,ɡ,ə,r
36535,躷,ʔɰɛ³⁵,ʔɰ,ɛ,³⁵,,,
36536,躸,kɰiᴇ³³,kɰ,iᴇ,³³,,,
36537,躹,kjuk³̲³̲,kj,uk̲̲,³,,,
36538,躺,,,,,,,
36539,躻,,,,,,,
36540,躼,,,,,,,
36541,躽,ʔen³¹,ʔ,en,³¹,,,
36542,躾,,,,,,,
36543,躿,kʰɑŋ³³,kʰ,ɑŋ,³³,khl,a,̠ŋ
36544,軀,kʰjʊ³³,kʰj,ʊ,³³,kh,o,
36545,軁,ljʊ³⁵,lj,ʊ,³⁵,,,
36546,軂,lɑu³¹,l,ɑu,³¹,,,
36547,軃,,,,,,,
36548,軄,tɕɨk³̲³̲,tɕ,ɨk̲̲,³,,,
36549,軅,,,,,,,
36550,軆,tʰei³⁵,tʰ,ei,³⁵,r̥,i,̠ʔ
36551,軇,dɑu³¹,d,ɑu,³¹,,,
36552,軈,,,,,,,
36553,軉,,,,,,,
36554,車,kʰjɤ³³,kʰj,ɤ,³³,k,a,
36555,軋,ʔɰɛn³⁵,ʔɰ,ɛn,³⁵,qr,i,̠ɡ
36556,軌,kʷɰi³⁵,kʷɰ,i,³⁵,kr,u,ʔ
36557,軍,kjun³³,kj,un,³³,k,u,n
36558,軎,ɦʲʷiᴇi³¹,ɦʲʷ,iᴇi,³¹,ɢʷ,e,ds
36559,軏,ŋu̯ot³̲³̲,ŋ,u̯ot̲̲,³,ŋ,o,d
36560,軐,sen³¹,s,en,³¹,,,
36561,軑,tʰei³¹,tʰ,ei,³¹,d,a,̠ds
36562,軒,hjɤn³³,hj,ɤn,³³,qh,a,n
36563,軓,bju̯am³⁵,bj,u̯am,³⁵,b,o,mʔ
36564,軔,ȵin³¹,ȵ,in,³¹,nj,ɯ,ns
36565,軕,,,,,,,
36566,軖,ɡʷjaŋ³³,ɡʷj,aŋ,³³,ɡʷ,a,ŋ
36567,軗,,,,,,,
36568,軘,du̯on³³,d,u̯on,³³,ɡ‧l,u,̠n
36569,軙,,,,,,,
36570,軚,,,,,,,
36571,軛,ʔɰɛk³̲³̲,ʔɰ,ɛk̲̲,³,qr,e,̠ɡ
36572,軜,nu̯oi³¹,n,u̯oi,³¹,n,u,̠b
36573,軝,dʑiᴇ³³,dʑ,iᴇ,³³,ɡ,e,
36574,軞,mɑu³³,m,ɑu,³³,m,a,̠w
36575,軟,ȵʷiᴇn³⁵,ȵʷ,iᴇn,³⁵,nj,o,nʔ
36576,軠,ɳim³³,ɳ,im,³³,,,
36577,軡,ɡɰim³³,ɡɰ,im,³³,,,
36578,転,,,,,,,
36579,軣,,,,,,,
36580,軤,hu̯o³³,h,u̯o,³³,,,
36581,軥,ɡjʊ³³,ɡj,ʊ,³³,ɡ,o,
36582,軦,hʷjaŋ³⁵,hʷj,aŋ,³⁵,m̥h,a,ŋʔ
36583,軧,ʈi³⁵,ʈ,i,³⁵,t,i,̠lʔ
36584,軨,liᴇŋ³⁵,l,iᴇŋ,³⁵,ɡ,ə,r
36585,軩,dəi³⁵,d,əi,³⁵,,,
36586,軪,ʔɰæu³³,ʔɰæ,u,³³,,,
36587,軫,tɕin³⁵,tɕ,in,³⁵,klj,ɯ,nʔ
36588,軬,bu̯on³⁵,b,u̯on,³⁵,b,o,nʔ
36589,軭,ɡʷjaŋ³³,ɡʷj,aŋ,³³,ɡʷ,a,ŋ
36590,軮,ʔɑŋ³⁵,ʔ,ɑŋ,³⁵,q,a,̠ŋʔ
36591,軯,pʰɰɛŋ³¹,pʰɰ,ɛŋ,³¹,phr,e,̠ŋ
36592,軰,pu̯oi³¹,p,u̯oi,³¹,,,
36593,軱,ku̯o³³,k,u̯o,³³,kʷ,a,̠
36594,軲,kʰu̯o³³,kʰ,u̯o,³³,kh,a,̠
36595,軳,bɰæu³³,bɰæ,u,³³,,,
36596,軴,ʈjʊ³¹,ʈj,ʊ,³¹,,,
36597,軵,bjʊ³¹,bj,ʊ,³¹,nj,o,ŋʔ
36598,軶,ʔɰɛk³̲³̲,ʔɰ,ɛk̲̲,³,qr,e,̠ɡ
36599,軷,bʷɑt³̲³̲,bʷ,ɑt̲̲,³,b,o,̠d
36600,軸,ɖjuk³̲³̲,ɖj,uk̲̲,³,ɡ‧l,ɯ,wɡ
36601,軹,tɕiᴇ³⁵,tɕ,iᴇ,³⁵,kj,e,ʔ
36602,軺,jiᴇu³³,j,iᴇu,³³,dj,e,w
36603,軻,kʰɑ³¹,kʰ,ɑ,³¹,kh,a,̠lʔ
36604,軼,ɖiᴇt³̲³̲,ɖ,iᴇt̲̲,³,l,i,̠ɡ
36605,軽,,,,,,,
36606,軾,ɕɨk³̲³̲,ɕ,ɨk̲̲,³,l̥,ɯ,ɡ
36607,軿,pʰɰæŋ³³,pʰɰæŋ,,³³,b,e,̠n
36608,輀,ȵɨ³³,ȵ,ɨ,³³,nj,ɯ,
36609,輁,kjʊŋ³⁵,kj,ʊŋ,³⁵,ɡ,o,ŋ
36610,輂,,,,,kl,o,ɡ
36611,較,kɰæu³¹,kɰæ,u,³¹,kr,e,̠wɡs
36612,輄,kʷɑŋ³³,kʷ,ɑŋ,³³,kʷ,a,̠ŋ
36613,輅,lu̯o³¹,l,u̯o,³¹,ɡ,ə,r
36614,輆,kəi³⁵,k,əi,³⁵,kh,ɯ,̠ʔ
36615,輇,tsʰʷiᴇn³³,tsʰʷ,iᴇn,³³,ɡlj,o,n
36616,輈,ʈɨu³³,ʈ,ɨu,³³,k‧l,u,
36617,載,tʰei³¹,tʰ,ei,³¹,z,ɯ,̠s
36618,輊,ʈi³¹,ʈ,i,³¹,k‧l,i,ɡs
36619,輋,,,,,,,
36620,輌,,,,,,,
36621,輍,jʊk³̲³̲,j,ʊk̲̲,³,ɢl,o,ɡ
36622,輎,ʂɰæu³³,ʂɰæ,u,³³,,,
36623,輏,,,,,,,
36624,輐,ŋʷɑn³¹,ŋʷ,ɑn,³¹,ɡ,o,̠nʔ
36625,輑,kʰʷɰin³³,kʰʷɰ,in,³³,khr,u,n
36626,輒,ʈiᴇp³̲³̲,ʈ,iᴇp̲̲,³,t,e,b
36627,輓,mʷjɤn³⁵,mʷj,ɤn,³⁵,m,o,ns
36628,輔,bjʊ³⁵,bj,ʊ,³⁵,b,a,ʔ
36629,輕,kʰiᴇŋ³³,kʰ,iᴇŋ,³³,kh,e,ŋ
36630,輖,ʈi³¹,ʈ,i,³¹,klj,ɯ,w
36631,輗,ŋiᴇ³³,ŋ,iᴇ,³³,ŋɡ,e,̠
36632,輘,lɰɛŋ³³,lɰ,ɛŋ,³³,b,ə,r
36633,輙,,,,,,,
36634,輚,dʐɰɛn³⁵,dʐɰ,ɛn,³⁵,zr,e,̠nʔ
36635,輛,,,,,,,
36636,輜,tʂɨ³¹,tʂ,ɨ,³¹,sr,ɯ,
36637,輝,hʷɨi³³,hʷ,ɨi,³³,qh,u,l
36638,輞,mʷjaŋ³⁵,mʷj,aŋ,³⁵,m,a,ŋʔ
36639,輟,ʈʷiᴇi³¹,ʈʷ,iᴇi,³¹,t,o,ds
36640,輠,ɦʷɑn³⁵,ɦʷ,ɑn,³⁵,kl,o,̠lʔ
36641,輡,kʰəm³¹,kʰ,əm,³¹,khl,o,̠mʔ
36642,輢,ʔɰiᴇ³¹,ʔɰ,iᴇ,³¹,ɡr,a,ls
36643,輣,bɰɛŋ³³,bɰ,ɛŋ,³³,br,ɯ,̠ŋ
36644,輤,tsʰen³¹,tsʰ,en,³¹,sh,e,̠ns
36645,輥,ɦu̯on³⁵,ɦ,u̯on,³⁵,k,u,̠nʔ
36646,輦,liᴇn³⁵,l,iᴇn,³⁵,r,e,nʔ
36647,輧,,,,,,,
36648,輨,kʷɑn³⁵,kʷ,ɑn,³⁵,k,o,̠nʔ
36649,輩,pu̯oi³¹,p,u̯oi,³¹,p,u,̠ls
36650,輪,lʷin³³,lʷ,in,³³,ɡ,ə,r
36651,輫,bu̯oi³³,b,u̯oi,³³,br,ɯ,̠l
36652,輬,ljaŋ³³,lj,aŋ,³³,ɡ,ə,r
36653,輭,ȵʷiᴇn³⁵,ȵʷ,iᴇn,³⁵,nj,o,nʔ
36654,輮,ȵɨu³⁵,ȵ,ɨu,³⁵,mlj,u,s
36655,輯,sjɤ³³,sj,ɤ,³³,sɡ,i,b
36656,輰,jaŋ³³,j,aŋ,³³,l,a,ŋ
36657,輱,kʰɰɛm³⁵,kʰɰ,ɛm,³⁵,,,
36658,輲,dʑʷiᴇn³³,dʑʷ,iᴇn,³³,ɡlj,o,n
36659,輳,tsʰu³¹,tsʰ,u,³¹,sh,o,̠s
36660,輴,ʈʰʷin³³,ʈʰʷ,in,³³,kh‧l,u,n
36661,輵,ʔɰæt³̲³̲,ʔɰæt̲̲,,³,k,a,̠d
36662,輶,jɨu³¹,j,ɨu,³¹,ɢl,u,ʔ
36663,輷,hɰɛŋ³¹,hɰ,ɛŋ,³¹,qhʷr,e,̠ŋ
36664,輸,ɕjʊ³¹,ɕj,ʊ,³¹,l̥,o,s
36665,輹,pjuk³̲³̲,pj,uk̲̲,³,b,u,ɡ
36666,輺,tʂʰɨ³³,tʂʰ,ɨ,³³,,,
36667,輻,pɨu³¹,p,ɨu,³¹,p,ɯ,ɡs
36668,輼,ʔjun³³,ʔj,un,³³,q,u,̠n
36669,輽,bu̯on³⁵,b,u̯on,³⁵,,,
36670,輾,ɳiᴇn³⁵,ɳ,iᴇn,³⁵,k‧l,e,nʔ
36671,輿,jɤ³⁵,j,ɤ,³⁵,ɢl,a,s
36672,轀,,,,,q,u,̠n
36673,轁,,,,,,,
36674,轂,kuk³̲³̲,k,uk̲̲,³,kl,o,̠ɡ
36675,轃,tʂɪn³³,tʂ,ɪn,³³,sr,i,n
36676,轄,ɦɰæt³̲³̲,ɦɰæt̲̲,,³,kh,a,̠ds
36677,轅,ɦʲʷjɤn³³,ɦʲʷj,ɤn,³³,ɢr,o,n
36678,轆,luk³̲³̲,l,uk̲̲,³,b,ə,r
36679,轇,ɦɰæu³⁵,ɦɰæ,u,³⁵,kr,ɯ,̠w
36680,轈,dʐɰæu³³,dʐɰæ,u,³³,sɡr,a,̠w
36681,轉,ʈʷiᴇn³¹,ʈʷ,iᴇn,³¹,t,o,ns
36682,轊,ɦʲʷiᴇi³¹,ɦʲʷ,iᴇi,³¹,sɢʷ,e,ds
36683,轋,,,,,,,
36684,轌,,,,,,,
36685,轍,ɖiᴇt³̲³̲,ɖ,iᴇt̲̲,³,d,e,d
36686,轎,ɡɰiᴇu³³,ɡɰ,iᴇu,³³,ɡr,e,ws
36687,轏,dʐɰiᴇn³⁵,dʐɰ,iᴇn,³⁵,sɡr,e,̠nʔ
36688,轐,puk³̲³̲,p,uk̲̲,³,p,o,̠ɡ
36689,轑,leu³¹,l,eu,³¹,ɡ,ə,r
36690,轒,bjun³³,bj,un,³³,b,ɯ,n
36691,轓,pʷjɤn³³,pʷj,ɤn,³³,ph,a,n
36692,轔,lin³³,l,in,³³,r,i,ns
36693,轕,kɰæt³̲³̲,kɰæt̲̲,,³,,,
36694,轖,ʂɨk³̲³̲,ʂ,ɨk̲̲,³,sr,ɯ,ɡ
36695,轗,kʰəm³¹,kʰ,əm,³¹,,,
36696,轘,ɦʷɰæn³¹,ɦʷɰæn,,³¹,ɢʷr,e,̠ns
36697,轙,ŋɰiᴇ³⁵,ŋɰ,iᴇ,³⁵,ŋr,a,l
36698,轚,kek³̲³̲,k,ek̲̲,³,k,e,̠ɡ
36699,轛,ʈʷiᴇi³¹,ʈʷ,iᴇi,³¹,t,u,bs
36700,轜,ȵɨ³³,ȵ,ɨ,³³,nj,ɯ,
36701,轝,jɤ³¹,j,ɤ,³¹,ɢl,a,
36702,轞,ɦɰæm³⁵,ɦɰæm,,³⁵,ɡr,a,̠mʔ
36703,轟,hɰɛŋ³¹,hɰ,ɛŋ,³¹,qhʷr,e,̠ŋ
36704,轠,lʷi³⁵,lʷ,i,³⁵,r,u,̠l
36705,轡,pɰi³¹,pɰ,i,³¹,pr,ɯ,ds
36706,轢,lɑk³̲³̲,l,ɑk̲̲,³,ɡ,ə,r
36707,轣,lek³̲³̲,l,ek̲̲,³,r,e,̠ɡ
36708,轤,lu̯o³³,l,u̯o,³³,ɡ,ə,r
36709,轥,,,,,r,i,ns
36710,车,tɕʰjæ³³,tɕʰjæ,,³³,,,
36711,轧,ʔɰɛt³̲³̲,ʔɰ,ɛt̲̲,³,,,
36712,轨,kʷɰi³⁵,kʷɰ,i,³⁵,,,
36713,轩,hjɤn³³,hj,ɤn,³³,,,
36714,轪,,,,,,,
36715,轫,,,,,,,
36716,转,ʈʷiᴇn³¹,ʈʷ,iᴇn,³¹,,,
36717,轭,ʔɰɛk³̲³̲,ʔɰ,ɛk̲̲,³,,,
36718,轮,lʷin³³,lʷ,in,³³,,,
36719,软,ȵʷiᴇn³⁵,ȵʷ,iᴇn,³⁵,,,
36720,轰,hʷɰɛŋ³³,hʷɰ,ɛŋ,³³,,,
36721,轱,,,,,,,
36722,轲,,,,,,,
36723,轳,,,,,,,
36724,轴,ɖjuk³̲³̲,ɖj,uk̲̲,³,,,
36725,轵,,,,,,,
36726,轶,,,,,,,
36727,轷,,,,,,,
36728,轸,,,,,,,
36729,轹,,,,,,,
36730,轺,,,,,,,
36731,轻,kʰiᴇŋ³³,kʰ,iᴇŋ,³³,,,
36732,轼,,,,,,,
36733,载,dzəi³¹,dz,əi,³¹,,,
36734,轾,,,,,,,
36735,轿,ɡɰiᴇu³¹,ɡɰ,iᴇu,³¹,,,
36736,辀,,,,,,,
36737,辁,,,,,,,
36738,辂,,,,,,,
36739,较,kɰæu³¹,kɰæ,u,³¹,,,
36740,辄,,,,,,,
36741,辅,bjʊ³⁵,bj,ʊ,³⁵,,,
36742,辆,,,,,,,
36743,辇,liᴇn³⁵,l,iᴇn,³⁵,,,
36744,辈,pu̯oi³¹,p,u̯oi,³¹,,,
36745,辉,hʷɨi³³,hʷ,ɨi,³³,,,
36746,辊,,,,,,,
36747,辋,mʷjaŋ³⁵,mʷj,aŋ,³⁵,,,
36748,辌,,,,,,,
36749,辍,ʈʷiᴇt³̲³̲,ʈʷ,iᴇt̲̲,³,,,
36750,辎,tʂɨ³³,tʂ,ɨ,³³,,,
36751,辏,tsʰu³¹,tsʰ,u,³¹,,,
36752,辐,pjuk³̲³̲,pj,uk̲̲,³,,,
36753,辑,dzip³̲³̲,dz,ip̲̲,³,,,
36754,辒,,,,,,,
36755,输,ɕjʊ³¹,ɕj,ʊ,³¹,,,
36756,辔,pɰi³¹,pɰ,i,³¹,,,
36757,辕,ɦʲʷjɤn³³,ɦʲʷj,ɤn,³³,,,
36758,辖,ɦɰæt³̲³̲,ɦɰæt̲̲,,³,,,
36759,辗,,,,,,,
36760,辘,,,,,,,
36761,辙,ɖiᴇt³̲³̲,ɖ,iᴇt̲̲,³,,,
36762,辚,,,,,,,
36763,辛,sin³³,s,in,³³,sl,i,ŋs
36764,辜,ku̯o³³,k,u̯o,³³,k,a,̠
36765,辝,zɨ³³,z,ɨ,³³,sɢl,ɯ,
36766,辞,zɨ³³,z,ɨ,³³,,,
36767,辟,pʰiᴇk³̲³̲,pʰ,iᴇk̲̲,³,ph,e,ɡ
36768,辠,dzu̯oi³⁵,dz,u̯oi,³⁵,z,u,̠lʔ
36769,辡,bɰiᴇn³⁵,bɰ,iᴇn,³⁵,br,e,nʔ
36770,辢,lɑt³̲³̲,l,ɑt̲̲,³,,,
36771,辣,,,,,,,
36772,辤,zɨ³³,z,ɨ,³³,lj,ɯ,
36773,辥,siᴇt³̲³̲,s,iᴇt̲̲,³,skl,e,d
36774,辦,bɰɛn³¹,bɰ,ɛn,³¹,br,e,̠ns
36775,辧,,,,,br,e,nʔ
36776,辨,pɰiᴇn³⁵,pɰ,iᴇn,³⁵,br,e,nʔ
36777,辩,bɰiᴇn³⁵,bɰ,iᴇn,³⁵,,,
36778,辪,,,,,,,
36779,辫,ben³⁵,b,en,³⁵,,,
36780,辬,pɰæn³³,pɰæn,,³³,pr,e,̠n
36781,辭,zɨ³³,z,ɨ,³³,lj,ɯ,
36782,辮,ben³⁵,b,en,³⁵,b,e,̠nʔ
36783,辯,bɰiᴇn³⁵,bɰ,iᴇn,³⁵,br,e,nʔ
36784,辰,dʑin³³,dʑ,in,³³,blj,ɯ,n
36785,辱,,,,,nj,o,ɡ
36786,農,nu̯oŋ³³,n,u̯oŋ,³³,n,u,̠ŋ
36787,辳,nu̯oŋ³³,n,u̯oŋ,³³,n,u,̠ŋ
36788,辴,ʈʰin³³,ʈʰ,in,³³,ph‧l,ɯ,n
36789,辵,ʈʰjak³̲³̲,ʈʰj,ak̲̲,³,th,a,ɡ
36790,辶,,,,,,,
36791,辷,,,,,,,
36792,辸,ȵɨŋ³³,ȵ,ɨŋ,³³,,,
36793,边,pen³³,p,en,³³,,,
36794,辺,,,,,,,
36795,辻,,,,,,,
36796,込,,,,,,,
36797,辽,leu³³,l,eu,³³,,,
36798,达,dɑt³̲³̲,d,ɑt̲̲,³,th,e,̠ds
36799,辿,ʈʰiᴇn³³,ʈʰ,iᴇn,³³,,,
36800,迀,kɑn³³,k,ɑn,³³,k,a,̠n
36801,迁,tsʰiᴇn³³,tsʰ,iᴇn,³³,,,
36802,迂,ʔjʊ³³,ʔj,ʊ,³³,ɢʷ,a,
36803,迃,ʔjʊ³³,ʔj,ʊ,³³,,,
36804,迄,hɨt³̲³̲,h,ɨt̲̲,³,qh,ɯ,d
36805,迅,sʷin³¹,sʷ,in,³¹,sl,ɯ,ns
36806,迆,jiᴇ³³,j,iᴇ,³³,l,a,l
36807,过,kʷɑ³³,kʷ,ɑ,³³,,,
36808,迈,mɰæi³¹,mɰæ,i,³¹,,,
36809,迉,,,,,b‧l,i,
36810,迊,tsəp³̲³̲,ts,əp̲̲,³,s,u,̠b
36811,迋,kʷjaŋ³⁵,kʷj,aŋ,³⁵,kʷ,a,ŋʔ
36812,迌,,,,,,,
36813,迍,ʈʷin³³,ʈʷ,in,³³,k‧l,u,n
36814,迎,ŋɰjæŋ³¹,ŋɰjæŋ,,³¹,ŋ,a,ŋ
36815,迏,,,,,,,
36816,运,ɦʲɨn³⁵,ɦʲ,ɨn,³⁵,,,
36817,近,ɡɨn³¹,ɡ,ɨn,³¹,ɡ,ɯ,ns
36818,迒,kɑŋ³³,k,ɑŋ,³³,ɡ,a,̠ŋ
36819,迓,ŋjɤ³¹,ŋj,ɤ,³¹,ŋɡr,a,̠s
36820,返,pʷjɤn³⁵,pʷj,ɤn,³⁵,p,a,nʔ
36821,迕,ŋu̯o³⁵,ŋ,u̯o,³⁵,ŋ,a,̠s
36822,迖,,,,,th,e,̠ds
36823,迗,,,,,,,
36824,还,ɦʷɰæn³³,ɦʷɰæn,,³³,,,
36825,这,ŋɰiᴇn³¹,ŋɰ,iᴇn,³¹,,,
36826,迚,,,,,,,
36827,进,tsin³¹,ts,in,³¹,,,
36828,远,ɦʲʷjɤn³⁵,ɦʲʷj,ɤn,³⁵,,,
36829,违,ɦʲʷɨi³³,ɦʲʷ,ɨi,³³,,,
36830,连,liᴇn³³,l,iᴇn,³³,,,
36831,迟,ɖi³³,ɖ,i,³³,,,
36832,迠,,,,,,,
36833,迡,nei³¹,n,ei,³¹,,,
36834,迢,deu³³,d,eu,³³,d,e,̠w
36835,迣,ʈʰiᴇi³¹,ʈʰ,iᴇi,³¹,klj,e,bs
36836,迤,jiᴇ³⁵,j,iᴇ,³⁵,l,a,lʔ
36837,迥,ɦʷeŋ³⁵,ɦʷ,eŋ,³⁵,ɡʷ,e,̠ŋʔ
36838,迦,kjɑ³³,kj,ɑ,³³,kr,a,̠l
36839,迧,,,,,,,
36840,迨,dəi³⁵,d,əi,³⁵,ɡ‧l,ɯ,̠ʔ
36841,迩,ȵiᴇ³⁵,ȵ,iᴇ,³⁵,nj,e,lʔ
36842,迪,du̯ok³̲³̲,d,u̯ok̲̲,³,ɡ‧l,ɯ,̠wɡ
36843,迫,pɰæk³̲³̲,pɰæk̲̲,,³,pr,a,̠ɡ
36844,迬,,,,,,,
36845,迭,det³̲³̲,d,et̲̲,³,l,i,̠ɡ
36846,迮,tʂɰæk³̲³̲,tʂɰæk̲̲,,³,sr,a,̠ɡ
36847,迯,,,,,,,
36848,述,ʑʷit³̲³̲,ʑʷ,it̲̲,³,ɢlj,u,d
36849,迱,dɑ³³,d,ɑ,³³,,,
36850,迲,,,,,,,
36851,迳,,,,,,,
36852,迴,ɦu̯oi³¹,ɦ,u̯oi,³¹,ɡ,u,̠l
36853,迵,duŋ³¹,d,uŋ,³¹,d,o,̠ŋs
36854,迶,,,,,,,
36855,迷,mei³³,m,ei,³³,m,i,̠
36856,迸,pʰɰɛŋ³³,pʰɰ,ɛŋ,³³,pr,e,̠ŋs
36857,迹,tsiᴇk³̲³̲,ts,iᴇk̲̲,³,s,a,ɡ
36858,迺,nəi³⁵,n,əi,³⁵,,,
36859,迻,jiᴇ³³,j,iᴇ,³³,ɢl,a,l
36860,迼,,,,,,,
36861,追,ʈʷi³¹,ʈʷ,i,³¹,t,u,l
36862,迾,liᴇi³¹,l,iᴇi,³¹,r,e,d
36863,迿,hʷen³¹,hʷ,en,³¹,ɡʷ,i,̠ns
36864,退,tʰu̯oi³¹,tʰ,u̯oi,³¹,n̥,u,̠bs
36865,送,suŋ³¹,s,uŋ,³¹,sl,o,̠ŋs
36866,适,kʷɑt³̲³̲,kʷ,ɑt̲̲,³,kh,o,̠d
36867,逃,dɑu³³,d,ɑu,³³,ɡ‧l,a,̠w
36868,逄,bɰɔŋ³³,bɰɔŋ,,³³,br,o,̠ŋ
36869,逅,ku³¹,k,u,³¹,ɡ,o,̠s
36870,逆,ŋɰjæk³̲³̲,ŋɰjæk̲̲,,³,ŋɡr,a,ɡ
36871,逇,,,,,,,
36872,逈,,,,,,,
36873,选,sʷiᴇn³⁵,sʷ,iᴇn,³⁵,,,
36874,逊,su̯on³¹,s,u̯on,³¹,,,
36875,逋,pu̯o³³,p,u̯o,³³,p,a,̠
36876,逌,,,,,l,ɯ,w
36877,逍,siᴇu³³,s,iᴇu,³³,spl,e,w
36878,逎,tsɨu³³,ts,ɨu,³³,sk,u,
36879,透,ɕjuk³̲³̲,ɕj,uk̲̲,³,l̥,u,ɡ
36880,逐,ɖɨu³¹,ɖ,ɨu,³¹,ɡ‧l,ɯ,wɡ
36881,逑,ɡɨu³³,ɡ,ɨu,³³,ɡ,u,
36882,递,dei³¹,d,ei,³¹,,,
36883,逓,,,,,,,
36884,途,du̯o³³,d,u̯o,³³,ɡ‧l,a,̠
36885,逕,keŋ³¹,k,eŋ,³¹,k,e,̠ŋs
36886,逖,tʰek³̲³̲,tʰ,ek̲̲,³,th,e,̠ɡ
36887,逗,ɖjʊ³¹,ɖj,ʊ,³¹,ɡ‧l,o,s
36888,逘,,,,,,,
36889,這,ŋjɤn³¹,ŋj,ɤn,³¹,ŋr,a,ns
36890,通,tʰuŋ³³,tʰ,uŋ,³³,kh‧l,o,̠ŋ
36891,逛,kʷjaŋ³¹,kʷj,aŋ,³¹,,,
36892,逜,ŋu̯o³⁵,ŋ,u̯o,³⁵,ŋ,a,̠s
36893,逝,ʑiᴇt³̲³̲,ʑ,iᴇt̲̲,³,ɡlj,e,ds
36894,逞,ʈʰiᴇŋ³³,ʈʰ,iᴇŋ,³³,kh‧l,e,ŋʔ
36895,速,suk³̲³̲,s,uk̲̲,³,sl,o,̠ɡ
36896,造,tsʰɑu³¹,tsʰ,ɑu,³¹,sɡ,u,̠ʔ
36897,逡,sʷin³¹,sʷ,in,³¹,skh,u,n
36898,逢,bjʊŋ³³,bj,ʊŋ,³³,b,o,ŋ
36899,連,liᴇn³¹,l,iᴇn,³¹,b,ə,r
36900,逤,,,,,,,
36901,逥,,,,,,,
36902,逦,,,,,,,
36903,逧,,,,,,,
36904,逨,ləi³³,l,əi,³³,,,
36905,逩,,,,,,,
36906,逪,tsʰɑk³̲³̲,tsʰ,ɑk̲̲,³,sh,a,̠ɡ
36907,逫,ʈʷit³̲³̲,ʈʷ,it̲̲,³,,,
36908,逬,,,,,,,
36909,逭,kʷɑn³⁵,kʷ,ɑn,³⁵,ɡ,o,̠ns
36910,逮,du̯oi³¹,d,u̯oi,³¹,l,ɯ,̠ds
36911,逯,dəi³¹,d,əi,³¹,b,ə,r
36912,逰,,,,,,,
36913,週,,,,,klj,ɯ,w
36914,進,,,,,s,i,ns
36915,逳,juk³̲³̲,j,uk̲̲,³,l,u,ɡ
36916,逴,ʈʰɰɔk³̲³̲,ʈʰɰɔk̲̲,,³,kh‧r,e,̠wɡ
36917,逵,ɡʷɰi³³,ɡʷɰ,i,³³,ɡʷr,ɯ,w
36918,逶,ʔʷɰiᴇ³³,ʔʷɰ,iᴇ,³³,qr,o,l
36919,逷,tʰɰɛk³̲³̲,tʰɰ,ɛk̲̲,³,kh‧l,e,̠ɡ
36920,逸,jit³̲³̲,j,it̲̲,³,l,i,d
36921,逹,tʰɑt³̲³̲,tʰ,ɑt̲̲,³,,,
36922,逺,ɦʲʷjɤn³⁵,ɦʲʷj,ɤn,³⁵,,,
36923,逻,,,,,,,
36924,逼,pɨk³̲³̲,p,ɨk̲̲,³,pr,ɯ,ɡ
36925,逽,ɳjak³̲³̲,ɳj,ak̲̲,³,,,
36926,逾,jʊ³³,j,ʊ,³³,l,o,
36927,逿,dɑŋ³¹,d,ɑŋ,³¹,ɡ‧l,a,̠ŋs
36928,遀,zʷiᴇ³³,zʷ,iᴇ,³³,,,
36929,遁,du̯on³⁵,d,u̯on,³⁵,ɡ‧l,u,̠nʔ
36930,遂,zʷi³¹,zʷ,i,³¹,lj,u,ds
36931,遃,ŋɑn³¹,ŋ,ɑn,³¹,ŋr,e,nʔ
36932,遄,dʑʷiᴇn³³,dʑʷ,iᴇn,³³,ɡlj,o,n
36933,遅,,,,,,,
36934,遆,dei³³,d,ei,³³,,,
36935,遇,ŋjʊ³¹,ŋj,ʊ,³¹,ŋ,o,s
36936,遈,dʑɨk³̲³̲,dʑ,ɨk̲̲,³,,,
36937,遉,ʈʰiᴇŋ³¹,ʈʰ,iᴇŋ,³¹,th,e,ŋs
36938,遊,jɨu³³,j,ɨu,³³,l,u,
36939,運,,,,,ɢr,u,ns
36940,遌,ŋɑk³̲³̲,ŋ,ɑk̲̲,³,ŋ,a,̠ɡ
36941,遍,pen³¹,p,en,³¹,p,e,̠ns
36942,過,ɦʷɑ³⁵,ɦʷ,ɑ,³⁵,kl,o,̠l
36943,遏,ʔɑt³̲³̲,ʔ,ɑt̲̲,³,q,a,̠d
36944,遐,ɦɰæ³³,ɦɰæ,,³³,ɡr,a,̠
36945,遑,ɦʷɑŋ³³,ɦʷ,ɑŋ,³³,ɡʷ,a,̠ŋ
36946,遒,dzɨu³³,dz,ɨu,³³,sɡ,u,
36947,道,dɑu³¹,d,ɑu,³¹,ɡ‧l,u,̠ʔ
36948,達,tʰɑt³̲³̲,tʰ,ɑt̲̲,³,th,a,̠d
36949,違,ɦʲʷɨi³³,ɦʲʷ,ɨi,³³,ɢʷ,ɯ,l
36950,遖,,,,,,,
36951,遗,jʷi³³,jʷ,i,³³,,,
36952,遘,ku³¹,k,u,³¹,k,o,̠s
36953,遙,jiᴇu³³,j,iᴇu,³³,l,e,w
36954,遚,tʂʰɨu³¹,tʂʰ,ɨu,³¹,,,
36955,遛,lɨu³³,l,ɨu,³³,b,ə,r
36956,遜,su̯on³¹,s,u̯on,³¹,skl,u,̠ns
36957,遝,dəp³̲³̲,d,əp̲̲,³,l,u,̠b
36958,遞,dʑiᴇi³¹,dʑ,iᴇi,³¹,ɡ‧l,e,̠s
36959,遟,ɖi³³,ɖ,i,³³,b‧l,i,
36960,遠,ɦʲʷjɤn³⁵,ɦʲʷj,ɤn,³⁵,ɢr,o,nʔ
36961,遡,su̯o³¹,s,u̯o,³¹,skl,a,̠ɡs
36962,遢,tʰɑp³̲³̲,tʰ,ɑp̲̲,³,,,
36963,遣,kʰiᴇn³¹,kʰ,iᴇn,³¹,kh,e,ns
36964,遤,,,,,,,
36965,遥,jiᴇu³³,j,iᴇu,³³,l,e,w
36966,遦,kʷɑn³¹,kʷ,ɑn,³¹,k,o,̠ns
36967,遧,tɕjaŋ³³,tɕj,aŋ,³³,klj,a,ŋ
36968,遨,ŋɑu³³,ŋ,ɑu,³³,ŋɡ,a,̠w
36969,適,dek³̲³̲,d,ek̲̲,³,k‧l,e,̠ɡ
36970,遪,tsʰəp³̲³̲,tsʰ,əp̲̲,³,,,
36971,遫,ʈʰɨk³̲³̲,ʈʰ,ɨk̲̲,³,th,ɯ,ɡ
36972,遬,suk³̲³̲,s,uk̲̲,³,sl,o,̠ɡ
36973,遭,tsɑu³³,ts,ɑu,³³,sk,u,̠
36974,遮,tɕjæ³¹,tɕjæ,,³¹,klj,a,̠
36975,遯,du̯on³¹,d,u̯on,³¹,l,u,̠nʔ
36976,遰,tɑi³¹,t,ɑi,³¹,d,e,̠ds
36977,遱,lu³³,l,u,³³,ɡ,ə,r
36978,遲,ɖɨ³¹,ɖ,ɨ,³¹,b‧l,i,
36979,遳,tsʰʷɑ³³,tsʰʷ,ɑ,³³,,,
36980,遴,lin³¹,l,in,³¹,r,i,ns
36981,遵,tsʷin³³,tsʷ,in,³³,s,u,n
36982,遶,ȵiᴇu³⁵,ȵ,iᴇu,³⁵,mɡlj,e,wʔ
36983,遷,tsʰiᴇn³³,tsʰ,iᴇn,³³,sh,e,n
36984,選,sʷiᴇn³⁵,sʷ,iᴇn,³⁵,skl,o,ns
36985,遹,ʑʷit³̲³̲,ʑʷ,it̲̲,³,ɢʷ,i,d
36986,遺,jʷi³³,jʷ,i,³³,l,u,ls
36987,遻,ŋɑk³̲³̲,ŋ,ɑk̲̲,³,ŋ,a,̠ɡ
36988,遼,leu³³,l,eu,³³,ɡ,ə,r
36989,遽,ɡjɤ³³,ɡj,ɤ,³³,ɡl,a,s
36990,遾,dʑiᴇi³¹,dʑ,iᴇi,³¹,dj,a,ds
36991,避,bɰiᴇ³¹,bɰ,iᴇ,³¹,b,e,ɡs
36992,邀,ʔiᴇu³³,ʔ,iᴇu,³³,kl,e,̠w
36993,邁,mɰæi³¹,mɰæ,i,³¹,mbr,a,̠ds
36994,邂,ɦɰɛ³⁵,ɦɰ,ɛ,³⁵,ɡr,e,̠s
36995,邃,sʷi³¹,sʷ,i,³¹,l̥j,u,ds
36996,還,ɦʷɰæn³³,ɦʷɰæn,,³³,ɢʷr,e,̠n
36997,邅,ɖiᴇn³⁵,ɖ,iᴇn,³⁵,d,a,nʔ
36998,邆,,,,,,,
36999,邇,ȵiᴇ³⁵,ȵ,iᴇ,³⁵,mlj,e,lʔ
37000,邈,mɰɔk³̲³̲,mɰɔk̲̲,,³,mr,e,̠wɡ
37001,邉,,,,,,,
37002,邊,pen³³,p,en,³³,p,e,̠n
37003,邋,liᴇp³̲³̲,l,iᴇp̲̲,³,r,a,b
37004,邌,ɖi³³,ɖ,i,³³,r,i,̠l
37005,邍,ŋʷjɤn³³,ŋʷj,ɤn,³³,ŋ,o,n
37006,邎,,,,,l,ɯ,w
37007,邏,lɑ³⁵,l,ɑ,³⁵,,,
37008,邐,liᴇ³⁵,l,iᴇ,³⁵,b,ə,r
37009,邑,ʔɰip³̲³̲,ʔɰ,ip̲̲,³,qr,ɯ,b
37010,邒,deŋ³³,d,eŋ,³³,,,
37011,邓,dəŋ³¹,d,əŋ,³¹,,,
37012,邔,kɨ³⁵,k,ɨ,³⁵,kh,ɯ,ʔ
37013,邕,ʔjʊŋ³⁵,ʔj,ʊŋ,³⁵,q,o,ŋ
37014,邖,ʂɰɛn³³,ʂɰ,ɛn,³³,sr,e,̠n
37015,邗,kɑn³³,k,ɑn,³³,ɡ,a,̠n
37016,邘,ɦʲjʊ³³,ɦʲj,ʊ,³³,ɢʷ,a,
37017,邙,mʷjaŋ³³,mʷj,aŋ,³³,m,a,̠ŋ
37018,邚,ȵjɤ³³,ȵj,ɤ,³³,,,
37019,邛,ɡjʊŋ³³,ɡj,ʊŋ,³³,ɡ,o,ŋ
37020,邜,,,,,,,
37021,邝,,,,,,,
37022,邞,bjʊ³³,bj,ʊ,³³,p,a,
37023,邟,kɰæŋ³³,kɰæŋ,,³³,ɡ,a,̠ŋ
37024,邠,pɰin³³,pɰ,in,³³,pr,ɯ,n
37025,邡,pʰʷjaŋ³¹,pʰʷj,aŋ,³¹,ph,a,ŋs
37026,邢,kɰɛŋ³⁵,kɰ,ɛŋ,³⁵,ɡ,e,̠ŋ
37027,那,nɑ³¹,n,ɑ,³¹,n,a,̠lʔ
37028,邤,hjɤn³³,hj,ɤn,³³,,,
37029,邥,ɕim³⁵,ɕ,im,³⁵,qhlj,u,mʔ
37030,邦,pɰɔŋ³³,pɰɔŋ,,³³,pr,o,̠ŋ
37031,邧,ŋʷjɤn³⁵,ŋʷj,ɤn,³⁵,ŋɡ,o,nʔ
37032,邨,ʈʷin³³,ʈʷ,in,³³,ɡ‧l,u,̠n
37033,邩,ɕiᴇu³¹,ɕ,iᴇu,³¹,qhʷ,o,̠lʔ
37034,邪,dʑjæ³³,dʑjæ,,³³,ɢ,a,̠
37035,邫,,,,,,,
37036,邬,,,,,,,
37037,邭,kjʊ³¹,kj,ʊ,³¹,k,o,s
37038,邮,du̯ok³̲³̲,d,u̯ok̲̲,³,l,ɯ,w
37039,邯,ɦɑm³³,ɦ,ɑm,³³,ɡ,a,̠m
37040,邰,tʰəi³³,tʰ,əi,³³,kh‧l,ɯ,̠
37041,邱,kʰɨu³³,kʰ,ɨu,³³,kh,ɯ,
37042,邲,bɰit³̲³̲,bɰ,it̲̲,³,pr,i,ɡs
37043,邳,bɰi³³,bɰ,i,³³,br,ɯ,
37044,邴,pɰjæŋ³⁵,pɰjæŋ,,³⁵,pkr,a,ŋʔ
37045,邵,dʑiᴇu³¹,dʑ,iᴇu,³¹,dj,e,ws
37046,邶,bu̯oi³¹,b,u̯oi,³¹,b,ɯ,̠ɡs
37047,邷,ŋʷɰæ³⁵,ŋʷɰæ,,³⁵,ŋʷr,a,̠lʔ
37048,邸,tei³⁵,t,ei,³⁵,t,i,̠lʔ
37049,邹,tʂɨu³³,tʂ,ɨu,³³,,,
37050,邺,ŋjap³̲³̲,ŋj,ap̲̲,³,,,
37051,邻,lin³³,l,in,³³,,,
37052,邼,kʰʷjaŋ³³,kʰʷj,aŋ,³³,khʷ,a,ŋ
37053,邽,kʷei³³,kʷ,ei,³³,kʷ,e,̠
37054,邾,ʈjʊ³³,ʈj,ʊ,³³,t,o,
37055,邿,ɕɨ³³,ɕ,ɨ,³³,qhlj,ɯ,
37056,郀,kʰu̯o³³,kʰ,u̯o,³³,khʷ,a,̠
37057,郁,ʔjut³̲³̲,ʔj,ut̲̲,³,qʷ,ɯ,ɡ
37058,郂,ɦəi³³,ɦ,əi,³³,k,ɯ,̠
37059,郃,ɦəp³̲³̲,ɦ,əp̲̲,³,ɡ,u,̠b
37060,郄,kʰɰjæk³̲³̲,kʰɰjæk̲̲,,³,khr,a,ɡ
37061,郅,ʈit³̲³̲,ʈ,it̲̲,³,klj,i,ɡ
37062,郆,kit³̲³̲,k,it̲̲,³,,,
37063,郇,sʷin³³,sʷ,in,³³,sqhʷ,i,n
37064,郈,ɦu³⁵,ɦ,u,³⁵,ɡ,o,̠ʔ
37065,郉,kʰen³³,kʰ,en,³³,kh,e,̠n
37066,郊,kɰæu³³,kɰæ,u,³³,kr,e,̠w
37067,郋,ɦei³³,ɦ,ei,³³,ɡbl,i,̠l
37068,郌,,,,,,,
37069,郍,,,,,n,a,̠ls
37070,郎,lɑŋ³³,l,ɑŋ,³³,r,a,̠ŋ
37071,郏,,,,,,,
37072,郐,,,,,,,
37073,郑,ɖiᴇŋ³¹,ɖ,iᴇŋ,³¹,,,
37074,郒,,,,,,,
37075,郓,,,,,,,
37076,郔,jiᴇn³³,j,iᴇn,³³,l,a,n
37077,郕,dʑɨŋ³³,dʑ,ɨŋ,³³,ɡj,e,ŋ
37078,郖,tu³³,t,u,³³,ɡ‧l,o,̠s
37079,郗,ʈʰi³³,ʈʰ,i,³³,kh‧l,ɯ,l
37080,郘,ljɤ³⁵,lj,ɤ,³⁵,ɡ,ə,r
37081,郙,pʰjʊ³³,pʰj,ʊ,³³,ph,a,
37082,郚,ŋjɤ³³,ŋj,ɤ,³³,ŋ,a,̠
37083,郛,pʰɨu³¹,pʰ,ɨu,³¹,ph,u,w
37084,郜,ku̯ok³̲³̲,k,u̯ok̲̲,³,k,u,̠ɡ
37085,郝,ɦɑk³̲³̲,ɦ,ɑk̲̲,³,qhlj,a,ɡ
37086,郞,,,,,,,
37087,郟,kɰɛp³̲³̲,kɰ,ɛp̲̲,³,kr,e,̠b
37088,郠,kɰæŋ³⁵,kɰæŋ,,³⁵,kr,a,̠ŋʔ
37089,郡,,,,,ɡl,u,ns
37090,郢,jiᴇŋ³⁵,j,iᴇŋ,³⁵,ɢl,e,ŋʔ
37091,郣,bu̯ot³̲³̲,b,u̯ot̲̲,³,b,ɯ,̠d
37092,郤,kʰɰjæk³̲³̲,kʰɰjæk̲̲,,³,khr,a,ɡ
37093,郥,,,,,kʷ,e,̠ɡ
37094,郦,,,,,,,
37095,郧,,,,,,,
37096,部,bu̯o³⁵,b,u̯o,³⁵,b,o,̠ʔ
37097,郩,ɦɰæu³³,ɦɰæ,u,³³,q,a,̠wʔ
37098,郪,sei³³,s,ei,³³,sh,i,̠l
37099,郫,biᴇ³³,b,iᴇ,³³,b,e,
37100,郬,,,,,,,
37101,郭,kʰʷɑk³̲³̲,kʰʷ,ɑk̲̲,³,kʷ,a,̠ɡ
37102,郮,tɕɨu³³,tɕ,ɨu,³³,,,
37103,郯,dɑm³³,d,ɑm,³³,ɡ‧l,a,̠m
37104,郰,tʂɨu³³,tʂ,ɨu,³³,skr,u,
37105,郱,beŋ³³,b,eŋ,³³,b,e,̠ŋ
37106,郲,lu̯oi³⁵,l,u̯oi,³⁵,ɡ,ə,r
37107,郳,ȵiᴇ³³,ȵ,iᴇ,³³,ŋɡ,e,̠
37108,郴,ʈʰim³³,ʈʰ,im,³³,kh‧r,ɯ,m
37109,郵,ɦʲɨu³³,ɦʲ,ɨu,³³,ɢʷ,ɯ,
37110,郶,,,,,,,
37111,郷,hjaŋ³³,hj,aŋ,³³,,,
37112,郸,,,,,,,
37113,郹,ɡʷek³̲³̲,ɡʷ,ek̲̲,³,kʷ,e,̠ɡ
37114,郺,ʔɰɔŋ³⁵,ʔɰɔŋ,,³⁵,q,o,ŋ
37115,郻,kʰeu³³,kʰ,eu,³³,kh,e,̠w
37116,郼,ʔɨi³³,ʔ,ɨi,³³,q,ɯ,l
37117,都,ʈjɤ³³,ʈj,ɤ,³³,k‧l,a,̠
37118,郾,ʔjɤn³¹,ʔj,ɤn,³¹,q,a,ns
37119,郿,mɰi³³,mɰ,i,³³,mr,i,l
37120,鄀,ȵjak³̲³̲,ȵj,ak̲̲,³,nj,a,ɡ
37121,鄁,bu̯oi³¹,b,u̯oi,³¹,b,ɯ,̠ɡs
37122,鄂,ŋɰæk³̲³̲,ŋɰæk̲̲,,³,ŋ,a,̠ɡ
37123,鄃,tɕʰjʊ³³,tɕʰj,ʊ,³³,l,o,
37124,鄄,kʷiᴇn³¹,kʷ,iᴇn,³¹,kʷ,e,ns
37125,鄅,ɦʲjʊ³⁵,ɦʲj,ʊ,³⁵,ɢʷ,a,ʔ
37126,鄆,,,,,ɢr,u,ns
37127,鄇,ɦu³³,ɦ,u,³³,ɡ,o,̠
37128,鄈,ɡʷi³³,ɡʷ,i,³³,ɡʷ,i,l
37129,鄉,hjaŋ³³,hj,aŋ,³³,qh,a,ŋ
37130,鄊,,,,,,,
37131,鄋,ʂɨu³³,ʂ,ɨu,³³,sr,u,
37132,鄌,dɑŋ³³,d,ɑŋ,³³,,,
37133,鄍,meŋ³³,m,eŋ,³³,m,e,̠ŋ
37134,鄎,sɨk³̲³̲,s,ɨk̲̲,³,sl,ɯ,ɡ
37135,鄏,,,,,nj,o,ɡ
37136,鄐,ʈʰjuk³̲³̲,ʈʰj,uk̲̲,³,qh,u,ɡ
37137,鄑,,,,,s,e,l
37138,鄒,tʂɨu³³,tʂ,ɨu,³³,sr,u,
37139,鄓,,,,,,,
37140,鄔,ʔu̯o³⁵,ʔ,u̯o,³⁵,q,a,̠ʔ
37141,鄕,,,,,,,
37142,鄖,ɦʲjun³³,ɦʲj,un,³³,ɢr,u,n
37143,鄗,kʰɰæu³³,kʰɰæ,u,³³,qh,o,̠wɡ
37144,鄘,jʊŋ³³,j,ʊŋ,³³,l,o,ŋ
37145,鄙,pɰi³⁵,pɰ,i,³⁵,pr,ɯ,ʔ
37146,鄚,mɑk³̲³̲,m,ɑk̲̲,³,m,a,̠ɡ
37147,鄛,dʐɰæu³³,dʐɰæ,u,³³,sɡr,a,̠w
37148,鄜,pʰjʊ³³,pʰj,ʊ,³³,phr,o,
37149,鄝,leu³⁵,l,eu,³⁵,ɡ,ə,r
37150,鄞,ŋɨn³³,ŋ,ɨn,³³,ŋɡr,ɯ,n
37151,鄟,dʑʷiᴇn³⁵,dʑʷ,iᴇn,³⁵,tj,o,n
37152,鄠,ɦu̯o³⁵,ɦ,u̯o,³⁵,ɡʷ,a,̠ʔ
37153,鄡,kʰeu³³,kʰ,eu,³³,kh,e,̠w
37154,鄢,ʔʷjɤn³⁵,ʔʷj,ɤn,³⁵,q,a,nʔ
37155,鄣,tɕjaŋ³³,tɕj,aŋ,³³,klj,a,ŋ
37156,鄤,mʷjɤn³³,mʷj,ɤn,³³,m,o,ns
37157,鄥,,,,,,,
37158,鄦,hjɤ³⁵,hj,ɤ,³⁵,m̥h,a,ʔ
37159,鄧,dəŋ³¹,d,əŋ,³¹,d,ɯ,̠ŋs
37160,鄨,piᴇt³̲³̲,p,iᴇt̲̲,³,p,e,ds
37161,鄩,zim³³,z,im,³³,sɢl,u,m
37162,鄪,pɰi³¹,pɰ,i,³¹,pr,ɯ,ds
37163,鄫,dzɨŋ³³,dz,ɨŋ,³³,z,ɯ,ŋ
37164,鄬,ɦʲʷiᴇ³³,ɦʲʷ,iᴇ,³³,ɢʷ,a,lʔ
37165,鄭,ɖiᴇŋ³¹,ɖ,iᴇŋ,³¹,d,e,ŋs
37166,鄮,mu³¹,m,u,³¹,mbl,u,s
37167,鄯,dʑiᴇn³⁵,dʑ,iᴇn,³⁵,dj,e,nʔ
37168,鄰,lin³³,l,in,³³,r,i,n
37169,鄱,bʷɑ³³,bʷ,ɑ,³³,b,a,̠l
37170,鄲,tɑn³³,t,ɑn,³³,t,a,̠n
37171,鄳,mɰæŋ³⁵,mɰæŋ,,³⁵,mbr,e,̠ŋʔ
37172,鄴,ŋjap³̲³̲,ŋj,ap̲̲,³,ŋ,a,b
37173,鄵,tsʰəm³³,tsʰ,əm,³³,sh,a,̠ws
37174,鄶,kʷɑi³¹,kʷ,ɑi,³¹,k,o,̠bs
37175,鄷,,,,,ph,u,ŋ
37176,鄸,muŋ³³,m,uŋ,³³,m,ɯ,ŋs
37177,鄹,dzjʊ³⁵,dzj,ʊ,³⁵,skr,u,
37178,鄺,hʷɑŋ³³,hʷ,ɑŋ,³³,,,
37179,鄻,liᴇn³⁵,l,iᴇn,³⁵,r,e,nʔ
37180,鄼,tsʷɑn³⁵,tsʷ,ɑn,³⁵,s,o,̠nʔ
37181,鄽,ɖiᴇn³³,ɖ,iᴇn,³³,d,a,n
37182,鄾,ʔɨu³³,ʔ,ɨu,³³,ql,u,
37183,鄿,kɨi³³,k,ɨi,³³,,,
37184,酀,ʔen³³,ʔ,en,³³,q,e,̠ns
37185,酁,dʐɰɛm³³,dʐɰ,ɛm,³³,zr,ɯ,̠m
37186,酂,,,,,,,
37187,酃,leŋ³³,l,eŋ,³³,r,e,̠ŋ
37188,酄,kʰʷɰiᴇn³³,kʰʷɰ,iᴇn,³³,qh,o,̠n
37189,酅,zʷiᴇn³⁵,zʷ,iᴇn,³⁵,ɢʷ,e,̠
37190,酆,pʰjuŋ³³,pʰj,uŋ,³³,ph,u,ŋ
37191,酇,tsɑn³¹,ts,ɑn,³¹,s,a,̠ns
37192,酈,liᴇ³³,l,iᴇ,³³,b,ə,r
37193,酉,jɨu³⁵,j,ɨu,³⁵,ɢl,u,ʔ
37194,酊,teŋ³⁵,t,eŋ,³⁵,t,e,̠ŋʔ
37195,酋,tsʰɨu³³,tsʰ,ɨu,³³,sɡ,u,
37196,酌,tɕjak³̲³̲,tɕj,ak̲̲,³,plj,e,wɡ
37197,配,pʰu̯oi³¹,pʰ,u̯oi,³¹,ph,ɯ,̠ds
37198,酎,ɖɨu³¹,ɖ,ɨu,³¹,ɡ‧r,u,s
37199,酏,jiᴇ³⁵,j,iᴇ,³⁵,l,a,l
37200,酐,hɑŋ³⁵,h,ɑŋ,³⁵,,,
37201,酑,,,,,,,
37202,酒,tsɨu³⁵,ts,ɨu,³⁵,sk,u,ʔ
37203,酓,ʔiᴇm³⁵,ʔ,iᴇm,³⁵,ql,a,mʔ
37204,酔,,,,,,,
37205,酕,mɑu³³,m,ɑu,³³,,,
37206,酖,təm³³,t,əm,³³,k‧l,u,̠m
37207,酗,hjʊ³¹,hj,ʊ,³¹,qh,o,s
37208,酘,du³¹,d,u,³¹,,,
37209,酙,,,,,,,
37210,酚,,,,,,,
37211,酛,,,,,,,
37212,酜,,,,,,,
37213,酝,ʔjun³⁵,ʔj,un,³⁵,,,
37214,酞,,,,,,,
37215,酟,tʰem³³,tʰ,em,³³,,,
37216,酠,,,,,,,
37217,酡,dɑ³⁵,d,ɑ,³⁵,l,a,̠l
37218,酢,dzɑk³̲³̲,dz,ɑk̲̲,³,z,a,̠ɡ
37219,酣,ɦɑm³³,ɦ,ɑm,³³,ɡ,a,̠m
37220,酤,ku̯o³⁵,k,u̯o,³⁵,ɡ,a,̠ʔ
37221,酥,su̯o³³,s,u̯o,³³,,,
37222,酦,pʰʷɑt³̲³̲,pʰʷ,ɑt̲̲,³,,,
37223,酧,,,,,,,
37224,酨,tsəi³¹,ts,əi,³¹,l,ɯ,̠s
37225,酩,meŋ³⁵,m,eŋ,³⁵,m,e,̠ŋʔ
37226,酪,lɑk³̲³̲,l,ɑk̲̲,³,ɡ,ə,r
37227,酫,,,,,,,
37228,酬,dʑɨu³³,dʑ,ɨu,³³,ɡlj,u,
37229,酭,ɦʲɨu³¹,ɦʲ,ɨu,³¹,,,
37230,酮,duŋ³⁵,d,uŋ,³⁵,,,
37231,酯,,,,,,,
37232,酰,,,,,,,
37233,酱,tsjaŋ³¹,tsj,aŋ,³¹,,,
37234,酲,ɖiᴇŋ³³,ɖ,iᴇŋ,³³,ɡ‧l,e,ŋ
37235,酳,jin³¹,j,in,³¹,l,i,ns
37236,酴,du̯o³³,d,u̯o,³³,ɡ‧l,a,̠
37237,酵,kɰæu³¹,kɰæ,u,³¹,,,
37238,酶,mu̯oi³³,m,u̯oi,³³,,,
37239,酷,hɑk³̲³̲,h,ɑk̲̲,³,kh,u,̠ɡ
37240,酸,sʷɑn³³,sʷ,ɑn,³³,sqh,o,̠n
37241,酹,lʷɑt³̲³̲,lʷ,ɑt̲̲,³,r,o,̠ds
37242,酺,bu̯o³³,b,u̯o,³³,b,a,̠
37243,酻,,,,,,,
37244,酼,,,,,,,
37245,酽,ŋjam³¹,ŋj,am,³¹,,,
37246,酾,,,,,,,
37247,酿,ɳjaŋ³¹,ɳj,aŋ,³¹,,,
37248,醀,tɕʷiᴇ³¹,tɕʷ,iᴇ,³¹,,,
37249,醁,luk³̲³̲,l,uk̲̲,³,b,ə,r
37250,醂,ləm³⁵,l,əm,³⁵,,,
37251,醃,ʔjam³³,ʔj,am,³³,,,
37252,醄,dɑu³³,d,ɑu,³³,,,
37253,醅,pʰu³⁵,pʰ,u,³⁵,ph,ɯ,̠
37254,醆,tɕiᴇn³⁵,tɕ,iᴇn,³⁵,sr,e,̠nʔ
37255,醇,dʑʷin³³,dʑʷ,in,³³,ɡlj,u,n
37256,醈,dɑm³³,d,ɑm,³³,,,
37257,醉,tsʷi³¹,tsʷ,i,³¹,s,u,ds
37258,醊,ʈʷiᴇi³¹,ʈʷ,iᴇi,³¹,t,o,ds
37259,醋,tsʰu̯o³¹,tsʰ,u̯o,³¹,sh,a,̠ɡs
37260,醌,,,,,,,
37261,醍,dei³³,d,ei,³³,ɡ‧l,e,̠
37262,醎,ɦɰɛm³³,ɦɰ,ɛm,³³,ɡr,o,̠m
37263,醏,tu̯o³³,t,u̯o,³³,,,
37264,醐,ɦu̯o³³,ɦ,u̯o,³³,ɡ,a,̠
37265,醑,sjɤ³⁵,sj,ɤ,³⁵,sŋ,a,ʔ
37266,醒,seŋ³³,s,eŋ,³³,sl,e,̠ŋs
37267,醓,tʰəm³⁵,tʰ,əm,³⁵,kh‧l,u,̠mʔ
37268,醔,tsɨu³³,ts,ɨu,³³,,,
37269,醕,,,,,,,
37270,醖,ʔɨn³⁵,ʔ,ɨn,³⁵,q,u,nʔ
37271,醗,,,,,,,
37272,醘,kʰɑp³̲³̲,kʰ,ɑp̲̲,³,,,
37273,醙,sɨu³⁵,s,ɨu,³⁵,sl,u,ʔ
37274,醚,,,,,,,
37275,醛,tʂʰʷiᴇt³̲³̲,tʂʰʷ,iᴇt̲̲,³,,,
37276,醜,tɕʰɨu³⁵,tɕʰ,ɨu,³⁵,khlj,u,ʔ
37277,醝,tsʰɑ³⁵,tsʰ,ɑ,³⁵,z,a,̠l
37278,醞,ʔjun³⁵,ʔj,un,³⁵,q,u,ns
37279,醟,hiᴇŋ³¹,h,iᴇŋ,³¹,qhʷ,e,ŋs
37280,醠,ʔɑŋ³¹,ʔ,ɑŋ,³¹,q,a,̠ŋʔ
37281,醡,tʂɰɛ³¹,tʂɰ,ɛ,³¹,,,
37282,醢,həi³⁵,h,əi,³⁵,qh,ɯ,̠ʔ
37283,醣,,,,,,,
37284,醤,,,,,,,
37285,醥,pʰiᴇu³⁵,pʰ,iᴇu,³⁵,,,
37286,醦,tʂʰim³⁵,tʂʰ,im,³⁵,,,
37287,醧,ʔu³¹,ʔ,u,³¹,q,o,̠
37288,醨,liᴇ³³,l,iᴇ,³³,b,ə,r
37289,醩,tsɑu³³,ts,ɑu,³³,sk,u,̠
37290,醪,lɑu³³,l,ɑu,³³,ɡ,ə,r
37291,醫,ʔɨ³³,ʔ,ɨ,³³,q,ɯ,
37292,醬,tsjaŋ³¹,tsj,aŋ,³¹,sk,a,ŋs
37293,醭,pʰuk³̲³̲,pʰ,uk̲̲,³,,,
37294,醮,dziᴇu³³,dz,iᴇu,³³,sk,e,ws
37295,醯,hei³³,h,ei,³³,qh,e,̠
37296,醰,dəm³⁵,d,əm,³⁵,ɡ‧l,u,̠mʔ
37297,醱,pʰʷɑt³̲³̲,pʰʷ,ɑt̲̲,³,,,
37298,醲,ɳɰɔŋ³³,ɳɰɔŋ,,³³,n,o,ŋ
37299,醳,jiᴇk³̲³̲,j,iᴇk̲̲,³,ɢl,a,ɡ
37300,醴,lei³⁵,l,ei,³⁵,r,i,̠ʔ
37301,醵,ɡjak³̲³̲,ɡj,ak̲̲,³,ɡl,a,ɡ
37302,醶,tʂʰɰæm³⁵,tʂʰɰæm,,³⁵,skhr,o,̠mʔ
37303,醷,ʔɨ³⁵,ʔ,ɨ,³⁵,q,ɯ,ʔ
37304,醸,ɳjaŋ³¹,ɳj,aŋ,³¹,,,
37305,醹,ȵjʊ³³,ȵj,ʊ,³³,nj,o,
37306,醺,hjun³³,hj,un,³³,qh,u,n
37307,醻,dʑɨu³¹,dʑ,ɨu,³¹,ɡlj,u,
37308,醼,ʔen³⁵,ʔ,en,³⁵,q,e,̠ns
37309,醽,leŋ³³,l,eŋ,³³,,,
37310,醾,mɰiᴇ³³,mɰ,iᴇ,³³,,,
37311,醿,mɰiᴇ³³,mɰ,iᴇ,³³,,,
37312,釀,ɳjaŋ³¹,ɳj,aŋ,³¹,m‧l ,a,ŋs
37313,釁,hɰin³¹,hɰ,in,³¹,m̥hr,ɯ,ns
37314,釂,tsiᴇu³¹,ts,iᴇu,³¹,sk,e,wɡs
37315,釃,liᴇ³³,l,iᴇ,³³,spr,e,l
37316,釄,,,,,,,
37317,釅,ŋjam³¹,ŋj,am,³¹,,,
37318,釆,bɰɛn³¹,bɰ,ɛn,³¹,br,a,̠ns
37319,采,tsʰəi³⁵,tsʰ,əi,³⁵,sh,ɯ,̠ʔ
37320,釈,,,,,,,
37321,釉,jɨu³¹,j,ɨu,³¹,,,
37322,释,ɕiᴇk³̲³̲,ɕ,iᴇk̲̲,³,,,
37323,釋,ɕiᴇk³̲³̲,ɕ,iᴇk̲̲,³,qhlj,a,ɡ
37324,里,lɨ³⁵,l,ɨ,³⁵,m,ə,r
37325,重,ɖjʊŋ³³,ɖj,ʊŋ,³³,d,o,ŋʔ
37326,野,dʑjɤ³⁵,dʑj,ɤ,³⁵,ɡlj,a,̠ʔ
37327,量,ljaŋ³³,lj,aŋ,³³,ɡ,ə,r
37328,釐,lɑi³¹,l,ɑi,³¹,ɡ,ə,r
37329,金,kɰim³³,kɰ,im,³³,kr,ɯ,m
37330,釒,,,,,,,
37331,釓,,,,,,,
37332,釔,,,,,,,
37333,釕,teu³⁵,t,eu,³⁵,,,
37334,釖,tɑu³³,t,ɑu,³³,,,
37335,釗,tɕiᴇu³³,tɕ,iᴇu,³³,klj,e,w
37336,釘,teŋ³¹,t,eŋ,³¹,t,e,̠ŋs
37337,釙,pʰɰɔk³̲³̲,pʰɰɔk̲̲,,³,,,
37338,釚,ɡɨu³³,ɡ,ɨu,³³,,,
37339,釛,pɰɛt³̲³̲,pɰ,ɛt̲̲,³,,,
37340,釜,bjʊ³⁵,bj,ʊ,³⁵,b,a,ʔ
37341,針,tɕim³³,tɕ,im,³³,kj,u,ms
37342,釞,,,,,,,
37343,釟,pɰɛt³̲³̲,pɰ,ɛt̲̲,³,,,
37344,釠,,,,,,,
37345,釡,bjʊ³⁵,bj,ʊ,³⁵,,,
37346,釢,,,,,,,
37347,釣,teu³¹,t,eu,³¹,p‧l,e,̠wɡs
37348,釤,ʂɰɛm³³,ʂɰ,ɛm,³³,sr,a,̠ms
37349,釥,tsʰiᴇu³⁵,tsʰ,iᴇu,³⁵,sph,e,wʔ
37350,釦,kʰu³¹,kʰ,u,³¹,kh,o,̠ʔ
37351,釧,tɕʰʷiᴇn³¹,tɕʰʷ,iᴇn,³¹,,,
37352,釨,tsɨ³⁵,ts,ɨ,³⁵,k,e,d
37353,釩,pʰju̯am³⁵,pʰj,u̯am,³⁵,,,
37354,釪,ɦʲjʊ³³,ɦʲj,ʊ,³³,,,
37355,釫,ʔu̯o³³,ʔ,u̯o,³³,ɡʷr,a,̠
37356,釬,kɑn³³,k,ɑn,³³,ɡ,a,̠ns
37357,釭,ku̯oŋ³³,k,u̯oŋ,³³,k,u,̠ŋ
37358,釮,,,,,,,
37359,釯,,,,,,,
37360,釰,ȵit³̲³̲,ȵ,it̲̲,³,,,
37361,釱,dɑi³¹,d,ɑi,³¹,d,a,̠ds
37362,釲,zɨ³⁵,z,ɨ,³⁵,,,
37363,釳,ŋɨt³̲³̲,ŋ,ɨt̲̲,³,qh,ɯ,d
37364,釴,jɨk³̲³̲,j,ɨk̲̲,³,l,ɯ,ɡ
37365,釵,tʂʰɰɛ³³,tʂʰɰ,ɛ,³³,skhr,a,̠l
37366,釶,,,,,l̥,a,l
37367,釷,,,,,,,
37368,釸,,,,,,,
37369,釹,,,,,,,
37370,釺,,,,,,,
37371,釻,,,,,,,
37372,釼,,,,,,,
37373,釽,,,,,,,
37374,釾,jæ³³,jæ,,³³,ɢ,a,̠
37375,釿,ŋɰin³⁵,ŋɰ,in,³⁵,k,ɯ,n
37376,鈀,pʰɰæ³³,pʰɰæ,,³³,phr,a,̠
37377,鈁,pʷjaŋ³³,pʷj,aŋ,³³,p,a,ŋ
37378,鈂,dzim³³,dz,im,³³,ɡ‧l,u,m
37379,鈃,ɦɰɛŋ³³,ɦɰ,ɛŋ,³³,ɡ,e,̠ŋ
37380,鈄,tʰu³⁵,tʰ,u,³⁵,th,o,̠ʔ
37381,鈅,ŋʷjɤt³̲³̲,ŋʷj,ɤt̲̲,³,,,
37382,鈆,jʷiᴇn³³,jʷ,iᴇn,³³,ɢl,o,n
37383,鈇,pjʊ³³,pj,ʊ,³³,p,a,
37384,鈈,,,,,,,
37385,鈉,ȵʷiᴇi³¹,ȵʷ,iᴇi,³¹,,,
37386,鈊,tsʰim³¹,tsʰ,im,³¹,,,
37387,鈋,ŋʷɑ³³,ŋʷ,ɑ,³³,ŋʷ,a,̠l
37388,鈌,ʔʷet³̲³̲,ʔʷ,et̲̲,³,kʷ,e,̠d
37389,鈍,du̯on³¹,d,u̯on,³¹,ɡ‧l,u,̠nʔ
37390,鈎,,,,,,,
37391,鈏,jin³⁵,j,in,³⁵,l,i,nʔ
37392,鈐,ɦəm³³,ɦ,əm,³³,ɡr,a,m
37393,鈑,pɰæn³⁵,pɰæn,,³⁵,pr,a,̠nʔ
37394,鈒,ʂip³̲³̲,ʂ,ip̲̲,³,sqr,ɯ,b
37395,鈓,ɳɰim³⁵,ɳɰ,im,³⁵,,,
37396,鈔,tɕʰiᴇu³⁵,tɕʰ,iᴇu,³⁵,sphr,e,̠ws
37397,鈕,ɳɨu³⁵,ɳ,ɨu,³⁵,m‧l,u,ʔ
37398,鈖,,,,,,,
37399,鈗,jʷiᴇi³¹,jʷ,iᴇi,³¹,ɢl,u,nʔ
37400,鈘,ŋɰiᴇ³⁵,ŋɰ,iᴇ,³⁵,,,
37401,鈙,ɡɰim³¹,ɡɰ,im,³¹,ɡr,ɯ,ms
37402,鈚,pʰei³³,pʰ,ei,³³,b,i,
37403,鈛,kʷɑ³³,kʷ,ɑ,³³,,,
37404,鈜,ɦʷɰɛŋ³³,ɦʷɰ,ɛŋ,³³,,,
37405,鈝,,,,,,,
37406,鈞,kʷin³³,kʷ,in,³³,kʷ,i,n
37407,鈟,,,,,,,
37408,鈠,jiᴇk³̲³̲,j,iᴇk̲̲,³,ɢʷ,e,ɡ
37409,鈡,,,,,,,
37410,鈢,,,,,,,
37411,鈣,,,,,,,
37412,鈤,,,,,,,
37413,鈥,,,,,,,
37414,鈦,,,,,,,
37415,鈧,,,,,,,
37416,鈨,,,,,,,
37417,鈩,,,,,,,
37418,鈪,,,,,,,
37419,鈫,,,,,,,
37420,鈬,,,,,,,
37421,鈭,tsiᴇ³³,ts,iᴇ,³³,sh,e,
37422,鈮,nei³⁵,n,ei,³⁵,,,
37423,鈯,du̯ot³̲³̲,d,u̯ot̲̲,³,,,
37424,鈰,dʐɨ³⁵,dʐ,ɨ,³⁵,,,
37425,鈱,mɰin³³,mɰ,in,³³,,,
37426,鈲,ku̯o³³,k,u̯o,³³,,,
37427,鈳,ʔɑ³⁵,ʔ,ɑ,³⁵,,,
37428,鈴,leŋ³³,l,eŋ,³³,ɡ,ə,r
37429,鈵,pɰjæŋ³¹,pɰjæŋ,,³¹,pkr,a,ŋʔ
37430,鈶,zɨ³³,z,ɨ,³³,sɢl,ɯ,ʔ
37431,鈷,ku̯o³¹,k,u̯o,³¹,,,
37432,鈸,bʷɑt³̲³̲,bʷ,ɑt̲̲,³,,,
37433,鈹,pʰɰiᴇ³³,pʰɰ,iᴇ,³³,phr,a,l
37434,鈺,,,,,,,
37435,鈻,zɨ³⁵,z,ɨ,³⁵,,,
37436,鈼,dzɑk³̲³̲,dz,ɑk̲̲,³,,,
37437,鈽,,,,,,,
37438,鈾,,,,,,,
37439,鈿,den³³,d,en,³³,,,
37440,鉀,ɦɑp³̲³̲,ɦ,ɑp̲̲,³,kr,a,̠b
37441,鉁,ʈin³³,ʈ,in,³³,,,
37442,鉂,,,,,,,
37443,鉃,dʑi³⁵,dʑ,i,³⁵,,,
37444,鉄,ɖit³̲³̲,ɖ,it̲̲,³,ɡ‧l,i,d
37445,鉅,ɡjɤ³⁵,ɡj,ɤ,³⁵,ɡ,a,ʔ
37446,鉆,ɡɰiᴇm³³,ɡɰ,iᴇm,³³,ɡr,e,m
37447,鉇,ɕiᴇ³³,ɕ,iᴇ,³³,,,
37448,鉈,ɕiᴇ³¹,ɕ,iᴇ,³¹,l̥,a,l
37449,鉉,ɦʷen³⁵,ɦʷ,en,³⁵,ɡʷ,i,̠nʔ
37450,鉊,tɕiᴇu³³,tɕ,iᴇu,³³,tj,e,w
37451,鉋,bɰæu³¹,bɰæ,u,³¹,,,
37452,鉌,ɦʷɑ³³,ɦʷ,ɑ,³³,,,
37453,鉍,pɰi³¹,pɰ,i,³¹,,,
37454,鉎,ʂɰæŋ³³,ʂɰæŋ,,³³,,,
37455,鉏,tsu̯o³³,ts,u̯o,³³,sɡr,a,ʔ
37456,鉐,dʑiᴇk³̲³̲,dʑ,iᴇk̲̲,³,,,
37457,鉑,bɑk³̲³̲,b,ɑk̲̲,³,,,
37458,鉒,ʈjʊ³¹,ʈj,ʊ,³¹,t,o,s
37459,鉓,ʈʰɨk³̲³̲,ʈʰ,ɨk̲̲,³,,,
37460,鉔,,,,,,,
37461,鉕,pʰʷɑ³³,pʰʷ,ɑ,³³,,,
37462,鉖,du̯oŋ³³,d,u̯oŋ,³³,,,
37463,鉗,ɡjam³³,ɡj,am,³³,ɡr,a,m
37464,鉘,,,,,,,
37465,鉙,,,,,,,
37466,鉚,lɨu³⁵,l,ɨu,³⁵,,,
37467,鉛,jʷiᴇn³³,jʷ,iᴇn,³³,ɢl,o,n
37468,鉜,bɨu³³,b,ɨu,³³,b,u,
37469,鉝,lip³̲³̲,l,ip̲̲,³,,,
37470,鉞,ɦʲʷjɤt³̲³̲,ɦʲʷj,ɤt̲̲,³,ɢʷ,a,d
37471,鉟,bɰi³³,bɰ,i,³³,phr,ɯ,
37472,鉠,ʔɰjæŋ³³,ʔɰjæŋ,,³³,qr,a,ŋ
37473,鉡,bʷɑn³⁵,bʷ,ɑn,³⁵,,,
37474,鉢,pʷɑt³̲³̲,pʷ,ɑt̲̲,³,,,
37475,鉣,kjap³̲³̲,kj,ap̲̲,³,k,a,b
37476,鉤,ɡjʊ³³,ɡj,ʊ,³³,k,o,̠
37477,鉥,sʷit³̲³̲,sʷ,it̲̲,³,ɢlj,u,d
37478,鉦,tɕiᴇŋ³³,tɕ,iᴇŋ,³³,kj,e,ŋ
37479,鉧,,,,,,,
37480,鉨,,,,,,,
37481,鉩,nep³̲³̲,n,ep̲̲,³,,,
37482,鉪,,,,,,,
37483,鉫,,,,,,,
37484,鉬,,,,,,,
37485,鉭,,,,,,,
37486,鉮,,,,,,,
37487,鉯,,,,,,,
37488,鉰,,,,,,,
37489,鉱,,,,,,,
37490,鉲,,,,,,,
37491,鉳,,,,,,,
37492,鉴,kɰæm³¹,kɰæm,,³¹,,,
37493,鉵,du̯oŋ³³,d,u̯oŋ,³³,ɡ‧l,u,̠ŋ
37494,鉶,ɦeŋ³³,ɦ,eŋ,³³,ɡ,e,̠ŋ
37495,鉷,ɦuŋ³³,ɦ,uŋ,³³,ɡl,o,̠ŋ
37496,鉸,kɰæu³⁵,kɰæ,u,³⁵,,,
37497,鉹,ɕiᴇ³⁵,ɕ,iᴇ,³⁵,ɢl,a,l
37498,鉺,,,,,,,
37499,鉻,kɰæk³̲³̲,kɰæk̲̲,,³,ɡ,ə,r
37500,鉼,beŋ³³,b,eŋ,³³,p,e,ŋʔ
37501,鉽,ɕɨk³̲³̲,ɕ,ɨk̲̲,³,,,
37502,鉾,mu³³,m,u,³³,,,
37503,鉿,kəp³̲³̲,k,əp̲̲,³,k,u,̠b
37504,銀,ŋɰin³³,ŋɰ,in,³³,ŋɡr,ɯ,n
37505,銁,kʷin³³,kʷ,in,³³,,,
37506,銂,,,,,,,
37507,銃,tɕʰjuk³̲³̲,tɕʰj,uk̲̲,³,,,
37508,銄,,,,,,,
37509,銅,duŋ³³,d,uŋ,³³,d,o,̠ŋ
37510,銆,mɰæk³̲³̲,mɰæk̲̲,,³,,,
37511,銇,lu̯oi³¹,l,u̯oi,³¹,,,
37512,銈,,,,,,,
37513,銉,jʷit³̲³̲,jʷ,it̲̲,³,,,
37514,銊,sʷit³̲³̲,sʷ,it̲̲,³,,,
37515,銋,ȵim³³,ȵ,im,³³,mblj,u,m
37516,銌,,,,,,,
37517,銍,tɕit³̲³̲,tɕ,it̲̲,³,klj,i,ɡ
37518,銎,hjʊŋ³³,hj,ʊŋ,³³,kh,o,ŋ
37519,銏,tʂʰɰɛk³̲³̲,tʂʰɰ,ɛk̲̲,³,,,
37520,銐,ɖiᴇi³¹,ɖ,iᴇi,³¹,,,
37521,銑,sen³⁵,s,en,³⁵,sl,ɯ,̠nʔ
37522,銒,,,,,,,
37523,銓,tsʰʷiᴇn³³,tsʰʷ,iᴇn,³³,skh,o,n
37524,銔,bɰi³³,bɰ,i,³³,phr,ɯ,
37525,銕,ji³³,j,i,³³,ph‧l,i,̠d
37526,銖,dʑjʊ³³,dʑj,ʊ,³³,dj,o,
37527,銗,ɦu³³,ɦ,u,³³,ɡ,o,̠
37528,銘,meŋ³³,m,eŋ,³³,m,e,̠ŋ
37529,銙,kʰɰɛ³⁵,kʰɰ,ɛ,³⁵,,,
37530,銚,tʰeu³¹,tʰ,eu,³¹,ɡ‧l,e,̠ws
37531,銛,siᴇm³³,s,iᴇm,³³,sl,e,m
37532,銜,ɦɰæm³³,ɦɰæm,,³³,ɡr,a,̠m
37533,銝,,,,,,,
37534,銞,,,,,,,
37535,銟,,,,,,,
37536,銠,,,,,,,
37537,銡,,,,,,,
37538,銢,,,,,,,
37539,銣,,,,,,,
37540,銤,,,,,,,
37541,銥,,,,,,,
37542,銦,,,,,,,
37543,銧,,,,,,,
37544,銨,,,,,,,
37545,銩,,,,,,,
37546,銪,,,,,,,
37547,銫,,,,,,,
37548,銬,,,,,,,
37549,銭,,,,,,,
37550,銮,,,,,,,
37551,銯,,,,,,,
37552,銰,,,,,,,
37553,銱,,,,,,,
37554,銲,ɦɑn³¹,ɦ,ɑn,³¹,,,
37555,銳,dʷɑi³¹,dʷ,ɑi,³¹,,,
37556,銴,dʑiᴇi³¹,dʑ,iᴇi,³¹,ɢʷl,e,ds
37557,銵,kʰɰɛŋ³³,kʰɰ,ɛŋ,³³,,,
37558,銶,ɡju³³,ɡj,u,³³,ɡ,u,
37559,銷,siᴇu³³,s,iᴇu,³³,spl,e,w
37560,銸,ʈiᴇp³̲³̲,ʈ,iᴇp̲̲,³,t,e,b
37561,銹,sɨu³¹,s,ɨu,³¹,,,
37562,銺,dzɑŋ³⁵,dz,ɑŋ,³⁵,,,
37563,銻,dei³³,d,ei,³³,ɡ‧l,i,̠l
37564,銼,tsʰʷɑ³¹,tsʰʷ,ɑ,³¹,z,o,̠ɡ
37565,銽,kʷɰæt³̲³̲,kʷɰæt̲̲,,³,,,
37566,銾,ɦuŋ³⁵,ɦ,uŋ,³⁵,,,
37567,銿,jʊŋ³³,j,ʊŋ,³³,l,o,ŋ
37568,鋀,du³⁵,d,u,³⁵,,,
37569,鋁,ljɤ³¹,lj,ɤ,³¹,ɡ,ə,r
37570,鋂,mɰɛŋ³³,mɰ,ɛŋ,³³,m,ɯ,̠
37571,鋃,lɑŋ³³,l,ɑŋ,³³,r,a,̠ŋ
37572,鋄,,,,,,,
37573,鋅,tsɨ³⁵,ts,ɨ,³⁵,,,
37574,鋆,,,,,,,
37575,鋇,pɑi³¹,p,ɑi,³¹,,,
37576,鋈,ʔɑk³̲³̲,ʔ,ɑk̲̲,³,q,u,ɡ
37577,鋉,,,,,,,
37578,鋊,,,,,ɢl,o,ɡ
37579,鋋,jiᴇn³³,j,iᴇn,³³,ɡlj,a,n
37580,鋌,deŋ³⁵,d,eŋ,³⁵,ɡ‧l,e,̠ŋʔ
37581,鋍,bu̯ot³̲³̲,b,u̯ot̲̲,³,,,
37582,鋎,ɦɰæn³⁵,ɦɰæn,,³⁵,,,
37583,鋏,kep³̲³̲,k,ep̲̲,³,k,e,̠b
37584,鋐,,,,,,,
37585,鋑,tsʷiᴇn³³,tsʷ,iᴇn,³³,,,
37586,鋒,pʰjʊŋ³³,pʰj,ʊŋ,³³,ph,o,ŋ
37587,鋓,ʈʰiᴇm³³,ʈʰ,iᴇm,³³,,,
37588,鋔,,,,,,,
37589,鋕,tɕɨ³¹,tɕ,ɨ,³¹,,,
37590,鋖,si³³,s,i,³³,,,
37591,鋗,ɦʷen³⁵,ɦʷ,en,³⁵,qhʷ,e,̠n
37592,鋘,ɦʷɰæ³³,ɦʷɰæ,,³³,ŋɡʷ,a,̠
37593,鋙,ŋjɤ³⁵,ŋj,ɤ,³⁵,ŋ,a,ʔ
37594,鋚,deu³³,d,eu,³³,ɡ‧l,ɯ,̠w
37595,鋛,,,,,,,
37596,鋜,tʂʰɰɔk³̲³̲,tʂʰɰɔk̲̲,,³,,,
37597,鋝,ʂʷiᴇt³̲³̲,ʂʷ,iᴇt̲̲,³,sr,o,d
37598,鋞,ɦɰɛŋ³³,ɦɰ,ɛŋ,³³,ɡ,e,̠ŋ
37599,鋟,tsim³⁵,ts,im,³⁵,sk,e,m
37600,鋠,dʑin³⁵,dʑ,in,³⁵,,,
37601,鋡,ɦəm³³,ɦ,əm,³³,ɡ,ɯ,̠m
37602,鋢,,,,,,,
37603,鋣,jæ³³,jæ,,³³,ɢ,a,
37604,鋤,dʐjɤ³³,dʐj,ɤ,³³,sɡr,a,
37605,鋥,ɖɰæŋ³¹,ɖɰæŋ,,³¹,ɡ‧r,e,̠ŋs
37606,鋦,kjʊk³̲³̲,kj,ʊk̲̲,³,,,
37607,鋧,ɦen³⁵,ɦ,en,³⁵,,,
37608,鋨,,,,,,,
37609,鋩,mʷjaŋ³³,mʷj,aŋ,³³,,,
37610,鋪,pʰjʊ³³,pʰj,ʊ,³³,ph,a,̠s
37611,鋫,li³³,l,i,³³,,,
37612,鋬,pʰɰæn³¹,pʰɰæn,,³¹,,,
37613,鋭,,,,,ɡ‧l,o,̠ds
37614,鋮,,,,,,,
37615,鋯,,,,,,,
37616,鋰,,,,,,,
37617,鋱,,,,,,,
37618,鋲,,,,,,,
37619,鋳,,,,,,,
37620,鋴,,,,,,,
37621,鋵,,,,,,,
37622,鋶,,,,,,,
37623,鋷,,,,,,,
37624,鋸,kjɤ³¹,kj,ɤ,³¹,k,a,s
37625,鋹,ʈʰjaŋ³⁵,ʈʰj,aŋ,³⁵,kh‧l,a,ŋʔ
37626,鋺,ʔʷjɤn³³,ʔʷj,ɤn,³³,,,
37627,鋻,ken³¹,k,en,³¹,k,i,̠n
37628,鋼,kɑŋ³³,k,ɑŋ,³³,,,
37629,鋽,tʰeu³¹,tʰ,eu,³¹,,,
37630,鋾,dɑu³³,d,ɑu,³³,,,
37631,鋿,dʑjaŋ³³,dʑj,aŋ,³³,,,
37632,錀,pʰjun³³,pʰj,un,³³,,,
37633,錁,kʰʷɰæ³⁵,kʰʷɰæ,,³⁵,,,
37634,錂,,,,,,,
37635,錃,pɰiᴇ³³,pɰ,iᴇ,³³,,,
37636,錄,,,,,b,ə,r
37637,錅,,,,,,,
37638,錆,,,,,,,
37639,錇,bɨu³³,b,ɨu,³³,,,
37640,錈,kʰʷɰiᴇn³³,kʰʷɰ,iᴇn,³³,kr,o,nʔ
37641,錉,mɰin³³,mɰ,in,³³,mr,u,n
37642,錊,tsu̯oi³¹,ts,u̯oi,³¹,,,
37643,錋,bɰæŋ³³,bɰæŋ,,³³,,,
37644,錌,ŋɑn³¹,ŋ,ɑn,³¹,,,
37645,錍,piᴇ³³,p,iᴇ,³³,p,e,
37646,錎,ɦɰɛm³¹,ɦɰ,ɛm,³¹,,,
37647,錏,ʔɰæ³³,ʔɰæ,,³³,qr,a,̠
37648,錐,tɕʷi³³,tɕʷ,i,³³,klj,u,l
37649,錑,lu̯oi³¹,l,u̯oi,³¹,,,
37650,錒,ʔɑ³³,ʔ,ɑ,³³,,,
37651,錓,,,,,,,
37652,錔,tʰəp³̲³̲,tʰ,əp̲̲,³,th,u,̠b
37653,錕,ku̯on³³,k,u̯on,³³,k,u,̠nʔ
37654,錖,tu̯ok³̲³̲,t,u̯ok̲̲,³,,,
37655,錗,ɳʷiᴇ³¹,ɳʷ,iᴇ,³¹,mɡl,o,ls
37656,錘,ɖʷiᴇ³³,ɖʷ,iᴇ,³³,d,o,l
37657,錙,tʂɨ³³,tʂ,ɨ,³³,sr,ɯ,
37658,錚,tʂɰɛŋ³³,tʂɰ,ɛŋ,³³,shr,e,̠ŋ
37659,錛,,,,,,,
37660,錜,nep³̲³̲,n,ep̲̲,³,mɡl,ɯ,̠b
37661,錝,tsu̯oŋ³¹,ts,u̯oŋ,³¹,s,u,̠ŋs
37662,錞,dʑʷin³³,dʑʷ,in,³³,ɡ‧l,u,̠lʔ
37663,錟,tʰɑm³³,tʰ,ɑm,³³,ɡ‧l,a,̠m
37664,錠,den³¹,d,en,³¹,k‧l,e,̠ŋs
37665,錡,ŋɰiᴇ³⁵,ŋɰ,iᴇ,³⁵,ŋɡr,a,lʔ
37666,錢,tsiᴇn³⁵,ts,iᴇn,³⁵,z,e,n
37667,錣,ʈʷiᴇi³¹,ʈʷ,iᴇi,³¹,rt,o,̠d
37668,錤,ɡɨ³³,ɡ,ɨ,³³,k,ɯ,
37669,錥,juk³̲³̲,j,uk̲̲,³,,,
37670,錦,kɰim³⁵,kɰ,im,³⁵,kr,ɯ,mʔ
37671,錧,kʷɑn³⁵,kʷ,ɑn,³⁵,k,o,̠nʔ
37672,錨,,,,,,,
37673,錩,,,,,,,
37674,錪,ten³⁵,t,en,³⁵,t,ɯ,̠nʔ
37675,錫,tʰek³̲³̲,tʰ,ek̲̲,³,l̥j,e,̠ɡ
37676,錬,tuŋ³³,t,uŋ,³³,,,
37677,錭,tɑu³³,t,ɑu,³³,ɡ‧l,u,̠w
37678,錮,ku̯o³¹,k,u̯o,³¹,k,a,̠ɡs
37679,錯,tsʰu̯o³¹,tsʰ,u̯o,³¹,sh,a,̠ɡs
37680,錰,,,,,,,
37681,錱,,,,,,,
37682,録,luk³̲³̲,l,uk̲̲,³,,,
37683,錳,,,,,,,
37684,錴,,,,,,,
37685,錵,,,,,,,
37686,錶,,,,,,,
37687,錷,,,,,,,
37688,錸,,,,,,,
37689,錹,,,,,,,
37690,錺,,,,,,,
37691,錻,,,,,,,
37692,錼,,,,,,,
37693,錽,mju̯am³⁵,mj,u̯am,³⁵,m,o,mʔ
37694,錾,dzɑm³¹,dz,ɑm,³¹,,,
37695,錿,,,,,,,
37696,鍀,,,,,,,
37697,鍁,,,,,,,
37698,鍂,,,,,,,
37699,鍃,,,,,,,
37700,鍄,,,,,,,
37701,鍅,,,,,,,
37702,鍆,,,,,,,
37703,鍇,ɦɰɛi³³,ɦɰ,ɛi,³³,kr,i,̠l
37704,鍈,ʔɰjæŋ³³,ʔɰjæŋ,,³³,,,
37705,鍉,tei³³,t,ei,³³,k‧l,e,̠
37706,鍊,len³¹,l,en,³¹,ɡ,ə,r
37707,鍋,kʷɑ³⁵,kʷ,ɑ,³⁵,kl,o,̠l
37708,鍌,sen³⁵,s,en,³⁵,,,
37709,鍍,du̯o³¹,d,u̯o,³¹,,,
37710,鍎,du̯ot³̲³̲,d,u̯ot̲̲,³,,,
37711,鍏,ɦʲʷɨi³⁵,ɦʲʷ,ɨi,³⁵,ɢʷ,ɯ,l
37712,鍐,,,,,sk,o,̠ŋs
37713,鍑,pjuk³̲³̲,pj,uk̲̲,³,p,u,ɡs
37714,鍒,ȵɨu³³,ȵ,ɨu,³³,mlj,u,
37715,鍓,dzip³̲³̲,dz,ip̲̲,³,,,
37716,鍔,ŋɑk³̲³̲,ŋ,ɑk̲̲,³,ŋ,a,̠ɡ
37717,鍕,,,,,,,
37718,鍖,ʈim³³,ʈ,im,³³,kh‧l,u,mʔ
37719,鍗,dei³³,d,ei,³³,,,
37720,鍘,,,,,,,
37721,鍙,,,,,,,
37722,鍚,jaŋ³³,j,aŋ,³³,l,a,ŋ
37723,鍛,tʷɑn³¹,tʷ,ɑn,³¹,t,o,̠ns
37724,鍜,ɦɰæ³³,ɦɰæ,,³³,ɡr,a,̠
37725,鍝,ŋjʊ³³,ŋj,ʊ,³³,ŋ,o,
37726,鍞,kʰɰɛŋ³³,kʰɰ,ɛŋ,³³,,,
37727,鍟,seŋ³³,s,eŋ,³³,,,
37728,鍠,ɦɰæŋ³³,ɦɰæŋ,,³³,ɡʷr,a,̠ŋ
37729,鍡,ʔu̯oi³⁵,ʔ,u̯oi,³⁵,q,u,̠lʔ
37730,鍢,,,,,,,
37731,鍣,tɕiᴇu³³,tɕ,iᴇu,³³,tj,e,w
37732,鍤,tʂʰɰɛp³̲³̲,tʂʰɰ,ɛp̲̲,³,kh‧r,e,b
37733,鍥,ket³̲³̲,k,et̲̲,³,k,e,̠d
37734,鍦,ɕiᴇ³³,ɕ,iᴇ,³³,ɡlj,a,l
37735,鍧,hʷɰɛŋ³³,hʷɰ,ɛŋ,³³,qhʷr,e,̠ŋ
37736,鍨,ɡʷɰi³¹,ɡʷɰ,i,³¹,ɡʷr,i,l
37737,鍩,,,,,,,
37738,鍪,mɨu³³,m,ɨu,³³,m,u,
37739,鍫,,,,,,,
37740,鍬,tsʰiᴇu³³,tsʰ,iᴇu,³³,,,
37741,鍭,ɦu³³,ɦ,u,³³,ɡ,o,̠s
37742,鍮,tʰu³³,tʰ,u,³³,,,
37743,鍯,suŋ³⁵,s,uŋ,³⁵,skh,o,̠ŋ
37744,鍰,ɦʲʷiᴇn³¹,ɦʲʷ,iᴇn,³¹,ɡr,o,̠n
37745,鍱,hɰiᴇp³̲³̲,hɰ,iᴇp̲̲,³,ɢl,e,b
37746,鍲,mɰin³³,mɰ,in,³³,mr,u,n
37747,鍳,,,,,,,
37748,鍴,tʷɑn³³,tʷ,ɑn,³³,k‧l,o,̠n
37749,鍵,ɡɰiᴇn³³,ɡɰ,iᴇn,³³,ɡ,a,nʔ
37750,鍶,,,,,,,
37751,鍷,kʰʷei³³,kʰʷ,ei,³³,,,
37752,鍸,ɦu̯o³³,ɦ,u̯o,³³,,,
37753,鍹,sʷiᴇn³³,sʷ,iᴇn,³³,,,
37754,鍺,tʷɑ³⁵,tʷ,ɑ,³⁵,,,
37755,鍻,kjɤt³̲³̲,kj,ɤt̲̲,³,,,
37756,鍼,ɡiᴇm³³,ɡ,iᴇm,³³,ɡr,o,m
37757,鍽,,,,,,,
37758,鍾,tɕjʊŋ³³,tɕj,ʊŋ,³³,tj,o,ŋ
37759,鍿,tʂɨ³³,tʂ,ɨ,³³,,,
37760,鎀,,,,,,,
37761,鎁,jæ³³,jæ,,³³,,,
37762,鎂,,,,,,,
37763,鎃,,,,,,,
37764,鎄,,,,,,,
37765,鎅,,,,,,,
37766,鎆,,,,,,,
37767,鎇,,,,,,,
37768,鎈,tʂʰɰæ³³,tʂʰɰæ,,³³,,,
37769,鎉,,,,,,,
37770,鎊,pʰɑŋ³³,pʰ,ɑŋ,³³,,,
37771,鎋,ɦɰæt³̲³̲,ɦɰæt̲̲,,³,ɡr,a,̠d
37772,鎌,liᴇm³³,l,iᴇm,³³,ɡ,ə,r
37773,鎍,ʂɰæk³̲³̲,ʂɰæk̲̲,,³,,,
37774,鎎,hɨi³¹,h,ɨi,³¹,qh,ɯ,ds
37775,鎏,lɨu³³,l,ɨu,³³,,,
37776,鎐,tsuk³̲³̲,ts,uk̲̲,³,,,
37777,鎑,kɑp³̲³̲,k,ɑp̲̲,³,,,
37778,鎒,hɑu³³,h,ɑu,³³,n,o,̠ɡs
37779,鎓,ʔuŋ³³,ʔ,uŋ,³³,,,
37780,鎔,jʊŋ³³,j,ʊŋ,³³,ɢl,o,ŋ
37781,鎕,dɑŋ³³,d,ɑŋ,³³,ɡ‧l,a,̠ŋ
37782,鎖,sʷɑ³⁵,sʷ,ɑ,³⁵,sl,o,̠lʔ
37783,鎗,tʂʰɰæŋ³³,tʂʰɰæŋ,,³³,shr,a,̠ŋ
37784,鎘,lek³̲³̲,l,ek̲̲,³,r,e,̠ɡ
37785,鎙,ʂɰɔk³̲³̲,ʂɰɔk̲̲,,³,,,
37786,鎚,ɖʷi³³,ɖʷ,i,³³,,,
37787,鎛,pɑk³̲³̲,p,ɑk̲̲,³,p,a,̠ɡ
37788,鎜,bʷɑn³³,bʷ,ɑn,³³,b,a,̠n
37789,鎝,səp³̲³̲,s,əp̲̲,³,,,
37790,鎞,bi³³,b,i,³³,p,i,̠
37791,鎟,sɑŋ³⁵,s,ɑŋ,³⁵,,,
37792,鎠,,,,,,,
37793,鎡,tsɨ³³,ts,ɨ,³³,s,ɯ,
37794,鎢,ʔu̯o³³,ʔ,u̯o,³³,,,
37795,鎣,ʔɰɛŋ³³,ʔɰ,ɛŋ,³³,qʷ,e,̠ŋs
37796,鎤,hʷɑŋ³⁵,hʷ,ɑŋ,³⁵,,,
37797,鎥,,,,,,,
37798,鎦,lɨu³¹,l,ɨu,³¹,b,ə,r
37799,鎧,kʰəi³¹,kʰ,əi,³¹,kh,ɯ,̠lʔ
37800,鎨,sʷin³⁵,sʷ,in,³⁵,,,
37801,鎩,ʂiᴇi³¹,ʂ,iᴇi,³¹,sr,a,ds
37802,鎪,ʂɨu³³,ʂ,ɨu,³³,sr,u,
37803,鎫,,,,,,,
37804,鎬,ɦɑu³⁵,ɦ,ɑu,³⁵,ɡ,o,̠wʔ
37805,鎭,,,,,,,
37806,鎮,ʈin³¹,ʈ,in,³¹,k‧l,i,n
37807,鎯,,,,,,,
37808,鎰,jit³̲³̲,j,it̲̲,³,ɢ,i,ɡ
37809,鎱,,,,,,,
37810,鎲,,,,,,,
37811,鎳,,,,,,,
37812,鎴,,,,,,,
37813,鎵,,,,,,,
37814,鎶,,,,,,,
37815,鎷,,,,,,,
37816,鎸,,,,,,,
37817,鎹,,,,,,,
37818,鎺,,,,,,,
37819,鎻,,,,,,,
37820,鎼,,,,,,,
37821,鎽,,,,,,,
37822,鎾,,,,,,,
37823,鎿,,,,,,,
37824,鏀,lu̯o³⁵,l,u̯o,³⁵,r,a,̠ʔ
37825,鏁,sʷɑ³⁵,sʷ,ɑ,³⁵,sl,o,̠lʔ
37826,鏂,kʰu³³,kʰ,u,³³,q,o,̠
37827,鏃,tsʰu³¹,tsʰ,u,³¹,s,o,̠ɡ
37828,鏄,dʷɑn³³,dʷ,ɑn,³³,,,
37829,鏅,sɨu³³,s,ɨu,³³,,,
37830,鏆,kʷɑn³¹,kʷ,ɑn,³¹,,,
37831,鏇,zʷiᴇn³³,zʷ,iᴇn,³³,sɢl,o,ns
37832,鏈,liᴇn³³,l,iᴇn,³³,ph‧r,e,n
37833,鏉,ʂɨu³¹,ʂ,ɨu,³¹,sl,o,̠
37834,鏊,ŋɑu³³,ŋ,ɑu,³³,ŋɡ,a,̠w
37835,鏋,mʷɑn³⁵,mʷ,ɑn,³⁵,,,
37836,鏌,mɑk³̲³̲,m,ɑk̲̲,³,m,a,̠ɡ
37837,鏍,lʷɑ³³,lʷ,ɑ,³³,,,
37838,鏎,pit³̲³̲,p,it̲̲,³,,,
37839,鏏,ɦʲʷiᴇi³¹,ɦʲʷ,iᴇi,³¹,sɢʷ,e,ds
37840,鏐,lɨu³³,l,ɨu,³³,ɡ,ə,r
37841,鏑,tek³̲³̲,t,ek̲̲,³,k‧l,e,̠ɡ
37842,鏒,tsʰiᴇu³³,tsʰ,iᴇu,³³,,,
37843,鏓,tsʰuŋ³³,tsʰ,uŋ,³³,skh,o,̠ŋ
37844,鏔,ji³³,j,i,³³,l,ɯ,
37845,鏕,luk³̲³̲,l,uk̲̲,³,,,
37846,鏖,ʔɑu³³,ʔ,ɑu,³³,q,u,̠
37847,鏗,kʰɰɛŋ³³,kʰɰ,ɛŋ,³³,khr,i,̠ŋ
37848,鏘,tsʰjaŋ³³,tsʰj,aŋ,³³,skh,a,ŋ
37849,鏙,tsʰu̯oi³⁵,tsʰ,u̯oi,³⁵,,,
37850,鏚,tsʰek³̲³̲,tsʰ,ek̲̲,³,skh,ɯ,̠wɡ
37851,鏛,dʑjaŋ³³,dʑj,aŋ,³³,,,
37852,鏜,tʰɑŋ³³,tʰ,ɑŋ,³³,kh‧l,a,̠ŋ
37853,鏝,mʷɑn³¹,mʷ,ɑn,³¹,m,o,̠ns
37854,鏞,jʊŋ³³,j,ʊŋ,³³,l,o,ŋ
37855,鏟,tɕʰiᴇn³⁵,tɕʰ,iᴇn,³⁵,sŋ̊r,e,̠nʔ
37856,鏠,pʰjʊŋ³³,pʰj,ʊŋ,³³,ph,o,ŋ
37857,鏡,kɰjæŋ³¹,kɰjæŋ,,³¹,kr,a,ŋs
37858,鏢,piᴇu³³,p,iᴇu,³³,ph,e,w
37859,鏣,ɕjɤ³¹,ɕj,ɤ,³¹,,,
37860,鏤,ljʊ³³,lj,ʊ,³³,ɡ,ə,r
37861,鏥,sɨu³¹,s,ɨu,³¹,,,
37862,鏦,tʂʰɰɔŋ³³,tʂʰɰɔŋ,,³³,shr,o,̠ŋ
37863,鏧,lu̯oŋ³³,l,u̯oŋ,³³,,,
37864,鏨,dzəm³³,dz,əm,³³,z,a,̠ms
37865,鏩,dziᴇm³⁵,dz,iᴇm,³⁵,z,a,mʔ
37866,鏪,dzɑu³³,dz,ɑu,³³,,,
37867,鏫,,,,,,,
37868,鏬,,,,,qhr,a,̠s
37869,鏭,,,,,,,
37870,鏮,,,,,,,
37871,鏯,,,,,,,
37872,鏰,,,,,,,
37873,鏱,,,,,,,
37874,鏲,,,,,,,
37875,鏳,dʐɰɛŋ³³,dʐɰ,ɛŋ,³³,,,
37876,鏴,,,,,,,
37877,鏵,ɦʷɰæ³³,ɦʷɰæ,,³³,ɡʷr,a,̠
37878,鏶,tsʰiᴇp³̲³̲,tsʰ,iᴇp̲̲,³,skh,o,b
37879,鏷,bu̯ok³̲³̲,b,u̯ok̲̲,³,,,
37880,鏸,zʷiᴇi³¹,zʷ,iᴇi,³¹,ɢʷ,i,̠ds
37881,鏹,ɡjaŋ³⁵,ɡj,aŋ,³⁵,k,a,ŋʔ
37882,鏺,pʰʷɑt³̲³̲,pʰʷ,ɑt̲̲,³,ph,a,̠d
37883,鏻,lin³³,l,in,³³,,,
37884,鏼,ʂɰɛk³̲³̲,ʂɰ,ɛk̲̲,³,,,
37885,鏽,sjuk³̲³̲,sj,uk̲̲,³,sl,ɯ,wɡs
37886,鏾,sʷɑn³⁵,sʷ,ɑn,³⁵,,,
37887,鏿,tʂʰɰæŋ³³,tʂʰɰæŋ,,³³,,,
37888,鐀,,,,,ɡr,u,ds
37889,鐁,siᴇ³³,s,iᴇ,³³,sqh,e,
37890,鐂,,,,,,,
37891,鐃,ɳɰæu³³,ɳɰæ,u,³³,mɡl,e,̠w
37892,鐄,ɦʷɰæŋ³³,ɦʷɰæŋ,,³³,ɡʷr,a,̠ŋ
37893,鐅,pʰiᴇt³̲³̲,pʰ,iᴇt̲̲,³,ph,e,̠d
37894,鐆,zʷi³¹,zʷ,i,³¹,lj,u,ds
37895,鐇,pʷjɤn³³,pʷj,ɤn,³³,p,a,n
37896,鐈,ɡɰiᴇu³¹,ɡɰ,iᴇu,³¹,ɡr,e,w
37897,鐉,tsʰʷiᴇn³³,tsʰʷ,iᴇn,³³,skh,o,n
37898,鐊,jaŋ³³,j,aŋ,³³,l,a,ŋ
37899,鐋,tʰɑŋ³¹,tʰ,ɑŋ,³¹,,,
37900,鐌,zjaŋ³⁵,zj,aŋ,³⁵,,,
37901,鐍,jʷit³̲³̲,jʷ,it̲̲,³,kʷ,i,̠d
37902,鐎,tsiᴇu³³,ts,iᴇu,³³,sk,e,w
37903,鐏,tsʷɑn³⁵,tsʷ,ɑn,³⁵,z,u,̠ns
37904,鐐,lɑu³¹,l,ɑu,³¹,ɡ,ə,r
37905,鐑,ket³̲³̲,k,et̲̲,³,,,
37906,鐒,lɑu³³,l,ɑu,³³,,,
37907,鐓,tu̯oi³³,t,u̯oi,³³,ɡ‧l,u,̠ls
37908,鐔,dəm³⁵,d,əm,³⁵,ɢl,u,m
37909,鐕,dzəm³⁵,dz,əm,³⁵,sk,u,̠m
37910,鐖,kɨi³³,k,ɨi,³³,k,ɯ,l
37911,鐗,kɰɛn³¹,kɰ,ɛn,³¹,,,
37912,鐘,tɕjʊŋ³³,tɕj,ʊŋ,³³,tj,o,ŋ
37913,鐙,təŋ³³,t,əŋ,³³,t,ɯ,̠ŋs
37914,鐚,ʔɰæ³³,ʔɰæ,,³³,,,
37915,鐛,,,,,,,
37916,鐜,,,,,k‧l,u,̠n
37917,鐝,,,,,,,
37918,鐞,,,,,,,
37919,鐟,tsəm³³,ts,əm,³³,,,
37920,鐠,,,,,,,
37921,鐡,tʰet³̲³̲,tʰ,et̲̲,³,,,
37922,鐢,,,,,,,
37923,鐣,,,,,,,
37924,鐤,,,,,,,
37925,鐥,,,,,,,
37926,鐦,,,,,,,
37927,鐧,kɰæn³¹,kɰæn,,³¹,kr,e,̠ns
37928,鐨,,,,,,,
37929,鐩,zʷi³¹,zʷ,i,³¹,lj,u,ds
37930,鐪,lu̯o³⁵,l,u̯o,³⁵,ɡ,ə,r
37931,鐫,tsʷiᴇn³³,tsʷ,iᴇn,³³,sk,o,n
37932,鐬,hʷɑi³¹,hʷ,ɑi,³¹,,,
37933,鐭,ʔjuk³̲³̲,ʔj,uk̲̲,³,,,
37934,鐮,liᴇm³³,l,iᴇm,³³,ɡ,ə,r
37935,鐯,ɖjak³̲³̲,ɖj,ak̲̲,³,k‧l,a,ɡ
37936,鐰,tsʰiᴇu³³,tsʰ,iᴇu,³³,,,
37937,鐱,tsʰiᴇm³³,tsʰ,iᴇm,³³,,,
37938,鐲,ɖɰɔk³̲³̲,ɖɰɔk̲̲,,³,ɡ‧r,o,̠ɡ
37939,鐳,lu̯oi³³,l,u̯oi,³³,,,
37940,鐴,pek³̲³̲,p,ek̲̲,³,,,
37941,鐵,tʰet³̲³̲,tʰ,et̲̲,³,kh‧l,i,̠ɡ
37942,鐶,zʷiᴇn³¹,zʷ,iᴇn,³¹,ɢʷr,e,̠n
37943,鐷,hɰiᴇp³̲³̲,hɰ,iᴇp̲̲,³,,,
37944,鐸,dɑk³̲³̲,d,ɑk̲̲,³,ɡ‧l,a,̠ɡ
37945,鐹,kʷɑ³³,kʷ,ɑ,³³,kl,o,̠ls
37946,鐺,tʂʰɰæŋ³³,tʂʰɰæŋ,,³³,k‧l,a,̠ŋ
37947,鐻,ɡjɤ³⁵,ɡj,ɤ,³⁵,kl,a,s
37948,鐼,,,,,b,ɯ,n
37949,鐽,,,,,,,
37950,鐾,bei³¹,b,ei,³¹,,,
37951,鐿,,,,,,,
37952,鑀,,,,,,,
37953,鑁,,,,,,,
37954,鑂,,,,,,,
37955,鑃,deu³¹,d,eu,³¹,,,
37956,鑄,tɕjʊ³¹,tɕj,ʊ,³¹,,,
37957,鑅,ɦɰæŋ³³,ɦɰæŋ,,³³,,,
37958,鑆,,,,,,,
37959,鑇,tsei³³,ts,ei,³³,,,
37960,鑈,ɳiᴇk³̲³̲,ɳ,iᴇk̲̲,³,m‧l,e,̠b
37961,鑉,tʰɑp³̲³̲,tʰ,ɑp̲̲,³,,,
37962,鑊,ɦʷɑk³̲³̲,ɦʷ,ɑk̲̲,³,ɡʷ,a,̠ɡ
37963,鑋,kʰeŋ³¹,kʰ,eŋ,³¹,kh,e,ŋ
37964,鑌,,,,,,,
37965,鑍,ʔiᴇŋ³³,ʔ,iᴇŋ,³³,,,
37966,鑎,ɡʷɰi³¹,ɡʷɰ,i,³¹,,,
37967,鑏,neŋ³⁵,n,eŋ,³⁵,,,
37968,鑐,sjʊ³³,sj,ʊ,³³,sn,o,
37969,鑑,kɰæm³³,kɰæm,,³³,kr,a,̠ms
37970,鑒,ɦɰæm³¹,ɦɰæm,,³¹,kr,a,̠ms
37971,鑓,,,,,,,
37972,鑔,,,,,,,
37973,鑕,tɕit³̲³̲,tɕ,it̲̲,³,tj,i,d
37974,鑖,mei³¹,m,ei,³¹,,,
37975,鑗,li³³,l,i,³³,r,i,l
37976,鑘,lu̯oi³⁵,l,u̯oi,³⁵,r,u,̠lʔ
37977,鑙,kʰei³⁵,kʰ,ei,³⁵,,,
37978,鑚,,,,,,,
37979,鑛,kʷɰæŋ³⁵,kʷɰæŋ,,³⁵,kʷr,a,̠ŋʔ
37980,鑜,,,,,,,
37981,鑝,buŋ³³,b,uŋ,³³,,,
37982,鑞,lɑp³̲³̲,l,ɑp̲̲,³,r,a,̠b
37983,鑟,duk³̲³̲,d,uk̲̲,³,,,
37984,鑠,lek³̲³̲,l,ek̲̲,³,qhlj,a,wɡ
37985,鑡,tʂʰɰɔk³̲³̲,tʂʰɰɔk̲̲,,³,,,
37986,鑢,ljɤ³¹,lj,ɤ,³¹,ɡ,ə,r
37987,鑣,pɰiᴇu³³,pɰ,iᴇu,³³,pr,e,w
37988,鑤,,,,,,,
37989,鑥,,,,,,,
37990,鑦,,,,,,,
37991,鑧,,,,,,,
37992,鑨,luŋ³³,l,uŋ,³³,,,
37993,鑩,ŋɑk³̲³̲,ŋ,ɑk̲̲,³,,,
37994,鑪,lu̯o³³,l,u̯o,³³,ɡ,ə,r
37995,鑫,,,,,,,
37996,鑬,,,,,,,
37997,鑭,,,,,ɡ,ə,r
37998,鑮,bɑk³̲³̲,b,ɑk̲̲,³,b,a,̠ɡ
37999,鑯,tsiᴇm³³,ts,iᴇm,³³,s,e,m
38000,鑰,jak³̲³̲,j,ak̲̲,³,l,o,wɡ
38001,鑱,dʐɰæm³³,dʐɰæm,,³³,zr,a,̠ms
38002,鑲,ɳjaŋ³³,ɳj,aŋ,³³,mlj,a,ŋ
38003,鑳,ɡɰiᴇn³⁵,ɡɰ,iᴇn,³⁵,,,
38004,鑴,sʷiᴇ³³,sʷ,iᴇ,³³,ɢʷ,e,̠
38005,鑵,kʷɑn³¹,kʷ,ɑn,³¹,k,o,̠ns
38006,鑶,dzɑŋ³³,dz,ɑŋ,³³,,,
38007,鑷,ɳiᴇp³̲³̲,ɳ,iᴇp̲̲,³,mɡl,e,b
38008,鑸,lu̯oi³⁵,l,u̯oi,³⁵,r,u,̠lʔ
38009,鑹,tsʰʷɑn³¹,tsʰʷ,ɑn,³¹,,,
38010,鑺,ɡjʊ³³,ɡj,ʊ,³³,,,
38011,鑻,,,,,,,
38012,鑼,lɑ³³,l,ɑ,³³,,,
38013,鑽,tsʷɑn³¹,tsʷ,ɑn,³¹,s,o,̠n
38014,鑾,lʷɑn³³,lʷ,ɑn,³³,ɡ,ə,r
38015,鑿,tsʰɑu³¹,tsʰ,ɑu,³¹,z,o,̠wɡ
38016,钀,ŋɰiᴇ³³,ŋɰ,iᴇ,³³,ŋr,a,d
38017,钁,kʷjak³̲³̲,kʷj,ak̲̲,³,kʷ,a,ɡ
38018,钂,,,,,,,
38019,钃,,,,,k‧l,o,ɡ
38020,钄,,,,,,,
38021,钅,,,,,,,
38022,钆,,,,,,,
38023,钇,,,,,,,
38024,针,tɕim³³,tɕ,im,³³,,,
38025,钉,teŋ³¹,t,eŋ,³¹,,,
38026,钊,,,,,,,
38027,钋,,,,,,,
38028,钌,,,,,,,
38029,钍,,,,,,,
38030,钎,,,,,,,
38031,钏,,,,,,,
38032,钐,ʂɰæm³¹,ʂɰæm,,³¹,,,
38033,钑,,,,,,,
38034,钒,,,,,,,
38035,钓,teu³¹,t,eu,³¹,,,
38036,钔,,,,,,,
38037,钕,,,,,,,
38038,钖,,,,,,,
38039,钗,tʂʰɰɛ³³,tʂʰɰ,ɛ,³³,,,
38040,钘,,,,,,,
38041,钙,,,,,,,
38042,钚,,,,,,,
38043,钛,,,,,,,
38044,钜,ɡjɤ³⁵,ɡj,ɤ,³⁵,,,
38045,钝,du̯on³¹,d,u̯on,³¹,,,
38046,钞,tʂʰɰæu³³,tʂʰɰæ,u,³³,,,
38047,钟,tɕjʊŋ³³,tɕj,ʊŋ,³³,,,
38048,钠,,,,,,,
38049,钡,,,,,,,
38050,钢,kɑŋ³³,k,ɑŋ,³³,,,
38051,钣,,,,,,,
38052,钤,,,,,,,
38053,钥,jak³̲³̲,j,ak̲̲,³,,,
38054,钦,kʰɰim³³,kʰɰ,im,³³,,,
38055,钧,kʷin³³,kʷ,in,³³,,,
38056,钨,ʔu̯o³³,ʔ,u̯o,³³,,,
38057,钩,ku³³,k,u,³³,,,
38058,钪,,,,,,,
38059,钫,,,,,,,
38060,钬,,,,,,,
38061,钭,,,,,,,
38062,钮,,,,,,,
38063,钯,,,,,,,
38064,钰,,,,,,,
38065,钱,dziᴇn³³,dz,iᴇn,³³,,,
38066,钲,,,,,,,
38067,钳,ɡɰiᴇm³³,ɡɰ,iᴇm,³³,,,
38068,钴,,,,,,,
38069,钵,pʷɑt³̲³̲,pʷ,ɑt̲̲,³,,,
38070,钶,,,,,,,
38071,钷,,,,,,,
38072,钸,,,,,,,
38073,钹,bʷɑt³̲³̲,bʷ,ɑt̲̲,³,,,
38074,钺,,,,,,,
38075,钻,tsʷɑn³¹,tsʷ,ɑn,³¹,,,
38076,钼,,,,,,,
38077,钽,,,,,,,
38078,钾,kɰæp³̲³̲,kɰæp̲̲,,³,,,
38079,钿,,,,,,,
38080,铀,,,,,,,
38081,铁,tʰet³̲³̲,tʰ,et̲̲,³,,,
38082,铂,,,,,,,
38083,铃,leŋ³³,l,eŋ,³³,,,
38084,铄,,,,,,,
38085,铅,jʷiᴇn³³,jʷ,iᴇn,³³,,,
38086,铆,,,,,,,
38087,铇,bɰæu³¹,bɰæ,u,³¹,,,
38088,铈,,,,,,,
38089,铉,,,,,,,
38090,铊,,,,,,,
38091,铋,,,,,,,
38092,铌,,,,,,,
38093,铍,,,,,,,
38094,铎,dɑk³̲³̲,d,ɑk̲̲,³,,,
38095,铏,,,,,,,
38096,铐,,,,,,,
38097,铑,,,,,,,
38098,铒,,,,,,,
38099,铓,,,,,,,
38100,铔,,,,,,,
38101,铕,,,,,,,
38102,铖,,,,,,,
38103,铗,,,,,,,
38104,铘,,,,,,,
38105,铙,ɳɰæu³³,ɳɰæ,u,³³,,,
38106,铚,,,,,,,
38107,铛,tʂʰɰæŋ³³,tʂʰɰæŋ,,³³,,,
38108,铜,duŋ³³,d,uŋ,³³,,,
38109,铝,ljɤ³¹,lj,ɤ,³¹,,,
38110,铞,,,,,,,
38111,铟,,,,,,,
38112,铠,,,,,,,
38113,铡,,,,,,,
38114,铢,,,,,,,
38115,铣,,,,,,,
38116,铤,,,,,,,
38117,铥,,,,,,,
38118,铦,kʷɰæt³̲³̲,kʷɰæt̲̲,,³,,,
38119,铧,ɦʷɰæ³³,ɦʷɰæ,,³³,,,
38120,铨,,,,,,,
38121,铩,ʂiᴇi³¹,ʂ,iᴇi,³¹,,,
38122,铪,,,,,,,
38123,铫,,,,,,,
38124,铬,,,,,,,
38125,铭,meŋ³³,m,eŋ,³³,,,
38126,铮,tʂʰɰɛŋ³³,tʂʰɰ,ɛŋ,³³,,,
38127,铯,,,,,,,
38128,铰,kɰæu³⁵,kɰæ,u,³⁵,,,
38129,铱,,,,,,,
38130,铲,tʂʰɰɛn³⁵,tʂʰɰ,ɛn,³⁵,,,
38131,铳,tɕʰjuŋ³¹,tɕʰj,uŋ,³¹,,,
38132,铴,,,,,,,
38133,铵,,,,,,,
38134,银,ŋɰin³³,ŋɰ,in,³³,,,
38135,铷,,,,,,,
38136,铸,tɕjʊ³¹,tɕj,ʊ,³¹,,,
38137,铹,,,,,,,
38138,铺,pʰu̯o³³,pʰ,u̯o,³³,,,
38139,铻,,,,,,,
38140,铼,,,,,,,
38141,铽,,,,,,,
38142,链,,,,,,,
38143,铿,,,,,,,
38144,销,siᴇu³³,s,iᴇu,³³,,,
38145,锁,sʷɑ³⁵,sʷ,ɑ,³⁵,,,
38146,锂,,,,,,,
38147,锃,ɖɰæŋ³¹,ɖɰæŋ,,³¹,,,
38148,锄,dʐjɤ³³,dʐj,ɤ,³³,,,
38149,锅,kʷɑ³³,kʷ,ɑ,³³,,,
38150,锆,,,,,,,
38151,锇,,,,,,,
38152,锈,,,,,,,
38153,锉,tsʰʷɑ³¹,tsʰʷ,ɑ,³¹,,,
38154,锊,,,,,,,
38155,锋,pʰjʊŋ³³,pʰj,ʊŋ,³³,,,
38156,锌,,,,,,,
38157,锍,,,,,,,
38158,锎,,,,,,,
38159,锏,kɰæn³¹,kɰæn,,³¹,,,
38160,锐,,,,,,,
38161,锑,,,,,,,
38162,锒,,,,,,,
38163,锓,,,,,,,
38164,锔,kjʊk³̲³̲,kj,ʊk̲̲,³,,,
38165,锕,,,,,,,
38166,锖,,,,,,,
38167,锗,,,,,,,
38168,锘,,,,,,,
38169,错,tsʰu̯o³¹,tsʰ,u̯o,³¹,,,
38170,锚,,,,,,,
38171,锛,,,,,,,
38172,锜,,,,,,,
38173,锝,,,,,,,
38174,锞,,,,,,,
38175,锟,,,,,,,
38176,锠,,,,,,,
38177,锡,sek³̲³̲,s,ek̲̲,³,,,
38178,锢,ku̯o³¹,k,u̯o,³¹,,,
38179,锣,lɑ³³,l,ɑ,³³,,,
38180,锤,,,,,,,
38181,锥,tɕʷi³³,tɕʷ,i,³³,,,
38182,锦,kɰim³⁵,kɰ,im,³⁵,,,
38183,锧,,,,,,,
38184,锨,,,,,,,
38185,锩,,,,,,,
38186,锪,,,,,,,
38187,锫,,,,,,,
38188,锬,,,,,,,
38189,锭,,,,,,,
38190,键,ɡjɤn³⁵,ɡj,ɤn,³⁵,,,
38191,锯,kjɤ³¹,kj,ɤ,³¹,,,
38192,锰,,,,,,,
38193,锱,,,,,,,
38194,锲,,,,,,,
38195,锳,,,,,,,
38196,锴,,,,,,,
38197,锵,,,,,,,
38198,锶,,,,,,,
38199,锷,,,,,,,
38200,锸,,,,,,,
38201,锹,tsʰiᴇu³³,tsʰ,iᴇu,³³,,,
38202,锺,tɕjʊŋ³³,tɕj,ʊŋ,³³,,,
38203,锻,tʷɑn³¹,tʷ,ɑn,³¹,,,
38204,锼,,,,,,,
38205,锽,ɦʷɰæŋ³³,ɦʷɰæŋ,,³³,ɡʷr,a,̠ŋ
38206,锾,,,,,,,
38207,锿,,,,,,,
38208,镀,du̯o³¹,d,u̯o,³¹,,,
38209,镁,,,,,,,
38210,镂,,,,,,,
38211,镃,,,,,,,
38212,镄,,,,,,,
38213,镅,,,,,,,
38214,镆,,,,,,,
38215,镇,ʈin³¹,ʈ,in,³¹,,,
38216,镈,,,,,,,
38217,镉,,,,,,,
38218,镊,ɳiᴇp³̲³̲,ɳ,iᴇp̲̲,³,,,
38219,镋,,,,,,,
38220,镌,tsʷiᴇn³³,tsʷ,iᴇn,³³,,,
38221,镍,,,,,,,
38222,镎,,,,,,,
38223,镏,,,,,,,
38224,镐,,,,,,,
38225,镑,,,,,,,
38226,镒,,,,,,,
38227,镓,,,,,,,
38228,镔,,,,,,,
38229,镕,,,,,,,
38230,镖,,,,,,,
38231,镗,,,,,,,
38232,镘,,,,,,,
38233,镙,,,,,,,
38234,镚,,,,,,,
38235,镛,,,,,,,
38236,镜,kɰjæŋ³¹,kɰjæŋ,,³¹,,,
38237,镝,,,,,,,
38238,镞,tsuk³̲³̲,ts,uk̲̲,³,,,
38239,镟,,,,,,,
38240,镠,,,,,,,
38241,镡,,,,,,,
38242,镢,,,,,,,
38243,镣,leu³¹,l,eu,³¹,,,
38244,镤,,,,,,,
38245,镥,,,,,,,
38246,镦,,,,,,,
38247,镧,,,,,,,
38248,镨,,,,,,,
38249,镩,,,,,,,
38250,镪,,,,,,,
38251,镫,təŋ³¹,t,əŋ,³¹,,,
38252,镬,ɦʷɑk³̲³̲,ɦʷ,ɑk̲̲,³,,,
38253,镭,lu̯oi³³,l,u̯oi,³³,,,
38254,镮,,,,,,,
38255,镯,,,,,,,
38256,镰,liᴇm³³,l,iᴇm,³³,,,
38257,镱,,,,,,,
38258,镲,,,,,,,
38259,镳,,,,,,,
38260,镴,lɑp³̲³̲,l,ɑp̲̲,³,,,
38261,镵,,,,,,,
38262,镶,,,,,,,
38263,長,ʈjaŋ³⁵,ʈj,aŋ,³⁵,ɡ‧l,a,ŋs
38264,镸,,,,,,,
38265,镹,kɨu³⁵,k,ɨu,³⁵,,,
38266,镺,ʔɑu³⁵,ʔ,ɑu,³⁵,q,o,̠wʔ
38267,镻,det³̲³̲,d,et̲̲,³,l,i,̠ɡ
38268,镼,,,,,,,
38269,镽,leu³³,l,eu,³³,,,
38270,镾,miᴇ³³,m,iᴇ,³³,m‧l,i,̠lʔ
38271,长,ɖjaŋ³³,ɖj,aŋ,³³,,,
38272,門,kʰɰɔk³̲³̲,kʰɰɔk̲̲,,³,m,ɯ,̠n
38273,閁,,,,,,,
38274,閂,,,,,,,
38275,閃,ɕjam³¹,ɕj,am,³¹,l̥,a,mʔ
38276,閄,,,,,,,
38277,閅,,,,,,,
38278,閆,,,,,,,
38279,閇,pei³¹,p,ei,³¹,p,i,̠d
38280,閈,ɦɑn³¹,ɦ,ɑn,³¹,ɡ,a,̠ns
38281,閉,pei³¹,p,ei,³¹,p,i,̠d
38282,閊,,,,,,,
38283,開,kʰəi³³,kʰ,əi,³³,kh,ɯ,̠l
38284,閌,kʰɑŋ³¹,kʰ,ɑŋ,³¹,kh,a,̠ŋs
38285,閍,pʷjaŋ³³,pʷj,aŋ,³³,pr,a,̠ŋ
38286,閎,ɦʷəŋ³³,ɦʷ,əŋ,³³,ɡʷr,ɯ,̠ŋ
38287,閏,ȵʷin³¹,ȵʷ,in,³¹,nj,u,ns
38288,閐,səm³¹,s,əm,³¹,,,
38289,閑,ɦɰɛn³³,ɦɰ,ɛn,³³,ɡr,e,̠n
38290,閒,ɦɰɛn³³,ɦɰ,ɛn,³³,kr,e,̠n
38291,間,,,,,kr,e,̠ns
38292,閔,,,,,mr,ɯ,nʔ
38293,閕,ŋɰæ³¹,ŋɰæ,,³¹,qhr,a,̠
38294,閖,,,,,,,
38295,閗,,,,,,,
38296,閘,kɑp³̲³̲,k,ɑp̲̲,³,qr,a,̠b
38297,閙,,,,,,,
38298,閚,,,,,,,
38299,閛,pʰɰɛŋ³³,pʰɰ,ɛŋ,³³,phr,e,̠ŋ
38300,閜,hɰæ³⁵,hɰæ,,³⁵,qhr,a,̠lʔ
38301,閝,leŋ³³,l,eŋ,³³,,,
38302,閞,bʷjɤn³¹,bʷj,ɤn,³¹,br,o,ns
38303,閟,pɰi³¹,pɰ,i,³¹,pr,i,ɡs
38304,閠,,,,,,,
38305,閡,ŋəi³¹,ŋ,əi,³¹,ŋɡ,ɯ,̠ɡs
38306,関,kʷɰæn³³,kʷɰæn,,³³,,,
38307,閣,kɑk³̲³̲,k,ɑk̲̲,³,kl,a,̠ɡ
38308,閤,kəp³̲³̲,k,əp̲̲,³,k,u,̠b
38309,閥,bʷjɤt³̲³̲,bʷj,ɤt̲̲,³,b,a,d
38310,閦,tʂʰjuk³̲³̲,tʂʰj,uk̲̲,³,,,
38311,閧,ɦuŋ³¹,ɦ,uŋ,³¹,ɡ,o,̠ŋs
38312,閨,kʷei³³,kʷ,ei,³³,kʷ,e,̠
38313,閩,mjun³³,mj,un,³³,m,ɯ,n
38314,閪,,,,,,,
38315,閫,kʰu̯on³⁵,kʰ,u̯on,³⁵,kh,u,̠nʔ
38316,閬,lɑŋ³⁵,l,ɑŋ,³⁵,r,a,̠ŋ
38317,閭,ljɤ³³,lj,ɤ,³³,ɡ,ə,r
38318,閮,deŋ³³,d,eŋ,³³,,,
38319,閯,ʂɰæ³¹,ʂɰæ,,³¹,,,
38320,閰,kjuk³̲³̲,kj,uk̲̲,³,k,u,ɡ
38321,閱,jʷiᴇt³̲³̲,jʷ,iᴇt̲̲,³,,,
38322,閲,jʷiᴇt³̲³̲,jʷ,iᴇt̲̲,³,l,o,d
38323,閳,,,,,,,
38324,閴,,,,,,,
38325,閵,lin³¹,l,in,³¹,r,i,ns
38326,閶,tʰɑŋ³³,tʰ,ɑŋ,³³,thj,a,ŋ
38327,閷,ʂiᴇi³¹,ʂ,iᴇi,³¹,sr,e,̠ds
38328,閸,,,,,,,
38329,閹,ʔɰiᴇm³³,ʔɰ,iᴇm,³³,qr,o,mʔ
38330,閺,mjun³³,mj,un,³³,,,
38331,閻,jiᴇm³⁵,j,iᴇm,³⁵,ɢl,o,m
38332,閼,ʔiᴇn³³,ʔ,iᴇn,³³,q,a,̠d
38333,閽,hu̯on³³,h,u̯on,³³,m̥h,u,̠n
38334,閾,ɦʲɨk³̲³̲,ɦʲ,ɨk̲̲,³,qhʷr,ɯ,ɡ
38335,閿,,,,,m,ɯ,n
38336,闀,ɦɰɔŋ³¹,ɦɰɔŋ,,³¹,,,
38337,闁,,,,,,,
38338,闂,,,,,ɡ,o,̠ŋs
38339,闃,ɡʷɰɛk³̲³̲,ɡʷɰ,ɛk̲̲,³,khʷ,e,̠ɡ
38340,闄,ʔeu³⁵,ʔ,eu,³⁵,,,
38341,闅,mjun³³,mj,un,³³,mr,ɯ,n
38342,闆,,,,,,,
38343,闇,ʔəm³³,ʔ,əm,³³,q,ɯ,̠ms
38344,闈,ɦʲʷɨi³³,ɦʲʷ,ɨi,³³,ɢʷ,ɯ,l
38345,闉,ʔin³³,ʔ,in,³³,q,i,n
38346,闊,kʰʷɑt³̲³̲,kʰʷ,ɑt̲̲,³,kh,o,̠d
38347,闋,kʰʷiᴇt³̲³̲,kʰʷ,iᴇt̲̲,³,khʷ,i,̠d
38348,闌,,,,,ɡ,ə,r
38349,闍,tu̯o³³,t,u̯o,³³,ɡlj,a,̠
38350,闎,,,,,,,
38351,闏,,,,,,,
38352,闐,den³³,d,en,³³,ɡ‧l,i,̠n
38353,闑,ŋʷɰiᴇt³̲³̲,ŋʷɰ,iᴇt̲̲,³,ŋ,e,̠d
38354,闒,lɑp³̲³̲,l,ɑp̲̲,³,d,a,̠b
38355,闓,kʰəi³¹,kʰ,əi,³¹,kh,ɯ,̠ls
38356,闔,ɦɑp³̲³̲,ɦ,ɑp̲̲,³,ɡ,a,̠b
38357,闕,ɡʷjɤt³̲³̲,ɡʷj,ɤt̲̲,³,kh,o,d
38358,闖,ʈʰim³³,ʈʰ,im,³³,th,ɯ,ms
38359,闗,,,,,,,
38360,闘,tu³¹,t,u,³¹,,,
38361,闙,kʰei³⁵,kʰ,ei,³⁵,,,
38362,闚,kʰʷiᴇ³³,kʰʷ,iᴇ,³³,khʷ,e,l
38363,闛,dɑŋ³³,d,ɑŋ,³³,kh‧l,a,̠ŋ
38364,關,kʷɰæn³³,kʷɰæn,,³³,kr,o,̠n
38365,闝,,,,,,,
38366,闞,hɰæm³¹,hɰæm,,³¹,khl,a,̠ms
38367,闟,dɑp³̲³̲,d,ɑp̲̲,³,qhr,u,b
38368,闠,ɦu̯oi³¹,ɦ,u̯oi,³¹,ɡ,u,̠ls
38369,闡,tɕʰiᴇn³⁵,tɕʰ,iᴇn,³⁵,thj,a,nʔ
38370,闢,biᴇk³̲³̲,b,iᴇk̲̲,³,b,e,ɡ
38371,闣,tɑŋ³¹,t,ɑŋ,³¹,,,
38372,闤,ɦʷɰæn³³,ɦʷɰæn,,³³,ɢʷr,e,̠n
38373,闥,tʰɑt³̲³̲,tʰ,ɑt̲̲,³,th,a,̠d
38374,闦,,,,,,,
38375,闧,,,,,,,
38376,门,mu̯on³³,m,u̯on,³³,,,
38377,闩,,,,,,,
38378,闪,ɕiᴇm³⁵,ɕ,iᴇm,³⁵,,,
38379,闫,,,,,,,
38380,闬,,,,,,,
38381,闭,pei³¹,p,ei,³¹,,,
38382,问,mjun³¹,mj,un,³¹,,,
38383,闯,,,,,,,
38384,闰,ȵʷin³¹,ȵʷ,in,³¹,,,
38385,闱,,,,,,,
38386,闲,ɦɰɛn³³,ɦɰ,ɛn,³³,,,
38387,闳,,,,,,,
38388,间,,,,,,,
38389,闵,,,,,,,
38390,闶,,,,,,,
38391,闷,mu̯on³¹,m,u̯on,³¹,,,
38392,闸,,,,,,,
38393,闹,ɳɰæu³¹,ɳɰæ,u,³¹,,,
38394,闺,kʷei³³,kʷ,ei,³³,,,
38395,闻,mjun³³,mj,un,³³,,,
38396,闼,tʰɑt³̲³̲,tʰ,ɑt̲̲,³,,,
38397,闽,mɰin³³,mɰ,in,³³,,,
38398,闾,ljɤ³³,lj,ɤ,³³,,,
38399,闿,,,,,,,
38400,阀,,,,,,,
38401,阁,kɑk³̲³̲,k,ɑk̲̲,³,,,
38402,阂,,,,,,,
38403,阃,,,,,,,
38404,阄,kɨu³³,k,ɨu,³³,,,
38405,阅,,,,,,,
38406,阆,,,,,,,
38407,阇,,,,,,,
38408,阈,,,,,,,
38409,阉,ʔɰiᴇm³³,ʔɰ,iᴇm,³³,,,
38410,阊,tɕʰjaŋ³³,tɕʰj,aŋ,³³,,,
38411,阋,,,,,,,
38412,阌,,,,,,,
38413,阍,,,,,,,
38414,阎,jiᴇm³³,j,iᴇm,³³,,,
38415,阏,ʔɰiᴇn³³,ʔɰ,iᴇn,³³,,,
38416,阐,,,,,,,
38417,阑,,,,,,,
38418,阒,,,,,,,
38419,阓,,,,,,,
38420,阔,kʰʷɑt³̲³̲,kʰʷ,ɑt̲̲,³,,,
38421,阕,,,,,,,
38422,阖,,,,,,,
38423,阗,,,,,,,
38424,阘,,,,,,,
38425,阙,,,,,,,
38426,阚,,,,,,,
38427,阛,,,,,,,
38428,阜,bɨu³⁵,b,ɨu,³⁵,b,u,ʔ
38429,阝,puk³̲³̲,p,uk̲̲,³,,,
38430,阞,lək³̲³̲,l,ək̲̲,³,r,ɯ,̠ɡ
38431,队,du̯oi³¹,d,u̯oi,³¹,,,
38432,阠,ʂʷin³¹,ʂʷ,in,³¹,sr,i,n
38433,阡,tsʰen³³,tsʰ,en,³³,sn̥,i,̠n
38434,阢,,,,,ŋ,u,d
38435,阣,ŋɨt³̲³̲,ŋ,ɨt̲̲,³,,,
38436,阤,ɕiᴇ³⁵,ɕ,iᴇ,³⁵,l̥,a,lʔ
38437,阥,,,,,,,
38438,阦,,,,,,,
38439,阧,tu³⁵,t,u,³⁵,,,
38440,阨,ʔɰɛ³¹,ʔɰ,ɛ,³¹,qr,e,̠ɡ
38441,阩,ɕɨŋ³³,ɕ,ɨŋ,³³,,,
38442,阪,pʷjɤn³⁵,pʷj,ɤn,³⁵,br,a,̠nʔ
38443,阫,pʰu̯oi³³,pʰ,u̯oi,³³,ph,ɯ,̠
38444,阬,kɑŋ³³,k,ɑŋ,³³,khr,a,̠ŋ
38445,阭,ju̯oi³⁵,j,u̯oi,³⁵,ɢl,u,nʔ
38446,阮,ŋʷɨi³³,ŋʷ,ɨi,³³,ŋɡ,o,nʔ
38447,阯,tɕɨ³⁵,tɕ,ɨ,³⁵,klj,ɯ,ʔ
38448,阰,bi³³,b,i,³³,b,i,
38449,阱,dziᴇŋ³⁵,dz,iᴇŋ,³⁵,sɡ,e,ŋʔ
38450,防,bʷjaŋ³³,bʷj,aŋ,³³,b,a,ŋs
38451,阳,jaŋ³³,j,aŋ,³³,,,
38452,阴,,,,,,,
38453,阵,ɖin³¹,ɖ,in,³¹,,,
38454,阶,kɰɛi³³,kɰ,ɛi,³³,,,
38455,阷,ʈʰiᴇŋ³³,ʈʰ,iᴇŋ,³³,,,
38456,阸,ʔɰɛ³¹,ʔɰ,ɛ,³¹,qr,e,̠ɡ
38457,阹,kʰjɤ³³,kʰj,ɤ,³³,kh,a,
38458,阺,ɖi³³,ɖ,i,³³,d,i,l
38459,阻,tʂjɤ³⁵,tʂj,ɤ,³⁵,skr,a,ʔ
38460,阼,dzɑk³̲³̲,dz,ɑk̲̲,³,z,a,̠ɡs
38461,阽,jiᴇm³³,j,iᴇm,³³,ɢl,e,m
38462,阾,leŋ³³,l,eŋ,³³,ɡ,ə,r
38463,阿,ʔɑ³⁵,ʔ,ɑ,³⁵,q,a,̠l
38464,陀,dɑ³³,d,ɑ,³³,l,a,̠l
38465,陁,jiᴇ³⁵,j,iᴇ,³⁵,l,a,̠l
38466,陂,pʷɑ³³,pʷ,ɑ,³³,pr,a,ls
38467,陃,pɰjæŋ³⁵,pɰjæŋ,,³⁵,,,
38468,附,bu³⁵,b,u,³⁵,b,o,s
38469,际,tsiᴇi³¹,ts,iᴇi,³¹,,,
38470,陆,ljuk³̲³̲,lj,uk̲̲,³,,,
38471,陇,ljʊŋ³⁵,lj,ʊŋ,³⁵,,,
38472,陈,ɖin³³,ɖ,in,³³,,,
38473,陉,,,,,,,
38474,陊,ɖiᴇ³⁵,ɖ,iᴇ,³⁵,ɡ‧l,a,lʔ
38475,陋,lu³¹,l,u,³¹,r,o,̠s
38476,陌,mɰæk³̲³̲,mɰæk̲̲,,³,mbr,a,̠ɡ
38477,降,ɦɰɔŋ³¹,ɦɰɔŋ,,³¹,kr,u,̠ŋs
38478,陎,dʑjʊ³³,dʑj,ʊ,³³,,,
38479,陏,,,,,,,
38480,限,,,,,ɡr,ɯ,̠nʔ
38481,陑,ȵɨ³³,ȵ,ɨ,³³,nj,ɯ,
38482,陒,kʷɰiᴇ³⁵,kʷɰ,iᴇ,³⁵,kr,o,lʔ
38483,陓,ʔjʊ³³,ʔj,ʊ,³³,qʷ,a,
38484,陔,kəi³³,k,əi,³³,k,ɯ,̠
38485,陕,ɕiᴇm³⁵,ɕ,iᴇm,³⁵,,,
38486,陖,sʷin³¹,sʷ,in,³¹,sqh,u,ns
38487,陗,tsʰiᴇu³¹,tsʰ,iᴇu,³¹,sph,e,ws
38488,陘,ɦeŋ³³,ɦ,eŋ,³³,ɡ,e,̠ŋ
38489,陙,dʑʷin³³,dʑʷ,in,³³,blj,u,n
38490,陚,mjʊ³⁵,mj,ʊ,³⁵,p,a,s
38491,陛,bei³⁵,b,ei,³⁵,b,i,̠ʔ
38492,陜,ɦɰɛp³̲³̲,ɦɰ,ɛp̲̲,³,ɡr,e,̠b
38493,陝,ɕiᴇm³⁵,ɕ,iᴇm,³⁵,l̥,e,mʔ
38494,陞,ɕɨŋ³³,ɕ,ɨŋ,³³,qhlj,ɯ,ŋ
38495,陟,ʈɨk³̲³̲,ʈ,ɨk̲̲,³,t,ɯ,ɡ
38496,陠,pʰu̯o³¹,pʰ,u̯o,³¹,,,
38497,陡,tu³⁵,t,u,³⁵,,,
38498,院,ɦʲʷiᴇn³¹,ɦʲʷ,iᴇn,³¹,ɢr,o,ns
38499,陣,,,,,ɡ‧l,i,ŋs
38500,除,jɤ³³,j,ɤ,³³,ɡ‧l,a,
38501,陥,,,,,,,
38502,陦,,,,,,,
38503,陧,ŋet³̲³̲,ŋ,et̲̲,³,,,
38504,陨,,,,,,,
38505,险,hɰiᴇm³⁵,hɰ,iᴇm,³⁵,,,
38506,陪,bu̯oi³³,b,u̯oi,³³,b,ɯ,̠
38507,陫,bu̯oi³³,b,u̯oi,³³,b,ɯ,lʔ
38508,陬,tʂɨu³³,tʂ,ɨu,³³,sk,o,
38509,陭,ʔɰiᴇ³¹,ʔɰ,iᴇ,³¹,qr,a,ls
38510,陮,tu̯oi³³,t,u̯oi,³³,ɡ‧l,u,̠lʔ
38511,陯,lu̯on³³,l,u̯on,³³,ɡ,ə,r
38512,陰,ʔɰim³³,ʔɰ,im,³³,qr,ɯ,m
38513,陱,kjuk³̲³̲,kj,uk̲̲,³,,,
38514,陲,dʑʷiᴇ³³,dʑʷ,iᴇ,³³,dj,o,l
38515,陳,din³³,d,in,³³,ɡ‧l,i,ŋ
38516,陴,piᴇ³³,p,iᴇ,³³,b,e,
38517,陵,lɨŋ³³,l,ɨŋ,³³,b,ə,r
38518,陶,jiᴇu³³,j,iᴇu,³³,b‧l,u,̠
38519,陷,ɦɰɛm³¹,ɦɰ,ɛm,³¹,ɡr,o,̠ms
38520,陸,ljuk³̲³̲,lj,uk̲̲,³,ɡ,ə,r
38521,陹,ɕɨŋ³³,ɕ,ɨŋ,³³,,,
38522,険,,,,,,,
38523,陻,ʔin³³,ʔ,in,³³,q,i,n
38524,陼,tu̯o³⁵,t,u̯o,³⁵,klj,a,ʔ
38525,陽,jaŋ³³,j,aŋ,³³,l,a,ŋ
38526,陾,ȵɨŋ³³,ȵ,ɨŋ,³³,n,o,̠ʔ
38527,陿,ɦɰɛp³̲³̲,ɦɰ,ɛp̲̲,³,ɡr,e,̠b
38528,隀,,,,,,,
38529,隁,ʔjɤn³⁵,ʔj,ɤn,³⁵,q,a,ns
38530,隂,ʔəm³³,ʔ,əm,³³,,,
38531,隃,jʊ³³,j,ʊ,³³,l̥j,o,
38532,隄,dʑiᴇ³³,dʑ,iᴇ,³³,k‧l,e,̠
38533,隅,ŋjʊ³³,ŋj,ʊ,³³,ŋ,o,
38534,隆,ljuŋ³³,lj,uŋ,³³,ɡ,ə,r
38535,隇,ʔʷɨi³³,ʔʷ,ɨi,³³,,,
38536,隈,ʔu̯oi³¹,ʔ,u̯oi,³¹,q,u,̠l
38537,隉,ŋet³̲³̲,ŋ,et̲̲,³,ŋɡ,e,̠d
38538,隊,du̯oi³⁵,d,u̯oi,³⁵,l,u,̠ds
38539,隋,zʷiᴇ³³,zʷ,iᴇ,³³,ɡ‧l,o,̠lʔ
38540,隌,ʔɰim³³,ʔɰ,im,³³,qr,ɯ,m
38541,隍,ɦʲɰjæŋ³¹,ɦʲɰjæŋ,,³¹,ɡʷ,a,̠ŋ
38542,階,kɰɛi³³,kɰ,ɛi,³³,kr,i,̠l
38543,随,zʷiᴇ³³,zʷ,iᴇ,³³,,,
38544,隐,ʔɨn³⁵,ʔ,ɨn,³⁵,,,
38545,隑,ŋɨi³³,ŋ,ɨi,³³,ŋɡ,ɯ,̠l
38546,隒,ŋjam³⁵,ŋj,am,³⁵,ŋɡr,e,mʔ
38547,隓,hʷiᴇ³³,hʷ,iᴇ,³³,qhl,o,l
38548,隔,kek³̲³̲,k,ek̲̲,³,kr,e,̠ɡ
38549,隕,ɦʲʷin³³,ɦʲʷ,in,³³,ɢr,u,nʔ
38550,隖,ʔu̯o³¹,ʔ,u̯o,³¹,q,a,̠ʔ
38551,隗,ŋu̯oi³⁵,ŋ,u̯oi,³⁵,ŋɡ,u,̠lʔ
38552,隘,ʔɰɛ³¹,ʔɰ,ɛ,³¹,qr,e,̠ɡs
38553,隙,kʰɰjæk³̲³̲,kʰɰjæk̲̲,,³,khr,a,ɡ
38554,隚,dɑŋ³³,d,ɑŋ,³³,,,
38555,際,tsiᴇi³¹,ts,iᴇi,³¹,sk,e,ds
38556,障,tɕjaŋ³³,tɕj,aŋ,³³,klj,a,ŋ
38557,隝,tɑu³⁵,t,ɑu,³⁵,,,
38558,隞,ŋɑu³³,ŋ,ɑu,³³,ŋɡ,a,̠ws
38559,隟,,,,,khr,a,ɡ
38560,隠,,,,,,,
38561,隡,,,,,,,
38562,隢,ȵiᴇu³⁵,ȵ,iᴇu,³⁵,,,
38563,隣,lin³³,l,in,³³,,,
38564,隤,du̯oi³³,d,u̯oi,³³,ɡ‧l,u,̠l
38565,隥,təŋ³¹,t,əŋ,³¹,t,ɯ,̠ŋs
38566,隦,,,,,,,
38567,隧,zʷi³¹,zʷ,i,³¹,lj,u,ds
38568,隨,zʷiᴇ³³,zʷ,iᴇ,³³,sɢl,o,l
38569,隩,ʔɑu³¹,ʔ,ɑu,³¹,q,u,ɡ
38570,險,hɰiᴇm³⁵,hɰ,iᴇm,³⁵,qhr,o,mʔ
38571,隫,bjun³³,bj,un,³³,b,ɯ,n
38572,隬,nei³⁵,n,ei,³⁵,,,
38573,隭,ȵɨ³³,ȵ,ɨ,³³,,,
38574,隮,tsei³¹,ts,ei,³¹,s,i,̠ls
38575,隯,tɑu³⁵,t,ɑu,³⁵,,,
38576,隰,sep³̲³̲,s,ep̲̲,³,sɢl,ɯ,b
38577,隱,ʔɨn³⁵,ʔ,ɨn,³⁵,q,ɯ,ns
38578,隲,tɕit³̲³̲,tɕ,it̲̲,³,,,
38579,隳,hʷiᴇ³³,hʷ,iᴇ,³³,qhl,o,l
38580,隴,ljʊŋ³⁵,lj,ʊŋ,³⁵,ɡ,ə,r
38581,隵,hɰiᴇ³³,hɰ,iᴇ,³³,qhr,a,
38582,隶,dəi³¹,d,əi,³¹,l,ɯ,ds
38583,隷,lei³¹,l,ei,³¹,,,
38584,隸,lei³¹,l,ei,³¹,r,ɯ,̠ds
38585,隹,mjun³³,mj,un,³³,klj,u,l
38586,隺,ɦu̯ok³̲³̲,ɦ,u̯ok̲̲,³,ɡ,u,̠ɡ
38587,隻,tɕiᴇk³̲³̲,tɕ,iᴇk̲̲,³,tj,e,ɡ
38588,隼,sʷin³⁵,sʷ,in,³⁵,skʷl,i,nʔ
38589,隽,dzʷiᴇn³⁵,dzʷ,iᴇn,³⁵,sɡ,o,nʔ
38590,难,nɑn³³,n,ɑn,³³,,,
38591,隿,jɨk³̲³̲,j,ɨk̲̲,³,l,ɯ,ɡ
38592,雀,tsjak³̲³̲,tsj,ak̲̲,³,sk,e,wɡ
38593,雁,ŋɰæn³¹,ŋɰæn,,³¹,ŋr,a,̠ns
38594,雂,ɡɰim³³,ɡɰ,im,³³,ɡr,ɯ,m
38595,雃,ŋɑn³³,ŋ,ɑn,³³,ŋɡ,a,̠n
38596,雄,ɦʲjuŋ³³,ɦʲj,uŋ,³³,ɢʷ,ɯ,ŋ
38597,雅,ŋɰæ³³,ŋɰæ,,³³,ŋɡr,a,̠ʔ
38598,集,dzip³̲³̲,dz,ip̲̲,³,sɡ,u,b
38599,雇,ɦu̯o³⁵,ɦ,u̯o,³⁵,kʷ,a,̠s
38600,雈,ɦʷɑn³³,ɦʷ,ɑn,³³,ɡ,o,̠n
38601,雉,ɖi³⁵,ɖ,i,³⁵,ɡ‧l,i,ʔ
38602,雊,ku³¹,k,u,³¹,k,o,̠s
38603,雋,dzʷiᴇn³⁵,dzʷ,iᴇn,³⁵,sɡ,o,nʔ
38604,雌,tsʰiᴇ³³,tsʰ,iᴇ,³³,sh,e,
38605,雍,ʔjʊŋ³⁵,ʔj,ʊŋ,³⁵,q,o,ŋs
38606,雎,tsʰjɤ³³,tsʰj,ɤ,³³,skh,a,
38607,雏,dʐjʊ³³,dʐj,ʊ,³³,,,
38608,雐,hu̯o³³,h,u̯o,³³,qhl,a,̠
38609,雑,,,,,,,
38610,雒,lɑk³̲³̲,l,ɑk̲̲,³,ɡ,ə,r
38611,雓,jɤ³³,j,ɤ,³³,ɢl,a,
38612,雔,dʑɨu³³,dʑ,ɨu,³³,ɡj,u,
38613,雕,teu³³,t,eu,³³,k‧l,ɯ,̠w
38614,雖,sʷi³³,sʷ,i,³³,skl,u,l
38615,雗,ɦɑn³¹,ɦ,ɑn,³¹,ɡ,a,̠ns
38616,雘,ɦu̯o³¹,ɦ,u̯o,³¹,qʷ,a,̠ɡ
38617,雙,ʂɰɔŋ³¹,ʂɰɔŋ,,³¹,sr,o,̠ŋ
38618,雚,kʷɑn³³,kʷ,ɑn,³³,k,o,̠ns
38619,雛,dʐjʊ³³,dʐj,ʊ,³³,zr,o,
38620,雜,tsʰɑp³̲³̲,tsʰ,ɑp̲̲,³,sɡ,u,̠b
38621,雝,ʔjʊŋ³³,ʔj,ʊŋ,³³,q,o,ŋ
38622,雞,kei³³,k,ei,³³,k,e,̠
38623,雟,,,,,,,
38624,雠,,,,,,,
38625,雡,lɨu³¹,l,ɨu,³¹,ɡ,ə,r
38626,離,liᴇ³⁵,l,iᴇ,³⁵,b,ə,r
38627,難,nɑ³⁵,n,ɑ,³⁵,mɡl,a,̠ns
38628,雤,ɦɰɔk³̲³̲,ɦɰɔk̲̲,,³,,,
38629,雥,dzəp³̲³̲,dz,əp̲̲,³,z,u,̠b
38630,雦,,,,,,,
38631,雧,dzip³̲³̲,dz,ip̲̲,³,sɡ,u,b
38632,雨,ɦʲjʊ³⁵,ɦʲj,ʊ,³⁵,ɢʷ,a,s
38633,雩,ʔu̯o³³,ʔ,u̯o,³³,ɢʷ,a,
38634,雪,sʷiᴇt³̲³̲,sʷ,iᴇt̲̲,³,sqhʷ,e,d
38635,雫,,,,,,,
38636,雬,,,,,,,
38637,雭,ʂip³̲³̲,ʂ,ip̲̲,³,,,
38638,雮,muk³̲³̲,m,uk̲̲,³,,,
38639,雯,mjun³³,mj,un,³³,,,
38640,雰,bjun³³,bj,un,³³,ph,ɯ,n
38641,雱,pʰɑŋ³³,pʰ,ɑŋ,³³,ph,a,̠ŋ
38642,雲,ɦʲjun³³,ɦʲj,un,³³,ɢʷ,ɯ,n
38643,雳,,,,,,,
38644,雴,ʈʰip³̲³̲,ʈʰ,ip̲̲,³,,,
38645,雵,ʔɑŋ³⁵,ʔ,ɑŋ,³⁵,,,
38646,零,len³³,l,en,³³,ɡ,ə,r
38647,雷,lu̯oi³¹,l,u̯oi,³¹,r,u,̠l
38648,雸,ŋɑm³³,ŋ,ɑm,³³,,,
38649,雹,bɰɔk³̲³̲,bɰɔk̲̲,,³,br,u,̠ɡ
38650,雺,mu³³,m,u,³³,m,u,̠ŋs
38651,電,den³¹,d,en,³¹,ɡ‧l,i,̠ns
38652,雼,,,,,,,
38653,雽,,,,,,,
38654,雾,mjʊ³¹,mj,ʊ,³¹,,,
38655,雿,,,,,ɡ‧l,e,̠ws
38656,需,nʷɑn³¹,nʷ,ɑn,³¹,sn,o,
38657,霁,tsei³¹,ts,ei,³¹,,,
38658,霂,muk³̲³̲,m,uk̲̲,³,m,o,̠ɡ
38659,霃,ɖim³³,ɖ,im,³³,ɡ‧l,u,m
38660,霄,siᴇu³³,s,iᴇu,³³,spl,e,w
38661,霅,ɦɰæp³̲³̲,ɦɰæp̲̲,,³,ɡ‧r,o,̠b
38662,霆,deŋ³⁵,d,eŋ,³⁵,ɡ‧l,e,̠ŋ
38663,震,tɕin³¹,tɕ,in,³¹,plj,ɯ,ns
38664,霈,pʰɑi³¹,pʰ,ɑi,³¹,ph,o,̠bs
38665,霉,mɰi³³,mɰ,i,³³,,,
38666,霊,,,,,,,
38667,霋,tsʰei³³,tsʰ,ei,³³,sh,i,̠l
38668,霌,,,,,,,
38669,霍,lɑk³̲³̲,l,ɑk̲̲,³,qhʷ,a,̠ɡ
38670,霎,səp³̲³̲,s,əp̲̲,³,sr,e,̠b
38671,霏,pʰʷɨi³³,pʰʷ,ɨi,³³,ph,ɯ,l
38672,霐,,,,,qʷr,ɯ,̠ŋ
38673,霑,ʈiᴇm³³,ʈ,iᴇm,³³,k‧l,e,m
38674,霒,,,,,qr,ɯ,m
38675,霓,ŋei³³,ŋ,ei,³³,ŋɡ,e,̠s
38676,霔,tɕjʊ³¹,tɕj,ʊ,³¹,,,
38677,霕,,,,,,,
38678,霖,lim³³,l,im,³³,ɡ,ə,r
38679,霗,,,,,,,
38680,霘,,,,,,,
38681,霙,ʔɰjæŋ³³,ʔɰjæŋ,,³³,qr,a,ŋ
38682,霚,mjʊ³¹,mj,ʊ,³¹,m,o,ɡs
38683,霛,leŋ³³,l,eŋ,³³,r,e,̠ŋ
38684,霜,ʂjaŋ³³,ʂj,aŋ,³³,sr,a,ŋ
38685,霝,leŋ³³,l,eŋ,³³,r,e,̠ŋ
38686,霞,ɦɰæ³³,ɦɰæ,,³³,ɡr,a,̠
38687,霟,,,,,,,
38688,霠,ʔɰim³³,ʔɰ,im,³³,qr,ɯ,m
38689,霡,mɰɛk³̲³̲,mɰ,ɛk̲̲,³,mr,e,̠ɡ
38690,霢,mek³̲³̲,m,ek̲̲,³,mr,e,̠ɡ
38691,霣,ɦʲʷin³⁵,ɦʲʷ,in,³⁵,ɢr,u,nʔ
38692,霤,lɨu³¹,l,ɨu,³¹,b,ə,r
38693,霥,muŋ³¹,m,uŋ,³¹,,,
38694,霦,pɰin³³,pɰ,in,³³,,,
38695,霧,muŋ³³,m,uŋ,³³,m,o,ɡs
38696,霨,ʔʷɨi³¹,ʔʷ,ɨi,³¹,,,
38697,霩,kʰʷɑk³̲³̲,kʰʷ,ɑk̲̲,³,qhʷ,a,̠ɡ
38698,霪,jim³³,j,im,³³,b,ə,l
38699,霫,zip³̲³̲,z,ip̲̲,³,,,
38700,霬,,,,,,,
38701,霭,ʔɑi³¹,ʔ,ɑi,³¹,,,
38702,霮,dəm³⁵,d,əm,³⁵,,,
38703,霯,tʰəŋ³¹,tʰ,əŋ,³¹,,,
38704,霰,sen³¹,s,en,³¹,sqh,e,̠ns
38705,霱,jʷit³̲³̲,jʷ,it̲̲,³,,,
38706,露,lu̯o³¹,l,u̯o,³¹,ɡ,ə,r
38707,霳,ljuŋ³³,lj,uŋ,³³,,,
38708,霴,,,,,,,
38709,霵,tʂip³̲³̲,tʂ,ip̲̲,³,,,
38710,霶,pʰɑŋ³³,pʰ,ɑŋ,³³,,,
38711,霷,jaŋ³³,j,aŋ,³³,,,
38712,霸,pɰæ³¹,pɰæ,,³¹,pr,a,̠ɡs
38713,霹,pʰek³̲³̲,pʰ,ek̲̲,³,ph,e,̠ɡ
38714,霺,mʷɨi³³,mʷ,ɨi,³³,,,
38715,霻,,,,,,,
38716,霼,hɨi³⁵,h,ɨi,³⁵,,,
38717,霽,tsei³⁵,ts,ei,³⁵,s,i,̠ls
38718,霾,mɰɛi³¹,mɰ,ɛi,³¹,mr,ɯ,̠
38719,霿,mjuŋ³¹,mj,uŋ,³¹,m,o,̠ŋs
38720,靀,muŋ³³,m,uŋ,³³,,,
38721,靁,lɨu³¹,l,ɨu,³¹,r,u,̠l
38722,靂,lek³̲³̲,l,ek̲̲,³,r,e,̠ɡ
38723,靃,hʷɑk³̲³̲,hʷ,ɑk̲̲,³,qhʷ,a,̠ɡ
38724,靄,ʔɑt³̲³̲,ʔ,ɑt̲̲,³,q,a,̠ds
38725,靅,pʰʷɨi³¹,pʰʷ,ɨi,³¹,ph,ɯ,ds
38726,靆,dəi³¹,d,əi,³¹,l,ɯ,̠ds
38727,靇,luŋ³³,l,uŋ,³³,,,
38728,靈,leŋ³³,l,eŋ,³³,r,e,̠ŋ
38729,靉,ʔəi³⁵,ʔ,əi,³⁵,,,
38730,靊,pʰjuŋ³³,pʰj,uŋ,³³,,,
38731,靋,lek³̲³̲,l,ek̲̲,³,,,
38732,靌,,,,,,,
38733,靍,,,,,,,
38734,靎,,,,,,,
38735,靏,,,,,,,
38736,靐,bɨŋ³¹,b,ɨŋ,³¹,,,
38737,靑,tsʰeŋ³¹,tsʰ,eŋ,³¹,,,
38738,青,tsʰeŋ³³,tsʰ,eŋ,³³,sh,e,̠ŋ
38739,靓,,,,,,,
38740,靔,,,,,,,
38741,靕,,,,,,,
38742,靖,dziᴇŋ³⁵,dz,iᴇŋ,³⁵,z,e,ŋʔ
38743,靗,ʈʰiᴇŋ³¹,ʈʰ,iᴇŋ,³¹,,,
38744,靘,tsʰeŋ³¹,tsʰ,eŋ,³¹,,,
38745,静,dziᴇŋ³⁵,dz,iᴇŋ,³⁵,,,
38746,靚,dziᴇŋ³¹,dz,iᴇŋ,³¹,z,e,ŋs
38747,靛,den³¹,d,en,³¹,,,
38748,靜,dziᴇŋ³⁵,dz,iᴇŋ,³⁵,z,e,ŋʔ
38749,靝,,,,,,,
38750,非,pʰʷɨi³⁵,pʰʷ,ɨi,³⁵,p,ɯ,l
38751,靟,pʷɨi³³,pʷ,ɨi,³³,,,
38752,靠,kʰu̯ok³̲³̲,kʰ,u̯ok̲̲,³,kh,u,̠ɡs
38753,靡,mɰiᴇ³³,mɰ,iᴇ,³³,mr,a,lʔ
38754,面,miᴇn³¹,m,iᴇn,³¹,m,e,ns
38755,靣,,,,,,,
38756,靤,bɰæu³¹,bɰæ,u,³¹,,,
38757,靥,ʔiᴇp³̲³̲,ʔ,iᴇp̲̲,³,,,
38758,靦,tʰen³⁵,tʰ,en,³⁵,th,ɯ,̠nʔ
38759,靧,hu̯oi³¹,h,u̯oi,³¹,qh,ɯ,̠ds
38760,靨,ʔɰiᴇm³⁵,ʔɰ,iᴇm,³⁵,q,e,b
38761,革,kɰɛk³̲³̲,kɰ,ɛk̲̲,³,kr,ɯ,̠ɡ
38762,靪,teŋ³⁵,t,eŋ,³⁵,t,e,̠ŋʔ
38763,靫,tʂʰɰæ³³,tʂʰɰæ,,³³,,,
38764,靬,kjɤn³³,kj,ɤn,³³,kr,a,̠n
38765,靭,ȵin³¹,ȵ,in,³¹,,,
38766,靮,tek³̲³̲,t,ek̲̲,³,p‧l,e,̠wɡ
38767,靯,du̯o³⁵,d,u̯o,³⁵,ɡ‧l,a,̠ʔ
38768,靰,,,,,,,
38769,靱,,,,,,,
38770,靲,ɡɰim³¹,ɡɰ,im,³¹,ɡr,ɯ,m
38771,靳,kɨn³¹,k,ɨn,³¹,k,ɯ,ns
38772,靴,hʷjɑ³³,hʷj,ɑ,³³,,,
38773,靵,,,,,,,
38774,靶,pɰæ³¹,pɰæ,,³¹,pr,a,̠s
38775,靷,,,,,l,i,ns
38776,靸,sɑp³̲³̲,s,ɑp̲̲,³,sqh,a,̠b
38777,靹,,,,,n,u,̠b
38778,靺,mʷɑt³̲³̲,mʷ,ɑt̲̲,³,,,
38779,靻,tsu̯o³⁵,ts,u̯o,³⁵,sk,a,̠ʔ
38780,靼,tɕiᴇt³̲³̲,tɕ,iᴇt̲̲,³,tj,a,d
38781,靽,pʷɑn³¹,pʷ,ɑn,³¹,p,a,̠ns
38782,靾,hɰiᴇi³¹,hɰ,iᴇi,³¹,ɢl,e,bs
38783,靿,ʔɰæu³¹,ʔɰæ,u,³¹,,,
38784,鞀,dɑu³³,d,ɑu,³³,l,a,̠w
38785,鞁,pʰɰiᴇ³¹,pʰɰ,iᴇ,³¹,br,a,ls
38786,鞂,kɰɛt³̲³̲,kɰ,ɛt̲̲,³,kr,i,̠d
38787,鞃,kʷəŋ³³,kʷ,əŋ,³³,ɡʷ,ɯ,̠ŋ
38788,鞄,bɰæu³⁵,bɰæ,u,³⁵,br,u,̠s
38789,鞅,ʔjaŋ³³,ʔj,aŋ,³³,q,a,ŋs
38790,鞆,,,,,,,
38791,鞇,ʔin³³,ʔ,in,³³,q,i,n
38792,鞈,kɰɛp³̲³̲,kɰ,ɛp̲̲,³,kr,u,̠b
38793,鞉,dɑu³³,d,ɑu,³³,ɡ‧l,a,̠w
38794,鞊,kit³̲³̲,k,it̲̲,³,,,
38795,鞋,ɦɰɛ³³,ɦɰ,ɛ,³³,,,
38796,鞌,ʔɑn³³,ʔ,ɑn,³³,q,a,̠n
38797,鞍,,,,,q,a,̠n
38798,鞎,,,,,ɡ,ɯ,̠n
38799,鞏,kjʊŋ³⁵,kj,ʊŋ,³⁵,k,o,ŋʔ
38800,鞐,,,,,,,
38801,鞑,,,,,,,
38802,鞒,,,,,,,
38803,鞓,tʰeŋ³³,tʰ,eŋ,³³,,,
38804,鞔,mʷɑn³³,mʷ,ɑn,³³,m,o,̠n
38805,鞕,ŋɰæŋ³¹,ŋɰæŋ,,³¹,,,
38806,鞖,su̯oi³³,s,u̯oi,³³,,,
38807,鞗,,,,,ɡ‧l,ɯ,̠w
38808,鞘,siᴇu³¹,s,iᴇu,³¹,spl,e,wɡs
38809,鞙,ɦʷen³⁵,ɦʷ,en,³⁵,kʷ,e,̠n
38810,鞚,kʰuŋ³¹,kʰ,uŋ,³¹,kh,o,̠ŋs
38811,鞛,puŋ³⁵,p,uŋ,³⁵,p,ɯ,̠ŋʔ
38812,鞜,dəp³̲³̲,d,əp̲̲,³,th,u,̠b
38813,鞝,,,,,,,
38814,鞞,bɰiᴇ³³,bɰ,iᴇ,³³,b,e,̠
38815,鞟,kʰʷɑk³̲³̲,kʰʷ,ɑk̲̲,³,,,
38816,鞠,kʰjuŋ³³,kʰj,uŋ,³³,ɡ,u,ɡ
38817,鞡,,,,,,,
38818,鞢,sep³̲³̲,s,ep̲̲,³,,,
38819,鞣,ɳɨu³¹,ɳ,ɨu,³¹,mlj,u,
38820,鞤,pɑŋ³³,p,ɑŋ,³³,,,
38821,鞥,ʔəm³³,ʔ,əm,³³,q,ɯ,̠ŋ
38822,鞦,tsʰɨu³³,tsʰ,ɨu,³³,sh,ɯ,w
38823,鞧,tsʰɨu³³,tsʰ,ɨu,³³,skh,u,
38824,鞨,ʑiᴇt³̲³̲,ʑ,iᴇt̲̲,³,ɢj,a,d
38825,鞩,,,,,,,
38826,鞪,mɰɔk³̲³̲,mɰɔk̲̲,,³,m,u,
38827,鞫,kjuk³̲³̲,kj,uk̲̲,³,k,u,ɡ
38828,鞬,kjɤn³³,kj,ɤn,³³,k,a,n
38829,鞭,piᴇn³³,p,iᴇn,³³,p,e,n
38830,鞮,tei³³,t,ei,³³,k‧l,e,̠
38831,鞯,,,,,,,
38832,鞰,,,,,,,
38833,鞱,tʰɑu³³,tʰ,ɑu,³³,,,
38834,鞲,,,,,,,
38835,鞳,tʰəp³̲³̲,tʰ,əp̲̲,³,,,
38836,鞴,bɰi³¹,bɰ,i,³¹,br,ɯ,ɡs
38837,鞵,ɦɰɛ³³,ɦɰ,ɛ,³³,ɡr,e,̠
38838,鞶,bʷɑn³³,bʷ,ɑn,³³,b,a,̠n
38839,鞷,,,,,kr,ɯ,̠ɡ
38840,鞸,bit³̲³̲,b,it̲̲,³,p,i,d
38841,鞹,kʰʷɑk³̲³̲,kʰʷ,ɑk̲̲,³,khʷ,a,̠ɡ
38842,鞺,tʰɑŋ³³,tʰ,ɑŋ,³³,,,
38843,鞻,lu³¹,l,u,³¹,ɡ,ə,r
38844,鞼,ɡʷɰi³¹,ɡʷɰ,i,³¹,ɡr,u,ds
38845,鞽,kjak³̲³̲,kj,ak̲̲,³,,,
38846,鞾,hʷjɑ³³,hʷj,ɑ,³³,qhʷ,a,l
38847,鞿,kɨi³³,k,ɨi,³³,k,ɯ,l
38848,韀,tsen³³,ts,en,³³,,,
38849,韁,kjaŋ³³,kj,aŋ,³³,k,a,ŋ
38850,韂,tɕʰiᴇm³¹,tɕʰ,iᴇm,³¹,,,
38851,韃,,,,,,,
38852,韄,ʔɰæk³̲³̲,ʔɰæk̲̲,,³,ɡʷr,a,̠ɡs
38853,韅,hen³¹,h,en,³¹,ŋ̊h,e,̠nʔ
38854,韆,tsʰiᴇn³³,tsʰ,iᴇn,³³,,,
38855,韇,duk³̲³̲,d,uk̲̲,³,ɡ‧l,o,̠ɡ
38856,韈,mʷjɤt³̲³̲,mʷj,ɤt̲̲,³,m,a,d
38857,韉,tsen³³,ts,en,³³,s,ɯ,̠n
38858,韊,,,,,ɡ,ə,r
38859,韋,ɦʲʷɨi³³,ɦʲʷ,ɨi,³³,ɢʷ,ɯ,l
38860,韌,ȵin³¹,ȵ,in,³¹,nj,ɯ,ns
38861,韍,pjut³̲³̲,pj,ut̲̲,³,p,u,d
38862,韎,mʷɑt³̲³̲,mʷ,ɑt̲̲,³,mr,e,̠ds
38863,韏,ɡʷjɤn³⁵,ɡʷj,ɤn,³⁵,ɡr,o,ns
38864,韐,kɰɛp³̲³̲,kɰ,ɛp̲̲,³,kr,u,̠b
38865,韑,,,,,,,
38866,韒,ʂɰæu³³,ʂɰæ,u,³³,spl,e,wɡs
38867,韓,ɦɑn³³,ɦ,ɑn,³³,ɡ,a,̠n
38868,韔,ʈʰjaŋ³¹,ʈʰj,aŋ,³¹,kh‧l,a,ŋs
38869,韕,,,,,,,
38870,韖,ȵɨu³⁵,ȵ,ɨu,³⁵,,,
38871,韗,hʷjɤn³¹,hʷj,ɤn,³¹,ɢr,u,ns
38872,韘,ɕiᴇp³̲³̲,ɕ,iᴇp̲̲,³,qhlj,e,b
38873,韙,ɦʲʷɨi³⁵,ɦʲʷ,ɨi,³⁵,ɢʷ,ɯ,lʔ
38874,韚,,,,,,,
38875,韛,bɰɛi³¹,bɰ,ɛi,³¹,,,
38876,韜,tʰɑu³¹,tʰ,ɑu,³¹,l̥,u,̠
38877,韝,kʰu³³,kʰ,u,³³,k,o,̠
38878,韞,ʔɨn³⁵,ʔ,ɨn,³⁵,q,u,nʔ
38879,韟,kɑu³³,k,ɑu,³³,,,
38880,韠,pit³̲³̲,p,it̲̲,³,p,i,d
38881,韡,ɦʲʷɨi³⁵,ɦʲʷ,ɨi,³⁵,ɢʷ,ɯ,lʔ
38882,韢,tsʰʷiᴇi³¹,tsʰʷ,iᴇi,³¹,skhʷ,e,ds
38883,韣,tɕjʊk³̲³̲,tɕj,ʊk̲̲,³,ɡ‧l,o,̠ɡ
38884,韤,mʷjɤt³̲³̲,mʷj,ɤt̲̲,³,m,a,d
38885,韥,duk³̲³̲,d,uk̲̲,³,,,
38886,韦,,,,,,,
38887,韧,ȵin³¹,ȵ,in,³¹,,,
38888,韨,,,,,,,
38889,韩,ɦɑn³³,ɦ,ɑn,³³,,,
38890,韪,,,,,,,
38891,韫,,,,,,,
38892,韬,,,,,,,
38893,韭,kɨu³⁵,k,ɨu,³⁵,k,u,ʔ
38894,韮,kɨu³⁵,k,ɨu,³⁵,,,
38895,韯,,,,,sl,e,m
38896,韰,ɦɰɛi³¹,ɦɰ,ɛi,³¹,,,
38897,韱,siᴇm³³,s,iᴇm,³³,sl,e,m
38898,韲,tsei³³,ts,ei,³³,,,
38899,音,ʔɰim³³,ʔɰ,im,³³,qr,ɯ,m
38900,韴,dzəp³̲³̲,dz,əp̲̲,³,,,
38901,韵,ɦʲʷin³¹,ɦʲʷ,in,³¹,,,
38902,韶,dʑiᴇu³³,dʑ,iᴇu,³³,dj,e,w
38903,韷,,,,,,,
38904,韸,pʰjuŋ³³,pʰj,uŋ,³³,b,o,̠ŋ
38905,韹,ɦʷɰæŋ³³,ɦʷɰæŋ,,³³,ɡʷr,a,̠ŋ
38906,韺,ʔɰjæŋ³³,ʔɰjæŋ,,³³,,,
38907,韻,ɦʲʷin³¹,ɦʲʷ,in,³¹,ɢr,u,ns
38908,韼,buŋ³³,b,uŋ,³³,,,
38909,韽,ʔɰim³³,ʔɰ,im,³³,q,ɯ,̠m
38910,韾,ʔəm³³,ʔ,əm,³³,,,
38911,響,hjaŋ³¹,hj,aŋ,³¹,qh,a,ŋʔ
38912,頀,ɦu̯o³¹,ɦ,u̯o,³¹,ɡʷr,a,̠ɡs
38913,頁,ɦet³̲³̲,ɦ,et̲̲,³,l,e,b
38914,頂,teŋ³⁵,t,eŋ,³⁵,t,e,̠ŋʔ
38915,頃,kʰʷiᴇ³⁵,kʰʷ,iᴇ,³⁵,khʷ,e,ŋʔ
38916,頄,ɡʷɨi³³,ɡʷ,ɨi,³³,ɡ,u,
38917,項,ɦɰɔŋ³⁵,ɦɰɔŋ,,³⁵,ɡr,o,̠ŋʔ
38918,順,ʑʷin³¹,ʑʷ,in,³¹,sɢlj,u,ns
38919,頇,hɑn³³,h,ɑn,³³,qh,a,̠n
38920,須,pɰæn³³,pɰæn,,³³,sl ,o,
38921,頉,,,,,,,
38922,頊,,,,,qh,o,ɡ
38923,頋,ŋʷɑ³⁵,ŋʷ,ɑ,³⁵,,,
38924,頌,jʊŋ³³,j,ʊŋ,³³,ɢl,o,ŋ
38925,頍,kʰʷiᴇ³⁵,kʰʷ,iᴇ,³⁵,khʷ,e,ʔ
38926,頎,ɡɨi³³,ɡ,ɨi,³³,ɡ,ɯ,l
38927,頏,kʰɑŋ³⁵,kʰ,ɑŋ,³⁵,kh,a,̠ŋs
38928,預,jɤ³¹,j,ɤ,³¹,ɢl,a,s
38929,頑,ŋʷɰɛn³³,ŋʷɰ,ɛn,³³,ŋɡr,o,̠n
38930,頒,bjun³³,bj,un,³³,b,ɯ,n
38931,頓,,,,,k‧l,u,̠ns
38932,頔,dek³̲³̲,d,ek̲̲,³,,,
38933,頕,tem³¹,t,em,³¹,,,
38934,頖,pʰʷɑn³¹,pʰʷ,ɑn,³¹,ph,a,̠ns
38935,頗,bɰiᴇ³³,bɰ,iᴇ,³³,ph,a,̠lʔ
38936,領,liᴇŋ³⁵,l,iᴇŋ,³⁵,ɡ,ə,r
38937,頙,,,,,,,
38938,頚,,,,,,,
38939,頛,lu̯oi³¹,l,u̯oi,³¹,r,u,̠lʔ
38940,頜,ɦəm³⁵,ɦ,əm,³⁵,k,u,̠b
38941,頝,kʰɰæu³³,kʰɰæ,u,³³,,,
38942,頞,ʔɑt³̲³̲,ʔ,ɑt̲̲,³,q,a,̠d
38943,頟,ŋɰæk³̲³̲,ŋɰæk̲̲,,³,ŋɡr,a,̠ɡ
38944,頠,ŋʷɰiᴇ³⁵,ŋʷɰ,iᴇ,³⁵,ŋɡr,o,lʔ
38945,頡,kɰɛt³̲³̲,kɰ,ɛt̲̲,³,kr,i,̠d
38946,頢,ɦʷɰæt³̲³̲,ɦʷɰæt̲̲,,³,ɡr,o,̠d
38947,頣,ɕin³⁵,ɕ,in,³⁵,qhj,i,ŋʔ
38948,頤,jɨ³³,j,ɨ,³³,ɢ,ɯ,
38949,頥,,,,,,,
38950,頦,kəi³³,k,əi,³³,k,ɯ,̠ʔ
38951,頧,tu̯oi³³,t,u̯oi,³³,t,u,̠l
38952,頨,pen³¹,p,en,³¹,qhʷ,a,n
38953,頩,pʰɰæŋ³⁵,pʰɰæŋ,,³⁵,ph,e,̠ŋ
38954,頪,lu̯oi³¹,l,u̯oi,³¹,r,o,̠ds
38955,頫,mʷjɤn³⁵,mʷj,ɤn,³⁵,kh‧l,e,̠ws
38956,頬,,,,,,,
38957,頭,du³³,d,u,³³,ɡ‧l,o,̠
38958,頮,hu̯oi³¹,h,u̯oi,³¹,m̥h,ɯ,̠ds
38959,頯,ɡɨu³³,ɡ,ɨu,³³,kʷr,ɯ,ʔ
38960,頰,kep³̲³̲,k,ep̲̲,³,k,e,̠b
38961,頱,lʷɑt³̲³̲,lʷ,ɑt̲̲,³,,,
38962,頲,tʰeŋ³³,tʰ,eŋ,³³,kh‧l,e,̠ŋʔ
38963,頳,,,,,th,e,ŋ
38964,頴,,,,,ɢʷ,e,ŋʔ
38965,頵,kʷɰin³³,kʷɰ,in,³³,qr,u,n
38966,頶,ɦu̯ok³̲³̲,ɦ,u̯ok̲̲,³,,,
38967,頷,ɦəm³⁵,ɦ,əm,³⁵,ɡ,ɯ,̠mʔ
38968,頸,ɡiᴇŋ³³,ɡ,iᴇŋ,³³,ɡ,e,ŋ
38969,頹,,,,,ɡ‧l,u,̠l
38970,頺,,,,,,,
38971,頻,bin³³,b,in,³³,b,i,n
38972,頼,,,,,,,
38973,頽,du̯oi³³,d,u̯oi,³³,,,
38974,頾,,,,,s,e,
38975,頿,tsiᴇ³³,ts,iᴇ,³³,s,e,
38976,顀,ɖʷi³³,ɖʷ,i,³³,ɡ‧l,u,l
38977,顁,teŋ³¹,t,eŋ,³¹,k‧l,e,̠ŋs
38978,顂,ləi³³,l,əi,³³,,,
38979,顃,dɑm³³,d,ɑm,³³,,,
38980,顄,ɦəm³³,ɦ,əm,³³,ɡ,u,̠m
38981,顅,ɦeu³¹,ɦ,eu,³¹,khr,e,̠n
38982,顆,kʰʷɑn³⁵,kʰʷ,ɑn,³⁵,khl,o,̠lʔ
38983,顇,dzʷi³¹,dzʷ,i,³¹,z,u,ds
38984,顈,kʷeŋ³³,kʷ,eŋ,³³,khʷ,e,̠ŋʔ
38985,顉,kʰɰim³⁵,kʰɰ,im,³⁵,khr,ɯ,mʔ
38986,顊,,,,,ɢ,ɯ,
38987,顋,səi³³,s,əi,³³,,,
38988,題,dei³¹,d,ei,³¹,ɡ‧l,e,̠
38989,額,ŋɰæk³̲³̲,ŋɰæk̲̲,,³,ŋɡr,a,̠ɡ
38990,顎,ŋɑk³̲³̲,ŋ,ɑk̲̲,³,,,
38991,顏,,,,,ŋr,e,̠n
38992,顐,ŋu̯on³³,ŋ,u̯on,³³,,,
38993,顑,ŋɰɛm³¹,ŋɰ,ɛm,³¹,kh,ɯ,̠mʔ
38994,顒,ŋjʊŋ³³,ŋj,ʊŋ,³³,ŋ,o,ŋ
38995,顓,tɕʷiᴇn³³,tɕʷ,iᴇn,³³,klj,o,n
38996,顔,ŋɰæn³³,ŋɰæn,,³³,ŋr,e,̠n
38997,顕,,,,,,,
38998,顖,,,,,,,
38999,顗,ŋɨi³⁵,ŋ,ɨi,³⁵,ŋɡ,ɯ,lʔ
39000,願,ŋʷjɤn³¹,ŋʷj,ɤn,³¹,ŋɡ,o,ns
39001,顙,tsʰjaŋ³³,tsʰj,aŋ,³³,sŋ,a,̠ŋʔ
39002,顚,tin³³,t,in,³³,,,
39003,顛,ten³³,t,en,³³,k‧l,i,̠n
39004,顜,kɰɔk³̲³̲,kɰɔk̲̲,,³,kr,o,̠ŋʔ
39005,顝,kʰu̯ot³̲³̲,kʰ,u̯ot̲̲,³,kh,u,̠lʔ
39006,類,lʷi³¹,lʷ,i,³¹,r,u,ds
39007,顟,lɰæu³³,lɰæ,u,³³,ɡ,ə,r
39008,顠,biᴇu³⁵,b,iᴇu,³⁵,ph,e,wʔ
39009,顡,ŋʷɰɛi³¹,ŋʷɰ,ɛi,³¹,ŋr,u,̠ds
39010,顢,mʷɑn³³,mʷ,ɑn,³³,,,
39011,顣,tsjuk³̲³̲,tsj,uk̲̲,³,sk,ɯ,wɡ
39012,顤,ŋeu³¹,ŋ,eu,³¹,qhr,e,̠w
39013,顥,ɦɑu³⁵,ɦ,ɑu,³⁵,ɡ,u,̠ʔ
39014,顦,dziᴇu³³,dz,iᴇu,³³,sɡ,e,w
39015,顧,ku̯o³¹,k,u̯o,³¹,kʷ,a,̠s
39016,顨,su̯on³¹,s,u̯on,³¹,sl,u,̠ns
39017,顩,kʰɰim³⁵,kʰɰ,im,³⁵,,,
39018,顪,,,,,,,
39019,顫,,,,,,,
39020,顬,,,,,,,
39021,顭,,,,,,,
39022,顮,,,,,,,
39023,顯,,,,,,,
39024,顰,,,,,,,
39025,顱,,,,,,,
39026,顲,,,,,,,
39027,顳,,,,,,,
39028,顴,ɡʷɰiᴇn³³,ɡʷɰ,iᴇn,³³,ɡr,o,n
39029,页,,,,,,,
39030,顶,teŋ³⁵,t,eŋ,³⁵,,,
39031,顷,kʰʷiᴇŋ³⁵,kʰʷ,iᴇŋ,³⁵,,,
39032,顸,,,,,,,
39033,项,ɦɰɔŋ³⁵,ɦɰɔŋ,,³⁵,,,
39034,顺,ʑʷin³¹,ʑʷ,in,³¹,,,
39035,须,sjʊ³³,sj,ʊ,³³,,,
39036,顼,ŋjʊk³̲³̲,ŋj,ʊk̲̲,³,,,
39037,顽,ŋʷɰæn³³,ŋʷɰæn,,³³,,,
39038,顾,ku̯o³¹,k,u̯o,³¹,,,
39039,顿,tu̯on³¹,t,u̯on,³¹,,,
39040,颀,,,,,,,
39041,颁,pɰæn³³,pɰæn,,³³,,,
39042,颂,zjʊŋ³¹,zj,ʊŋ,³¹,,,
39043,颃,,,,,,,
39044,预,jɤ³¹,j,ɤ,³¹,,,
39045,颅,,,,,,,
39046,领,liᴇŋ³⁵,l,iᴇŋ,³⁵,,,
39047,颇,pʰʷɑ³³,pʰʷ,ɑ,³³,,,
39048,颈,kiᴇŋ³⁵,k,iᴇŋ,³⁵,,,
39049,颉,,,,,,,
39050,颊,,,,,,,
39051,颋,,,,,,,
39052,颌,,,,,,,
39053,颍,,,,,,,
39054,颎,,,,,,,
39055,颏,,,,,,,
39056,颐,,,,,,,
39057,频,bin³³,b,in,³³,,,
39058,颒,,,,,,,
39059,颓,du̯oi³³,d,u̯oi,³³,,,
39060,颔,,,,,,,
39061,颕,,,,,,,
39062,颖,jʷiᴇŋ³⁵,jʷ,iᴇŋ,³⁵,,,
39063,颗,kʰʷɑ³⁵,kʰʷ,ɑ,³⁵,,,
39064,题,dei³³,d,ei,³³,,,
39065,颙,ŋjʊŋ³³,ŋj,ʊŋ,³³,,,
39066,颚,,,,,,,
39067,颛,,,,,,,
39068,颜,ŋɰæn³³,ŋɰæn,,³³,,,
39069,额,ŋɰæk³̲³̲,ŋɰæk̲̲,,³,,,
39070,颞,,,,,,,
39071,颟,,,,,,,
39072,颠,ten³³,t,en,³³,,,
39073,颡,,,,,,,
39074,颢,,,,,,,
39075,颣,,,,,,,
39076,颤,tɕiᴇn³¹,tɕ,iᴇn,³¹,,,
39077,颥,,,,,,,
39078,颦,,,,,,,
39079,颧,ɡʷɰiᴇn³³,ɡʷɰ,iᴇn,³³,,,
39080,風,pjuŋ³³,pj,uŋ,³³,,,
39081,颩,,,,,,,
39082,颪,,,,,,,
39083,颫,,,,,,,
39084,颬,,,,,,,
39085,颭,,,,,,,
39086,颮,,,,,,,
39087,颯,,,,,,,
39088,颰,,,,,,,
39089,颱,,,,,,,
39090,颲,,,,,r,e,d
39091,颳,,,,,,,
39092,颴,zʷiᴇn³³,zʷ,iᴇn,³³,,,
39093,颵,siᴇu³³,s,iᴇu,³³,,,
39094,颶,ɡjʊ³¹,ɡj,ʊ,³¹,,,
39095,颷,,,,,,,
39096,颸,tʂʰɨ³³,tʂʰ,ɨ,³³,shr,ɯ,
39097,颹,,,,,,,
39098,颺,jaŋ³³,j,aŋ,³³,l,a,ŋs
39099,颻,jiᴇu³³,j,iᴇu,³³,l,e,w
39100,颼,ʂɨu³¹,ʂ,ɨu,³¹,sr,u,
39101,颽,kʰəi³⁵,kʰ,əi,³⁵,kh,ɯ,̠lʔ
39102,颾,sɑu³³,s,ɑu,³³,,,
39103,颿,bju̯am³¹,bj,u̯am,³¹,b,o,ms
39104,飀,lɨu³³,l,ɨu,³³,,,
39105,飁,zip³̲³̲,z,ip̲̲,³,,,
39106,飂,lɨu³¹,l,ɨu,³¹,ɡ,ə,r
39107,飃,lit³̲³̲,l,it̲̲,³,ph,e,w
39108,飄,biᴇu³³,b,iᴇu,³³,b,e,w
39109,飅,,,,,,,
39110,飆,piᴇu³³,p,iᴇu,³³,p,e,w
39111,飇,,,,,,,
39112,飈,,,,,,,
39113,飉,leu³³,l,eu,³³,ɡ,ə,r
39114,飊,piᴇu³³,p,iᴇu,³³,,,
39115,飋,ʂɪt³̲³̲,ʂ,ɪt̲̲,³,spr,i,ɡ
39116,飌,pjuŋ³³,pj,uŋ,³³,pl,u,m
39117,飍,pju³³,pj,u,³³,,,
39118,风,pjuŋ³³,pj,uŋ,³³,,,
39119,飏,,,,,,,
39120,飐,,,,,,,
39121,飑,,,,,,,
39122,飒,,,,,,,
39123,飓,,,,,,,
39124,飔,,,,,,,
39125,飕,,,,,,,
39126,飖,,,,,,,
39127,飗,,,,,,,
39128,飘,pʰiᴇu³³,pʰ,iᴇu,³³,,,
39129,飙,,,,,,,
39130,飚,,,,,,,
39131,飛,pʷɨi³³,pʷ,ɨi,³³,p,ɯ,l
39132,飜,pʰʷjɤn³³,pʰʷj,ɤn,³³,ph,a,n
39133,飝,,,,,,,
39134,飞,pʷɨi³³,pʷ,ɨi,³³,,,
39135,食,ʑɨk³̲³̲,ʑ,ɨk̲̲,³,ɢlj,ɯ,ɡ
39136,飠,,,,,,,
39137,飡,tsʰɑn³³,tsʰ,ɑn,³³,sh,a,̠n
39138,飢,ki³³,k,i,³³,kr,i,l
39139,飣,teŋ³¹,t,eŋ,³¹,,,
39140,飤,zɨ³¹,z,ɨ,³¹,sɢl,ɯ,ɡs
39141,飥,tʰɑk³̲³̲,tʰ,ɑk̲̲,³,kh‧l,a,̠ɡ
39142,飦,kɑn³³,k,ɑn,³³,k,a,n
39143,飧,su̯on³³,s,u̯on,³³,sl,u,̠n
39144,飨,,,,,,,
39145,飩,dʷin³¹,dʷ,in,³¹,ɡ‧l,u,̠n
39146,飪,ȵim³⁵,ȵ,im,³⁵,mblj,u,mʔ
39147,飫,ʔjɤ³¹,ʔj,ɤ,³¹,q,o,ɡs
39148,飬,kʷɰiᴇn³¹,kʷɰ,iᴇn,³¹,,,
39149,飭,ʈʰɨk³̲³̲,ʈʰ,ɨk̲̲,³,kh‧l,ɯ,ɡ
39150,飮,,,,,,,
39151,飯,bʷjɤn³⁵,bʷj,ɤn,³⁵,b,o,ns
39152,飰,bʷjɤn³⁵,bʷj,ɤn,³⁵,b,o,ns
39153,飱,,,,,sh,a,̠n
39154,飲,ʔɰim³⁵,ʔɰ,im,³⁵,qr,ɯ,mʔ
39155,飳,ʈjʊ³¹,ʈj,ʊ,³¹,,,
39156,飴,jɨ³³,j,ɨ,³³,ɢl,ɯ,
39157,飵,dzu̯o³¹,dz,u̯o,³¹,z,a,̠ɡs
39158,飶,bit³̲³̲,b,it̲̲,³,bl,i,̠ɡ
39159,飷,tʂjɤ³³,tʂj,ɤ,³³,,,
39160,飸,,,,,,,
39161,飹,lɨu³⁵,l,ɨu,³⁵,,,
39162,飺,dziᴇ³³,dz,iᴇ,³³,z,e,
39163,飻,tʰen³⁵,tʰ,en,³⁵,kh‧l,ɯ,̠d
39164,飼,zɨ³¹,z,ɨ,³¹,lj,ɯ,s
39165,飽,pɰæu³⁵,pɰæ,u,³⁵,pr,u,̠ʔ
39166,飾,ɕɨk³̲³̲,ɕ,ɨk̲̲,³,qhlj,ɯ,ɡ
39167,飿,,,,,,,
39168,餀,kʰɑi³¹,kʰ,ɑi,³¹,ŋ̊h,a,̠ds
39169,餁,ȵim³⁵,ȵ,im,³⁵,mblj,u,mʔ
39170,餂,tʰem³⁵,tʰ,em,³⁵,l̥,e,̠mʔ
39171,餃,kɰæu³¹,kɰæ,u,³¹,,,
39172,餄,kɰɛp³̲³̲,kɰ,ɛp̲̲,³,,,
39173,餅,piᴇŋ³⁵,p,iᴇŋ,³⁵,p,e,ŋʔ
39174,餆,jiᴇu³³,j,iᴇu,³³,,,
39175,餇,,,,,,,
39176,餈,dzi³³,dz,i,³³,z,i,
39177,餉,ɕjaŋ³¹,ɕj,aŋ,³¹,qhj,a,ŋs
39178,養,jaŋ³¹,j,aŋ,³¹,l,a,ŋs
39179,餋,kʷjɤn³¹,kʷj,ɤn,³¹,,,
39180,餌,ȵɨ³¹,ȵ,ɨ,³¹,,,
39181,餍,,,,,,,
39182,餎,,,,,,,
39183,餏,,,,,,,
39184,餐,,,,,,,
39185,餑,,,,,,,
39186,餒,,,,,,,
39187,餓,,,,,,,
39188,餔,,,,,,,
39189,餕,dzʷɰiᴇn³¹,dzʷɰ,iᴇn,³¹,sk,u,ns
39190,餖,du³¹,d,u,³¹,,,
39191,餗,tʂʰɰɔk³̲³̲,tʂʰɰɔk̲̲,,³,sl,o,̠ɡ
39192,餘,jæ³³,jæ,,³³,ɢl,a,
39193,餙,,,,,qhlj,ɯ,ɡ
39194,餚,ɦɰæu³³,ɦɰæ,u,³³,ɡr,a,̠w
39195,餛,ɦu̯on³³,ɦ,u̯on,³³,ɡ,u,̠n
39196,餜,kʷɑ³⁵,kʷ,ɑ,³⁵,,,
39197,餝,ɕɨk³̲³̲,ɕ,ɨk̲̲,³,kh‧l,ɯ,ɡ
39198,餞,dziᴇn³¹,dz,iᴇn,³¹,z,e,ns
39199,餟,tɕʷiᴇt³̲³̲,tɕʷ,iᴇt̲̲,³,t,o,ds
39200,餠,,,,,,,
39201,餡,kʰəm³¹,kʰ,əm,³¹,ɡr,o,̠ms
39202,餢,bu³⁵,b,u,³⁵,,,
39203,餣,ʔjap³̲³̲,ʔj,ap̲̲,³,q,o,b
39204,餤,dɑm³⁵,d,ɑm,³⁵,ɡ‧l,a,̠m
39205,餥,pʷɨi³⁵,pʷ,ɨi,³⁵,p,ɯ,lʔ
39206,餦,ʈjaŋ³³,ʈj,aŋ,³³,k‧l,a,ŋ
39207,餧,nu̯oi³⁵,n,u̯oi,³⁵,qr,o,ls
39208,館,kʷɑn³¹,kʷ,ɑn,³¹,k,o,̠nʔ
39209,餩,ʔək³̲³̲,ʔ,ək̲̲,³,,,
39210,餪,nʷɑn³¹,nʷ,ɑn,³¹,,,
39211,餫,,,,,ɢr,u,ns
39212,餬,ɦu̯o³³,ɦ,u̯o,³³,ɡ,a,̠
39213,餭,ɦʷɑŋ³³,ɦʷ,ɑŋ,³³,ɡʷ,a,̠ŋ
39214,餮,den³⁵,d,en,³⁵,kh‧l,ɯ,̠d
39215,餯,hʷjai³¹,hʷj,ai,³¹,qhl,o,ds
39216,餰,tɕiᴇn³³,tɕ,iᴇn,³³,kj,e,n
39217,餱,ɦu³³,ɦ,u,³³,ɡ,o,̠
39218,餲,ʔɰiᴇi³¹,ʔɰ,iᴇi,³¹,qr,a,ds
39219,餳,dɑŋ³³,d,ɑŋ,³³,ɡ‧l,a,̠ŋ
39220,餴,pjun³³,pj,un,³³,p,ɯ,n
39221,餵,,,,,,,
39222,餶,,,,,,,
39223,餷,,,,,,,
39224,餸,,,,,,,
39225,餹,dɑŋ³³,d,ɑŋ,³³,ɡ‧l,a,̠ŋ
39226,餺,pɑk³̲³̲,p,ɑk̲̲,³,,,
39227,餻,kɑu³³,k,ɑu,³³,k,a,̠w
39228,餼,hɨi³¹,h,ɨi,³¹,qh,ɯ,ds
39229,餽,ɡʷɰi³¹,ɡʷɰ,i,³¹,ɡr,u,ls
39230,餾,lɨu³³,l,ɨu,³³,b,ə,r
39231,餿,ʂɨu³³,ʂ,ɨu,³³,,,
39232,饀,dɑu³³,d,ɑu,³³,,,
39233,饁,ɦʲiᴇp³̲³̲,ɦʲ,iᴇp̲̲,³,ɢr,a,b
39234,饂,,,,,,,
39235,饃,,,,,,,
39236,饄,,,,,,,
39237,饅,mʷɑn³³,mʷ,ɑn,³³,,,
39238,饆,pit³̲³̲,p,it̲̲,³,,,
39239,饇,ʔu³⁵,ʔ,u,³⁵,q,o,s
39240,饈,sɨu³³,s,ɨu,³³,,,
39241,饉,ɡɰin³¹,ɡɰ,in,³¹,ɡr,ɯ,ns
39242,饊,sɑn³⁵,s,ɑn,³⁵,sqh,a,̠nʔ
39243,饋,ɡʷɰi³¹,ɡʷɰ,i,³¹,ɡr,u,ds
39244,饌,dʐʷiᴇn³¹,dʐʷ,iᴇn,³¹,sɡr,o,̠nʔ
39245,饍,dʑiᴇn³¹,dʑ,iᴇn,³¹,dj,e,ns
39246,饎,tɕʰɨ³¹,tɕʰ,ɨ,³¹,khj,ɯ,s
39247,饏,dɑm³⁵,d,ɑm,³⁵,,,
39248,饐,ʔet³̲³̲,ʔ,et̲̲,³,qr,i,ɡs
39249,饑,kɨi³³,k,ɨi,³³,k,ɯ,l
39250,饒,ȵiᴇu³³,ȵ,iᴇu,³³,mɡlj,a,ws
39251,饓,,,,,,,
39252,饔,ʔjʊŋ³³,ʔj,ʊŋ,³³,q,o,ŋ
39253,饕,tʰɑu³³,tʰ,ɑu,³³,kh‧l,o,̠w
39254,饖,ʔɰi³¹,ʔɰ,i,³¹,qʷ,a,ds
39255,饗,hjaŋ³³,hj,aŋ,³³,qh,a,ŋʔ
39256,饘,tɕiᴇn³³,tɕ,iᴇn,³³,tj,a,nʔ
39257,饙,pjun³³,pj,un,³³,p,ɯ,n
39258,饚,hɑi³¹,h,ɑi,³¹,,,
39259,饛,muŋ³³,m,uŋ,³³,m,o,̠ŋ
39260,饜,ʔɰiᴇm³¹,ʔɰ,iᴇm,³¹,q,e,ms
39261,饝,,,,,,,
39262,饞,dʐɰɛm³³,dʐɰ,ɛm,³³,zr,ɯ,̠m
39263,饟,ȵjaŋ³¹,ȵj,aŋ,³¹,l̥,a,ŋ
39264,饠,lɑ³³,l,ɑ,³³,,,
39265,饡,,,,,s,a,̠ns
39266,饢,,,,,,,
39267,饣,pjun³³,pj,un,³³,,,
39268,饤,,,,,,,
39269,饥,kɨi³³,k,ɨi,³³,,,
39270,饦,,,,,,,
39271,饧,,,,,,,
39272,饨,du̯on³³,d,u̯on,³³,,,
39273,饩,,,,,,,
39274,饪,,,,,,,
39275,饫,,,,,,,
39276,饬,ʈʰɨk³̲³̲,ʈʰ,ɨk̲̲,³,,,
39277,饭,bʷjɤn³¹,bʷj,ɤn,³¹,,,
39278,饮,ʔɰim³⁵,ʔɰ,im,³⁵,,,
39279,饯,dziᴇn³¹,dz,iᴇn,³¹,,,
39280,饰,ɕɨk³̲³̲,ɕ,ɨk̲̲,³,,,
39281,饱,pɰæu³⁵,pɰæ,u,³⁵,,,
39282,饲,zɨ³¹,z,ɨ,³¹,,,
39283,饳,,,,,,,
39284,饴,jɨ³³,j,ɨ,³³,,,
39285,饵,ȵɨ³¹,ȵ,ɨ,³¹,,,
39286,饶,ȵiᴇu³³,ȵ,iᴇu,³³,,,
39287,饷,ɕjaŋ³¹,ɕj,aŋ,³¹,,,
39288,饸,,,,,,,
39289,饹,,,,,,,
39290,饺,,,,,,,
39291,饻,,,,,,,
39292,饼,piᴇŋ³⁵,p,iᴇŋ,³⁵,,,
39293,饽,bu̯ot³̲³̲,b,u̯ot̲̲,³,,,
39294,饾,,,,,,,
39295,饿,ŋɑ³¹,ŋ,ɑ,³¹,,,
39296,馀,jɤ³³,j,ɤ,³³,,,
39297,馁,nu̯oi³⁵,n,u̯oi,³⁵,,,
39298,馂,,,,,,,
39299,馃,kʷɑ³⁵,kʷ,ɑ,³⁵,,,
39300,馄,ɦu̯on³³,ɦ,u̯on,³³,,,
39301,馅,,,,,,,
39302,馆,kʷɑn³⁵,kʷ,ɑn,³⁵,,,
39303,馇,,,,,,,
39304,馈,,,,,,,
39305,馉,,,,,,,
39306,馊,,,,,,,
39307,馋,dʐɰɛm³³,dʐɰ,ɛm,³³,,,
39308,馌,,,,,,,
39309,馍,,,,,,,
39310,馎,,,,,,,
39311,馏,lɨu³¹,l,ɨu,³¹,,,
39312,馐,,,,,,,
39313,馑,,,,,,,
39314,馒,mʷɑn³³,mʷ,ɑn,³³,,,
39315,馓,sɑn³⁵,s,ɑn,³⁵,,,
39316,馔,dʐʷɰæn³⁵,dʐʷɰæn,,³⁵,,,
39317,馕,,,,,,,
39318,首,ɕɨu³⁵,ɕ,ɨu,³⁵,qhlj,u,s
39319,馗,ɡʷɰi³³,ɡʷɰ,i,³³,ɡr,u,
39320,馘,kʷək³̲³̲,kʷ,ək̲̲,³,kʷr,ɯ,̠ɡ
39321,香,hjaŋ³³,hj,aŋ,³³,qh,a,ŋ
39322,馚,bjun³³,bj,un,³³,,,
39323,馛,bʷɑt³̲³̲,bʷ,ɑt̲̲,³,,,
39324,馜,ɳɰiᴇ³⁵,ɳɰ,iᴇ,³⁵,,,
39325,馝,bit³̲³̲,b,it̲̲,³,,,
39326,馞,pʰu̯ot³̲³̲,pʰ,u̯ot̲̲,³,,,
39327,馟,,,,,,,
39328,馠,həm³³,h,əm,³³,qh,ɯ,̠m
39329,馡,pʷɨi³³,pʷ,ɨi,³³,,,
39330,馢,tsen³³,ts,en,³³,,,
39331,馣,ʔɰiᴇm³⁵,ʔɰ,iᴇm,³⁵,,,
39332,馤,ʔɑi³¹,ʔ,ɑi,³¹,q,a,̠ds
39333,馥,bjuk³̲³̲,bj,uk̲̲,³,br,ɯ,ɡ
39334,馦,hɰiᴇm³³,hɰ,iᴇm,³³,,,
39335,馧,ʔu̯ot³̲³̲,ʔ,u̯ot̲̲,³,,,
39336,馨,heŋ³³,h,eŋ,³³,qhl,e,̠ŋ
39337,馩,bjun³³,bj,un,³³,,,
39338,馪,pʰin³³,pʰ,in,³³,,,
39339,馫,,,,,,,
39340,馬,tsuŋ³³,ts,uŋ,³³,mr,a,̠ʔ
39341,馭,ŋjɤ³¹,ŋj,ɤ,³¹,ŋ,a,s
39342,馮,bɰɛŋ³³,bɰ,ɛŋ,³³,br,ɯ,ŋ
39343,馯,kʰɰæn³³,kʰɰæn,,³³,ɡ,a,̠ns
39344,馰,tek³̲³̲,t,ek̲̲,³,p‧l,e,̠wɡ
39345,馱,dɑi³¹,d,ɑi,³¹,,,
39346,馲,ʔʷɑk³̲³̲,ʔʷ,ɑk̲̲,³,kh‧l,a,̠ɡ
39347,馳,ɖiᴇ³³,ɖ,iᴇ,³³,ɡ‧l,a,l
39348,馴,ʑʷin³³,ʑʷ,in,³³,sɢl,u,n
39349,馵,,,,,tj,o,ɡs
39350,馶,kiᴇ³¹,k,iᴇ,³¹,k,e,s
39351,馷,pʰɑi³¹,pʰ,ɑi,³¹,,,
39352,馸,kɨn³¹,k,ɨn,³¹,,,
39353,馹,ȵit³̲³̲,ȵ,it̲̲,³,mlj,i,ɡ
39354,馺,səp³̲³̲,s,əp̲̲,³,sqh,ɯ,̠b
39355,馻,jʷin³⁵,jʷ,in,³⁵,ɢ,u,nʔ
39356,馼,mjun³³,mj,un,³³,m,ɯ,n
39357,馽,ʈip³̲³̲,ʈ,ip̲̲,³,t,i,b
39358,馾,təm³¹,t,əm,³¹,,,
39359,馿,,,,,,,
39360,駀,ɦʲɨu³³,ɦʲ,ɨu,³³,,,
39361,駁,pɰɔk³̲³̲,pɰɔk̲̲,,³,pkr,a,̠wɡ
39362,駂,pɑu³⁵,p,ɑu,³⁵,p,u,̠ʔ
39363,駃,kʷet³̲³̲,kʷ,et̲̲,³,kʷ,e,̠d
39364,駄,,,,,,,
39365,駅,,,,,,,
39366,駆,,,,,,,
39367,駇,,,,,,,
39368,駈,,,,,,,
39369,駉,kʷeŋ³³,kʷ,eŋ,³³,kʷ,e,̠ŋ
39370,駊,pʷɑ³⁵,pʷ,ɑ,³⁵,ph,a,̠lʔ
39371,駋,tɕiᴇu³³,tɕ,iᴇu,³³,,,
39372,駌,,,,,,,
39373,駍,pʰɰɛŋ³³,pʰɰ,ɛŋ,³³,br,e,
39374,駎,ɖɨu³¹,ɖ,ɨu,³¹,ɡ‧l,ɯ,wɡs
39375,駏,ɡjɤ³⁵,ɡj,ɤ,³⁵,ɡ,a,ʔ
39376,駐,ʈjʊ³¹,ʈj,ʊ,³¹,t,o,s
39377,駑,nu̯o³³,n,u̯o,³³,n,a,̠
39378,駒,kjʊ³¹,kj,ʊ,³¹,k,o,
39379,駓,pʰɰi³³,pʰɰ,i,³³,phr,ɯ,
39380,駔,dʐjɤ³³,dʐj,ɤ,³³,sk,a,̠ŋʔ
39381,駕,kɰæ³³,kɰæ,,³³,kr,a,̠ls
39382,駖,lɰɛŋ³³,lɰ,ɛŋ,³³,ɡ,ə,r
39383,駗,,,,,ɡ,ə,r
39384,駘,tʰəi³³,tʰ,əi,³³,ɡ‧l,ɯ,̠ʔ
39385,駙,bjʊ³¹,bj,ʊ,³¹,b,o,s
39386,駚,ʔjaŋ³⁵,ʔj,aŋ,³⁵,q,a,̠ŋʔ
39387,駛,ʂɨ³⁵,ʂ,ɨ,³⁵,sqr,ɯ,ʔ
39388,駜,bɰit³̲³̲,bɰ,it̲̲,³,bl,i,ɡ
39389,駝,dɑ³³,d,ɑ,³³,l,a,̠l
39390,駞,dɑ³³,d,ɑ,³³,,,
39391,駟,si³¹,s,i,³¹,l̥j,i,ds
39392,駠,,,,,b,ə,r
39393,駡,,,,,mr,a,̠s
39394,駢,beŋ³³,b,eŋ,³³,b,e,̠n
39395,駣,dɑu³¹,d,ɑu,³¹,ɡ‧l,e,wʔ
39396,駤,ʈi³¹,ʈ,i,³¹,k‧l,i,ɡs
39397,駥,ȵjuŋ³³,ȵj,uŋ,³³,nj,u,ŋ
39398,駦,,,,,,,
39399,駧,duŋ³¹,d,uŋ,³¹,d,o,̠ŋs
39400,駨,zʷin³³,zʷ,in,³³,,,
39401,駩,tsʰʷiᴇn³³,tsʰʷ,iᴇn,³³,skh,o,n
39402,駪,ʂɪn³³,ʂ,ɪn,³³,sr,i,n
39403,駫,kʷeŋ³³,kʷ,eŋ,³³,kʷ,e,̠ŋ
39404,駬,ȵɨ³⁵,ȵ,ɨ,³⁵,mlj,ɯ,ʔ
39405,駭,ɦɰɛi³⁵,ɦɰ,ɛi,³⁵,ɡr,ɯ,̠ʔ
39406,駮,kɰɔk³̲³̲,kɰɔk̲̲,,³,pkr,e,̠wɡ
39407,駯,,,,,,,
39408,駰,ʔin³³,ʔ,in,³³,qr,i,n
39409,駱,lɑk³̲³̲,l,ɑk̲̲,³,ɡ,ə,r
39410,駲,,,,,,,
39411,駳,,,,,,,
39412,駴,kɰɛi³¹,kɰ,ɛi,³¹,ɡr,ɯ,̠ʔ
39413,駵,lɨu³³,l,ɨu,³³,b,ə,r
39414,駶,,,,,ɡ,o,ɡ
39415,駷,suŋ³⁵,s,uŋ,³⁵,sl,o,ŋʔ
39416,駸,tsʰim³³,tsʰ,im,³³,skhr,i,m
39417,駹,mɰɔŋ³³,mɰɔŋ,,³³,mr,o,̠ŋ
39418,駺,lɑŋ³³,l,ɑŋ,³³,r,a,̠ŋ
39419,駻,ɦɑn³¹,ɦ,ɑn,³¹,ɡ,a,̠ns
39420,駼,du̯o³³,d,u̯o,³³,ɡ‧l,a,̠
39421,駽,kʰʷen³¹,kʰʷ,en,³¹,qhʷ,e,̠ns
39422,駾,tʰʷɑi³¹,tʰʷ,ɑi,³¹,kh‧l,o,̠ds
39423,駿,sʷin³¹,sʷ,in,³¹,sk,u,ns
39424,騀,ŋɑ³⁵,ŋ,ɑ,³⁵,ŋ,a,̠lʔ
39425,騁,ʈʰiᴇŋ³⁵,ʈʰ,iᴇŋ,³⁵,ph‧l,e,ŋʔ
39426,騂,hʷiᴇŋ³³,hʷ,iᴇŋ,³³,skʷl,e,ŋ
39427,騃,ɦʲɨ³⁵,ɦʲ,ɨ,³⁵,ŋɡr,ɯ,̠ʔ
39428,騄,,,,,b,ə,r
39429,騅,tɕʷi³³,tɕʷ,i,³³,klj,u,l
39430,騆,,,,,,,
39431,騇,ɕjæ³⁵,ɕjæ,,³⁵,qhlj,a,̠s
39432,騈,,,,,,,
39433,騉,ku̯on³³,k,u̯on,³³,k,u,̠n
39434,騊,dɑu³³,d,ɑu,³³,b‧l,u,̠
39435,騋,ləi³³,l,əi,³³,ɡ,ə,r
39436,騌,,,,,,,
39437,騍,,,,,,,
39438,騎,ɡɰiᴇ³³,ɡɰ,iᴇ,³³,ɡr,a,l
39439,騏,ɡɨ³³,ɡ,ɨ,³³,ɡ,ɯ,
39440,騐,,,,,,,
39441,騑,pʰʷɨi³³,pʰʷ,ɨi,³³,p,ɯ,l
39442,騒,,,,,,,
39443,験,,,,,,,
39444,騔,kɑt³̲³̲,k,ɑt̲̲,³,,,
39445,騕,ʔeu³⁵,ʔ,eu,³⁵,q,e,̠wʔ
39446,騖,mjʊ³¹,mj,ʊ,³¹,m,o,ɡs
39447,騗,pʰiᴇn³¹,pʰ,iᴇn,³¹,,,
39448,騘,tsʰuŋ³³,tsʰ,uŋ,³³,skh,o,̠ŋ
39449,騙,,,,,,,
39450,騚,dzen³³,dz,en,³³,z,e,̠n
39451,騛,pʷɨi³³,pʷ,ɨi,³³,p,ɯ,l
39452,騜,ɦʲʷjaŋ³³,ɦʲʷj,aŋ,³³,ɡʷ,a,̠ŋ
39453,騝,ɡɰiᴇn³³,ɡɰ,iᴇn,³³,ɡr,a,n
39454,騞,tʰek³̲³̲,tʰ,ek̲̲,³,qhʷr,a,̠ɡ
39455,騟,jʊ³³,j,ʊ,³³,l,o,
39456,騠,tei³³,t,ei,³³,ɡ‧l,e,̠
39457,騡,dzʷiᴇn³³,dzʷ,iᴇn,³³,,,
39458,騢,ɦɰæ³³,ɦɰæ,,³³,ɡr,a,̠
39459,騣,tsuŋ³³,ts,uŋ,³³,sk,o,̠ŋ
39460,騤,ɡʷɰi³³,ɡʷɰ,i,³³,ɡʷr,i,l
39461,騥,ȵɨu³³,ȵ,ɨu,³³,mlj,u,
39462,騦,sɨ³³,s,ɨ,³³,,,
39463,騧,kʷɰæ³³,kʷɰæ,,³³,kr,o,̠l
39464,騨,,,,,,,
39465,騩,kʷɰi³¹,kʷɰ,i,³¹,k,u,l
39466,騪,ʂɨu³³,ʂ,ɨu,³³,sr,u,
39467,騫,kʰjɤn³¹,kʰj,ɤn,³¹,khr,a,n
39468,騬,dzɨŋ³³,dz,ɨŋ,³³,ɢlj,ɯ,ŋ
39469,騭,tɕit³̲³̲,tɕ,it̲̲,³,tj,i,ɡ
39470,騮,lɨu³³,l,ɨu,³³,b,ə,r
39471,騯,pɰæŋ³³,pɰæŋ,,³³,pr,a,̠ŋ
39472,騰,dəŋ³³,d,əŋ,³³,ɡ‧l,ɯ,̠ŋ
39473,騱,ɦei³³,ɦ,ei,³³,ɡ,e,̠
39474,騲,tsʰɑu³⁵,tsʰ,ɑu,³⁵,sh,u,̠ʔ
39475,騳,,,,,,,
39476,騴,ʔɰæn³¹,ʔɰæn,,³¹,qr,a,̠ns
39477,騵,ŋʷjɤn³³,ŋʷj,ɤn,³³,ŋɡ,o,n
39478,騶,ʈjʊ³³,ʈj,ʊ,³³,sr,u,
39479,騷,sɑu³³,s,ɑu,³³,sl,u,̠
39480,騸,,,,,,,
39481,騹,,,,,ɡl,ɯ,
39482,騺,ʈi³¹,ʈ,i,³¹,k‧l,i,bs
39483,騻,ʂjaŋ³⁵,ʂj,aŋ,³⁵,,,
39484,騼,luk³̲³̲,l,uk̲̲,³,b,ə,r
39485,騽,ɦʲip³̲³̲,ɦʲ,ip̲̲,³,ɢr,u,b
39486,騾,lʷɑ³³,lʷ,ɑ,³³,r,o,̠l
39487,騿,,,,,,,
39488,驀,mɰæ³¹,mɰæ,,³¹,mr,a,̠ɡ
39489,驁,ŋiᴇu³¹,ŋ,iᴇu,³¹,ŋɡ,a,̠w
39490,驂,tsʰəm³¹,tsʰ,əm,³¹,sh,u,̠m
39491,驃,biᴇu³¹,b,iᴇu,³¹,b,e,ws
39492,驄,tsʰuŋ³³,tsʰ,uŋ,³³,skh,o,̠ŋ
39493,驅,kʰjʊ³³,kʰj,ʊ,³³,kh,o,s
39494,驆,,,,,,,
39495,驇,,,,,,,
39496,驈,ʑʷit³̲³̲,ʑʷ,it̲̲,³,ɢʷj,i,d
39497,驉,hjɤ³³,hj,ɤ,³³,qhl,a,
39498,驊,ɦʷɰæ³³,ɦʷɰæ,,³³,ɡʷr,a,̠
39499,驋,pʰʷɑt³̲³̲,pʰʷ,ɑt̲̲,³,,,
39500,驌,ʂjuk³̲³̲,ʂj,uk̲̲,³,sl,ɯ,wɡ
39501,驍,keu³³,k,eu,³³,k,e,̠w
39502,驎,lin³³,l,in,³³,r,i,n
39503,驏,,,,,,,
39504,驐,tu̯on³³,t,u̯on,³³,,,
39505,驑,,,,,,,
39506,驒,den³³,d,en,³³,d,a,̠l
39507,驓,dzəŋ³³,dz,əŋ,³³,z,ɯ,ŋ
39508,驔,dəm³³,d,əm,³³,ɡ‧l,ɯ,̠mʔ
39509,驕,hɰiᴇu³³,hɰ,iᴇu,³³,kr,e,w
39510,驖,det³̲³̲,d,et̲̲,³,kh‧l,i,̠ɡ
39511,驗,ŋɰiᴇm³¹,ŋɰ,iᴇm,³¹,ŋɡr,o,ms
39512,驘,lʷɑ³³,lʷ,ɑ,³³,r,o,̠l
39513,驙,ʈiᴇn³¹,ʈ,iᴇn,³¹,d,a,̠n
39514,驚,kɰjæŋ³³,kɰjæŋ,,³³,kr,e,ŋ
39515,驛,jiᴇk³̲³̲,j,iᴇk̲̲,³,ɢl,a,ɡ
39516,驜,ŋjap³̲³̲,ŋj,ap̲̲,³,,,
39517,驝,lɑk³̲³̲,l,ɑk̲̲,³,,,
39518,驞,pʰin³³,pʰ,in,³³,ph,i,n
39519,驟,dʐɨu³¹,dʐ,ɨu,³¹,sɡr,u,s
39520,驠,ʔen³³,ʔ,en,³³,q,e,̠ns
39521,驡,ljʊŋ³³,lj,ʊŋ,³³,,,
39522,驢,ljɤ³³,lj,ɤ,³³,ɡ,ə,r
39523,驣,,,,,,,
39524,驤,ȵjaŋ³³,ȵj,aŋ,³³,sl,a,ŋ
39525,驥,kɰiᴇ³³,kɰ,iᴇ,³³,kpr,ɯ,ls
39526,驦,ʂjaŋ³³,ʂj,aŋ,³³,sr,a,ŋ
39527,驧,kjuk³̲³̲,kj,uk̲̲,³,ɡ,u,ɡ
39528,驨,ɦʷei³³,ɦʷ,ei,³³,ɢʷ,e,̠
39529,驩,hʷɑn³³,hʷ,ɑn,³³,qh,o,̠n
39530,驪,lei³³,l,ei,³³,b,ə,r
39531,驫,piᴇu³³,p,iᴇu,³³,p,i,w
39532,马,ɕjæ³¹,ɕjæ,,³¹,,,
39533,驭,,,,,,,
39534,驮,dɑ³³,d,ɑ,³³,,,
39535,驯,zʷin³³,zʷ,in,³³,,,
39536,驰,ɖiᴇ³³,ɖ,iᴇ,³³,,,
39537,驱,kʰjʊ³³,kʰj,ʊ,³³,,,
39538,驲,,,,,,,
39539,驳,pɰɔk³̲³̲,pɰɔk̲̲,,³,,,
39540,驴,ljɤ³³,lj,ɤ,³³,,,
39541,驵,,,,,,,
39542,驶,ʂɨ³⁵,ʂ,ɨ,³⁵,,,
39543,驷,,,,,,,
39544,驸,,,,,,,
39545,驹,kjʊ³³,kj,ʊ,³³,,,
39546,驺,,,,,,,
39547,驻,ʈjʊ³¹,ʈj,ʊ,³¹,,,
39548,驼,dɑ³³,d,ɑ,³³,,,
39549,驽,,,,,,,
39550,驾,kɰæ³¹,kɰæ,,³¹,,,
39551,驿,,,,,,,
39552,骀,,,,,,,
39553,骁,,,,,,,
39554,骂,mɰæ³⁵,mɰæ,,³⁵,,,
39555,骃,,,,,,,
39556,骄,kɰiᴇu³³,kɰ,iᴇu,³³,,,
39557,骅,,,,,,,
39558,骆,lɑk³̲³̲,l,ɑk̲̲,³,,,
39559,骇,ɦɰɛi³⁵,ɦɰ,ɛi,³⁵,,,
39560,骈,,,,,,,
39561,骉,,,,,,,
39562,骊,,,,,,,
39563,骋,,,,,,,
39564,验,ŋɰiᴇm³¹,ŋɰ,iᴇm,³¹,,,
39565,骍,,,,,,,
39566,骎,,,,,,,
39567,骏,,,,,,,
39568,骐,,,,,,,
39569,骑,,,,,,,
39570,骒,,,,,,,
39571,骓,,,,,,,
39572,骔,,,,,,,
39573,骕,,,,,,,
39574,骖,,,,,,,
39575,骗,,,,,,,
39576,骘,,,,,,,
39577,骙,,,,,,,
39578,骚,,,,,,,
39579,骛,,,,,,,
39580,骜,,,,,,,
39581,骝,,,,,,,
39582,骞,,,,,,,
39583,骟,,,,,,,
39584,骠,,,,,,,
39585,骡,lʷɑ³³,lʷ,ɑ,³³,,,
39586,骢,,,,,,,
39587,骣,,,,,,,
39588,骤,dʐɨu³¹,dʐ,ɨu,³¹,,,
39589,骥,,,,,,,
39590,骦,,,,,,,
39591,骧,,,,,,,
39592,骨,ku̯ot³̲³̲,k,u̯ot̲̲,³,k,u,̠d
39593,骩,,,,,,,
39594,骪,,,,,,,
39595,骫,ʔʷɰiᴇ³¹,ʔʷɰ,iᴇ,³¹,qr,o,̠lʔ
39596,骬,ɦʲjʊ³³,ɦʲj,ʊ,³³,ɢʷ,a,
39597,骭,kɑn³¹,k,ɑn,³¹,ɡr,a,̠ns
39598,骮,jɨk³̲³̲,j,ɨk̲̲,³,,,
39599,骯,kʰɑŋ³⁵,kʰ,ɑŋ,³⁵,,,
39600,骰,du³³,d,u,³³,,,
39601,骱,ɦɑt³̲³̲,ɦ,ɑt̲̲,³,,,
39602,骲,bɰɔk³̲³̲,bɰɔk̲̲,,³,br,u,̠ʔ
39603,骳,mɰiᴇ³⁵,mɰ,iᴇ,³⁵,mbr,a,lʔ
39604,骴,dziᴇ³³,dz,iᴇ,³³,z,e,
39605,骵,,,,,,,
39606,骶,tei³¹,t,ei,³¹,t,i,̠ls
39607,骷,kʰu̯o³³,kʰ,u̯o,³³,,,
39608,骸,kəi³³,k,əi,³³,ɡr,ɯ,̠
39609,骹,hɰæu³³,hɰæ,u,³³,khr,e,̠w
39610,骺,ku³¹,k,u,³¹,,,
39611,骻,kʰʷɰæ³¹,kʰʷɰæ,,³¹,khʷr,a,̠ʔ
39612,骼,kɑk³̲³̲,k,ɑk̲̲,³,kr,a,̠ɡ
39613,骽,tʰu̯oi³⁵,tʰ,u̯oi,³⁵,,,
39614,骾,kɰæŋ³⁵,kɰæŋ,,³⁵,kr,a,̠ŋʔ
39615,骿,ben³³,b,en,³³,b,e,̠n
39616,髀,miᴇ³⁵,m,iᴇ,³⁵,b,e,̠ʔ
39617,髁,kʰʷɑ³³,kʰʷ,ɑ,³³,khl,o,̠ls
39618,髂,kʰɰæ³¹,kʰɰæ,,³¹,khr,a,̠ɡs
39619,髃,ŋuŋ³³,ŋ,uŋ,³³,ŋ,o,̠ʔ
39620,髄,,,,,,,
39621,髅,,,,,,,
39622,髆,pɑk³̲³̲,p,ɑk̲̲,³,p,a,̠ɡ
39623,髇,hɰæu³³,hɰæ,u,³³,,,
39624,髈,pʰɑŋ³⁵,pʰ,ɑŋ,³⁵,b,a,̠ŋ
39625,髉,pɰɔk³̲³̲,pɰɔk̲̲,,³,,,
39626,髊,dziᴇ³³,dz,iᴇ,³³,z,a,ls
39627,髋,,,,,,,
39628,髌,,,,,,,
39629,髍,mʷɑ³³,mʷ,ɑ,³³,m,a,̠ls
39630,髎,leu³³,l,eu,³³,ɡ,ə,r
39631,髏,lu³³,l,u,³³,ɡ,ə,r
39632,髐,heu³³,h,eu,³³,kh,e,̠w
39633,髑,duk³̲³̲,d,uk̲̲,³,ɡ‧l,o,̠ɡ
39634,髒,tsɑŋ³¹,ts,ɑŋ,³¹,,,
39635,髓,sʷɰiᴇ³⁵,sʷɰ,iᴇ,³⁵,skl,o,lʔ
39636,體,tʰɨ³⁵,tʰ,ɨ,³⁵,r̥,i,̠ʔ
39637,髕,,,,,b,i,nʔ
39638,髖,kʰʷɑn³³,kʰʷ,ɑn,³³,kh,u,̠n
39639,髗,lu̯o³³,l,u̯o,³³,ɡ,ə,r
39640,高,kɑu³³,k,ɑu,³³,k,o,̠w
39641,髙,ɦʷeŋ³¹,ɦʷ,eŋ,³¹,,,
39642,髚,,,,,,,
39643,髛,,,,,,,
39644,髜,kʰeu³⁵,kʰ,eu,³⁵,,,
39645,髝,lɑu³¹,l,ɑu,³¹,,,
39646,髞,sɑu³¹,s,ɑu,³¹,,,
39647,髟,pju³³,pj,u,³³,p,i,w
39648,髠,kʰu̯ot³̲³̲,kʰ,u̯ot̲̲,³,,,
39649,髡,kʰu̯on³³,kʰ,u̯on,³³,ŋ̊,u,̠n
39650,髢,dei³¹,d,ei,³¹,l,e,̠ls
39651,髣,pʰʷjaŋ³⁵,pʰʷj,aŋ,³⁵,ph,a,ŋʔ
39652,髤,hɨu³³,h,ɨu,³³,qh,u,
39653,髥,ȵiᴇm³³,ȵ,iᴇm,³³,,,
39654,髦,mu³³,m,u,³³,m,a,̠w
39655,髧,dəm³⁵,d,əm,³⁵,ɡ‧l,u,̠mʔ
39656,髨,kʰu̯on³³,kʰ,u̯on,³³,,,
39657,髩,,,,,,,
39658,髪,pʷjɤt³̲³̲,pʷj,ɤt̲̲,³,,,
39659,髫,deu³³,d,eu,³³,d,e,̠w
39660,髬,pʰɰi³³,pʰɰ,i,³³,phr,ɯ,
39661,髭,tsiᴇ³³,ts,iᴇ,³³,s,e,
39662,髮,pʷjɤt³̲³̲,pʷj,ɤt̲̲,³,p,o,d
39663,髯,ȵiᴇm³¹,ȵ,iᴇm,³¹,nj,a,m
39664,髰,tʰei³¹,tʰ,ei,³¹,,,
39665,髱,bɰæu³¹,bɰæ,u,³¹,,,
39666,髲,bɰiᴇ³¹,bɰ,iᴇ,³¹,br,a,ls
39667,髳,muŋ³³,m,uŋ,³³,m,u,
39668,髴,pjut³̲³̲,pj,ut̲̲,³,ph,ɯ,ds
39669,髵,ȵɨ³³,ȵ,ɨ,³³,nj,ɯ,
39670,髶,ȵɨ³¹,ȵ,ɨ,³¹,nj,o,ŋ
39671,髷,,,,,,,
39672,髸,kjʊŋ³³,kj,ʊŋ,³³,,,
39673,髹,hɨu³³,h,ɨu,³³,qh,u,
39674,髺,kʷɑt³̲³̲,kʷ,ɑt̲̲,³,k,o,̠d
39675,髻,ket³̲³̲,k,et̲̲,³,k,i,̠ds
39676,髼,buŋ³³,b,uŋ,³³,,,
39677,髽,tʂʷɰæ³³,tʂʷɰæ,,³³,sr,o,̠l
39678,髾,ʂɰæu³³,ʂɰæ,u,³³,spr,e,̠w
39679,髿,sʷɑ³³,sʷ,ɑ,³³,sl,o,̠l
39680,鬀,dei³¹,d,ei,³¹,kh‧l,i,̠ls
39681,鬁,,,,,,,
39682,鬂,,,,,,,
39683,鬃,dʐɰɔŋ³³,dʐɰɔŋ,,³³,,,
39684,鬄,dei³¹,d,ei,³¹,l̥j,e,ɡ
39685,鬅,bəŋ³³,b,əŋ,³³,,,
39686,鬆,su̯oŋ³³,s,u̯oŋ,³³,,,
39687,鬇,ʈɰɛŋ³³,ʈɰ,ɛŋ,³³,,,
39688,鬈,kʰʷɰiᴇn³³,kʰʷɰ,iᴇn,³³,khr,o,n
39689,鬉,tsuŋ³³,ts,uŋ,³³,,,
39690,鬊,ɕʷin³¹,ɕʷ,in,³¹,qhlj,u,ns
39691,鬋,tsiᴇn³¹,ts,iᴇn,³¹,s,e,n
39692,鬌,dʷɑ³¹,dʷ,ɑ,³¹,ɡ‧l,o,̠lʔ
39693,鬍,,,,,ɡ,a,̠
39694,鬎,,,,,,,
39695,鬏,,,,,,,
39696,鬐,ɡi³³,ɡ,i,³³,ɡr,i,
39697,鬑,lem³³,l,em,³³,ɡ,ə,r
39698,鬒,tɕin³⁵,tɕ,in,³⁵,kj,i,nʔ
39699,鬓,pin³¹,p,in,³¹,,,
39700,鬔,buŋ³³,b,uŋ,³³,,,
39701,鬕,mɰæ³¹,mɰæ,,³¹,mr,a,̠ɡs
39702,鬖,ʂim³³,ʂ,im,³³,sl,o,̠m
39703,鬗,mʷɑn³³,mʷ,ɑn,³³,m,a,̠n
39704,鬘,mɰæn³³,mɰæn,,³³,,,
39705,鬙,səŋ³³,s,əŋ,³³,,,
39706,鬚,sjʊ³³,sj,ʊ,³³,sl ,o,
39707,鬛,jiᴇp³̲³̲,j,iᴇp̲̲,³,,,
39708,鬜,kʰɰɛt³̲³̲,kʰɰ,ɛt̲̲,³,khr,e,̠n
39709,鬝,dʐiᴇn³³,dʐ,iᴇn,³³,khr,e,̠n
39710,鬞,ɳɰɔŋ³³,ɳɰɔŋ,,³³,,,
39711,鬟,ɦʷɰæn³³,ɦʷɰæn,,³³,ɢʷr,e,̠n
39712,鬠,kʷɑi³¹,kʷ,ɑi,³¹,ɡ,o,̠d
39713,鬡,ɳɰɛŋ³³,ɳɰ,ɛŋ,³³,,,
39714,鬢,,,,,p,i,ns
39715,鬣,liᴇp³̲³̲,l,iᴇp̲̲,³,r,a,b
39716,鬤,ɳɰæŋ³³,ɳɰæŋ,,³³,mlj,a,ŋ
39717,鬥,tu³¹,t,u,³¹,t,o,̠ɡs
39718,鬦,,,,,,,
39719,鬧,ɳɰæu³¹,ɳɰæ,u,³¹,rn,a,̠ws
39720,鬨,ɦuŋ³¹,ɦ,uŋ,³¹,ɡr,o,̠ŋs
39721,鬩,hek³̲³̲,h,ek̲̲,³,ɡ,e,̠ɡ
39722,鬪,,,,,k‧l,o,̠s
39723,鬫,kʰɑm³¹,kʰ,ɑm,³¹,,,
39724,鬬,tu³¹,t,u,³¹,,,
39725,鬭,,,,,t,o,̠ɡs
39726,鬮,kɨu³³,k,ɨu,³³,kʷ,ɯ,
39727,鬯,ʈʰjaŋ³¹,ʈʰj,aŋ,³¹,th,a,ŋs
39728,鬰,,,,,,,
39729,鬱,ʔjut³̲³̲,ʔj,ut̲̲,³,q,u,d
39730,鬲,lek³̲³̲,l,ek̲̲,³,kr,e,̠ɡ
39731,鬳,kʷjɤn³¹,kʷj,ɤn,³¹,ŋ,a,ns
39732,鬴,bjʊ³⁵,bj,ʊ,³⁵,b,a,ʔ
39733,鬵,dziᴇm³³,dz,iᴇm,³³,sɡ,u,m
39734,鬶,,,,,,,
39735,鬷,tsuŋ³³,ts,uŋ,³³,sk,o,̠ŋʔ
39736,鬸,lɨu³¹,l,ɨu,³¹,,,
39737,鬹,kʷiᴇ³³,kʷ,iᴇ,³³,kʷ,e,l
39738,鬺,ɕjaŋ³³,ɕj,aŋ,³³,l̥,a,ŋ
39739,鬻,juk³̲³̲,j,uk̲̲,³,l,u,ɡ
39740,鬼,kʷɨi³⁵,kʷ,ɨi,³⁵,k,u,lʔ
39741,鬽,mɰi³¹,mɰ,i,³¹,mr,ɯ,ds
39742,鬾,ɡɰiᴇ³³,ɡɰ,iᴇ,³³,ɡr,e,s
39743,鬿,ɡɨi³³,ɡ,ɨi,³³,ɡ,ɯ,l
39744,魀,,,,,,,
39745,魁,kʰu̯oi³³,kʰ,u̯oi,³³,kh,u,̠l
39746,魂,,,,,ɡʷ,ɯ,̠n
39747,魃,bʷɑt³̲³̲,bʷ,ɑt̲̲,³,b,o,̠d
39748,魄,pʰɰæk³̲³̲,pʰɰæk̲̲,,³,ph‧l,a,̠ɡ
39749,魅,mɰi³¹,mɰ,i,³¹,mr,ɯ,ds
39750,魆,,,,,,,
39751,魇,ʔiᴇp³̲³̲,ʔ,iᴇp̲̲,³,,,
39752,魈,siᴇu³³,s,iᴇu,³³,,,
39753,魉,,,,,,,
39754,魊,ɦʲɨk³̲³̲,ɦʲ,ɨk̲̲,³,,,
39755,魋,du̯oi³³,d,u̯oi,³³,ɡ‧l,u,̠l
39756,魌,kʰɨ³³,kʰ,ɨ,³³,kh,ɯ,
39757,魍,mʷjaŋ³⁵,mʷj,aŋ,³⁵,m,a,ŋʔ
39758,魎,ljaŋ³⁵,lj,aŋ,³⁵,r,a,ŋʔ
39759,魏,ŋu̯oi³³,ŋ,u̯oi,³³,ŋɡ,u,ls
39760,魐,,,,,,,
39761,魑,ʈʰiᴇ³³,ʈʰ,iᴇ,³³,ph‧r,e,l
39762,魒,,,,,,,
39763,魓,,,,,,,
39764,魔,mʷɑ³³,mʷ,ɑ,³³,,,
39765,魕,ɡɨi³³,ɡ,ɨi,³³,,,
39766,魖,hjɤ³³,hj,ɤ,³³,qhl,a,
39767,魗,tɕʰɨu³⁵,tɕʰ,ɨu,³⁵,ɡlj,u,
39768,魘,ʔiᴇp³̲³̲,ʔ,iᴇp̲̲,³,q,e,mʔ
39769,魙,,,,,,,
39770,魚,ŋjɤ³³,ŋj,ɤ,³³,ŋ,a,
39771,魛,tɑu³³,t,ɑu,³³,,,
39772,魜,,,,,,,
39773,魝,ʂjʊ³³,ʂj,ʊ,³³,k,e,̠d
39774,魞,,,,,,,
39775,魟,kuŋ³³,k,uŋ,³³,,,
39776,魠,tʰɑk³̲³̲,tʰ,ɑk̲̲,³,kh‧l,a,̠ɡ
39777,魡,tek³̲³̲,t,ek̲̲,³,p‧l,e,̠wɡ
39778,魢,,,,,,,
39779,魣,zjɤ³⁵,zj,ɤ,³⁵,,,
39780,魤,hʷɰæ³¹,hʷɰæ,,³¹,,,
39781,魥,kʰjap³̲³̲,kʰj,ap̲̲,³,,,
39782,魦,ʂɰæ³³,ʂɰæ,,³³,sr,a,̠l
39783,魧,kɑŋ³⁵,k,ɑŋ,³⁵,ɡ,a,̠ŋ
39784,魨,,,,,,,
39785,魩,mʷɑt³̲³̲,mʷ,ɑt̲̲,³,,,
39786,魪,kɰɛi³¹,kɰ,ɛi,³¹,,,
39787,魫,ʑim³⁵,ʑ,im,³⁵,,,
39788,魬,bɰæn³⁵,bɰæn,,³⁵,,,
39789,魭,ŋʷɑn³¹,ŋʷ,ɑn,³¹,ŋɡ,o,n
39790,魮,pi³⁵,p,i,³⁵,b,i,
39791,魯,ljɤ³⁵,lj,ɤ,³⁵,ɡ,ə,r
39792,魰,mjun³³,mj,un,³³,,,
39793,魱,ɦu̯o³³,ɦ,u̯o,³³,ɡ,a,̠
39794,魲,,,,,,,
39795,魳,tsəp³̲³̲,ts,əp̲̲,³,,,
39796,魴,bʷjaŋ³³,bʷj,aŋ,³³,b,a,ŋ
39797,魵,pʰjun³⁵,pʰj,un,³⁵,ph,ɯ,nʔ
39798,魶,nəp³̲³̲,n,əp̲̲,³,n,u,̠b
39799,魷,,,,,,,
39800,魸,,,,,,,
39801,魹,,,,,,,
39802,魺,ɦɑ³³,ɦ,ɑ,³³,ɡ,a,̠l
39803,魻,hɰɛp³̲³̲,hɰ,ɛp̲̲,³,,,
39804,魼,hjap³̲³̲,hj,ap̲̲,³,kh‧l,a,̠b
39805,魽,ɦɑm³³,ɦ,ɑm,³³,ɡ,a,̠m
39806,魾,bɰi³³,bɰ,i,³³,br,ɯ,
39807,魿,ɡɰin³³,ɡɰ,in,³³,ɡr,i,ŋ
39808,鮀,dɑ³³,d,ɑ,³³,l,a,̠l
39809,鮁,bʷjai³¹,bʷj,ai,³¹,b,o,ds
39810,鮂,zɨu³³,z,ɨu,³³,sk,u,
39811,鮃,,,,,,,
39812,鮄,,,,,,,
39813,鮅,bit³̲³̲,b,it̲̲,³,bl,i,ɡ
39814,鮆,dziᴇ³¹,dz,iᴇ,³¹,z,e,̠ʔ
39815,鮇,mʷɨi³¹,mʷ,ɨi,³¹,,,
39816,鮈,kjʊ³³,kj,ʊ,³³,k,o,
39817,鮉,teu³³,t,eu,³³,,,
39818,鮊,bɰæ³¹,bɰæ,,³¹,br,a,̠ɡ
39819,鮋,jɨu³³,j,ɨu,³³,ɡ‧l,ɯ,w
39820,鮌,,,,,,,
39821,鮍,pʰɰiᴇ³³,pʰɰ,iᴇ,³³,phr,a,l
39822,鮎,ɳiᴇm³³,ɳ,iᴇm,³³,mɡl,e,̠m
39823,鮏,seŋ³³,s,eŋ,³³,sl,e,̠ŋ
39824,鮐,dəi³³,d,əi,³³,kh‧l,ɯ,̠
39825,鮑,pɰæu³³,pɰæ,u,³³,br,u,̠ʔ
39826,鮒,bu̯o³³,b,u̯o,³³,b,o,s
39827,鮓,dʐɰæ³¹,dʐɰæ,,³¹,sr,a,̠ʔ
39828,鮔,,,,,,,
39829,鮕,,,,,,,
39830,鮖,,,,,,,
39831,鮗,,,,,,,
39832,鮘,,,,,,,
39833,鮙,,,,,,,
39834,鮚,ket³̲³̲,k,et̲̲,³,ɡr,i,d
39835,鮛,ɕjuk³̲³̲,ɕj,uk̲̲,³,qhj,ɯ,wɡ
39836,鮜,hu³¹,h,u,³¹,,,
39837,鮝,sjaŋ³⁵,sj,aŋ,³⁵,,,
39838,鮞,ȵɨ³³,ȵ,ɨ,³³,nj,u,ɡ
39839,鮟,ʔɑn³¹,ʔ,ɑn,³¹,,,
39840,鮠,ŋu̯oi³³,ŋ,u̯oi,³³,,,
39841,鮡,ɖiᴇu³⁵,ɖ,iᴇu,³⁵,ɡ‧l,e,wʔ
39842,鮢,tɕjʊ³³,tɕj,ʊ,³³,,,
39843,鮣,,,,,,,
39844,鮤,liᴇi³¹,l,iᴇi,³¹,r,e,ds
39845,鮥,kɑk³̲³̲,k,ɑk̲̲,³,ɡ,ə,r
39846,鮦,duŋ³³,d,uŋ,³³,d,o,ŋʔ
39847,鮧,dei³³,d,ei,³³,,,
39848,鮨,ɡɰi³³,ɡɰ,i,³³,ɡr,i,
39849,鮩,bit³̲³̲,b,it̲̲,³,,,
39850,鮪,ɦʲʷi³⁵,ɦʲʷ,i,³⁵,ɢʷr,ɯ,ʔ
39851,鮫,kɰæu³³,kɰæ,u,³³,kr,e,̠w
39852,鮬,hjʊ³³,hj,ʊ,³³,,,
39853,鮭,kʷei³³,kʷ,ei,³³,ɡr,e,̠
39854,鮮,siᴇn³¹,s,iᴇn,³¹,sl,e,ns
39855,鮯,kəp³̲³̲,k,əp̲̲,³,k,u,̠b
39856,鮰,,,,,,,
39857,鮱,,,,,,,
39858,鮲,,,,,,,
39859,鮳,,,,,,,
39860,鮴,,,,,,,
39861,鮵,dʷɑt³̲³̲,dʷ,ɑt̲̲,³,ɡ‧l,o,̠d
39862,鮶,kjun³³,kj,un,³³,,,
39863,鮷,dei³³,d,ei,³³,ɡ‧l,i,̠l
39864,鮸,mɰiᴇn³⁵,mɰ,iᴇn,³⁵,mr,o,nʔ
39865,鮹,siᴇu³³,s,iᴇu,³³,,,
39866,鮺,,,,,sr,a,̠lʔ
39867,鮻,sʷɑ³³,sʷ,ɑ,³³,,,
39868,鮼,,,,,,,
39869,鮽,,,,,,,
39870,鮾,nu̯oi³⁵,n,u̯oi,³⁵,,,
39871,鮿,ʈiᴇp³̲³̲,ʈ,iᴇp̲̲,³,t,e,b
39872,鯀,ku̯on³⁵,k,u̯on,³⁵,k,u,̠nʔ
39873,鯁,kɰæŋ³¹,kɰæŋ,,³¹,kr,a,̠ŋʔ
39874,鯂,,,,,,,
39875,鯃,ŋu̯o³³,ŋ,u̯o,³³,,,
39876,鯄,,,,,,,
39877,鯅,ʈʰiᴇn³³,ʈʰ,iᴇn,³³,,,
39878,鯆,pu̯o³⁵,p,u̯o,³⁵,,,
39879,鯇,ɦʷɑn³⁵,ɦʷ,ɑn,³⁵,ɡr,o,̠nʔ
39880,鯈,ɖɨu³³,ɖ,ɨu,³³,ɡ‧l,ɯ,w
39881,鯉,lɨ³⁵,l,ɨ,³⁵,m,ə,r
39882,鯊,ʂɰæ³¹,ʂɰæ,,³¹,sr,a,̠l
39883,鯋,,,,,,,
39884,鯌,,,,,,,
39885,鯍,məŋ³¹,m,əŋ,³¹,,,
39886,鯎,,,,,,,
39887,鯏,,,,,,,
39888,鯐,,,,,,,
39889,鯑,,,,,,,
39890,鯒,,,,,,,
39891,鯓,,,,,,,
39892,鯔,tʂɨ³³,tʂ,ɨ,³³,sr,ɯ,
39893,鯕,ɡɨ³³,ɡ,ɨ,³³,ɡ,ɯ,
39894,鯖,tsʰiᴇŋ³³,tsʰ,iᴇŋ,³³,sh,e,̠ŋ
39895,鯗,sjaŋ³⁵,sj,aŋ,³⁵,,,
39896,鯘,nu̯oi³⁵,n,u̯oi,³⁵,,,
39897,鯙,dʑʷin³³,dʑʷ,in,³³,,,
39898,鯚,,,,,,,
39899,鯛,teu³³,t,eu,³³,k‧l,ɯ,̠w
39900,鯜,tsʰiᴇp³̲³̲,tsʰ,iᴇp̲̲,³,sh,e,b
39901,鯝,ku̯o³¹,k,u̯o,³¹,,,
39902,鯞,tɕɨu³⁵,tɕ,ɨu,³⁵,pj,u,ʔ
39903,鯟,len³¹,l,en,³¹,,,
39904,鯠,ləi³³,l,əi,³³,ɡ,ə,r
39905,鯡,pʷɨi³¹,pʷ,ɨi,³¹,p,ɯ,ls
39906,鯢,ŋei³³,ŋ,ei,³³,ŋɡ,e,̠
39907,鯣,,,,,,,
39908,鯤,ɦu̯on³³,ɦ,u̯on,³³,k,u,̠n
39909,鯥,ljuk³̲³̲,lj,uk̲̲,³,ɡ,ə,r
39910,鯦,ɡɨu³¹,ɡ,ɨu,³¹,ɡ,u,ʔ
39911,鯧,tɕʰjaŋ³³,tɕʰj,aŋ,³³,,,
39912,鯨,ɡɰjæŋ³³,ɡɰjæŋ,,³³,ɡr,a,ŋ
39913,鯩,lʷin³³,lʷ,in,³³,ɡ,ə,r
39914,鯪,lɨŋ³³,l,ɨŋ,³³,b,ə,r
39915,鯫,dʐu³³,dʐ,u,³³,sɡ,o,̠ʔ
39916,鯬,li³³,l,i,³³,r,i,̠l
39917,鯭,mɰæŋ³⁵,mɰæŋ,,³⁵,,,
39918,鯮,,,,,,,
39919,鯯,,,,,,,
39920,鯰,,,,,,,
39921,鯱,,,,,,,
39922,鯲,,,,,,,
39923,鯳,,,,,,,
39924,鯴,,,,,,,
39925,鯵,,,,,,,
39926,鯶,ɦu̯on³⁵,ɦ,u̯on,³⁵,,,
39927,鯷,dʑiᴇ³⁵,dʑ,iᴇ,³⁵,ɡ‧l,e,̠
39928,鯸,ɦu³³,ɦ,u,³³,ɡ,o,̠
39929,鯹,seŋ³³,s,eŋ,³³,sl,e,̠ŋ
39930,鯺,tɕjɤ³³,tɕj,ɤ,³³,,,
39931,鯻,lɑi³¹,l,ɑi,³¹,,,
39932,鯼,tsuŋ³³,ts,uŋ,³³,,,
39933,鯽,tsɨk³̲³̲,ts,ɨk̲̲,³,,,
39934,鯾,piᴇn³³,p,iᴇn,³³,p,e,n
39935,鯿,pɰæn³³,pɰæn,,³³,p,e,n
39936,鰀,ɦʷɑn³⁵,ɦʷ,ɑn,³⁵,,,
39937,鰁,dzʷiᴇn³³,dzʷ,iᴇn,³³,,,
39938,鰂,dzək³̲³̲,dz,ək̲̲,³,sɡ,ɯ,̠ɡ
39939,鰃,ʔu̯oi³³,ʔ,u̯oi,³³,,,
39940,鰄,ʔʷɨi³³,ʔʷ,ɨi,³³,,,
39941,鰅,ŋjʊ³³,ŋj,ʊ,³³,ŋ,o,ŋ
39942,鰆,tɕʰʷin³³,tɕʰʷ,in,³³,,,
39943,鰇,ȵɨu³³,ȵ,ɨu,³³,,,
39944,鰈,tʰɑp³̲³̲,tʰ,ɑp̲̲,³,kh‧l,a,̠b
39945,鰉,ɦʷɑŋ³³,ɦʷ,ɑŋ,³³,,,
39946,鰊,len³¹,l,en,³¹,,,
39947,鰋,ʔjɤn³⁵,ʔj,ɤn,³⁵,q,a,nʔ
39948,鰌,dzɨu³³,dz,ɨu,³³,sɡ,u,
39949,鰍,tsʰɨu³³,tsʰ,ɨu,³³,sh,ɯ,w
39950,鰎,kjɤn³⁵,kj,ɤn,³⁵,,,
39951,鰏,,,,,,,
39952,鰐,ŋɑk³̲³̲,ŋ,ɑk̲̲,³,ŋ,a,̠ɡ
39953,鰑,jaŋ³³,j,aŋ,³³,l,a,ŋ
39954,鰒,bjuk³̲³̲,bj,uk̲̲,³,b,u,ɡ
39955,鰓,səi³³,s,əi,³³,sl,ɯ,̠
39956,鰔,kɰɛm³³,kɰ,ɛm,³³,,,
39957,鰕,ɦɰæ³³,ɦɰæ,,³³,ɡr,a,̠
39958,鰖,dʷɑ³⁵,dʷ,ɑ,³⁵,,,
39959,鰗,,,,,,,
39960,鰘,,,,,,,
39961,鰙,,,,,,,
39962,鰚,,,,,,,
39963,鰛,,,,,,,
39964,鰜,kem³³,k,em,³³,ɡr,e,̠m
39965,鰝,hɑk³̲³̲,h,ɑk̲̲,³,qh,o,̠wɡ
39966,鰞,ʔu̯o³³,ʔ,u̯o,³³,,,
39967,鰟,bʷjaŋ³³,bʷj,aŋ,³³,,,
39968,鰠,sɑu³³,s,ɑu,³³,sl,u,̠
39969,鰡,lɨu³³,l,ɨu,³³,b,ə,r
39970,鰢,mɰæ³⁵,mɰæ,,³⁵,,,
39971,鰣,dʑɨ³³,dʑ,ɨ,³³,,,
39972,鰤,ʂi³³,ʂ,i,³³,,,
39973,鰥,ku̯on³⁵,k,u̯on,³⁵,kr,u,̠n
39974,鰦,tsɨ³³,ts,ɨ,³³,s,ɯ,
39975,鰧,ɖim³⁵,ɖ,im,³⁵,ɡ‧l,ɯ,̠ŋ
39976,鰨,nɑp³̲³̲,n,ɑp̲̲,³,th,a,̠b
39977,鰩,jiᴇu³³,j,iᴇu,³³,l,e,w
39978,鰪,ʔɑp³̲³̲,ʔ,ɑp̲̲,³,,,
39979,鰫,jʊŋ³⁵,j,ʊŋ,³⁵,ɢl,o,ŋ
39980,鰬,ɡɰiᴇn³³,ɡɰ,iᴇn,³³,ɡr,a,n
39981,鰭,ɡi³³,ɡ,i,³³,ɡr,i,
39982,鰮,,,,,,,
39983,鰯,,,,,,,
39984,鰰,,,,,,,
39985,鰱,liᴇn³³,l,iᴇn,³³,b,ə,r
39986,鰲,ŋɑu³³,ŋ,ɑu,³³,ŋɡ,a,̠w
39987,鰳,,,,,,,
39988,鰴,hʷɨi³³,hʷ,ɨi,³³,m̥h,ɯ,l
39989,鰵,mɰin³⁵,mɰ,in,³⁵,,,
39990,鰶,tsiᴇi³¹,ts,iᴇi,³¹,,,
39991,鰷,seu³⁵,s,eu,³⁵,ɡ‧l,ɯ,̠w
39992,鰸,ʔu³³,ʔ,u,³³,kh,o,
39993,鰹,ken³³,k,en,³³,k,i,̠n
39994,鰺,,,,,,,
39995,鰻,mʷjɤn³¹,mʷj,ɤn,³¹,m,o,ns
39996,鰼,zip³̲³̲,z,ip̲̲,³,sɢl,u,b
39997,鰽,dzɨu³³,dz,ɨu,³³,,,
39998,鰾,biᴇu³⁵,b,iᴇu,³⁵,,,
39999,鰿,tsiᴇk³̲³̲,ts,iᴇk̲̲,³,s,e,ɡ
40000,鱀,ɡɰi³¹,ɡɰ,i,³¹,ɡ,ɯ,s
40001,鱁,ɖjuk³̲³̲,ɖj,uk̲̲,³,ɡ‧l,ɯ,wɡ
40002,鱂,tsjaŋ³³,tsj,aŋ,³³,,,
40003,鱃,tsʰɨu³³,tsʰ,ɨu,³³,sml,u,
40004,鱄,dʑʷiᴇn³⁵,dʑʷ,iᴇn,³⁵,tj,o,nʔ
40005,鱅,jʊŋ³³,j,ʊŋ,³³,l,o,ŋ
40006,鱆,,,,,,,
40007,鱇,,,,,,,
40008,鱈,,,,,,,
40009,鱉,pʷɰiᴇt³̲³̲,pʷɰ,iᴇt̲̲,³,p,e,d
40010,鱊,ʑʷit³̲³̲,ʑʷ,it̲̲,³,ɢʷ,i,d
40011,鱋,kʰjɤ³³,kʰj,ɤ,³³,kh,a,
40012,鱌,zjaŋ³⁵,zj,aŋ,³⁵,,,
40013,鱍,pʰʷɑt³̲³̲,pʰʷ,ɑt̲̲,³,,,
40014,鱎,ŋiᴇu³⁵,ŋ,iᴇu,³⁵,,,
40015,鱏,zim³³,z,im,³³,,,
40016,鱐,sjuk³̲³̲,sj,uk̲̲,³,sl,ɯ,wɡ
40017,鱑,ɦʷɑŋ³³,ɦʷ,ɑŋ,³³,,,
40018,鱒,dʐɰiᴇn³⁵,dʐɰ,iᴇn,³⁵,z,u,̠ns
40019,鱓,dʑiᴇn³⁵,dʑ,iᴇn,³⁵,dj,a,nʔ
40020,鱔,dʑiᴇn³⁵,dʑ,iᴇn,³⁵,,,
40021,鱕,pʷjɤn³³,pʷj,ɤn,³³,,,
40022,鱖,kʷɰiᴇi³¹,kʷɰ,iᴇi,³¹,kr,o,ds
40023,鱗,lin³³,l,in,³³,r,i,n
40024,鱘,,,,,,,
40025,鱙,,,,,,,
40026,鱚,,,,,,,
40027,鱛,,,,,,,
40028,鱜,,,,,,,
40029,鱝,bjun³⁵,bj,un,³⁵,,,
40030,鱞,,,,,,,
40031,鱟,ʔu̯ok³̲³̲,ʔ,u̯ok̲̲,³,,,
40032,鱠,kʷɑi³¹,kʷ,ɑi,³¹,k,o,̠bs
40033,鱡,dzək³̲³̲,dz,ək̲̲,³,,,
40034,鱢,sɑu³³,s,ɑu,³³,sl,a,̠w
40035,鱣,dɑn³³,d,ɑn,³³,t,a,n
40036,鱤,kəm³⁵,k,əm,³⁵,k,ɯ,̠mʔ
40037,鱥,kʷɰiᴇi³¹,kʷɰ,iᴇi,³¹,,,
40038,鱦,mɰæŋ³⁵,mɰæŋ,,³⁵,mbr,e,̠ŋʔ
40039,鱧,lei³⁵,l,ei,³⁵,r,i,̠ʔ
40040,鱨,,,,,ɡlj,a,ŋ
40041,鱩,,,,,,,
40042,鱪,,,,,,,
40043,鱫,,,,,,,
40044,鱬,ȵjʊ³³,ȵj,ʊ,³³,nj,o,
40045,鱭,dziᴇ³¹,dz,iᴇ,³¹,,,
40046,鱮,jɤ³³,j,ɤ,³³,sɢl,a,ʔ
40047,鱯,ɦu̯o³¹,ɦ,u̯o,³¹,ɡʷr,a,̠ɡs
40048,鱰,,,,,,,
40049,鱱,liᴇi³¹,l,iᴇi,³¹,,,
40050,鱲,liᴇp³̲³̲,l,iᴇp̲̲,³,,,
40051,鱳,lek³̲³̲,l,ek̲̲,³,ɡ,ə,r
40052,鱴,met³̲³̲,m,et̲̲,³,m,e,̠d
40053,鱵,tɕim³³,tɕ,im,³³,,,
40054,鱶,sjaŋ³⁵,sj,aŋ,³⁵,,,
40055,鱷,ŋɑk³̲³̲,ŋ,ɑk̲̲,³,,,
40056,鱸,lu̯o³³,l,u̯o,³³,ɡ,ə,r
40057,鱹,kʷɑn³¹,kʷ,ɑn,³¹,k,o,̠ns
40058,鱺,lei³⁵,l,ei,³⁵,b,ə,r
40059,鱻,siᴇn³³,s,iᴇn,³³,sl,e,n
40060,鱼,ŋjɤ³³,ŋj,ɤ,³³,,,
40061,鱽,tɑu³³,t,ɑu,³³,,,
40062,鱾,,,,,,,
40063,鱿,,,,,,,
40064,鲀,,,,,,,
40065,鲁,lu̯o³⁵,l,u̯o,³⁵,,,
40066,鲂,,,,,,,
40067,鲃,,,,,,,
40068,鲄,,,,,,,
40069,鲅,,,,,,,
40070,鲆,,,,,,,
40071,鲇,nem³³,n,em,³³,,,
40072,鲈,,,,,,,
40073,鲉,,,,,,,
40074,鲊,tʂɰæ³⁵,tʂɰæ,,³⁵,sr,a,̠ʔ
40075,鲋,,,,,,,
40076,鲌,,,,,,,
40077,鲍,bɰæu³⁵,bɰæ,u,³⁵,,,
40078,鲎,,,,,,,
40079,鲏,,,,,,,
40080,鲐,,,,,,,
40081,鲑,,,,,,,
40082,鲒,,,,,,,
40083,鲓,,,,,,,
40084,鲔,,,,,,,
40085,鲕,,,,,,,
40086,鲖,duŋ³³,d,uŋ,³³,d,o,̠ŋ
40087,鲗,,,,,,,
40088,鲘,ɦu³¹,ɦ,u,³¹,ɡ,o,̠s
40089,鲙,,,,,,,
40090,鲚,,,,,,,
40091,鲛,,,,,,,
40092,鲜,siᴇn³⁵,s,iᴇn,³⁵,,,
40093,鲝,,,,,,,
40094,鲞,,,,,,,
40095,鲟,,,,,,,
40096,鲠,,,,,,,
40097,鲡,,,,,,,
40098,鲢,,,,,,,
40099,鲣,,,,,,,
40100,鲤,lɨ³⁵,l,ɨ,³⁵,,,
40101,鲥,,,,,,,
40102,鲦,,,,,,,
40103,鲧,,,,,,,
40104,鲨,,,,,,,
40105,鲩,,,,,,,
40106,鲪,,,,,,,
40107,鲫,tsɨk³̲³̲,ts,ɨk̲̲,³,,,
40108,鲬,,,,,,,
40109,鲭,,,,,,,
40110,鲮,,,,,,,
40111,鲯,,,,,,,
40112,鲰,dzu³⁵,dz,u,³⁵,,,
40113,鲱,,,,,,,
40114,鲲,,,,,,,
40115,鲳,tɕʰjaŋ³³,tɕʰj,aŋ,³³,,,
40116,鲴,,,,,,,
40117,鲵,,,,,,,
40118,鲶,,,,,,,
40119,鲷,,,,,,,
40120,鲸,ɡɰjæŋ³³,ɡɰjæŋ,,³³,,,
40121,鲹,,,,,,,
40122,鲺,,,,,,,
40123,鲻,,,,,,,
40124,鲼,,,,,,,
40125,鲽,,,,,,,
40126,鲾,,,,,,,
40127,鲿,,,,,,,
40128,鳀,,,,,,,
40129,鳁,,,,,,,
40130,鳂,,,,,,,
40131,鳃,səi³³,s,əi,³³,,,
40132,鳄,ŋɑk³̲³̲,ŋ,ɑk̲̲,³,,,
40133,鳅,tsʰɨu³³,tsʰ,ɨu,³³,,,
40134,鳆,,,,,,,
40135,鳇,ɦʷɑŋ³³,ɦʷ,ɑŋ,³³,,,
40136,鳈,,,,,,,
40137,鳉,,,,,,,
40138,鳊,,,,,,,
40139,鳋,,,,,,,
40140,鳌,,,,,,,
40141,鳍,ɡi³³,ɡ,i,³³,,,
40142,鳎,,,,,,,
40143,鳏,kʷɰɛn³¹,kʷɰ,ɛn,³¹,kr,u,̠ns
40144,鳐,,,,,,,
40145,鳑,,,,,,,
40146,鳒,,,,,,,
40147,鳓,,,,,,,
40148,鳔,biᴇu³⁵,b,iᴇu,³⁵,,,
40149,鳕,,,,,,,
40150,鳖,,,,,,,
40151,鳗,mʷɑn³³,mʷ,ɑn,³³,,,
40152,鳘,,,,,,,
40153,鳙,,,,,,,
40154,鳚,,,,,,,
40155,鳛,,,,,,,
40156,鳜,kʷɰiᴇi³¹,kʷɰ,iᴇi,³¹,,,
40157,鳝,,,,,,,
40158,鳞,lin³³,l,in,³³,,,
40159,鳟,,,,,,,
40160,鳠,ɦu̯o³¹,ɦ,u̯o,³¹,ɡʷr,a,̠ɡs
40161,鳡,,,,,,,
40162,鳢,,,,,,,
40163,鳣,,,,,,,
40164,鳤,,,,,,,
40165,鳥,tɑu³⁵,t,ɑu,³⁵,t,ɯ,̠wʔ
40166,鳦,ʔɰit³̲³̲,ʔɰ,it̲̲,³,qr,i,ɡ
40167,鳧,bjʊ³³,bj,ʊ,³³,b,a,
40168,鳨,lɨk³̲³̲,l,ɨk̲̲,³,,,
40169,鳩,ɖiᴇ³⁵,ɖ,iᴇ,³⁵,k,u,
40170,鳪,puk³̲³̲,p,uk̲̲,³,p,o,̠ɡ
40171,鳫,ŋɰæn³¹,ŋɰæn,,³¹,,,
40172,鳬,bjʊ³³,bj,ʊ,³³,,,
40173,鳭,ʈɰæu³³,ʈɰæ,u,³³,t,e,̠w
40174,鳮,,,,,,,
40175,鳯,,,,,,,
40176,鳰,,,,,,,
40177,鳱,ŋɰæn³¹,ŋɰæn,,³¹,k,a,̠n
40178,鳲,ɕi³³,ɕ,i,³³,l̥,i,
40179,鳳,bjuŋ³¹,bj,uŋ,³¹,bl,u,ms
40180,鳴,mɰjæŋ³¹,mɰjæŋ,,³¹,mr,e,ŋ
40181,鳵,,,,,,,
40182,鳶,jʷiᴇn³³,jʷ,iᴇn,³³,ɢʷ,e,n
40183,鳷,kiᴇ³¹,k,iᴇ,³¹,kj,e,
40184,鳸,ɦu̯o³⁵,ɦ,u̯o,³⁵,kʷ,a,̠s
40185,鳹,kəm³³,k,əm,³³,,,
40186,鳺,pjʊ³³,pj,ʊ,³³,p,a,
40187,鳻,pɰæn³³,pɰæn,,³³,pr,ɯ,̠n
40188,鳼,mɰin³³,mɰ,in,³³,,,
40189,鳽,,,,,khr,e,̠ŋ
40190,鳾,,,,,,,
40191,鳿,,,,,ŋɡ,o,ɡ
40192,鴀,pɨu³³,p,ɨu,³³,p,ɯ,
40193,鴁,ʔɰiᴇu³³,ʔɰ,iᴇu,³³,,,
40194,鴂,kʷet³̲³̲,kʷ,et̲̲,³,kʷ,e,̠d
40195,鴃,kʷet³̲³̲,kʷ,et̲̲,³,kʷ,e,̠ɡ
40196,鴄,pʰit³̲³̲,pʰ,it̲̲,³,ph,i,ɡ
40197,鴅,hʷɑn³³,hʷ,ɑn,³³,,,
40198,鴆,dəm³³,d,əm,³³,ɡ‧l,u,ms
40199,鴇,pɑu³⁵,p,ɑu,³⁵,p,u,̠ʔ
40200,鴈,ŋɰæn³¹,ŋɰæn,,³¹,ŋr,a,̠ns
40201,鴉,ʔɰæ³³,ʔɰæ,,³³,qr,a,̠
40202,鴊,tɕiᴇŋ³¹,tɕ,iᴇŋ,³¹,kj,e,ŋ
40203,鴋,pʷjaŋ³³,pʷj,aŋ,³³,b,a,ŋ
40204,鴌,,,,,,,
40205,鴍,mjun³³,mj,un,³³,m,ɯ,n
40206,鴎,,,,,,,
40207,鴏,dəi³¹,d,əi,³¹,,,
40208,鴐,kɰæ³³,kɰæ,,³³,kr,a,̠l
40209,鴑,,,,,,,
40210,鴒,leŋ³³,l,eŋ,³³,ɡ,ə,r
40211,鴓,met³̲³̲,m,et̲̲,³,,,
40212,鴔,kip³̲³̲,k,ip̲̲,³,br,u,b
40213,鴕,dɑ³³,d,ɑ,³³,,,
40214,鴖,mjun³³,mj,un,³³,mr,i,n
40215,鴗,lip³̲³̲,l,ip̲̲,³,r,ɯ,b
40216,鴘,pʰɰiᴇn³⁵,pʰɰ,iᴇn,³⁵,pr,o,nʔ
40217,鴙,ɖi³⁵,ɖ,i,³⁵,,,
40218,鴚,kɑ³³,k,ɑ,³³,k,a,̠l
40219,鴛,ʔʷjɤn³³,ʔʷj,ɤn,³³,q,o,n
40220,鴜,tsiᴇ³³,ts,iᴇ,³³,s,e,
40221,鴝,ɡjʊ³³,ɡj,ʊ,³³,ɡ,o,
40222,鴞,ɦʲiᴇu³³,ɦʲ,iᴇu,³³,ɢr,o,w
40223,鴟,tɕʰi³³,tɕʰ,i,³³,thj,i,l
40224,鴠,,,,,t,a,̠ns
40225,鴡,tsʰjɤ³³,tsʰj,ɤ,³³,skh,a,
40226,鴢,ʔju³¹,ʔj,u,³¹,q,ɯ,̠wʔ
40227,鴣,ku̯o³³,k,u̯o,³³,k,a,̠
40228,鴤,tɕjuŋ³³,tɕj,uŋ,³³,tj,u,ŋ
40229,鴥,,,,,ɢʷ,i,ɡ
40230,鴦,ʔjaŋ³³,ʔj,aŋ,³³,q,a,̠ŋ
40231,鴧,,,,,,,
40232,鴨,ʔɰɛp³̲³̲,ʔɰ,ɛp̲̲,³,qr,a,̠b
40233,鴩,,,,,l,i,̠ɡ
40234,鴪,ɦʷet³̲³̲,ɦʷ,et̲̲,³,ɢʷ,i,ɡ
40235,鴫,,,,,,,
40236,鴬,,,,,,,
40237,鴭,tu̯oi³³,t,u̯oi,³³,,,
40238,鴮,ʔu̯o³³,ʔ,u̯o,³³,qʷ,a,̠
40239,鴯,ȵɨ³³,ȵ,ɨ,³³,nj,ɯ,
40240,鴰,kʷɰæt³̲³̲,kʷɰæt̲̲,,³,kr,o,̠d
40241,鴱,ŋjai³¹,ŋj,ai,³¹,ŋ,a,̠ds
40242,鴲,tɕi³³,tɕ,i,³³,kj,i,s
40243,鴳,ʔɰæn³¹,ʔɰæn,,³¹,qr,a,̠ns
40244,鴴,,,,,,,
40245,鴵,,,,,,,
40246,鴶,kɰɛt³̲³̲,kɰ,ɛt̲̲,³,kr,i,̠d
40247,鴷,liᴇt³̲³̲,l,iᴇt̲̲,³,r,e,d
40248,鴸,ʈjʊ³³,ʈj,ʊ,³³,t,o,
40249,鴹,jaŋ³³,j,aŋ,³³,,,
40250,鴺,dei³³,d,ei,³³,b‧l,i,̠
40251,鴻,ɦuŋ³³,ɦ,uŋ,³³,ɡ,o,̠ŋʔ
40252,鴼,lu̯o³¹,l,u̯o,³¹,,,
40253,鴽,ȵjɤ³³,ȵj,ɤ,³³,nj,a,
40254,鴾,mu³³,m,u,³³,m,ɯ,
40255,鴿,kəp³̲³̲,k,əp̲̲,³,k,u,̠b
40256,鵀,ɳim³³,ɳ,im,³³,mbl,u,m
40257,鵁,hɰæu³³,hɰæ,u,³³,kr,e,̠w
40258,鵂,ɡɨu³¹,ɡ,ɨu,³¹,qh,u,
40259,鵃,ʈɰæu³³,ʈɰæ,u,³³,k‧r,u,̠
40260,鵄,tɕʰi³³,tɕʰ,i,³³,,,
40261,鵅,lɑk³̲³̲,l,ɑk̲̲,³,ɡ,ə,r
40262,鵆,,,,,,,
40263,鵇,,,,,,,
40264,鵈,,,,,,,
40265,鵉,,,,,,,
40266,鵊,kɰɛp³̲³̲,kɰ,ɛp̲̲,³,kr,e,̠b
40267,鵋,ɡɨ³¹,ɡ,ɨ,³¹,ɡ,ɯ,s
40268,鵌,jɤ³³,j,ɤ,³³,ɡ‧l,a,̠
40269,鵍,hʷɑn³³,hʷ,ɑn,³³,,,
40270,鵎,tʰʷɑ³⁵,tʰʷ,ɑ,³⁵,,,
40271,鵏,pʰu̯o³³,pʰ,u̯o,³³,,,
40272,鵐,mjʊ³³,mj,ʊ,³³,,,
40273,鵑,kʷen³³,kʷ,en,³³,,,
40274,鵒,jʊk³̲³̲,j,ʊk̲̲,³,ɢl,o,ɡ
40275,鵓,bu̯ot³̲³̲,b,u̯ot̲̲,³,,,
40276,鵔,sʷin³¹,sʷ,in,³¹,sqh,u,ns
40277,鵕,sʷin³¹,sʷ,in,³¹,sqh,u,ns
40278,鵖,pɰiᴇp³̲³̲,pɰ,iᴇp̲̲,³,pkr,ɯ,b
40279,鵗,hɨi³³,h,ɨi,³³,qhl,ɯ,l
40280,鵘,,,,,,,
40281,鵙,,,,,kʷ,e,̠ɡ
40282,鵚,tʰuk³̲³̲,tʰ,uk̲̲,³,,,
40283,鵛,keŋ³³,k,eŋ,³³,k,e,̠ŋ
40284,鵜,tʰei³³,tʰ,ei,³³,ɡ‧l,i,̠l
40285,鵝,ŋɑ³³,ŋ,ɑ,³³,ŋ,a,̠l
40286,鵞,,,,,,,
40287,鵟,ɡʷjaŋ³³,ɡʷj,aŋ,³³,,,
40288,鵠,ɦu̯ok³̲³̲,ɦ,u̯ok̲̲,³,k,u,̠ɡ
40289,鵡,mjʊ³⁵,mj,ʊ,³⁵,mb,a,ʔ
40290,鵢,,,,,,,
40291,鵣,lɑi³¹,l,ɑi,³¹,b,ə,r
40292,鵤,,,,,,,
40293,鵥,,,,,,,
40294,鵦,,,,,,,
40295,鵧,bɰɛ³³,bɰ,ɛ,³³,b,i,
40296,鵨,ɕjɤ³³,ɕj,ɤ,³³,,,
40297,鵩,bjuk³̲³̲,bj,uk̲̲,³,b,ɯ,ɡ
40298,鵪,ʔɰɛp³̲³̲,ʔɰ,ɛp̲̲,³,,,
40299,鵫,ʈʰɰɔk³̲³̲,ʈʰɰɔk̲̲,,³,k‧r,e,̠wɡs
40300,鵬,bəŋ³³,b,əŋ,³³,b,ɯ,̠ŋ
40301,鵭,ɡɰim³³,ɡɰ,im,³³,,,
40302,鵮,kʰɰɛm³³,kʰɰ,ɛm,³³,,,
40303,鵯,piᴇ³³,p,iᴇ,³³,p,e,
40304,鵰,teu³³,t,eu,³³,k‧l,ɯ,̠w
40305,鵱,ljuk³̲³̲,lj,uk̲̲,³,ɡ,ə,r
40306,鵲,tsʰjak³̲³̲,tsʰj,ak̲̲,³,sh,a,ɡ
40307,鵳,ken³³,k,en,³³,,,
40308,鵴,ɡjuk³̲³̲,ɡj,uk̲̲,³,ɡ,u,ɡ
40309,鵵,tʰu̯o³¹,tʰ,u̯o,³¹,th,a,̠s
40310,鵶,ʔɰæ³³,ʔɰæ,,³³,qr,a,̠
40311,鵷,ʔʷjɤn³³,ʔʷj,ɤn,³³,q,o,n
40312,鵸,ɡɰiᴇ³³,ɡɰ,iᴇ,³³,ɡr,a,l
40313,鵹,liᴇ³³,l,iᴇ,³³,r,e,l
40314,鵺,jæ³¹,jæ,,³¹,l,a,ɡs
40315,鵻,sʷin³⁵,sʷ,in,³⁵,skl,i,nʔ
40316,鵼,kʰuŋ³³,kʰ,uŋ,³³,,,
40317,鵽,,,,,rt,o,̠d
40318,鵾,ku̯on³³,k,u̯on,³³,k,u,̠n
40319,鵿,,,,,,,
40320,鶀,,,,,ɡ,ɯ,
40321,鶁,kɰjæŋ³³,kɰjæŋ,,³³,,,
40322,鶂,ŋɰɛk³̲³̲,ŋɰ,ɛk̲̲,³,ŋɡ,e,̠ɡ
40323,鶃,,,,,ŋɡ,e,̠ɡ
40324,鶄,tsiᴇŋ³³,ts,iᴇŋ,³³,sh,e,̠ŋ
40325,鶅,tʂɨ³³,tʂ,ɨ,³³,sr,ɯ,s
40326,鶆,ləi³³,l,əi,³³,ɡ,ə,r
40327,鶇,tuŋ³³,t,uŋ,³³,,,
40328,鶈,tsʰei³³,tsʰ,ei,³³,,,
40329,鶉,tu̯on³³,t,u̯on,³³,ɡlj,u,n
40330,鶊,ɦɰæŋ³³,ɦɰæŋ,,³³,kr,a,̠ŋ
40331,鶋,kjɤ³³,kj,ɤ,³³,k,a,
40332,鶌,,,,,kl,u,d
40333,鶍,,,,,,,
40334,鶎,,,,,,,
40335,鶏,,,,,,,
40336,鶐,ʑʷit³̲³̲,ʑʷ,it̲̲,³,,,
40337,鶑,,,,,,,
40338,鶒,,,,,,,
40339,鶓,,,,,,,
40340,鶔,ȵɨu³³,ȵ,ɨu,³³,mlj,u,
40341,鶕,ʔəm³³,ʔ,əm,³³,,,
40342,鶖,tsʰɨu³³,tsʰ,ɨu,³³,sh,ɯ,w
40343,鶗,dʑiᴇ³³,dʑ,iᴇ,³³,,,
40344,鶘,ɦu̯o³³,ɦ,u̯o,³³,ɡ,a,̠
40345,鶙,tʰei³¹,tʰ,ei,³¹,ɡ‧l,e,̠
40346,鶚,ŋɑk³̲³̲,ŋ,ɑk̲̲,³,ŋ,a,̠ɡ
40347,鶛,kɰɛi³¹,kɰ,ɛi,³¹,kr,i,̠l
40348,鶜,mɰæu³³,mɰæ,u,³³,,,
40349,鶝,pɨk³̲³̲,p,ɨk̲̲,³,br,ɯ,ɡ
40350,鶞,ʈʰʷin³³,ʈʰʷ,in,³³,kh‧l,u,n
40351,鶟,du̯ot³̲³̲,d,u̯ot̲̲,³,d,u,̠d
40352,鶠,ʔjɤn³⁵,ʔj,ɤn,³⁵,q,a,nʔ
40353,鶡,ɦɑk³̲³̲,ɦ,ɑk̲̲,³,ɡ,a,̠d
40354,鶢,ɦʲʷjɤn³³,ɦʲʷj,ɤn,³³,ɢr,o,n
40355,鶣,pʰiᴇn³³,pʰ,iᴇn,³³,ph,e,n
40356,鶤,hʷɨi³³,hʷ,ɨi,³³,k,u,̠n
40357,鶥,mɰi³³,mɰ,i,³³,,,
40358,鶦,ɦu̯o³³,ɦ,u̯o,³³,ɡ,a,̠
40359,鶧,ʔɰjæŋ³³,ʔɰjæŋ,,³³,qr,a,ŋ
40360,鶨,du̯on³¹,d,u̯on,³¹,ɡ‧l,u,̠ns
40361,鶩,muk³̲³̲,m,uk̲̲,³,m,o,ɡs
40362,鶪,kʷiᴇk³̲³̲,kʷ,iᴇk̲̲,³,kʷ,e,̠ɡ
40363,鶫,,,,,,,
40364,鶬,tsʰɑŋ³³,tsʰ,ɑŋ,³³,sh,a,̠ŋ
40365,鶭,pʰʷjaŋ³⁵,pʰʷj,aŋ,³⁵,ph,a,ŋʔ
40366,鶮,ɦɑk³̲³̲,ɦ,ɑk̲̲,³,,,
40367,鶯,ʔɰɛŋ³³,ʔɰ,ɛŋ,³³,qr,e,̠ŋ
40368,鶰,bjʊ³⁵,bj,ʊ,³⁵,,,
40369,鶱,hjɤn³³,hj,ɤn,³³,qh,a,n
40370,鶲,,,,,,,
40371,鶳,ʂi³³,ʂ,i,³³,,,
40372,鶴,ɦɑk³̲³̲,ɦ,ɑk̲̲,³,ɡl,o,̠wɡ
40373,鶵,dʐjʊ³³,dʐj,ʊ,³³,zr,o,
40374,鶶,dɑŋ³³,d,ɑŋ,³³,ɡ‧l,a,̠ŋ
40375,鶷,ɦɑt³̲³̲,ɦ,ɑt̲̲,³,ɡr,a,̠d
40376,鶸,,,,,,,
40377,鶹,lɨu³³,l,ɨu,³³,b,ə,r
40378,鶺,tsiᴇk³̲³̲,ts,iᴇk̲̲,³,s,e,ɡ
40379,鶻,ɦʷɰɛt³̲³̲,ɦʷɰ,ɛt̲̲,³,k,u,̠d
40380,鶼,kem³³,k,em,³³,k,e,̠m
40381,鶽,sʷin³⁵,sʷ,in,³⁵,skʷl,i,nʔ
40382,鶾,ɦɑn³¹,ɦ,ɑn,³¹,ɡ,a,̠n
40383,鶿,dzɨ³³,dz,ɨ,³³,z,ɯ,
40384,鷀,,,,,z,ɯ,
40385,鷁,ŋek³̲³̲,ŋ,ek̲̲,³,ŋɡ,e,̠ɡ
40386,鷂,jiᴇu³³,j,iᴇu,³³,l,e,ws
40387,鷃,ʔɰæn³¹,ʔɰæn,,³¹,qr,a,̠ns
40388,鷄,kei³³,k,ei,³³,k,e,̠
40389,鷅,lit³̲³̲,l,it̲̲,³,b,ə,r
40390,鷆,tɕin³³,tɕ,in,³³,,,
40391,鷇,kʰu³³,kʰ,u,³³,kh,o,̠ɡs
40392,鷈,tʰei³³,tʰ,ei,³³,kh‧l,e,̠
40393,鷉,tʰei³³,tʰ,ei,³³,l̥,e,̠
40394,鷊,ŋek³̲³̲,ŋ,ek̲̲,³,ŋɡl,e,̠ɡ
40395,鷋,du̯o³³,d,u̯o,³³,ɡ‧l,a,̠
40396,鷌,mɰæ³⁵,mɰæ,,³⁵,,,
40397,鷍,,,,,,,
40398,鷎,,,,,k,u,̠
40399,鷏,ten³³,t,en,³³,ɡ‧l,i,̠n
40400,鷐,dʑin³³,dʑ,in,³³,blj,ɯ,n
40401,鷑,lip³̲³̲,l,ip̲̲,³,ɡr,ɯ,b
40402,鷒,dʷɑn³³,dʷ,ɑn,³³,d,o,̠n
40403,鷓,tɕjæ³¹,tɕjæ,,³¹,klj,a,ɡs
40404,鷔,ŋɑu³¹,ŋ,ɑu,³¹,ŋɡ,a,̠w
40405,鷕,jʷi³⁵,jʷ,i,³⁵,ɢ,u,lʔ
40406,鷖,ʔei³³,ʔ,ei,³³,q,i,̠
40407,鷗,ʔɨu³³,ʔ,ɨu,³³,q,o,̠
40408,鷘,ʈʰɨk³̲³̲,ʈʰ,ɨk̲̲,³,,,
40409,鷙,ʈip³̲³̲,ʈ,ip̲̲,³,klj,i,bs
40410,鷚,ɡju³³,ɡj,u,³³,mɡr,ɯ,w
40411,鷛,,,,,l,o,ŋ
40412,鷜,lu³³,l,u,³³,ɡ,ə,r
40413,鷝,pit³̲³̲,p,it̲̲,³,,,
40414,鷞,ʂjaŋ³³,ʂj,aŋ,³³,sr,a,ŋ
40415,鷟,dʐɰɔk³̲³̲,dʐɰɔk̲̲,,³,zr,o,̠ɡ
40416,鷠,,,,,,,
40417,鷡,mjʊ³³,mj,ʊ,³³,,,
40418,鷢,kʷjɤt³̲³̲,kʷj,ɤt̲̲,³,ɡ,o,d
40419,鷣,jiᴇu³¹,j,iᴇu,³¹,ɢl,u,̠s
40420,鷤,dɑn³³,d,ɑn,³³,d,e,̠l
40421,鷥,sɨ³³,s,ɨ,³³,,,
40422,鷦,tsiᴇu³³,ts,iᴇu,³³,sk,e,w
40423,鷧,ʔɰiᴇi³¹,ʔɰ,iᴇi,³¹,qr,i,ɡs
40424,鷨,ɦʷɰæ³³,ɦʷɰæ,,³³,,,
40425,鷩,piᴇt³̲³̲,p,iᴇt̲̲,³,p,e,d
40426,鷪,,,,,,,
40427,鷫,ʂjuk³̲³̲,ʂj,uk̲̲,³,sl,ɯ,wɡ
40428,鷬,ɦʷɑŋ³³,ɦʷ,ɑŋ,³³,,,
40429,鷭,bʷjɤn³³,bʷj,ɤn,³³,,,
40430,鷮,ɡɰiᴇu³³,ɡɰ,iᴇu,³³,ɡr,e,w
40431,鷯,liᴇu³¹,l,iᴇu,³¹,ɡ,ə,r
40432,鷰,ʔen³¹,ʔ,en,³¹,q,e,̠ns
40433,鷱,kɑu³³,k,ɑu,³³,k,u,̠
40434,鷲,dzɨu³¹,dz,ɨu,³¹,z,u,ɡs
40435,鷳,ɦɰɛn³³,ɦɰ,ɛn,³³,kr,e,̠n
40436,鷴,ɦɰɛn³³,ɦɰ,ɛn,³³,ɡr,e,̠n
40437,鷵,du̯o³³,d,u̯o,³³,ɡ‧l,a,̠
40438,鷶,mɰɛ³⁵,mɰ,ɛ,³⁵,,,
40439,鷷,tsʷin³³,tsʷ,in,³³,z,u,n
40440,鷸,jʷit³̲³̲,jʷ,it̲̲,³,ɢʷ,i,d
40441,鷹,ʔɨŋ³³,ʔ,ɨŋ,³³,qr,ɯ,ŋ
40442,鷺,lu̯o³¹,l,u̯o,³¹,ɡ,ə,r
40443,鷻,dʷɑn³³,dʷ,ɑn,³³,ɡ‧l,o,̠n
40444,鷼,ɦɰɛn³³,ɦɰ,ɛn,³³,,,
40445,鷽,ʔɰɔk³̲³̲,ʔɰɔk̲̲,,³,ɡr,u,̠ɡ
40446,鷾,ʔɨ³¹,ʔ,ɨ,³¹,qr,ɯ,ɡs
40447,鷿,bek³̲³̲,b,ek̲̲,³,b,e,̠ɡ
40448,鸀,ɖɰɔk³̲³̲,ɖɰɔk̲̲,,³,ɡ‧r,o,̠ɡ
40449,鸁,lʷɑ³³,lʷ,ɑ,³³,r,o,̠l
40450,鸂,kʰei³³,kʰ,ei,³³,kh,e,̠
40451,鸃,ŋɰiᴇ³³,ŋɰ,iᴇ,³³,ŋr,a,l
40452,鸄,ɦek³̲³̲,ɦ,ek̲̲,³,kl,e,̠wɡs
40453,鸅,ɖɰæk³̲³̲,ɖɰæk̲̲,,³,ɡ‧r,a,̠ɡ
40454,鸆,ŋjʊ³³,ŋj,ʊ,³³,,,
40455,鸇,kiᴇn³³,k,iᴇn,³³,tj,a,n
40456,鸈,ŋjap³̲³̲,ŋj,ap̲̲,³,,,
40457,鸉,jiᴇŋ³³,j,iᴇŋ,³³,l,a,ŋ
40458,鸊,pɰɛk³̲³̲,pɰ,ɛk̲̲,³,,,
40459,鸋,neŋ³¹,n,eŋ,³¹,n,e,̠ŋs
40460,鸌,ʔʷɑk³̲³̲,ʔʷ,ɑk̲̲,³,,,
40461,鸍,ɕiᴇ³³,ɕ,iᴇ,³³,ml,e,l
40462,鸎,ʔɰɛŋ³³,ʔɰ,ɛŋ,³³,qr,e,̠ŋ
40463,鸏,mɰɔŋ³³,mɰɔŋ,,³³,m,o,̠ŋʔ
40464,鸐,dek³̲³̲,d,ek̲̲,³,ɡ‧r,e,̠wɡ
40465,鸑,ŋɰɔk³̲³̲,ŋɰɔk̲̲,,³,ŋr,o,̠ɡ
40466,鸒,jɤ³³,j,ɤ,³³,ɢl,a,s
40467,鸓,lu̯oi³³,l,u̯oi,³³,r,u,l
40468,鸔,pjʊk³̲³̲,pj,ʊk̲̲,³,b,o,̠ɡ
40469,鸕,ljɤ³³,lj,ɤ,³³,ɡ,ə,r
40470,鸖,,,,,,,
40471,鸗,ljʊŋ³³,lj,ʊŋ,³³,ɡ,ə,r
40472,鸘,ʂjaŋ³³,ʂj,aŋ,³³,sr,a,ŋ
40473,鸙,jak³̲³̲,j,ak̲̲,³,l,o,wɡ
40474,鸚,ʔɰɛŋ³³,ʔɰ,ɛŋ,³³,qr,e,̠ŋ
40475,鸛,ɡʷɰiᴇn³³,ɡʷɰ,iᴇn,³³,k,o,̠ns
40476,鸜,ɡʷɰiᴇn³³,ɡʷɰ,iᴇn,³³,ɡʷ,a,
40477,鸝,liᴇ³³,l,iᴇ,³³,b,ə,r
40478,鸞,lʷɑn³³,lʷ,ɑn,³³,ɡ,ə,r
40479,鸟,teu³⁵,t,eu,³⁵,,,
40480,鸠,kɨu³³,k,ɨu,³³,,,
40481,鸡,,,,,,,
40482,鸢,,,,,,,
40483,鸣,mɰjæŋ³³,mɰjæŋ,,³³,,,
40484,鸤,,,,,,,
40485,鸥,,,,,,,
40486,鸦,ʔɰæ³³,ʔɰæ,,³³,,,
40487,鸧,,,,,,,
40488,鸨,,,,,,,
40489,鸩,,,,,,,
40490,鸪,,,,,,,
40491,鸫,,,,,,,
40492,鸬,lu̯o³³,l,u̯o,³³,,,
40493,鸭,ʔɰæp³̲³̲,ʔɰæp̲̲,,³,,,
40494,鸮,,,,,,,
40495,鸯,,,,,,,
40496,鸰,leŋ³³,l,eŋ,³³,,,
40497,鸱,,,,,,,
40498,鸲,,,,,,,
40499,鸳,,,,,,,
40500,鸴,,,,,,,
40501,鸵,dɑ³³,d,ɑ,³³,,,
40502,鸶,,,,,,,
40503,鸷,,,,,,,
40504,鸸,,,,,,,
40505,鸹,kʷɰæt³̲³̲,kʷɰæt̲̲,,³,,,
40506,鸺,,,,,,,
40507,鸻,,,,,,,
40508,鸼,,,,,,,
40509,鸽,kəp³̲³̲,k,əp̲̲,³,,,
40510,鸾,lʷɑn³³,lʷ,ɑn,³³,,,
40511,鸿,ɦuŋ³³,ɦ,uŋ,³³,,,
40512,鹀,,,,,,,
40513,鹁,,,,,,,
40514,鹂,,,,,,,
40515,鹃,,,,,,,
40516,鹄,,,,,,,
40517,鹅,ŋɑ³³,ŋ,ɑ,³³,,,
40518,鹆,,,,,,,
40519,鹇,ɦɰɛn³³,ɦɰ,ɛn,³³,,,
40520,鹈,,,,,,,
40521,鹉,mjʊ³⁵,mj,ʊ,³⁵,,,
40522,鹊,tsʰjak³̲³̲,tsʰj,ak̲̲,³,,,
40523,鹋,,,,,,,
40524,鹌,,,,,,,
40525,鹍,,,,,,,
40526,鹎,,,,,,,
40527,鹏,,,,,,,
40528,鹐,kʰɰɛm³³,kʰɰ,ɛm,³³,,,
40529,鹑,,,,,,,
40530,鹒,kɰæŋ³³,kɰæŋ,,³³,kr,a,̠ŋ
40531,鹓,,,,,,,
40532,鹔,,,,,,,
40533,鹕,,,,,,,
40534,鹖,,,,,,,
40535,鹗,,,,,,,
40536,鹘,,,,,,,
40537,鹙,,,,,,,
40538,鹚,,,,,,,
40539,鹛,,,,,,,
40540,鹜,,,,,,,
40541,鹝,ŋek³̲³̲,ŋ,ek̲̲,³,,,
40542,鹞,jiᴇu³³,j,iᴇu,³³,,,
40543,鹟,,,,,,,
40544,鹠,,,,,,,
40545,鹡,,,,,,,
40546,鹢,,,,,,,
40547,鹣,,,,,,,
40548,鹤,ɦɑk³̲³̲,ɦ,ɑk̲̲,³,,,
40549,鹥,,,,,,,
40550,鹦,ʔɰɛŋ³³,ʔɰ,ɛŋ,³³,,,
40551,鹧,,,,,,,
40552,鹨,,,,,,,
40553,鹩,,,,,,,
40554,鹪,,,,,,,
40555,鹫,,,,,,,
40556,鹬,,,,,,,
40557,鹭,lu̯o³¹,l,u̯o,³¹,,,
40558,鹮,,,,,,,
40559,鹯,,,,,,,
40560,鹰,ʔɨŋ³³,ʔ,ɨŋ,³³,,,
40561,鹱,,,,,,,
40562,鹲,,,,,,,
40563,鹳,,,,,,,
40564,鹴,,,,,,,
40565,鹵,sei³³,s,ei,³³,r,a,̠ʔ
40566,鹶,kɨŋ³³,k,ɨŋ,³³,,,
40567,鹷,leŋ³³,l,eŋ,³³,,,
40568,鹸,,,,,,,
40569,鹹,ɦɰɛm³³,ɦɰ,ɛm,³³,ɡr,o,̠m
40570,鹺,dzɑ³³,dz,ɑ,³³,z,a,̠l
40571,鹻,kɰɛm³⁵,kɰ,ɛm,³⁵,ŋɡr,e,mʔ
40572,鹼,ŋjam³¹,ŋj,am,³¹,kr,o,̠mʔ
40573,鹽,jiᴇm³³,j,iᴇm,³³,ɢl,a,m
40574,鹾,,,,,,,
40575,鹿,luk³̲³̲,l,uk̲̲,³,b,ə,r
40576,麀,ʔju³³,ʔj,u,³³,q,u,
40577,麁,tsʰu̯o³³,tsʰ,u̯o,³³,skh,a,̠
40578,麂,ki³⁵,k,i,³⁵,kr,i,lʔ
40579,麃,pʰiᴇu³⁵,pʰ,iᴇu,³⁵,br,a,̠w
40580,麄,,,,,,,
40581,麅,bɰæu³³,bɰæ,u,³³,,,
40582,麆,dzu̯o³⁵,dz,u̯o,³⁵,sɡr,a,s
40583,麇,kʷɰin³³,kʷɰ,in,³³,kr,u,n
40584,麈,tɕjʊ³⁵,tɕj,ʊ,³⁵,tj,o,ʔ
40585,麉,ken³³,k,en,³³,kh,e,̠n
40586,麊,miᴇ³³,m,iᴇ,³³,m,e,
40587,麋,mɰi³³,mɰ,i,³³,mr,i,l
40588,麌,ŋjʊ³⁵,ŋj,ʊ,³⁵,ŋɡʷ,a,̠
40589,麍,,,,,,,
40590,麎,dʑin³³,dʑ,in,³³,blj,ɯ,n
40591,麏,kʷɰin³³,kʷɰ,in,³³,kr,u,n
40592,麐,lin³¹,l,in,³¹,m,ə,r
40593,麑,mei³³,m,ei,³³,ŋɡ,e,̠
40594,麒,ɡɨ³³,ɡ,ɨ,³³,ɡ,ɯ,
40595,麓,luk³̲³̲,l,uk̲̲,³,b,ə,r
40596,麔,ɡɨu³⁵,ɡ,ɨu,³⁵,ɡ,u,wʔ
40597,麕,kjun³³,kj,un,³³,kr,u,n
40598,麖,kɰjæŋ³³,kɰjæŋ,,³³,kr,a,ŋ
40599,麗,lei³⁵,l,ei,³⁵,b,ə,r
40600,麘,hjaŋ³³,hj,aŋ,³³,,,
40601,麙,ɦɰɛm³³,ɦɰ,ɛm,³³,ŋɡr,o,̠m
40602,麚,kɰæ³³,kɰæ,,³³,kr,a,̠
40603,麛,mei³³,m,ei,³³,ml,i,̠
40604,麜,lit³̲³̲,l,it̲̲,³,b,ə,r
40605,麝,ʑiᴇk³̲³̲,ʑ,iᴇk̲̲,³,ɢlj,a,ɡ
40606,麞,tɕjaŋ³³,tɕj,aŋ,³³,klj,a,ŋ
40607,麟,lin³³,l,in,³³,r,i,n
40608,麠,kɰjæŋ³³,kɰjæŋ,,³³,k,a,ŋ
40609,麡,dʐɰɛi³³,dʐɰ,ɛi,³³,,,
40610,麢,leŋ³³,l,eŋ,³³,r,e,̠ŋ
40611,麣,,,,,,,
40612,麤,tsʰu̯o³³,tsʰ,u̯o,³³,skh,a,̠
40613,麥,mɰɛk³̲³̲,mɰ,ɛk̲̲,³,mɡr,ɯ,̠ɡ
40614,麦,mɰɛk³̲³̲,mɰ,ɛk̲̲,³,,,
40615,麧,ɦʲjɤt³̲³̲,ɦʲj,ɤt̲̲,³,ɡ,ɯ,̠d
40616,麨,tɕʰiᴇu³⁵,tɕʰ,iᴇu,³⁵,phlj,e,wʔ
40617,麩,pʰjʊ³³,pʰj,ʊ,³³,ph,a,
40618,麪,men³¹,m,en,³¹,m,e,̠ns
40619,麫,men³¹,m,en,³¹,,,
40620,麬,,,,,,,
40621,麭,pʰɰæu³¹,pʰɰæ,u,³¹,,,
40622,麮,kʰjɤ³¹,kʰj,ɤ,³¹,kh,a,ʔ
40623,麯,kʰjuk³̲³̲,kʰj,uk̲̲,³,kh,u,ɡ
40624,麰,mɨu³³,m,ɨu,³³,m,ɯ,
40625,麱,pʰjʊ³³,pʰj,ʊ,³³,ph,a,
40626,麲,ɦɰɛn³¹,ɦɰ,ɛn,³¹,,,
40627,麳,lɨk³̲³̲,l,ɨk̲̲,³,,,
40628,麴,kʰjuk³̲³̲,kʰj,uk̲̲,³,kh,u,ɡ
40629,麵,men³¹,m,en,³¹,,,
40630,麶,,,,,,,
40631,麷,pʰjuŋ³¹,pʰj,uŋ,³¹,ph,u,ŋ
40632,麸,pʰjʊ³³,pʰj,ʊ,³³,,,
40633,麹,,,,,,,
40634,麺,,,,,,,
40635,麻,mɰæ³³,mɰæ,,³³,mr,a,̠l
40636,麼,mʷɑ³⁵,mʷ,ɑ,³⁵,m,a,̠lʔ
40637,麽,mɰiᴇ³³,mɰ,iᴇ,³³,m,a,̠l
40638,麾,hʷiᴇ³¹,hʷ,iᴇ,³¹,m̥hr,a,l
40639,麿,,,,,,,
40640,黀,tʂɨu³³,tʂ,ɨu,³³,skr,u,
40641,黁,nu̯on³³,n,u̯on,³³,,,
40642,黂,bʷɨi³³,bʷ,ɨi,³³,b,ɯ,ls
40643,黃,ɦʷɑŋ³³,ɦʷ,ɑŋ,³³,,,
40644,黄,ɦʷɑŋ³³,ɦʷ,ɑŋ,³³,ɡʷ,a,̠ŋ
40645,黅,kɰim³³,kɰ,im,³³,kr,ɯ,m
40646,黆,,,,,,,
40647,黇,tsen³³,ts,en,³³,kh‧l,e,̠m
40648,黈,tʰu³⁵,tʰ,u,³⁵,th,o,̠ʔ
40649,黉,,,,,,,
40650,黊,ɦʷɰæ³⁵,ɦʷɰæ,,³⁵,ɡʷr,e,̠s
40651,黋,kʰʷɑŋ³⁵,kʰʷ,ɑŋ,³⁵,,,
40652,黌,ɦɰæŋ³³,ɦɰæŋ,,³³,,,
40653,黍,ɕjɤ³⁵,ɕj,ɤ,³⁵,l̥,a,ʔ
40654,黎,lei³³,l,ei,³³,r,i,̠l
40655,黏,ɳiᴇm³³,ɳ,iᴇm,³³,mɡl,e,m
40656,黐,liᴇ³³,l,iᴇ,³³,,,
40657,黑,lɰɔŋ³³,lɰɔŋ,,³³,m̥h,ɯ,̠ɡ
40658,黒,hək³̲³̲,h,ək̲̲,³,,,
40659,黓,jɨk³̲³̲,j,ɨk̲̲,³,l,ɯ,ɡ
40660,黔,ɡjam³³,ɡj,am,³³,ɡr,a,m
40661,黕,təm³⁵,t,əm,³⁵,k‧l,u,̠mʔ
40662,黖,hɨi³¹,h,ɨi,³¹,,,
40663,黗,tʰu̯on³³,tʰ,u̯on,³³,kh‧l,u,̠nʔ
40664,默,mək³̲³̲,m,ək̲̲,³,m,ɯ,̠ɡ
40665,黙,mək³̲³̲,m,ək̲̲,³,,,
40666,黚,ɡim³³,ɡ,im,³³,ɡr,a,m
40667,黛,dəi³¹,d,əi,³¹,l,ɯ,̠ɡs
40668,黜,ʈʰʷit³̲³̲,ʈʰʷ,it̲̲,³,kh‧l,u,d
40669,黝,ʔju³⁵,ʔj,u,³⁵,qr,ɯ,wʔ
40670,點,tem³⁵,t,em,³⁵,k‧l,e,̠mʔ
40671,黟,ʔei³³,ʔ,ei,³³,ql,e,̠l
40672,黠,ɦɰɛt³̲³̲,ɦɰ,ɛt̲̲,³,ɡr,i,̠d
40673,黡,,,,,,,
40674,黢,tsʰʷit³̲³̲,tsʰʷ,it̲̲,³,,,
40675,黣,,,,,mr,ɯ,
40676,黤,ʔɰɛm³⁵,ʔɰ,ɛm,³⁵,q,o,̠mʔ
40677,黥,ɡɰjæŋ³³,ɡɰjæŋ,,³³,ɡr,a,ŋ
40678,黦,ʔʷjɤt³̲³̲,ʔʷj,ɤt̲̲,³,,,
40679,黧,lei³³,l,ei,³³,r,i,̠l
40680,黨,tʰɑŋ³⁵,tʰ,ɑŋ,³⁵,k‧l,a,̠ŋʔ
40681,黩,,,,,,,
40682,黪,,,,,,,
40683,黫,ʔɰɛn³³,ʔɰ,ɛn,³³,qr,i,̠n
40684,黬,ŋɰɛm³³,ŋɰ,ɛm,³³,kr,o,̠m
40685,黭,ʔəm³⁵,ʔ,əm,³⁵,q,ɯ,̠mʔ
40686,黮,ʈim³⁵,ʈ,im,³⁵,kh‧l,u,̠mʔ
40687,黯,ʔɰɛm³⁵,ʔɰ,ɛm,³⁵,qr,ɯ,̠m
40688,黰,tɕin³⁵,tɕ,in,³⁵,qr,i,̠n
40689,黱,dəi³¹,d,əi,³¹,ɡ‧l,ɯ,̠s
40690,黲,tsʰɑm³⁵,tsʰ,ɑm,³⁵,sh,o,̠mʔ
40691,黳,ʔɰɛ³³,ʔɰ,ɛ,³³,q,i,̠
40692,黴,mɰi³³,mɰ,i,³³,mr,ɯ,l
40693,黵,tɕiᴇm³⁵,tɕ,iᴇm,³⁵,k‧l,a,̠mʔ
40694,黶,ʔɰɛm³⁵,ʔɰ,ɛm,³⁵,q,e,mʔ
40695,黷,duk³̲³̲,d,uk̲̲,³,ɡ‧l,o,̠ɡ
40696,黸,lu̯o³³,l,u̯o,³³,ɡ,ə,r
40697,黹,ʈi³⁵,ʈ,i,³⁵,t,i,ʔ
40698,黺,pjun³⁵,pj,un,³⁵,p,ɯ,nʔ
40699,黻,pjut³̲³̲,pj,ut̲̲,³,p,u,d
40700,黼,pjʊ³⁵,pj,ʊ,³⁵,p,a,ʔ
40701,黽,miᴇn³⁵,m,iᴇn,³⁵,mbl,e,nʔ
40702,黾,,,,,,,
40703,黿,ŋʷjɤn³³,ŋʷj,ɤn,³³,ŋɡ,o,̠n
40704,鼀,tsʰɨu³³,tsʰ,ɨu,³³,skh,u,ɡ
40705,鼁,kʰjɤ³⁵,kʰj,ɤ,³⁵,kh,a,s
40706,鼂,ʈiᴇu³³,ʈ,iᴇu,³³,rd,e,w
40707,鼃,ɦʷɰæ³³,ɦʷɰæ,,³³,qʷr,e,̠
40708,鼄,ʈjʊ³³,ʈj,ʊ,³³,t,o,
40709,鼅,ʈɰiᴇ³¹,ʈɰ,iᴇ,³¹,t,e,
40710,鼆,mɰæŋ³³,mɰæŋ,,³³,mbr,e,̠ŋʔ
40711,鼇,ŋɑu³³,ŋ,ɑu,³³,ŋɡ,a,̠w
40712,鼈,piᴇt³̲³̲,p,iᴇt̲̲,³,p,e,d
40713,鼉,dɑ³³,d,ɑ,³³,d,a,̠l
40714,鼊,pek³̲³̲,p,ek̲̲,³,,,
40715,鼋,,,,,,,
40716,鼌,,,,,,,
40717,鼍,dɑ³³,d,ɑ,³³,d,a,̠l
40718,鼎,teŋ³¹,t,eŋ,³¹,t,e,̠ŋʔ
40719,鼏,kʷen³³,kʷ,en,³³,m,e,̠ɡ
40720,鼐,nəi³⁵,n,əi,³⁵,n,ɯ,̠s
40721,鼑,teŋ³⁵,t,eŋ,³⁵,,,
40722,鼒,dzəi³³,dz,əi,³³,s,ɯ,
40723,鼓,ku̯o³⁵,k,u̯o,³⁵,kʷ,a,̠ʔ
40724,鼔,ku̯o³⁵,k,u̯o,³⁵,,,
40725,鼕,du̯oŋ³³,d,u̯oŋ,³³,,,
40726,鼖,bjun³³,bj,un,³³,b,ɯ,n
40727,鼗,dɑu³³,d,ɑu,³³,ɡ‧l,a,̠w
40728,鼘,ʔʷen³³,ʔʷ,en,³³,qr,i,n
40729,鼙,bei³³,b,ei,³³,b,e,̠
40730,鼚,ʈʰjaŋ³³,ʈʰj,aŋ,³³,kh‧l,a,ŋ
40731,鼛,kɑu³³,k,ɑu,³³,k,u,̠
40732,鼜,tsʰek³̲³̲,tsʰ,ek̲̲,³,sh,ɯ,̠wɡ
40733,鼝,ʔɰin³³,ʔɰ,in,³³,,,
40734,鼞,tʰɑŋ³³,tʰ,ɑŋ,³³,kh‧l,a,̠ŋ
40735,鼟,dəŋ³³,d,əŋ,³³,,,
40736,鼠,ɕjɤ³⁵,ɕj,ɤ,³⁵,l̥,a,ʔ
40737,鼡,,,,,,,
40738,鼢,bjun³¹,bj,un,³¹,b,ɯ,nʔ
40739,鼣,,,,,,,
40740,鼤,mjun³³,mj,un,³³,m,ɯ,n
40741,鼥,bʷjai³¹,bʷj,ai,³¹,,,
40742,鼦,teu³³,t,eu,³³,t,e,̠w
40743,鼧,dɑ³³,d,ɑ,³³,,,
40744,鼨,du̯oŋ³³,d,u̯oŋ,³³,tj,u,ŋ
40745,鼩,ɡjʊ³³,ɡj,ʊ,³³,ɡ,o,
40746,鼪,ʂɰjæŋ³¹,ʂɰjæŋ,,³¹,sr,e,ŋ
40747,鼫,dʑiᴇk³̲³̲,dʑ,iᴇk̲̲,³,ɡlj,a,ɡ
40748,鼬,jɨu³¹,j,ɨu,³¹,l,ɯ,ws
40749,鼭,dʑɨ³³,dʑ,ɨ,³³,ɡlj,ɯ,
40750,鼮,deŋ³¹,d,eŋ,³¹,ɡ‧l,e,̠ŋ
40751,鼯,ŋu̯o³³,ŋ,u̯o,³³,ŋ,a,̠
40752,鼰,,,,,,,
40753,鼱,tsiᴇŋ³³,ts,iᴇŋ,³³,s,e,ŋ
40754,鼲,ɦu̯on³³,ɦ,u̯on,³³,ɡ,u,̠n
40755,鼳,ɦek³̲³̲,ɦ,ek̲̲,³,kʷ,e,̠ɡ
40756,鼴,ʔɰiᴇn³⁵,ʔɰ,iᴇn,³⁵,q,a,nʔ
40757,鼵,du̯ot³̲³̲,d,u̯ot̲̲,³,d,u,̠d
40758,鼶,sei³³,s,ei,³³,skl,e,
40759,鼷,ɦei³³,ɦ,ei,³³,ɡ,e,̠
40760,鼸,ɦem³⁵,ɦ,em,³⁵,ɡ,e,̠mʔ
40761,鼹,ʔjɤn³⁵,ʔj,ɤn,³⁵,,,
40762,鼺,lʷiᴇ³³,lʷ,iᴇ,³³,,,
40763,鼻,nuŋ³¹,n,uŋ,³¹,bl,i,ds
40764,鼼,ŋiᴇu³⁵,ŋ,iᴇu,³⁵,,,
40765,鼽,ɡɨu³³,ɡ,ɨu,³³,ɡ,u,
40766,鼾,ɦɑn³¹,ɦ,ɑn,³¹,qh,a,̠n
40767,鼿,ŋu̯ot³̲³̲,ŋ,u̯ot̲̲,³,,,
40768,齀,,,,,,,
40769,齁,kʰu̯o³¹,kʰ,u̯o,³¹,qh,o,̠
40770,齂,hɰi³¹,hɰ,i,³¹,mr̥h,ɯ,ds
40771,齃,ʔɑt³̲³̲,ʔ,ɑt̲̲,³,q,a,̠d
40772,齄,,,,,,,
40773,齅,hɨu³¹,h,ɨu,³¹,qhl,u,s
40774,齆,,,,,,,
40775,齇,tʂɰæ³³,tʂɰæ,,³³,,,
40776,齈,nuŋ³¹,n,uŋ,³¹,,,
40777,齉,,,,,,,
40778,齊,tsei³¹,ts,ei,³¹,z,i,̠ls
40779,齋,tʂɰɛi³³,tʂɰ,ɛi,³³,sr,i,̠l
40780,齌,tsei³³,ts,ei,³³,sh,i,̠l
40781,齍,tsi³³,ts,i,³³,s,i,l
40782,齎,tsei³³,ts,ei,³³,s,i,̠l
40783,齏,tsei³³,ts,ei,³³,s,i,̠l
40784,齐,dzei³³,dz,ei,³³,,,
40785,齑,,,,,,,
40786,齒,tɕʰɨ³⁵,tɕʰ,ɨ,³⁵,khlj,ɯ,ʔ
40787,齓,tʂʰʷin³⁵,tʂʰʷ,in,³⁵,shr,i,nʔ
40788,齔,,,,,shr,i,nʔ
40789,齕,ɦu̯ot³̲³̲,ɦ,u̯ot̲̲,³,ɡ,ɯ,̠d
40790,齖,ŋɰæ³³,ŋɰæ,,³³,ŋɡr,a,̠s
40791,齗,ŋɰiᴇn³⁵,ŋɰ,iᴇn,³⁵,ŋɡr,ɯ,nʔ
40792,齘,ɦɰɛi³¹,ɦɰ,ɛi,³¹,ɡr,e,̠ds
40793,齙,bɰæu³³,bɰæ,u,³³,,,
40794,齚,ʑɰæk³̲³̲,ʑɰæk̲̲,,³,zr,a,̠ɡ
40795,齛,ɕiᴇi³¹,ɕ,iᴇi,³¹,skl,e,d
40796,齜,dʐɰɛ³³,dʐɰ,ɛ,³³,sr,e,
40797,齝,ʈʰɨ³³,ʈʰ,ɨ,³³,kh‧l,ɯ,
40798,齞,ŋɰiᴇn³⁵,ŋɰ,iᴇn,³⁵,ŋɡ,e,̠nʔ
40799,齟,dʐjɤ³⁵,dʐj,ɤ,³⁵,sɡr,a,ʔ
40800,齠,deu³³,d,eu,³³,d,e,̠w
40801,齡,leŋ³³,l,eŋ,³³,ɡ,ə,r
40802,齢,,,,,,,
40803,齣,,,,,,,
40804,齤,ɡʷɰiᴇn³³,ɡʷɰ,iᴇn,³³,ɡr,o,n
40805,齥,jiᴇi³¹,j,iᴇi,³¹,l,e,ds
40806,齦,ŋɨn³³,ŋ,ɨn,³³,khr,ɯ,̠nʔ
40807,齧,ŋet³̲³̲,ŋ,et̲̲,³,ŋɡ,e,̠d
40808,齨,ɡɨu³⁵,ɡ,ɨu,³⁵,ɡ,u,ʔ
40809,齩,ŋɰæu³⁵,ŋɰæ,u,³⁵,ŋɡr,e,̠wʔ
40810,齪,tʂʰɰɔk³̲³̲,tʂʰɰɔk̲̲,,³,shr,o,̠ɡ
40811,齫,kʰu̯on³⁵,kʰ,u̯on,³⁵,kh,u,̠nʔ
40812,齬,ŋjɤ³³,ŋj,ɤ,³³,ŋ,a,̠
40813,齭,tʂʰjɤ³⁵,tʂʰj,ɤ,³⁵,skhr,a,ʔ
40814,齮,ŋɰiᴇ³⁵,ŋɰ,iᴇ,³⁵,ŋɡr,a,lʔ
40815,齯,ȵiᴇ³³,ȵ,iᴇ,³³,ŋɡ,e,̠
40816,齰,dʐɰæk³̲³̲,dʐɰæk̲̲,,³,zr,a,̠ɡs
40817,齱,tʂɨu³³,tʂ,ɨu,³³,skhr,o,̠ɡ
40818,齲,kjʊ³⁵,kj,ʊ,³⁵,khʷ,a,ʔ
40819,齳,ŋjun³⁵,ŋj,un,³⁵,ŋɡ,u,nʔ
40820,齴,ŋɰiᴇn³⁵,ŋɰ,iᴇn,³⁵,ŋr,e,nʔ
40821,齵,ŋjʊ³³,ŋj,ʊ,³³,ŋ,o,̠
40822,齶,ŋɑk³̲³̲,ŋ,ɑk̲̲,³,,,
40823,齷,ʔɰɔk³̲³̲,ʔɰɔk̲̲,,³,qr,o,̠ɡ
40824,齸,jit³̲³̲,j,it̲̲,³,q,e,ɡ
40825,齹,dzʷɑ³⁵,dzʷ,ɑ,³⁵,z,a,̠l
40826,齺,dʐɰɔk³̲³̲,dʐɰɔk̲̲,,³,zr,o,̠ɡ
40827,齻,ten³³,t,en,³³,k‧l,i,̠n
40828,齼,tʂʰjɤ³⁵,tʂʰj,ɤ,³⁵,,,
40829,齽,kɰim³¹,kɰ,im,³¹,,,
40830,齾,ŋɑt³̲³̲,ŋ,ɑt̲̲,³,ŋ,a,̠d
40831,齿,tɕʰɨ³⁵,tɕʰ,ɨ,³⁵,,,
40832,龀,,,,,,,
40833,龁,,,,,,,
40834,龂,,,,,,,
40835,龃,,,,,,,
40836,龄,leŋ³³,l,eŋ,³³,,,
40837,龅,,,,,,,
40838,龆,,,,,,,
40839,龇,,,,,,,
40840,龈,ŋɨn³³,ŋ,ɨn,³³,,,
40841,龉,,,,,,,
40842,龊,,,,,,,
40843,龋,,,,,,,
40844,龌,,,,,,,
40845,龍,ljʊŋ³³,lj,ʊŋ,³³,ɡ,ə,r
40846,龎,,,,,,,
40847,龏,ʔɰɔk³̲³̲,ʔɰɔk̲̲,,³,kl,o,ŋs
40848,龐,luŋ³³,l,uŋ,³³,bɡr,o,̠ŋ
40849,龑,,,,,,,
40850,龒,,,,,ɡ,ə,r
40851,龓,luŋ³⁵,l,uŋ,³⁵,ɡ,ə,r
40852,龔,kjʊŋ³³,kj,ʊŋ,³³,kl,o,ŋ
40853,龕,kʰəm³³,kʰ,əm,³³,kh,u,̠m
40854,龖,səp³̲³̲,s,əp̲̲,³,l,u,̠b
40855,龗,leŋ³³,l,eŋ,³³,r,e,̠ŋ
40856,龘,,,,,,,
40857,龙,ljʊŋ³³,lj,ʊŋ,³³,,,
40858,龚,kjʊŋ³³,kj,ʊŋ,³³,,,
40859,龛,kʰəm³³,kʰ,əm,³³,,,
40860,龜,kʰɨu³³,kʰ,ɨu,³³,kʷr,ɯ,
40861,龝,tsʰɨu³³,tsʰ,ɨu,³³,,,
40862,龞,,,,,,,
40863,龟,kʷɰi³³,kʷɰ,i,³³,,,
40864,龠,jak³̲³̲,j,ak̲̲,³,l,o,wɡ
40865,龡,tɕʰʷiᴇ³³,tɕʰʷ,iᴇ,³³,khj,o,l
40866,龢,ɦʷɑ³³,ɦʷ,ɑ,³³,ɡ,o,̠l
40867,龣,kɰɔk³̲³̲,kɰɔk̲̲,,³,,,
40868,龤,ɦɰɛi³³,ɦɰ,ɛi,³³,ɡr,i,̠l
40869,龥,jak³̲³̲,j,ak̲̲,³,,,
40870,龦,,,,,,,
40871,龧,,,,,,,
40872,龨,,,,,,,
40873,龩,,,,,,,
40874,龪,,,,,,,
40875,龫,,,,,,,
40876,龬,,,,,,,
40877,龭,,,,,,,
40878,龮,,,,,,,
40879,龯,,,,,,,
40880,龰,,,,,,,
40881,龱,,,,,,,
40882,龲,,,,,,,
40883,龳,,,,,,,
40884,龴,ɦʲjun³³,ɦʲj,un,³³,,,
40885,龵,,,,,,,
40886,龶,,,,,,,
40887,龷,,,,,,,
40888,龸,,,,,,,
40889,龹,,,,,kr,o,ns
40890,龺,,,,,,,
40891,龻,,,,,,,
40892,龼,,,,,,,
40893,龽,,,,,,,
40894,龾,,,,,,,
40895,龿,,,,,,,
40896,鿀,,,,,,,
40897,鿁,,,,,,,
40898,鿂,,,,,,,
40899,鿃,,,,,,,
40900,鿄,,,,,,,
40901,鿅,,,,,,,
40902,鿆,,,,,,,
40903,鿇,,,,,,,
40904,鿈,,,,,,,
40905,鿉,,,,,,,
40906,鿊,,,,,,,
40907,鿋,,,,,,,
40908,鿌,,,,,,,
40909,鿍,,,,,,,
40910,鿎,,,,,,,
40911,鿏,,,,,,,
40912,鿐,,,,,,,
40913,鿑,,,,,,,
40914,鿒,,,,,,,
40915,鿓,,,,,,,
40916,鿔,,,,,,,
40917,鿕,,,,,,,
40918,鿖,,,,,,,
40919,鿗,,,,,,,
40920,鿘,,,,,,,
40921,鿙,,,,,,,
40922,鿚,,,,,,,
40923,鿛,,,,,,,
40924,鿜,,,,,,,
40925,鿝,,,,,,,
40926,鿞,,,,,,,
40927,鿟,,,,,,,
40928,鿠,,,,,,,
40929,鿡,,,,,,,
40930,鿢,,,,,,,
40931,鿣,,,,,,,
40932,鿤,,,,,,,
40933,鿥,,,,,,,
40934,鿦,,,,,,,
40935,鿧,,,,,,,
40936,鿨,,,,,,,
40937,鿩,,,,,,,
40938,鿪,,,,,,,
40939,鿫,,,,,,,
40940,鿬,,,,,,,
40941,鿭,,,,,,,
40942,鿮,,,,,,,
40943,鿯,,,,,,,
40944,鿰,,,,,,,
40945,鿱,,,,,,,
40946,鿲,,,,,,,
40947,鿳,,,,,,,
40948,鿴,,,,,,,
40949,鿵,,,,,,,
40950,鿶,,,,,,,
40951,鿷,,,,,,,
40952,鿸,,,,,,,
40953,鿹,,,,,,,
40954,鿺,,,,,,,
40955,鿻,,,,,,,
40956,鿼,,,,,,,
40957,鿽,,,,,,,
40958,鿾,,,,,,,
40959,鿿,,,,,,,
13312,㐀,,,,,,,
13313,㐁,tʰem³¹,tʰ,em,³¹,th,ɯ,̠ms
13314,㐂,,,,,,,
13315,㐃,,,,,,,
13316,㐄,kʰʷɰæ³⁵,kʰʷɰæ,,³⁵,,,
13317,㐅,ŋu̯o³⁵,ŋ,u̯o,³⁵,,,
13318,㐆,ʔɨi³³,ʔ,ɨi,³³,q,ɯ,ds
13319,㐇,,,,,,,
13320,㐈,,,,,,,
13321,㐉,,,,,,,
13322,㐊,,,,,,,
13323,㐋,,,,,,,
13324,㐌,jiᴇ³³,j,iᴇ,³³,,,
13325,㐍,,,,,,,
13326,㐎,,,,,,,
13327,㐏,,,,,,,
13328,㐐,,,,,,,
13329,㐑,,,,,,,
13330,㐒,,,,,,,
13331,㐓,,,,,,,
13332,㐔,,,,,,,
13333,㐕,,,,,,,
13334,㐖,ɦet³̲³̲,ɦ,et̲̲,³,,,
13335,㐗,,,,,,,
13336,㐘,,,,,,,
13337,㐙,,,,,,,
13338,㐚,,,,,,,
13339,㐛,,,,,,,
13340,㐜,ɡɨu³³,ɡ,ɨu,³³,ɡ,u,s
13341,㐝,,,,,,,
13342,㐞,,,,,,,
13343,㐟,,,,,,,
13344,㐠,,,,,,,
13345,㐡,,,,,,,
13346,㐢,,,,,,,
13347,㐣,,,,,,,
13348,㐤,,,,,,,
13349,㐥,,,,,,,
13350,㐦,,,,,,,
13351,㐧,,,,,,,
13352,㐨,dʑin³¹,dʑ,in,³¹,sɢl,a,ʔ
13353,㐩,,,,,,,
13354,㐪,,,,,,,
13355,㐫,,,,,,,
13356,㐬,pɨu³³,p,ɨu,³³,,,
13357,㐭,lim³⁵,l,im,³⁵,b,ə,r
13358,㐮,,,,,,,
13359,㐯,,,,,,,
13360,㐰,,,,,,,
13361,㐱,tɕin³⁵,tɕ,in,³⁵,klj,ɯ,nʔ
13362,㐲,dɑi³¹,d,ɑi,³¹,,,
13363,㐳,ŋu̯ot³̲³̲,ŋ,u̯ot̲̲,³,,,
13364,㐴,,,,,,,
13365,㐵,,,,,,,
13366,㐶,,,,,,,
13367,㐷,,,,,,,
13368,㐸,kʰjam³¹,kʰj,am,³¹,,,
13369,㐹,kʰəi³¹,kʰ,əi,³¹,,,
13370,㐺,,,,,ŋr,ɯ,m
13371,㐻,nu̯oi³¹,n,u̯oi,³¹,,,
13372,㐼,,,,,,,
13373,㐽,,,,,,,
13374,㐾,,,,,,,
13375,㐿,,,,,,,
13376,㑀,,,,,,,
13377,㑁,ʈʷit³̲³̲,ʈʷ,it̲̲,³,,,
13378,㑂,pʰʷjaŋ³⁵,pʰʷj,aŋ,³⁵,,,
13379,㑃,ʔɰæu³¹,ʔɰæ,u,³¹,,,
13380,㑄,mjʊ³⁵,mj,ʊ,³⁵,,,
13381,㑅,,,,,,,
13382,㑆,,,,,,,
13383,㑇,tʂjʊ³³,tʂj,ʊ,³³,,,
13384,㑈,,,,,,,
13385,㑉,sjuk³̲³̲,sj,uk̲̲,³,,,
13386,㑊,,,,,l,a,ɡ
13387,㑋,kʰjuŋ³¹,kʰj,uŋ,³¹,kh,u,ŋs
13388,㑌,,,,,,,
13389,㑍,lu̯oi³¹,l,u̯oi,³¹,,,
13390,㑎,nɑu³⁵,n,ɑu,³⁵,,,
13391,㑏,,,,,,,
13392,㑐,,,,,,,
13393,㑑,,,,,,,
13394,㑒,,,,,,,
13395,㑓,,,,,,,
13396,㑔,,,,,,,
13397,㑕,,,,,,,
13398,㑖,,,,,,,
13399,㑗,ɕin³³,ɕ,in,³³,qhj,i,n
13400,㑘,kɰɛi³¹,kɰ,ɛi,³¹,,,
13401,㑙,tep³̲³̲,t,ep̲̲,³,,,
13402,㑚,,,,,,,
13403,㑛,ɕjʊk³̲³̲,ɕj,ʊk̲̲,³,,,
13404,㑜,ʈʰiᴇi³¹,ʈʰ,iᴇi,³¹,,,
13405,㑝,luŋ³¹,l,uŋ,³¹,,,
13406,㑞,jɨŋ³¹,j,ɨŋ,³¹,ɢl,ɯ,ŋs
13407,㑟,pɰæŋ³⁵,pɰæŋ,,³⁵,,,
13408,㑠,,,,,,,
13409,㑡,,,,,,,
13410,㑢,,,,,,,
13411,㑣,ləm³³,l,əm,³³,,,
13412,㑤,mɰæu³¹,mɰæ,u,³¹,,,
13413,㑥,jiᴇ³¹,j,iᴇ,³¹,l,e,ɡs
13414,㑦,li³¹,l,i,³¹,,,
13415,㑧,,,,,,,
13416,㑨,,,,,,,
13417,㑩,,,,,,,
13418,㑪,,,,,,,
13419,㑫,,,,,,,
13420,㑬,,,,,,,
13421,㑭,pi³¹,p,i,³¹,,,
13422,㑮,ŋu̯on³³,ŋ,u̯on,³³,ŋɡ,u,̠n
13423,㑯,,,,,,,
13424,㑰,,,,,,,
13425,㑱,,,,,,,
13426,㑲,,,,,,,
13427,㑳,tʂjʊ³³,tʂj,ʊ,³³,,,
13428,㑴,,,,,,,
13429,㑵,dzit³̲³̲,dz,it̲̲,³,z,i,d
13430,㑶,hɨi³¹,h,ɨi,³¹,,,
13431,㑷,tʰəi³¹,tʰ,əi,³¹,n̥,ɯ,̠s
13432,㑸,,,,,,,
13433,㑹,ɦʷɑi³¹,ɦʷ,ɑi,³¹,,,
13434,㑺,,,,,,,
13435,㑻,mɰɛt³̲³̲,mɰ,ɛt̲̲,³,,,
13436,㑼,,,,,,,
13437,㑽,,,,,,,
13438,㑾,jiᴇu³³,j,iᴇu,³³,l,e,w
13439,㑿,dʐɰæu³¹,dʐɰæ,u,³¹,,,
13440,㒀,ʈɰɛk³̲³̲,ʈɰ,ɛk̲̲,³,,,
13441,㒁,ŋjʊ³⁵,ŋj,ʊ,³⁵,ŋ,a,ʔ
13442,㒂,ʈjak³̲³̲,ʈj,ak̲̲,³,,,
13443,㒃,ȵi³¹,ȵ,i,³¹,,,
13444,㒄,ȵiᴇn³⁵,ȵ,iᴇn,³⁵,nj,e,nʔ
13445,㒅,tɕʰiᴇ³¹,tɕʰ,iᴇ,³¹,,,
13446,㒆,hɰip³̲³̲,hɰ,ip̲̲,³,,,
13447,㒇,mjʊ³⁵,mj,ʊ,³⁵,,,
13448,㒈,hɰæm³¹,hɰæm,,³¹,,,
13449,㒉,ʈʰɰæŋ³¹,ʈʰɰæŋ,,³¹,,,
13450,㒊,səp³̲³̲,s,əp̲̲,³,,,
13451,㒋,siᴇ³³,s,iᴇ,³³,,,
13452,㒌,ɡʷiᴇŋ³³,ɡʷ,iᴇŋ,³³,,,
13453,㒍,lʷɑ³³,lʷ,ɑ,³³,,,
13454,㒎,sɑp³̲³̲,s,ɑp̲̲,³,,,
13455,㒏,,,,,,,
13456,㒐,,,,,,,
13457,㒑,ɦu̯oi³⁵,ɦ,u̯oi,³⁵,,,
13458,㒒,,,,,,,
13459,㒓,tʰɑt³̲³̲,tʰ,ɑt̲̲,³,,,
13460,㒔,,,,,,,
13461,㒕,,,,,,,
13462,㒖,,,,,,,
13463,㒗,,,,,,,
13464,㒘,dʑjʊ³⁵,dʑj,ʊ,³⁵,,,
13465,㒙,miᴇn³³,m,iᴇn,³³,,,
13466,㒚,ʔɨn³¹,ʔ,ɨn,³¹,,,
13467,㒛,deu³⁵,d,eu,³⁵,,,
13468,㒜,jɤ³⁵,j,ɤ,³⁵,,,
13469,㒝,mʷjɤt³̲³̲,mʷj,ɤt̲̲,³,,,
13470,㒞,,,,,,,
13471,㒟,neu³⁵,n,eu,³⁵,,,
13472,㒠,ɦɰɛi³¹,ɦɰ,ɛi,³¹,,,
13473,㒡,,,,,,,
13474,㒢,,,,,,,
13475,㒣,,,,,,,
13476,㒤,tɕiᴇp³̲³̲,tɕ,iᴇp̲̲,³,khlj,e,b
13477,㒥,pʰjuŋ³³,pʰj,uŋ,³³,,,
13478,㒦,lu̯oi³⁵,l,u̯oi,³⁵,,,
13479,㒧,lei³¹,l,ei,³¹,b,ə,r
13480,㒨,siᴇn³³,s,iᴇn,³³,,,
13481,㒩,,,,,ɡ,ə,r
13482,㒪,,,,,,,
13483,㒫,kɨi³¹,k,ɨi,³¹,,,
13484,㒬,,,,,,,
13485,㒭,,,,,,,
13486,㒮,,,,,,,
13487,㒯,ɦʲiᴇp³̲³̲,ɦʲ,iᴇp̲̲,³,,,
13488,㒰,dzʷiᴇn³³,dzʷ,iᴇn,³³,,,
13489,㒱,,,,,,,
13490,㒲,,,,,,,
13491,㒳,ljaŋ³⁵,lj,aŋ,³⁵,r,a,ŋʔ
13492,㒴,ku̯ot³̲³̲,k,u̯ot̲̲,³,,,
13493,㒵,,,,,,,
13494,㒶,kuŋ³³,k,uŋ,³³,,,
13495,㒷,,,,,,,
13496,㒸,zʷi³¹,zʷ,i,³¹,lj,u,ds
13497,㒹,ten³³,t,en,³³,,,
13498,㒺,,,,,,,
13499,㒻,muŋ³³,m,uŋ,³³,,,
13500,㒼,mʷɑn³³,mʷ,ɑn,³³,m,a,̠n
13501,㒽,kʰʷɰiᴇn³³,kʰʷɰ,iᴇn,³³,,,
13502,㒾,ɕiᴇ³¹,ɕ,iᴇ,³¹,,,
13503,㒿,liᴇ³³,l,iᴇ,³³,,,
13504,㓀,,,,,,,
13505,㓁,,,,,,,
13506,㓂,,,,,,,
13507,㓃,tu̯o³¹,t,u̯o,³¹,k‧l,a,̠ɡs
13508,㓄,ʈim³¹,ʈ,im,³¹,,,
13509,㓅,,,,,,,
13510,㓆,,,,,,,
13511,㓇,,,,,,,
13512,㓈,,,,,,,
13513,㓉,,,,,,,
13514,㓊,duŋ³¹,d,uŋ,³¹,,,
13515,㓋,ɡjʊŋ³⁵,ɡj,ʊŋ,³⁵,,,
13516,㓌,,,,,,,
13517,㓍,,,,,,,
13518,㓎,tsʰim³¹,tsʰ,im,³¹,,,
13519,㓏,,,,,,,
13520,㓐,ljuk³̲³̲,lj,uk̲̲,³,,,
13521,㓑,ɦʷeŋ³⁵,ɦʷ,eŋ,³⁵,,,
13522,㓒,,,,,,,
13523,㓓,,,,,,,
13524,㓔,zjæ³¹,zjæ,,³¹,,,
13525,㓕,,,,,,,
13526,㓖,pit³̲³̲,p,it̲̲,³,p,i,d
13527,㓗,,,,,,,
13528,㓘,sjuk³̲³̲,sj,uk̲̲,³,,,
13529,㓙,,,,,,,
13530,㓚,kuŋ³³,k,uŋ,³³,,,
13531,㓛,,,,,,,
13532,㓜,ʔju³¹,ʔj,u,³¹,,,
13533,㓝,ɦeŋ³³,ɦ,eŋ,³³,ɡ,e,̠ŋ
13534,㓞,kʰɰɛt³̲³̲,kʰɰ,ɛt̲̲,³,khr,e,̠d
13535,㓟,bɰiᴇ³³,bɰ,iᴇ,³³,,,
13536,㓠,tem³¹,t,em,³¹,k‧l,e,̠mʔ
13537,㓡,pɨu³⁵,p,ɨu,³⁵,b,u,ʔ
13538,㓢,lɑk³̲³̲,l,ɑk̲̲,³,,,
13539,㓣,kʰɰɛp³̲³̲,kʰɰ,ɛp̲̲,³,,,
13540,㓤,kʰɰɛt³̲³̲,kʰɰ,ɛt̲̲,³,,,
13541,㓥,,,,,,,
13542,㓦,,,,,,,
13543,㓧,kəm³³,k,əm,³³,,,
13544,㓨,,,,,sh,e,ɡ
13545,㓩,,,,,,,
13546,㓪,,,,,,,
13547,㓫,,,,,,,
13548,㓬,,,,,,,
13549,㓭,ʑiᴇt³̲³̲,ʑ,iᴇt̲̲,³,,,
13550,㓮,teu³³,t,eu,³³,,,
13551,㓯,lei³¹,l,ei,³¹,,,
13552,㓰,,,,,,,
13553,㓱,du³³,d,u,³³,,,
13554,㓲,pʰiᴇn³³,pʰ,iᴇn,³³,,,
13555,㓳,tei³³,t,ei,³³,,,
13556,㓴,ȵʷiᴇn³⁵,ȵʷ,iᴇn,³⁵,,,
13557,㓵,ŋɑk³̲³̲,ŋ,ɑk̲̲,³,ŋ,a,̠ɡ
13558,㓶,kʰet³̲³̲,kʰ,et̲̲,³,,,
13559,㓷,ŋiᴇi³¹,ŋ,iᴇi,³¹,ŋr,e,ds
13560,㓸,ʈɰɔk³̲³̲,ʈɰɔk̲̲,,³,,,
13561,㓹,jʷiᴇi³¹,jʷ,iᴇi,³¹,,,
13562,㓺,kjɤn³³,kj,ɤn,³³,,,
13563,㓻,kɑŋ³³,k,ɑŋ,³³,,,
13564,㓼,tʂʰɨ³⁵,tʂʰ,ɨ,³⁵,shr,i,ɡ
13565,㓽,dʐjuŋ³¹,dʐj,uŋ,³¹,,,
13566,㓾,,,,,,,
13567,㓿,,,,,,,
13568,㔀,,,,,,,
13569,㔁,,,,,,,
13570,㔂,lin³³,l,in,³³,,,
13571,㔃,tsʷiᴇt³̲³̲,tsʷ,iᴇt̲̲,³,,,
13572,㔄,,,,,,,
13573,㔅,seu³¹,s,eu,³¹,,,
13574,㔆,dzəm³⁵,dz,əm,³⁵,,,
13575,㔇,pʰʷɑt³̲³̲,pʰʷ,ɑt̲̲,³,,,
13576,㔈,,,,,,,
13577,㔉,,,,,,,
13578,㔊,tɕiᴇn³⁵,tɕ,iᴇn,³⁵,,,
13579,㔋,kɰæm³¹,kɰæm,,³¹,,,
13580,㔌,dzu³¹,dz,u,³¹,,,
13581,㔍,tʂʰʷiᴇt³̲³̲,tʂʰʷ,iᴇt̲̲,³,,,
13582,㔎,ŋɨt³̲³̲,ŋ,ɨt̲̲,³,skl,e,d
13583,㔏,liᴇk³̲³̲,l,iᴇk̲̲,³,,,
13584,㔐,,,,,,,
13585,㔑,tʂʰɪt³̲³̲,tʂʰ,ɪt̲̲,³,skl,e,d
13586,㔒,ɦʷei³³,ɦʷ,ei,³³,,,
13587,㔓,kɰiᴇn³⁵,kɰ,iᴇn,³⁵,,,
13588,㔔,,,,,,,
13589,㔕,ɡɰit³̲³̲,ɡɰ,it̲̲,³,,,
13590,㔖,,,,,,,
13591,㔗,bʷɨi³¹,bʷ,ɨi,³¹,,,
13592,㔘,,,,,,,
13593,㔙,pɰæŋ³³,pɰæŋ,,³³,,,
13594,㔚,,,,,,,
13595,㔛,,,,,,,
13596,㔜,,,,,,,
13597,㔝,ljaŋ³⁵,lj,aŋ,³⁵,,,
13598,㔞,kʰʷɰɛi³³,kʰʷɰ,ɛi,³³,,,
13599,㔟,,,,,,,
13600,㔠,ɦɑt³̲³̲,ɦ,ɑt̲̲,³,,,
13601,㔡,pet³̲³̲,p,et̲̲,³,,,
13602,㔢,tsʷiᴇt³̲³̲,tsʷ,iᴇt̲̲,³,,,
13603,㔣,lu̯oi³³,l,u̯oi,³³,r,u,̠ls
13604,㔤,sim³¹,s,im,³¹,,,
13605,㔥,bɰɛ³⁵,bɰ,ɛ,³⁵,,,
13606,㔦,jaŋ³⁵,j,aŋ,³⁵,,,
13607,㔧,lu̯o³³,l,u̯o,³³,,,
13608,㔨,pu̯oi³¹,p,u̯oi,³¹,,,
13609,㔩,ʔɑp³̲³̲,ʔ,ɑp̲̲,³,,,
13610,㔪,lu̯o³⁵,l,u̯o,³⁵,,,
13611,㔫,,,,,,,
13612,㔬,ʈɰɔk³̲³̲,ʈɰɔk̲̲,,³,,,
13613,㔭,,,,,,,
13614,㔮,nɑ³³,n,ɑ,³³,mɡl,a,̠l
13615,㔯,ɕɰiᴇn³⁵,ɕɰ,iᴇn,³⁵,,,
13616,㔰,,,,,,,
13617,㔱,jʊ³⁵,j,ʊ,³⁵,,,
13618,㔲,kʷɰi³⁵,kʷɰ,i,³⁵,,,
13619,㔳,kʷɰi³⁵,kʷɰ,i,³⁵,,,
13620,㔴,jɨk³̲³̲,j,ɨk̲̲,³,b,ə,l
13621,㔵,,,,,,,
13622,㔶,təm³⁵,t,əm,³⁵,k,o,̠ms
13623,㔷,lu³¹,l,u,³¹,r,o,̠s
13624,㔸,tʰei³³,tʰ,ei,³³,,,
13625,㔹,lək³̲³̲,l,ək̲̲,³,r,ɯ,̠ɡ
13626,㔺,,,,,,,
13627,㔻,pʰɰi³³,pʰɰ,i,³³,,,
13628,㔼,,,,,,,
13629,㔽,,,,,,,
13630,㔾,,,,,,,
13631,㔿,tsu³¹,ts,u,³¹,s,o,̠s
13632,㕀,ʔʷɨi³¹,ʔʷ,ɨi,³¹,,,
13633,㕁,,,,,,,
13634,㕂,ɡɰim³³,ɡɰ,im,³³,,,
13635,㕃,,,,,,,
13636,㕄,,,,,,,
13637,㕅,,,,,,,
13638,㕆,ɦu̯o³⁵,ɦ,u̯o,³⁵,ɡ,a,̠ʔ
13639,㕇,ləp³̲³̲,l,əp̲̲,³,ɡ,ə,r
13640,㕈,ʔɨi³⁵,ʔ,ɨi,³⁵,,,
13641,㕉,kʰəp³̲³̲,kʰ,əp̲̲,³,,,
13642,㕊,pʰjʊ³³,pʰj,ʊ,³³,ph,a,
13643,㕋,ɡɰim³¹,ɡɰ,im,³¹,ɡr,ɯ,m
13644,㕌,ŋəi³¹,ŋ,əi,³¹,,,
13645,㕍,,,,,,,
13646,㕎,kʰɑp³̲³̲,kʰ,ɑp̲̲,³,kh,a,̠b
13647,㕏,,,,,,,
13648,㕐,sjæ³¹,sjæ,,³¹,,,
13649,㕑,,,,,,,
13650,㕒,ŋʷɨi³³,ŋʷ,ɨi,³³,ŋr,a,l
13651,㕓,,,,,,,
13652,㕔,,,,,,,
13653,㕕,ɦɰɛn³¹,ɦɰ,ɛn,³¹,,,
13654,㕖,,,,,,,
13655,㕗,jɨu³⁵,j,ɨu,³⁵,ɢʷl,ɯ,ʔ
13656,㕘,,,,,,,
13657,㕙,tsʷin³¹,tsʷ,in,³¹,skh,u,n
13658,㕚,tʂɰæu³⁵,tʂɰæ,u,³⁵,sr,u,̠ʔ
13659,㕛,,,,,,,
13660,㕜,,,,,,,
13661,㕝,,,,,,,
13662,㕞,ʂʷiᴇt³̲³̲,ʂʷ,iᴇt̲̲,³,sr,o,d
13663,㕟,kʰʷɰi³¹,kʰʷɰ,i,³¹,khr,u,̠ds
13664,㕠,,,,,,,
13665,㕡,hɑk³̲³̲,h,ɑk̲̲,³,qh,a,̠ɡ
13666,㕢,ɦɰɛt³̲³̲,ɦɰ,ɛt̲̲,³,k,a,̠ds
13667,㕣,jʷiᴇn³⁵,jʷ,iᴇn,³⁵,ɢl,o,nʔ
13668,㕤,,,,,,,
13669,㕥,,,,,,,
13670,㕦,ɦʷɰæ³¹,ɦʷɰæ,,³¹,,,
13671,㕧,hi³³,h,i,³³,l̥h,i,s
13672,㕨,,,,,,,
13673,㕩,pʰɰɔŋ³¹,pʰɰɔŋ,,³¹,,,
13674,㕪,təm³⁵,t,əm,³⁵,,,
13675,㕫,pʰʷjaŋ³⁵,pʰʷj,aŋ,³⁵,,,
13676,㕬,kuŋ³³,k,uŋ,³³,,,
13677,㕭,ʔɰæu³³,ʔɰæ,u,³³,,,
13678,㕮,pjʊ³⁵,pj,ʊ,³⁵,p,a,ʔ
13679,㕯,nu̯ot³̲³̲,n,u̯ot̲̲,³,rn,o,̠d
13680,㕰,hɰɔk³̲³̲,hɰɔk̲̲,,³,,,
13681,㕱,,,,,,,
13682,㕲,,,,,,,
13683,㕳,,,,,,,
13684,㕴,,,,,,,
13685,㕵,,,,,,,
13686,㕶,,,,,,,
13687,㕷,,,,,,,
13688,㕸,lip³̲³̲,l,ip̲̲,³,,,
13689,㕹,bʷjɤt³̲³̲,bʷj,ɤt̲̲,³,,,
13690,㕺,,,,,,,
13691,㕻,pʰu³⁵,pʰ,u,³⁵,,,
13692,㕼,,,,,,,
13693,㕽,,,,,,,
13694,㕾,,,,,,,
13695,㕿,,,,,,,
13696,㖀,lu̯ot³̲³̲,l,u̯ot̲̲,³,,,
13697,㖁,,,,,,,
13698,㖂,siᴇt³̲³̲,s,iᴇt̲̲,³,,,
13699,㖃,hu³⁵,h,u,³⁵,qh,o,̠ʔ
13700,㖄,tɕɨu³³,tɕ,ɨu,³³,,,
13701,㖅,ɕjʊ³¹,ɕj,ʊ,³¹,,,
13702,㖆,,,,,,,
13703,㖇,ȵɨ³³,ȵ,ɨ,³³,,,
13704,㖈,,,,,,,
13705,㖉,,,,,,,
13706,㖊,,,,,,,
13707,㖋,,,,,,,
13708,㖌,,,,,,,
13709,㖍,,,,,,,
13710,㖎,,,,,,,
13711,㖏,net³̲³̲,n,et̲̲,³,,,
13712,㖐,,,,,,,
13713,㖑,hɰɛi³¹,hɰ,ɛi,³¹,,,
13714,㖒,dei³³,d,ei,³³,,,
13715,㖓,,,,,,,
13716,㖔,,,,,,,
13717,㖕,,,,,,,
13718,㖖,,,,,,,
13719,㖗,ŋɰim³³,ŋɰ,im,³³,,,
13720,㖘,tɕin³³,tɕ,in,³³,,,
13721,㖙,,,,,,,
13722,㖚,,,,,,,
13723,㖛,,,,,,,
13724,㖜,,,,,,,
13725,㖝,,,,,,,
13726,㖞,,,,,,,
13727,㖟,dʑɨu³¹,dʑ,ɨu,³¹,,,
13728,㖠,nɑ³¹,n,ɑ,³¹,,,
13729,㖡,,,,,,,
13730,㖢,tsiᴇ³³,ts,iᴇ,³³,,,
13731,㖣,tʰu³¹,tʰ,u,³¹,,,
13732,㖤,ɦəm³⁵,ɦ,əm,³⁵,ɡ,u,̠m
13733,㖥,ɡʷɰin³⁵,ɡʷɰ,in,³⁵,ɡr,u,nʔ
13734,㖦,tuŋ³⁵,t,uŋ,³⁵,,,
13735,㖧,hu̯on³³,h,u̯on,³³,m̥h,u,̠n
13736,㖨,luk³̲³̲,l,uk̲̲,³,,,
13737,㖩,tsjʊ³³,tsj,ʊ,³³,sk,o,
13738,㖪,kʷɰɛk³̲³̲,kʷɰ,ɛk̲̲,³,,,
13739,㖫,,,,,,,
13740,㖬,,,,,,,
13741,㖭,,,,,,,
13742,㖮,,,,,,,
13743,㖯,,,,,,,
13744,㖰,,,,,,,
13745,㖱,,,,,,,
13746,㖲,,,,,,,
13747,㖳,,,,,,,
13748,㖴,mjun³⁵,mj,un,³⁵,,,
13749,㖵,,,,,,,
13750,㖶,ʔin³³,ʔ,in,³³,qr,i,̠n
13751,㖷,dʑiᴇ³³,dʑ,iᴇ,³³,,,
13752,㖸,ɡjak³̲³̲,ɡj,ak̲̲,³,,,
13753,㖹,pʰjun³¹,pʰj,un,³¹,,,
13754,㖺,tɕʰʷin³⁵,tɕʰʷ,in,³⁵,,,
13755,㖻,ȵɨu³¹,ȵ,ɨu,³¹,,,
13756,㖼,mu³³,m,u,³³,,,
13757,㖽,,,,,,,
13758,㖾,ŋɑk³̲³̲,ŋ,ɑk̲̲,³,,,
13759,㖿,zjæ³³,zjæ,,³³,,,
13760,㗀,,,,,,,
13761,㗁,ŋɑk³̲³̲,ŋ,ɑk̲̲,³,,,
13762,㗂,ʂɰjæŋ³⁵,ʂɰjæŋ,,³⁵,,,
13763,㗃,mjun³⁵,mj,un,³⁵,m,ɯ,nʔ
13764,㗄,,,,,,,
13765,㗅,ɦu̯o³³,ɦ,u̯o,³³,ɡ,a,̠
13766,㗆,kɰɛk³̲³̲,kɰ,ɛk̲̲,³,,,
13767,㗇,hɰæ³³,hɰæ,,³³,ɡr,a,̠
13768,㗈,,,,,,,
13769,㗉,ŋɑk³̲³̲,ŋ,ɑk̲̲,³,ɡ,ə,r
13770,㗊,tʂip³̲³̲,tʂ,ip̲̲,³,skr,u,b
13771,㗋,,,,,ɡ,o,̠
13772,㗌,,,,,,,
13773,㗍,,,,,,,
13774,㗎,,,,,,,
13775,㗏,,,,,,,
13776,㗐,,,,,,,
13777,㗑,,,,,,,
13778,㗒,,,,,,,
13779,㗓,,,,,,,
13780,㗔,kʰɰiᴇn³³,kʰɰ,iᴇn,³³,,,
13781,㗕,ku³¹,k,u,³¹,,,
13782,㗖,,,,,,,
13783,㗗,piᴇ³³,p,iᴇ,³³,p,e,
13784,㗘,pɑk³̲³̲,p,ɑk̲̲,³,p,a,̠ɡ
13785,㗙,ɳɰɛp³̲³̲,ɳɰ,ɛp̲̲,³,,,
13786,㗚,lit³̲³̲,l,it̲̲,³,,,
13787,㗛,siᴇu³¹,s,iᴇu,³¹,,,
13788,㗜,,,,,,,
13789,㗝,,,,,,,
13790,㗞,,,,,,,
13791,㗟,,,,,,,
13792,㗠,,,,,,,
13793,㗡,,,,,,,
13794,㗢,ɦu̯oŋ³³,ɦ,u̯oŋ,³³,,,
13795,㗣,tei³¹,t,ei,³¹,,,
13796,㗤,tsjuk³̲³̲,tsj,uk̲̲,³,sk,ɯ,wɡ
13797,㗥,kʷɑk³̲³̲,kʷ,ɑk̲̲,³,,,
13798,㗦,lɑu³³,l,ɑu,³³,,,
13799,㗧,tet³̲³̲,t,et̲̲,³,,,
13800,㗨,hɨt³̲³̲,h,ɨt̲̲,³,,,
13801,㗩,sip³̲³̲,s,ip̲̲,³,,,
13802,㗪,pʰi³³,pʰ,i,³³,,,
13803,㗫,tʂʰɰɛt³̲³̲,tʂʰɰ,ɛt̲̲,³,,,
13804,㗬,ʈʰɰæ³³,ʈʰɰæ,,³³,kh‧r,a,̠l
13805,㗭,,,,,,,
13806,㗮,,,,,,,
13807,㗯,,,,,,,
13808,㗰,,,,,,,
13809,㗱,tsip³̲³̲,ts,ip̲̲,³,sk,u,b
13810,㗲,ɦʷɰɛk³̲³̲,ɦʷɰ,ɛk̲̲,³,,,
13811,㗳,,,,,,,
13812,㗴,ŋɰɛn³³,ŋɰ,ɛn,³³,,,
13813,㗵,hjut³̲³̲,hj,ut̲̲,³,,,
13814,㗶,,,,,,,
13815,㗷,,,,,,,
13816,㗸,,,,,,,
13817,㗹,,,,,,,
13818,㗺,,,,,,,
13819,㗻,kʷɑ³³,kʷ,ɑ,³³,,,
13820,㗼,ŋjap³̲³̲,ŋj,ap̲̲,³,,,
13821,㗽,hjaŋ³⁵,hj,aŋ,³⁵,,,
13822,㗾,hʷjɑ³³,hʷj,ɑ,³³,,,
13823,㗿,hɰæ³⁵,hɰæ,,³⁵,,,
13824,㘀,tsʷɑk³̲³̲,tsʷ,ɑk̲̲,³,,,
13825,㘁,jiᴇk³̲³̲,j,iᴇk̲̲,³,,,
13826,㘂,dzɨ³³,dz,ɨ,³³,,,
13827,㘃,,,,,,,
13828,㘄,,,,,,,
13829,㘅,,,,,,,
13830,㘆,dəi³³,d,əi,³³,,,
13831,㘇,,,,,,,
13832,㘈,ŋɨ³⁵,ŋ,ɨ,³⁵,ŋɡ,ɯ,ɡ
13833,㘉,tʂɪt³̲³̲,tʂ,ɪt̲̲,³,sr,i,ɡ
13834,㘊,ɦʲip³̲³̲,ɦʲ,ip̲̲,³,qhr,ɯ,b
13835,㘋,ɦen³³,ɦ,en,³³,,,
13836,㘌,ɡɰjæk³̲³̲,ɡɰjæk̲̲,,³,,,
13837,㘍,tsit³̲³̲,ts,it̲̲,³,,,
13838,㘎,,,,,,,
13839,㘏,,,,,,,
13840,㘐,pʰɰæu³¹,pʰɰæ,u,³¹,,,
13841,㘑,,,,,,,
13842,㘒,,,,,,,
13843,㘓,lɑn³³,l,ɑn,³³,ɡ,ə,r
13844,㘔,,,,,,,
13845,㘕,,,,,,,
13846,㘖,ŋɰæn³³,ŋɰæn,,³³,,,
13847,㘗,,,,,,,
13848,㘘,,,,,,,
13849,㘙,ŋɰjæk³̲³̲,ŋɰjæk̲̲,,³,ŋɡr,a,ɡ
13850,㘚,,,,,,,
13851,㘛,,,,,,,
13852,㘜,,,,,,,
13853,㘝,ɳɰɛm³⁵,ɳɰ,ɛm,³⁵,rn,e,̠b
13854,㘞,,,,,,,
13855,㘟,,,,,,,
13856,㘠,pɨk³̲³̲,p,ɨk̲̲,³,,,
13857,㘡,,,,,,,
13858,㘢,,,,,,,
13859,㘣,zʷiᴇn³³,zʷ,iᴇn,³³,qhʷ,e,̠n
13860,㘤,ʔʷɰæn³³,ʔʷɰæn,,³³,,,
13861,㘥,jɨu³³,j,ɨu,³³,,,
13862,㘦,ɡɰin³³,ɡɰ,in,³³,,,
13863,㘧,zjɤ³⁵,zj,ɤ,³⁵,,,
13864,㘨,ȵʷiᴇi³¹,ȵʷ,iᴇi,³¹,,,
13865,㘩,bi³¹,b,i,³¹,,,
13866,㘪,,,,,,,
13867,㘫,,,,,,,
13868,㘬,,,,,,,
13869,㘭,,,,,,,
13870,㘮,,,,,,,
13871,㘯,,,,,,,
13872,㘰,tɕim³³,tɕ,im,³³,,,
13873,㘱,tʰɑm³³,tʰ,ɑm,³³,,,
13874,㘲,,,,,,,
13875,㘳,kʰɨu³³,kʰ,ɨu,³³,,,
13876,㘴,,,,,,,
13877,㘵,,,,,,,
13878,㘶,ɡʷɰiᴇt³̲³̲,ɡʷɰ,iᴇt̲̲,³,,,
13879,㘷,ŋɑi³¹,ŋ,ɑi,³¹,,,
13880,㘸,tsɑŋ³¹,ts,ɑŋ,³¹,,,
13881,㘹,,,,,,,
13882,㘺,,,,,,,
13883,㘻,ʔin³³,ʔ,in,³³,,,
13884,㘼,,,,,,,
13885,㘽,,,,,,,
13886,㘾,,,,,,,
13887,㘿,net³̲³̲,n,et̲̲,³,,,
13888,㙀,lɨu³¹,l,ɨu,³¹,,,
13889,㙁,mjuk³̲³̲,mj,uk̲̲,³,,,
13890,㙂,dʷɑi³¹,dʷ,ɑi,³¹,,,
13891,㙃,pɰæŋ³³,pɰæŋ,,³³,,,
13892,㙄,bei³⁵,b,ei,³⁵,,,
13893,㙅,,,,,,,
13894,㙆,,,,,,,
13895,㙇,,,,,,,
13896,㙈,hɰæ³¹,hɰæ,,³¹,,,
13897,㙉,tʰen³⁵,tʰ,en,³⁵,,,
13898,㙊,ʈjaŋ³¹,ʈj,aŋ,³¹,,,
13899,㙋,,,,,,,
13900,㙌,,,,,,,
13901,㙍,,,,,,,
13902,㙎,,,,,,,
13903,㙏,pʰjuk³̲³̲,pʰj,uk̲̲,³,,,
13904,㙐,tʷɑ³⁵,tʷ,ɑ,³⁵,,,
13905,㙑,,,,,,,
13906,㙒,,,,,,,
13907,㙓,,,,,,,
13908,㙔,,,,,,,
13909,㙕,,,,,,,
13910,㙖,,,,,,,
13911,㙗,,,,,,,
13912,㙘,,,,,,,
13913,㙙,mɰɔŋ³³,mɰɔŋ,,³³,m,ə,r
13914,㙚,siᴇŋ³³,s,iᴇŋ,³³,skʷl,e,ŋ
13915,㙛,pu̯o³⁵,p,u̯o,³⁵,,,
13916,㙜,,,,,,,
13917,㙝,hjap³̲³̲,hj,ap̲̲,³,,,
13918,㙞,ŋɰit³̲³̲,ŋɰ,it̲̲,³,,,
13919,㙟,,,,,,,
13920,㙠,ʔei³¹,ʔ,ei,³¹,q,i,̠
13921,㙡,,,,,,,
13922,㙢,mʷɑn³³,mʷ,ɑn,³³,,,
13923,㙣,ʈjaŋ³¹,ʈj,aŋ,³¹,,,
13924,㙤,ɦu̯o³⁵,ɦ,u̯o,³⁵,qhr,a,̠s
13925,㙥,ku̯on³¹,k,u̯on,³¹,,,
13926,㙦,,,,,,,
13927,㙧,,,,,,,
13928,㙨,ɡɨi³³,ɡ,ɨi,³³,,,
13929,㙩,leu³³,l,eu,³³,ɡ,ə,r
13930,㙪,ʔɰi³¹,ʔɰ,i,³¹,q,i,̠ɡs
13931,㙫,tsip³̲³̲,ts,ip̲̲,³,,,
13932,㙬,ŋɨn³³,ŋ,ɨn,³³,ŋɡr,ɯ,ŋ
13933,㙭,,,,,,,
13934,㙮,,,,,,,
13935,㙯,ŋiᴇi³¹,ŋ,iᴇi,³¹,,,
13936,㙰,ɦɰɛ³⁵,ɦɰ,ɛ,³⁵,,,
13937,㙱,ɦɑu³¹,ɦ,ɑu,³¹,,,
13938,㙲,ʔjʊŋ³¹,ʔj,ʊŋ,³¹,,,
13939,㙳,kʰəm³⁵,kʰ,əm,³⁵,,,
13940,㙴,tɕʰiᴇm³¹,tɕʰ,iᴇm,³¹,,,
13941,㙵,,,,,,,
13942,㙶,dɑŋ³³,d,ɑŋ,³³,,,
13943,㙷,ɖiᴇp³̲³̲,ɖ,iᴇp̲̲,³,ɡ‧l,ɯ,b
13944,㙸,,,,,,,
13945,㙹,mjuŋ³³,mj,uŋ,³³,,,
13946,㙺,ɡʷɰi³³,ɡʷɰ,i,³³,,,
13947,㙻,ɖiᴇn³³,ɖ,iᴇn,³³,,,
13948,㙼,,,,,,,
13949,㙽,,,,,,,
13950,㙾,kʰɰɔk³̲³̲,kʰɰɔk̲̲,,³,,,
13951,㙿,,,,,,,
13952,㚀,kʰʷɰiᴇ³³,kʰʷɰ,iᴇ,³³,,,
13953,㚁,kʰiᴇu³¹,kʰ,iᴇu,³¹,,,
13954,㚂,nɑŋ³¹,n,ɑŋ,³¹,,,
13955,㚃,ʔɨn³⁵,ʔ,ɨn,³⁵,q,u,n
13956,㚄,ʈi³¹,ʈ,i,³¹,,,
13957,㚅,ljuŋ³³,lj,uŋ,³³,,,
13958,㚆,,,,,,,
13959,㚇,tsuŋ³¹,ts,uŋ,³¹,sk,o,̠ŋ
13960,㚈,,,,,,,
13961,㚉,,,,,,,
13962,㚊,kʰəi³³,kʰ,əi,³³,,,
13963,㚋,teu³³,t,eu,³³,,,
13964,㚌,,,,,,,
13965,㚍,kʰʷɨi³¹,kʰʷ,ɨi,³¹,,,
13966,㚎,,,,,,,
13967,㚏,,,,,,,
13968,㚐,,,,,,,
13969,㚑,,,,,,,
13970,㚒,ɕiᴇm³⁵,ɕ,iᴇm,³⁵,l̥,e,mʔ
13971,㚓,,,,,,,
13972,㚔,ɳiᴇp³̲³̲,ɳ,iᴇp̲̲,³,,,
13973,㚕,bɰit³̲³̲,bɰ,it̲̲,³,br,ɯ,d
13974,㚖,tɕʰiᴇk³̲³̲,tɕʰ,iᴇk̲̲,³,k,u,̠ʔ
13975,㚗,zjæ³³,zjæ,,³³,,,
13976,㚘,bʷɑn³⁵,bʷ,ɑn,³⁵,b,a,̠nʔ
13977,㚙,,,,,,,
13978,㚚,kʰʷɰæŋ³³,kʰʷɰæŋ,,³³,,,
13979,㚛,hei³¹,h,ei,³¹,,,
13980,㚜,hʷɨk³̲³̲,hʷ,ɨk̲̲,³,,,
13981,㚝,,,,,,,
13982,㚞,,,,,,,
13983,㚟,ʈʰjak³̲³̲,ʈʰj,ak̲̲,³,th,a,ɡ
13984,㚠,kʰɰiᴇu³³,kʰɰ,iᴇu,³³,,,
13985,㚡,,,,,,,
13986,㚢,mjʊ³⁵,mj,ʊ,³⁵,,,
13987,㚣,kɰæu³⁵,kɰæ,u,³⁵,,,
13988,㚤,jɨk³̲³̲,j,ɨk̲̲,³,l,ɯ,ɡ
13989,㚥,,,,,,,
13990,㚦,,,,,,,
13991,㚧,ŋjam³⁵,ŋj,am,³⁵,,,
13992,㚨,ʂɪn³³,ʂ,ɪn,³³,,,
13993,㚩,ȵiᴇm³⁵,ȵ,iᴇm,³⁵,n,e,̠mʔ
13994,㚪,hɑu³¹,h,ɑu,³¹,,,
13995,㚫,səp³̲³̲,s,əp̲̲,³,,,
13996,㚬,kʷin³³,kʷ,in,³³,,,
13997,㚭,ɦʲɨu³³,ɦʲ,ɨu,³³,,,
13998,㚮,,,,,,,
13999,㚯,,,,,,,
14000,㚰,pʰu̯oi³³,pʰ,u̯oi,³³,,,
14001,㚱,kʰɨu³³,kʰ,ɨu,³³,,,
14002,㚲,tem³⁵,t,em,³⁵,khlj,e,b
14003,㚳,,,,,,,
14004,㚴,pʰu̯o³¹,pʰ,u̯o,³¹,,,
14005,㚵,tu̯oŋ³³,t,u̯oŋ,³³,,,
14006,㚶,jɨ³³,j,ɨ,³³,,,
14007,㚷,ɳɰɛ³⁵,ɳɰ,ɛ,³⁵,,,
14008,㚸,sɨ³³,s,ɨ,³³,,,
14009,㚹,lɨu³⁵,l,ɨu,³⁵,,,
14010,㚺,,,,,,,
14011,㚻,,,,,,,
14012,㚼,,,,,,,
14013,㚽,kʰɰæu³⁵,kʰɰæ,u,³⁵,,,
14014,㚾,,,,,,,
14015,㚿,,,,,,,
14016,㛀,,,,,,,
14017,㛁,pʰɰɛŋ³³,pʰɰ,ɛŋ,³³,,,
14018,㛂,ŋʷɑ³⁵,ŋʷ,ɑ,³⁵,,,
14019,㛃,ket³̲³̲,k,et̲̲,³,,,
14020,㛄,ʔɨi³³,ʔ,ɨi,³³,q,ɯ,l
14021,㛅,ȵɨ³¹,ȵ,ɨ,³¹,mlj,ɯ,s
14022,㛆,tʷɑ³¹,tʷ,ɑ,³¹,t,o,̠ls
14023,㛇,,,,,,,
14024,㛈,,,,,,,
14025,㛉,,,,,,,
14026,㛊,,,,,t,o,̠ls
14027,㛋,,,,,,,
14028,㛌,,,,,,,
14029,㛍,kʰep³̲³̲,kʰ,ep̲̲,³,qh,e,̠b
14030,㛎,ljɤ³⁵,lj,ɤ,³⁵,,,
14031,㛏,ɡɨu³³,ɡ,ɨu,³³,,,
14032,㛐,sɑu³⁵,s,ɑu,³⁵,,,
14033,㛑,tsʰɑn³¹,tsʰ,ɑn,³¹,,,
14034,㛒,tu³¹,t,u,³¹,,,
14035,㛓,hɨi³³,h,ɨi,³³,,,
14036,㛔,buŋ³³,b,uŋ,³³,,,
14037,㛕,ʔɰip³̲³̲,ʔɰ,ip̲̲,³,,,
14038,㛖,sʷɑ³³,sʷ,ɑ,³³,,,
14039,㛗,sʷɑ³³,sʷ,ɑ,³³,z,o,̠l
14040,㛘,pʰu̯ot³̲³̲,pʰ,u̯ot̲̲,³,,,
14041,㛙,sin³³,s,in,³³,,,
14042,㛚,jʊŋ³⁵,j,ʊŋ,³⁵,,,
14043,㛛,,,,,,,
14044,㛜,jɨu³³,j,ɨu,³³,,,
14045,㛝,pɑi³¹,p,ɑi,³¹,,,
14046,㛞,luŋ³¹,l,uŋ,³¹,,,
14047,㛟,,,,,,,
14048,㛠,,,,,,,
14049,㛡,,,,,,,
14050,㛢,,,,,,,
14051,㛣,,,,,,,
14052,㛤,,,,,,,
14053,㛥,dəp³̲³̲,d,əp̲̲,³,th,u,̠b
14054,㛦,ləm³⁵,l,əm,³⁵,,,
14055,㛧,mɑm³⁵,m,ɑm,³⁵,,,
14056,㛨,,,,,,,
14057,㛩,ɖjuk³̲³̲,ɖj,uk̲̲,³,,,
14058,㛪,ʔɰiᴇm³¹,ʔɰ,iᴇm,³¹,q,o,ms
14059,㛫,sek³̲³̲,s,ek̲̲,³,,,
14060,㛬,ljuk³̲³̲,lj,uk̲̲,³,,,
14061,㛭,siᴇk³̲³̲,s,iᴇk̲̲,³,,,
14062,㛮,sɑu³⁵,s,ɑu,³⁵,sl,u,̠ʔ
14063,㛯,,,,,m̥,o,ns
14064,㛰,hu̯on³³,h,u̯on,³³,,,
14065,㛱,ʔu̯oi³⁵,ʔ,u̯oi,³⁵,,,
14066,㛲,,,,,,,
14067,㛳,tɕiᴇi³¹,tɕ,iᴇi,³¹,,,
14068,㛴,nɑu³⁵,n,ɑu,³⁵,n,u,̠ʔ
14069,㛵,tɕʰɨŋ³³,tɕʰ,ɨŋ,³³,,,
14070,㛶,tʰɑn³¹,tʰ,ɑn,³¹,,,
14071,㛷,kei³³,k,ei,³³,,,
14072,㛸,,,,,,,
14073,㛹,biᴇn³³,b,iᴇn,³³,,,
14074,㛺,ʔəm³³,ʔ,əm,³³,,,
14075,㛻,kʰʷɰɛ³³,kʰʷɰ,ɛ,³³,,,
14076,㛼,ʑɰɛp³̲³̲,ʑɰ,ɛp̲̲,³,skhr,e,̠b
14077,㛽,,,,,,,
14078,㛾,,,,,,,
14079,㛿,,,,,,,
14080,㜀,,,,,,,
14081,㜁,,,,,,,
14082,㜂,pjʊŋ³³,pj,ʊŋ,³³,,,
14083,㜃,,,,,,,
14084,㜄,,,,,,,
14085,㜅,hjuk³̲³̲,hj,uk̲̲,³,qh,u,ɡ
14086,㜆,mei³¹,m,ei,³¹,,,
14087,㜇,ʔiᴇp³̲³̲,ʔ,iᴇp̲̲,³,qʷ,e,s
14088,㜈,muk³̲³̲,m,uk̲̲,³,,,
14089,㜉,,,,,,,
14090,㜊,ʈiᴇn³⁵,ʈ,iᴇn,³⁵,,,
14091,㜋,ʔiᴇk³̲³̲,ʔ,iᴇk̲̲,³,,,
14092,㜌,ku³¹,k,u,³¹,,,
14093,㜍,dɑŋ³³,d,ɑŋ,³³,,,
14094,㜎,ɦei³³,ɦ,ei,³³,ɡ,e,̠
14095,㜏,,,,,,,
14096,㜐,dʑjʊ³¹,dʑj,ʊ,³¹,,,
14097,㜑,,,,,,,
14098,㜒,ŋei³¹,ŋ,ei,³¹,,,
14099,㜓,təp³̲³̲,t,əp̲̲,³,,,
14100,㜔,,,,,,,
14101,㜕,liᴇn³³,l,iᴇn,³³,,,
14102,㜖,dzɑu³³,dz,ɑu,³³,,,
14103,㜗,ʂim³³,ʂ,im,³³,sh,u,̠mʔ
14104,㜘,tsjʊ³¹,tsj,ʊ,³¹,sk,a,
14105,㜙,luk³̲³̲,l,uk̲̲,³,,,
14106,㜚,,,,,,,
14107,㜛,,,,,,,
14108,㜜,ŋɑu³¹,ŋ,ɑu,³¹,,,
14109,㜝,ʔəm³⁵,ʔ,əm,³⁵,ŋɡ,ɯ,̠mʔ
14110,㜞,dzɑm³³,dz,ɑm,³³,,,
14111,㜟,,,,,,,
14112,㜠,tsʰu̯oi³³,tsʰ,u̯oi,³³,,,
14113,㜡,,,,,,,
14114,㜢,ljʊ³⁵,lj,ʊ,³⁵,,,
14115,㜣,ȵiᴇn³³,ȵ,iᴇn,³³,n,e,̠ns
14116,㜤,ɕim³⁵,ɕ,im,³⁵,mɡl,ɯ,̠mʔ
14117,㜥,mɰɛ³³,mɰ,ɛ,³³,,,
14118,㜦,zim³³,z,im,³³,,,
14119,㜧,,,,,,,
14120,㜨,ɳɰɛi³³,ɳɰ,ɛi,³³,,,
14121,㜩,ʔɑu³¹,ʔ,ɑu,³¹,,,
14122,㜪,ʂɪn³³,ʂ,ɪn,³³,sr,i,ŋ
14123,㜫,,,,,,,
14124,㜬,,,,,,,
14125,㜭,,,,,,,
14126,㜮,lɑm³¹,l,ɑm,³¹,ɡ,ə,r
14127,㜯,hɨ³³,h,ɨ,³³,,,
14128,㜰,jak³̲³̲,j,ak̲̲,³,,,
14129,㜱,tɕit³̲³̲,tɕ,it̲̲,³,,,
14130,㜲,jiᴇŋ³³,j,iᴇŋ,³³,l,e,ŋ
14131,㜳,ɦʷɰɛi³³,ɦʷɰ,ɛi,³³,,,
14132,㜴,,,,,,,
14133,㜵,neu³⁵,n,eu,³⁵,,,
14134,㜶,,,,,,,
14135,㜷,miᴇ³³,m,iᴇ,³³,,,
14136,㜸,ŋʷɰiᴇt³̲³̲,ŋʷɰ,iᴇt̲̲,³,ŋɡr,e,d
14137,㜹,ʔu³³,ʔ,u,³³,,,
14138,㜺,,,,,s,a,̠ns
14139,㜻,lʷiᴇn³¹,lʷ,iᴇn,³¹,,,
14140,㜼,det³̲³̲,d,et̲̲,³,,,
14141,㜽,tsɨ³⁵,ts,ɨ,³⁵,,,
14142,㜾,ɦəi³³,ɦ,əi,³³,,,
14143,㜿,zjɤ³⁵,zj,ɤ,³⁵,,,
14144,㝀,,,,,,,
14145,㝁,hʷen³³,hʷ,en,³³,,,
14146,㝂,tɕiᴇi³¹,tɕ,iᴇi,³¹,,,
14147,㝃,mɰiᴇn³⁵,mɰ,iᴇn,³⁵,mr,o,nʔ
14148,㝄,dʑʷin³³,dʑʷ,in,³³,,,
14149,㝅,ku³¹,k,u,³¹,k,o,̠ɡs
14150,㝆,,,,,,,
14151,㝇,,,,,,,
14152,㝈,ʂʷiᴇn³¹,ʂʷ,iᴇn,³¹,,,
14153,㝉,ɖjɤ³³,ɖj,ɤ,³³,,,
14154,㝊,,,,,,,
14155,㝋,,,,,,,
14156,㝌,jɨu³⁵,j,ɨu,³⁵,kʷl,ɯ,s
14157,㝍,,,,,,,
14158,㝎,,,,,,,
14159,㝏,kɰɛi³¹,kɰ,ɛi,³¹,,,
14160,㝐,jʊŋ³³,j,ʊŋ,³³,,,
14161,㝑,bɑŋ³³,b,ɑŋ,³³,,,
14162,㝒,,,,,,,
14163,㝓,kʰəp³̲³̲,kʰ,əp̲̲,³,,,
14164,㝔,ʔeu³⁵,ʔ,eu,³⁵,q,e,̠ws
14165,㝕,,,,,,,
14166,㝖,ŋɰiᴇ³³,ŋɰ,iᴇ,³³,,,
14167,㝗,lɑŋ³¹,l,ɑŋ,³¹,r,a,̠ŋ
14168,㝘,,,,,,,
14169,㝙,jin³³,j,in,³³,,,
14170,㝚,,,,,,,
14171,㝛,,,,,,,
14172,㝜,siᴇk³̲³̲,s,iᴇk̲̲,³,,,
14173,㝝,lim³³,l,im,³³,,,
14174,㝞,ʔɰæ³³,ʔɰæ,,³³,,,
14175,㝟,,,,,,,
14176,㝠,,,,,,,
14177,㝡,,,,,sk,o,̠ds
14178,㝢,ɦʲjʊ³⁵,ɦʲj,ʊ,³⁵,ɢʷ,a,ʔ
14179,㝣,kʰet³̲³̲,kʰ,et̲̲,³,q,e,̠ds
14180,㝤,ku³³,k,u,³³,,,
14181,㝥,mei³⁵,m,ei,³⁵,m,i,̠ʔ
14182,㝦,,,,,,,
14183,㝧,,,,,,,
14184,㝨,,,,,,,
14185,㝩,kʰɑŋ³⁵,kʰ,ɑŋ,³⁵,khl,a,̠ŋ
14186,㝪,tem³¹,t,em,³¹,,,
14187,㝫,,,,,,,
14188,㝬,,,,,,,
14189,㝭,,,,,,,
14190,㝮,,,,,shr,o,̠ds
14191,㝯,ɡɰiᴇu³³,ɡɰ,iᴇu,³³,,,
14192,㝰,men³³,m,en,³³,,,
14193,㝱,ȵjɤ³³,ȵj,ɤ,³³,m,ɯ,ŋs
14194,㝲,tsʰim³⁵,tsʰ,im,³⁵,skh,i,mʔ
14195,㝳,,,,,,,
14196,㝴,ŋʷɑn³³,ŋʷ,ɑn,³³,,,
14197,㝵,ŋəi³¹,ŋ,əi,³¹,t,ɯ,̠ɡ
14198,㝶,tək³̲³̲,t,ək̲̲,³,,,
14199,㝷,,,,,,,
14200,㝸,bɰiᴇn³¹,bɰ,iᴇn,³¹,,,
14201,㝹,nu³³,n,u,³³,,,
14202,㝺,lem³³,l,em,³³,,,
14203,㝻,ɡɨn³¹,ɡ,ɨn,³¹,,,
14204,㝼,ʔjʊ³³,ʔj,ʊ,³³,qʷ,a,
14205,㝽,,,,,,,
14206,㝾,tsɑ³¹,ts,ɑ,³¹,s,a,̠ls
14207,㝿,pʷɑ³³,pʷ,ɑ,³³,p,a,̠lʔ
14208,㞀,,,,,,,
14209,㞁,jiᴇu³¹,j,iᴇu,³¹,,,
14210,㞂,nu̯oi³⁵,n,u̯oi,³⁵,,,
14211,㞃,,,,,,,
14212,㞄,ʔəm³⁵,ʔ,əm,³⁵,,,
14213,㞅,lʷɑ³¹,lʷ,ɑ,³¹,,,
14214,㞆,kɰiᴇ³⁵,kɰ,iᴇ,³⁵,,,
14215,㞇,ʔu̯oi³⁵,ʔ,u̯oi,³⁵,,,
14216,㞈,pʷɑt³̲³̲,pʷ,ɑt̲̲,³,,,
14217,㞉,tsɑt³̲³̲,ts,ɑt̲̲,³,,,
14218,㞊,,,,,,,
14219,㞋,ɳiᴇn³⁵,ɳ,iᴇn,³⁵,,,
14220,㞌,,,,,,,
14221,㞍,,,,,,,
14222,㞎,,,,,,,
14223,㞏,ɖip³̲³̲,ɖ,ip̲̲,³,b,u,b
14224,㞐,kjɤ³³,kj,ɤ,³³,k,a,
14225,㞑,mʷɨi³⁵,mʷ,ɨi,³⁵,,,
14226,㞒,hɰi³¹,hɰ,i,³¹,qphr,i,̠ds
14227,㞓,kei³¹,k,ei,³¹,kh,i,s
14228,㞔,ɕiᴇ³⁵,ɕ,iᴇ,³⁵,,,
14229,㞕,set³̲³̲,s,et̲̲,³,spl,u,̠d
14230,㞖,tsʰiᴇ³¹,tsʰ,iᴇ,³¹,,,
14231,㞗,,,,,,,
14232,㞘,tuk³̲³̲,t,uk̲̲,³,,,
14233,㞙,neu³¹,n,eu,³¹,,,
14234,㞚,tʂʰɰɛp³̲³̲,tʂʰɰ,ɛp̲̲,³,skhr,e,̠b
14235,㞛,kɰi³⁵,kɰ,i,³⁵,,,
14236,㞜,tsu̯oi³³,ts,u̯oi,³³,,,
14237,㞝,,,,,,,
14238,㞞,,,,,,,
14239,㞟,deŋ³³,d,eŋ,³³,d,i,̠ŋs
14240,㞠,,,,,,,
14241,㞡,ʈiᴇn³⁵,ʈ,iᴇn,³⁵,,,
14242,㞢,tɕɨ³³,tɕ,ɨ,³³,,,
14243,㞣,pʰjun³³,pʰj,un,³³,ph,ɯ,n
14244,㞤,,,,,,,
14245,㞥,dʐim³³,dʐ,im,³³,sɡr,ɯ,m
14246,㞦,kɰi³⁵,kɰ,i,³⁵,k,i,lʔ
14247,㞧,ɦʷɑi³¹,ɦʷ,ɑi,³¹,,,
14248,㞨,,,,,,,
14249,㞩,,,,,,,
14250,㞪,,,,,,,
14251,㞫,,,,,,,
14252,㞬,,,,,,,
14253,㞭,,,,,,,
14254,㞮,,,,,,,
14255,㞯,ŋjʊ³³,ŋj,ʊ,³³,,,
14256,㞰,hjɤ³⁵,hj,ɤ,³⁵,,,
14257,㞱,,,,,,,
14258,㞲,,,,,,,
14259,㞳,tu³⁵,t,u,³⁵,,,
14260,㞴,,,,,,,
14261,㞵,tʰɑu³³,tʰ,ɑu,³³,,,
14262,㞶,,,,,,,
14263,㞷,ɡʷjaŋ³³,ɡʷj,aŋ,³³,ɡʷ,a,ŋ
14264,㞸,,,,,,,
14265,㞹,,,,,,,
14266,㞺,,,,,,,
14267,㞻,ɦɑu³⁵,ɦ,ɑu,³⁵,,,
14268,㞼,dʑɨŋ³³,dʑ,ɨŋ,³³,,,
14269,㞽,hʷjɤt³̲³̲,hʷj,ɤt̲̲,³,,,
14270,㞾,ɳi³³,ɳ,i,³³,,,
14271,㞿,,,,,,,
14272,㟀,,,,,,,
14273,㟁,,,,,,,
14274,㟂,,,,,,,
14275,㟃,,,,,,,
14276,㟄,zjaŋ³³,zj,aŋ,³³,,,
14277,㟅,ŋuŋ³³,ŋ,uŋ,³³,ŋɡ,o,̠ŋ
14278,㟆,,,,,,,
14279,㟇,dzʷɑ³³,dzʷ,ɑ,³³,,,
14280,㟈,ɡɨu³³,ɡ,ɨu,³³,,,
14281,㟉,lɑu³³,l,ɑu,³³,,,
14282,㟊,bɨu³³,b,ɨu,³³,,,
14283,㟋,dʷɑi³¹,dʷ,ɑi,³¹,ɡ‧l,o,̠ds
14284,㟌,mɰɔŋ³³,mɰɔŋ,,³³,,,
14285,㟍,lɑŋ³³,l,ɑŋ,³³,,,
14286,㟎,tʰu̯oi³⁵,tʰ,u̯oi,³⁵,kh‧l,u,̠lʔ
14287,㟏,həm³³,h,əm,³³,,,
14288,㟐,mɑŋ³⁵,m,ɑŋ,³⁵,m,a,̠ŋʔ
14289,㟑,,,,,,,
14290,㟒,ɡjun³³,ɡj,un,³³,,,
14291,㟓,,,,,,,
14292,㟔,,,,,,,
14293,㟕,,,,,,,
14294,㟖,,,,,,,
14295,㟗,pɰin³³,pɰ,in,³³,,,
14296,㟘,deu³³,d,eu,³³,,,
14297,㟙,ʑɰæk³̲³̲,ʑɰæk̲̲,,³,,,
14298,㟚,ɡɰiᴇ³³,ɡɰ,iᴇ,³³,,,
14299,㟛,dzɑm³⁵,dz,ɑm,³⁵,,,
14300,㟜,miᴇ³³,m,iᴇ,³³,,,
14301,㟝,bu³⁵,b,u,³⁵,,,
14302,㟞,tʂɰɛn³⁵,tʂɰ,ɛn,³⁵,,,
14303,㟟,,,,,,,
14304,㟠,,,,,,,
14305,㟡,,,,,,,
14306,㟢,,,,,,,
14307,㟣,,,,,,,
14308,㟤,,,,,,,
14309,㟥,,,,,,,
14310,㟦,,,,,,,
14311,㟧,,,,,,,
14312,㟨,tʷɑn³³,tʷ,ɑn,³³,,,
14313,㟩,mɰin³³,mɰ,in,³³,,,
14314,㟪,ʔu̯oi³³,ʔ,u̯oi,³³,q,u,l
14315,㟫,,,,,,,
14316,㟬,,,,,,,
14317,㟭,mɰin³³,mɰ,in,³³,,,
14318,㟮,,,,,d,u,̠d
14319,㟯,,,,,ŋɡr,a,̠ɡ
14320,㟰,meŋ³⁵,m,eŋ,³⁵,,,
14321,㟱,jiᴇu³⁵,j,iᴇu,³⁵,,,
14322,㟲,,,,,,,
14323,㟳,lit³̲³̲,l,it̲̲,³,,,
14324,㟴,kʰu̯oi³⁵,kʰ,u̯oi,³⁵,,,
14325,㟵,,,,,,,
14326,㟶,ŋʷjɤn³³,ŋʷj,ɤn,³³,,,
14327,㟷,,,,,,,
14328,㟸,kɑu³³,k,ɑu,³³,,,
14329,㟹,lɰæu³³,lɰæ,u,³³,,,
14330,㟺,ljʊ³³,lj,ʊ,³³,,,
14331,㟻,tsʰiᴇm³¹,tsʰ,iᴇm,³¹,,,
14332,㟼,ŋɑu³¹,ŋ,ɑu,³¹,ŋɡ,a,̠w
14333,㟽,piᴇu³⁵,p,iᴇu,³⁵,,,
14334,㟾,jʊŋ³³,j,ʊŋ,³³,,,
14335,㟿,mɑŋ³⁵,m,ɑŋ,³⁵,,,
14336,㠀,tɑu³⁵,t,ɑu,³⁵,t,u,̠ʔ
14337,㠁,,,,,,,
14338,㠂,,,,,,,
14339,㠃,,,,,,,
14340,㠄,,,,,,,
14341,㠅,pʰjuk³̲³̲,pʰj,uk̲̲,³,,,
14342,㠆,tei³³,t,ei,³³,,,
14343,㠇,dzɨu³¹,dz,ɨu,³¹,,,
14344,㠈,ȵʷin³¹,ȵʷ,in,³¹,,,
14345,㠉,duŋ³³,d,uŋ,³³,,,
14346,㠊,kʰjɤ³³,kʰj,ɤ,³³,,,
14347,㠋,,,,,,,
14348,㠌,,,,,,,
14349,㠍,tsip³̲³̲,ts,ip̲̲,³,,,
14350,㠎,dzip³̲³̲,dz,ip̲̲,³,sk,u,b
14351,㠏,,,,,,,
14352,㠐,ɡɰiᴇu³³,ɡɰ,iᴇu,³³,,,
14353,㠑,dzʷi³⁵,dzʷ,i,³⁵,z,u,̠lʔ
14354,㠒,piᴇu³³,p,iᴇu,³³,,,
14355,㠓,muŋ³³,m,uŋ,³³,,,
14356,㠔,pɰɛ³¹,pɰ,ɛ,³¹,,,
14357,㠕,ɦʲʷɨi³⁵,ɦʲʷ,ɨi,³⁵,,,
14358,㠖,ŋɰiᴇ³⁵,ŋɰ,iᴇ,³⁵,,,
14359,㠗,,,,,,,
14360,㠘,,,,,,,
14361,㠙,ɦɑu³³,ɦ,ɑu,³³,,,
14362,㠚,du̯oi³¹,d,u̯oi,³¹,,,
14363,㠛,ʔʷɰæk³̲³̲,ʔʷɰæk̲̲,,³,,,
14364,㠜,,,,,,,
14365,㠝,,,,,,,
14366,㠞,,,,,,,
14367,㠟,,,,,,,
14368,㠠,ljɤ³³,lj,ɤ,³³,,,
14369,㠡,neu³⁵,n,eu,³⁵,,,
14370,㠢,ɦʷɰɛi³³,ɦʷɰ,ɛi,³³,,,
14371,㠣,,,,,,,
14372,㠤,,,,,,,
14373,㠥,lʷi³³,lʷ,i,³³,r,u,l
14374,㠦,pʰjuŋ³³,pʰj,uŋ,³³,,,
14375,㠧,mɰiᴇ³⁵,mɰ,iᴇ,³⁵,,,
14376,㠨,,,,,,,
14377,㠩,,,,,m̥h,a,̠ŋ
14378,㠪,,,,,,,
14379,㠫,,,,,,,
14380,㠬,,,,,,,
14381,㠭,ʈiᴇn³⁵,ʈ,iᴇn,³⁵,k‧l,e,nʔ
14382,㠮,,,,,,,
14383,㠯,jɨ³⁵,j,ɨ,³⁵,ɢl,ɯ,ʔ
14384,㠰,,,,,,,
14385,㠱,kʰɨ³⁵,kʰ,ɨ,³⁵,k,ɯ,ʔ
14386,㠲,pʰɰɛ³⁵,pʰɰ,ɛ,³⁵,p,i,lʔ
14387,㠳,,,,,,,
14388,㠴,ȵin³¹,ȵ,in,³¹,nj,i,d
14389,㠵,hʷɑŋ³³,hʷ,ɑŋ,³³,,,
14390,㠶,,,,,,,
14391,㠷,kəp³̲³̲,k,əp̲̲,³,k,ɯ,̠b
14392,㠸,pjʊ³³,pj,ʊ,³³,,,
14393,㠹,kɰɛi³¹,kɰ,ɛi,³¹,,,
14394,㠺,miᴇu³³,m,iᴇu,³³,,,
14395,㠻,,,,,,,
14396,㠼,,,,,,,
14397,㠽,,,,,,,
14398,㠾,,,,,q,o,n
14399,㠿,tsiᴇ³³,ts,iᴇ,³³,s,e,
14400,㡀,biᴇi³¹,b,iᴇi,³¹,b,e,ds
14401,㡁,kʰʷɰæ³⁵,kʰʷɰæ,,³⁵,,,
14402,㡂,,,,,,,
14403,㡃,,,,,,,
14404,㡄,zʷin³³,zʷ,in,³³,sqhʷ,i,n
14405,㡅,nɑ³⁵,n,ɑ,³⁵,,,
14406,㡆,mɑŋ³³,m,ɑŋ,³³,m̥h,a,̠ŋ
14407,㡇,tsiᴇp³̲³̲,ts,iᴇp̲̲,³,k‧l,e,b
14408,㡈,mɰiᴇn³⁵,mɰ,iᴇn,³⁵,,,
14409,㡉,ken³³,k,en,³³,k,i,̠n
14410,㡊,kʰɰɛp³̲³̲,kʰɰ,ɛp̲̲,³,,,
14411,㡋,ʔjap³̲³̲,ʔj,ap̲̲,³,q,o,m
14412,㡌,,,,,,,
14413,㡍,,,,,,,
14414,㡎,,,,,,,
14415,㡏,ʂjʊ³³,ʂj,ʊ,³³,sr,o,
14416,㡐,,,,,s,e,̠n
14417,㡑,tseu³⁵,ts,eu,³⁵,,,
14418,㡒,du̯on³⁵,d,u̯on,³⁵,k‧l,u,n
14419,㡓,ku̯on³³,k,u̯on,³³,k,u,̠n
14420,㡔,muk³̲³̲,m,uk̲̲,³,m,o,̠ɡ
14421,㡕,ʔɰjæŋ³³,ʔɰjæŋ,,³³,,,
14422,㡖,ɖjʊŋ³⁵,ɖj,ʊŋ,³⁵,,,
14423,㡗,siᴇ³³,s,iᴇ,³³,,,
14424,㡘,liᴇm³³,l,iᴇm,³³,ɡ,ə,r
14425,㡙,pei³³,p,ei,³³,,,
14426,㡚,ku³³,k,u,³³,k,o,̠
14427,㡛,hʷɑŋ³³,hʷ,ɑŋ,³³,,,
14428,㡜,ʂiᴇi³¹,ʂ,iᴇi,³¹,skl,e,d
14429,㡝,bjʊŋ³¹,bj,ʊŋ,³¹,,,
14430,㡞,lu³³,l,u,³³,,,
14431,㡟,tsɑu³³,ts,ɑu,³³,,,
14432,㡠,,,,,,,
14433,㡡,,,,,,,
14434,㡢,,,,,,,
14435,㡣,,,,,,,
14436,㡤,,,,,,,
14437,㡥,ʔɨn³¹,ʔ,ɨn,³¹,,,
14438,㡦,pʰin³³,pʰ,in,³³,,,
14439,㡧,ʈɰæŋ³¹,ʈɰæŋ,,³¹,,,
14440,㡨,tsiᴇm³³,ts,iᴇm,³³,s,e,m
14441,㡩,,,,,,,
14442,㡪,,,,,,,
14443,㡫,,,,,,,
14444,㡬,,,,,,,
14445,㡭,,,,,k,e,̠ɡs
14446,㡮,,,,,,,
14447,㡯,dɑk³̲³̲,d,ɑk̲̲,³,,,
14448,㡰,ɦʲjʊ³⁵,ɦʲj,ʊ,³⁵,,,
14449,㡱,,,,,,,
14450,㡲,ɦʷɰæn³³,ɦʷɰæn,,³³,ɡʷr,a,̠n
14451,㡳,,,,,,,
14452,㡴,ləp³̲³̲,l,əp̲̲,³,,,
14453,㡵,leŋ³³,l,eŋ,³³,,,
14454,㡶,,,,,,,
14455,㡷,pu̯on³⁵,p,u̯on,³⁵,,,
14456,㡸,dʐɰæ³³,dʐɰæ,,³³,,,
14457,㡹,tsʰiᴇ³¹,tsʰ,iᴇ,³¹,skh,e,s
14458,㡺,,,,,,,
14459,㡻,,,,,,,
14460,㡼,ji³¹,j,i,³¹,,,
14461,㡽,,,,,,,
14462,㡾,,,,,,,
14463,㡿,tɕʰiᴇk³̲³̲,tɕʰ,iᴇk̲̲,³,khj,a,ɡ
14464,㢀,tsʰiᴇ³¹,tsʰ,iᴇ,³¹,,,
14465,㢁,tɕʰiᴇ³⁵,tɕʰ,iᴇ,³⁵,,,
14466,㢂,ŋjam³⁵,ŋj,am,³⁵,,,
14467,㢃,lɑŋ³³,l,ɑŋ,³³,,,
14468,㢄,,,,,,,
14469,㢅,luŋ³¹,l,uŋ,³¹,,,
14470,㢆,ɖiᴇn³³,ɖ,iᴇn,³³,,,
14471,㢇,,,,,,,
14472,㢈,du̯oi³³,d,u̯oi,³³,ɡ‧l,u,̠l
14473,㢉,ʈɰæ³³,ʈɰæ,,³³,ɡ‧r,a,̠
14474,㢊,ʔɰɛ³⁵,ʔɰ,ɛ,³⁵,,,
14475,㢋,tɕʰiᴇ³⁵,tɕʰ,iᴇ,³⁵,khlj,a,lʔ
14476,㢌,,,,,,,
14477,㢍,ʔɰjæŋ³⁵,ʔɰjæŋ,,³⁵,,,
14478,㢎,tʂiᴇp³̲³̲,tʂ,iᴇp̲̲,³,,,
14479,㢏,jʊ³³,j,ʊ,³³,,,
14480,㢐,,,,,,,
14481,㢑,,,,,,,
14482,㢒,dʐɰæ³³,dʐɰæ,,³³,,,
14483,㢓,tɕjaŋ³³,tɕj,aŋ,³³,klj,a,ŋs
14484,㢔,tsuŋ³⁵,ts,uŋ,³⁵,,,
14485,㢕,,,,,,,
14486,㢖,pʷɑn³³,pʷ,ɑn,³³,,,
14487,㢗,kʰiᴇu³¹,kʰ,iᴇu,³¹,,,
14488,㢘,,,,,,,
14489,㢙,,,,,ɡr,ɯ,ns
14490,㢚,lu̯o³³,l,u̯o,³³,ɡ,ə,r
14491,㢛,,,,,,,
14492,㢜,,,,,,,
14493,㢝,su̯o³³,s,u̯o,³³,,,
14494,㢞,,,,,,,
14495,㢟,ʈʰiᴇn³⁵,ʈʰ,iᴇn,³⁵,kh‧l,a,n
14496,㢠,,,,,,,
14497,㢡,tsjaŋ³⁵,tsj,aŋ,³⁵,,,
14498,㢢,,,,,,,
14499,㢣,ɡɰjæŋ³³,ɡɰjæŋ,,³³,,,
14500,㢤,,,,,,,
14501,㢥,duŋ³¹,d,uŋ,³¹,,,
14502,㢦,kɑ³³,k,ɑ,³³,,,
14503,㢧,,,,,,,
14504,㢨,ɦɑn³¹,ɦ,ɑn,³¹,,,
14505,㢩,tek³̲³̲,t,ek̲̲,³,,,
14506,㢪,ʔu̯o³³,ʔ,u̯o,³³,,,
14507,㢫,,,,,,,
14508,㢬,ʔʷɰɛŋ³³,ʔʷɰ,ɛŋ,³³,,,
14509,㢭,,,,,,,
14510,㢮,ɕiᴇ³⁵,ɕ,iᴇ,³⁵,,,
14511,㢯,min³³,m,in,³³,,,
14512,㢰,bɰiᴇ³¹,bɰ,iᴇ,³¹,,,
14513,㢱,,,,,,,
14514,㢲,,,,,,,
14515,㢳,,,,,,,
14516,㢴,sei³³,s,ei,³³,,,
14517,㢵,hɰiᴇp³̲³̲,hɰ,iᴇp̲̲,³,,,
14518,㢶,,,,,,,
14519,㢷,,,,,,,
14520,㢸,bɰit³̲³̲,bɰ,it̲̲,³,,,
14521,㢹,,,,,,,
14522,㢺,,,,,,,
14523,㢻,ʔʷɰiᴇ³¹,ʔʷɰ,iᴇ,³¹,,,
14524,㢼,piᴇi³¹,p,iᴇi,³¹,,,
14525,㢽,ȵɨ³¹,ȵ,ɨ,³¹,,,
14526,㢾,kiᴇn³³,k,iᴇn,³³,,,
14527,㢿,,,,,,,
14528,㣀,,,,,,,
14529,㣁,bɰi³¹,bɰ,i,³¹,,,
14530,㣂,kɰɛk³̲³̲,kɰ,ɛk̲̲,³,,,
14531,㣃,juk³̲³̲,j,uk̲̲,³,,,
14532,㣄,,,,,,,
14533,㣅,tsəm³³,ts,əm,³³,,,
14534,㣆,,,,,,,
14535,㣇,ji³¹,j,i,³¹,l,i,s
14536,㣈,si³¹,s,i,³¹,l̥j,i,s
14537,㣉,kuŋ³³,k,uŋ,³³,,,
14538,㣊,,,,,,,
14539,㣋,,,,,,,
14540,㣌,ʂɰæm³¹,ʂɰæm,,³¹,,,
14541,㣍,,,,,,,
14542,㣎,mjuk³̲³̲,mj,uk̲̲,³,m,u,ɡ
14543,㣏,,,,,,,
14544,㣐,,,,,,,
14545,㣑,jʊŋ³³,j,ʊŋ,³³,,,
14546,㣒,tsʰəŋ³³,tsʰ,əŋ,³³,,,
14547,㣓,,,,,,,
14548,㣔,teŋ³³,t,eŋ,³³,,,
14549,㣕,,,,,,,
14550,㣖,,,,,,,
14551,㣗,,,,,,,
14552,㣘,ɡjʊ³³,ɡj,ʊ,³³,,,
14553,㣙,dek³̲³̲,d,ek̲̲,³,ɡ‧l,ɯ,̠wɡ
14554,㣚,tʰuŋ³⁵,tʰ,uŋ,³⁵,,,
14555,㣛,ɦʷɑi³¹,ɦʷ,ɑi,³¹,,,
14556,㣜,,,,,,,
14557,㣝,sjuŋ³³,sj,uŋ,³³,,,
14558,㣞,dʷɑt³̲³̲,dʷ,ɑt̲̲,³,,,
14559,㣟,hit³̲³̲,h,it̲̲,³,,,
14560,㣠,,,,,,,
14561,㣡,,,,,,,
14562,㣢,dei³³,d,ei,³³,,,
14563,㣣,ɕiᴇm³¹,ɕ,iᴇm,³¹,,,
14564,㣤,dziᴇn³⁵,dz,iᴇn,³⁵,z,e,nʔ
14565,㣥,,,,,ɡ‧l,ɯ,ʔ
14566,㣦,,,,,,,
14567,㣧,,,,,,,
14568,㣨,,,,,,,
14569,㣩,,,,,,,
14570,㣪,ɦʷɑn³⁵,ɦʷ,ɑn,³⁵,,,
14571,㣫,duŋ³⁵,d,uŋ,³⁵,klj,o,ŋʔ
14572,㣬,tsʰip³̲³̲,tsʰ,ip̲̲,³,,,
14573,㣭,tsuŋ³³,ts,uŋ,³³,,,
14574,㣮,,,,,,,
14575,㣯,set³̲³̲,s,et̲̲,³,,,
14576,㣰,sit³̲³̲,s,it̲̲,³,,,
14577,㣱,dʐɰɛk³̲³̲,dʐɰ,ɛk̲̲,³,,,
14578,㣲,,,,,,,
14579,㣳,,,,,,,
14580,㣴,,,,,,,
14581,㣵,tʰɑt³̲³̲,tʰ,ɑt̲̲,³,,,
14582,㣶,ʈɰɛn³³,ʈɰ,ɛn,³³,,,
14583,㣷,neŋ³¹,n,eŋ,³¹,,,
14584,㣸,,,,,,,
14585,㣹,,,,,,,
14586,㣺,,,,,,,
14587,㣻,ŋjai³¹,ŋj,ai,³¹,ŋ,a,ds
14588,㣼,ȵin³¹,ȵ,in,³¹,,,
14589,㣽,nu̯o³¹,n,u̯o,³¹,,,
14590,㣾,,,,,,,
14591,㣿,teu³⁵,t,eu,³⁵,p‧l,e,̠wɡ
14592,㤀,,,,,,,
14593,㤁,tʰem³⁵,tʰ,em,³⁵,l̥,ɯ,̠mʔ
14594,㤂,kip³̲³̲,k,ip̲̲,³,,,
14595,㤃,pʰʷjaŋ³³,pʰʷj,aŋ,³³,,,
14596,㤄,pʰʷjai³¹,pʰʷj,ai,³¹,ph,o,ds
14597,㤅,ʔəi³¹,ʔ,əi,³¹,q,ɯ,̠ds
14598,㤆,pʰʷjɤn³¹,pʰʷj,ɤn,³¹,,,
14599,㤇,ʔɑu³⁵,ʔ,ɑu,³⁵,,,
14600,㤈,,,,,,,
14601,㤉,ŋɰæ³¹,ŋɰæ,,³¹,khr,a,̠
14602,㤊,ɦɰæu³³,ɦɰæ,u,³³,,,
14603,㤋,,,,,ph,ɯ,n
14604,㤌,kɑm³³,k,ɑm,³³,,,
14605,㤍,kʰɰæu³³,kʰɰæ,u,³³,,,
14606,㤎,kɑ³³,k,ɑ,³³,,,
14607,㤏,tʰu̯oŋ³³,tʰ,u̯oŋ,³³,,,
14608,㤐,ʈʰiᴇm³³,ʈʰ,iᴇm,³³,,,
14609,㤑,,,,,,,
14610,㤒,kɑu³³,k,ɑu,³³,,,
14611,㤓,bu̯on³⁵,b,u̯on,³⁵,,,
14612,㤔,bjʊ³¹,bj,ʊ,³¹,,,
14613,㤕,tu̯ot³̲³̲,t,u̯ot̲̲,³,k‧l,u,d
14614,㤖,ɖjɤ³⁵,ɖj,ɤ,³⁵,,,
14615,㤗,,,,,,,
14616,㤘,tʂʰɰæu³⁵,tʂʰɰæ,u,³⁵,,,
14617,㤙,,,,,,,
14618,㤚,ɦɑŋ³³,ɦ,ɑŋ,³³,,,
14619,㤛,,,,,,,
14620,㤜,,,,,,,
14621,㤝,tɕʰjuŋ³³,tɕʰj,uŋ,³³,,,
14622,㤞,dɑk³̲³̲,d,ɑk̲̲,³,,,
14623,㤟,kʰjʊŋ³⁵,kʰj,ʊŋ,³⁵,,,
14624,㤠,liᴇt³̲³̲,l,iᴇt̲̲,³,,,
14625,㤡,liᴇi³¹,l,iᴇi,³¹,,,
14626,㤢,ʔjuk³̲³̲,ʔj,uk̲̲,³,,,
14627,㤣,,,,,,,
14628,㤤,jʊ³⁵,j,ʊ,³⁵,,,
14629,㤥,ɦəi³¹,ɦ,əi,³¹,ɡ,ɯ,̠s
14630,㤦,lɨ³¹,l,ɨ,³¹,,,
14631,㤧,ɦu³³,ɦ,u,³³,,,
14632,㤨,kjʊŋ³⁵,kj,ʊŋ,³⁵,kl,o,ŋʔ
14633,㤩,kʰɑk³̲³̲,kʰ,ɑk̲̲,³,,,
14634,㤪,,,,,,,
14635,㤫,,,,,,,
14636,㤬,,,,,,,
14637,㤭,,,,,,,
14638,㤮,ɦʲʷjaŋ³¹,ɦʲʷj,aŋ,³¹,kʷ,a,ŋs
14639,㤯,,,,,,,
14640,㤰,dzɑk³̲³̲,dz,ɑk̲̲,³,,,
14641,㤱,pʰɨu³⁵,pʰ,ɨu,³⁵,,,
14642,㤲,kʰep³̲³̲,kʰ,ep̲̲,³,kh,e,̠b
14643,㤳,pəi³⁵,p,əi,³⁵,,,
14644,㤴,ʈʰiᴇp³̲³̲,ʈʰ,iᴇp̲̲,³,,,
14645,㤵,dzɨ³³,dz,ɨ,³³,,,
14646,㤶,mɰɔŋ³³,mɰɔŋ,,³³,,,
14647,㤷,həm³³,h,əm,³³,,,
14648,㤸,hek³̲³̲,h,ek̲̲,³,,,
14649,㤹,ɡɨu³³,ɡ,ɨu,³³,,,
14650,㤺,hʷɑŋ³³,hʷ,ɑŋ,³³,,,
14651,㤻,lʷɑn³⁵,lʷ,ɑn,³⁵,,,
14652,㤼,,,,,,,
14653,㤽,,,,,,,
14654,㤾,səm³¹,s,əm,³¹,,,
14655,㤿,ʔɰiᴇm³¹,ʔɰ,iᴇm,³¹,q,o,m
14656,㥀,,,,,,,
14657,㥁,tək³̲³̲,t,ək̲̲,³,,,
14658,㥂,tʰək³̲³̲,tʰ,ək̲̲,³,,,
14659,㥃,,,,,,,
14660,㥄,lɨŋ³³,l,ɨŋ,³³,b,ə,r
14661,㥅,dʑɨu³⁵,dʑ,ɨu,³⁵,,,
14662,㥆,dəi³¹,d,əi,³¹,l̥,ɯ,̠d
14663,㥇,dzɑn³³,dz,ɑn,³³,,,
14664,㥈,dep³̲³̲,d,ep̲̲,³,,,
14665,㥉,pʰɨu³⁵,pʰ,ɨu,³⁵,,,
14666,㥊,bɰɛŋ³³,bɰ,ɛŋ,³³,,,
14667,㥋,ʔɨi³³,ʔ,ɨi,³³,q,ɯ,lʔ
14668,㥌,kjuk³̲³̲,kj,uk̲̲,³,,,
14669,㥍,ɡɨ³³,ɡ,ɨ,³³,,,
14670,㥎,li³³,l,i,³³,,,
14671,㥏,tʰen³⁵,tʰ,en,³⁵,th,ɯ,̠nʔ
14672,㥐,,,,,,,
14673,㥑,ʔu³³,ʔ,u,³³,ql,u,
14674,㥒,tsʰəi³⁵,tsʰ,əi,³⁵,sh,ɯ,̠ʔ
14675,㥓,kʰɰiᴇ³⁵,kʰɰ,iᴇ,³⁵,,,
14676,㥔,juk³̲³̲,j,uk̲̲,³,,,
14677,㥕,,,,,,,
14678,㥖,,,,,,,
14679,㥗,,,,,,,
14680,㥘,,,,,,,
14681,㥙,,,,,,,
14682,㥚,jʊ³⁵,j,ʊ,³⁵,,,
14683,㥛,kʰɰɛk³̲³̲,kʰɰ,ɛk̲̲,³,k,ɯ,ɡ
14684,㥜,ɦʲʷɨi³¹,ɦʲʷ,ɨi,³¹,ɢr,u,ds
14685,㥝,miᴇ³⁵,m,iᴇ,³⁵,ml,e,lʔ
14686,㥞,sʷi³¹,sʷ,i,³¹,lj,u,ds
14687,㥟,,,,,ɡr,o,̠l
14688,㥠,sjɤ³⁵,sj,ɤ,³⁵,sŋ,a,ʔ
14689,㥡,ʈʰi³¹,ʈʰ,i,³¹,,,
14690,㥢,dzɨu³³,dz,ɨu,³³,,,
14691,㥣,,,,,,,
14692,㥤,,,,,,,
14693,㥥,ŋjʊ³³,ŋj,ʊ,³³,ŋ,o,
14694,㥦,kʰep³̲³̲,kʰ,ep̲̲,³,kh,e,̠b
14695,㥧,dʑʷin³¹,dʑʷ,in,³¹,,,
14696,㥨,dʑʷiᴇ³⁵,dʑʷ,iᴇ,³⁵,,,
14697,㥩,,,,,,,
14698,㥪,,,,,,,
14699,㥫,,,,,,,
14700,㥬,bɑŋ³³,b,ɑŋ,³³,,,
14701,㥭,tʰɑi³¹,tʰ,ɑi,³¹,,,
14702,㥮,tʂʰɰæu³⁵,tʂʰɰæ,u,³⁵,,,
14703,㥯,ʔɨn³⁵,ʔ,ɨn,³⁵,q,ɯ,ns
14704,㥰,sɑu³³,s,ɑu,³³,,,
14705,㥱,pʰʷɨi³⁵,pʰʷ,ɨi,³⁵,,,
14706,㥲,tɕʰin³³,tɕʰ,in,³³,,,
14707,㥳,ŋʷjɤn³³,ŋʷj,ɤn,³³,,,
14708,㥴,ɕiᴇ³⁵,ɕ,iᴇ,³⁵,l,e,ʔ
14709,㥵,,,,,,,
14710,㥶,kʰɰiᴇn³³,kʰɰ,iᴇn,³³,sqh,ɯ,̠ɡ
14711,㥷,ʔei³¹,ʔ,ei,³¹,,,
14712,㥸,,,,,,,
14713,㥹,,,,,,,
14714,㥺,,,,,,,
14715,㥻,,,,,,,
14716,㥼,ʔɨn³¹,ʔ,ɨn,³¹,,,
14717,㥽,tʂɰɛk³̲³̲,tʂɰ,ɛk̲̲,³,,,
14718,㥾,ɳit³̲³̲,ɳ,it̲̲,³,,,
14719,㥿,,,,,,,
14720,㦀,,,,,,,
14721,㦁,ʈʰiᴇn³³,ʈʰ,iᴇn,³³,b,ə,r
14722,㦂,dʑjaŋ³³,dʑj,aŋ,³³,,,
14723,㦃,ʂɰɛn³⁵,ʂɰ,ɛn,³⁵,,,
14724,㦄,mɰæ³³,mɰæ,,³³,,,
14725,㦅,ʈʰɰæi³¹,ʈʰɰæ,i,³¹,,,
14726,㦆,hu̯o³³,h,u̯o,³³,,,
14727,㦇,luk³̲³̲,l,uk̲̲,³,,,
14728,㦈,,,,,,,
14729,㦉,ʔɰi³¹,ʔɰ,i,³¹,,,
14730,㦊,ɦʷɰæ³³,ɦʷɰæ,,³³,,,
14731,㦋,ʈɰæ³³,ʈɰæ,,³³,,,
14732,㦌,hu̯ot³̲³̲,h,u̯ot̲̲,³,qh,u,̠d
14733,㦍,ŋu̯o³¹,ŋ,u̯o,³¹,,,
14734,㦎,hʷɰɛk³̲³̲,hʷɰ,ɛk̲̲,³,qhʷr,e,̠ɡ
14735,㦏,ɕɰiᴇn³⁵,ɕɰ,iᴇn,³⁵,,,
14736,㦐,ɳi³¹,ɳ,i,³¹,,,
14737,㦑,hɰæm³¹,hɰæm,,³¹,,,
14738,㦒,lei³¹,l,ei,³¹,,,
14739,㦓,hen³⁵,h,en,³⁵,,,
14740,㦔,ʔiᴇm³³,ʔ,iᴇm,³³,,,
14741,㦕,,,,,,,
14742,㦖,mu̯on³⁵,m,u̯on,³⁵,,,
14743,㦗,kɰim³³,kɰ,im,³³,,,
14744,㦘,,,,,,,
14745,㦙,,,,,,,
14746,㦚,piᴇn³⁵,p,iᴇn,³⁵,,,
14747,㦛,jɤ³³,j,ɤ,³³,ɢl,a,ʔ
14748,㦜,hʷjak³̲³̲,hʷj,ak̲̲,³,,,
14749,㦝,mɰɔk³̲³̲,mɰɔk̲̲,,³,,,
14750,㦞,,,,,,,
14751,㦟,mɰɛ³³,mɰ,ɛ,³³,mr,ɯ,̠
14752,㦠,,,,,,,
14753,㦡,lɑk³̲³̲,l,ɑk̲̲,³,,,
14754,㦢,tset³̲³̲,ts,et̲̲,³,,,
14755,㦣,ɦʲʷiᴇi³¹,ɦʲʷ,iᴇi,³¹,ɢʷ,a,ds
14756,㦤,,,,,,,
14757,㦥,hjɤn³⁵,hj,ɤn,³⁵,,,
14758,㦦,hɰæk³̲³̲,hɰæk̲̲,,³,,,
14759,㦧,tsʰəm³⁵,tsʰ,əm,³⁵,,,
14760,㦨,,,,,,,
14761,㦩,,,,,,,
14762,㦪,sep³̲³̲,s,ep̲̲,³,,,
14763,㦫,tsɑt³̲³̲,ts,ɑt̲̲,³,,,
14764,㦬,lɑ³⁵,l,ɑ,³⁵,,,
14765,㦭,leŋ³³,l,eŋ,³³,,,
14766,㦮,,,,,,,
14767,㦯,,,,,,,
14768,㦰,tsiᴇm³³,ts,iᴇm,³³,s,e,m
14769,㦱,,,,,,,
14770,㦲,,,,,,,
14771,㦳,,,,,,,
14772,㦴,kʷɰæk³̲³̲,kʷɰæk̲̲,,³,,,
14773,㦵,ʈjʊ³³,ʈj,ʊ,³³,,,
14774,㦶,,,,,,,
14775,㦷,,,,,,,
14776,㦸,kɰjæk³̲³̲,kɰjæk̲̲,,³,,,
14777,㦹,jaŋ³³,j,aŋ,³³,,,
14778,㦺,ȵjʊk³̲³̲,ȵj,ʊk̲̲,³,,,
14779,㦻,zip³̲³̲,z,ip̲̲,³,,,
14780,㦼,ʂɰɔŋ³¹,ʂɰɔŋ,,³¹,,,
14781,㦽,ʔjuk³̲³̲,ʔj,uk̲̲,³,qʷ,ɯ,ɡ
14782,㦾,,,,,,,
14783,㦿,ɦu̯o³⁵,ɦ,u̯o,³⁵,,,
14784,㧀,ɡip³̲³̲,ɡ,ip̲̲,³,,,
14785,㧁,kʰjɤ³¹,kʰj,ɤ,³¹,kh,a,̠b
14786,㧂,,,,,,,
14787,㧃,kju³³,kj,u,³³,,,
14788,㧄,kʰju̯am³⁵,kʰj,u̯am,³⁵,,,
14789,㧅,,,,,,,
14790,㧆,kɨn³¹,k,ɨn,³¹,,,
14791,㧇,mɑu³⁵,m,ɑu,³⁵,,,
14792,㧈,,,,,,,
14793,㧉,ket³̲³̲,k,et̲̲,³,,,
14794,㧊,bʷɑt³̲³̲,bʷ,ɑt̲̲,³,ph,o,̠d
14795,㧋,,,,,,,
14796,㧌,mɑu³¹,m,ɑu,³¹,,,
14797,㧍,pʰʷjaŋ³⁵,pʰʷj,aŋ,³⁵,,,
14798,㧎,ŋɰæ³³,ŋɰæ,,³³,,,
14799,㧏,,,,,,,
14800,㧐,sjʊŋ³⁵,sj,ʊŋ,³⁵,,,
14801,㧑,,,,,,,
14802,㧒,,,,,,,
14803,㧓,kʷɰæ³³,kʷɰæ,,³³,,,
14804,㧔,kʷɰɛi³¹,kʷɰ,ɛi,³¹,,,
14805,㧕,lɨu³⁵,l,ɨu,³⁵,,,
14806,㧖,ʔɰɛk³̲³̲,ʔɰ,ɛk̲̲,³,,,
14807,㧗,dziᴇ³³,dz,iᴇ,³³,sr,e,ʔ
14808,㧘,bɰiᴇ³¹,bɰ,iᴇ,³¹,z,e,s
14809,㧙,pet³̲³̲,p,et̲̲,³,bl,i,ɡ
14810,㧚,,,,,,,
14811,㧛,,,,,,,
14812,㧜,,,,,,,
14813,㧝,,,,,,,
14814,㧞,,,,,,,
14815,㧟,,,,,,,
14816,㧠,,,,,,,
14817,㧡,ɦəi³⁵,ɦ,əi,³⁵,,,
14818,㧢,ʔin³³,ʔ,in,³³,q,i,n
14819,㧣,,,,,,,
14820,㧤,,,,,,,
14821,㧥,sen³⁵,s,en,³⁵,,,
14822,㧦,hʷen³¹,hʷ,en,³¹,,,
14823,㧧,,,,,,,
14824,㧨,,,,,,,
14825,㧩,bu̯oi³¹,b,u̯oi,³¹,,,
14826,㧪,kʷɰiᴇ³⁵,kʷɰ,iᴇ,³⁵,,,
14827,㧫,ȵʷi³³,ȵʷ,i,³³,,,
14828,㧬,kjʊŋ³⁵,kj,ʊŋ,³⁵,k,o,ŋʔ
14829,㧭,,,,,,,
14830,㧮,,,,,,,
14831,㧯,,,,,,,
14832,㧰,,,,,,,
14833,㧱,,,,,,,
14834,㧲,səm³⁵,s,əm,³⁵,,,
14835,㧳,ɖʷɰɛ³⁵,ɖʷɰ,ɛ,³⁵,,,
14836,㧴,ŋɑ³³,ŋ,ɑ,³³,,,
14837,㧵,,,,,,,
14838,㧶,kʰɰɛŋ³³,kʰɰ,ɛŋ,³³,,,
14839,㧷,tʰən³¹,tʰ,ən,³¹,,,
14840,㧸,pʰɰæŋ³³,pʰɰæŋ,,³³,,,
14841,㧹,tʰək³̲³̲,tʰ,ək̲̲,³,,,
14842,㧺,dəp³̲³̲,d,əp̲̲,³,d,u,̠b
14843,㧻,tsuk³̲³̲,ts,uk̲̲,³,st,o,̠ɡ
14844,㧼,pɰiᴇu³¹,pɰ,iᴇu,³¹,,,
14845,㧽,ku̯o³¹,k,u̯o,³¹,,,
14846,㧾,kʰu̯ot³̲³̲,kʰ,u̯ot̲̲,³,,,
14847,㧿,,,,,,,
14848,㨀,,,,,,,
14849,㨁,ɖɨ³⁵,ɖ,ɨ,³⁵,,,
14850,㨂,tuŋ³⁵,t,uŋ,³⁵,,,
14851,㨃,ɖɰɛŋ³³,ɖɰ,ɛŋ,³³,,,
14852,㨄,deu³⁵,d,eu,³⁵,,,
14853,㨅,ȵʷiᴇi³¹,ȵʷ,iᴇi,³¹,,,
14854,㨆,ləm³⁵,l,əm,³⁵,ɡ,ə,r
14855,㨇,,,,,,,
14856,㨈,,,,,,,
14857,㨉,mɰin³³,mɰ,in,³³,mr,i,n
14858,㨊,tʰʷɑ³⁵,tʰʷ,ɑ,³⁵,,,
14859,㨋,tɕʰjæ³⁵,tɕʰjæ,,³⁵,,,
14860,㨌,ku³¹,k,u,³¹,,,
14861,㨍,pɑŋ³³,p,ɑŋ,³³,,,
14862,㨎,ȵʷiᴇn³³,ȵʷ,iᴇn,³³,nj,o,d
14863,㨏,tʰɑn³³,tʰ,ɑn,³³,,,
14864,㨐,pu³⁵,p,u,³⁵,p,u,̠ʔ
14865,㨑,tsuŋ³³,ts,uŋ,³³,,,
14866,㨒,kʰʷei³³,kʰʷ,ei,³³,,,
14867,㨓,,,,,,,
14868,㨔,ɦəm³⁵,ɦ,əm,³⁵,ɡ,o,̠mʔ
14869,㨕,jiᴇŋ³³,j,iᴇŋ,³³,,,
14870,㨖,ʈɨ³⁵,ʈ,ɨ,³⁵,k‧l,i,ɡs
14871,㨗,,,,,,,
14872,㨘,,,,,,,
14873,㨙,ɦɰɛ³³,ɦɰ,ɛ,³³,,,
14874,㨚,,,,,,,
14875,㨛,ɕiᴇm³⁵,ɕ,iᴇm,³⁵,,,
14876,㨜,kɰɛn³³,kɰ,ɛn,³³,ɡ,a,n
14877,㨝,set³̲³̲,s,et̲̲,³,,,
14878,㨞,su̯o³¹,s,u̯o,³¹,,,
14879,㨟,kəi³³,k,əi,³³,,,
14880,㨠,men³⁵,m,en,³⁵,,,
14881,㨡,ku̯on³⁵,k,u̯on,³⁵,ɡ,u,̠d
14882,㨢,pʰɰiᴇ³³,pʰɰ,iᴇ,³³,,,
14883,㨣,ʔjʊŋ³⁵,ʔj,ʊŋ,³⁵,,,
14884,㨤,kʰʷɰɛi³³,kʰʷɰ,ɛi,³³,,,
14885,㨥,nəp³̲³̲,n,əp̲̲,³,,,
14886,㨦,sjʊŋ³⁵,sj,ʊŋ,³⁵,,,
14887,㨧,,,,,,,
14888,㨨,ljuk³̲³̲,lj,uk̲̲,³,ph‧r,u,
14889,㨩,,,,,,,
14890,㨪,,,,,,,
14891,㨫,,,,,,,
14892,㨬,,,,,,,
14893,㨭,ɦu̯o³⁵,ɦ,u̯o,³⁵,,,
14894,㨮,tu³³,t,u,³³,,,
14895,㨯,kʰʷɑk³̲³̲,kʰʷ,ɑk̲̲,³,,,
14896,㨰,jʷiᴇn³⁵,jʷ,iᴇn,³⁵,,,
14897,㨱,,,,,l,e,w
14898,㨲,,,,,,,
14899,㨳,kɰiᴇ³⁵,kɰ,iᴇ,³⁵,,,
14900,㨴,kjɤn³⁵,kj,ɤn,³⁵,,,
14901,㨵,tsiᴇn³⁵,ts,iᴇn,³⁵,,,
14902,㨶,tɑu³⁵,t,ɑu,³⁵,,,
14903,㨷,ɡɰin³³,ɡɰ,in,³³,kl,ɯ,ns
14904,㨸,mɰɛt³̲³̲,mɰ,ɛt̲̲,³,,,
14905,㨹,tsʷiᴇi³¹,tsʷ,iᴇi,³¹,,,
14906,㨺,men³⁵,m,en,³⁵,,,
14907,㨻,dzɑm³⁵,dz,ɑm,³⁵,,,
14908,㨼,ljak³̲³̲,lj,ak̲̲,³,,,
14909,㨽,,,,,,,
14910,㨾,jaŋ³¹,j,aŋ,³¹,,,
14911,㨿,,,,,,,
14912,㩀,,,,,,,
14913,㩁,kɰɔk³̲³̲,kɰɔk̲̲,,³,,,
14914,㩂,,,,,,,
14915,㩃,kɰiᴇn³⁵,kɰ,iᴇn,³⁵,kr,a,nʔ
14916,㩄,ʂɰɛi³³,ʂɰ,ɛi,³³,,,
14917,㩅,,,,,ph‧r,u,
14918,㩆,tsɨu³¹,ts,ɨu,³¹,,,
14919,㩇,hʷɰɛk³̲³̲,hʷɰ,ɛk̲̲,³,,,
14920,㩈,ŋʷɰin³⁵,ŋʷɰ,in,³⁵,,,
14921,㩉,tɑp³̲³̲,t,ɑp̲̲,³,ɡ,ə,r
14922,㩊,sʷiᴇn³³,sʷ,iᴇn,³³,,,
14923,㩋,seu³³,s,eu,³³,,,
14924,㩌,pʰʷɨi³¹,pʰʷ,ɨi,³¹,ph,ɯ,ds
14925,㩍,tʂʰɰɛk³̲³̲,tʂʰɰ,ɛk̲̲,³,,,
14926,㩎,,,,,q,e,b
14927,㩏,,,,,,,
14928,㩐,,,,,,,
14929,㩑,dzɑp³̲³̲,dz,ɑp̲̲,³,,,
14930,㩒,ɡɰim³³,ɡɰ,im,³³,,,
14931,㩓,hʷɰiᴇ³⁵,hʷɰ,iᴇ,³⁵,m̥hr,a,lʔ
14932,㩔,du̯on³³,d,u̯on,³³,,,
14933,㩕,leŋ³³,l,eŋ,³³,,,
14934,㩖,ɡjaŋ³³,ɡj,aŋ,³³,ɡ,a,ŋ
14935,㩗,,,,,,,
14936,㩘,hɰiᴇ³³,hɰ,iᴇ,³³,ŋr,a,lʔ
14937,㩙,,,,,,,
14938,㩚,muŋ³³,m,uŋ,³³,,,
14939,㩛,dʷɑn³³,dʷ,ɑn,³³,,,
14940,㩜,lɑm³⁵,l,ɑm,³⁵,ɡ,ə,r
14941,㩝,ɦɑu³³,ɦ,ɑu,³³,,,
14942,㩞,,,,,,,
14943,㩟,,,,,,,
14944,㩠,pɨu³³,p,ɨu,³³,,,
14945,㩡,lɑ³⁵,l,ɑ,³⁵,,,
14946,㩢,mɰɛt³̲³̲,mɰ,ɛt̲̲,³,,,
14947,㩣,hʷɨi³³,hʷ,ɨi,³³,qh,u,l
14948,㩤,pʰjʊ³³,pʰj,ʊ,³³,,,
14949,㩥,,,,,,,
14950,㩦,,,,,,,
14951,㩧,pʰɰɔk³̲³̲,pʰɰɔk̲̲,,³,b,o,̠wɡ
14952,㩨,tsʷiᴇi³¹,tsʷ,iᴇi,³¹,,,
14953,㩩,,,,,,,
14954,㩪,,,,,,,
14955,㩫,,,,,,,
14956,㩬,,,,,,,
14957,㩭,ɦɰæu³⁵,ɦɰæ,u,³⁵,,,
14958,㩮,,,,,,,
14959,㩯,bʷɑ³³,bʷ,ɑ,³³,,,
14960,㩰,tsiᴇu³⁵,ts,iᴇu,³⁵,,,
14961,㩱,tsjak³̲³̲,tsj,ak̲̲,³,,,
14962,㩲,,,,,,,
14963,㩳,sjʊŋ³⁵,sj,ʊŋ,³⁵,,,
14964,㩴,ɡjʊ³³,ɡj,ʊ,³³,ɡʷ,a,
14965,㩵,ŋɑt³̲³̲,ŋ,ɑt̲̲,³,,,
14966,㩶,nep³̲³̲,n,ep̲̲,³,,,
14967,㩷,,,,,,,
14968,㩸,dep³̲³̲,d,ep̲̲,³,,,
14969,㩹,dep³̲³̲,d,ep̲̲,³,,,
14970,㩺,pʰi³¹,pʰ,i,³¹,,,
14971,㩻,kʰɰiᴇ³³,kʰɰ,iᴇ,³³,khr,e,
14972,㩼,tɕiᴇ³³,tɕ,iᴇ,³³,klj,a,l
14973,㩽,su³³,s,u,³³,,,
14974,㩾,ʈʷiᴇ³³,ʈʷ,iᴇ,³³,,,
14975,㩿,kʰu̯ot³̲³̲,kʰ,u̯ot̲̲,³,,,
14976,㪀,,,,,,,
14977,㪁,ɡɰim³³,ɡɰ,im,³³,,,
14978,㪂,kʰu̯ot³̲³̲,kʰ,u̯ot̲̲,³,,,
14979,㪃,kʰɑ³¹,kʰ,ɑ,³¹,,,
14980,㪄,bjut³̲³̲,bj,ut̲̲,³,,,
14981,㪅,kɰæŋ³¹,kɰæŋ,,³¹,,,
14982,㪆,tei³⁵,t,ei,³⁵,,,
14983,㪇,sen³¹,s,en,³¹,,,
14984,㪈,kʷei³¹,kʷ,ei,³¹,,,
14985,㪉,ɦɰɛp³̲³̲,ɦɰ,ɛp̲̲,³,k,u,̠b
14986,㪊,ɡjun³³,ɡj,un,³³,,,
14987,㪋,hɑ³⁵,h,ɑ,³⁵,,,
14988,㪌,tʰuŋ³⁵,tʰ,uŋ,³⁵,,,
14989,㪍,bu̯ot³̲³̲,b,u̯ot̲̲,³,b,ɯ,̠d
14990,㪎,ɳɰɛp³̲³̲,ɳɰ,ɛp̲̲,³,,,
14991,㪏,pʰei³⁵,pʰ,ei,³⁵,p,e,̠ʔ
14992,㪐,lu̯ot³̲³̲,l,u̯ot̲̲,³,,,
14993,㪑,ʔɰiᴇp³̲³̲,ʔɰ,iᴇp̲̲,³,,,
14994,㪒,ŋei³¹,ŋ,ei,³¹,ŋɡ,e,̠
14995,㪓,,,,,,,
14996,㪔,,,,,,,
14997,㪕,deu³⁵,d,eu,³⁵,,,
14998,㪖,,,,,,,
14999,㪗,tʰu³⁵,tʰ,u,³⁵,,,
15000,㪘,,,,,,,
15001,㪙,kʰʷɑ³⁵,kʰʷ,ɑ,³⁵,khl,o,̠ls
15002,㪚,,,,,,,
15003,㪛,ʈim³⁵,ʈ,im,³⁵,,,
15004,㪜,tʂʰʷiᴇ³⁵,tʂʰʷ,iᴇ,³⁵,,,
15005,㪝,len³¹,l,en,³¹,,,
15006,㪞,mɑu³¹,m,ɑu,³¹,,,
15007,㪟,,,,,,,
15008,㪠,kʰɰɛm³¹,kʰɰ,ɛm,³¹,,,
15009,㪡,kʰɑt³̲³̲,kʰ,ɑt̲̲,³,,,
15010,㪢,,,,,,,
15011,㪣,kʰɰæu³³,kʰɰæ,u,³³,,,
15012,㪤,pit³̲³̲,p,it̲̲,³,p,i,d
15013,㪥,tʂɰæ³³,tʂɰæ,,³³,,,
15014,㪦,,,,,l,i,ns
15015,㪧,hɰip³̲³̲,hɰ,ip̲̲,³,,,
15016,㪨,dʑiᴇn³¹,dʑ,iᴇn,³¹,,,
15017,㪩,sjuk³̲³̲,sj,uk̲̲,³,,,
15018,㪪,,,,,,,
15019,㪫,,,,,,,
15020,㪬,ʈʰɰɔk³̲³̲,ʈʰɰɔk̲̲,,³,,,
15021,㪭,lu̯o³³,l,u̯o,³³,,,
15022,㪮,leŋ³³,l,eŋ,³³,,,
15023,㪯,,,,,,,
15024,㪰,,,,,,,
15025,㪱,hʷɑn³¹,hʷ,ɑn,³¹,,,
15026,㪲,,,,,,,
15027,㪳,,,,,,,
15028,㪴,,,,,,,
15029,㪵,pʷɑn³¹,pʷ,ɑn,³¹,p,a,̠ns
15030,㪶,ɦuk³̲³̲,ɦ,uk̲̲,³,,,
15031,㪷,tu³⁵,t,u,³⁵,t,o,̠ʔ
15032,㪸,,,,,,,
15033,㪹,lu³⁵,l,u,³⁵,,,
15034,㪺,kʰu³³,kʰ,u,³³,kʷ,a,
15035,㪻,pʷjɤn³¹,pʷj,ɤn,³¹,pkhl,o,ns
15036,㪼,kʰɑ³⁵,kʰ,ɑ,³⁵,,,
15037,㪽,,,,,,,
15038,㪾,lɑk³̲³̲,l,ɑk̲̲,³,,,
15039,㪿,ʑiᴇt³̲³̲,ʑ,iᴇt̲̲,³,ɢlj,e,d
15040,㫀,,,,,,,
15041,㫁,,,,,,,
15042,㫂,tɕjɤ³¹,tɕj,ɤ,³¹,,,
15043,㫃,ʔjɤn³⁵,ʔj,ɤn,³⁵,q,a,nʔ
15044,㫄,bɑŋ³³,b,ɑŋ,³³,,,
15045,㫅,,,,,,,
15046,㫆,,,,,,,
15047,㫇,,,,,,,
15048,㫈,,,,,,,
15049,㫉,,,,,,,
15050,㫊,ʔɰiᴇ³⁵,ʔɰ,iᴇ,³⁵,,,
15051,㫋,,,,,,,
15052,㫌,,,,,,,
15053,㫍,jɨu³³,j,ɨu,³³,ɢl,ɯ,w
15054,㫎,hʷɨi³³,hʷ,ɨi,³³,,,
15055,㫏,jiᴇu³⁵,j,iᴇu,³⁵,q,e,̠wʔ
15056,㫐,ʔeu³⁵,ʔ,eu,³⁵,q,e,̠wʔ
15057,㫑,,,,,,,
15058,㫒,,,,,,,
15059,㫓,,,,,,,
15060,㫔,,,,,,,
15061,㫕,,,,,,,
15062,㫖,,,,,,,
15063,㫗,,,,,ɡ,o,̠ʔ
15064,㫘,mɰit³̲³̲,mɰ,it̲̲,³,mb,ɯ,ɡ
15065,㫙,,,,,,,
15066,㫚,,,,,,,
15067,㫛,kʷjaŋ³¹,kʷj,aŋ,³¹,,,
15068,㫜,,,,,,,
15069,㫝,,,,,,,
15070,㫞,tʰɑu³³,tʰ,ɑu,³³,,,
15071,㫟,,,,,,,
15072,㫠,,,,,,,
15073,㫡,,,,,,,
15074,㫢,,,,,,,
15075,㫣,,,,,,,
15076,㫤,,,,,,,
15077,㫥,meŋ³⁵,m,eŋ,³⁵,,,
15078,㫦,tʰɑu³³,tʰ,ɑu,³³,,,
15079,㫧,,,,,,,
15080,㫨,,,,,,,
15081,㫩,,,,,,,
15082,㫪,,,,,,,
15083,㫫,,,,,,,
15084,㫬,,,,,,,
15085,㫭,,,,,,,
15086,㫮,,,,,,,
15087,㫯,,,,,,,
15088,㫰,lɑŋ³¹,l,ɑŋ,³¹,,,
15089,㫱,ɳɰæn³⁵,ɳɰæn,,³⁵,rn,a,̠nʔ
15090,㫲,bu̯ot³̲³̲,b,u̯ot̲̲,³,,,
15091,㫳,ʑin³³,ʑ,in,³³,,,
15092,㫴,,,,,,,
15093,㫵,bʷɨi³³,bʷ,ɨi,³³,,,
15094,㫶,tɕɨu³⁵,tɕ,ɨu,³⁵,,,
15095,㫷,,,,,ɡ,ɯ,
15096,㫸,tsiᴇp³̲³̲,ts,iᴇp̲̲,³,,,
15097,㫹,ʂjɤ³¹,ʂj,ɤ,³¹,,,
15098,㫺,siᴇk³̲³̲,s,iᴇk̲̲,³,,,
15099,㫻,,,,,,,
15100,㫼,tɕiᴇi³¹,tɕ,iᴇi,³¹,,,
15101,㫽,,,,,,,
15102,㫾,,,,,,,
15103,㫿,,,,,,,
15104,㬀,,,,,,,
15105,㬁,,,,,,,
15106,㬂,ŋjʊ³³,ŋj,ʊ,³³,,,
15107,㬃,,,,,,,
15108,㬄,ʈʰɰæn³¹,ʈʰɰæn,,³¹,,,
15109,㬅,,,,,,,
15110,㬆,,,,,,,
15111,㬇,hʷɑn³¹,hʷ,ɑn,³¹,qh,o,̠ns
15112,㬈,ʔu̯on³³,ʔ,u̯on,³³,,,
15113,㬉,nʷɑn³⁵,nʷ,ɑn,³⁵,,,
15114,㬊,ɦʷɑn³⁵,ɦʷ,ɑn,³⁵,,,
15115,㬋,,,,,,,
15116,㬌,,,,,,,
15117,㬍,pɑk³̲³̲,p,ɑk̲̲,³,,,
15118,㬎,hen³⁵,h,en,³⁵,ŋɡl,ɯ,̠b
15119,㬏,lek³̲³̲,l,ek̲̲,³,,,
15120,㬐,,,,,,,
15121,㬑,,,,,,,
15122,㬒,mɑŋ³⁵,m,ɑŋ,³⁵,,,
15123,㬓,pʰiᴇu³¹,pʰ,iᴇu,³¹,,,
15124,㬔,,,,,,,
15125,㬕,,,,,,,
15126,㬖,,,,,,,
15127,㬗,nen³¹,n,en,³¹,,,
15128,㬘,suk³̲³̲,s,uk̲̲,³,,,
15129,㬙,,,,,,,
15130,㬚,ʈʰiᴇt³̲³̲,ʈʰ,iᴇt̲̲,³,,,
15131,㬛,hɰip³̲³̲,hɰ,ip̲̲,³,,,
15132,㬜,,,,,,,
15133,㬝,dzəŋ³³,dz,əŋ,³³,,,
15134,㬞,,,,,,,
15135,㬟,,,,,,,
15136,㬠,,,,,,,
15137,㬡,,,,,,,
15138,㬢,hɰiᴇ³³,hɰ,iᴇ,³³,,,
15139,㬣,du̯oi³¹,d,u̯oi,³¹,d,u,̠bs
15140,㬤,kʰɰip³̲³̲,kʰɰ,ip̲̲,³,khr,ɯ,b
15141,㬥,bɑu³¹,b,ɑu,³¹,b,o,̠wɡs
15142,㬦,ʔʷjak³̲³̲,ʔʷj,ak̲̲,³,,,
15143,㬧,,,,,p,o,̠wɡ
15144,㬨,,,,,,,
15145,㬩,hʷei³¹,hʷ,ei,³¹,,,
15146,㬪,,,,,,,
15147,㬫,ʔen³¹,ʔ,en,³¹,q,e,̠ns
15148,㬬,ɡjʊ³¹,ɡj,ʊ,³¹,,,
15149,㬭,tsiᴇu³¹,ts,iᴇu,³¹,,,
15150,㬮,nɑn³¹,n,ɑn,³¹,mɡl,a,̠ns
15151,㬯,,,,,,,
15152,㬰,jʊŋ³⁵,j,ʊŋ,³⁵,l,o,
15153,㬱,tsʰəm³⁵,tsʰ,əm,³⁵,,,
15154,㬲,,,,,,,
15155,㬳,,,,,,,
15156,㬴,huŋ³⁵,h,uŋ,³⁵,,,
15157,㬵,,,,,,,
15158,㬶,,,,,,,
15159,㬷,,,,,,,
15160,㬸,,,,,,,
15161,㬹,tʂɰæŋ³⁵,tʂɰæŋ,,³⁵,,,
15162,㬺,,,,,,,
15163,㬻,hʷɑŋ³⁵,hʷ,ɑŋ,³⁵,,,
15164,㬼,,,,,,,
15165,㬽,,,,,,,
15166,㬾,,,,,,,
15167,㬿,tʰu̯on³³,tʰ,u̯on,³³,,,
15168,㭀,,,,,,,
15169,㭁,ȵɨŋ³³,ȵ,ɨŋ,³³,nj,ɯ,ŋ
15170,㭂,tseu³⁵,ts,eu,³⁵,spl,e,wʔ
15171,㭃,kɑŋ³³,k,ɑŋ,³³,,,
15172,㭄,,,,,,,
15173,㭅,,,,,,,
15174,㭆,,,,,,,
15175,㭇,jʷiᴇn³¹,jʷ,iᴇn,³¹,,,
15176,㭈,kʷen³¹,kʷ,en,³¹,,,
15177,㭉,ɦʷɰæ³³,ɦʷɰæ,,³³,ɡr,a,̠
15178,㭊,sek³̲³̲,s,ek̲̲,³,sl,e,̠ɡ
15179,㭋,bɰɔŋ³⁵,bɰɔŋ,,³⁵,,,
15180,㭌,mu³³,m,u,³³,,,
15181,㭍,,,,,,,
15182,㭎,,,,,,,
15183,㭏,,,,,,,
15184,㭐,,,,,,,
15185,㭑,mʷɨi³¹,mʷ,ɨi,³¹,,,
15186,㭒,jɨ³³,j,ɨ,³³,sɢl,ɯ,ʔ
15187,㭓,bɰiᴇn³¹,bɰ,iᴇn,³¹,,,
15188,㭔,hu̯o³³,h,u̯o,³³,ɡ,ə,r
15189,㭕,kʰjɤ³³,kʰj,ɤ,³³,kh,a,
15190,㭖,,,,,,,
15191,㭗,,,,,,,
15192,㭘,kɰɛp³̲³̲,kɰ,ɛp̲̲,³,k,u,̠b
15193,㭙,ʈɰɛk³̲³̲,ʈɰ,ɛk̲̲,³,k‧r,ɯ,̠ɡ
15194,㭚,ljɤ³⁵,lj,ɤ,³⁵,,,
15195,㭛,pɰɛ³¹,pɰ,ɛ,³¹,,,
15196,㭜,ȵjuŋ³³,ȵj,uŋ,³³,,,
15197,㭝,ɡɨu³³,ɡ,ɨu,³³,,,
15198,㭞,,,,,,,
15199,㭟,kjʊŋ³⁵,kj,ʊŋ,³⁵,,,
15200,㭠,sen³⁵,s,en,³⁵,,,
15201,㭡,sei³¹,s,ei,³¹,,,
15202,㭢,,,,,,,
15203,㭣,,,,,,,
15204,㭤,,,,,,,
15205,㭥,,,,,,,
15206,㭦,,,,,,,
15207,㭧,,,,,,,
15208,㭨,jæ³³,jæ,,³³,,,
15209,㭩,lʷiᴇt³̲³̲,lʷ,iᴇt̲̲,³,r,o,d
15210,㭪,,,,,,,
15211,㭫,dzʷɑn³³,dzʷ,ɑn,³³,,,
15212,㭬,ʈjɤ³³,ʈj,ɤ,³³,,,
15213,㭭,pɰæt³̲³̲,pɰæt̲̲,,³,,,
15214,㭮,,,,,,,
15215,㭯,tep³̲³̲,t,ep̲̲,³,,,
15216,㭰,tsʷiᴇ³³,tsʷ,iᴇ,³³,s,e,ʔ
15217,㭱,,,,,,,
15218,㭲,,,,,,,
15219,㭳,,,,,,,
15220,㭴,,,,,,,
15221,㭵,,,,,,,
15222,㭶,,,,,,,
15223,㭷,,,,,,,
15224,㭸,du̯o³³,d,u̯o,³³,,,
15225,㭹,,,,,,,
15226,㭺,ʔɰiᴇm³¹,ʔɰ,iᴇm,³¹,,,
15227,㭻,,,,,,,
15228,㭼,tʰəp³̲³̲,tʰ,əp̲̲,³,,,
15229,㭽,,,,,,,
15230,㭾,,,,,,,
15231,㭿,ŋɑŋ³³,ŋ,ɑŋ,³³,,,
15232,㮀,ɦəm³³,ɦ,əm,³³,,,
15233,㮁,ɦɰæu³³,ɦɰæ,u,³³,,,
15234,㮂,kjʊk³̲³̲,kj,ʊk̲̲,³,k,o,ɡ
15235,㮃,ʔʷɰiᴇ³³,ʔʷɰ,iᴇ,³³,,,
15236,㮄,,,,,,,
15237,㮅,tɕʷi³³,tɕʷ,i,³³,,,
15238,㮆,ŋɑt³̲³̲,ŋ,ɑt̲̲,³,,,
15239,㮇,tʰem³¹,tʰ,em,³¹,,,
15240,㮈,,,,,,,
15241,㮉,,,,,,,
15242,㮊,,,,,,,
15243,㮋,ʔjuk³̲³̲,ʔj,uk̲̲,³,,,
15244,㮌,miᴇn³³,m,iᴇn,³³,,,
15245,㮍,tsiᴇn³³,ts,iᴇn,³³,,,
15246,㮎,,,,,,,
15247,㮏,nɑt³̲³̲,n,ɑt̲̲,³,,,
15248,㮐,kɰæ³¹,kɰæ,,³¹,sl,e,ŋʔ
15249,㮑,tʂip³̲³̲,tʂ,ip̲̲,³,,,
15250,㮒,ʔen³³,ʔ,en,³³,,,
15251,㮓,kəŋ³¹,k,əŋ,³¹,k,ɯ,̠ŋs
15252,㮔,,,,,,,
15253,㮕,ȵʷiᴇn³⁵,ȵʷ,iᴇn,³⁵,,,
15254,㮖,kɰɛt³̲³̲,kɰ,ɛt̲̲,³,,,
15255,㮗,ɡɰin³³,ɡɰ,in,³³,,,
15256,㮘,mɑu³³,m,ɑu,³³,m,u,
15257,㮙,ŋɑk³̲³̲,ŋ,ɑk̲̲,³,,,
15258,㮚,lit³̲³̲,l,it̲̲,³,b,ə,r
15259,㮛,dʑiᴇ³³,dʑ,iᴇ,³³,,,
15260,㮜,,,,,,,
15261,㮝,ɡɰjæk³̲³̲,ɡɰjæk̲̲,,³,ɡr,a,̠ɡ
15262,㮞,tset³̲³̲,ts,et̲̲,³,s,i,̠d
15263,㮟,,,,,,,
15264,㮠,,,,,,,
15265,㮡,,,,,,,
15266,㮢,ɦu³³,ɦ,u,³³,,,
15267,㮣,ku̯ot³̲³̲,k,u̯ot̲̲,³,k,ɯ,̠ɡs
15268,㮤,zjʊŋ³³,zj,ʊŋ,³³,,,
15269,㮥,bu̯on³⁵,b,u̯on,³⁵,,,
15270,㮦,sɑk³̲³̲,s,ɑk̲̲,³,sl,a,̠ɡ
15271,㮧,ʔu̯ot³̲³̲,ʔ,u̯ot̲̲,³,,,
15272,㮨,tsɨk³̲³̲,ts,ɨk̲̲,³,sk,ɯ,ɡ
15273,㮩,sɨk³̲³̲,s,ɨk̲̲,³,sl,ɯ,ɡ
15274,㮪,,,,,,,
15275,㮫,ɦɑt³̲³̲,ɦ,ɑt̲̲,³,,,
15276,㮬,ʔuŋ³³,ʔ,uŋ,³³,,,
15277,㮭,ɦɰɛm³³,ɦɰ,ɛm,³³,,,
15278,㮮,ket³̲³̲,k,et̲̲,³,,,
15279,㮯,ɦu̯on³⁵,ɦ,u̯on,³⁵,ɡ,u,̠n
15280,㮰,bi³³,b,i,³³,b,i,
15281,㮱,ʂɨŋ³³,ʂ,ɨŋ,³³,,,
15282,㮲,tʂʰjʊ³³,tʂʰj,ʊ,³³,,,
15283,㮳,ɖim³⁵,ɖ,im,³⁵,,,
15284,㮴,sɑu³³,s,ɑu,³³,sl,u,̠w
15285,㮵,tɕiᴇn³³,tɕ,iᴇn,³³,,,
15286,㮶,ʂɰɔk³̲³̲,ʂɰɔk̲̲,,³,,,
15287,㮷,kei³³,k,ei,³³,,,
15288,㮸,suŋ³¹,s,uŋ,³¹,,,
15289,㮹,ʈi³¹,ʈ,i,³¹,k‧l,i,ɡs
15290,㮺,,,,,,,
15291,㮻,,,,,,,
15292,㮼,,,,,,,
15293,㮽,,,,,,,
15294,㮾,,,,,,,
15295,㮿,pit³̲³̲,p,it̲̲,³,p,i,d
15296,㯀,zʷiᴇn³¹,zʷ,iᴇn,³¹,,,
15297,㯁,bəi³³,b,əi,³³,,,
15298,㯂,tɑi³¹,t,ɑi,³¹,,,
15299,㯃,tsʰit³̲³̲,tsʰ,it̲̲,³,,,
15300,㯄,tɕiᴇ³³,tɕ,iᴇ,³³,,,
15301,㯅,bei³³,b,ei,³³,,,
15302,㯆,ʂɰæn³¹,ʂɰæn,,³¹,,,
15303,㯇,pei³³,p,ei,³³,,,
15304,㯈,suk³̲³̲,s,uk̲̲,³,sl,o,̠ɡ
15305,㯉,ʈʰjɤ³³,ʈʰj,ɤ,³³,kh‧l,a,
15306,㯊,ɦən³³,ɦ,ən,³³,,,
15307,㯋,kʷeŋ³⁵,kʷ,eŋ,³⁵,,,
15308,㯌,,,,,,,
15309,㯍,tsjaŋ³³,tsj,aŋ,³³,,,
15310,㯎,,,,,,,
15311,㯏,,,,,k,o,̠ɡ
15312,㯐,,,,,,,
15313,㯑,,,,,,,
15314,㯒,,,,,,,
15315,㯓,dɑp³̲³̲,d,ɑp̲̲,³,,,
15316,㯔,tʂʰʷiᴇi³¹,tʂʰʷ,iᴇi,³¹,,,
15317,㯕,siᴇ³³,s,iᴇ,³³,sqh,e,̠
15318,㯖,,,,,,,
15319,㯗,ɦɰɛn³³,ɦɰ,ɛn,³³,,,
15320,㯘,kʰʷɑn³⁵,kʰʷ,ɑn,³⁵,,,
15321,㯙,ɖiᴇt³̲³̲,ɖ,iᴇt̲̲,³,,,
15322,㯚,,,,,,,
15323,㯛,ɦu̯o³³,ɦ,u̯o,³³,,,
15324,㯜,dzʷi³¹,dzʷ,i,³¹,,,
15325,㯝,lu̯o³¹,l,u̯o,³¹,,,
15326,㯞,kʷiᴇn³¹,kʷ,iᴇn,³¹,,,
15327,㯟,luk³̲³̲,l,uk̲̲,³,,,
15328,㯠,kʰen³¹,kʰ,en,³¹,,,
15329,㯡,bɰæu³³,bɰæ,u,³³,b,u,̠
15330,㯢,,,,,,,
15331,㯣,pʰjun³³,pʰj,un,³³,,,
15332,㯤,lɨk³̲³̲,l,ɨk̲̲,³,,,
15333,㯥,tsɑu³³,ts,ɑu,³³,sk,u,
15334,㯦,,,,,,,
15335,㯧,,,,,,,
15336,㯨,,,,,,,
15337,㯩,tʰei³¹,tʰ,ei,³¹,,,
15338,㯪,leŋ³³,l,eŋ,³³,,,
15339,㯫,ɡjɤ³³,ɡj,ɤ,³³,,,
15340,㯬,liᴇm³⁵,l,iᴇm,³⁵,,,
15341,㯭,lu̯o³⁵,l,u̯o,³⁵,,,
15342,㯮,dʑjʊk³̲³̲,dʑj,ʊk̲̲,³,,,
15343,㯯,təm³⁵,t,əm,³⁵,,,
15344,㯰,ɖɨ³¹,ɖ,ɨ,³¹,,,
15345,㯱,pʰɑu³¹,pʰ,ɑu,³¹,ph,u,
15346,㯲,kɰim³¹,kɰ,im,³¹,,,
15347,㯳,ɡɰjæŋ³³,ɡɰjæŋ,,³³,kr,e,ŋʔ
15348,㯴,,,,,,,
15349,㯵,,,,,,,
15350,㯶,,,,,,,
15351,㯷,puk³̲³̲,p,uk̲̲,³,p,o,̠ɡ
15352,㯸,tsen³⁵,ts,en,³⁵,,,
15353,㯹,,,,,,,
15354,㯺,ɦɰæm³¹,ɦɰæm,,³¹,qhl,a,̠mʔ
15355,㯻,ɦu̯on³⁵,ɦ,u̯on,³⁵,kl,u,̠nʔ
15356,㯼,,,,,,,
15357,㯽,pin³³,p,in,³³,,,
15358,㯾,tsɑu³³,ts,ɑu,³³,,,
15359,㯿,liᴇp³̲³̲,l,iᴇp̲̲,³,,,
15360,㰀,lei³³,l,ei,³³,,,
15361,㰁,lɑ³¹,l,ɑ,³¹,,,
15362,㰂,ɕim³⁵,ɕ,im,³⁵,,,
15363,㰃,men³¹,m,en,³¹,,,
15364,㰄,tsiᴇn³¹,ts,iᴇn,³¹,,,
15365,㰅,ʈɰɛk³̲³̲,ʈɰ,ɛk̲̲,³,ɡ‧l,e,̠ɡ
15366,㰆,bɰɛi³¹,bɰ,ɛi,³¹,,,
15367,㰇,,,,,,,
15368,㰈,liᴇm³⁵,l,iᴇm,³⁵,,,
15369,㰉,,,,,,,
15370,㰊,ziᴇm³³,z,iᴇm,³³,,,
15371,㰋,bin³³,b,in,³³,b,i,n
15372,㰌,,,,,,,
15373,㰍,luŋ³³,l,uŋ,³³,ɡ,ə,r
15374,㰎,tsʷi³¹,tsʷ,i,³¹,,,
15375,㰏,kɑu³¹,k,ɑu,³¹,,,
15376,㰐,,,,,,,
15377,㰑,,,,,,,
15378,㰒,,,,,,,
15379,㰓,,,,,,,
15380,㰔,sep³̲³̲,s,ep̲̲,³,,,
15381,㰕,hɰiᴇ³³,hɰ,iᴇ,³³,,,
15382,㰖,lɑm³¹,l,ɑm,³¹,,,
15383,㰗,,,,,,,
15384,㰘,ji³³,j,i,³³,l,i,
15385,㰙,nɑ³³,n,ɑ,³³,,,
15386,㰚,liᴇ³³,l,iᴇ,³³,,,
15387,㰛,jak³̲³̲,j,ak̲̲,³,,,
15388,㰜,,,,,,,
15389,㰝,həi³³,h,əi,³³,,,
15390,㰞,,,,,,,
15391,㰟,kʰɨi³¹,kʰ,ɨi,³¹,,,
15392,㰠,hɑŋ³³,h,ɑŋ,³³,,,
15393,㰡,hɰɛi³¹,hɰ,ɛi,³¹,,,
15394,㰢,kʰɰɛŋ³³,kʰɰ,ɛŋ,³³,,,
15395,㰣,dziᴇ³³,dz,iᴇ,³³,s,e,
15396,㰤,kʰjæ³¹,kʰjæ,,³¹,,,
15397,㰥,hiᴇi³¹,h,iᴇi,³¹,,,
15398,㰦,kʰjɑ³³,kʰj,ɑ,³³,kh,a,s
15399,㰧,həi³³,h,əi,³³,,,
15400,㰨,hɰiᴇ³³,hɰ,iᴇ,³³,,,
15401,㰩,,,,,,,
15402,㰪,kʷei³³,kʷ,ei,³³,,,
15403,㰫,,,,,,,
15404,㰬,sʷin³³,sʷ,in,³³,,,
15405,㰭,hjʊ³³,hj,ʊ,³³,,,
15406,㰮,dʑin³⁵,dʑ,in,³⁵,blj,ɯ,nʔ
15407,㰯,hu³¹,h,u,³¹,,,
15408,㰰,kʰep³̲³̲,kʰ,ep̲̲,³,,,
15409,㰱,,,,,,,
15410,㰲,hʷɨk³̲³̲,hʷ,ɨk̲̲,³,qʷ,ɯ,ɡ
15411,㰳,ʔɰæ³³,ʔɰæ,,³³,,,
15412,㰴,pʰu³¹,pʰ,u,³¹,,,
15413,㰵,tsʷit³̲³̲,tsʷ,it̲̲,³,,,
15414,㰶,bɰiᴇu³⁵,bɰ,iᴇu,³⁵,ɡr,ɯ,wʔ
15415,㰷,,,,,,,
15416,㰸,,,,,,,
15417,㰹,həm³⁵,h,əm,³⁵,,,
15418,㰺,ɦɰæ³³,ɦɰæ,,³³,,,
15419,㰻,ɦʲɨ³⁵,ɦʲ,ɨ,³⁵,,,
15420,㰼,kʰep³̲³̲,kʰ,ep̲̲,³,,,
15421,㰽,ʔɰiᴇn³¹,ʔɰ,iᴇn,³¹,,,
15422,㰾,kek³̲³̲,k,ek̲̲,³,,,
15423,㰿,hei³³,h,ei,³³,,,
15424,㱀,tʂʰɨ³⁵,tʂʰ,ɨ,³⁵,,,
15425,㱁,,,,,,,
15426,㱂,kʰɑŋ³³,kʰ,ɑŋ,³³,khl,a,̠ŋ
15427,㱃,ʔɰim³⁵,ʔɰ,im,³⁵,qr,ɯ,mʔ
15428,㱄,mək³̲³̲,m,ək̲̲,³,,,
15429,㱅,ʔɰi³¹,ʔɰ,i,³¹,,,
15430,㱆,hɰiᴇ³³,hɰ,iᴇ,³³,,,
15431,㱇,hɨk³̲³̲,h,ɨk̲̲,³,sr,ɯ,ɡ
15432,㱈,ɡɰim³¹,ɡɰ,im,³¹,,,
15433,㱉,ŋjap³̲³̲,ŋj,ap̲̲,³,,,
15434,㱊,ʔɨu³³,ʔ,ɨu,³³,,,
15435,㱋,,,,,,,
15436,㱌,tɕʰiᴇp³̲³̲,tɕʰ,iᴇp̲̲,³,,,
15437,㱍,lʷɑn³³,lʷ,ɑn,³³,ɡ,ə,r
15438,㱎,ku̯on³³,k,u̯on,³³,,,
15439,㱏,deŋ³¹,d,eŋ,³¹,,,
15440,㱐,,,,,,,
15441,㱑,,,,,,,
15442,㱒,hɑ³³,h,ɑ,³³,,,
15443,㱓,,,,,,,
15444,㱔,,,,,,,
15445,㱕,kʷɨi³³,kʷ,ɨi,³³,,,
15446,㱖,dzʷi³¹,dzʷ,i,³¹,,,
15447,㱗,,,,,,,
15448,㱘,ʔiᴇp³̲³̲,ʔ,iᴇp̲̲,³,,,
15449,㱙,hɨu³⁵,h,ɨu,³⁵,qh,u,ʔ
15450,㱚,dzɑn³³,dz,ɑn,³³,,,
15451,㱛,,,,,,,
15452,㱜,,,,,,,
15453,㱝,,,,,,,
15454,㱞,ləp³̲³̲,l,əp̲̲,³,,,
15455,㱟,bɰiᴇ³⁵,bɰ,iᴇ,³⁵,,,
15456,㱠,kʰu̯o³³,kʰ,u̯o,³³,kh,a,̠
15457,㱡,ʂɨŋ³⁵,ʂ,ɨŋ,³⁵,,,
15458,㱢,,,,,,,
15459,㱣,nu̯oi³⁵,n,u̯oi,³⁵,,,
15460,㱤,sek³̲³̲,s,ek̲̲,³,,,
15461,㱥,lɨŋ³³,l,ɨŋ,³³,,,
15462,㱦,kʰiᴇ³³,kʰ,iᴇ,³³,khr,a,l
15463,㱧,ʔʷɑt³̲³̲,ʔʷ,ɑt̲̲,³,,,
15464,㱨,,,,,,,
15465,㱩,,,,,,,
15466,㱪,mu̯on³³,m,u̯on,³³,m̥h,u,̠n
15467,㱫,,,,,,,
15468,㱬,ʔu̯oi³⁵,ʔ,u̯oi,³⁵,,,
15469,㱭,dʷɑn³¹,dʷ,ɑn,³¹,,,
15470,㱮,,,,,,,
15471,㱯,kəi³³,k,əi,³³,ŋɡ,ɯ,̠l
15472,㱰,tsəi³⁵,ts,əi,³⁵,,,
15473,㱱,ɦu̯oi³⁵,ɦ,u̯oi,³⁵,,,
15474,㱲,ʔiᴇ³¹,ʔ,iᴇ,³¹,,,
15475,㱳,mɑk³̲³̲,m,ɑk̲̲,³,m,a,̠ɡ
15476,㱴,dziᴇ³¹,dz,iᴇ,³¹,,,
15477,㱵,pjun³¹,pj,un,³¹,,,
15478,㱶,pɰæŋ³³,pɰæŋ,,³³,,,
15479,㱷,,,,,,,
15480,㱸,pek³̲³̲,p,ek̲̲,³,,,
15481,㱹,lek³̲³̲,l,ek̲̲,³,,,
15482,㱺,,,,,,,
15483,㱻,lʷɑi³¹,lʷ,ɑi,³¹,r,o,̠ds
15484,㱼,həi³³,h,əi,³³,,,
15485,㱽,ɡɰim³³,ɡɰ,im,³³,k‧l,u,mʔ
15486,㱾,kəi³³,k,əi,³³,kh,ɯ,̠
15487,㱿,hɑk³̲³̲,h,ɑk̲̲,³,khr,o,̠ɡ
15488,㲀,dʑin³³,dʑ,in,³³,,,
15489,㲁,kʰuŋ³³,kʰ,uŋ,³³,,,
15490,㲂,ɖɰɛŋ³³,ɖɰ,ɛŋ,³³,,,
15491,㲃,kʰɨu³³,kʰ,ɨu,³³,k,u,ɡs
15492,㲄,kʰuk³̲³̲,kʰ,uk̲̲,³,,,
15493,㲅,kʰɑi³¹,kʰ,ɑi,³¹,,,
15494,㲆,liᴇŋ³³,l,iᴇŋ,³³,,,
15495,㲇,lu̯oŋ³³,l,u̯oŋ,³³,,,
15496,㲈,dʑiᴇu³³,dʑ,iᴇu,³³,dj,e,w
15497,㲉,kʰuk³̲³̲,kʰ,uk̲̲,³,,,
15498,㲊,,,,,,,
15499,㲋,ʈʰjak³̲³̲,ʈʰj,ak̲̲,³,th,a,ɡ
15500,㲌,ɳɨŋ³¹,ɳ,ɨŋ,³¹,,,
15501,㲍,tɕiᴇ³³,tɕ,iᴇ,³³,,,
15502,㲎,,,,,,,
15503,㲏,pʰɑu³³,pʰ,ɑu,³³,,,
15504,㲐,,,,,,,
15505,㲑,,,,,,,
15506,㲒,,,,,,,
15507,㲓,ɕjʊ³¹,ɕj,ʊ,³¹,,,
15508,㲔,ʂɪn³³,ʂ,ɪn,³³,,,
15509,㲕,lʷiᴇt³̲³̲,lʷ,iᴇt̲̲,³,,,
15510,㲖,sɨu³³,s,ɨu,³³,,,
15511,㲗,pʰjʊ³³,pʰj,ʊ,³³,,,
15512,㲘,,,,,,,
15513,㲙,ʂjɤ³³,ʂj,ɤ,³³,,,
15514,㲚,ʂɰæ³³,ʂɰæ,,³³,,,
15515,㲛,ʈɨ³⁵,ʈ,ɨ,³⁵,,,
15516,㲜,,,,,,,
15517,㲝,mɑu³¹,m,ɑu,³¹,,,
15518,㲞,dzu̯ot³̲³̲,dz,u̯ot̲̲,³,,,
15519,㲟,ʔɰjæŋ³⁵,ʔɰjæŋ,,³⁵,,,
15520,㲠,,,,,,,
15521,㲡,nɑi³¹,n,ɑi,³¹,,,
15522,㲢,ben³⁵,b,en,³⁵,,,
15523,㲣,tɕʰjʊ³³,tɕʰj,ʊ,³³,,,
15524,㲤,ʂʷɰɛi³³,ʂʷɰ,ɛi,³³,,,
15525,㲥,dɑŋ³³,d,ɑŋ,³³,,,
15526,㲦,ɦɑn³¹,ɦ,ɑn,³¹,ɡ,a,̠ns
15527,㲧,sɑu³¹,s,ɑu,³¹,,,
15528,㲨,ȵjʊŋ³⁵,ȵj,ʊŋ,³⁵,,,
15529,㲩,,,,,,,
15530,㲪,təŋ³³,t,əŋ,³³,t,ɯ,̠ŋ
15531,㲫,buk³̲³̲,b,uk̲̲,³,,,
15532,㲬,tsiᴇu³³,ts,iᴇu,³³,,,
15533,㲭,,,,,,,
15534,㲮,,,,,,,
15535,㲯,,,,,,,
15536,㲰,ɳɰæŋ³³,ɳɰæŋ,,³³,,,
15537,㲱,liᴇp³̲³̲,l,iᴇp̲̲,³,,,
15538,㲲,dep³̲³̲,d,ep̲̲,³,,,
15539,㲳,ʈit³̲³̲,ʈ,it̲̲,³,k‧l,i,ɡ
15540,㲴,,,,,,,
15541,㲵,siᴇu³³,s,iᴇu,³³,,,
15542,㲶,,,,,,,
15543,㲷,,,,,,,
15544,㲸,,,,,,,
15545,㲹,,,,,,,
15546,㲺,tsit³̲³̲,ts,it̲̲,³,,,
15547,㲻,nek³̲³̲,n,ek̲̲,³,n,e,̠ɡ
15548,㲼,ŋjai³¹,ŋj,ai,³¹,,,
15549,㲽,nen³¹,n,en,³¹,n,ɯ,̠ns
15550,㲾,,,,,,,
15551,㲿,,,,,,,
15552,㳀,kʷɑ³¹,kʷ,ɑ,³¹,,,
15553,㳁,tʂɨk³̲³̲,tʂ,ɨk̲̲,³,,,
15554,㳂,jʷiᴇn³³,jʷ,iᴇn,³³,,,
15555,㳃,,,,,,,
15556,㳄,ziᴇn³³,z,iᴇn,³³,sɢl,e,n
15557,㳅,lɨu³³,l,ɨu,³³,r,u,
15558,㳆,,,,,,,
15559,㳇,,,,,,,
15560,㳈,,,,,,,
15561,㳉,,,,,,,
15562,㳊,jɨu³³,j,ɨu,³³,,,
15563,㳋,kʰɨu³³,kʰ,ɨu,³³,,,
15564,㳌,ʔɰɛp³̲³̲,ʔɰ,ɛp̲̲,³,,,
15565,㳍,pu̯o³¹,p,u̯o,³¹,,,
15566,㳎,bɰiᴇn³¹,bɰ,iᴇn,³¹,,,
15567,㳏,ʂɨ³¹,ʂ,ɨ,³¹,,,
15568,㳐,dʐɰæt³̲³̲,dʐɰæt̲̲,,³,,,
15569,㳑,jit³̲³̲,j,it̲̲,³,,,
15570,㳒,,,,,,,
15571,㳓,,,,,,,
15572,㳔,,,,,,,
15573,㳕,,,,,,,
15574,㳖,ʔɨi³³,ʔ,ɨi,³³,,,
15575,㳗,tʂʰɰɛ³¹,tʂʰɰ,ɛ,³¹,,,
15576,㳘,tɕʰjuŋ³³,tɕʰj,uŋ,³³,,,
15577,㳙,kʷen³³,kʷ,en,³³,,,
15578,㳚,,,,,,,
15579,㳛,jɨu³³,j,ɨu,³³,,,
15580,㳜,hɨu³³,h,ɨu,³³,,,
15581,㳝,,,,,,,
15582,㳞,,,,,,,
15583,㳟,,,,,,,
15584,㳠,tʰɑt³̲³̲,tʰ,ɑt̲̲,³,,,
15585,㳡,,,,,,,
15586,㳢,,,,,,,
15587,㳣,,,,,,,
15588,㳤,,,,,,,
15589,㳥,luŋ³¹,l,uŋ,³¹,,,
15590,㳦,kɰɛi³¹,kɰ,ɛi,³¹,,,
15591,㳧,ȵiᴇp³̲³̲,ȵ,iᴇp̲̲,³,,,
15592,㳨,tsɑt³̲³̲,ts,ɑt̲̲,³,,,
15593,㳩,,,,,,,
15594,㳪,pʰɰi³¹,pʰɰ,i,³¹,,,
15595,㳫,,,,,,,
15596,㳬,zʷiᴇn³¹,zʷ,iᴇn,³¹,sɢl,o,n
15597,㳭,,,,,,,
15598,㳮,,,,,,,
15599,㳯,,,,,,,
15600,㳰,,,,,,,
15601,㳱,,,,,,,
15602,㳲,,,,,,,
15603,㳳,,,,,,,
15604,㳴,mit³̲³̲,m,it̲̲,³,,,
15605,㳵,kʷi³¹,kʷ,i,³¹,,,
15606,㳶,nu³⁵,n,u,³⁵,n,o,̠ʔ
15607,㳷,mjun³⁵,mj,un,³⁵,m̥h,ɯ,̠d
15608,㳸,,,,,,,
15609,㳹,ʔʷɑŋ³¹,ʔʷ,ɑŋ,³¹,,,
15610,㳺,,,,,,,
15611,㳻,tsʰu̯o³¹,tsʰ,u̯o,³¹,sr,e,̠ɡ
15612,㳼,pit³̲³̲,p,it̲̲,³,,,
15613,㳽,,,,,,,
15614,㳾,kʰjaŋ³³,kʰj,aŋ,³³,,,
15615,㳿,siᴇt³̲³̲,s,iᴇt̲̲,³,,,
15616,㴀,pju̯am³³,pj,u̯am,³³,,,
15617,㴁,,,,,,,
15618,㴂,tʰɑm³³,tʰ,ɑm,³³,,,
15619,㴃,,,,,,,
15620,㴄,kʷɰjæŋ³⁵,kʷɰjæŋ,,³⁵,,,
15621,㴅,,,,,,,
15622,㴆,,,,,,,
15623,㴇,,,,,,,
15624,㴈,,,,,,,
15625,㴉,tsei³⁵,ts,ei,³⁵,,,
15626,㴊,,,,,,,
15627,㴋,,,,,,,
15628,㴌,,,,,,,
15629,㴍,,,,,,,
15630,㴎,,,,,,,
15631,㴏,ʔʷɑŋ³⁵,ʔʷ,ɑŋ,³⁵,,,
15632,㴐,men³¹,m,en,³¹,,,
15633,㴑,su̯o³¹,s,u̯o,³¹,,,
15634,㴒,jiᴇk³̲³̲,j,iᴇk̲̲,³,,,
15635,㴓,ʂɰɛ³³,ʂɰ,ɛ,³³,,,
15636,㴔,hɰip³̲³̲,hɰ,ip̲̲,³,qhr,ɯ,b
15637,㴕,,,,,,,
15638,㴖,pʰɑk³̲³̲,pʰ,ɑk̲̲,³,,,
15639,㴗,ʔju³³,ʔj,u,³³,,,
15640,㴘,mɑu³¹,m,ɑu,³¹,,,
15641,㴙,tʂɰɛp³̲³̲,tʂɰ,ɛp̲̲,³,,,
15642,㴚,zʷi³¹,zʷ,i,³¹,,,
15643,㴛,ʈi³¹,ʈ,i,³¹,,,
15644,㴜,,,,,,,
15645,㴝,,,,,,,
15646,㴞,,,,,,,
15647,㴟,,,,,,,
15648,㴠,,,,,,,
15649,㴡,,,,,,,
15650,㴢,,,,,,,
15651,㴣,,,,,,,
15652,㴤,,,,,,,
15653,㴥,tsʰiᴇu³¹,tsʰ,iᴇu,³¹,,,
15654,㴦,kjuŋ³³,kj,uŋ,³³,,,
15655,㴧,sɨk³̲³̲,s,ɨk̲̲,³,,,
15656,㴨,ɖim³⁵,ɖ,im,³⁵,,,
15657,㴩,,,,,,,
15658,㴪,ŋet³̲³̲,ŋ,et̲̲,³,,,
15659,㴫,ŋɰæ³³,ŋɰæ,,³³,,,
15660,㴬,zjæ³¹,zjæ,,³¹,sɢl,a,ɡs
15661,㴭,ʔeu³⁵,ʔ,eu,³⁵,,,
15662,㴮,set³̲³̲,s,et̲̲,³,,,
15663,㴯,tɕi³³,tɕ,i,³³,,,
15664,㴰,nəŋ³³,n,əŋ,³³,,,
15665,㴱,ɕim³³,ɕ,im,³³,,,
15666,㴲,siᴇ³³,s,iᴇ,³³,skl,e,
15667,㴳,,,,,,,
15668,㴴,ɖɰɛm³⁵,ɖɰ,ɛm,³⁵,,,
15669,㴵,mit³̲³̲,m,it̲̲,³,,,
15670,㴶,ɦu̯ok³̲³̲,ɦ,u̯ok̲̲,³,khr,o,̠wɡ
15671,㴷,təm³³,t,əm,³³,,,
15672,㴸,ɕiᴇm³⁵,ɕ,iᴇm,³⁵,,,
15673,㴹,,,,,,,
15674,㴺,,,,,,,
15675,㴻,,,,,,,
15676,㴼,tʂʰjuk³̲³̲,tʂʰj,uk̲̲,³,,,
15677,㴽,set³̲³̲,s,et̲̲,³,,,
15678,㴾,bu̯ot³̲³̲,b,u̯ot̲̲,³,,,
15679,㴿,teŋ³⁵,t,eŋ,³⁵,,,
15680,㵀,,,,,,,
15681,㵁,hʷɑŋ³³,hʷ,ɑŋ,³³,,,
15682,㵂,ɕjɤ³¹,ɕj,ɤ,³¹,,,
15683,㵃,dʑjæ³³,dʑjæ,,³³,,,
15684,㵄,hɑn³¹,h,ɑn,³¹,,,
15685,㵅,tʰəm³³,tʰ,əm,³³,,,
15686,㵆,kɑu³⁵,k,ɑu,³⁵,,,
15687,㵇,,,,,,,
15688,㵈,,,,,,,
15689,㵉,,,,,,,
15690,㵊,ɳɰɛp³̲³̲,ɳɰ,ɛp̲̲,³,,,
15691,㵋,mɰɛ³⁵,mɰ,ɛ,³⁵,mr,e,̠ʔ
15692,㵌,zʷin³³,zʷ,in,³³,,,
15693,㵍,mu̯on³⁵,m,u̯on,³⁵,,,
15694,㵎,kɰɛn³¹,kɰ,ɛn,³¹,kr,e,̠ns
15695,㵏,tsʰu̯oi³⁵,tsʰ,u̯oi,³⁵,,,
15696,㵐,kʰʷjɤt³̲³̲,kʰʷj,ɤt̲̲,³,,,
15697,㵑,ɦɑ³¹,ɦ,ɑ,³¹,,,
15698,㵒,bʷɨi³¹,bʷ,ɨi,³¹,b,ɯ,ds
15699,㵓,dʑɨk³̲³̲,dʑ,ɨk̲̲,³,,,
15700,㵔,tɕʰjæ³⁵,tɕʰjæ,,³⁵,,,
15701,㵕,,,,,,,
15702,㵖,ɳjɤ³¹,ɳj,ɤ,³¹,,,
15703,㵗,bɨŋ³³,b,ɨŋ,³³,,,
15704,㵘,,,,,,,
15705,㵙,,,,,,,
15706,㵚,bjʊ³⁵,bj,ʊ,³⁵,,,
15707,㵛,,,,,,,
15708,㵜,,,,,,,
15709,㵝,jiᴇi³¹,j,iᴇi,³¹,l,e,ds
15710,㵞,dzɨu³³,dz,ɨu,³³,zr,ɯ,w
15711,㵟,mɰi³³,mɰ,i,³³,,,
15712,㵠,kʰu̯ot³̲³̲,kʰ,u̯ot̲̲,³,khl,u,̠d
15713,㵡,bɰɔk³̲³̲,bɰɔk̲̲,,³,,,
15714,㵢,lu̯oi³³,l,u̯oi,³³,,,
15715,㵣,kʰɑt³̲³̲,kʰ,ɑt̲̲,³,kh,a,̠d
15716,㵤,ʂɰɛp³̲³̲,ʂɰ,ɛp̲̲,³,,,
15717,㵥,mit³̲³̲,m,it̲̲,³,,,
15718,㵦,,,,,,,
15719,㵧,kɑt³̲³̲,k,ɑt̲̲,³,,,
15720,㵨,pʰiᴇ³¹,pʰ,iᴇ,³¹,,,
15721,㵩,jiᴇi³¹,j,iᴇi,³¹,,,
15722,㵪,jiᴇn³¹,j,iᴇn,³¹,,,
15723,㵫,ɳip³̲³̲,ɳ,ip̲̲,³,,,
15724,㵬,jiᴇŋ³³,j,iᴇŋ,³³,,,
15725,㵭,,,,,,,
15726,㵮,,,,,,,
15727,㵯,bjuŋ³³,bj,uŋ,³³,,,
15728,㵰,zjɤ³⁵,zj,ɤ,³⁵,,,
15729,㵱,pʰiᴇu³⁵,pʰ,iᴇu,³⁵,,,
15730,㵲,mjʊ³⁵,mj,ʊ,³⁵,,,
15731,㵳,,,,,,,
15732,㵴,dzɑŋ³³,dz,ɑŋ,³³,,,
15733,㵵,dʐɨu³¹,dʐ,ɨu,³¹,,,
15734,㵶,tsiᴇk³̲³̲,ts,iᴇk̲̲,³,,,
15735,㵷,ben³⁵,b,en,³⁵,,,
15736,㵸,,,,,,,
15737,㵹,mɰæk³̲³̲,mɰæk̲̲,,³,,,
15738,㵺,pʰei³¹,pʰ,ei,³¹,phr,e,̠s
15739,㵻,hɨu³³,h,ɨu,³³,,,
15740,㵼,,,,,,,
15741,㵽,lu̯oi³⁵,l,u̯oi,³⁵,,,
15742,㵾,tʂʰɰjæŋ³¹,tʂʰɰjæŋ,,³¹,shr,e,̠ŋs
15743,㵿,ɦeu³⁵,ɦ,eu,³⁵,,,
15744,㶀,kɰæu³³,kɰæ,u,³³,,,
15745,㶁,hʷɰæk³̲³̲,hʷɰæk̲̲,,³,,,
15746,㶂,,,,,,,
15747,㶃,,,,,,,
15748,㶄,jiᴇm³³,j,iᴇm,³³,ɢl,o,m
15749,㶅,dʐɰɔk³̲³̲,dʐɰɔk̲̲,,³,,,
15750,㶆,tɕjɤ³³,tɕj,ɤ,³³,,,
15751,㶇,ɦʷɰæŋ³¹,ɦʷɰæŋ,,³¹,ɡʷr,a,̠ŋs
15752,㶈,ʔʷeŋ³³,ʔʷ,eŋ,³³,,,
15753,㶉,,,,,,,
15754,㶊,,,,,,,
15755,㶋,,,,,,,
15756,㶌,liᴇn³⁵,l,iᴇn,³⁵,ɡ,ə,r
15757,㶍,siᴇn³⁵,s,iᴇn,³⁵,,,
15758,㶎,ɦʷɰæn³³,ɦʷɰæn,,³³,,,
15759,㶏,ʔɨn³¹,ʔ,ɨn,³¹,q,ɯ,nʔ
15760,㶐,,,,,,,
15761,㶑,,,,,,,
15762,㶒,ʂəm³⁵,ʂ,əm,³⁵,,,
15763,㶓,,,,,,,
15764,㶔,bɰɛi³¹,bɰ,ɛi,³¹,,,
15765,㶕,kɰɛn³⁵,kɰ,ɛn,³⁵,kr,e,̠nʔ
15766,㶖,ɕjuk³̲³̲,ɕj,uk̲̲,³,,,
15767,㶗,pʰʷjɤn³¹,pʰʷj,ɤn,³¹,b,a,ns
15768,㶘,dem³⁵,d,em,³⁵,,,
15769,㶙,,,,,,,
15770,㶚,,,,,,,
15771,㶛,jɤ³³,j,ɤ,³³,ɢl,a,
15772,㶜,,,,,,,
15773,㶝,,,,,,,
15774,㶞,,,,,,,
15775,㶟,lʷi³³,lʷ,i,³³,r,u,l
15776,㶠,jiᴇk³̲³̲,j,iᴇk̲̲,³,,,
15777,㶡,,,,,,,
15778,㶢,,,,,,,
15779,㶣,ɖiᴇm³³,ɖ,iᴇm,³³,ɡ‧l,a,m
15780,㶤,,,,,,,
15781,㶥,,,,,,,
15782,㶦,,,,,,,
15783,㶧,,,,,,,
15784,㶨,,,,,,,
15785,㶩,,,,,,,
15786,㶪,,,,,,,
15787,㶫,,,,,,,
15788,㶬,mʷɑt³̲³̲,mʷ,ɑt̲̲,³,,,
15789,㶭,ʔɨu³⁵,ʔ,ɨu,³⁵,,,
15790,㶮,,,,,,,
15791,㶯,,,,,,,
15792,㶰,,,,,,,
15793,㶱,,,,,,,
15794,㶲,,,,,,,
15795,㶳,,,,,lj,i,ns
15796,㶴,tɕʰiᴇ³⁵,tɕʰ,iᴇ,³⁵,khlj,a,lʔ
15797,㶵,,,,,,,
15798,㶶,,,,,,,
15799,㶷,,,,,,,
15800,㶸,,,,,,,
15801,㶹,ɦuŋ³⁵,ɦ,uŋ,³⁵,,,
15802,㶺,,,,,,,
15803,㶻,,,,,,,
15804,㶼,hɨ³³,h,ɨ,³³,,,
15805,㶽,,,,,,,
15806,㶾,,,,,,,
15807,㶿,bu̯ot³̲³̲,b,u̯ot̲̲,³,,,
15808,㷀,,,,,,,
15809,㷁,,,,,,,
15810,㷂,,,,,,,
15811,㷃,,,,,,,
15812,㷄,hu̯oi³⁵,h,u̯oi,³⁵,qhl,u,̠lʔ
15813,㷅,tʂʰɰɛp³̲³̲,tʂʰɰ,ɛp̲̲,³,,,
15814,㷆,bɨu³⁵,b,ɨu,³⁵,,,
15815,㷇,kʰu̯oi³³,kʰ,u̯oi,³³,,,
15816,㷈,ʔəp³̲³̲,ʔ,əp̲̲,³,,,
15817,㷉,ʔʷɨi³¹,ʔʷ,ɨi,³¹,q,u,ds
15818,㷊,,,,,,,
15819,㷋,dɑm³³,d,ɑm,³³,,,
15820,㷌,,,,,,,
15821,㷍,,,,,,,
15822,㷎,ʔjɤt³̲³̲,ʔj,ɤt̲̲,³,,,
15823,㷏,ʔjʊŋ³⁵,ʔj,ʊŋ,³⁵,,,
15824,㷐,,,,,,,
15825,㷑,,,,,,,
15826,㷒,ŋjʊ³³,ŋj,ʊ,³³,,,
15827,㷓,tsʰuŋ³³,tsʰ,uŋ,³³,,,
15828,㷔,,,,,,,
15829,㷕,,,,,,,
15830,㷖,,,,,,,
15831,㷗,,,,,,,
15832,㷘,,,,,,,
15833,㷙,,,,,,,
15834,㷚,,,,,,,
15835,㷛,,,,,,,
15836,㷜,,,,,,,
15837,㷝,,,,,,,
15838,㷞,,,,,,,
15839,㷟,tʰu̯oi³³,tʰ,u̯oi,³³,,,
15840,㷠,lin³¹,l,in,³¹,,,
15841,㷡,,,,,,,
15842,㷢,dʐiᴇ³³,dʐ,iᴇ,³³,,,
15843,㷣,sʷiᴇŋ³³,sʷ,iᴇŋ,³³,,,
15844,㷤,hɰɔk³̲³̲,hɰɔk̲̲,,³,,,
15845,㷥,,,,,,,
15846,㷦,,,,,,,
15847,㷧,,,,,,,
15848,㷨,,,,,,,
15849,㷩,,,,,,,
15850,㷪,,,,,,,
15851,㷫,kʰeŋ³⁵,kʰ,eŋ,³⁵,,,
15852,㷬,mɑk³̲³̲,m,ɑk̲̲,³,,,
15853,㷭,pʰjʊŋ³³,pʰj,ʊŋ,³³,ph,o,ŋ
15854,㷮,tsɑu³³,ts,ɑu,³³,sk,u,
15855,㷯,buŋ³⁵,b,uŋ,³⁵,,,
15856,㷰,liᴇ³³,l,iᴇ,³³,,,
15857,㷱,,,,,,,
15858,㷲,,,,,,,
15859,㷳,ŋɑn³¹,ŋ,ɑn,³¹,ŋ,a,̠ns
15860,㷴,lek³̲³̲,l,ek̲̲,³,,,
15861,㷵,,,,,,,
15862,㷶,bɰi³¹,bɰ,i,³¹,,,
15863,㷷,tsʷiᴇn³⁵,tsʷ,iᴇn,³⁵,,,
15864,㷸,,,,,,,
15865,㷹,,,,,,,
15866,㷺,,,,,,,
15867,㷻,,,,,,,
15868,㷼,,,,,,,
15869,㷽,,,,,,,
15870,㷾,ɡjak³̲³̲,ɡj,ak̲̲,³,,,
15871,㷿,hjam³³,hj,am,³³,,,
15872,㸀,,,,,,,
15873,㸁,,,,,,,
15874,㸂,,,,,,,
15875,㸃,tɕiᴇm³³,tɕ,iᴇm,³³,,,
15876,㸄,,,,,,,
15877,㸅,tsit³̲³̲,ts,it̲̲,³,,,
15878,㸆,,,,,,,
15879,㸇,,,,,,,
15880,㸈,tsiᴇu³³,ts,iᴇu,³³,,,
15881,㸉,,,,,,,
15882,㸊,lɑi³¹,l,ɑi,³¹,,,
15883,㸋,bʷjɤn³³,bʷj,ɤn,³³,b,a,n
15884,㸌,,,,,,,
15885,㸍,hɰiᴇ³¹,hɰ,iᴇ,³¹,,,
15886,㸎,ɳiᴇp³̲³̲,ɳ,iᴇp̲̲,³,,,
15887,㸏,mɰiᴇ³³,mɰ,iᴇ,³³,,,
15888,㸐,ȵiᴇn³³,ȵ,iᴇn,³³,mɡlj,a,n
15889,㸑,tsʰu̯on³³,tsʰ,u̯on,³³,,,
15890,㸒,jɨu³³,j,ɨu,³³,b,ə,l
15891,㸓,mɰit³̲³̲,mɰ,it̲̲,³,,,
15892,㸔,,,,,,,
15893,㸕,,,,,,,
15894,㸖,,,,,,,
15895,㸗,,,,,,,
15896,㸘,,,,,,,
15897,㸙,tɕjæ³³,tɕjæ,,³³,,,
15898,㸚,lei³¹,l,ei,³¹,,,
15899,㸛,dʑiᴇu³³,dʑ,iᴇu,³³,,,
15900,㸜,kʰuŋ³¹,kʰ,uŋ,³¹,,,
15901,㸝,hjam³³,hj,am,³³,,,
15902,㸞,,,,,,,
15903,㸟,,,,,,,
15904,㸠,ɖiᴇu³⁵,ɖ,iᴇu,³⁵,,,
15905,㸡,dʑjʊ³³,dʑj,ʊ,³³,,,
15906,㸢,bɰi³¹,bɰ,i,³¹,,,
15907,㸣,ŋjap³̲³̲,ŋj,ap̲̲,³,,,
15908,㸤,pʰen³¹,pʰ,en,³¹,,,
15909,㸥,dʐɰæm³¹,dʐɰæm,,³¹,,,
15910,㸦,,,,,ɡ,a,̠s
15911,㸧,kʰɰɛn³⁵,kʰɰ,ɛn,³⁵,,,
15912,㸨,kɨu³³,k,ɨu,³³,,,
15913,㸩,ŋɑn³³,ŋ,ɑn,³³,,,
15914,㸪,ʑʷin³³,ʑʷ,in,³³,,,
15915,㸫,,,,,,,
15916,㸬,pɑi³¹,p,ɑi,³¹,p,o,̠ds
15917,㸭,pɰæ³³,pɰæ,,³³,,,
15918,㸮,bjun³³,bj,un,³³,,,
15919,㸯,kʰʷɑ³³,kʰʷ,ɑ,³³,,,
15920,㸰,kʰʷɑ³³,kʰʷ,ɑ,³³,,,
15921,㸱,,,,,,,
15922,㸲,tsɑk³̲³̲,ts,ɑk̲̲,³,z,a,̠ɡ
15923,㸳,leŋ³³,l,eŋ,³³,,,
15924,㸴,,,,,,,
15925,㸵,,,,,,,
15926,㸶,ʔɰɛn³³,ʔɰ,ɛn,³³,,,
15927,㸷,,,,,,,
15928,㸸,kʰu³⁵,kʰ,u,³⁵,,,
15929,㸹,lʷɑt³̲³̲,lʷ,ɑt̲̲,³,r,o,d
15930,㸺,ʂɰæ³³,ʂɰæ,,³³,,,
15931,㸻,ʐɨ³⁵,ʐ,ɨ,³⁵,,,
15932,㸼,pjʊŋ³³,pj,ʊŋ,³³,,,
15933,㸽,pɑi³¹,p,ɑi,³¹,,,
15934,㸾,ȵin³¹,ȵ,in,³¹,,,
15935,㸿,,,,,,,
15936,㹀,,,,,,,
15937,㹁,ljaŋ³¹,lj,aŋ,³¹,ɡ,ə,r
15938,㹂,ɦɰɛn³⁵,ɦɰ,ɛn,³⁵,kh,e,nʔ
15939,㹃,pu̯oi³¹,p,u̯oi,³¹,p,ɯ,ls
15940,㹄,tsɨk³̲³̲,ts,ɨk̲̲,³,,,
15941,㹅,,,,,,,
15942,㹆,hʷɨi³³,hʷ,ɨi,³³,,,
15943,㹇,kjɤn³³,kj,ɤn,³³,,,
15944,㹈,,,,,,,
15945,㹉,ŋʷjɤn³³,ŋʷj,ɤn,³³,,,
15946,㹊,ŋu̯ok³̲³̲,ŋ,u̯ok̲̲,³,ŋɡr,o,̠wɡ
15947,㹋,,,,,,,
15948,㹌,ʂɰɛn³⁵,ʂɰ,ɛn,³⁵,sŋr,e,̠nʔ
15949,㹍,dek³̲³̲,d,ek̲̲,³,,,
15950,㹎,,,,,r,u,l
15951,㹏,kɨn³⁵,k,ɨn,³⁵,,,
15952,㹐,,,,,,,
15953,㹑,si³¹,s,i,³¹,,,
15954,㹒,pʰɰɔk³̲³̲,pʰɰɔk̲̲,,³,,,
15955,㹓,ŋiᴇu³⁵,ŋ,iᴇu,³⁵,,,
15956,㹔,kjaŋ³³,kj,aŋ,³³,k,a,ŋ
15957,㹕,,,,,,,
15958,㹖,,,,,ɡr,o,̠ns
15959,㹗,təi³³,t,əi,³³,kh‧l,u,
15960,㹘,ȵjʊ³¹,ȵj,ʊ,³¹,,,
15961,㹙,ʔɰæŋ³⁵,ʔɰæŋ,,³⁵,,,
15962,㹚,,,,,,,
15963,㹛,ȵiᴇu³⁵,ȵ,iᴇu,³⁵,nj,i,w
15964,㹜,ŋɨn³³,ŋ,ɨn,³³,ŋ,ɯ,n
15965,㹝,,,,,,,
15966,㹞,ŋɨn³³,ŋ,ɨn,³³,ŋɡr,ɯ,n
15967,㹟,kʷet³̲³̲,kʷ,et̲̲,³,,,
15968,㹠,du̯on³³,d,u̯on,³³,ɡ‧l,u,̠n
15969,㹡,ɦʷen³³,ɦʷ,en,³³,,,
15970,㹢,,,,,,,
15971,㹣,tɕjuŋ³³,tɕj,uŋ,³³,,,
15972,㹤,kʰjap³̲³̲,kʰj,ap̲̲,³,kh,a,b
15973,㹥,tʰu³⁵,tʰ,u,³⁵,tj,o,s
15974,㹦,teu³³,t,eu,³³,,,
15975,㹧,ʔjaŋ³³,ʔj,aŋ,³³,,,
15976,㹨,,,,,,,
15977,㹩,,,,,,,
15978,㹪,ʂɰæn³³,ʂɰæn,,³³,sr,a,̠n
15979,㹫,ji³³,j,i,³³,,,
15980,㹬,ʂɨ³⁵,ʂ,ɨ,³⁵,,,
15981,㹭,jiᴇi³¹,j,iᴇi,³¹,,,
15982,㹮,mɰæk³̲³̲,mɰæk̲̲,,³,,,
15983,㹯,hɨu³³,h,ɨu,³³,,,
15984,㹰,,,,,,,
15985,㹱,tsʰjʊk³̲³̲,tsʰj,ʊk̲̲,³,,,
15986,㹲,hɰæu³³,hɰæ,u,³³,,,
15987,㹳,ŋu̯o³³,ŋ,u̯o,³³,,,
15988,㹴,,,,,,,
15989,㹵,,,,,,,
15990,㹶,deŋ³³,d,eŋ,³³,,,
15991,㹷,,,,,,,
15992,㹸,,,,,,,
15993,㹹,kɰæŋ³³,kɰæŋ,,³³,,,
15994,㹺,tʰəp³̲³̲,tʰ,əp̲̲,³,,,
15995,㹻,ʔʷɑ³³,ʔʷ,ɑ,³³,,,
15996,㹼,kjuk³̲³̲,kj,uk̲̲,³,,,
15997,㹽,tʂʰɰæn³⁵,tʂʰɰæn,,³⁵,shr,e,̠nʔ
15998,㹾,kʰeu³³,kʰ,eu,³³,,,
15999,㹿,ʈɰæu³¹,ʈɰæ,u,³¹,,,
16000,㺀,,,,,,,
16001,㺁,nɑu³⁵,n,ɑu,³⁵,,,
16002,㺂,kəm³⁵,k,əm,³⁵,,,
16003,㺃,,,,,,,
16004,㺄,,,,,l,o,ʔ
16005,㺅,ɦu³³,ɦ,u,³³,,,
16006,㺆,,,,,,,
16007,㺇,sɨ³³,s,ɨ,³³,sqh,ɯ,
16008,㺈,tɕʰɨ³³,tɕʰ,ɨ,³³,,,
16009,㺉,ku³¹,k,u,³¹,qhr,o,̠ɡ
16010,㺊,jaŋ³¹,j,aŋ,³¹,,,
16011,㺋,ʔuŋ³³,ʔ,uŋ,³³,,,
16012,㺌,ɦɰɛm³⁵,ɦɰ,ɛm,³⁵,ɡr,e,̠mʔ
16013,㺍,,,,,,,
16014,㺎,jʊŋ³³,j,ʊŋ,³³,l,o,ŋ
16015,㺏,ljʊ³³,lj,ʊ,³³,,,
16016,㺐,lɑu³⁵,l,ɑu,³⁵,,,
16017,㺑,ʂim³³,ʂ,im,³³,sr,o,̠mʔ
16018,㺒,hɰæu³¹,hɰæ,u,³¹,ɡr,ɯ,̠wʔ
16019,㺓,,,,,,,
16020,㺔,hɑi³¹,h,ɑi,³¹,,,
16021,㺕,bɰiᴇn³¹,bɰ,iᴇn,³¹,b,a,n
16022,㺖,ʔɰɛm³⁵,ʔɰ,ɛm,³⁵,qhr,a,̠mʔ
16023,㺗,tɕʰiᴇn³³,tɕʰ,iᴇn,³³,,,
16024,㺘,tʂɰɛm³¹,tʂɰ,ɛm,³¹,,,
16025,㺙,,,,,,,
16026,㺚,tʰɑt³̲³̲,tʰ,ɑt̲̲,³,,,
16027,㺛,tɕjʊ³¹,tɕj,ʊ,³¹,,,
16028,㺜,nu̯oŋ³³,n,u̯oŋ,³³,n,u,
16029,㺝,ɦɰæm³⁵,ɦɰæm,,³⁵,,,
16030,㺞,jɤ³³,j,ɤ,³³,,,
16031,㺟,ɖɰɔk³̲³̲,ɖɰɔk̲̲,,³,,,
16032,㺠,,,,,,,
16033,㺡,lek³̲³̲,l,ek̲̲,³,,,
16034,㺢,,,,,,,
16035,㺣,hɰiᴇ³³,hɰ,iᴇ,³³,,,
16036,㺤,siᴇm³³,s,iᴇm,³³,,,
16037,㺥,dʐɰæm³³,dʐɰæm,,³³,,,
16038,㺦,ʈʰin³³,ʈʰ,in,³³,,,
16039,㺧,,,,,,,
16040,㺨,si³³,s,i,³³,sl,i,l
16041,㺩,ɡju³¹,ɡj,u,³¹,,,
16042,㺪,pʰɰɔk³̲³̲,pʰɰɔk̲̲,,³,,,
16043,㺫,,,,,,,
16044,㺬,kjʊŋ³⁵,kj,ʊŋ,³⁵,,,
16045,㺭,,,,,,,
16046,㺮,ɦʲjʊ³³,ɦʲj,ʊ,³³,,,
16047,㺯,,,,,,,
16048,㺰,,,,,,,
16049,㺱,ȵɨŋ³³,ȵ,ɨŋ,³³,,,
16050,㺲,ɳɨu³⁵,ɳ,ɨu,³⁵,,,
16051,㺳,,,,,,,
16052,㺴,pɰɛt³̲³̲,pɰ,ɛt̲̲,³,,,
16053,㺵,,,,,,,
16054,㺶,,,,,,,
16055,㺷,sʷit³̲³̲,sʷ,it̲̲,³,,,
16056,㺸,,,,,,,
16057,㺹,bɰiᴇn³¹,bɰ,iᴇn,³¹,,,
16058,㺺,məi³¹,m,əi,³¹,,,
16059,㺻,,,,,,,
16060,㺼,,,,,,,
16061,㺽,,,,,,,
16062,㺾,,,,,,,
16063,㺿,jɨ³³,j,ɨ,³³,ɢ,ɯ,
16064,㻀,,,,,,,
16065,㻁,,,,,,,
16066,㻂,beŋ³³,b,eŋ,³³,,,
16067,㻃,,,,,kh,o,ɡ
16068,㻄,,,,,,,
16069,㻅,,,,,,,
16070,㻆,kʷen³⁵,kʷ,en,³⁵,,,
16071,㻇,,,,,,,
16072,㻈,,,,,,,
16073,㻉,,,,,,,
16074,㻊,mu̯on³³,m,u̯on,³³,,,
16075,㻋,kɨk³̲³̲,k,ɨk̲̲,³,,,
16076,㻌,tʰu̯o³³,tʰ,u̯o,³³,,,
16077,㻍,ŋu̯o³³,ŋ,u̯o,³³,,,
16078,㻎,ʂɪt³̲³̲,ʂ,ɪt̲̲,³,,,
16079,㻏,,,,,,,
16080,㻐,,,,,,,
16081,㻑,kʷi³¹,kʷ,i,³¹,,,
16082,㻒,ɡʷɰin³⁵,ɡʷɰ,in,³⁵,,,
16083,㻓,tʂɨu³³,tʂ,ɨu,³³,,,
16084,㻔,,,,,,,
16085,㻕,,,,,,,
16086,㻖,dəi³¹,d,əi,³¹,,,
16087,㻗,bu̯oi³¹,b,u̯oi,³¹,,,
16088,㻘,,,,,,,
16089,㻙,,,,,,,
16090,㻚,,,,,,,
16091,㻛,,,,,,,
16092,㻜,,,,,,,
16093,㻝,lɑt³̲³̲,l,ɑt̲̲,³,b,ə,r
16094,㻞,pɰin³³,pɰ,in,³³,pr,i,n
16095,㻟,zʷiᴇ³³,zʷ,iᴇ,³³,,,
16096,㻠,du̯ot³̲³̲,d,u̯ot̲̲,³,,,
16097,㻡,,,,,skl,e,d
16098,㻢,,,,,,,
16099,㻣,lɑŋ³³,l,ɑŋ,³³,,,
16100,㻤,,,,,,,
16101,㻥,,,,,,,
16102,㻦,,,,,,,
16103,㻧,,,,,,,
16104,㻨,ʔʷjɤn³³,ʔʷj,ɤn,³³,,,
16105,㻩,,,,,,,
16106,㻪,,,,,,,
16107,㻫,pit³̲³̲,p,it̲̲,³,,,
16108,㻬,ʈʰjɤ³³,ʈʰj,ɤ,³³,kh‧l,a,̠
16109,㻭,ʂɪt³̲³̲,ʂ,ɪt̲̲,³,,,
16110,㻮,,,,,,,
16111,㻯,tʰu̯o³³,tʰ,u̯o,³³,,,
16112,㻰,ɦʲʷiᴇi³¹,ɦʲʷ,iᴇi,³¹,,,
16113,㻱,,,,,,,
16114,㻲,,,,,,,
16115,㻳,,,,,,,
16116,㻴,,,,,,,
16117,㻵,dʐɰæn³¹,dʐɰæn,,³¹,,,
16118,㻶,pɰit³̲³̲,pɰ,it̲̲,³,,,
16119,㻷,kɨk³̲³̲,k,ɨk̲̲,³,,,
16120,㻸,dzim³³,dz,im,³³,skr,u,m
16121,㻹,,,,,,,
16122,㻺,lek³̲³̲,l,ek̲̲,³,,,
16123,㻻,,,,,,,
16124,㻼,,,,,,,
16125,㻽,,,,,,,
16126,㻾,ʔjʊŋ³³,ʔj,ʊŋ,³³,,,
16127,㻿,dʑjʊk³̲³̲,dʑj,ʊk̲̲,³,,,
16128,㼀,,,,,,,
16129,㼁,,,,,,,
16130,㼂,,,,,,,
16131,㼃,,,,,,,
16132,㼄,ɡɨi³¹,ɡ,ɨi,³¹,,,
16133,㼅,,,,,,,
16134,㼆,,,,,,,
16135,㼇,,,,,,,
16136,㼈,,,,,,,
16137,㼉,ɖim³⁵,ɖ,im,³⁵,,,
16138,㼊,,,,,,,
16139,㼋,ȵjɤ³⁵,ȵj,ɤ,³⁵,,,
16140,㼌,jʊ³⁵,j,ʊ,³⁵,l,o,ʔ
16141,㼍,lu̯oi³⁵,l,u̯oi,³⁵,,,
16142,㼎,bɰɔk³̲³̲,bɰɔk̲̲,,³,br,e,̠wɡ
16143,㼏,nu̯oi³⁵,n,u̯oi,³⁵,,,
16144,㼐,ben³³,b,en,³³,,,
16145,㼑,len³¹,l,en,³¹,,,
16146,㼒,tʰɑŋ³⁵,tʰ,ɑŋ,³⁵,,,
16147,㼓,,,,,,,
16148,㼔,ʔu̯on³³,ʔ,u̯on,³³,,,
16149,㼕,tɑŋ³³,t,ɑŋ,³³,,,
16150,㼖,lei³¹,l,ei,³¹,,,
16151,㼗,deŋ³³,d,eŋ,³³,,,
16152,㼘,,,,,,,
16153,㼙,,,,,,,
16154,㼚,kɑŋ³³,k,ɑŋ,³³,,,
16155,㼛,ɦɰɛŋ³³,ɦɰ,ɛŋ,³³,,,
16156,㼜,ʔɑŋ³¹,ʔ,ɑŋ,³¹,,,
16157,㼝,ʔʷɑn³⁵,ʔʷ,ɑn,³⁵,q,o,̠nʔ
16158,㼞,bɰæŋ³¹,bɰæŋ,,³¹,,,
16159,㼟,pɰæk³̲³̲,pɰæk̲̲,,³,,,
16160,㼠,dɑ³³,d,ɑ,³³,,,
16161,㼡,dʑjʊ³³,dʑj,ʊ,³³,,,
16162,㼢,jɨ³³,j,ɨ,³³,,,
16163,㼣,pɰæk³̲³̲,pɰæk̲̲,,³,,,
16164,㼤,kʰet³̲³̲,kʰ,et̲̲,³,,,
16165,㼥,kʰɑu³⁵,kʰ,ɑu,³⁵,,,
16166,㼦,kjʊŋ³⁵,kj,ʊŋ,³⁵,,,
16167,㼧,duŋ³³,d,uŋ,³³,,,
16168,㼨,,,,,,,
16169,㼩,dʑiᴇŋ³³,dʑ,iᴇŋ,³³,,,
16170,㼪,tsep³̲³̲,ts,ep̲̲,³,,,
16171,㼫,ɦʷɰæ³⁵,ɦʷɰæ,,³⁵,,,
16172,㼬,ɦʷeŋ³⁵,ɦʷ,eŋ,³⁵,,,
16173,㼭,dem³¹,d,em,³¹,,,
16174,㼮,tʂʰɰɛ³³,tʂʰɰ,ɛ,³³,,,
16175,㼯,tuŋ³¹,t,uŋ,³¹,,,
16176,㼰,bɰi³⁵,bɰ,i,³⁵,b,e,̠
16177,㼱,tsʷin³¹,tsʷ,in,³¹,nj,o,nʔ
16178,㼲,liᴇp³̲³̲,l,iᴇp̲̲,³,r,e,̠b
16179,㼳,ʂɰæŋ³⁵,ʂɰæŋ,,³⁵,,,
16180,㼴,ŋu³⁵,ŋ,u,³⁵,,,
16181,㼵,dei³³,d,ei,³³,,,
16182,㼶,jʊ³³,j,ʊ,³³,,,
16183,㼷,tɕʷiᴇn³³,tɕʷ,iᴇn,³³,,,
16184,㼸,jʊŋ³³,j,ʊŋ,³³,ɢl,o,ŋ
16185,㼹,kʰɑŋ³³,kʰ,ɑŋ,³³,,,
16186,㼺,dɑŋ³³,d,ɑŋ,³³,,,
16187,㼻,dzu̯oŋ³³,dz,u̯oŋ,³³,,,
16188,㼼,,,,,,,
16189,㼽,ʂjaŋ³⁵,ʂj,aŋ,³⁵,shr,a,ŋʔ
16190,㼾,luk³̲³̲,l,uk̲̲,³,,,
16191,㼿,duŋ³³,d,uŋ,³³,,,
16192,㽀,ɖiᴇŋ³¹,ɖ,iᴇŋ,³¹,,,
16193,㽁,lek³̲³̲,l,ek̲̲,³,,,
16194,㽂,səp³̲³̲,s,əp̲̲,³,,,
16195,㽃,pʰʷɑn³³,pʰʷ,ɑn,³³,,,
16196,㽄,siᴇ³³,s,iᴇ,³³,,,
16197,㽅,təŋ³³,t,əŋ,³³,,,
16198,㽆,tɑŋ³³,t,ɑŋ,³³,,,
16199,㽇,ɦuk³̲³̲,ɦ,uk̲̲,³,,,
16200,㽈,ŋɨ³¹,ŋ,ɨ,³¹,,,
16201,㽉,ɦɑm³¹,ɦ,ɑm,³¹,,,
16202,㽊,sep³̲³̲,s,ep̲̲,³,,,
16203,㽋,,,,,,,
16204,㽌,lɨu³¹,l,ɨu,³¹,,,
16205,㽍,kʰɑm³³,kʰ,ɑm,³³,,,
16206,㽎,hɰim³³,hɰ,im,³³,,,
16207,㽏,,,,,,,
16208,㽐,hem³³,h,em,³³,,,
16209,㽑,dəm³³,d,əm,³³,,,
16210,㽒,,,,,,,
16211,㽓,,,,,,,
16212,㽔,,,,,,,
16213,㽕,ɦəm³⁵,ɦ,əm,³⁵,l,ɯ,̠w
16214,㽖,,,,,,,
16215,㽗,,,,,,,
16216,㽘,kɑŋ³¹,k,ɑŋ,³¹,k,a,̠ŋʔ
16217,㽙,,,,,,,
16218,㽚,ʈʰɨk³̲³̲,ʈʰ,ɨk̲̲,³,,,
16219,㽛,ɡjʊ³³,ɡj,ʊ,³³,,,
16220,㽜,ʔʷjɤn³¹,ʔʷj,ɤn,³¹,,,
16221,㽝,,,,,,,
16222,㽞,,,,,,,
16223,㽟,lʷiᴇt³̲³̲,lʷ,iᴇt̲̲,³,,,
16224,㽠,ɦɰɛp³̲³̲,ɦɰ,ɛp̲̲,³,,,
16225,㽡,pɰiᴇ³³,pɰ,iᴇ,³³,,,
16226,㽢,ʔjap³̲³̲,ʔj,ap̲̲,³,,,
16227,㽣,ɦʲɨk³̲³̲,ɦʲ,ɨk̲̲,³,,,
16228,㽤,kjuk³̲³̲,kj,uk̲̲,³,,,
16229,㽥,ȵɨu³³,ȵ,ɨu,³³,mlj,u,
16230,㽦,den³¹,d,en,³¹,,,
16231,㽧,tsɨ³³,ts,ɨ,³³,,,
16232,㽨,dzɑ³³,dz,ɑ,³³,z,a,̠l
16233,㽩,tsʰəm³¹,tsʰ,əm,³¹,,,
16234,㽪,tsəŋ³⁵,ts,əŋ,³⁵,,,
16235,㽫,,,,,,,
16236,㽬,pʰɨk³̲³̲,pʰ,ɨk̲̲,³,,,
16237,㽭,nʷɑ³³,nʷ,ɑ,³³,,,
16238,㽮,,,,,,,
16239,㽯,ɦʷei³³,ɦʷ,ei,³³,,,
16240,㽰,ʂjɤ³³,ʂj,ɤ,³³,,,
16241,㽱,kɨu³³,k,ɨu,³³,kr,u,̠ʔ
16242,㽲,hɨu³⁵,h,ɨu,³⁵,qh,u,ʔ
16243,㽳,hjʊ³³,hj,ʊ,³³,,,
16244,㽴,ɖjaŋ³⁵,ɖj,aŋ,³⁵,,,
16245,㽵,tʂjaŋ³³,tʂj,aŋ,³³,,,
16246,㽶,,,,,,,
16247,㽷,ɕʷi³¹,ɕʷ,i,³¹,,,
16248,㽸,dʑim³³,dʑ,im,³³,,,
16249,㽹,pʰʷjɤn³⁵,pʰʷj,ɤn,³⁵,ph,a,ns
16250,㽺,həp³̲³̲,h,əp̲̲,³,qh,ɯ,̠b
16251,㽻,tɕiᴇ³³,tɕ,iᴇ,³³,,,
16252,㽼,,,,,,,
16253,㽽,ku̯o³¹,k,u̯o,³¹,k,a,̠s
16254,㽾,ŋu̯ot³̲³̲,ŋ,u̯ot̲̲,³,ŋɡl,u,̠d
16255,㽿,kʰʷɑ³³,kʰʷ,ɑ,³³,,,
16256,㾀,kʰjap³̲³̲,kʰj,ap̲̲,³,,,
16257,㾁,hjut³̲³̲,hj,ut̲̲,³,qhl,u,̠d
16258,㾂,həi³³,h,əi,³³,,,
16259,㾃,dɑ³³,d,ɑ,³³,,,
16260,㾄,duk³̲³̲,d,uk̲̲,³,,,
16261,㾅,tʂɨ³⁵,tʂ,ɨ,³⁵,sr,ɯ,ʔ
16262,㾆,tɕʰiᴇm³³,tɕʰ,iᴇm,³³,,,
16263,㾇,mjuk³̲³̲,mj,uk̲̲,³,,,
16264,㾈,bjʊ³³,bj,ʊ,³³,b,o,ʔ
16265,㾉,leŋ³³,l,eŋ,³³,,,
16266,㾊,ʂɰɛk³̲³̲,ʂɰ,ɛk̲̲,³,,,
16267,㾋,hɨu³³,h,ɨu,³³,,,
16268,㾌,,,,,,,
16269,㾍,ȵəi³³,ȵ,əi,³³,,,
16270,㾎,ʔɰɛp³̲³̲,ʔɰ,ɛp̲̲,³,,,
16271,㾏,kɰɛ³¹,kɰ,ɛ,³¹,,,
16272,㾐,liᴇi³¹,l,iᴇi,³¹,r,e,ds
16273,㾑,təp³̲³̲,t,əp̲̲,³,,,
16274,㾒,ȵjɤ³³,ȵj,ɤ,³³,,,
16275,㾓,ʔʷen³³,ʔʷ,en,³³,qʷ,e,̠n
16276,㾔,ljɤ³⁵,lj,ɤ,³⁵,,,
16277,㾕,sin³³,s,in,³³,sr,i,ŋ
16278,㾖,lɨ³³,l,ɨ,³³,,,
16279,㾗,ljaŋ³¹,lj,aŋ,³¹,,,
16280,㾘,kɰæŋ³⁵,kɰæŋ,,³⁵,,,
16281,㾙,hɨn³⁵,h,ɨn,³⁵,,,
16282,㾚,,,,,,,
16283,㾛,tsʰim³⁵,tsʰ,im,³⁵,,,
16284,㾜,kʰep³̲³̲,kʰ,ep̲̲,³,kh,e,̠b
16285,㾝,,,,,,,
16286,㾞,jɨu³³,j,ɨu,³³,,,
16287,㾟,bu̯o³¹,b,u̯o,³¹,,,
16288,㾠,,,,,,,
16289,㾡,kʰjak³̲³̲,kʰj,ak̲̲,³,,,
16290,㾢,ləi³¹,l,əi,³¹,,,
16291,㾣,kʰəp³̲³̲,kʰ,əp̲̲,³,,,
16292,㾤,kʰɰɔŋ³³,kʰɰɔŋ,,³³,,,
16293,㾥,ʈʰjuk³̲³̲,ʈʰj,uk̲̲,³,,,
16294,㾦,pʰu̯oi³³,pʰ,u̯oi,³³,,,
16295,㾧,lʷɑ³⁵,lʷ,ɑ,³⁵,,,
16296,㾨,ʔɰiᴇ³³,ʔɰ,iᴇ,³³,,,
16297,㾩,kʷɰɛi³³,kʷɰ,ɛi,³³,,,
16298,㾪,ʂɰjæŋ³⁵,ʂɰjæŋ,,³⁵,,,
16299,㾫,pʰiᴇn³³,pʰ,iᴇn,³³,ph,e,n
16300,㾬,,,,,,,
16301,㾭,tʂɨu³¹,tʂ,ɨu,³¹,,,
16302,㾮,ɦʷɑŋ³³,ɦʷ,ɑŋ,³³,,,
16303,㾯,du̯oi³³,d,u̯oi,³³,,,
16304,㾰,ɦu̯o³³,ɦ,u̯o,³³,,,
16305,㾱,,,,,,,
16306,㾲,,,,,,,
16307,㾳,,,,,,,
16308,㾴,,,,,,,
16309,㾵,,,,,,,
16310,㾶,ku̯ot³̲³̲,k,u̯ot̲̲,³,,,
16311,㾷,siᴇ³³,s,iᴇ,³³,,,
16312,㾸,kɑu³⁵,k,ɑu,³⁵,,,
16313,㾹,dʐɰɛ³¹,dʐɰ,ɛ,³¹,,,
16314,㾺,mɰæn³¹,mɰæn,,³¹,,,
16315,㾻,ɖjɤ³¹,ɖj,ɤ,³¹,,,
16316,㾼,tʰu̯oi³¹,tʰ,u̯oi,³¹,,,
16317,㾽,ɖʷiᴇ³¹,ɖʷ,iᴇ,³¹,,,
16318,㾾,hem³³,h,em,³³,,,
16319,㾿,,,,,,,
16320,㿀,,,,,,,
16321,㿁,jiᴇu³³,j,iᴇu,³³,,,
16322,㿂,,,,,,,
16323,㿃,tei³¹,t,ei,³¹,t,a,ds
16324,㿄,ʔɨ³³,ʔ,ɨ,³³,qr,e,̠s
16325,㿅,siᴇn³⁵,s,iᴇn,³⁵,,,
16326,㿆,,,,,,,
16327,㿇,zip³̲³̲,z,ip̲̲,³,,,
16328,㿈,,,,,,,
16329,㿉,du̯oi³³,d,u̯oi,³³,ɡ‧l,u,̠l
16330,㿊,tsʰiᴇn³³,tsʰ,iᴇn,³³,skh,a,n
16331,㿋,sɑu³¹,s,ɑu,³¹,,,
16332,㿌,hjam³³,hj,am,³³,,,
16333,㿍,,,,,,,
16334,㿎,bjun³¹,bj,un,³¹,,,
16335,㿏,ŋʷɰæn³³,ŋʷɰæn,,³³,,,
16336,㿐,,,,,,,
16337,㿑,jak³̲³̲,j,ak̲̲,³,,,
16338,㿒,ʈɨu³⁵,ʈ,ɨu,³⁵,,,
16339,㿓,kʰɰɛp³̲³̲,kʰɰ,ɛp̲̲,³,,,
16340,㿔,,,,,,,
16341,㿕,jiᴇm³³,j,iᴇm,³³,,,
16342,㿖,lu̯o³³,l,u̯o,³³,,,
16343,㿗,du̯oi³³,d,u̯oi,³³,,,
16344,㿘,jʷiᴇŋ³³,jʷ,iᴇŋ,³³,,,
16345,㿙,pʰɰi³¹,pʰɰ,i,³¹,br,i,ds
16346,㿚,lɑ³¹,l,ɑ,³¹,,,
16347,㿛,lei³¹,l,ei,³¹,b,ə,r
16348,㿜,,,,,,,
16349,㿝,,,,,,,
16350,㿞,,,,,,,
16351,㿟,pʰɰæk³̲³̲,pʰɰæk̲̲,,³,,,
16352,㿠,,,,,,,
16353,㿡,,,,,,,
16354,㿢,,,,,,,
16355,㿣,ɦɑt³̲³̲,ɦ,ɑt̲̲,³,,,
16356,㿤,,,,,,,
16357,㿥,ɦɑk³̲³̲,ɦ,ɑk̲̲,³,ɡ,u,̠ɡ
16358,㿦,neŋ³¹,n,eŋ,³¹,,,
16359,㿧,ɖɨu³³,ɖ,ɨu,³³,ɡ‧l,u,
16360,㿨,lek³̲³̲,l,ek̲̲,³,,,
16361,㿩,tʰɑŋ³⁵,tʰ,ɑŋ,³⁵,,,
16362,㿪,ɦʷɑn³³,ɦʷ,ɑn,³³,,,
16363,㿫,,,,,,,
16364,㿬,pɰæ³³,pɰæ,,³³,,,
16365,㿭,lɰɛk³̲³̲,lɰ,ɛk̲̲,³,,,
16366,㿮,ʔɰjæŋ³³,ʔɰjæŋ,,³³,,,
16367,㿯,təp³̲³̲,t,əp̲̲,³,,,
16368,㿰,ŋɰæu³³,ŋɰæ,u,³³,,,
16369,㿱,zʷiᴇt³̲³̲,zʷ,iᴇt̲̲,³,,,
16370,㿲,,,,,,,
16371,㿳,tʂɨ³³,tʂ,ɨ,³³,,,
16372,㿴,tɑp³̲³̲,t,ɑp̲̲,³,,,
16373,㿵,ȵiᴇn³⁵,ȵ,iᴇn,³⁵,,,
16374,㿶,pɑŋ³³,p,ɑŋ,³³,,,
16375,㿷,tsʰɑu³¹,tsʰ,ɑu,³¹,,,
16376,㿸,mʷjɤn³¹,mʷj,ɤn,³¹,,,
16377,㿹,tʰɑt³̲³̲,tʰ,ɑt̲̲,³,,,
16378,㿺,pɰɔk³̲³̲,pɰɔk̲̲,,³,,,
16379,㿻,kɑn³³,k,ɑn,³³,,,
16380,㿼,ŋen³³,ŋ,en,³³,,,
16381,㿽,,,,,,,
16382,㿾,ɖjɤ³⁵,ɖj,ɤ,³⁵,d,a,ʔ
16383,㿿,ŋɰæ³⁵,ŋɰæ,,³⁵,,,
16384,䀀,pʰju̯am³¹,pʰj,u̯am,³¹,,,
16385,䀁,ɦʲɨu³¹,ɦʲ,ɨu,³¹,ɢʷ,ɯ,s
16386,䀂,ʔɑn³³,ʔ,ɑn,³³,,,
16387,䀃,du̯oi³³,d,u̯oi,³³,,,
16388,䀄,muŋ³³,m,uŋ,³³,,,
16389,䀅,,,,,,,
16390,䀆,,,,,,,
16391,䀇,ku̯o³⁵,k,u̯o,³⁵,k,a,̠ʔ
16392,䀈,ɡɨi³¹,ɡ,ɨi,³¹,kh,ɯ,ls
16393,䀉,ɡɰiᴇu³³,ɡɰ,iᴇu,³³,,,
16394,䀊,ɦɰæu³³,ɦɰæ,u,³³,kr,ɯ,̠wʔ
16395,䀋,,,,,,,
16396,䀌,hʷɨk³̲³̲,hʷ,ɨk̲̲,³,,,
16397,䀍,dəm³¹,d,əm,³¹,,,
16398,䀎,men³¹,m,en,³¹,,,
16399,䀏,ɦʷen³⁵,ɦʷ,en,³⁵,ɡʷ,i,̠n
16400,䀐,ʂɰɛm³³,ʂɰ,ɛm,³³,,,
16401,䀑,ʔɰæn³⁵,ʔɰæn,,³⁵,,,
16402,䀒,tsʰen³³,tsʰ,en,³³,sn̥,i,̠n
16403,䀓,ɦʷɑn³¹,ɦʷ,ɑn,³¹,,,
16404,䀔,ȵin³¹,ȵ,in,³¹,,,
16405,䀕,ɖin³⁵,ɖ,in,³⁵,,,
16406,䀖,tʰen³³,tʰ,en,³³,,,
16407,䀗,hʷet³̲³̲,hʷ,et̲̲,³,kʷ,e,̠d
16408,䀘,ɦʷei³³,ɦʷ,ei,³³,ɡ,e,̠
16409,䀙,tsʰei³¹,tsʰ,ei,³¹,,,
16410,䀚,ŋɑŋ³³,ŋ,ɑŋ,³³,,,
16411,䀛,mu̯oi³¹,m,u̯oi,³¹,mr,ɯ,̠ds
16412,䀜,,,,,,,
16413,䀝,,,,,,,
16414,䀞,,,,,,,
16415,䀟,pʰjut³̲³̲,pʰj,ut̲̲,³,,,
16416,䀠,kjʊ³³,kj,ʊ,³³,kʷ,a,s
16417,䀡,ʈʰiᴇm³¹,ʈʰ,iᴇm,³¹,,,
16418,䀢,ɕim³⁵,ɕ,im,³⁵,l̥,u,ns
16419,䀣,mɰɛt³̲³̲,mɰ,ɛt̲̲,³,pr,i,ɡs
16420,䀤,,,,,,,
16421,䀥,,,,,,,
16422,䀦,,,,,,,
16423,䀧,huŋ³⁵,h,uŋ,³⁵,,,
16424,䀨,hʷɰɛt³̲³̲,hʷɰ,ɛt̲̲,³,,,
16425,䀩,lɑk³̲³̲,l,ɑk̲̲,³,ɡ,ə,r
16426,䀪,ɦɑŋ³³,ɦ,ɑŋ,³³,ɡ,a,̠ŋ
16427,䀫,kɰɛp³̲³̲,kɰ,ɛp̲̲,³,,,
16428,䀬,dzʷiᴇn³³,dzʷ,iᴇn,³³,,,
16429,䀭,kəi³³,k,əi,³³,,,
16430,䀮,hʷɑŋ³³,hʷ,ɑŋ,³³,m̥h,a,̠ŋ
16431,䀯,,,,,,,
16432,䀰,kuk³̲³̲,k,uk̲̲,³,,,
16433,䀱,pʰjʊŋ³³,pʰj,ʊŋ,³³,,,
16434,䀲,mjuk³̲³̲,mj,uk̲̲,³,,,
16435,䀳,lɑt³̲³̲,l,ɑt̲̲,³,,,
16436,䀴,ŋeŋ³⁵,ŋ,eŋ,³⁵,,,
16437,䀵,ɕɨ³³,ɕ,ɨ,³³,,,
16438,䀶,kʰjaŋ³¹,kʰj,aŋ,³¹,r,a,ŋs
16439,䀷,kjap³̲³̲,kj,ap̲̲,³,,,
16440,䀸,tɕiᴇi³¹,tɕ,iᴇi,³¹,,,
16441,䀹,ŋɰɛp³̲³̲,ŋɰ,ɛp̲̲,³,sk,e,b
16442,䀺,tʰɑu³³,tʰ,ɑu,³³,kh‧l,ɯ,w
16443,䀻,pʰiᴇŋ³¹,pʰ,iᴇŋ,³¹,,,
16444,䀼,ȵin³¹,ȵ,in,³¹,mblj,ɯ,ns
16445,䀽,jiᴇn³¹,j,iᴇn,³¹,,,
16446,䀾,tu̯o³⁵,t,u̯o,³⁵,,,
16447,䀿,tɕiᴇt³̲³̲,tɕ,iᴇt̲̲,³,,,
16448,䁀,,,,,,,
16449,䁁,kʰjaŋ³¹,kʰj,aŋ,³¹,,,
16450,䁂,ɦɰɛn³⁵,ɦɰ,ɛn,³⁵,ɡr,i,̠nʔ
16451,䁃,,,,,,,
16452,䁄,ɦʷeŋ³⁵,ɦʷ,eŋ,³⁵,,,
16453,䁅,mɰæŋ³⁵,mɰæŋ,,³⁵,,,
16454,䁆,ʔjap³̲³̲,ʔj,ap̲̲,³,,,
16455,䁇,mɨk³̲³̲,m,ɨk̲̲,³,,,
16456,䁈,tu̯o³⁵,t,u̯o,³⁵,kh,e,̠s
16457,䁉,,,,,,,
16458,䁊,ɳi³¹,ɳ,i,³¹,q,o,̠d
16459,䁋,ɖiᴇp³̲³̲,ɖ,iᴇp̲̲,³,ɡ‧l,e,̠b
16460,䁌,,,,,,,
16461,䁍,kʰɰɛp³̲³̲,kʰɰ,ɛp̲̲,³,khr,o,̠b
16462,䁎,ʈʰɰæŋ³³,ʈʰɰæŋ,,³³,,,
16463,䁏,ʔeu³⁵,ʔ,eu,³⁵,,,
16464,䁐,ʔɰjæŋ³³,ʔɰjæŋ,,³³,,,
16465,䁑,jaŋ³³,j,aŋ,³³,,,
16466,䁒,tsip³̲³̲,ts,ip̲̲,³,,,
16467,䁓,tsuŋ³⁵,ts,uŋ,³⁵,,,
16468,䁔,ɦʷɑn³⁵,ɦʷ,ɑn,³⁵,qh,o,nʔ
16469,䁕,men³¹,m,en,³¹,,,
16470,䁖,,,,,,,
16471,䁗,,,,,,,
16472,䁘,jiᴇu³⁵,j,iᴇu,³⁵,,,
16473,䁙,ʔɰæn³¹,ʔɰæn,,³¹,q,a,̠ms
16474,䁚,su̯on³⁵,s,u̯on,³⁵,,,
16475,䁛,kʷɰi³¹,kʷɰ,i,³¹,,,
16476,䁜,ɦʷɑŋ³⁵,ɦʷ,ɑŋ,³⁵,,,
16477,䁝,ɦʷeŋ³³,ɦʷ,eŋ,³³,,,
16478,䁞,siᴇŋ³⁵,s,iᴇŋ,³⁵,,,
16479,䁟,,,,,zr,a,̠l
16480,䁠,lem³³,l,em,³³,,,
16481,䁡,,,,,,,
16482,䁢,zʷiᴇn³³,zʷ,iᴇn,³³,,,
16483,䁣,ʑʷiᴇn³³,ʑʷ,iᴇn,³³,,,
16484,䁤,ʈɰɛk³̲³̲,ʈɰ,ɛk̲̲,³,,,
16485,䁥,ɳit³̲³̲,ɳ,it̲̲,³,,,
16486,䁦,tsʰjɤ³¹,tsʰj,ɤ,³¹,,,
16487,䁧,,,,,,,
16488,䁨,hʷɑk³̲³̲,hʷ,ɑk̲̲,³,,,
16489,䁩,ŋjɤ³³,ŋj,ɤ,³³,,,
16490,䁪,,,,,,,
16491,䁫,ɦu̯ot³̲³̲,ɦ,u̯ot̲̲,³,,,
16492,䁬,dzəŋ³³,dz,əŋ,³³,,,
16493,䁭,piᴇu³³,p,iᴇu,³³,,,
16494,䁮,dzem³¹,dz,em,³¹,sɡ,ɯ,̠ms
16495,䁯,hɰiᴇp³̲³̲,hɰ,iᴇp̲̲,³,,,
16496,䁰,,,,,,,
16497,䁱,kʰu³³,kʰ,u,³³,,,
16498,䁲,mɰɛ³³,mɰ,ɛ,³³,mr,e,̠
16499,䁳,mɑŋ³⁵,m,ɑŋ,³⁵,,,
16500,䁴,ɕiᴇn³⁵,ɕ,iᴇn,³⁵,tj,a,nʔ
16501,䁵,hʷiᴇn³⁵,hʷ,iᴇn,³⁵,,,
16502,䁶,kek³̲³̲,k,ek̲̲,³,,,
16503,䁷,kɰɔk³̲³̲,kɰɔk̲̲,,³,,,
16504,䁸,ɳɰɔŋ³³,ɳɰɔŋ,,³³,,,
16505,䁹,pʰei³¹,pʰ,ei,³¹,,,
16506,䁺,jiᴇk³̲³̲,j,iᴇk̲̲,³,qhlj,a,ɡ
16507,䁻,lek³̲³̲,l,ek̲̲,³,,,
16508,䁼,mək³̲³̲,m,ək̲̲,³,,,
16509,䁽,liᴇp³̲³̲,l,iᴇp̲̲,³,,,
16510,䁾,met³̲³̲,m,et̲̲,³,m,e,̠d
16511,䁿,mək³̲³̲,m,ək̲̲,³,,,
16512,䂀,hɰiᴇ³³,hɰ,iᴇ,³³,,,
16513,䂁,,,,,,,
16514,䂂,ɡjʊ³³,ɡj,ʊ,³³,,,
16515,䂃,tsiᴇu³¹,ts,iᴇu,³¹,,,
16516,䂄,hʷjak³̲³̲,hʷj,ak̲̲,³,qhʷ,a,ɡ
16517,䂅,,,,,,,
16518,䂆,kʰek³̲³̲,kʰ,ek̲̲,³,,,
16519,䂇,ɳjuk³̲³̲,ɳj,uk̲̲,³,m‧l,u,ɡ
16520,䂈,du̯oŋ³³,d,u̯oŋ,³³,,,
16521,䂉,,,,,,,
16522,䂊,jɤ³¹,j,ɤ,³¹,,,
16523,䂋,,,,,,,
16524,䂌,tɕʰjʊŋ³³,tɕʰj,ʊŋ,³³,,,
16525,䂍,bɰɔk³̲³̲,bɰɔk̲̲,,³,,,
16526,䂎,tsʷɑn³¹,tsʷ,ɑn,³¹,,,
16527,䂏,teu³³,t,eu,³³,,,
16528,䂐,ʈʷit³̲³̲,ʈʷ,it̲̲,³,,,
16529,䂑,tsei³³,ts,ei,³³,,,
16530,䂒,kʰɰɛt³̲³̲,kʰɰ,ɛt̲̲,³,,,
16531,䂓,,,,,,,
16532,䂔,ɦʷeŋ³⁵,ɦʷ,eŋ,³⁵,,,
16533,䂕,ŋʷjai³¹,ŋʷj,ai,³¹,,,
16534,䂖,,,,,,,
16535,䂗,,,,,,,
16536,䂘,,,,,,,
16537,䂙,,,,,,,
16538,䂚,ɦɰæu³³,ɦɰæ,u,³³,,,
16539,䂛,,,,,,,
16540,䂜,bɰɔŋ³⁵,bɰɔŋ,,³⁵,,,
16541,䂝,,,,,,,
16542,䂞,,,,,,,
16543,䂟,,,,,,,
16544,䂠,ɕi³⁵,ɕ,i,³⁵,,,
16545,䂡,,,,,,,
16546,䂢,tjʊŋ³⁵,tj,ʊŋ,³⁵,,,
16547,䂣,,,,,,,
16548,䂤,bjʊ³¹,bj,ʊ,³¹,,,
16549,䂥,mɰin³³,mɰ,in,³³,,,
16550,䂦,tɕin³⁵,tɕ,in,³⁵,klj,ɯ,n
16551,䂧,,,,,,,
16552,䂨,,,,,,,
16553,䂩,ŋen³¹,ŋ,en,³¹,,,
16554,䂪,deu³⁵,d,eu,³⁵,,,
16555,䂫,ɦuŋ³³,ɦ,uŋ,³³,,,
16556,䂬,kjʊŋ³⁵,kj,ʊŋ,³⁵,k,o,ŋʔ
16557,䂭,kʰɰæu³³,kʰɰæ,u,³³,,,
16558,䂮,ljak³̲³̲,lj,ak̲̲,³,,,
16559,䂯,,,,,,,
16560,䂰,,,,,,,
16561,䂱,jʷiᴇi³¹,jʷ,iᴇi,³¹,,,
16562,䂲,kjap³̲³̲,kj,ap̲̲,³,,,
16563,䂳,tʂʰʷɰæ³⁵,tʂʰʷɰæ,,³⁵,,,
16564,䂴,,,,,,,
16565,䂵,,,,,,,
16566,䂶,,,,,,,
16567,䂷,kʷɰɛi³³,kʷɰ,ɛi,³³,,,
16568,䂸,kʷɰɛk³̲³̲,kʷɰ,ɛk̲̲,³,,,
16569,䂹,ʂɰæk³̲³̲,ʂɰæk̲̲,,³,sqr,e,ɡ
16570,䂺,ʔʷɑ³⁵,ʔʷ,ɑ,³⁵,,,
16571,䂻,ɖɰæŋ³¹,ɖɰæŋ,,³¹,,,
16572,䂼,net³̲³̲,n,et̲̲,³,,,
16573,䂽,deu³⁵,d,eu,³⁵,,,
16574,䂾,ləi³⁵,l,əi,³⁵,,,
16575,䂿,dəm³⁵,d,əm,³⁵,d,u,̠b
16576,䃀,tʂʰʷɰɛi³³,tʂʰʷɰ,ɛi,³³,,,
16577,䃁,ʔɰæ³³,ʔɰæ,,³³,,,
16578,䃂,,,,,,,
16579,䃃,,,,,,,
16580,䃄,,,,,,,
16581,䃅,,,,,,,
16582,䃆,,,,,,,
16583,䃇,,,,,,,
16584,䃈,,,,,,,
16585,䃉,,,,,,,
16586,䃊,,,,,,,
16587,䃋,,,,,,,
16588,䃌,ʔin³³,ʔ,in,³³,q,i,n
16589,䃍,du̯oi³¹,d,u̯oi,³¹,l,u,̠ds
16590,䃎,ʈɰæ³⁵,ʈɰæ,,³⁵,,,
16591,䃏,seŋ³³,s,eŋ,³³,,,
16592,䃐,,,,,,,
16593,䃑,pɰæn³³,pɰæn,,³³,,,
16594,䃒,kɰɛk³̲³̲,kɰ,ɛk̲̲,³,ɡr,e,̠ɡ
16595,䃓,ku³¹,k,u,³¹,,,
16596,䃔,ɦu̯oŋ³³,ɦ,u̯oŋ,³³,,,
16597,䃕,lɑu³³,l,ɑu,³³,,,
16598,䃖,ʔu̯o³⁵,ʔ,u̯o,³⁵,,,
16599,䃗,tʂʰɰɔk³̲³̲,tʂʰɰɔk̲̲,,³,,,
16600,䃘,,,,,khr,i,̠ŋ
16601,䃙,luk³̲³̲,l,uk̲̲,³,,,
16602,䃚,dʐɰɔk³̲³̲,dʐɰɔk̲̲,,³,,,
16603,䃛,ʈʰiᴇn³³,ʈʰ,iᴇn,³³,,,
16604,䃜,ʔei³³,ʔ,ei,³³,q,i,̠
16605,䃝,kʰɰæu³³,kʰɰæ,u,³³,,,
16606,䃞,ʑjuk³̲³̲,ʑj,uk̲̲,³,,,
16607,䃟,,,,,,,
16608,䃠,,,,,,,
16609,䃡,tsim³³,ts,im,³³,,,
16610,䃢,kʰɰim³³,kʰɰ,im,³³,,,
16611,䃣,hʷɰiᴇ³⁵,hʷɰ,iᴇ,³⁵,qhʷr,a,lʔ
16612,䃤,sjuk³̲³̲,sj,uk̲̲,³,sl,ɯ,̠wɡ
16613,䃥,ɖɰɔŋ³³,ɖɰɔŋ,,³³,,,
16614,䃦,tu̯on³³,t,u̯on,³³,,,
16615,䃧,lu̯oŋ³¹,l,u̯oŋ,³¹,,,
16616,䃨,,,,,,,
16617,䃩,ɳɰæu³³,ɳɰæ,u,³³,,,
16618,䃪,dɑn³³,d,ɑn,³³,,,
16619,䃫,tɑm³⁵,t,ɑm,³⁵,,,
16620,䃬,kʰu̯oi³⁵,kʰ,u̯oi,³⁵,,,
16621,䃭,kəm³³,k,əm,³³,,,
16622,䃮,,,,,,,
16623,䃯,,,,,,,
16624,䃰,,,,,,,
16625,䃱,tsʰəm³¹,tsʰ,əm,³¹,,,
16626,䃲,,,,,,,
16627,䃳,liᴇp³̲³̲,l,iᴇp̲̲,³,,,
16628,䃴,tɕjɤ³³,tɕj,ɤ,³³,klj,a,
16629,䃵,neu³⁵,n,eu,³⁵,,,
16630,䃶,ku̯oi³³,k,u̯oi,³³,kr,u,̠ls
16631,䃷,jiᴇŋ³³,j,iᴇŋ,³³,,,
16632,䃸,tsim³³,ts,im,³³,,,
16633,䃹,,,,,,,
16634,䃺,mʷɑ³³,mʷ,ɑ,³³,m,a,̠ls
16635,䃻,pɰæ³¹,pɰæ,,³¹,,,
16636,䃼,,,,,,,
16637,䃽,kʷɰiᴇ³⁵,kʷɰ,iᴇ,³⁵,,,
16638,䃾,pi³¹,p,i,³¹,p,i,ʔ
16639,䃿,pjʊ³³,pj,ʊ,³³,,,
16640,䄀,,,,,,,
16641,䄁,jiᴇi³¹,j,iᴇi,³¹,,,
16642,䄂,lɨu³¹,l,ɨu,³¹,sɢl,ɯ,ws
16643,䄃,ʔjaŋ³³,ʔj,aŋ,³³,,,
16644,䄄,ʔin³³,ʔ,in,³³,,,
16645,䄅,kʷɰiᴇn³¹,kʷɰ,iᴇn,³¹,,,
16646,䄆,ɦʷɑt³̲³̲,ɦʷ,ɑt̲̲,³,kr,o,̠d
16647,䄇,ɖiᴇŋ³¹,ɖ,iᴇŋ,³¹,,,
16648,䄈,du³¹,d,u,³¹,,,
16649,䄉,ŋɑ³³,ŋ,ɑ,³³,,,
16650,䄊,,,,,,,
16651,䄋,ʔɰiᴇm³¹,ʔɰ,iᴇm,³¹,,,
16652,䄌,,,,,,,
16653,䄍,,,,,,,
16654,䄎,,,,,,,
16655,䄏,,,,,,,
16656,䄐,,,,,,,
16657,䄑,,,,,,,
16658,䄒,,,,,,,
16659,䄓,,,,,,,
16660,䄔,,,,,,,
16661,䄕,,,,,,,
16662,䄖,,,,,,,
16663,䄗,,,,,,,
16664,䄘,bɰæŋ³³,bɰæŋ,,³³,,,
16665,䄙,meŋ³³,m,eŋ,³³,,,
16666,䄚,dzɑu³³,dz,ɑu,³³,,,
16667,䄛,lu³³,l,u,³³,,,
16668,䄜,lɨ³³,l,ɨ,³³,,,
16669,䄝,ʈʰɰɔŋ³³,ʈʰɰɔŋ,,³³,,,
16670,䄞,,,,,,,
16671,䄟,tsʰʷɑn³⁵,tsʰʷ,ɑn,³⁵,skh,o,ds
16672,䄠,dʑiᴇn³¹,dʑ,iᴇn,³¹,dj,a,ns
16673,䄡,,,,,,,
16674,䄢,,,,,,,
16675,䄣,,,,,,,
16676,䄤,,,,,,,
16677,䄥,leŋ³³,l,eŋ,³³,,,
16678,䄦,,,,,,,
16679,䄧,ȵɨŋ³³,ȵ,ɨŋ,³³,,,
16680,䄨,ɦʲjʊ³³,ɦʲj,ʊ,³³,,,
16681,䄩,jɨk³̲³̲,j,ɨk̲̲,³,,,
16682,䄪,tek³̲³̲,t,ek̲̲,³,p‧l,e,̠wʔ
16683,䄫,kʰɨ³⁵,kʰ,ɨ,³⁵,,,
16684,䄬,jiᴇ³³,j,iᴇ,³³,,,
16685,䄭,,,,,,,
16686,䄮,pjʊ³³,pj,ʊ,³³,,,
16687,䄯,ken³⁵,k,en,³⁵,,,
16688,䄰,ŋɰæ³³,ŋɰæ,,³³,,,
16689,䄱,pʷjaŋ³³,pʷj,aŋ,³³,,,
16690,䄲,ȵiᴇ³¹,ȵ,iᴇ,³¹,,,
16691,䄳,,,,,,,
16692,䄴,,,,,,,
16693,䄵,,,,,,,
16694,䄶,bɰit³̲³̲,bɰ,it̲̲,³,,,
16695,䄷,dʑiᴇk³̲³̲,dʑ,iᴇk̲̲,³,ɡlj,a,ɡ
16696,䄸,pʰɑk³̲³̲,pʰ,ɑk̲̲,³,,,
16697,䄹,,,,,,,
16698,䄺,ɖi³¹,ɖ,i,³¹,,,
16699,䄻,ɖɰæu³³,ɖɰæ,u,³³,,,
16700,䄼,tʰem³⁵,tʰ,em,³⁵,,,
16701,䄽,siᴇn³³,s,iᴇn,³³,,,
16702,䄾,ȵjʊŋ³⁵,ȵj,ʊŋ,³⁵,,,
16703,䄿,jiᴇi³¹,j,iᴇi,³¹,,,
16704,䅀,liᴇi³¹,l,iᴇi,³¹,,,
16705,䅁,ʔɑn³¹,ʔ,ɑn,³¹,q,a,̠ns
16706,䅂,ɦɑk³̲³̲,ɦ,ɑk̲̲,³,,,
16707,䅃,ɡu̯oŋ³⁵,ɡ,u̯oŋ,³⁵,,,
16708,䅄,lei³¹,l,ei,³¹,,,
16709,䅅,ʔʷɰɛ³³,ʔʷɰ,ɛ,³³,,,
16710,䅆,,,,,,,
16711,䅇,,,,,,,
16712,䅈,,,,,,,
16713,䅉,,,,,,,
16714,䅊,ʈɰæ³³,ʈɰæ,,³³,,,
16715,䅋,mʷjɤn³⁵,mʷj,ɤn,³⁵,,,
16716,䅌,kʷen³³,kʷ,en,³³,kʷ,e,̠n
16717,䅍,deŋ³⁵,d,eŋ,³⁵,,,
16718,䅎,,,,,,,
16719,䅏,,,,,,,
16720,䅐,,,,,,,
16721,䅑,,,,,,,
16722,䅒,,,,,,,
16723,䅓,,,,,,,
16724,䅔,,,,,,,
16725,䅕,,,,,,,
16726,䅖,,,,,,,
16727,䅗,,,,,,,
16728,䅘,ləi³³,l,əi,³³,ɡ,ə,r
16729,䅙,ɦu̯on³⁵,ɦ,u̯on,³⁵,,,
16730,䅚,kʰʷjɤn³⁵,kʰʷj,ɤn,³⁵,,,
16731,䅛,tɕʰjaŋ³³,tɕʰj,aŋ,³³,,,
16732,䅜,tʰʷɑ³⁵,tʰʷ,ɑ,³⁵,,,
16733,䅝,kʰuŋ³³,kʰ,uŋ,³³,,,
16734,䅞,nək³̲³̲,n,ək̲̲,³,,,
16735,䅟,,,,,,,
16736,䅠,dei³³,d,ei,³³,,,
16737,䅡,sjʊ³⁵,sj,ʊ,³⁵,,,
16738,䅢,tsɨu³¹,ts,ɨu,³¹,,,
16739,䅣,ɦʷɑŋ³³,ɦʷ,ɑŋ,³³,ɡʷ,a,̠ŋ
16740,䅤,tʂip³̲³̲,tʂ,ip̲̲,³,,,
16741,䅥,kjɤt³̲³̲,kj,ɤt̲̲,³,k,a,d
16742,䅦,mɰæu³³,mɰæ,u,³³,,,
16743,䅧,ʔiᴇm³³,ʔ,iᴇm,³³,,,
16744,䅨,,,,,,,
16745,䅩,tɕiᴇ³³,tɕ,iᴇ,³³,kj,e,ʔ
16746,䅪,,,,,,,
16747,䅫,,,,,,,
16748,䅬,ʔɰɛ³¹,ʔɰ,ɛ,³¹,,,
16749,䅭,bɰæŋ³³,bɰæŋ,,³³,b,a,̠ŋ
16750,䅮,tsʰɑŋ³¹,tsʰ,ɑŋ,³¹,,,
16751,䅯,dɑŋ³³,d,ɑŋ,³³,,,
16752,䅰,ʔən³⁵,ʔ,ən,³⁵,,,
16753,䅱,ŋu̯on³¹,ŋ,u̯on,³¹,,,
16754,䅲,ɡi³³,ɡ,i,³³,,,
16755,䅳,tʂɨu³³,tʂ,ɨu,³³,,,
16756,䅴,sɑk³̲³̲,s,ɑk̲̲,³,,,
16757,䅵,tɕjak³̲³̲,tɕj,ak̲̲,³,kj,a,wɡ
16758,䅶,nu̯ok³̲³̲,n,u̯ok̲̲,³,,,
16759,䅷,du̯o³³,d,u̯o,³³,,,
16760,䅸,tsuk³̲³̲,ts,uk̲̲,³,,,
16761,䅹,lu³⁵,l,u,³⁵,,,
16762,䅺,piᴇu³³,p,iᴇu,³³,p,e,w
16763,䅻,liᴇ³³,l,iᴇ,³³,,,
16764,䅼,mɰæn³³,mɰæn,,³³,,,
16765,䅽,,,,,kl,o,̠ɡ
16766,䅾,dʐim³¹,dʐ,im,³¹,,,
16767,䅿,ɦʷɰæ³³,ɦʷɰæ,,³³,,,
16768,䆀,məi³⁵,m,əi,³⁵,,,
16769,䆁,,,,,,,
16770,䆂,liᴇm³³,l,iᴇm,³³,,,
16771,䆃,dɑu³⁵,d,ɑu,³⁵,ɡ‧l,u,̠s
16772,䆄,tɕiᴇn³⁵,tɕ,iᴇn,³⁵,,,
16773,䆅,tsiᴇ³¹,ts,iᴇ,³¹,z,i,
16774,䆆,,,,,,,
16775,䆇,,,,,,,
16776,䆈,,,,,,,
16777,䆉,bɰæ³¹,bɰæ,,³¹,,,
16778,䆊,,,,,,,
16779,䆋,,,,,,,
16780,䆌,,,,,,,
16781,䆍,luŋ³³,l,uŋ,³³,,,
16782,䆎,siᴇm³³,s,iᴇm,³³,,,
16783,䆏,bʷɨi³¹,bʷ,ɨi,³¹,b,ɯ,ls
16784,䆐,,,,,,,
16785,䆑,ɖɰɛŋ³³,ɖɰ,ɛŋ,³³,,,
16786,䆒,,,,,,,
16787,䆓,,,,,,,
16788,䆔,ʈʰjuŋ³³,ʈʰj,uŋ,³³,,,
16789,䆕,hʷet³̲³̲,hʷ,et̲̲,³,qʷ,e,̠d
16790,䆖,ɦʷɰɛŋ³³,ɦʷɰ,ɛŋ,³³,,,
16791,䆗,keu³¹,k,eu,³¹,k,i,̠ws
16792,䆘,ʔɰæp³̲³̲,ʔɰæp̲̲,,³,qr,a,̠b
16793,䆙,,,,,,,
16794,䆚,duŋ³³,d,uŋ,³³,,,
16795,䆛,ʈɰæ³¹,ʈɰæ,,³¹,k‧r,a,̠ɡs
16796,䆜,ɦʲɨu³¹,ɦʲ,ɨu,³¹,,,
16797,䆝,ɖʷit³̲³̲,ɖʷ,it̲̲,³,,,
16798,䆞,ʔeu³¹,ʔ,eu,³¹,q,e,̠wʔ
16799,䆟,kʰəp³̲³̲,kʰ,əp̲̲,³,,,
16800,䆠,,,,,,,
16801,䆡,lɑŋ³³,l,ɑŋ,³³,,,
16802,䆢,ʔʷet³̲³̲,ʔʷ,et̲̲,³,qʷ,e,̠d
16803,䆣,,,,,,,
16804,䆤,tɕʰʷiᴇn³³,tɕʰʷ,iᴇn,³³,,,
16805,䆥,,,,,,,
16806,䆦,,,,,,,
16807,䆧,ʔʷɑ³³,ʔʷ,ɑ,³³,,,
16808,䆨,neŋ³³,n,eŋ,³³,,,
16809,䆩,,,,,,,
16810,䆪,huŋ³³,h,uŋ,³³,,,
16811,䆫,tʂʰɰɔŋ³³,tʂʰɰɔŋ,,³³,skhr,o,̠ŋ
16812,䆬,,,,,,,
16813,䆭,,,,,,,
16814,䆮,mʷɑn³¹,mʷ,ɑn,³¹,,,
16815,䆯,ʈʷit³̲³̲,ʈʷ,it̲̲,³,rt,o,̠d
16816,䆰,ʔjʊ³³,ʔj,ʊ,³³,,,
16817,䆱,dɑm³³,d,ɑm,³³,,,
16818,䆲,kʰɑŋ³⁵,kʰ,ɑŋ,³⁵,,,
16819,䆳,,,,,,,
16820,䆴,,,,,,,
16821,䆵,ɖɰɛŋ³³,ɖɰ,ɛŋ,³³,,,
16822,䆶,tsit³̲³̲,ts,it̲̲,³,,,
16823,䆷,hʷet³̲³̲,hʷ,et̲̲,³,qhʷ,i,̠d
16824,䆸,ʈɰɛŋ³³,ʈɰ,ɛŋ,³³,,,
16825,䆹,tʰuŋ³⁵,tʰ,uŋ,³⁵,,,
16826,䆺,,,,,,,
16827,䆻,,,,,,,
16828,䆼,,,,,,,
16829,䆽,ɡjɤ³³,ɡj,ɤ,³³,,,
16830,䆾,lɑm³¹,l,ɑm,³¹,,,
16831,䆿,ŋiᴇi³¹,ŋ,iᴇi,³¹,,,
16832,䇀,,,,,,,
16833,䇁,siᴇ³³,s,iᴇ,³³,,,
16834,䇂,kʰɰɛn³³,kʰɰ,ɛn,³³,kh,a,n
16835,䇃,ʐɨ³⁵,ʐ,ɨ,³⁵,,,
16836,䇄,,,,,,,
16837,䇅,,,,,,,
16838,䇆,,,,,,,
16839,䇇,,,,,,,
16840,䇈,ɦʷɰɛ³¹,ɦʷɰ,ɛ,³¹,,,
16841,䇉,,,,,,,
16842,䇊,,,,,,,
16843,䇋,,,,,,,
16844,䇌,tsʰiᴇu³¹,tsʰ,iᴇu,³¹,,,
16845,䇍,tʂip³̲³̲,tʂ,ip̲̲,³,,,
16846,䇎,tsʰjak³̲³̲,tsʰj,ak̲̲,³,sh,a,ɡ
16847,䇏,tu̯oi³⁵,t,u̯oi,³⁵,t,u,̠lʔ
16848,䇐,li³¹,l,i,³¹,r,ɯ,ds
16849,䇑,pʰi³³,pʰ,i,³³,b,e,̠ʔ
16850,䇒,,,,,,,
16851,䇓,sjʊ³³,sj,ʊ,³³,,,
16852,䇔,nʷɑ³¹,nʷ,ɑ,³¹,r,o,̠ls
16853,䇕,sjʊ³³,sj,ʊ,³³,,,
16854,䇖,,,,,,,
16855,䇗,tɕjʊŋ³³,tɕj,ʊŋ,³³,,,
16856,䇘,ɦu̯o³¹,ɦ,u̯o,³¹,ɡ,a,̠s
16857,䇙,,,,,,,
16858,䇚,pʰuk³̲³̲,pʰ,uk̲̲,³,,,
16859,䇛,tɕɨ³⁵,tɕ,ɨ,³⁵,,,
16860,䇜,kʰjam³⁵,kʰj,am,³⁵,,,
16861,䇝,tsiᴇm³³,ts,iᴇm,³³,,,
16862,䇞,kɑm³⁵,k,ɑm,³⁵,,,
16863,䇟,ɡjɤn³¹,ɡj,ɤn,³¹,ɡ,o,ns
16864,䇠,ɖjʊ³⁵,ɖj,ʊ,³⁵,,,
16865,䇡,ɖjɤ³¹,ɖj,ɤ,³¹,d,a,s
16866,䇢,ku̯o³⁵,k,u̯o,³⁵,,,
16867,䇣,,,,,,,
16868,䇤,,,,,,,
16869,䇥,,,,,,,
16870,䇦,ʔɑŋ³¹,ʔ,ɑŋ,³¹,,,
16871,䇧,ɖiᴇi³¹,ɖ,iᴇi,³¹,,,
16872,䇨,ɦɰɔŋ³³,ɦɰɔŋ,,³³,k,o,̠ms
16873,䇩,jiᴇt³̲³̲,j,iᴇt̲̲,³,,,
16874,䇪,tɕʰɨ³³,tɕʰ,ɨ,³³,,,
16875,䇫,kɨ³³,k,ɨ,³³,k,ɯ,
16876,䇬,tɕʰjʊ³³,tɕʰj,ʊ,³³,thj,o,
16877,䇭,lɑu³⁵,l,ɑu,³⁵,,,
16878,䇮,ȵim³⁵,ȵ,im,³⁵,,,
16879,䇯,ȵjuŋ³³,ȵj,uŋ,³³,,,
16880,䇰,tɕɨŋ³³,tɕ,ɨŋ,³³,,,
16881,䇱,,,,,,,
16882,䇲,,,,,,,
16883,䇳,,,,,,,
16884,䇴,,,,,,,
16885,䇵,ŋɨn³³,ŋ,ɨn,³³,,,
16886,䇶,kɰɔk³̲³̲,kɰɔk̲̲,,³,,,
16887,䇷,pʷɰiᴇt³̲³̲,pʷɰ,iᴇt̲̲,³,,,
16888,䇸,tʰeŋ³¹,tʰ,eŋ,³¹,,,
16889,䇹,kjun³³,kj,un,³³,,,
16890,䇺,du³¹,d,u,³¹,,,
16891,䇻,mʷɨi³⁵,mʷ,ɨi,³⁵,,,
16892,䇼,ʔɰip³̲³̲,ʔɰ,ip̲̲,³,,,
16893,䇽,tɕiᴇi³¹,tɕ,iᴇi,³¹,,,
16894,䇾,ŋjɤn³³,ŋj,ɤn,³³,,,
16895,䇿,,,,,,,
16896,䈀,sen³⁵,s,en,³⁵,,,
16897,䈁,lʷin³³,lʷ,in,³³,,,
16898,䈂,piᴇŋ³³,p,iᴇŋ,³³,,,
16899,䈃,tɕiᴇu³⁵,tɕ,iᴇu,³⁵,,,
16900,䈄,ɦəm³³,ɦ,əm,³³,,,
16901,䈅,ɦʲɨk³̲³̲,ɦʲ,ɨk̲̲,³,,,
16902,䈆,dɑi³¹,d,ɑi,³¹,,,
16903,䈇,ʈʰɰɔk³̲³̲,ʈʰɰɔk̲̲,,³,,,
16904,䈈,bʷɨi³³,bʷ,ɨi,³³,,,
16905,䈉,tsiᴇp³̲³̲,ts,iᴇp̲̲,³,sr ,e,̠b
16906,䈊,lɨŋ³³,l,ɨŋ,³³,,,
16907,䈋,tʰəp³̲³̲,tʰ,əp̲̲,³,,,
16908,䈌,tsʰjɤ³³,tsʰj,ɤ,³³,,,
16909,䈍,mɰæŋ³³,mɰæŋ,,³³,,,
16910,䈎,ʈʰiᴇp³̲³̲,ʈʰ,iᴇp̲̲,³,ɢl,e,b
16911,䈏,pjuk³̲³̲,pj,uk̲̲,³,,,
16912,䈐,kʰu̯oi³³,kʰ,u̯oi,³³,,,
16913,䈑,kʷɰæ³⁵,kʷɰæ,,³⁵,,,
16914,䈒,nəm³⁵,n,əm,³⁵,,,
16915,䈓,kɑt³̲³̲,k,ɑt̲̲,³,,,
16916,䈔,,,,,,,
16917,䈕,dʑiᴇ³³,dʑ,iᴇ,³³,ɡlj,e,
16918,䈖,kʰʷɑ³³,kʰʷ,ɑ,³³,,,
16919,䈗,sʷɑ³⁵,sʷ,ɑ,³⁵,,,
16920,䈘,dzɨ³³,dz,ɨ,³³,,,
16921,䈙,ɖɨu³⁵,ɖ,ɨu,³⁵,,,
16922,䈚,dəi³⁵,d,əi,³⁵,ɡ‧l,ɯ,̠
16923,䈛,kʰʷɰɛi³³,kʰʷɰ,ɛi,³³,,,
16924,䈜,tsʰim³¹,tsʰ,im,³¹,,,
16925,䈝,sjɤ³³,sj,ɤ,³³,,,
16926,䈞,tu̯ok³̲³̲,t,u̯ok̲̲,³,t,u,̠ɡ
16927,䈟,tʂʰʷiᴇi³¹,tʂʰʷ,iᴇi,³¹,,,
16928,䈠,ɦʷɑn³⁵,ɦʷ,ɑn,³⁵,,,
16929,䈡,suŋ³³,s,uŋ,³³,,,
16930,䈢,sɨ³⁵,s,ɨ,³⁵,,,
16931,䈣,tɕiᴇŋ³¹,tɕ,iᴇŋ,³¹,,,
16932,䈤,,,,,,,
16933,䈥,kɨn³³,k,ɨn,³³,k,ɯ,n
16934,䈦,tsuŋ³³,ts,uŋ,³³,,,
16935,䈧,ɦʲʷiᴇ³⁵,ɦʲʷ,iᴇ,³⁵,,,
16936,䈨,,,,,,,
16937,䈩,,,,,,,
16938,䈪,ɦek³̲³̲,ɦ,ek̲̲,³,,,
16939,䈫,nəp³̲³̲,n,əp̲̲,³,,,
16940,䈬,bu̯o³³,b,u̯o,³³,,,
16941,䈭,ɦʷɰɛi³³,ɦʷɰ,ɛi,³³,,,
16942,䈮,kjʊ³¹,kj,ʊ,³¹,,,
16943,䈯,tɕin³³,tɕ,in,³³,,,
16944,䈰,ʂɰæu³³,ʂɰæ,u,³³,spr,e,̠w
16945,䈱,tʰɑu³³,tʰ,ɑu,³³,,,
16946,䈲,pʷɑn³³,pʷ,ɑn,³³,,,
16947,䈳,dɑp³̲³̲,d,ɑp̲̲,³,,,
16948,䈴,kʰem³¹,kʰ,em,³¹,,,
16949,䈵,ʔuŋ³³,ʔ,uŋ,³³,ql,o,̠ŋ
16950,䈶,jʊŋ³³,j,ʊŋ,³³,,,
16951,䈷,lɑk³̲³̲,l,ɑk̲̲,³,,,
16952,䈸,ɦuk³̲³̲,ɦ,uk̲̲,³,,,
16953,䈹,su³⁵,s,u,³⁵,,,
16954,䈺,tɕjuŋ³³,tɕj,uŋ,³³,,,
16955,䈻,bu̯o³³,b,u̯o,³³,,,
16956,䈼,mɰit³̲³̲,mɰ,it̲̲,³,,,
16957,䈽,kɨn³⁵,k,ɨn,³⁵,kl,ɯ,n
16958,䈾,ʂɰæu³³,ʂɰæ,u,³³,,,
16959,䈿,mek³̲³̲,m,ek̲̲,³,,,
16960,䉀,ɕjɤ³¹,ɕj,ɤ,³¹,,,
16961,䉁,leŋ³³,l,eŋ,³³,,,
16962,䉂,lʷi³⁵,lʷ,i,³⁵,,,
16963,䉃,zjaŋ³⁵,zj,aŋ,³⁵,sk,a,ŋʔ
16964,䉄,ləŋ³³,l,əŋ,³³,,,
16965,䉅,tɕip³̲³̲,tɕ,ip̲̲,³,,,
16966,䉆,,,,,,,
16967,䉇,,,,,,,
16968,䉈,,,,,,,
16969,䉉,ɦu̯o³³,ɦ,u̯o,³³,,,
16970,䉊,bʷjɤn³¹,bʷj,ɤn,³¹,,,
16971,䉋,mɰi³¹,mɰ,i,³¹,mr,i,ls
16972,䉌,zʷi³¹,zʷ,i,³¹,,,
16973,䉍,kɰɛn³⁵,kɰ,ɛn,³⁵,kr,e,̠nʔ
16974,䉎,ɖɰæŋ³³,ɖɰæŋ,,³³,,,
16975,䉏,ɦɰɛ³⁵,ɦɰ,ɛ,³⁵,,,
16976,䉐,kʰu̯o³³,kʰ,u̯o,³³,,,
16977,䉑,mjʊ³³,mj,ʊ,³³,,,
16978,䉒,pʷjɤn³³,pʷj,ɤn,³³,,,
16979,䉓,lʷɑ³¹,lʷ,ɑ,³¹,,,
16980,䉔,tsʰɑn³³,tsʰ,ɑn,³³,,,
16981,䉕,dzəŋ³³,dz,əŋ,³³,,,
16982,䉖,leŋ³³,l,eŋ,³³,,,
16983,䉗,ʔip³̲³̲,ʔ,ip̲̲,³,,,
16984,䉘,ʂɰɔŋ³¹,ʂɰɔŋ,,³¹,,,
16985,䉙,ɦʲjun³³,ɦʲj,un,³³,,,
16986,䉚,mɰɛŋ³³,mɰ,ɛŋ,³³,,,
16987,䉛,ʔu̯ok³̲³̲,ʔ,u̯ok̲̲,³,q,u,ɡ
16988,䉜,ɖi³¹,ɖ,i,³¹,,,
16989,䉝,ŋɰiᴇ³⁵,ŋɰ,iᴇ,³⁵,,,
16990,䉞,təm³⁵,t,əm,³⁵,,,
16991,䉟,ɦu̯o³¹,ɦ,u̯o,³¹,,,
16992,䉠,mʷɨi³³,mʷ,ɨi,³³,m,ɯ,l
16993,䉡,,,,,,,
16994,䉢,ʂɨk³̲³̲,ʂ,ɨk̲̲,³,,,
16995,䉣,sjæ³¹,sjæ,,³¹,,,
16996,䉤,,,,,,,
16997,䉥,,,,,,,
16998,䉦,tsʰiᴇn³³,tsʰ,iᴇn,³³,,,
16999,䉧,lɨu³³,l,ɨu,³³,b,ə,r
17000,䉨,ŋɨi³¹,ŋ,ɨi,³¹,,,
17001,䉩,,,,,,,
17002,䉪,,,,,,,
17003,䉫,lei³³,l,ei,³³,,,
17004,䉬,pʷjai³¹,pʷj,ai,³¹,,,
17005,䉭,liᴇp³̲³̲,l,iᴇp̲̲,³,,,
17006,䉮,,,,,,,
17007,䉯,ɦɰɛn³¹,ɦɰ,ɛn,³¹,,,
17008,䉰,kɰæu³⁵,kɰæ,u,³⁵,,,
17009,䉱,ʔu³³,ʔ,u,³³,,,
17010,䉲,miᴇ³³,m,iᴇ,³³,,,
17011,䉳,siᴇn³³,s,iᴇn,³³,,,
17012,䉴,ȵjaŋ³⁵,ȵj,aŋ,³⁵,mlj,a,ŋ
17013,䉵,dʐʷiᴇn³¹,dʐʷ,iᴇn,³¹,,,
17014,䉶,ʂɰɔŋ³³,ʂɰɔŋ,,³³,,,
17015,䉷,ŋjam³³,ŋj,am,³³,ŋɡl,a,m
17016,䉸,bɰiᴇn³⁵,bɰ,iᴇn,³⁵,,,
17017,䉹,leŋ³³,l,eŋ,³³,,,
17018,䉺,ɦuŋ³³,ɦ,uŋ,³³,ɡ,o,̠ŋ
17019,䉻,ɡiᴇ³³,ɡ,iᴇ,³³,,,
17020,䉼,,,,,,,
17021,䉽,pʷɑn³⁵,pʷ,ɑn,³⁵,,,
17022,䉾,pɰi³¹,pɰ,i,³¹,pr,ɯ,ɡs
17023,䉿,,,,,,,
17024,䊀,ɦu̯o³³,ɦ,u̯o,³³,,,
17025,䊁,ʂɪn³³,ʂ,ɪn,³³,,,
17026,䊂,tʂʰɰɛk³̲³̲,tʂʰɰ,ɛk̲̲,³,,,
17027,䊃,bu̯oi³¹,b,u̯oi,³¹,,,
17028,䊄,,,,,,,
17029,䊅,miᴇŋ³³,m,iᴇŋ,³³,,,
17030,䊆,ɡɨu³⁵,ɡ,ɨu,³⁵,ɡ,ɯ,ʔ
17031,䊇,bu̯o³¹,b,u̯o,³¹,,,
17032,䊈,mu̯oi³³,m,u̯oi,³³,,,
17033,䊉,səm³⁵,s,əm,³⁵,,,
17034,䊊,mʷɨi³¹,mʷ,ɨi,³¹,,,
17035,䊋,tʂjaŋ³³,tʂj,aŋ,³³,,,
17036,䊌,,,,,,,
17037,䊍,li³³,l,i,³³,,,
17038,䊎,kʰʷjɤn³⁵,kʰʷj,ɤn,³⁵,kh,o,nʔ
17039,䊏,,,,,,,
17040,䊐,ɦu̯on³³,ɦ,u̯on,³³,,,
17041,䊑,,,,,,,
17042,䊒,,,,,,,
17043,䊓,ɖiᴇ³⁵,ɖ,iᴇ,³⁵,,,
17044,䊔,,,,,,,
17045,䊕,kjɤn³³,kj,ɤn,³³,,,
17046,䊖,nəm³⁵,n,əm,³⁵,,,
17047,䊗,ɦʷɑŋ³³,ɦʷ,ɑŋ,³³,,,
17048,䊘,tsɨu³¹,ts,ɨu,³¹,,,
17049,䊙,ŋen³³,ŋ,en,³³,,,
17050,䊚,ɖʷi³³,ɖʷ,i,³³,,,
17051,䊛,,,,,,,
17052,䊜,dʷɑn³³,dʷ,ɑn,³³,,,
17053,䊝,set³̲³̲,s,et̲̲,³,sl,e,d
17054,䊞,ʈɰɛk³̲³̲,ʈɰ,ɛk̲̲,³,,,
17055,䊟,mʷjɤn³³,mʷj,ɤn,³³,,,
17056,䊠,hɨi³¹,h,ɨi,³¹,,,
17057,䊡,mʷɑn³³,mʷ,ɑn,³³,,,
17058,䊢,,,,,,,
17059,䊣,ɦʷɑŋ³³,ɦʷ,ɑŋ,³³,,,
17060,䊤,dəm³¹,d,əm,³¹,ɡ‧l,u,̠mʔ
17061,䊥,seu³¹,s,eu,³¹,,,
17062,䊦,ʔet³̲³̲,ʔ,et̲̲,³,,,
17063,䊧,pʰi³¹,pʰ,i,³¹,,,
17064,䊨,,,,,,,
17065,䊩,,,,,,,
17066,䊪,lɑi³¹,l,ɑi,³¹,b,ə,r
17067,䊫,tsʰu̯oi³⁵,tsʰ,u̯oi,³⁵,,,
17068,䊬,ʈʰʷɰæ³⁵,ʈʰʷɰæ,,³⁵,,,
17069,䊭,dɑu³¹,d,ɑu,³¹,,,
17070,䊮,dek³̲³̲,d,ek̲̲,³,ɡ‧l,e,̠wɡ
17071,䊯,,,,,,,
17072,䊰,ɖjɤ³³,ɖj,ɤ,³³,,,
17073,䊱,siᴇm³³,s,iᴇm,³³,,,
17074,䊲,tʂʰɰæn³¹,tʂʰɰæn,,³¹,,,
17075,䊳,mɰiᴇ³³,mɰ,iᴇ,³³,mr,a,l
17076,䊴,,,,,,,
17077,䊵,ɡɨu³³,ɡ,ɨu,³³,ɡ,u,
17078,䊶,,,,,,,
17079,䊷,tʂɨ³³,tʂ,ɨ,³³,,,
17080,䊸,,,,,qʷ,a,
17081,䊹,,,,,,,
17082,䊺,ɦu̯o³¹,ɦ,u̯o,³¹,,,
17083,䊻,kəm³³,k,əm,³³,,,
17084,䊼,tɕʰɨ³⁵,tɕʰ,ɨ,³⁵,khlj,ɯ,ʔ
17085,䊽,kʷet³̲³̲,kʷ,et̲̲,³,,,
17086,䊾,,,,,,,
17087,䊿,pjʊ³³,pj,ʊ,³³,,,
17088,䋀,ɦʷɰæ³⁵,ɦʷɰæ,,³⁵,ɡʷr,a,̠ʔ
17089,䋁,kɰæŋ³⁵,kɰæŋ,,³⁵,,,
17090,䋂,ɦɰæu³³,ɦɰæ,u,³³,,,
17091,䋃,mɑu³¹,m,ɑu,³¹,m,a,̠ws
17092,䋄,,,,,,,
17093,䋅,,,,,,,
17094,䋆,,,,,,,
17095,䋇,,,,,,,
17096,䋈,ɳɰæ³⁵,ɳɰæ,,³⁵,rn,a,̠ʔ
17097,䋉,jʷit³̲³̲,jʷ,it̲̲,³,ɢʷ,i,̠ɡ
17098,䋊,tɕiᴇŋ³³,tɕ,iᴇŋ,³³,kj,e,ŋ
17099,䋋,mɰin³³,mɰ,in,³³,,,
17100,䋌,kjaŋ³⁵,kj,aŋ,³⁵,,,
17101,䋍,ʔɑ³³,ʔ,ɑ,³³,,,
17102,䋎,ɖɰɛn³¹,ɖɰ,ɛn,³¹,rd,a,̠ns
17103,䋏,dʐɰæ³⁵,dʐɰæ,,³⁵,,,
17104,䋐,ɦʲʷjɤt³̲³̲,ɦʲʷj,ɤt̲̲,³,ɢʷ,a,d
17105,䋑,,,,,,,
17106,䋒,,,,,,,
17107,䋓,,,,,,,
17108,䋔,,,,,,,
17109,䋕,ɳim³³,ɳ,im,³³,,,
17110,䋖,jʷit³̲³̲,jʷ,it̲̲,³,,,
17111,䋗,ken³³,k,en,³³,k,i,̠n
17112,䋘,ɖʷiᴇ³¹,ɖʷ,iᴇ,³¹,,,
17113,䋙,ȵɨ³⁵,ȵ,ɨ,³⁵,,,
17114,䋚,jɨk³̲³̲,j,ɨk̲̲,³,b,ə,l
17115,䋛,mei³⁵,m,ei,³⁵,m,i,̠ʔ
17116,䋜,,,,,,,
17117,䋝,,,,,,,
17118,䋞,,,,,,,
17119,䋟,ɡɨ³¹,ɡ,ɨ,³¹,,,
17120,䋠,pu̯o³⁵,p,u̯o,³⁵,p,a,̠ʔ
17121,䋡,ɕjɤ³³,ɕj,ɤ,³³,,,
17122,䋢,piᴇt³̲³̲,p,iᴇt̲̲,³,pkhl,e,̠d
17123,䋣,bʷɑ³³,bʷ,ɑ,³³,b,a,n
17124,䋤,jak³̲³̲,j,ak̲̲,³,b,ə,l
17125,䋥,,,,,,,
17126,䋦,,,,,,,
17127,䋧,ɡjʊ³³,ɡj,ʊ,³³,,,
17128,䋨,pʰu³¹,pʰ,u,³¹,ph,ɯ,ʔ
17129,䋩,ʂɰɛi³³,ʂɰ,ɛi,³³,,,
17130,䋪,ʔɑ³³,ʔ,ɑ,³³,,,
17131,䋫,tʂɰɛŋ³³,tʂɰ,ɛŋ,³³,sr,e,̠ŋ
17132,䋬,tʰem³³,tʰ,em,³³,,,
17133,䋭,juk³̲³̲,j,uk̲̲,³,l,u,ɡ
17134,䋮,ɡɰim³³,ɡɰ,im,³³,,,
17135,䋯,,,,,,,
17136,䋰,kjʊk³̲³̲,kj,ʊk̲̲,³,k,o,ɡ
17137,䋱,lɨ³³,l,ɨ,³³,,,
17138,䋲,,,,,,,
17139,䋳,pu̯oi³¹,p,u̯oi,³¹,,,
17140,䋴,ɳɨu³¹,ɳ,ɨu,³¹,,,
17141,䋵,ʔʷɰiᴇt³̲³̲,ʔʷɰ,iᴇt̲̲,³,,,
17142,䋶,sjʊŋ³⁵,sj,ʊŋ,³⁵,sl ,o,ʔ
17143,䋷,mju³³,mj,u,³³,,,
17144,䋸,zʷin³³,zʷ,in,³³,sɢl,u,n
17145,䋹,pjuk³̲³̲,pj,uk̲̲,³,,,
17146,䋺,tsʰɨu³³,tsʰ,ɨu,³³,,,
17147,䋻,ɳim³³,ɳ,im,³³,,,
17148,䋼,tʰeŋ³³,tʰ,eŋ,³³,l̥,e,̠ŋ
17149,䋽,puŋ³⁵,p,uŋ,³⁵,p,o,̠ŋ
17150,䋾,ʈɰæ³⁵,ʈɰæ,,³⁵,,,
17151,䋿,ʔu̯oi³³,ʔ,u̯oi,³³,,,
17152,䌀,,,,,,,
17153,䌁,ʔiᴇu³³,ʔ,iᴇu,³³,,,
17154,䌂,ʔu³¹,ʔ,u,³¹,,,
17155,䌃,siᴇu³³,s,iᴇu,³³,,,
17156,䌄,,,,,,,
17157,䌅,,,,,,,
17158,䌆,kʰʷjai³¹,kʰʷj,ai,³¹,,,
17159,䌇,pjut³̲³̲,pj,ut̲̲,³,,,
17160,䌈,,,,,,,
17161,䌉,,,,,,,
17162,䌊,,,,,,,
17163,䌋,,,,,,,
17164,䌌,tsʰiᴇp³̲³̲,tsʰ,iᴇp̲̲,³,,,
17165,䌍,kɨn³⁵,k,ɨn,³⁵,,,
17166,䌎,ljak³̲³̲,lj,ak̲̲,³,,,
17167,䌏,,,,,,,
17168,䌐,mek³̲³̲,m,ek̲̲,³,,,
17169,䌑,ken³³,k,en,³³,,,
17170,䌒,luk³̲³̲,l,uk̲̲,³,,,
17171,䌓,,,,,,,
17172,䌔,,,,,,,
17173,䌕,,,,,,,
17174,䌖,dziᴇp³̲³̲,dz,iᴇp̲̲,³,sk,u,b
17175,䌗,pʰjʊ³⁵,pʰj,ʊ,³⁵,,,
17176,䌘,pet³̲³̲,p,et̲̲,³,,,
17177,䌙,ɦʷɑŋ³¹,ɦʷ,ɑŋ,³¹,,,
17178,䌚,,,,,,,
17179,䌛,jiᴇu³³,j,iᴇu,³³,l,e,w
17180,䌜,ɳiᴇp³̲³̲,ɳ,iᴇp̲̲,³,,,
17181,䌝,kɰim³¹,kɰ,im,³¹,,,
17182,䌞,liᴇm³⁵,l,iᴇm,³⁵,,,
17183,䌟,bɰɛk³̲³̲,bɰ,ɛk̲̲,³,,,
17184,䌠,kɰɛm³³,kɰ,ɛm,³³,,,
17185,䌡,,,,,,,
17186,䌢,leŋ³³,l,eŋ,³³,,,
17187,䌣,,,,,,,
17188,䌤,siᴇ³³,s,iᴇ,³³,,,
17189,䌥,ʔɨn³⁵,ʔ,ɨn,³⁵,,,
17190,䌦,dɑu³¹,d,ɑu,³¹,,,
17191,䌧,,,,,,,
17192,䌨,sɑt³̲³̲,s,ɑt̲̲,³,,,
17193,䌩,,,,,,,
17194,䌪,jiᴇm³⁵,j,iᴇm,³⁵,,,
17195,䌫,,,,,,,
17196,䌬,,,,,,,
17197,䌭,tsiᴇu³³,ts,iᴇu,³³,,,
17198,䌮,,,,,,,
17199,䌯,ɡʷɰæn³¹,ɡʷɰæn,,³¹,,,
17200,䌰,,,,,mɡl,e,b
17201,䌱,lʷɑ³¹,lʷ,ɑ,³¹,,,
17202,䌲,hjun³³,hj,un,³³,,,
17203,䌳,tɕʰiᴇ³³,tɕʰ,iᴇ,³³,ml̥j,e,l
17204,䌴,lʷɑ³¹,lʷ,ɑ,³¹,r,o,̠ls
17205,䌵,tɕjʊk³̲³̲,tɕj,ʊk̲̲,³,,,
17206,䌶,,,,,,,
17207,䌷,,,,,,,
17208,䌸,,,,,,,
17209,䌹,,,,,,,
17210,䌺,,,,,,,
17211,䌻,,,,,,,
17212,䌼,,,,,,,
17213,䌽,,,,,,,
17214,䌾,,,,,,,
17215,䌿,,,,,,,
17216,䍀,,,,,,,
17217,䍁,,,,,,,
17218,䍂,,,,,,,
17219,䍃,jɨu³³,j,ɨu,³³,l,e,w
17220,䍄,tem³⁵,t,em,³⁵,k‧l,e,̠mʔ
17221,䍅,leŋ³³,l,eŋ,³³,,,
17222,䍆,ʈjɤ³⁵,ʈj,ɤ,³⁵,,,
17223,䍇,dɑp³̲³̲,d,ɑp̲̲,³,d,a,̠b
17224,䍈,beŋ³³,b,eŋ,³³,,,
17225,䍉,ʈɰɛi³⁵,ʈɰ,ɛi,³⁵,,,
17226,䍊,kek³̲³̲,k,ek̲̲,³,,,
17227,䍋,dʑʷiᴇ³³,dʑʷ,iᴇ,³³,,,
17228,䍌,bɨu³³,b,ɨu,³³,b,ɯ,̠
17229,䍍,pɨu³³,p,ɨu,³³,kh,o,̠ɡ
17230,䍎,sen³¹,s,en,³¹,sh,ɯ,̠ns
17231,䍏,,,,,,,
17232,䍐,dɰɛp³̲³̲,dɰ,ɛp̲̲,³,qh,a,̠nʔ
17233,䍑,,,,,qh,a,̠nʔ
17234,䍒,,,,,,,
17235,䍓,ŋɰæ³³,ŋɰæ,,³³,,,
17236,䍔,kʷɰæŋ³³,kʷɰæŋ,,³³,,,
17237,䍕,tei³⁵,t,ei,³⁵,,,
17238,䍖,bɨu³³,b,ɨu,³³,b,u,
17239,䍗,ɦʷen³¹,ɦʷ,en,³¹,,,
17240,䍘,miᴇ³³,m,iᴇ,³³,m,e,
17241,䍙,mjʊ³⁵,mj,ʊ,³⁵,m,ɯ,̠
17242,䍚,lɑŋ³¹,l,ɑŋ,³¹,r,a,̠ŋs
17243,䍛,ku̯o³¹,k,u̯o,³¹,,,
17244,䍜,ʈɰæu³¹,ʈɰæ,u,³¹,k‧r,e,̠wɡs
17245,䍝,tʰəp³̲³̲,tʰ,əp̲̲,³,,,
17246,䍞,,,,,,,
17247,䍟,tsuŋ³¹,ts,uŋ,³¹,,,
17248,䍠,,,,,,,
17249,䍡,luk³̲³̲,l,uk̲̲,³,b,ə,r
17250,䍢,mjʊ³³,mj,ʊ,³³,,,
17251,䍣,lu̯oi³³,l,u̯oi,³³,,,
17252,䍤,dzei³⁵,dz,ei,³⁵,,,
17253,䍥,lek³̲³̲,l,ek̲̲,³,,,
17254,䍦,liᴇ³³,l,iᴇ,³³,,,
17255,䍧,,,,,sk,a,̠ŋ
17256,䍨,pʷɑt³̲³̲,pʷ,ɑt̲̲,³,,,
17257,䍩,jaŋ³¹,j,aŋ,³¹,,,
17258,䍪,mʷjɤt³̲³̲,mʷj,ɤt̲̲,³,,,
17259,䍫,dɑ³³,d,ɑ,³³,,,
17260,䍬,pʰɰɛŋ³³,pʰɰ,ɛŋ,³³,,,
17261,䍭,,,,,,,
17262,䍮,ɖiᴇu³⁵,ɖ,iᴇu,³⁵,ɡ‧l,e,wʔ
17263,䍯,kʷɰiᴇ³⁵,kʷɰ,iᴇ,³⁵,,,
17264,䍰,ʔin³³,ʔ,in,³³,,,
17265,䍱,jɤ³³,j,ɤ,³³,,,
17266,䍲,ŋei³³,ŋ,ei,³³,,,
17267,䍳,kʷjɤt³̲³̲,kʷj,ɤt̲̲,³,,,
17268,䍴,ʔʷɰiᴇ³¹,ʔʷɰ,iᴇ,³¹,qr,o,ls
17269,䍵,tʂɰɛŋ³³,tʂɰ,ɛŋ,³³,,,
17270,䍶,ɖin³³,ɖ,in,³³,,,
17271,䍷,ɦʲʷɨi³⁵,ɦʲʷ,ɨi,³⁵,ɢʷ,ɯ,lʔ
17272,䍸,pjʊ³¹,pj,ʊ,³¹,,,
17273,䍹,ŋɰɛn³³,ŋɰ,ɛn,³³,,,
17274,䍺,ɦʷɰæn³¹,ɦʷɰæn,,³¹,,,
17275,䍻,sʷiᴇn³¹,sʷ,iᴇn,³¹,,,
17276,䍼,tsəm³³,ts,əm,³³,,,
17277,䍽,lek³̲³̲,l,ek̲̲,³,,,
17278,䍾,,,,,,,
17279,䍿,jɨk³̲³̲,j,ɨk̲̲,³,ɡʷ,a,̠ŋ
17280,䎀,hʷjɤt³̲³̲,hʷj,ɤt̲̲,³,,,
17281,䎁,,,,,,,
17282,䎂,pɑu³⁵,p,ɑu,³⁵,,,
17283,䎃,ȵiᴇm³⁵,ȵ,iᴇm,³⁵,,,
17284,䎄,deu³³,d,eu,³³,,,
17285,䎅,pʰɑk³̲³̲,pʰ,ɑk̲̲,³,,,
17286,䎆,,,,,,,
17287,䎇,tɕɨu³³,tɕ,ɨu,³³,,,
17288,䎈,jiᴇi³¹,j,iᴇi,³¹,,,
17289,䎉,,,,,,,
17290,䎊,lɑk³̲³̲,l,ɑk̲̲,³,,,
17291,䎋,,,,,,,
17292,䎌,tʂʰjuk³̲³̲,tʂʰj,uk̲̲,³,,,
17293,䎍,pʰjʊ³³,pʰj,ʊ,³³,,,
17294,䎎,ɳjap³̲³̲,ɳj,ap̲̲,³,,,
17295,䎏,həm³³,h,əm,³³,,,
17296,䎐,,,,,,,
17297,䎑,luk³̲³̲,l,uk̲̲,³,,,
17298,䎒,tsiᴇn³⁵,ts,iᴇn,³⁵,sr,e,nʔ
17299,䎓,,,,,,,
17300,䎔,pʰjʊ³³,pʰj,ʊ,³³,,,
17301,䎕,hʷɰæŋ³³,hʷɰæŋ,,³³,,,
17302,䎖,tsəŋ³³,ts,əŋ,³³,,,
17303,䎗,ɡiᴇu³³,ɡ,iᴇu,³³,,,
17304,䎘,ʂjuk³̲³̲,ʂj,uk̲̲,³,,,
17305,䎙,pʰin³³,pʰ,in,³³,,,
17306,䎚,ɦʷei³¹,ɦʷ,ei,³¹,ɢʷ,i,̠ds
17307,䎛,,,,,,,
17308,䎜,,,,,,,
17309,䎝,,,,,,,
17310,䎞,,,,,,,
17311,䎟,ȵɨ³³,ȵ,ɨ,³³,,,
17312,䎠,ȵɨ³³,ȵ,ɨ,³³,mɡl,o,̠l
17313,䎡,,,,,nj,o,nʔ
17314,䎢,,,,,,,
17315,䎣,zɨ³⁵,z,ɨ,³⁵,,,
17316,䎤,ɡjʊk³̲³̲,ɡj,ʊk̲̲,³,,,
17317,䎥,,,,,,,
17318,䎦,jiᴇm³⁵,j,iᴇm,³⁵,,,
17319,䎧,bu³³,b,u,³³,,,
17320,䎨,ʔəm³⁵,ʔ,əm,³⁵,,,
17321,䎩,tʂɨ³³,tʂ,ɨ,³³,,,
17322,䎪,nək³̲³̲,n,ək̲̲,³,,,
17323,䎫,tsuŋ³³,ts,uŋ,³³,,,
17324,䎬,,,,,,,
17325,䎭,,,,,,,
17326,䎮,tʰei³¹,tʰ,ei,³¹,,,
17327,䎯,hɑn³⁵,h,ɑn,³⁵,,,
17328,䎰,dzɑk³̲³̲,dz,ɑk̲̲,³,,,
17329,䎱,,,,,,,
17330,䎲,,,,,ŋɡr,i,ɡ
17331,䎳,ŋʷjɤt³̲³̲,ŋʷj,ɤt̲̲,³,ŋr,o,̠d
17332,䎴,,,,,,,
17333,䎵,mɰit³̲³̲,mɰ,it̲̲,³,,,
17334,䎶,ȵɨ³¹,ȵ,ɨ,³¹,mlj,ɯ,s
17335,䎷,tɕjʊ³¹,tɕj,ʊ,³¹,,,
17336,䎸,ŋu̯o³¹,ŋ,u̯o,³¹,,,
17337,䎹,,,,,,,
17338,䎺,tɕiᴇi³¹,tɕ,iᴇi,³¹,,,
17339,䎻,,,,,,,
17340,䎼,,,,,,,
17341,䎽,mjun³³,mj,un,³³,,,
17342,䎾,,,,,,,
17343,䎿,dzɨu³³,dz,ɨu,³³,,,
17344,䏀,,,,,,,
17345,䏁,tsəi³⁵,ts,əi,³⁵,s,ɯ,̠ʔ
17346,䏂,su³⁵,s,u,³⁵,,,
17347,䏃,men³³,m,en,³³,,,
17348,䏄,tei³⁵,t,ei,³⁵,,,
17349,䏅,tsʰet³̲³̲,tsʰ,et̲̲,³,,,
17350,䏆,dzɑu³³,dz,ɑu,³³,,,
17351,䏇,biᴇu³¹,b,iᴇu,³¹,,,
17352,䏈,lʷiᴇn³³,lʷ,iᴇn,³³,,,
17353,䏉,ɕip³̲³̲,ɕ,ip̲̲,³,,,
17354,䏊,,,,,,,
17355,䏋,,,,,,,
17356,䏌,hɨt³̲³̲,h,ɨt̲̲,³,p,ə,l̥h
17357,䏍,ʔʷen³³,ʔʷ,en,³³,,,
17358,䏎,bjuŋ³³,bj,uŋ,³³,,,
17359,䏏,hjʊ³³,hj,ʊ,³³,,,
17360,䏐,kʷet³̲³̲,kʷ,et̲̲,³,kʷ,e,̠d
17361,䏑,,,,,,,
17362,䏒,pʰen³¹,pʰ,en,³¹,,,
17363,䏓,,,,,,,
17364,䏔,ɳɨu³⁵,ɳ,ɨu,³⁵,m‧l,u,ʔ
17365,䏕,ȵim³⁵,ȵ,im,³⁵,,,
17366,䏖,,,,,l,i,ns
17367,䏗,ku̯oi³¹,k,u̯oi,³¹,,,
17368,䏘,pʰit³̲³̲,pʰ,it̲̲,³,,,
17369,䏙,tʰəm³⁵,tʰ,əm,³⁵,kh‧l,u,̠mʔ
17370,䏚,,,,,mbl,o,wʔ
17371,䏛,tɕʰʷin³⁵,tɕʰʷ,in,³⁵,,,
17372,䏜,həp³̲³̲,h,əp̲̲,³,,,
17373,䏝,tɕʷiᴇn³³,tɕʷ,iᴇn,³³,,,
17374,䏞,mʷɑt³̲³̲,mʷ,ɑt̲̲,³,,,
17375,䏟,bɰit³̲³̲,bɰ,it̲̲,³,bl,i,̠ɡ
17376,䏠,kʰɰip³̲³̲,kʰɰ,ip̲̲,³,,,
17377,䏡,,,,,,,
17378,䏢,,,,,,,
17379,䏣,tsʰjɤ³³,tsʰj,ɤ,³³,skh,a,
17380,䏤,si³¹,s,i,³¹,,,
17381,䏥,,,,,,,
17382,䏦,dem³³,d,em,³³,,,
17383,䏧,ɳɰæ³⁵,ɳɰæ,,³⁵,,,
17384,䏨,tu̯oi³⁵,t,u̯oi,³⁵,,,
17385,䏩,ʔəp³̲³̲,ʔ,əp̲̲,³,,,
17386,䏪,ȵɨ³¹,ȵ,ɨ,³¹,,,
17387,䏫,hɨu³³,h,ɨu,³³,,,
17388,䏬,mu³³,m,u,³³,,,
17389,䏭,,,,,,,
17390,䏮,,,,,,,
17391,䏯,tɕɨ³¹,tɕ,ɨ,³¹,,,
17392,䏰,ȵʷin³¹,ȵʷ,in,³¹,nj,ɯ,ns
17393,䏱,,,,,,,
17394,䏲,det³̲³̲,d,et̲̲,³,,,
17395,䏳,tɕiᴇt³̲³̲,tɕ,iᴇt̲̲,³,,,
17396,䏴,ʂɰæu³¹,ʂɰæ,u,³¹,spr,e,̠ws
17397,䏵,mjʊŋ³⁵,mj,ʊŋ,³⁵,,,
17398,䏶,,,,,,,
17399,䏷,ɦɑn³¹,ɦ,ɑn,³¹,,,
17400,䏸,,,,,,,
17401,䏹,ʈʰɰim³¹,ʈʰɰ,im,³¹,,,
17402,䏺,,,,,,,
17403,䏻,,,,,,,
17404,䏼,dʐɰɛn³⁵,dʐɰ,ɛn,³⁵,,,
17405,䏽,bu³³,b,u,³³,b,ɯ,ʔ
17406,䏾,,,,,,,
17407,䏿,ɦei³⁵,ɦ,ei,³⁵,kh,e,̠ʔ
17408,䐀,kɰiᴇ³¹,kɰ,iᴇ,³¹,,,
17409,䐁,tuk³̲³̲,t,uk̲̲,³,,,
17410,䐂,,,,,,,
17411,䐃,ɡʷɰin³⁵,ɡʷɰ,in,³⁵,ɡr,u,nʔ
17412,䐄,həm³¹,h,əm,³¹,ɡr,o,̠ms
17413,䐅,hi³³,h,i,³³,,,
17414,䐆,tsʰɑ³³,tsʰ,ɑ,³³,sh,ɯ,̠s
17415,䐇,mjun³⁵,mj,un,³⁵,,,
17416,䐈,ɖɨk³̲³̲,ɖ,ɨk̲̲,³,,,
17417,䐉,tʂɨ³¹,tʂ,ɨ,³¹,,,
17418,䐊,ɦu̯on³⁵,ɦ,u̯on,³⁵,,,
17419,䐋,,,,,,,
17420,䐌,,,,,,,
17421,䐍,tʂʰjʊ³¹,tʂʰj,ʊ,³¹,,,
17422,䐎,tei³³,t,ei,³³,,,
17423,䐏,ɕʷin³⁵,ɕʷ,in,³⁵,,,
17424,䐐,tsʰɨu³³,tsʰ,ɨu,³³,,,
17425,䐑,ɖiᴇp³̲³̲,ɖ,iᴇp̲̲,³,ɡ‧l,e,b
17426,䐒,ʈɰæ³¹,ʈɰæ,,³¹,,,
17427,䐓,ȵɨu³³,ȵ,ɨu,³³,,,
17428,䐔,ben³⁵,b,en,³⁵,,,
17429,䐕,tʂip³̲³̲,tʂ,ip̲̲,³,,,
17430,䐖,hi³³,h,i,³³,,,
17431,䐗,ʈjɤ³³,ʈj,ɤ,³³,,,
17432,䐘,ɡjak³̲³̲,ɡj,ak̲̲,³,,,
17433,䐙,kɰɛk³̲³̲,kɰ,ɛk̲̲,³,,,
17434,䐚,tsiᴇk³̲³̲,ts,iᴇk̲̲,³,,,
17435,䐛,tɑp³̲³̲,t,ɑp̲̲,³,,,
17436,䐜,tɕʰin³³,tɕʰ,in,³³,khj,i,n
17437,䐝,sʷɑ³¹,sʷ,ɑ,³¹,sl,o,̠ls
17438,䐞,ȵjak³̲³̲,ȵj,ak̲̲,³,nj,e,wɡ
17439,䐟,ku³³,k,u,³³,,,
17440,䐠,,,,,,,
17441,䐡,,,,,,,
17442,䐢,tʂjʊ³¹,tʂj,ʊ,³¹,,,
17443,䐣,su̯on³⁵,s,u̯on,³⁵,sqh,u,̠nʔ
17444,䐤,dzɑ³³,dz,ɑ,³³,,,
17445,䐥,ʔuŋ³⁵,ʔ,uŋ,³⁵,,,
17446,䐦,,,,,,,
17447,䐧,kʰɑu³¹,kʰ,ɑu,³¹,,,
17448,䐨,duk³̲³̲,d,uk̲̲,³,,,
17449,䐩,ku̯oi³³,k,u̯oi,³³,,,
17450,䐪,,,,,,,
17451,䐫,tsʰjʊŋ³³,tsʰj,ʊŋ,³³,,,
17452,䐬,tsɑu³³,ts,ɑu,³³,,,
17453,䐭,tei³¹,t,ei,³¹,,,
17454,䐮,tʂʰɰɛn³⁵,tʂʰɰ,ɛn,³⁵,,,
17455,䐯,lʷi³⁵,lʷ,i,³⁵,,,
17456,䐰,sɨu³³,s,ɨu,³³,,,
17457,䐱,ʈɰæ³⁵,ʈɰæ,,³⁵,,,
17458,䐲,ɖip³̲³̲,ɖ,ip̲̲,³,ɡ‧l,u,b
17459,䐳,ŋjɤ³³,ŋj,ɤ,³³,,,
17460,䐴,kʷɑi³¹,kʷ,ɑi,³¹,,,
17461,䐵,ɦʷɑŋ³³,ɦʷ,ɑŋ,³³,,,
17462,䐶,dziᴇm³³,dz,iᴇm,³³,,,
17463,䐷,tɑn³³,t,ɑn,³³,,,
17464,䐸,hʷɰɛk³̲³̲,hʷɰ,ɛk̲̲,³,,,
17465,䐹,ʂɨu³³,ʂ,ɨu,³³,sr,ɯ,̠w
17466,䐺,dəm³³,d,əm,³³,,,
17467,䐻,ku̯o³³,k,u̯o,³³,,,
17468,䐼,ɦei³¹,ɦ,ei,³¹,,,
17469,䐽,,,,,,,
17470,䐾,dɑk³̲³̲,d,ɑk̲̲,³,,,
17471,䐿,ʔɑu³¹,ʔ,ɑu,³¹,q,u,̠ɡs
17472,䑀,bek³̲³̲,b,ek̲̲,³,,,
17473,䑁,ʔu̯ok³̲³̲,ʔ,u̯ok̲̲,³,,,
17474,䑂,jɨ³⁵,j,ɨ,³⁵,,,
17475,䑃,,,,,,,
17476,䑄,bi³¹,b,i,³¹,phr,i,ɡs
17477,䑅,,,,,,,
17478,䑆,jaŋ³⁵,j,aŋ,³⁵,,,
17479,䑇,tɕit³̲³̲,tɕ,it̲̲,³,,,
17480,䑈,pɰɔk³̲³̲,pɰɔk̲̲,,³,,,
17481,䑉,,,,,,,
17482,䑊,jʷi³¹,jʷ,i,³¹,,,
17483,䑋,ȵjaŋ³³,ȵj,aŋ,³³,mlj,a,ŋʔ
17484,䑌,lɑn³³,l,ɑn,³³,,,
17485,䑍,,,,,q,e,ŋ
17486,䑎,tsʰiᴇm³³,tsʰ,iᴇm,³³,,,
17487,䑏,hʷɑn³³,hʷ,ɑn,³³,ɡ,o,n
17488,䑐,,,,,,,
17489,䑑,buk³̲³̲,b,uk̲̲,³,,,
17490,䑒,,,,,,,
17491,䑓,,,,,,,
17492,䑔,pʰʷjai³¹,pʰʷj,ai,³¹,,,
17493,䑕,ɕjɤ³⁵,ɕj,ɤ,³⁵,,,
17494,䑖,,,,,,,
17495,䑗,tʰɑŋ³⁵,tʰ,ɑŋ,³⁵,,,
17496,䑘,tʂiᴇ³⁵,tʂ,iᴇ,³⁵,,,
17497,䑙,tʰɑm³¹,tʰ,ɑm,³¹,,,
17498,䑚,,,,,,,
17499,䑛,,,,,,,
17500,䑜,tʰep³̲³̲,tʰ,ep̲̲,³,,,
17501,䑝,,,,,,,
17502,䑞,ɕʷin³¹,ɕʷ,in,³¹,,,
17503,䑟,,,,,,,
17504,䑠,leu³⁵,l,eu,³⁵,,,
17505,䑡,tʂʰɰæ³³,tʂʰɰæ,,³³,,,
17506,䑢,ŋu̯ot³̲³̲,ŋ,u̯ot̲̲,³,,,
17507,䑣,ʈʰim³³,ʈʰ,im,³³,l̥h,u,m
17508,䑤,ɡɰim³¹,ɡɰ,im,³¹,,,
17509,䑥,ŋəp³̲³̲,ŋ,əp̲̲,³,,,
17510,䑦,ku³³,k,u,³³,,,
17511,䑧,pʰjʊ³³,pʰj,ʊ,³³,,,
17512,䑨,dɑ³⁵,d,ɑ,³⁵,,,
17513,䑩,,,,,,,
17514,䑪,ŋəp³̲³̲,ŋ,əp̲̲,³,,,
17515,䑫,pɰæŋ³³,pɰæŋ,,³³,,,
17516,䑬,tʰɑu³³,tʰ,ɑu,³³,,,
17517,䑭,,,,,,,
17518,䑮,,,,,,,
17519,䑯,dei³¹,d,ei,³¹,,,
17520,䑰,bu̯o³¹,b,u̯o,³¹,,,
17521,䑱,ʔʷjɤn³⁵,ʔʷj,ɤn,³⁵,,,
17522,䑲,ʈʰɰæu³¹,ʈʰɰæ,u,³¹,,,
17523,䑳,lʷin³³,lʷ,in,³³,,,
17524,䑴,ɡɨ³³,ɡ,ɨ,³³,,,
17525,䑵,mək³̲³̲,m,ək̲̲,³,,,
17526,䑶,tsʰen³¹,tsʰ,en,³¹,,,
17527,䑷,,,,,,,
17528,䑸,,,,,,,
17529,䑹,sɑu³³,s,ɑu,³³,,,
17530,䑺,bju̯am³³,bj,u̯am,³³,,,
17531,䑻,jɨu³³,j,ɨu,³³,,,
17532,䑼,tʂɨu³³,tʂ,ɨu,³³,,,
17533,䑽,tʰɑp³̲³̲,tʰ,ɑp̲̲,³,,,
17534,䑾,,,,,,,
17535,䑿,sjuk³̲³̲,sj,uk̲̲,³,,,
17536,䒀,pʰjʊ³³,pʰj,ʊ,³³,b,a,̠s
17537,䒁,zip³̲³̲,z,ip̲̲,³,,,
17538,䒂,tsjaŋ³⁵,tsj,aŋ,³⁵,,,
17539,䒃,,,,,,,
17540,䒄,,,,,,,
17541,䒅,,,,,,,
17542,䒆,ʈʰiᴇt³̲³̲,ʈʰ,iᴇt̲̲,³,,,
17543,䒇,pɨu³¹,p,ɨu,³¹,,,
17544,䒈,bʷɨi³⁵,bʷ,ɨi,³⁵,,,
17545,䒉,mjʊ³⁵,mj,ʊ,³⁵,,,
17546,䒊,hei³³,h,ei,³³,,,
17547,䒋,ʔjaŋ³⁵,ʔj,aŋ,³⁵,,,
17548,䒌,meŋ³¹,m,eŋ,³¹,,,
17549,䒍,pʰɑŋ³⁵,pʰ,ɑŋ,³⁵,,,
17550,䒎,mɑŋ³⁵,m,ɑŋ,³⁵,,,
17551,䒏,tsʰəŋ³¹,tsʰ,əŋ,³¹,,,
17552,䒐,məŋ³¹,m,əŋ,³¹,,,
17553,䒑,,,,,,,
17554,䒒,,,,,,,
17555,䒓,kʰɰɛ³⁵,kʰɰ,ɛ,³⁵,,,
17556,䒔,,,,,,,
17557,䒕,siᴇu³⁵,s,iᴇu,³⁵,,,
17558,䒖,,,,,,,
17559,䒗,kʰɨt³̲³̲,kʰ,ɨt̲̲,³,kh,ɯ,d
17560,䒘,sʷi³³,sʷ,i,³³,,,
17561,䒙,,,,,,,
17562,䒚,ɕiᴇu³⁵,ɕ,iᴇu,³⁵,,,
17563,䒛,ɦɰɛn³¹,ɦɰ,ɛn,³¹,,,
17564,䒜,ŋɨu³³,ŋ,ɨu,³³,,,
17565,䒝,ɦɰæu³⁵,ɦɰæ,u,³⁵,,,
17566,䒞,ɖɰim³¹,ɖɰ,im,³¹,ɡ‧l,u,m
17567,䒟,tɑn³³,t,ɑn,³³,,,
17568,䒠,pʰjuŋ³³,pʰj,uŋ,³³,,,
17569,䒡,,,,,,,
17570,䒢,ŋjaŋ³⁵,ŋj,aŋ,³⁵,ŋ,a,̠ŋ
17571,䒣,,,,,,,
17572,䒤,ȵit³̲³̲,ȵ,it̲̲,³,,,
17573,䒥,ʂi³³,ʂ,i,³³,,,
17574,䒦,pʰju̯am³³,pʰj,u̯am,³³,,,
17575,䒧,kʰjɤ³¹,kʰj,ɤ,³¹,,,
17576,䒨,ɕi³⁵,ɕ,i,³⁵,,,
17577,䒩,ɦʷɑ³³,ɦʷ,ɑ,³³,,,
17578,䒪,bɰiᴇn³¹,bɰ,iᴇn,³¹,,,
17579,䒫,,,,,,,
17580,䒬,,,,,,,
17581,䒭,,,,,,,
17582,䒮,,,,,,,
17583,䒯,,,,,,,
17584,䒰,kʰʷjaŋ³³,kʰʷj,aŋ,³³,,,
17585,䒱,tɕɨŋ³³,tɕ,ɨŋ,³³,,,
17586,䒲,ʈɰæ³¹,ʈɰæ,,³¹,,,
17587,䒳,tʷɑ³⁵,tʷ,ɑ,³⁵,,,
17588,䒴,ɦʲɨu³⁵,ɦʲ,ɨu,³⁵,,,
17589,䒵,hɑu³¹,h,ɑu,³¹,,,
17590,䒶,,,,,,,
17591,䒷,kʷɑt³̲³̲,kʷ,ɑt̲̲,³,k,o,̠d
17592,䒸,hʷek³̲³̲,hʷ,ek̲̲,³,qhʷ,i,̠ɡ
17593,䒹,lʷi³³,lʷ,i,³³,r,u,̠ls
17594,䒺,,,,,,,
17595,䒻,kʰɨ³⁵,kʰ,ɨ,³⁵,,,
17596,䒼,kʰjʊk³̲³̲,kʰj,ʊk̲̲,³,kh,o,ɡ
17597,䒽,mʷjaŋ³⁵,mʷj,aŋ,³⁵,,,
17598,䒾,,,,,,,
17599,䒿,,,,,,,
17600,䓀,,,,,,,
17601,䓁,,,,,,,
17602,䓂,ŋjɤn³³,ŋj,ɤn,³³,,,
17603,䓃,ʔɰip³̲³̲,ʔɰ,ip̲̲,³,,,
17604,䓄,ŋɰin³³,ŋɰ,in,³³,ŋɡ,ɯ,n
17605,䓅,ɡɨi³³,ɡ,ɨi,³³,,,
17606,䓆,tɕiᴇt³̲³̲,tɕ,iᴇt̲̲,³,,,
17607,䓇,kʰɰæk³̲³̲,kʰɰæk̲̲,,³,,,
17608,䓈,jiᴇk³̲³̲,j,iᴇk̲̲,³,,,
17609,䓉,zjæ³³,zjæ,,³³,ɢ,a,
17610,䓊,ŋu̯o³³,ŋ,u̯o,³³,ŋ,a,̠
17611,䓋,tɕiᴇ³³,tɕ,iᴇ,³³,,,
17612,䓌,tɕɨ³¹,tɕ,ɨ,³¹,,,
17613,䓍,ɦɑn³⁵,ɦ,ɑn,³⁵,,,
17614,䓎,tʂʰɰɔk³̲³̲,tʂʰɰɔk̲̲,,³,,,
17615,䓏,pʰjʊ³³,pʰj,ʊ,³³,,,
17616,䓐,dʑʷin³³,dʑʷ,in,³³,,,
17617,䓑,,,,,,,
17618,䓒,,,,,,,
17619,䓓,,,,,,,
17620,䓔,,,,,,,
17621,䓕,,,,,,,
17622,䓖,,,,,,,
17623,䓗,,,,,skh,o,̠ŋ
17624,䓘,kɑu³³,k,ɑu,³³,kʷr,u,
17625,䓙,kʰʷɰɛ³³,kʰʷɰ,ɛ,³³,,,
17626,䓚,dzu̯o³³,dz,u̯o,³³,,,
17627,䓛,,,,,kl,u,̠d
17628,䓜,tɕi³³,tɕ,i,³³,tj,i,l
17629,䓝,mɰæŋ³¹,mɰæŋ,,³¹,,,
17630,䓞,let³̲³̲,l,et̲̲,³,r,ɯ,̠ds
17631,䓟,tɕɨu³³,tɕ,ɨu,³³,,,
17632,䓠,tʰəp³̲³̲,tʰ,əp̲̲,³,,,
17633,䓡,ʈiᴇ³³,ʈ,iᴇ,³³,,,
17634,䓢,ku̯o³¹,k,u̯o,³¹,k,a,̠s
17635,䓣,men³¹,m,en,³¹,,,
17636,䓤,,,,,,,
17637,䓥,,,,,,,
17638,䓦,,,,,,,
17639,䓧,kɨk³̲³̲,k,ɨk̲̲,³,,,
17640,䓨,,,,,,,
17641,䓩,,,,,,,
17642,䓪,jaŋ³³,j,aŋ,³³,,,
17643,䓫,,,,,,,
17644,䓬,,,,,,,
17645,䓭,tʂʰɰæt³̲³̲,tʂʰɰæt̲̲,,³,,,
17646,䓮,mɑu³⁵,m,ɑu,³⁵,m,u,̠s
17647,䓯,du̯ok³̲³̲,d,u̯ok̲̲,³,,,
17648,䓰,ʔin³³,ʔ,in,³³,,,
17649,䓱,tsʷiᴇ³³,tsʷ,iᴇ,³³,,,
17650,䓲,,,,,l,o,ds
17651,䓳,ɦɰɛi³³,ɦɰ,ɛi,³³,,,
17652,䓴,ȵʷiᴇn³⁵,ȵʷ,iᴇn,³⁵,nj,o,nʔ
17653,䓵,pʰjʊ³³,pʰj,ʊ,³³,,,
17654,䓶,lɑi³¹,l,ɑi,³¹,,,
17655,䓷,ɦɰæŋ³⁵,ɦɰæŋ,,³⁵,,,
17656,䓸,,,,,kr,a,̠n
17657,䓹,,,,,,,
17658,䓺,mɰi³⁵,mɰ,i,³⁵,,,
17659,䓻,hu³¹,h,u,³¹,,,
17660,䓼,mɰɔŋ³³,mɰɔŋ,,³³,,,
17661,䓽,kɨ³¹,k,ɨ,³¹,,,
17662,䓾,sɑ³³,s,ɑ,³³,,,
17663,䓿,ɦəm³⁵,ɦ,əm,³⁵,ɡ,u,̠mʔ
17664,䔀,,,,,,,
17665,䔁,lit³̲³̲,l,it̲̲,³,,,
17666,䔂,tʂɨ³⁵,tʂ,ɨ,³⁵,sr,ɯ,ʔ
17667,䔃,tsu̯o³⁵,ts,u̯o,³⁵,sk,a,̠ʔ
17668,䔄,jiᴇu³³,j,iᴇu,³³,l,e,w
17669,䔅,kɑ³³,k,ɑ,³³,,,
17670,䔆,lɨ³³,l,ɨ,³³,,,
17671,䔇,ɦu̯oi³¹,ɦ,u̯oi,³¹,kh,ɯ,lʔ
17672,䔈,kuŋ³¹,k,uŋ,³¹,,,
17673,䔉,lek³̲³̲,l,ek̲̲,³,,,
17674,䔊,,,,,,,
17675,䔋,,,,,,,
17676,䔌,kɑu³³,k,ɑu,³³,k,u,
17677,䔍,,,,,,,
17678,䔎,,,,,,,
17679,䔏,tʂʰɨu³¹,tʂʰ,ɨu,³¹,skhr,u,ɡs
17680,䔐,tsen³³,ts,en,³³,,,
17681,䔑,jæ³³,jæ,,³³,,,
17682,䔒,bəi³⁵,b,əi,³⁵,,,
17683,䔓,hjɤ³⁵,hj,ɤ,³⁵,,,
17684,䔔,kɰjæŋ³¹,kɰjæŋ,,³¹,,,
17685,䔕,bu̯o³³,b,u̯o,³³,,,
17686,䔖,lɨŋ³³,l,ɨŋ,³³,,,
17687,䔗,zjaŋ³³,zj,aŋ,³³,,,
17688,䔘,dzu̯o³¹,dz,u̯o,³¹,,,
17689,䔙,teu³¹,t,eu,³¹,,,
17690,䔚,ʑʷin³³,ʑʷ,in,³³,,,
17691,䔛,kʰʷeŋ³⁵,kʰʷ,eŋ,³⁵,,,
17692,䔜,tʰɑm³³,tʰ,ɑm,³³,,,
17693,䔝,tʂɰɛ³³,tʂɰ,ɛ,³³,,,
17694,䔞,lʷit³̲³̲,lʷ,it̲̲,³,,,
17695,䔟,jiᴇ³³,j,iᴇ,³³,ɢl,a,l
17696,䔠,ʂɰɔk³̲³̲,ʂɰɔk̲̲,,³,,,
17697,䔡,ŋjɤ³³,ŋj,ɤ,³³,,,
17698,䔢,ɦʷɰæ³³,ɦʷɰæ,,³³,,,
17699,䔣,lei³³,l,ei,³³,r,i,̠l
17700,䔤,,,,,,,
17701,䔥,,,,,,,
17702,䔦,,,,,,,
17703,䔧,,,,,r,i,ls
17704,䔨,,,,,,,
17705,䔩,,,,,,,
17706,䔪,ʂjaŋ³⁵,ʂj,aŋ,³⁵,,,
17707,䔫,,,,,,,
17708,䔬,jɨk³̲³̲,j,ɨk̲̲,³,b,ə,l
17709,䔭,neŋ³⁵,n,eŋ,³⁵,n,e,̠ŋʔ
17710,䔮,siᴇ³³,s,iᴇ,³³,,,
17711,䔯,kʰu̯o³¹,kʰ,u̯o,³¹,kh,a,̠s
17712,䔰,pjʊ³¹,pj,ʊ,³¹,p,ɯ,ɡs
17713,䔱,ʔip³̲³̲,ʔ,ip̲̲,³,,,
17714,䔲,ɖɰɛŋ³³,ɖɰ,ɛŋ,³³,t,ɯ,̠ŋ
17715,䔳,ȵiᴇn³³,ȵ,iᴇn,³³,,,
17716,䔴,tʂʰɨk³̲³̲,tʂʰ,ɨk̲̲,³,skhr,ɯ,ɡ
17717,䔵,kɰæn³³,kɰæn,,³³,,,
17718,䔶,dɰɛi³³,dɰ,ɛi,³³,,,
17719,䔷,ɡɰim³³,ɡɰ,im,³³,,,
17720,䔸,piᴇu³³,p,iᴇu,³³,,,
17721,䔹,zʷi³¹,zʷ,i,³¹,,,
17722,䔺,dzʷiᴇ³³,dzʷ,iᴇ,³³,ɢl,o,lʔ
17723,䔻,tu̯on³³,t,u̯on,³³,,,
17724,䔼,ʂip³̲³̲,ʂ,ip̲̲,³,,,
17725,䔽,ʔɑi³¹,ʔ,ɑi,³¹,q,a,̠ds
17726,䔾,kʰɰæt³̲³̲,kʰɰæt̲̲,,³,,,
17727,䔿,tsu̯on³⁵,ts,u̯on,³⁵,s,u,̠nʔ
17728,䕀,kʰʷɑn³⁵,kʰʷ,ɑn,³⁵,,,
17729,䕁,pʷɨi³⁵,pʷ,ɨi,³⁵,p,ɯ,lʔ
17730,䕂,,,,,,,
17731,䕃,ʔɰim³¹,ʔɰ,im,³¹,,,
17732,䕄,tɕɨŋ³³,tɕ,ɨŋ,³³,,,
17733,䕅,sɑu³³,s,ɑu,³³,,,
17734,䕆,du³⁵,d,u,³⁵,,,
17735,䕇,ɦu̯oi³⁵,ɦ,u̯oi,³⁵,,,
17736,䕈,dep³̲³̲,d,ep̲̲,³,,,
17737,䕉,ɖɰæk³̲³̲,ɖɰæk̲̲,,³,,,
17738,䕊,dɑn³³,d,ɑn,³³,,,
17739,䕋,dɑŋ³³,d,ɑŋ,³³,,,
17740,䕌,ɖi³¹,ɖ,i,³¹,,,
17741,䕍,jiᴇi³¹,j,iᴇi,³¹,,,
17742,䕎,,,,,,,
17743,䕏,,,,,,,
17744,䕐,,,,,,,
17745,䕑,,,,,,,
17746,䕒,kɰæ³³,kɰæ,,³³,,,
17747,䕓,tʂʰɰɛt³̲³̲,tʂʰɰ,ɛt̲̲,³,,,
17748,䕔,ɦɰæm³³,ɦɰæm,,³³,,,
17749,䕕,mʷɑn³¹,mʷ,ɑn,³¹,,,
17750,䕖,su̯on³³,s,u̯on,³³,,,
17751,䕗,bi³¹,b,i,³¹,,,
17752,䕘,liᴇŋ³⁵,l,iᴇŋ,³⁵,,,
17753,䕙,dzet³̲³̲,dz,et̲̲,³,,,
17754,䕚,ɡʷɰi³¹,ɡʷɰ,i,³¹,,,
17755,䕛,kɰɛp³̲³̲,kɰ,ɛp̲̲,³,,,
17756,䕜,,,,,,,
17757,䕝,ɕɨŋ³¹,ɕ,ɨŋ,³¹,,,
17758,䕞,lɑŋ³¹,l,ɑŋ,³¹,,,
17759,䕟,hɨŋ³³,h,ɨŋ,³³,,,
17760,䕠,pʷjai³¹,pʷj,ai,³¹,,,
17761,䕡,ljɤ³³,lj,ɤ,³³,,,
17762,䕢,ʈɰæ³⁵,ʈɰæ,,³⁵,,,
17763,䕣,ɦɑt³̲³̲,ɦ,ɑt̲̲,³,,,
17764,䕤,,,,,,,
17765,䕥,,,,,,,
17766,䕦,jiᴇŋ³³,j,iᴇŋ,³³,,,
17767,䕧,kɰæu³⁵,kɰæ,u,³⁵,,,
17768,䕨,,,,,,,
17769,䕩,lɑu³¹,l,ɑu,³¹,ɡ,ə,r
17770,䕪,ɖɰæk³̲³̲,ɖɰæk̲̲,,³,,,
17771,䕫,,,,,,,
17772,䕬,kjaŋ³³,kj,aŋ,³³,k,a,ŋ
17773,䕭,ziᴇm³³,z,iᴇm,³³,,,
17774,䕮,kʰjuk³̲³̲,kʰj,uk̲̲,³,k,u,ɡ
17775,䕯,miᴇu³³,m,iᴇu,³³,,,
17776,䕰,bʷjɤn³³,bʷj,ɤn,³³,,,
17777,䕱,,,,,,,
17778,䕲,lɰim³⁵,lɰ,im,³⁵,,,
17779,䕳,miᴇ³³,m,iᴇ,³³,,,
17780,䕴,tʂɰɔk³̲³̲,tʂɰɔk̲̲,,³,,,
17781,䕵,ɦet³̲³̲,ɦ,et̲̲,³,,,
17782,䕶,ɦu̯o³¹,ɦ,u̯o,³¹,,,
17783,䕷,,,,,,,
17784,䕸,kɰɛt³̲³̲,kɰ,ɛt̲̲,³,,,
17785,䕹,dzəp³̲³̲,dz,əp̲̲,³,,,
17786,䕺,dzuŋ³³,dz,uŋ,³³,sɡ,o,̠ŋ
17787,䕻,liᴇ³¹,l,iᴇ,³¹,b,ə,r
17788,䕼,ȵiᴇn³³,ȵ,iᴇn,³³,mɡlj,a,n
17789,䕽,,,,,,,
17790,䕾,ŋjam³³,ŋj,am,³³,,,
17791,䕿,nɑn³³,n,ɑn,³³,,,
17792,䖀,,,,,,,
17793,䖁,ʔɨk³̲³̲,ʔ,ɨk̲̲,³,,,
17794,䖂,lʷiᴇn³⁵,lʷ,iᴇn,³⁵,ɡ,ə,r
17795,䖃,jak³̲³̲,j,ak̲̲,³,,,
17796,䖄,,,,,,,
17797,䖅,leŋ³³,l,eŋ,³³,,,
17798,䖆,ɳjaŋ³¹,ɳj,aŋ,³¹,m‧r,a,ŋs
17799,䖇,,,,,,,
17800,䖈,,,,,,,
17801,䖉,hjʊ³³,hj,ʊ,³³,,,
17802,䖊,ŋjai³¹,ŋj,ai,³¹,ŋ,a,ds
17803,䖋,,,,,,,
17804,䖌,,,,,,,
17805,䖍,,,,,,,
17806,䖎,,,,,,,
17807,䖏,tɕʰjɤ³¹,tɕʰj,ɤ,³¹,,,
17808,䖐,ŋɨn³³,ŋ,ɨn,³³,ŋɡ,ɯ,n
17809,䖑,mek³̲³̲,m,ek̲̲,³,m,i,̠ɡ
17810,䖒,hɰiᴇ³³,hɰ,iᴇ,³³,qhr,a,
17811,䖓,,,,,,,
17812,䖔,kʰɑm³¹,kʰ,ɑm,³¹,qh,a,̠ms
17813,䖕,,,,,,,
17814,䖖,,,,,,,
17815,䖗,ŋɰɛm³³,ŋɰ,ɛm,³³,,,
17816,䖘,du̯o³³,d,u̯o,³³,ɡ‧l,a,̠
17817,䖙,tʰei³³,tʰ,ei,³³,,,
17818,䖚,,,,,,,
17819,䖛,,,,,,,
17820,䖜,ŋɰin³³,ŋɰ,in,³³,ŋr,i,n
17821,䖝,,,,,ŋ̊h,u,lʔ
17822,䖞,ʈɨu³⁵,ʈ,ɨu,³⁵,,,
17823,䖟,,,,,mr,a,̠ŋ
17824,䖠,,,,,,,
17825,䖡,ɳjuk³̲³̲,ɳj,uk̲̲,³,,,
17826,䖢,miᴇu³³,m,iᴇu,³³,,,
17827,䖣,tsɑu³⁵,ts,ɑu,³⁵,,,
17828,䖤,ʔʷjɤn³⁵,ʔʷj,ɤn,³⁵,,,
17829,䖥,,,,,,,
17830,䖦,tɕʷiᴇt³̲³̲,tɕʷ,iᴇt̲̲,³,klj,o,d
17831,䖧,ʈiᴇt³̲³̲,ʈ,iᴇt̲̲,³,,,
17832,䖨,tɕiᴇk³̲³̲,tɕ,iᴇk̲̲,³,,,
17833,䖩,bi³¹,b,i,³¹,,,
17834,䖪,tsi³³,ts,i,³³,s,e,
17835,䖫,,,,,,,
17836,䖬,,,,,,,
17837,䖭,kʷɰiᴇn³¹,kʷɰ,iᴇn,³¹,,,
17838,䖮,hjaŋ³⁵,hj,aŋ,³⁵,,,
17839,䖯,kʰʷei³³,kʰʷ,ei,³³,khʷ,e,̠
17840,䖰,,,,,,,
17841,䖱,kʰʷjaŋ³³,kʰʷj,aŋ,³³,,,
17842,䖲,zʷin³³,zʷ,in,³³,,,
17843,䖳,ʈɰæ³¹,ʈɰæ,,³¹,,,
17844,䖴,jiᴇu³³,j,iᴇu,³³,,,
17845,䖵,ku̯on³³,k,u̯on,³³,k,u,̠n
17846,䖶,hu̯oi³³,h,u̯oi,³³,,,
17847,䖷,hɨi³³,h,ɨi,³³,,,
17848,䖸,,,,,,,
17849,䖹,miᴇ³⁵,m,iᴇ,³⁵,,,
17850,䖺,deu³³,d,eu,³³,ɡ‧l,ɯ,̠w
17851,䖻,lɨu³³,l,ɨu,³³,r,u,
17852,䖼,,,,,,,
17853,䖽,,,,,,,
17854,䖾,,,,,,,
17855,䖿,lei³³,l,ei,³³,,,
17856,䗀,ʈʰɨŋ³³,ʈʰ,ɨŋ,³³,,,
17857,䗁,kʰɰiᴇ³³,kʰɰ,iᴇ,³³,,,
17858,䗂,hu̯o³⁵,h,u̯o,³⁵,,,
17859,䗃,dʐɰæn³¹,dʐɰæn,,³¹,zr,e,̠nʔ
17860,䗄,,,,,,,
17861,䗅,ɖjaŋ³³,ɖj,aŋ,³³,,,
17862,䗆,kʷɑn³⁵,kʷ,ɑn,³⁵,,,
17863,䗇,kjuk³̲³̲,kj,uk̲̲,³,ɡ,u,ɡ
17864,䗈,,,,,,,
17865,䗉,tɕʰjaŋ³³,tɕʰj,aŋ,³³,,,
17866,䗊,tʰɑm³¹,tʰ,ɑm,³¹,,,
17867,䗋,mu³³,m,u,³³,,,
17868,䗌,seŋ³³,s,eŋ,³³,,,
17869,䗍,lei³⁵,l,ei,³⁵,,,
17870,䗎,ʔen³³,ʔ,en,³³,,,
17871,䗏,ʂjʊ³³,ʂj,ʊ,³³,,,
17872,䗐,ɕiᴇ³¹,ɕ,iᴇ,³¹,l̥,e,l
17873,䗑,jip³̲³̲,j,ip̲̲,³,,,
17874,䗒,bɰɛŋ³⁵,bɰ,ɛŋ,³⁵,,,
17875,䗓,tsʰuŋ³³,tsʰ,uŋ,³³,skh,o,̠ŋ
17876,䗔,ɦu³¹,ɦ,u,³¹,,,
17877,䗕,,,,,,,
17878,䗖,,,,,,,
17879,䗗,kei³³,k,ei,³³,,,
17880,䗘,kʰɑp³̲³̲,kʰ,ɑp̲̲,³,,,
17881,䗙,ɦɑn³³,ɦ,ɑn,³³,,,
17882,䗚,pɑk³̲³̲,p,ɑk̲̲,³,,,
17883,䗛,,,,,,,
17884,䗜,,,,,,,
17885,䗝,,,,,,,
17886,䗞,,,,,,,
17887,䗟,ʔei³¹,ʔ,ei,³¹,,,
17888,䗠,zʷiᴇn³³,zʷ,iᴇn,³³,,,
17889,䗡,ɦʲiᴇn³³,ɦʲ,iᴇn,³³,ɢr,a,n
17890,䗢,tsɑu³⁵,ts,ɑu,³⁵,s,u,̠ʔ
17891,䗣,hɑm³¹,h,ɑm,³¹,,,
17892,䗤,jʊŋ³³,j,ʊŋ,³³,l,o,ŋ
17893,䗥,dzu̯oŋ³³,dz,u̯oŋ,³³,s,o,̠ŋ
17894,䗦,,,,,,,
17895,䗧,kʰɑŋ³³,kʰ,ɑŋ,³³,,,
17896,䗨,ŋjɤ³³,ŋj,ɤ,³³,,,
17897,䗩,,,,,,,
17898,䗪,tɕiᴇk³̲³̲,tɕ,iᴇk̲̲,³,klj,a,ɡs
17899,䗫,,,,,mr,a,̠l
17900,䗬,pʰjʊŋ³³,pʰj,ʊŋ,³³,,,
17901,䗭,,,,,,,
17902,䗮,,,,,,,
17903,䗯,,,,,,,
17904,䗰,kʷɑn³¹,kʷ,ɑn,³¹,,,
17905,䗱,pʰɰɔk³̲³̲,pʰɰɔk̲̲,,³,,,
17906,䗲,lin³¹,l,in,³¹,,,
17907,䗳,,,,,,,
17908,䗴,,,,,,,
17909,䗵,kjaŋ³³,kj,aŋ,³³,,,
17910,䗶,lɑp³̲³̲,l,ɑp̲̲,³,,,
17911,䗷,ʔɨk³̲³̲,ʔ,ɨk̲̲,³,,,
17912,䗸,ʔjʊŋ³⁵,ʔj,ʊŋ,³⁵,,,
17913,䗹,tsʰiᴇ³¹,tsʰ,iᴇ,³¹,,,
17914,䗺,jiᴇn³⁵,j,iᴇn,³⁵,,,
17915,䗻,,,,,,,
17916,䗼,,,,,,,
17917,䗽,jʷi³¹,jʷ,i,³¹,ɢ,u,ls
17918,䗾,,,,,,,
17919,䗿,neŋ³³,n,eŋ,³³,,,
17920,䘀,bɨu³⁵,b,ɨu,³⁵,,,
17921,䘁,,,,,,,
17922,䘂,,,,,,,
17923,䘃,mək³̲³̲,m,ək̲̲,³,m,ɯ,̠ɡ
17924,䘄,tɕiᴇ³⁵,tɕ,iᴇ,³⁵,,,
17925,䘅,nəŋ³⁵,n,əŋ,³⁵,,,
17926,䘆,hɨn³⁵,h,ɨn,³⁵,,,
17927,䘇,mjun³³,mj,un,³³,,,
17928,䘈,,,,,,,
17929,䘉,,,,,,,
17930,䘊,,,,,,,
17931,䘋,,,,,,,
17932,䘌,ɳit³̲³̲,ɳ,it̲̲,³,,,
17933,䘍,tʰɑt³̲³̲,tʰ,ɑt̲̲,³,,,
17934,䘎,ʔʷɰæn³³,ʔʷɰæn,,³³,,,
17935,䘏,su̯ot³̲³̲,s,u̯ot̲̲,³,sqhʷ,i,ɡ
17936,䘐,,,,,,,
17937,䘑,,,,,,,
17938,䘒,tsʷiᴇ³³,tsʷ,iᴇ,³³,sk,u,̠l
17939,䘓,kʰəm³¹,kʰ,əm,³¹,khl,o,̠ms
17940,䘔,kʰɰæk³̲³̲,kʰɰæk̲̲,,³,,,
17941,䘕,,,,,,,
17942,䘖,,,,,,,
17943,䘗,,,,,,,
17944,䘘,ŋjɤ³⁵,ŋj,ɤ,³⁵,,,
17945,䘙,,,,,,,
17946,䘚,,,,,,,
17947,䘛,,,,,,,
17948,䘜,kɰin³³,kɰ,in,³³,,,
17949,䘝,jɨk³̲³̲,j,ɨk̲̲,³,,,
17950,䘞,,,,,,,
17951,䘟,teu³³,t,eu,³³,t,i,̠wɡs
17952,䘠,,,,,,,
17953,䘡,,,,,,,
17954,䘢,ʈjɤ³⁵,ʈj,ɤ,³⁵,,,
17955,䘣,tʂiᴇ³⁵,tʂ,iᴇ,³⁵,,,
17956,䘤,ɖʷit³̲³̲,ɖʷ,it̲̲,³,,,
17957,䘥,kɰɛp³̲³̲,kɰ,ɛp̲̲,³,,,
17958,䘦,ɳɰiᴇ³⁵,ɳɰ,iᴇ,³⁵,,,
17959,䘧,,,,,,,
17960,䘨,keu³⁵,k,eu,³⁵,,,
17961,䘩,ɦʷen³¹,ɦʷ,en,³¹,sɢʷ,i,n
17962,䘪,tɕʰjuŋ³³,tɕʰj,uŋ,³³,thj,u,ŋ
17963,䘫,,,,,,,
17964,䘬,ɕjʊ³¹,ɕj,ʊ,³¹,,,
17965,䘭,,,,,,,
17966,䘮,,,,,,,
17967,䘯,ʂɰæu³³,ʂɰæ,u,³³,,,
17968,䘰,jiᴇn³³,j,iᴇn,³³,l̥,a,n
17969,䘱,jʊ³¹,j,ʊ,³¹,,,
17970,䘲,,,,,,,
17971,䘳,kɰim³³,kɰ,im,³³,kr,ɯ,m
17972,䘴,tsʰjʊŋ³⁵,tsʰj,ʊŋ,³⁵,skh,o,ŋʔ
17973,䘵,,,,,,,
17974,䘶,ɦəm³³,ɦ,əm,³³,,,
17975,䘷,pet³̲³̲,p,et̲̲,³,,,
17976,䘸,tɕiᴇk³̲³̲,tɕ,iᴇk̲̲,³,l,a,ɡ
17977,䘹,tsʰu̯oi³¹,tsʰ,u̯oi,³¹,s,u,̠ds
17978,䘺,ɖɰɛn³¹,ɖɰ,ɛn,³¹,,,
17979,䘻,juk³̲³̲,j,uk̲̲,³,,,
17980,䘼,ʔʷjɤn³⁵,ʔʷj,ɤn,³⁵,,,
17981,䘽,ŋei³⁵,ŋ,ei,³⁵,ŋɡ,e,̠
17982,䘾,kʷɑn³⁵,kʷ,ɑn,³⁵,,,
17983,䘿,,,,,ɡl,u,d
17984,䙀,,,,,,,
17985,䙁,,,,,,,
17986,䙂,,,,,,,
17987,䙃,dʷɑ³¹,dʷ,ɑ,³¹,ɡ‧l,o,̠ls
17988,䙄,tʂɰɛp³̲³̲,tʂɰ,ɛp̲̲,³,,,
17989,䙅,ʔiᴇu³¹,ʔ,iᴇu,³¹,,,
17990,䙆,kʰʷei³¹,kʰʷ,ei,³¹,,,
17991,䙇,ȵʷiᴇn³³,ȵʷ,iᴇn,³³,,,
17992,䙈,ɦu³³,ɦ,u,³³,,,
17993,䙉,,,,,,,
17994,䙊,,,,,,,
17995,䙋,,,,,,,
17996,䙌,,,,,,,
17997,䙍,,,,,,,
17998,䙎,ɦɰɛ³³,ɦɰ,ɛ,³³,,,
17999,䙏,pɑk³̲³̲,p,ɑk̲̲,³,p,a,̠ɡ
18000,䙐,kʰɰɛk³̲³̲,kʰɰ,ɛk̲̲,³,,,
18001,䙑,tsʰu̯oi³³,tsʰ,u̯oi,³³,shr,o,l
18002,䙒,hjuk³̲³̲,hj,uk̲̲,³,,,
18003,䙓,,,,,,,
18004,䙔,tɕʰjʊ³³,tɕʰj,ʊ,³³,q,o,̠ʔ
18005,䙕,sjʊŋ³⁵,sj,ʊŋ,³⁵,,,
18006,䙖,,,,,,,
18007,䙗,,,,,,,
18008,䙘,tsjuk³̲³̲,tsj,uk̲̲,³,,,
18009,䙙,,,,,,,
18010,䙚,,,,,,,
18011,䙛,,,,,,,
18012,䙜,,,,,,,
18013,䙝,siᴇt³̲³̲,s,iᴇt̲̲,³,ɡ‧l,i,̠b
18014,䙞,tsɨŋ³¹,ts,ɨŋ,³¹,,,
18015,䙟,ɦʲʷɨi³³,ɦʲʷ,ɨi,³³,ɢʷ,ɯ,l
18016,䙠,ɡʷjɤt³̲³̲,ɡʷj,ɤt̲̲,³,,,
18017,䙡,kʰʷɨi³¹,kʰʷ,ɨi,³¹,kh,u,ds
18018,䙢,tsɨŋ³¹,ts,ɨŋ,³¹,s,ɯ,̠ŋs
18019,䙣,sɑp³̲³̲,s,ɑp̲̲,³,,,
18020,䙤,tʷɑ³⁵,tʷ,ɑ,³⁵,,,
18021,䙥,leŋ³³,l,eŋ,³³,,,
18022,䙦,muŋ³³,m,uŋ,³³,,,
18023,䙧,hjun³³,hj,un,³³,,,
18024,䙨,,,,,,,
18025,䙩,,,,,,,
18026,䙪,pʰɰæn³¹,pʰɰæn,,³¹,,,
18027,䙫,,,,,,,
18028,䙬,ʔɰɛŋ³¹,ʔɰ,ɛŋ,³¹,,,
18029,䙭,kʰɰiᴇn³³,kʰɰ,iᴇn,³³,khr,a,n
18030,䙮,,,,,,,
18031,䙯,,,,,,,
18032,䙰,,,,,,,
18033,䙱,,,,,ɡlj,o,ɡ
18034,䙲,siᴇn³³,s,iᴇn,³³,sh,e,n
18035,䙳,piᴇu³³,p,iᴇu,³³,,,
18036,䙴,siᴇn³³,s,iᴇn,³³,sh,e,n
18037,䙵,ɦʷei³³,ɦʷ,ei,³³,ɡʷ,e,̠
18038,䙶,,,,,,,
18039,䙷,tək³̲³̲,t,ək̲̲,³,t,ɯ,̠ɡ
18040,䙸,,,,,,,
18041,䙹,,,,,,,
18042,䙺,,,,,,,
18043,䙻,,,,,sh,i,
18044,䙼,dʑiᴇu³⁵,dʑ,iᴇu,³⁵,,,
18045,䙽,het³̲³̲,h,et̲̲,³,,,
18046,䙾,tɕʷiᴇ³³,tɕʷ,iᴇ,³³,l̥,a,l
18047,䙿,,,,,,,
18048,䚀,,,,,,,
18049,䚁,,,,,,,
18050,䚂,hɰæk³̲³̲,hɰæk̲̲,,³,,,
18051,䚃,jɨu³³,j,ɨu,³³,l,u,
18052,䚄,,,,,b,ə,r
18053,䚅,ləi³³,l,əi,³³,ɡ,ə,r
18054,䚆,ʔɰjæŋ³⁵,ʔɰjæŋ,,³⁵,,,
18055,䚇,ʂɰæŋ³⁵,ʂɰæŋ,,³⁵,,,
18056,䚈,kiᴇn³³,k,iᴇn,³³,,,
18057,䚉,,,,,,,
18058,䚊,,,,,,,
18059,䚋,ɦʲjun³¹,ɦʲj,un,³¹,ɢr,u,ns
18060,䚌,kɑu³³,k,ɑu,³³,,,
18061,䚍,tsʰiᴇk³̲³̲,tsʰ,iᴇk̲̲,³,,,
18062,䚎,ʈʰɰɔŋ³³,ʈʰɰɔŋ,,³³,kh‧r,o,̠ŋ
18063,䚏,,,,,,,
18064,䚐,dzek³̲³̲,dz,ek̲̲,³,sd,e,̠ɡ
18065,䚑,mɰɛ³³,mɰ,ɛ,³³,,,
18066,䚒,ɖɰɔŋ³³,ɖɰɔŋ,,³³,,,
18067,䚓,ɕim³⁵,ɕ,im,³⁵,,,
18068,䚔,pʰin³¹,pʰ,in,³¹,p,i,ns
18069,䚕,ʂɰiᴇ³⁵,ʂɰ,iᴇ,³⁵,b,ə,r
18070,䚖,leŋ³³,l,eŋ,³³,,,
18071,䚗,kɰɔŋ³³,kɰɔŋ,,³³,klj,o,ŋ
18072,䚘,ɦɰæŋ³³,ɦɰæŋ,,³³,,,
18073,䚙,hɰiᴇ³³,hɰ,iᴇ,³³,qh,o,n
18074,䚚,,,,,,,
18075,䚛,ɦu̯ok³̲³̲,ɦ,u̯ok̲̲,³,,,
18076,䚜,piᴇ³³,p,iᴇ,³³,,,
18077,䚝,dzu̯ot³̲³̲,dz,u̯ot̲̲,³,,,
18078,䚞,,,,,,,
18079,䚟,,,,,,,
18080,䚠,ɦu̯on³³,ɦ,u̯on,³³,,,
18081,䚡,səi³³,s,əi,³³,sl,ɯ,̠
18082,䚢,jiᴇi³¹,j,iᴇi,³¹,,,
18083,䚣,tei³³,t,ei,³³,,,
18084,䚤,,,,,,,
18085,䚥,ȵjak³̲³̲,ȵj,ak̲̲,³,,,
18086,䚦,ɖiᴇ³⁵,ɖ,iᴇ,³⁵,ɡ‧l,e,ʔ
18087,䚧,lɨu³³,l,ɨu,³³,ɡ,ə,r
18088,䚨,pʷjai³¹,pʷj,ai,³¹,p,o,ds
18089,䚩,kʰɰiᴇu³⁵,kʰɰ,iᴇu,³⁵,kr,e,wʔ
18090,䚪,,,,,,,
18091,䚫,kɰɔk³̲³̲,kɰɔk̲̲,,³,ɡ,e,̠wɡ
18092,䚬,,,,,,,
18093,䚭,hʷjɤn³³,hʷj,ɤn,³³,qh,o,n
18094,䚮,ȵɨŋ³³,ȵ,ɨŋ,³³,nj,ɯ,ŋ
18095,䚯,,,,,k,i,̠ws
18096,䚰,pʰiᴇ³⁵,pʰ,iᴇ,³⁵,,,
18097,䚱,,,,,,,
18098,䚲,,,,,,,
18099,䚳,tɕiᴇ³¹,tɕ,iᴇ,³¹,,,
18100,䚴,ŋʷjɤt³̲³̲,ŋʷj,ɤt̲̲,³,,,
18101,䚵,tʰu³⁵,tʰ,u,³⁵,,,
18102,䚶,tʰen³³,tʰ,en,³³,,,
18103,䚷,ʔei³¹,ʔ,ei,³¹,,,
18104,䚸,ɦɰɛi³¹,ɦɰ,ɛi,³¹,,,
18105,䚹,pʰiᴇ³⁵,pʰ,iᴇ,³⁵,,,
18106,䚺,,,,,,,
18107,䚻,jiᴇu³³,j,iᴇu,³³,l,ɯ,w
18108,䚼,,,,,,,
18109,䚽,hɑu³¹,h,ɑu,³¹,,,
18110,䚾,ȵim³³,ȵ,im,³³,,,
18111,䚿,,,,,,,
18112,䛀,pʷjɤn³⁵,pʷj,ɤn,³⁵,,,
18113,䛁,ȵiᴇm³³,ȵ,iᴇm,³³,,,
18114,䛂,,,,,,,
18115,䛃,,,,,,,
18116,䛄,ʔʷjɤn³¹,ʔʷj,ɤn,³¹,,,
18117,䛅,ɦɰɛp³̲³̲,ɦɰ,ɛp̲̲,³,,,
18118,䛆,ɖɨu³¹,ɖ,ɨu,³¹,ɡ‧l,ɯ,ws
18119,䛇,jʷiᴇn³⁵,jʷ,iᴇn,³⁵,,,
18120,䛈,ɕi³¹,ɕ,i,³¹,,,
18121,䛉,men³¹,m,en,³¹,,,
18122,䛊,hei³³,h,ei,³³,,,
18123,䛋,ɡɰiᴇ³¹,ɡɰ,iᴇ,³¹,,,
18124,䛌,bɑu³³,b,ɑu,³³,,,
18125,䛍,pʷɨi³¹,pʷ,ɨi,³¹,,,
18126,䛎,hʷjɤt³̲³̲,hʷj,ɤt̲̲,³,,,
18127,䛏,nei³¹,n,ei,³¹,,,
18128,䛐,,,,,,,
18129,䛑,,,,,,,
18130,䛒,bɰiᴇn³⁵,bɰ,iᴇn,³⁵,,,
18131,䛓,,,,,,,
18132,䛔,ɳɰæ³³,ɳɰæ,,³³,,,
18133,䛕,,,,,,,
18134,䛖,siᴇt³̲³̲,s,iᴇt̲̲,³,,,
18135,䛗,tɕi³⁵,tɕ,i,³⁵,,,
18136,䛘,ɳim³³,ɳ,im,³³,,,
18137,䛙,hjuk³̲³̲,hj,uk̲̲,³,,,
18138,䛚,ljak³̲³̲,lj,ak̲̲,³,,,
18139,䛛,ɦu̯oi³¹,ɦ,u̯oi,³¹,,,
18140,䛜,,,,,,,
18141,䛝,nɑu³³,n,ɑu,³³,,,
18142,䛞,ɦɑn³⁵,ɦ,ɑn,³⁵,,,
18143,䛟,kep³̲³̲,k,ep̲̲,³,,,
18144,䛠,tu³¹,t,u,³¹,,,
18145,䛡,ɦʷɰæi³¹,ɦʷɰæ,i,³¹,,,
18146,䛢,tʰuk³̲³̲,tʰ,uk̲̲,³,,,
18147,䛣,ʈʰɨu³³,ʈʰ,ɨu,³³,,,
18148,䛤,,,,,,,
18149,䛥,hɨi³¹,h,ɨi,³¹,,,
18150,䛦,,,,,,,
18151,䛧,,,,,,,
18152,䛨,,,,,,,
18153,䛩,ʔu̯o³⁵,ʔ,u̯o,³⁵,qʷ,a,̠ʔ
18154,䛪,kʰjuŋ³¹,kʰj,uŋ,³¹,,,
18155,䛫,ʈɰæŋ³¹,ʈɰæŋ,,³¹,,,
18156,䛬,dɑu³³,d,ɑu,³³,b‧l,u,
18157,䛭,hɰæŋ³⁵,hɰæŋ,,³⁵,,,
18158,䛮,ɡɨu³⁵,ɡ,ɨu,³⁵,,,
18159,䛯,kjɤ³¹,kj,ɤ,³¹,,,
18160,䛰,ɦu̯on³⁵,ɦ,u̯on,³⁵,,,
18161,䛱,,,,,,,
18162,䛲,miᴇn³³,m,iᴇn,³³,,,
18163,䛳,ʔɰiᴇm³³,ʔɰ,iᴇm,³³,q,o,ms
18164,䛴,kɰiᴇ³³,kɰ,iᴇ,³³,,,
18165,䛵,,,,,,,
18166,䛶,,,,,,,
18167,䛷,ʔʷjɤn³⁵,ʔʷj,ɤn,³⁵,,,
18168,䛸,,,,,,,
18169,䛹,tsʰen³¹,tsʰ,en,³¹,,,
18170,䛺,kɰɛi³¹,kɰ,ɛi,³¹,,,
18171,䛻,jɨu³⁵,j,ɨu,³⁵,,,
18172,䛼,hʷɰiᴇ³⁵,hʷɰ,iᴇ,³⁵,,,
18173,䛽,tʂʰɰɛp³̲³̲,tʂʰɰ,ɛp̲̲,³,,,
18174,䛾,su̯o³¹,s,u̯o,³¹,,,
18175,䛿,kɰɛk³̲³̲,kɰ,ɛk̲̲,³,,,
18176,䜀,nɑu³⁵,n,ɑu,³⁵,,,
18177,䜁,ɦei³⁵,ɦ,ei,³⁵,,,
18178,䜂,ɦɑu³¹,ɦ,ɑu,³¹,,,
18179,䜃,tu̯oi³³,t,u̯oi,³³,,,
18180,䜄,,,,,b‧l,i,
18181,䜅,jʷi³³,jʷ,i,³³,,,
18182,䜆,mʷɑ³¹,mʷ,ɑ,³¹,,,
18183,䜇,ku̯on³⁵,k,u̯on,³⁵,,,
18184,䜈,tʂʰɰæu³¹,tʂʰɰæ,u,³¹,,,
18185,䜉,ʈi³³,ʈ,i,³³,,,
18186,䜊,dzɑu³¹,dz,ɑu,³¹,,,
18187,䜋,ɦu̯oi³¹,ɦ,u̯oi,³¹,ɡ,u,̠ds
18188,䜌,lʷiᴇn³³,lʷ,iᴇn,³³,ɡ,ə,r
18189,䜍,leu³³,l,eu,³³,,,
18190,䜎,lɑu³¹,l,ɑu,³¹,ɡ,ə,r
18191,䜏,tʰʷɑ³³,tʰʷ,ɑ,³³,kh‧l,o,̠l
18192,䜐,hʷiᴇ³³,hʷ,iᴇ,³³,qhl,o,l
18193,䜑,ʔu̯o³⁵,ʔ,u̯o,³⁵,,,
18194,䜒,ʔɑu³¹,ʔ,ɑu,³¹,,,
18195,䜓,ɕiᴇp³̲³̲,ɕ,iᴇp̲̲,³,,,
18196,䜔,zʷiᴇ³³,zʷ,iᴇ,³³,,,
18197,䜕,hɰæi³¹,hɰæ,i,³¹,mbr,a,̠ds
18198,䜖,,,,,,,
18199,䜗,hɰim³¹,hɰ,im,³¹,,,
18200,䜘,,,,,kr,e,ŋʔ
18201,䜙,ŋəm³³,ŋ,əm,³³,,,
18202,䜚,dəp³̲³̲,d,əp̲̲,³,l,u,̠b
18203,䜛,,,,,,,
18204,䜜,jʷiᴇ³¹,jʷ,iᴇ,³¹,,,
18205,䜝,tʰʷɑn³⁵,tʰʷ,ɑn,³⁵,,,
18206,䜞,,,,,,,
18207,䜟,,,,,,,
18208,䜠,tɕit³̲³̲,tɕ,it̲̲,³,,,
18209,䜡,ʔjuk³̲³̲,ʔj,uk̲̲,³,,,
18210,䜢,hjɤn³⁵,hj,ɤn,³⁵,,,
18211,䜣,,,,,,,
18212,䜤,,,,,,,
18213,䜥,,,,,,,
18214,䜦,,,,,,,
18215,䜧,,,,,,,
18216,䜨,,,,,,,
18217,䜩,,,,,,,
18218,䜪,ɡɨu³³,ɡ,ɨu,³³,,,
18219,䜫,kɰɔŋ³³,kɰɔŋ,,³³,,,
18220,䜬,zɨu³¹,z,ɨu,³¹,,,
18221,䜭,sʷin³¹,sʷ,in,³¹,sqhʷ,u,ns
18222,䜮,lɑu³³,l,ɑu,³³,,,
18223,䜯,ɡjuk³̲³̲,ɡj,uk̲̲,³,,,
18224,䜰,hɑu³³,h,ɑu,³³,,,
18225,䜱,mʷjɤn³³,mʷj,ɤn,³³,,,
18226,䜲,liᴇp³̲³̲,l,iᴇp̲̲,³,,,
18227,䜳,,,,,,,
18228,䜴,tʂʰjʊ³¹,tʂʰj,ʊ,³¹,,,
18229,䜵,,,,,,,
18230,䜶,ɦɰɔŋ³³,ɦɰɔŋ,,³³,,,
18231,䜷,tsʰim³³,tsʰ,im,³³,,,
18232,䜸,mu̯oi³⁵,m,u̯oi,³⁵,,,
18233,䜹,,,,,,,
18234,䜺,tʂʰɰæk³̲³̲,tʂʰɰæk̲̲,,³,,,
18235,䜻,dʑɰiᴇ³¹,dʑɰ,iᴇ,³¹,,,
18236,䜼,muk³̲³̲,m,uk̲̲,³,,,
18237,䜽,jʊ³³,j,ʊ,³³,,,
18238,䜾,ʔɰim³³,ʔɰ,im,³³,,,
18239,䜿,,,,,,,
18240,䝀,leu³³,l,eu,³³,,,
18241,䝁,lɑu³³,l,ɑu,³³,,,
18242,䝂,dʑjʊ³⁵,dʑj,ʊ,³⁵,,,
18243,䝃,ɖiᴇp³̲³̲,ɖ,iᴇp̲̲,³,,,
18244,䝄,ʂɰɔŋ³³,ʂɰɔŋ,,³³,,,
18245,䝅,hu̯oi³³,h,u̯oi,³³,,,
18246,䝆,hu̯ot³̲³̲,h,u̯ot̲̲,³,,,
18247,䝇,hu̯oi³³,h,u̯oi,³³,,,
18248,䝈,ʔɰɛk³̲³̲,ʔɰ,ɛk̲̲,³,,,
18249,䝉,,,,,,,
18250,䝊,,,,,,,
18251,䝋,tsuŋ³¹,ts,uŋ,³¹,,,
18252,䝌,,,,,,,
18253,䝍,kjun³³,kj,un,³³,,,
18254,䝎,,,,,,,
18255,䝏,ljʊ³³,lj,ʊ,³³,,,
18256,䝐,jʷiᴇ³³,jʷ,iᴇ,³³,ɢl,o,lʔ
18257,䝑,ʈʰjʊŋ³³,ʈʰj,ʊŋ,³³,,,
18258,䝒,dʐjʊ³³,dʐj,ʊ,³³,,,
18259,䝓,liᴇp³̲³̲,l,iᴇp̲̲,³,,,
18260,䝔,hʷɑn³³,hʷ,ɑn,³³,,,
18261,䝕,tɕiᴇp³̲³̲,tɕ,iᴇp̲̲,³,,,
18262,䝖,tʂɰæu³⁵,tʂɰæ,u,³⁵,,,
18263,䝗,hɨu³³,h,ɨu,³³,,,
18264,䝘,,,,,,,
18265,䝙,,,,,,,
18266,䝚,ɳi³³,ɳ,i,³³,,,
18267,䝛,,,,,,,
18268,䝜,sʷɑn³³,sʷ,ɑn,³³,,,
18269,䝝,ʔɰiᴇ³³,ʔɰ,iᴇ,³³,,,
18270,䝞,,,,,ɡ,o,̠ws
18271,䝟,ʔei³¹,ʔ,ei,³¹,qr,e,̠d
18272,䝠,,,,,,,
18273,䝡,mʷjɤn³¹,mʷj,ɤn,³¹,,,
18274,䝢,mɰæn³³,mɰæn,,³³,,,
18275,䝣,ɡjɤ³³,ɡj,ɤ,³³,,,
18276,䝤,lɑu³⁵,l,ɑu,³⁵,,,
18277,䝥,ɦɑu³³,ɦ,ɑu,³³,,,
18278,䝦,tɕjuŋ³³,tɕj,uŋ,³³,,,
18279,䝧,mɰin³³,mɰ,in,³³,,,
18280,䝨,,,,,,,
18281,䝩,tɕin³¹,tɕ,in,³¹,,,
18282,䝪,ʂjɤ³⁵,ʂj,ɤ,³⁵,sŋr,a,ʔ
18283,䝫,,,,,,,
18284,䝬,,,,,,,
18285,䝭,ku³¹,k,u,³¹,,,
18286,䝮,ɦʷen³⁵,ɦʷ,en,³⁵,,,
18287,䝯,dʑɰiᴇ³¹,dʑɰ,iᴇ,³¹,,,
18288,䝰,ɖɨ³⁵,ɖ,ɨ,³⁵,,,
18289,䝱,,,,,,,
18290,䝲,,,,,,,
18291,䝳,dzɑn³³,dz,ɑn,³³,,,
18292,䝴,,,,,,,
18293,䝵,bu̯o³¹,b,u̯o,³¹,,,
18294,䝶,ljaŋ³¹,lj,aŋ,³¹,,,
18295,䝷,ʈiᴇ³³,ʈ,iᴇ,³³,,,
18296,䝸,ɡɰiᴇ³¹,ɡɰ,iᴇ,³¹,,,
18297,䝹,ʔʷɑn³⁵,ʔʷ,ɑn,³⁵,,,
18298,䝺,,,,,,,
18299,䝻,kjɤ³³,kj,ɤ,³³,,,
18300,䝼,dziᴇŋ³³,dz,iᴇŋ,³³,,,
18301,䝽,,,,,,,
18302,䝾,,,,,,,
18303,䝿,kʷɨi³¹,kʷ,ɨi,³¹,,,
18304,䞀,ɦu³¹,ɦ,u,³¹,,,
18305,䞁,ʔjɤn³¹,ʔj,ɤn,³¹,,,
18306,䞂,ȵʷiᴇn³⁵,ȵʷ,iᴇn,³⁵,,,
18307,䞃,ʈi³¹,ʈ,i,³¹,,,
18308,䞄,,,,,,,
18309,䞅,,,,,,,
18310,䞆,,,,,,,
18311,䞇,,,,,,,
18312,䞈,kʷɰiᴇ³¹,kʷɰ,iᴇ,³¹,kʷr,a,ls
18313,䞉,,,,,,,
18314,䞊,sʷin³¹,sʷ,in,³¹,,,
18315,䞋,tʂʰɪn³¹,tʂʰ,ɪn,³¹,,,
18316,䞌,,,,,,,
18317,䞍,dziᴇŋ³³,dz,iᴇŋ,³³,,,
18318,䞎,,,,,,,
18319,䞏,,,,,,,
18320,䞐,,,,,,,
18321,䞑,ɦuŋ³³,ɦ,uŋ,³³,,,
18322,䞒,duŋ³⁵,d,uŋ,³⁵,,,
18323,䞓,ʈʰiᴇŋ³³,ʈʰ,iᴇŋ,³³,kh‧l,e,ŋ
18324,䞔,mʷɨi³⁵,mʷ,ɨi,³⁵,,,
18325,䞕,jʊ³³,j,ʊ,³³,,,
18326,䞖,,,,,,,
18327,䞗,tʂʰɰɛ³³,tʂʰɰ,ɛ,³³,sh,ɯ,̠
18328,䞘,kɨt³̲³̲,k,ɨt̲̲,³,ɡ,ɯ,d
18329,䞙,tsəp³̲³̲,ts,əp̲̲,³,,,
18330,䞚,kʰɰiᴇ³⁵,kʰɰ,iᴇ,³⁵,ɡ,e,
18331,䞛,,,,,,,
18332,䞜,,,,,,,
18333,䞝,,,,,,,
18334,䞞,bjut³̲³̲,bj,ut̲̲,³,,,
18335,䞟,pʰɰæk³̲³̲,pʰɰæk̲̲,,³,,,
18336,䞠,tɕiᴇk³̲³̲,tɕ,iᴇk̲̲,³,,,
18337,䞡,,,,,,,
18338,䞢,,,,,,,
18339,䞣,tsʰjæ³¹,tsʰjæ,,³¹,khj,a,ɡs
18340,䞤,pʰjʊ³⁵,pʰj,ʊ,³⁵,,,
18341,䞥,ɦʲɨu³¹,ɦʲ,ɨu,³¹,ɢʷ,ɯ,s
18342,䞦,ɦɰæk³̲³̲,ɦɰæk̲̲,,³,,,
18343,䞧,ɦu³¹,ɦ,u,³¹,,,
18344,䞨,kʰʷiᴇ³⁵,kʰʷ,iᴇ,³⁵,khʷr,e,ʔ
18345,䞩,ɦɰɛp³̲³̲,ɦɰ,ɛp̲̲,³,,,
18346,䞪,dzjaŋ³⁵,dzj,aŋ,³⁵,sb,a,ŋs
18347,䞫,ŋɨn³⁵,ŋ,ɨn,³⁵,,,
18348,䞬,tʰu³¹,tʰ,u,³¹,,,
18349,䞭,tsʰʷin³³,tsʰʷ,in,³³,skh,u,s
18350,䞮,tʰu̯o³³,tʰ,u̯o,³³,,,
18351,䞯,bɨu³³,b,ɨu,³³,,,
18352,䞰,dʐʷɰɛk³̲³̲,dʐʷɰ,ɛk̲̲,³,,,
18353,䞱,,,,,,,
18354,䞲,,,,,,,
18355,䞳,pʰjʊ³¹,pʰj,ʊ,³¹,br,ɯ,̠ɡ
18356,䞴,ʈɰæu³³,ʈɰæ,u,³³,,,
18357,䞵,tɕʷiᴇt³̲³̲,tɕʷ,iᴇt̲̲,³,,,
18358,䞶,tʰɑŋ³³,tʰ,ɑŋ,³³,,,
18359,䞷,ɡʷjɤt³̲³̲,ɡʷj,ɤt̲̲,³,,,
18360,䞸,,,,,,,
18361,䞹,,,,,,,
18362,䞺,ʈʰʷin³³,ʈʰʷ,in,³³,,,
18363,䞻,,,,,,,
18364,䞼,,,,,,,
18365,䞽,ʂɰæk³̲³̲,ʂɰæk̲̲,,³,,,
18366,䞾,ɖiᴇ³³,ɖ,iᴇ,³³,ɡ‧l,e,
18367,䞿,hjɤn³³,hj,ɤn,³³,kh,a,n
18368,䟀,,,,,,,
18369,䟁,tʂʰɰæu³³,tʂʰɰæ,u,³³,,,
18370,䟂,mu̯on³³,m,u̯on,³³,m,o,̠n
18371,䟃,tsʰəp³̲³̲,tsʰ,əp̲̲,³,sh,u,̠m
18372,䟄,tsʰiᴇk³̲³̲,tsʰ,iᴇk̲̲,³,,,
18373,䟅,dziᴇm³⁵,dz,iᴇm,³⁵,,,
18374,䟆,pit³̲³̲,p,it̲̲,³,p,i,d
18375,䟇,hɰi³¹,hɰ,i,³¹,k,ɯ,l
18376,䟈,ɖit³̲³̲,ɖ,it̲̲,³,kh‧l,i,ɡ
18377,䟉,,,,,klj,o,ɡ
18378,䟊,ɡjɤ³³,ɡj,ɤ,³³,,,
18379,䟋,tɕiᴇm³⁵,tɕ,iᴇm,³⁵,,,
18380,䟌,dzet³̲³̲,dz,et̲̲,³,,,
18381,䟍,ʔɰiᴇn³⁵,ʔɰ,iᴇn,³⁵,,,
18382,䟎,dzʷɑn³⁵,dzʷ,ɑn,³⁵,,,
18383,䟏,jak³̲³̲,j,ak̲̲,³,ɡ,ə,r
18384,䟐,liᴇk³̲³̲,l,iᴇk̲̲,³,,,
18385,䟑,jak³̲³̲,j,ak̲̲,³,l,o,wɡ
18386,䟒,ɡʷɰæn³¹,ɡʷɰæn,,³¹,ɡ,o,n
18387,䟓,ʈɰɛŋ³³,ʈɰ,ɛŋ,³³,,,
18388,䟔,pʰjʊ³¹,pʰj,ʊ,³¹,ph,o,ɡs
18389,䟕,tʂʰɰæ³¹,tʂʰɰæ,,³¹,,,
18390,䟖,,,,,,,
18391,䟗,dʑiᴇ³⁵,dʑ,iᴇ,³⁵,ɡj,e,ʔ
18392,䟘,ɦɑŋ³⁵,ɦ,ɑŋ,³⁵,,,
18393,䟙,tsʰet³̲³̲,tsʰ,et̲̲,³,,,
18394,䟚,kɨ³³,k,ɨ,³³,,,
18395,䟛,pɑi³¹,p,ɑi,³¹,,,
18396,䟜,nu̯ot³̲³̲,n,u̯ot̲̲,³,,,
18397,䟝,tʰu³¹,tʰ,u,³¹,th,o,̠s
18398,䟞,ɖjʊ³³,ɖj,ʊ,³³,,,
18399,䟟,,,,,,,
18400,䟠,ɦʲʷjɤt³̲³̲,ɦʲʷj,ɤt̲̲,³,qhʷ,a,d
18401,䟡,ʈi³³,ʈ,i,³³,,,
18402,䟢,,,,,,,
18403,䟣,ʈʰʷit³̲³̲,ʈʰʷ,it̲̲,³,kh‧l,u,d
18404,䟤,bet³̲³̲,b,et̲̲,³,,,
18405,䟥,muŋ³³,m,uŋ,³³,,,
18406,䟦,,,,,,,
18407,䟧,den³³,d,en,³³,,,
18408,䟨,mɰin³³,mɰ,in,³³,,,
18409,䟩,kʰjak³̲³̲,kʰj,ak̲̲,³,,,
18410,䟪,pjʊŋ³⁵,pj,ʊŋ,³⁵,,,
18411,䟫,ʈʰɰæŋ³³,ʈʰɰæŋ,,³³,ɡ‧r,a,̠ŋ
18412,䟬,kʰɨu³¹,kʰ,ɨu,³¹,,,
18413,䟭,,,,,,,
18414,䟮,bjuk³̲³̲,bj,uk̲̲,³,,,
18415,䟯,kʰʷɑt³̲³̲,kʰʷ,ɑt̲̲,³,,,
18416,䟰,,,,,,,
18417,䟱,ʂjɤ³³,ʂj,ɤ,³³,,,
18418,䟲,,,,,,,
18419,䟳,,,,,,,
18420,䟴,tɕin³¹,tɕ,in,³¹,plj,ɯ,ns
18421,䟵,ɡɨu³³,ɡ,ɨu,³³,,,
18422,䟶,tsʷɑ³¹,tsʷ,ɑ,³¹,,,
18423,䟷,ʈʰiᴇi³¹,ʈʰ,iᴇi,³¹,,,
18424,䟸,kʷɰi³³,kʷɰ,i,³³,ɡʷr,ɯ,
18425,䟹,lʷiᴇt³̲³̲,lʷ,iᴇt̲̲,³,,,
18426,䟺,pʰɑi³¹,pʰ,ɑi,³¹,b,a,̠ds
18427,䟻,du̯o³¹,d,u̯o,³¹,,,
18428,䟼,mjʊ³⁵,mj,ʊ,³⁵,,,
18429,䟽,ʂjɤ³¹,ʂj,ɤ,³¹,sŋr,a,
18430,䟾,ʈʷiᴇi³¹,ʈʷ,iᴇi,³¹,,,
18431,䟿,ljʊk³̲³̲,lj,ʊk̲̲,³,,,
18432,䠀,tɕʰjaŋ³⁵,tɕʰj,aŋ,³⁵,,,
18433,䠁,tsei³¹,ts,ei,³¹,,,
18434,䠂,,,,,,,
18435,䠃,,,,,,,
18436,䠄,tʰen³⁵,tʰ,en,³⁵,,,
18437,䠅,,,,,kh,u,̠nʔ
18438,䠆,ɖjaŋ³³,ɖj,aŋ,³³,,,
18439,䠇,,,,,,,
18440,䠈,tʰu̯ot³̲³̲,tʰ,u̯ot̲̲,³,,,
18441,䠉,ɦʷɑn³¹,ɦʷ,ɑn,³¹,,,
18442,䠊,bʷɨi³¹,bʷ,ɨi,³¹,b,ɯ,ls
18443,䠋,pʰiᴇ³⁵,pʰ,iᴇ,³⁵,,,
18444,䠌,,,,,,,
18445,䠍,ɦɰæ³³,ɦɰæ,,³³,ɡr,a,̠
18446,䠎,ʔɰɔk³̲³̲,ʔɰɔk̲̲,,³,,,
18447,䠏,ɡʷɰi³³,ɡʷɰ,i,³³,,,
18448,䠐,kʰʷiᴇk³̲³̲,kʰʷ,iᴇk̲̲,³,,,
18449,䠑,ŋʷɰiᴇ³⁵,ŋʷɰ,iᴇ,³⁵,,,
18450,䠒,ɦu̯o³³,ɦ,u̯o,³³,,,
18451,䠓,tsjuk³̲³̲,tsj,uk̲̲,³,skh,u,ɡ
18452,䠔,,,,,,,
18453,䠕,,,,,,,
18454,䠖,,,,,,,
18455,䠗,kʰɨu³¹,kʰ,ɨu,³¹,,,
18456,䠘,pʰei³³,pʰ,ei,³³,,,
18457,䠙,bɑŋ³¹,b,ɑŋ,³¹,b,a,̠ŋ
18458,䠚,ʔʷɰæ³⁵,ʔʷɰæ,,³⁵,,,
18459,䠛,jiᴇu³³,j,iᴇu,³³,l,e,w
18460,䠜,ȵjʊŋ³⁵,ȵj,ʊŋ,³⁵,,,
18461,䠝,,,,,,,
18462,䠞,,,,,,,
18463,䠟,dep³̲³̲,d,ep̲̲,³,ɡ‧l,i,̠b
18464,䠠,ʈʰiᴇi³¹,ʈʰ,iᴇi,³¹,t,a,̠ds
18465,䠡,dzɑ³³,dz,ɑ,³³,,,
18466,䠢,mjuŋ³¹,mj,uŋ,³¹,,,
18467,䠣,kʰʷɰiᴇn³¹,kʰʷɰ,iᴇn,³¹,,,
18468,䠤,tɑ³¹,t,ɑ,³¹,,,
18469,䠥,pʰet³̲³̲,pʰ,et̲̲,³,,,
18470,䠦,,,,,,,
18471,䠧,ɖjɤ³³,ɖj,ɤ,³³,ɡ‧r,a,̠
18472,䠨,tɕʰiᴇm³³,tɕʰ,iᴇm,³³,,,
18473,䠩,ɡʷjai³¹,ɡʷj,ai,³¹,,,
18474,䠪,tʰʷɑn³⁵,tʰʷ,ɑn,³⁵,th,o,̠nʔ
18475,䠫,dzu³¹,dz,u,³¹,,,
18476,䠬,,,,,,,
18477,䠭,lɑi³¹,l,ɑi,³¹,,,
18478,䠮,,,,,,,
18479,䠯,jak³̲³̲,j,ak̲̲,³,,,
18480,䠰,ɡʷɰiᴇn³³,ɡʷɰ,iᴇn,³³,,,
18481,䠱,,,,,klj,o,ɡ
18482,䠲,,,,,,,
18483,䠳,ʈʰin³³,ʈʰ,in,³³,,,
18484,䠴,,,,,,,
18485,䠵,bjʊ³¹,bj,ʊ,³¹,,,
18486,䠶,ʑjæ³¹,ʑjæ,,³¹,ɢl,a,ɡs
18487,䠷,tʰeu³¹,tʰ,eu,³¹,,,
18488,䠸,kʰʷɰæ³³,kʰʷɰæ,,³³,,,
18489,䠹,,,,,,,
18490,䠺,,,,,,,
18491,䠻,kʰjuŋ³¹,kʰj,uŋ,³¹,,,
18492,䠼,ɕjʊ³¹,ɕj,ʊ,³¹,,,
18493,䠽,ɦəi³³,ɦ,əi,³³,,,
18494,䠾,,,,,,,
18495,䠿,,,,,,,
18496,䡀,tɕiᴇn³⁵,tɕ,iᴇn,³⁵,,,
18497,䡁,luŋ³⁵,l,uŋ,³⁵,,,
18498,䡂,ɡju³¹,ɡj,u,³¹,,,
18499,䡃,lit³̲³̲,l,it̲̲,³,,,
18500,䡄,,,,,,,
18501,䡅,ʈʰʷin³³,ʈʰʷ,in,³³,kh‧l,u,n
18502,䡆,jʊŋ³³,j,ʊŋ,³³,,,
18503,䡇,ŋʷjɤt³̲³̲,ŋʷj,ɤt̲̲,³,ŋɡ,a,d
18504,䡈,kɰɔk³̲³̲,kɰɔk̲̲,,³,kr,a,̠wɡ
18505,䡉,kʰʷɑŋ³⁵,kʰʷ,ɑŋ,³⁵,,,
18506,䡊,pʷjɤn³⁵,pʷj,ɤn,³⁵,p,a,nʔ
18507,䡋,tɕʰiᴇ³³,tɕʰ,iᴇ,³³,,,
18508,䡌,kʰʷəŋ³³,kʰʷ,əŋ,³³,,,
18509,䡍,,,,,,,
18510,䡎,,,,,,,
18511,䡏,kʰʷəŋ³³,kʰʷ,əŋ,³³,,,
18512,䡐,dɑ³³,d,ɑ,³³,,,
18513,䡑,,,,,mr,i,n
18514,䡒,den³³,d,en,³³,,,
18515,䡓,kʷen³³,kʷ,en,³³,kʷ,e,̠ns
18516,䡔,kʰei³⁵,kʰ,ei,³⁵,khl,e,̠lʔ
18517,䡕,,,,,,,
18518,䡖,,,,,,,
18519,䡗,ɡjʊŋ³⁵,ɡj,ʊŋ,³⁵,,,
18520,䡘,den³³,d,en,³³,,,
18521,䡙,lɑŋ³³,l,ɑŋ,³³,,,
18522,䡚,mɰæu³¹,mɰæ,u,³¹,,,
18523,䡛,,,,,,,
18524,䡜,ljuk³̲³̲,lj,uk̲̲,³,,,
18525,䡝,,,,,q,u,n
18526,䡞,,,,,k,o,ɡ
18527,䡟,pʰei³¹,pʰ,ei,³¹,ph,e,̠s
18528,䡠,kʰɰɛŋ³³,kʰɰ,ɛŋ,³³,,,
18529,䡡,,,,,,,
18530,䡢,biᴇn³⁵,b,iᴇn,³⁵,b,e,nʔ
18531,䡣,ɦu̯on³³,ɦ,u̯on,³³,ɡ,u,̠n
18532,䡤,tɕjɤ³³,tɕj,ɤ,³³,,,
18533,䡥,,,,,,,
18534,䡦,sɑŋ³⁵,s,ɑŋ,³⁵,,,
18535,䡧,ʔu̯o³³,ʔ,u̯o,³³,,,
18536,䡨,tʂʰɰɛi³³,tʂʰɰ,ɛi,³³,,,
18537,䡩,kʰɰɛn³³,kʰɰ,ɛn,³³,khr,i,̠n
18538,䡪,ɕiᴇn³¹,ɕ,iᴇn,³¹,,,
18539,䡫,buŋ³³,b,uŋ,³³,,,
18540,䡬,mɰæn³¹,mɰæn,,³¹,m,o,ns
18541,䡭,sɨu³³,s,ɨu,³³,,,
18542,䡮,tsjʊŋ³³,tsj,ʊŋ,³³,,,
18543,䡯,tsʰuŋ³³,tsʰ,uŋ,³³,skh,o,̠ŋ
18544,䡰,kʰɰæŋ³⁵,kʰɰæŋ,,³⁵,khr,e,̠ŋ
18545,䡱,,,,,,,
18546,䡲,dʑiᴇn³³,dʑ,iᴇn,³³,,,
18547,䡳,siᴇ³³,s,iᴇ,³³,,,
18548,䡴,tɕʰjʊŋ³³,tɕʰj,ʊŋ,³³,khlj,o,ŋ
18549,䡵,zʷi³¹,zʷ,i,³¹,,,
18550,䡶,,,,,,,
18551,䡷,kʰɑi³¹,kʰ,ɑi,³¹,kh,a,̠bs
18552,䡸,,,,,,,
18553,䡹,ʈi³¹,ʈ,i,³¹,,,
18554,䡺,ɦʲʷiᴇi³¹,ɦʲʷ,iᴇi,³¹,,,
18555,䡻,,,,,,,
18556,䡼,leŋ³³,l,eŋ,³³,,,
18557,䡽,tsʷɑn³³,tsʷ,ɑn,³³,,,
18558,䡾,ŋʷɰiᴇt³̲³̲,ŋʷɰ,iᴇt̲̲,³,ŋ,a,̠d
18559,䡿,leŋ³³,l,eŋ,³³,,,
18560,䢀,,,,,,,
18561,䢁,,,,,,,
18562,䢂,,,,,,,
18563,䢃,ŋjai³¹,ŋj,ai,³¹,ŋ,a,ds
18564,䢄,sɨ³⁵,s,ɨ,³⁵,,,
18565,䢅,dʑin³³,dʑ,in,³³,blj,ɯ,n
18566,䢆,,,,,,,
18567,䢇,ȵjʊŋ³⁵,ȵj,ʊŋ,³⁵,,,
18568,䢈,ɦʷɑi³¹,ɦʷ,ɑi,³¹,ɡ,o,̠bs
18569,䢉,nu̯oŋ³³,n,u̯oŋ,³³,n,u,̠ŋ
18570,䢊,jɨu³³,j,ɨu,³³,,,
18571,䢋,kɨ³¹,k,ɨ,³¹,k,ɯ,s
18572,䢌,pʰʷɑt³̲³̲,pʰʷ,ɑt̲̲,³,p,o,̠d
18573,䢍,,,,,,,
18574,䢎,,,,,,,
18575,䢏,,,,,,,
18576,䢐,dzu̯o³³,dz,u̯o,³³,sɡ,a,̠
18577,䢑,tei³⁵,t,ei,³⁵,t,i,̠lʔ
18578,䢒,kɰæu³³,kɰæ,u,³³,kr,e,̠w
18579,䢓,ɦʲjʊ³³,ɦʲj,ʊ,³³,,,
18580,䢔,ɦəp³̲³̲,ɦ,əp̲̲,³,ɡ,u,̠b
18581,䢕,,,,,,,
18582,䢖,jʷit³̲³̲,jʷ,it̲̲,³,,,
18583,䢗,,,,,,,
18584,䢘,,,,,,,
18585,䢙,bɰæi³¹,bɰæ,i,³¹,b,a,̠ds
18586,䢚,kɰæŋ³³,kɰæŋ,,³³,,,
18587,䢛,,,,,,,
18588,䢜,,,,,,,
18589,䢝,ʔɰæ³¹,ʔɰæ,,³¹,,,
18590,䢞,,,,,,,
18591,䢟,,,,,,,
18592,䢠,,,,,,,
18593,䢡,sep³̲³̲,s,ep̲̲,³,,,
18594,䢢,tsʰɑŋ³¹,tsʰ,ɑŋ,³¹,,,
18595,䢣,jiᴇu³³,j,iᴇu,³³,,,
18596,䢤,ʑʷit³̲³̲,ʑʷ,it̲̲,³,,,
18597,䢥,jʷiᴇn³¹,jʷ,iᴇn,³¹,,,
18598,䢦,ʂʷit³̲³̲,ʂʷ,it̲̲,³,sr,u,d
18599,䢧,leu³¹,l,eu,³¹,,,
18600,䢨,,,,,,,
18601,䢩,,,,,,,
18602,䢪,,,,,,,
18603,䢫,,,,,,,
18604,䢬,,,,,,,
18605,䢭,jiᴇn³¹,j,iᴇn,³¹,ɢl,e,ns
18606,䢮,dek³̲³̲,d,ek̲̲,³,,,
18607,䢯,,,,,,,
18608,䢰,tʰek³̲³̲,tʰ,ek̲̲,³,,,
18609,䢱,duk³̲³̲,d,uk̲̲,³,ɡ‧l,o,̠ɡ
18610,䢲,ɦʲʷjak³̲³̲,ɦʲʷj,ak̲̲,³,,,
18611,䢳,ki³⁵,k,i,³⁵,k,i,lʔ
18612,䢴,tsʰiᴇn³³,tsʰ,iᴇn,³³,,,
18613,䢵,ɦʲjun³³,ɦʲj,un,³³,ɢʷ,u,n
18614,䢶,,,,,,,
18615,䢷,,,,,,,
18616,䢸,tsʰjɤ³³,tsʰj,ɤ,³³,skh,a,
18617,䢹,kjɤ³⁵,kj,ɤ,³⁵,,,
18618,䢺,,,,,,,
18619,䢻,tɕin³¹,tɕ,in,³¹,ɡj,i,ŋ
18620,䢼,kjuŋ³³,kj,uŋ,³³,,,
18621,䢽,,,,,,,
18622,䢾,sen³⁵,s,en,³⁵,,,
18623,䢿,ʔɑn³¹,ʔ,ɑn,³¹,,,
18624,䣀,kʰʷɰiᴇ³⁵,kʰʷɰ,iᴇ,³⁵,kr,o,lʔ
18625,䣁,ɦʲjʊ³⁵,ɦʲj,ʊ,³⁵,ɢʷ,a,ʔ
18626,䣂,lu̯oi³⁵,l,u̯oi,³⁵,r,u,̠ls
18627,䣃,ɦʲɨu³³,ɦʲ,ɨu,³³,,,
18628,䣄,du̯o³³,d,u̯o,³³,ɡ‧l,a,̠
18629,䣅,dʑin³³,dʑ,in,³³,,,
18630,䣆,keŋ³³,k,eŋ,³³,,,
18631,䣇,ɡɨu³³,ɡ,ɨu,³³,ɡ,u,
18632,䣈,,,,,,,
18633,䣉,,,,,,,
18634,䣊,tɑŋ³⁵,t,ɑŋ,³⁵,,,
18635,䣋,tsʰəi³⁵,tsʰ,əi,³⁵,,,
18636,䣌,tei³⁵,t,ei,³⁵,,,
18637,䣍,ʔɰiᴇm³⁵,ʔɰ,iᴇm,³⁵,qr,o,mʔ
18638,䣎,tʂɨ³³,tʂ,ɨ,³³,,,
18639,䣏,,,,,,,
18640,䣐,ʔɰjæŋ³³,ʔɰjæŋ,,³³,,,
18641,䣑,,,,,,,
18642,䣒,,,,,,,
18643,䣓,,,,,,,
18644,䣔,sʷɑ³⁵,sʷ,ɑ,³⁵,,,
18645,䣕,mɰæ³⁵,mɰæ,,³⁵,mr,a,̠s
18646,䣖,,,,,,,
18647,䣗,kɑu³³,k,ɑu,³³,,,
18648,䣘,dɑŋ³³,d,ɑŋ,³³,,,
18649,䣙,pu̯oi³³,p,u̯oi,³³,b,ɯ,̠
18650,䣚,ljʊ³³,lj,ʊ,³³,ɡ,ə,r
18651,䣛,tsʰit³̲³̲,tsʰ,it̲̲,³,sh,i,d
18652,䣜,dʐɰæ³³,dʐɰæ,,³³,sɡ,a,̠l
18653,䣝,du̯o³³,d,u̯o,³³,ɡ‧l,a,̠
18654,䣞,ŋɑk³̲³̲,ŋ,ɑk̲̲,³,,,
18655,䣟,dzəp³̲³̲,dz,əp̲̲,³,,,
18656,䣠,dzjæ³¹,dzjæ,,³¹,,,
18657,䣡,ŋɰiᴇ³³,ŋɰ,iᴇ,³³,ŋr,a,l
18658,䣢,dzɑk³̲³̲,dz,ɑk̲̲,³,z,a,ɡ
18659,䣣,tɑŋ³⁵,t,ɑŋ,³⁵,,,
18660,䣤,kʰjak³̲³̲,kʰj,ak̲̲,³,,,
18661,䣥,pi³⁵,p,i,³⁵,,,
18662,䣦,,,,,,,
18663,䣧,jɨk³̲³̲,j,ɨk̲̲,³,l,ɯ,ɡ
18664,䣨,,,,,,,
18665,䣩,dʑʷin³³,dʑʷ,in,³³,,,
18666,䣪,pʰʷɑt³̲³̲,pʰʷ,ɑt̲̲,³,ph,o,̠d
18667,䣫,,,,,,,
18668,䣬,,,,,,,
18669,䣭,,,,,,,
18670,䣮,bʷɑt³̲³̲,bʷ,ɑt̲̲,³,,,
18671,䣯,,,,,,,
18672,䣰,ɡjɤ³³,ɡj,ɤ,³³,,,
18673,䣱,hjʊ³¹,hj,ʊ,³¹,qh,o,s
18674,䣲,,,,,,,
18675,䣳,,,,,,,
18676,䣴,,,,,,,
18677,䣵,ȵɨ³¹,ȵ,ɨ,³¹,,,
18678,䣶,ɦʷɑt³̲³̲,ɦʷ,ɑt̲̲,³,,,
18679,䣷,,,,,,,
18680,䣸,ȵiᴇm³⁵,ȵ,iᴇm,³⁵,mblj,o,mʔ
18681,䣹,bʷjɤt³̲³̲,bʷj,ɤt̲̲,³,,,
18682,䣺,kʷen³¹,kʷ,en,³¹,kʷ,e,̠ns
18683,䣻,həm³³,h,əm,³³,,,
18684,䣼,ljaŋ³³,lj,aŋ,³³,ɡ,ə,r
18685,䣽,ʈiᴇ³³,ʈ,iᴇ,³³,,,
18686,䣾,,,,,,,
18687,䣿,ɦʲjʊ³³,ɦʲj,ʊ,³³,,,
18688,䤀,,,,,,,
18689,䤁,ɖim³³,ɖ,im,³³,ɢl,u,m
18690,䤂,mu̯oi³³,m,u̯oi,³³,,,
18691,䤃,ʔɰim³³,ʔɰ,im,³³,,,
18692,䤄,miᴇn³⁵,m,iᴇn,³⁵,,,
18693,䤅,du³¹,d,u,³¹,ɡ‧l,o,̠
18694,䤆,,,,,,,
18695,䤇,ʂɨu³³,ʂ,ɨu,³³,,,
18696,䤈,,,,,,,
18697,䤉,mɰit³̲³̲,mɰ,it̲̲,³,mbl,i,ɡ
18698,䤊,ɳi³¹,ɳ,i,³¹,nj,o,ŋ
18699,䤋,ʔjuk³̲³̲,ʔj,uk̲̲,³,,,
18700,䤌,,,,,,,
18701,䤍,pʰʷɑn³³,pʰʷ,ɑn,³³,,,
18702,䤎,kʷit³̲³̲,kʷ,it̲̲,³,kʷ,i,d
18703,䤏,bɰi³⁵,bɰ,i,³⁵,,,
18704,䤐,tsim³⁵,ts,im,³⁵,sk,u,mʔ
18705,䤑,ʔʷɑŋ³¹,ʔʷ,ɑŋ,³¹,,,
18706,䤒,ɡɨi³¹,ɡ,ɨi,³¹,,,
18707,䤓,muŋ³³,m,uŋ,³³,,,
18708,䤔,tsɑm³⁵,ts,ɑm,³⁵,z,a,mʔ
18709,䤕,hɰɔk³̲³̲,hɰɔk̲̲,,³,,,
18710,䤖,bɑu³¹,b,ɑu,³¹,,,
18711,䤗,dəm³¹,d,əm,³¹,k,o,̠mʔ
18712,䤘,tʂʰɰɛm³⁵,tʂʰɰ,ɛm,³⁵,shr,e,̠mʔ
18713,䤙,lei³³,l,ei,³³,,,
18714,䤚,,,,,,,
18715,䤛,ɡju³³,ɡj,u,³³,,,
18716,䤜,,,,,,,
18717,䤝,,,,,,,
18718,䤞,,,,,,,
18719,䤟,,,,,,,
18720,䤠,,,,,,,
18721,䤡,ȵiᴇm³⁵,ȵ,iᴇm,³⁵,,,
18722,䤢,,,,,,,
18723,䤣,,,,,,,
18724,䤤,,,,,,,
18725,䤥,kʷɰiᴇ³⁵,kʷɰ,iᴇ,³⁵,kr,o,lʔ
18726,䤦,,,,,,,
18727,䤧,,,,,,,
18728,䤨,pʰɰɛk³̲³̲,pʰɰ,ɛk̲̲,³,m̥r,e,̠ɡ
18729,䤩,,,,,,,
18730,䤪,tʷɑ³¹,tʷ,ɑ,³¹,,,
18731,䤫,dʐɰæm³³,dʐɰæm,,³³,,,
18732,䤬,ʂɰæ³³,ʂɰæ,,³³,,,
18733,䤭,,,,,,,
18734,䤮,dʑiᴇp³̲³̲,dʑ,iᴇp̲̲,³,,,
18735,䤯,ɦeŋ³³,ɦ,eŋ,³³,,,
18736,䤰,,,,,,,
18737,䤱,,,,,,,
18738,䤲,,,,,,,
18739,䤳,dzjæ³¹,dzjæ,,³¹,,,
18740,䤴,ɦɰɛm³³,ɦɰ,ɛm,³³,,,
18741,䤵,bʷɨi³⁵,bʷ,ɨi,³⁵,,,
18742,䤶,ʔɰiᴇp³̲³̲,ʔɰ,iᴇp̲̲,³,,,
18743,䤷,ʔjɤn³⁵,ʔj,ɤn,³⁵,,,
18744,䤸,tʂʰɰɔŋ³³,tʂʰɰɔŋ,,³³,,,
18745,䤹,ʂjʊ³³,ʂj,ʊ,³³,sr,u,
18746,䤺,,,,,,,
18747,䤻,dʷɑ³⁵,dʷ,ɑ,³⁵,,,
18748,䤼,,,,,,,
18749,䤽,kʷɰɛn³³,kʷɰ,ɛn,³³,,,
18750,䤾,,,,,,,
18751,䤿,ket³̲³̲,k,et̲̲,³,kh,e,̠d
18752,䥀,ʈʰiᴇn³³,ʈʰ,iᴇn,³³,,,
18753,䥁,,,,,,,
18754,䥂,mjuŋ³¹,mj,uŋ,³¹,,,
18755,䥃,ŋɰɔk³̲³̲,ŋɰɔk̲̲,,³,,,
18756,䥄,tsʰu̯o³¹,tsʰ,u̯o,³¹,,,
18757,䥅,,,,,,,
18758,䥆,,,,,,,
18759,䥇,,,,,,,
18760,䥈,mɑŋ³⁵,m,ɑŋ,³⁵,,,
18761,䥉,ʔʷjɤn³³,ʔʷj,ɤn,³³,,,
18762,䥊,,,,,,,
18763,䥋,pʰɰæŋ³³,pʰɰæŋ,,³³,,,
18764,䥌,,,,,,,
18765,䥍,tɕi³¹,tɕ,i,³¹,,,
18766,䥎,dʑʷin³³,dʑʷ,in,³³,,,
18767,䥏,ŋjɤ³³,ŋj,ɤ,³³,ŋ,a,ʔ
18768,䥐,,,,,,,
18769,䥑,,,,,,,
18770,䥒,,,,,,,
18771,䥓,,,,,,,
18772,䥔,,,,,,,
18773,䥕,,,,,,,
18774,䥖,den³³,d,en,³³,,,
18775,䥗,kʰʷɑn³¹,kʰʷ,ɑn,³¹,,,
18776,䥘,tɕu̯o³⁵,tɕ,u̯o,³⁵,,,
18777,䥙,,,,,lj,u,ds
18778,䥚,,,,,,,
18779,䥛,ket³̲³̲,k,et̲̲,³,,,
18780,䥜,,,,,,,
18781,䥝,ʔɑu³³,ʔ,ɑu,³³,q,u,
18782,䥞,,,,,,,
18783,䥟,ʔjɤt³̲³̲,ʔj,ɤt̲̲,³,,,
18784,䥠,tɕim³¹,tɕ,im,³¹,,,
18785,䥡,dep³̲³̲,d,ep̲̲,³,,,
18786,䥢,lu̯oŋ³³,l,u̯oŋ,³³,ɡ,ə,r
18787,䥣,,,,,,,
18788,䥤,bɰɔk³̲³̲,bɰɔk̲̲,,³,,,
18789,䥥,,,,,,,
18790,䥦,,,,,ɡ‧l,o,̠lʔ
18791,䥧,,,,,,,
18792,䥨,ljɤ³¹,lj,ɤ,³¹,,,
18793,䥩,mʷɨi³³,mʷ,ɨi,³³,,,
18794,䥪,hen³⁵,h,en,³⁵,,,
18795,䥫,tʰet³̲³̲,tʰ,et̲̲,³,,,
18796,䥬,pɑk³̲³̲,p,ɑk̲̲,³,,,
18797,䥭,,,,,,,
18798,䥮,,,,,,,
18799,䥯,pɰɛ³⁵,pɰ,ɛ,³⁵,br,e,̠lʔ
18800,䥰,mɰæŋ³³,mɰæŋ,,³³,,,
18801,䥱,sjæ³⁵,sjæ,,³⁵,,,
18802,䥲,,,,,,,
18803,䥳,,,,,,,
18804,䥴,,,,,,,
18805,䥵,heu³⁵,h,eu,³⁵,qh,e,̠wʔ
18806,䥶,lek³̲³̲,l,ek̲̲,³,r,e,̠ɡ
18807,䥷,dʐɰæt³̲³̲,dʐɰæt̲̲,,³,,,
18808,䥸,miᴇ³³,m,iᴇ,³³,,,
18809,䥹,,,,,,,
18810,䥺,,,,,,,
18811,䥻,,,,,,,
18812,䥼,,,,,,,
18813,䥽,,,,,,,
18814,䥾,,,,,,,
18815,䥿,,,,,,,
18816,䦀,,,,,,,
18817,䦁,,,,,,,
18818,䦂,,,,,,,
18819,䦃,,,,,,,
18820,䦄,,,,,,,
18821,䦅,,,,,,,
18822,䦆,,,,,,,
18823,䦇,,,,,,,
18824,䦈,tsɑ³³,ts,ɑ,³³,,,
18825,䦉,,,,,,,
18826,䦊,neu³⁵,n,eu,³⁵,mɡl,e,̠wʔ
18827,䦋,ŋɑu³³,ŋ,ɑu,³³,,,
18828,䦌,,,,,,,
18829,䦍,ŋu̯ot³̲³̲,ŋ,u̯ot̲̲,³,,,
18830,䦎,,,,,,,
18831,䦏,ɦei³¹,ɦ,ei,³¹,ɡr,e,̠ds
18832,䦐,,,,,,,
18833,䦑,hʷet³̲³̲,hʷ,et̲̲,³,,,
18834,䦒,dɑŋ³¹,d,ɑŋ,³¹,,,
18835,䦓,ʈʰiᴇm³³,ʈʰ,iᴇm,³³,,,
18836,䦔,tʰɑn³⁵,tʰ,ɑn,³⁵,,,
18837,䦕,pʰɰɛŋ³³,pʰɰ,ɛŋ,³³,,,
18838,䦖,ɦet³̲³̲,ɦ,et̲̲,³,,,
18839,䦗,hʷɨk³̲³̲,hʷ,ɨk̲̲,³,,,
18840,䦘,ɦɰɛn³⁵,ɦɰ,ɛn,³⁵,,,
18841,䦙,zɨ³¹,z,ɨ,³¹,,,
18842,䦚,hʷɑt³̲³̲,hʷ,ɑt̲̲,³,,,
18843,䦛,,,,,,,
18844,䦜,,,,,,,
18845,䦝,hʷɰɛk³̲³̲,hʷɰ,ɛk̲̲,³,,,
18846,䦞,,,,,,,
18847,䦟,,,,,,,
18848,䦠,ʈɰɔk³̲³̲,ʈɰɔk̲̲,,³,rt,o,̠ɡ
18849,䦡,,,,,,,
18850,䦢,,,,,,,
18851,䦣,,,,,,,
18852,䦤,tʂʰʷɰæi³¹,tʂʰʷɰæ,i,³¹,,,
18853,䦥,,,,,,,
18854,䦦,,,,,,,
18855,䦧,hek³̲³̲,h,ek̲̲,³,,,
18856,䦨,lɑn³³,l,ɑn,³³,,,
18857,䦩,,,,,m,ɯ,n
18858,䦪,ʔɰæt³̲³̲,ʔɰæt̲̲,,³,qr,a,̠d
18859,䦫,,,,,,,
18860,䦬,kʰʷet³̲³̲,kʰʷ,et̲̲,³,,,
18861,䦭,,,,,,,
18862,䦮,,,,,,,
18863,䦯,ɖi³¹,ɖ,i,³¹,ɡ‧l,i,ɡs
18864,䦰,,,,,,,
18865,䦱,ɦʷɰiᴇ³⁵,ɦʷɰ,iᴇ,³⁵,ɢʷ,a,lʔ
18866,䦲,jiᴇm³³,j,iᴇm,³³,ɢl,a,wɡ
18867,䦳,hjaŋ³¹,hj,aŋ,³¹,qhj,a,ŋs
18868,䦴,,,,,,,
18869,䦵,nei³⁵,n,ei,³⁵,,,
18870,䦶,,,,,,,
18871,䦷,,,,,,,
18872,䦸,,,,,,,
18873,䦹,dʑip³̲³̲,dʑ,ip̲̲,³,,,
18874,䦺,teŋ³³,t,eŋ,³³,t,e,̠ŋ
18875,䦻,tsɨ³⁵,ts,ɨ,³⁵,,,
18876,䦼,pʰɨk³̲³̲,pʰ,ɨk̲̲,³,,,
18877,䦽,zjɤ³⁵,zj,ɤ,³⁵,,,
18878,䦾,jʷiᴇn³³,jʷ,iᴇn,³³,,,
18879,䦿,,,,,,,
18880,䧀,,,,,,,
18881,䧁,hjʊ³³,hj,ʊ,³³,,,
18882,䧂,tɕiᴇu³¹,tɕ,iᴇu,³¹,,,
18883,䧃,den³³,d,en,³³,,,
18884,䧄,kɑk³̲³̲,k,ɑk̲̲,³,,,
18885,䧅,ji³³,j,i,³³,,,
18886,䧆,ɦuŋ³³,ɦ,uŋ,³³,,,
18887,䧇,ʔɨi³³,ʔ,ɨi,³³,q,ɯ,l
18888,䧈,,,,,,,
18889,䧉,lɨ³⁵,l,ɨ,³⁵,,,
18890,䧊,kʰu̯ok³̲³̲,kʰ,u̯ok̲̲,³,k,u,̠ɡ
18891,䧋,ɦen³⁵,ɦ,en,³⁵,,,
18892,䧌,sʷi³³,sʷ,i,³³,,,
18893,䧍,kʰɰjæk³̲³̲,kʰɰjæk̲̲,,³,,,
18894,䧎,ɦʷen³⁵,ɦʷ,en,³⁵,,,
18895,䧏,,,,,,,
18896,䧐,kʷɑk³̲³̲,kʷ,ɑk̲̲,³,,,
18897,䧑,tei³³,t,ei,³³,,,
18898,䧒,ləi³³,l,əi,³³,,,
18899,䧓,,,,,,,
18900,䧔,,,,,,,
18901,䧕,ɦʲɨk³̲³̲,ɦʲ,ɨk̲̲,³,,,
18902,䧖,dziᴇn³⁵,dz,iᴇn,³⁵,z,e,nʔ
18903,䧗,bɨk³̲³̲,b,ɨk̲̲,³,,,
18904,䧘,ɖʷiᴇn³⁵,ɖʷ,iᴇn,³⁵,ɡ‧l,o,nʔ
18905,䧙,,,,,,,
18906,䧚,ɦɑu³⁵,ɦ,ɑu,³⁵,,,
18907,䧛,bɑŋ³¹,b,ɑŋ,³¹,,,
18908,䧜,dɑŋ³³,d,ɑŋ,³³,,,
18909,䧝,tɕʰɨ³³,tɕʰ,ɨ,³³,,,
18910,䧞,bɨu³⁵,b,ɨu,³⁵,,,
18911,䧟,,,,,,,
18912,䧠,dʑʷiᴇn³⁵,dʑʷ,iᴇn,³⁵,,,
18913,䧡,,,,,,,
18914,䧢,ʔu³³,ʔ,u,³³,kh,o,
18915,䧣,,,,,,,
18916,䧤,puk³̲³̲,p,uk̲̲,³,,,
18917,䧥,ɦʷei³¹,ɦʷ,ei,³¹,,,
18918,䧦,ɦʲʷiᴇ³¹,ɦʲʷ,iᴇ,³¹,qhʷr,a,l
18919,䧧,ŋɰiᴇ³⁵,ŋɰ,iᴇ,³⁵,,,
18920,䧨,pɰip³̲³̲,pɰ,ip̲̲,³,,,
18921,䧩,,,,,,,
18922,䧪,tɕʰiᴇp³̲³̲,tɕʰ,iᴇp̲̲,³,,,
18923,䧫,ɦɑu³³,ɦ,ɑu,³³,,,
18924,䧬,,,,,,,
18925,䧭,,,,,,,
18926,䧮,,,,,,,
18927,䧯,dʐɰæm³³,dʐɰæm,,³³,,,
18928,䧰,ɦu̯on³⁵,ɦ,u̯on,³⁵,ɡ,u,̠nʔ
18929,䧱,kɨu³³,k,ɨu,³³,,,
18930,䧲,kɑn³³,k,ɑn,³³,,,
18931,䧳,tsʰiᴇ³³,tsʰ,iᴇ,³³,,,
18932,䧴,tɕiᴇ³³,tɕ,iᴇ,³³,kj,e,
18933,䧵,ɖɰim³¹,ɖɰ,im,³¹,,,
18934,䧶,,,,,,,
18935,䧷,ȵɨu³³,ȵ,ɨu,³³,,,
18936,䧸,,,,,,,
18937,䧹,ʔɨŋ³³,ʔ,ɨŋ,³³,q,ɯ,ŋ
18938,䧺,,,,,,,
18939,䧻,kəp³̲³̲,k,əp̲̲,³,,,
18940,䧼,ku̯ok³̲³̲,k,u̯ok̲̲,³,,,
18941,䧽,,,,,,,
18942,䧾,ɕjɤ³³,ɕj,ɤ,³³,,,
18943,䧿,tsʰjak³̲³̲,tsʰj,ak̲̲,³,sh,a,ɡ
18944,䨀,,,,,,,
18945,䨁,mjʊ³¹,mj,ʊ,³¹,,,
18946,䨂,tsɨu³³,ts,ɨu,³³,,,
18947,䨃,,,,,,,
18948,䨄,ʔəm³³,ʔ,əm,³³,q,ɯ,̠m
18949,䨅,leu³³,l,eu,³³,,,
18950,䨆,piᴇi³¹,p,iᴇi,³¹,,,
18951,䨇,,,,,,,
18952,䨈,,,,,,,
18953,䨉,ʔɰɛŋ³³,ʔɰ,ɛŋ,³³,,,
18954,䨊,ʔʷen³³,ʔʷ,en,³³,qʷ,i,̠n
18955,䨋,,,,,,,
18956,䨌,,,,,,,
18957,䨍,,,,,,,
18958,䨎,,,,,,,
18959,䨏,dzi³³,dz,i,³³,,,
18960,䨐,ɦɰɛp³̲³̲,ɦɰ,ɛp̲̲,³,,,
18961,䨑,dei³³,d,ei,³³,,,
18962,䨒,ɦʲjʊ³⁵,ɦʲj,ʊ,³⁵,ɢʷ,a,s
18963,䨓,,,,,,,
18964,䨔,,,,,,,
18965,䨕,ʔjʊ³³,ʔj,ʊ,³³,,,
18966,䨖,,,,,,,
18967,䨗,bɨu³³,b,ɨu,³³,,,
18968,䨘,sen³¹,s,en,³¹,sqh,e,̠ns
18969,䨙,,,,,,,
18970,䨚,,,,,,,
18971,䨛,ʂɰæk³̲³̲,ʂɰæk̲̲,,³,,,
18972,䨜,,,,,,,
18973,䨝,tsʰiᴇŋ³³,tsʰ,iᴇŋ,³³,,,
18974,䨞,ɦʲjʊ³⁵,ɦʲj,ʊ,³⁵,ɢʷ,a,ʔ
18975,䨟,ʔʷɰæ³³,ʔʷɰæ,,³³,,,
18976,䨠,ʔɑi³¹,ʔ,ɑi,³¹,,,
18977,䨡,ɦəm³³,ɦ,əm,³³,ɡ,u,̠m
18978,䨢,dəm³⁵,d,əm,³⁵,,,
18979,䨣,kɰɛk³̲³̲,kɰ,ɛk̲̲,³,kr,ɯ,̠ɡ
18980,䨤,dek³̲³̲,d,ek̲̲,³,,,
18981,䨥,tɕiᴇk³̲³̲,tɕ,iᴇk̲̲,³,,,
18982,䨦,pʰɑŋ³³,pʰ,ɑŋ,³³,,,
18983,䨧,,,,,,,
18984,䨨,du̯oi³³,d,u̯oi,³³,,,
18985,䨩,,,,,,,
18986,䨪,mɰɛi³³,mɰ,ɛi,³³,,,
18987,䨫,mɰɛk³̲³̲,mɰ,ɛk̲̲,³,,,
18988,䨬,ləm³³,l,əm,³³,,,
18989,䨭,siᴇu³³,s,iᴇu,³³,,,
18990,䨮,sʷiᴇt³̲³̲,sʷ,iᴇt̲̲,³,sqhʷ,e,d
18991,䨯,,,,,,,
18992,䨰,pʰɑk³̲³̲,pʰ,ɑk̲̲,³,,,
18993,䨱,pʰjuk³̲³̲,pʰj,uk̲̲,³,,,
18994,䨲,nu³³,n,u,³³,,,
18995,䨳,hɨi³³,h,ɨi,³³,qhr,i,ls
18996,䨴,du̯oi³¹,d,u̯oi,³¹,d,u,̠bs
18997,䨵,dəm³¹,d,əm,³¹,,,
18998,䨶,,,,,,,
18999,䨷,,,,,sqh,e,̠ns
19000,䨸,ʔɨn³⁵,ʔ,ɨn,³⁵,,,
19001,䨹,ɕjuk³̲³̲,ɕj,uk̲̲,³,,,
19002,䨺,,,,,,,
19003,䨻,bɰɛŋ³¹,bɰ,ɛŋ,³¹,,,
19004,䨼,ɦu̯o³¹,ɦ,u̯o,³¹,ɡʷ,a,̠ɡs
19005,䨽,pʰʷɨi³⁵,pʰʷ,ɨi,³⁵,ph,ɯ,lʔ
19006,䨾,bʷɨi³¹,bʷ,ɨi,³¹,,,
19007,䨿,dzɑp³̲³̲,dz,ɑp̲̲,³,,,
19008,䩀,,,,,,,
19009,䩁,pʷɨi³³,pʷ,ɨi,³³,ph,ɯ,l
19010,䩂,ɦɰæm³³,ɦɰæm,,³³,,,
19011,䩃,dʑiᴇ³¹,dʑ,iᴇ,³¹,,,
19012,䩄,,,,,,,
19013,䩅,,,,,,,
19014,䩆,tʂɰæn³⁵,tʂɰæn,,³⁵,,,
19015,䩇,ʈɰɛm³³,ʈɰ,ɛm,³³,,,
19016,䩈,hu̯oi³¹,h,u̯oi,³¹,,,
19017,䩉,bjʊ³¹,bj,ʊ,³¹,b,a,ʔ
19018,䩊,ʔʷɑt³̲³̲,ʔʷ,ɑt̲̲,³,,,
19019,䩋,mʷɑ³⁵,mʷ,ɑ,³⁵,,,
19020,䩌,dziᴇu³³,dz,iᴇu,³³,sk,e,w
19021,䩍,liᴇu³⁵,l,iᴇu,³⁵,,,
19022,䩎,,,,,,,
19023,䩏,met³̲³̲,m,et̲̲,³,,,
19024,䩐,kiᴇk³̲³̲,k,iᴇk̲̲,³,,,
19025,䩑,,,,,,,
19026,䩒,hjʊ³³,hj,ʊ,³³,ɢʷ,a,
19027,䩓,,,,,,,
19028,䩔,bʷɑn³³,bʷ,ɑn,³³,,,
19029,䩕,ŋɑŋ³³,ŋ,ɑŋ,³³,ŋ,a,̠ŋ
19030,䩖,ʂɰæ³³,ʂɰæ,,³³,,,
19031,䩗,,,,,,,
19032,䩘,,,,,,,
19033,䩙,ɦʷen³⁵,ɦʷ,en,³⁵,,,
19034,䩚,tei³³,t,ei,³³,,,
19035,䩛,pɰi³¹,pɰ,i,³¹,bl,i,ɡ
19036,䩜,,,,,ɡ‧l,ɯ,ws
19037,䩝,,,,,,,
19038,䩞,tep³̲³̲,t,ep̲̲,³,kh‧l,e,̠b
19039,䩟,tʰei³¹,tʰ,ei,³¹,,,
19040,䩠,tʰeŋ³³,tʰ,eŋ,³³,,,
19041,䩡,kəp³̲³̲,k,əp̲̲,³,kr,e,̠b
19042,䩢,tɕiᴇt³̲³̲,tɕ,iᴇt̲̲,³,,,
19043,䩣,tʰu̯o³³,tʰ,u̯o,³³,,,
19044,䩤,kiᴇk³̲³̲,k,iᴇk̲̲,³,qh,e,̠d
19045,䩥,,,,,,,
19046,䩦,deu³³,d,eu,³³,,,
19047,䩧,,,,,,,
19048,䩨,ʈʰjaŋ³¹,ʈʰj,aŋ,³¹,,,
19049,䩩,ʔʷjɤn³³,ʔʷj,ɤn,³³,,,
19050,䩪,kʷɑn³⁵,kʷ,ɑn,³⁵,k,o,̠nʔ
19051,䩫,,,,,,,
19052,䩬,puŋ³⁵,p,uŋ,³⁵,,,
19053,䩭,kɰiᴇ³³,kɰ,iᴇ,³³,,,
19054,䩮,luk³̲³̲,l,uk̲̲,³,,,
19055,䩯,kʰɨk³̲³̲,kʰ,ɨk̲̲,³,khr,ɯ,ɡ
19056,䩰,tsip³̲³̲,ts,ip̲̲,³,,,
19057,䩱,ʂjʊ³³,ʂj,ʊ,³³,,,
19058,䩲,tu̯o³³,t,u̯o,³³,,,
19059,䩳,kʰu³³,kʰ,u,³³,,,
19060,䩴,ɦu̯o³³,ɦ,u̯o,³³,,,
19061,䩵,ɦʲjun³¹,ɦʲj,un,³¹,ɢr,u,ns
19062,䩶,ʈʰiᴇŋ³⁵,ʈʰ,iᴇŋ,³⁵,kh‧l,e,ŋʔ
19063,䩷,pɑŋ³³,p,ɑŋ,³³,,,
19064,䩸,ȵjʊŋ³⁵,ȵj,ʊŋ,³⁵,nj,o,ŋs
19065,䩹,ɦɰɛk³̲³̲,ɦɰ,ɛk̲̲,³,,,
19066,䩺,ʔuŋ³³,ʔ,uŋ,³³,,,
19067,䩻,,,,,,,
19068,䩼,bjʊŋ³³,bj,ʊŋ,³³,,,
19069,䩽,ʔu³¹,ʔ,u,³¹,,,
19070,䩾,tɕjæ³¹,tɕjæ,,³¹,,,
19071,䩿,bjun³³,bj,un,³³,,,
19072,䪀,,,,,,,
19073,䪁,pjʊk³̲³̲,pj,ʊk̲̲,³,,,
19074,䪂,kʰɨk³̲³̲,kʰ,ɨk̲̲,³,,,
19075,䪃,,,,,,,
19076,䪄,,,,,,,
19077,䪅,,,,,,,
19078,䪆,tʰei³⁵,tʰ,ei,³⁵,,,
19079,䪇,bɑk³̲³̲,b,ɑk̲̲,³,,,
19080,䪈,kʰiᴇn³¹,kʰ,iᴇn,³¹,,,
19081,䪉,liᴇp³̲³̲,l,iᴇp̲̲,³,r,a,b
19082,䪊,luŋ³³,l,uŋ,³³,,,
19083,䪋,,,,,,,
19084,䪌,dʐɰɛm³³,dʐɰ,ɛm,³³,,,
19085,䪍,lɑn³³,l,ɑn,³³,,,
19086,䪎,ʂʷi³³,ʂʷ,i,³³,sqr,o,l
19087,䪏,nəp³̲³̲,n,əp̲̲,³,,,
19088,䪐,pɰi³¹,pɰ,i,³¹,,,
19089,䪑,,,,,,,
19090,䪒,tɕjʊ³¹,tɕj,ʊ,³¹,,,
19091,䪓,tep³̲³̲,t,ep̲̲,³,,,
19092,䪔,bjʊ³⁵,bj,ʊ,³⁵,,,
19093,䪕,,,,,,,
19094,䪖,bɨu³¹,b,ɨu,³¹,,,
19095,䪗,tʰʷɑn³⁵,tʰʷ,ɑn,³⁵,ɡr,a,̠
19096,䪘,,,,,,,
19097,䪙,pʷjak³̲³̲,pʷj,ak̲̲,³,ph,a,̠ɡ
19098,䪚,tɑp³̲³̲,t,ɑp̲̲,³,,,
19099,䪛,bʷjɤn³³,bʷj,ɤn,³³,,,
19100,䪜,tɕʰiᴇm³³,tɕʰ,iᴇm,³³,,,
19101,䪝,ʔɰæk³̲³̲,ʔɰæk̲̲,,³,,,
19102,䪞,dzɑp³̲³̲,dz,ɑp̲̲,³,,,
19103,䪟,,,,,,,
19104,䪠,,,,,,,
19105,䪡,tsei³³,ts,ei,³³,,,
19106,䪢,,,,,s,i,̠
19107,䪣,,,,,,,
19108,䪤,bʷjɤn³³,bʷj,ɤn,³³,b,a,n
19109,䪥,ɦɰɛi³¹,ɦɰ,ɛi,³¹,ɡr,ɯ,̠ds
19110,䪦,ɦuŋ³³,ɦ,uŋ,³³,,,
19111,䪧,ɖiᴇ³³,ɖ,iᴇ,³³,,,
19112,䪨,,,,,,,
19113,䪩,ŋɰim³³,ŋɰ,im,³³,,,
19114,䪪,,,,,,,
19115,䪫,ɦɰɛŋ³³,ɦɰ,ɛŋ,³³,,,
19116,䪬,pʰu̯ot³̲³̲,pʰ,u̯ot̲̲,³,,,
19117,䪭,,,,,,,
19118,䪮,tʂʰu³⁵,tʂʰ,u,³⁵,,,
19119,䪯,ʔʷiᴇŋ³³,ʔʷ,iᴇŋ,³³,,,
19120,䪰,,,,,,,
19121,䪱,kəi³⁵,k,əi,³⁵,,,
19122,䪲,,,,,,,
19123,䪳,ʔi³³,ʔ,i,³³,ɢʷ,i,nʔ
19124,䪴,tɕim³⁵,tɕ,im,³⁵,klj,u,mʔ
19125,䪵,,,,,,,
19126,䪶,tsjɤ³³,tsj,ɤ,³³,,,
19127,䪷,ku³¹,k,u,³¹,,,
19128,䪸,mɰin³³,mɰ,in,³³,,,
19129,䪹,bu̯oi³³,b,u̯oi,³³,,,
19130,䪺,kɑp³̲³̲,k,ɑp̲̲,³,,,
19131,䪻,bʷjɤn³⁵,bʷj,ɤn,³⁵,br,o,ns
19132,䪼,tɕʷit³̲³̲,tɕʷ,it̲̲,³,klj,o,d
19133,䪽,,,,,,,
19134,䪾,tɕin³⁵,tɕ,in,³⁵,klj,ɯ,nʔ
19135,䪿,,,,,,,
19136,䫀,ten³⁵,t,en,³⁵,,,
19137,䫁,bi³¹,b,i,³¹,,,
19138,䫂,tɑ³⁵,t,ɑ,³⁵,,,
19139,䫃,ʑʷin³³,ʑʷ,in,³³,,,
19140,䫄,dʷɰæt³̲³̲,dʷɰæt̲̲,,³,,,
19141,䫅,səm³¹,s,əm,³¹,,,
19142,䫆,dʑiᴇŋ³³,dʑ,iᴇŋ,³³,,,
19143,䫇,ȵiᴇm³³,ȵ,iᴇm,³³,nj,a,m
19144,䫈,dʐɰim³⁵,dʐɰ,im,³⁵,,,
19145,䫉,mɰæu³¹,mɰæ,u,³¹,mr,e,̠wɡs
19146,䫊,bu̯oi³³,b,u̯oi,³³,,,
19147,䫋,ʔʷɰiᴇ³³,ʔʷɰ,iᴇ,³³,,,
19148,䫌,pʰiᴇ³⁵,pʰ,iᴇ,³⁵,ph,e,̠ʔ
19149,䫍,,,,,,,
19150,䫎,tɕʷiᴇt³̲³̲,tɕʷ,iᴇt̲̲,³,,,
19151,䫏,kʰɨ³³,kʰ,ɨ,³³,kh,ɯ,
19152,䫐,lim³¹,l,im,³¹,,,
19153,䫑,,,,,,,
19154,䫒,mu̯on³³,m,u̯on,³³,m,u,̠n
19155,䫓,,,,,,,
19156,䫔,ɦei³¹,ɦ,ei,³¹,kh,e,̠d
19157,䫕,tet³̲³̲,t,et̲̲,³,,,
19158,䫖,ʈʰim³⁵,ʈʰ,im,³⁵,,,
19159,䫗,ɦɰæ³³,ɦɰæ,,³³,,,
19160,䫘,hɑt³̲³̲,h,ɑt̲̲,³,,,
19161,䫙,,,,,,,
19162,䫚,kʷɰæ³³,kʷɰæ,,³³,,,
19163,䫛,ɦu³³,ɦ,u,³³,,,
19164,䫜,ʔɰæu³³,ʔɰæ,u,³³,,,
19165,䫝,,,,,,,
19166,䫞,kʰeu³³,kʰ,eu,³³,,,
19167,䫟,ɦu̯on³⁵,ɦ,u̯on,³⁵,ɢr,u,nʔ
19168,䫠,pʰɰi³³,pʰɰ,i,³³,phr,ɯ,
19169,䫡,ŋɰiᴇm³³,ŋɰ,iᴇm,³³,ŋɡr,e,̠m
19170,䫢,siᴇ³³,s,iᴇ,³³,,,
19171,䫣,ɦei³³,ɦ,ei,³³,,,
19172,䫤,meŋ³³,m,eŋ,³³,,,
19173,䫥,ŋu̯oi³⁵,ŋ,u̯oi,³⁵,kh,u,lʔ
19174,䫦,kɑp³̲³̲,k,ɑp̲̲,³,,,
19175,䫧,kɑu³³,k,ɑu,³³,,,
19176,䫨,ŋɑu³¹,ŋ,ɑu,³¹,,,
19177,䫩,tsʰəm³⁵,tsʰ,əm,³⁵,,,
19178,䫪,ʂjaŋ³⁵,ʂj,aŋ,³⁵,,,
19179,䫫,lu³³,l,u,³³,,,
19180,䫬,tɕim³⁵,tɕ,im,³⁵,,,
19181,䫭,ɦu̯oi³¹,ɦ,u̯oi,³¹,,,
19182,䫮,dʑəm³³,dʑ,əm,³³,,,
19183,䫯,,,,,,,
19184,䫰,,,,,r,i,nʔ
19185,䫱,,,,,,,
19186,䫲,kʰəm³⁵,kʰ,əm,³⁵,,,
19187,䫳,duk³̲³̲,d,uk̲̲,³,,,
19188,䫴,ɡiᴇŋ³⁵,ɡ,iᴇŋ,³⁵,ɡr,ɯ,mʔ
19189,䫵,miᴇn³³,m,iᴇn,³³,mb,e,n
19190,䫶,pʰʷjɤn³⁵,pʰʷj,ɤn,³⁵,b,ɯ,n
19191,䫷,ŋɑk³̲³̲,ŋ,ɑk̲̲,³,,,
19192,䫸,ɳɰæu³³,ɳɰæ,u,³³,,,
19193,䫹,ɦuŋ³³,ɦ,uŋ,³³,,,
19194,䫺,ɦʷɰɛŋ³³,ɦʷɰ,ɛŋ,³³,,,
19195,䫻,ɦʲit³̲³̲,ɦʲ,it̲̲,³,ɢml,i,ɡ
19196,䫼,hʷiᴇt³̲³̲,hʷ,iᴇt̲̲,³,,,
19197,䫽,pʰɑu³³,pʰ,ɑu,³³,,,
19198,䫾,pɨk³̲³̲,p,ɨk̲̲,³,,,
19199,䫿,ʈʰiᴇu³³,ʈʰ,iᴇu,³³,,,
19200,䬀,ʔju³⁵,ʔj,u,³⁵,,,
19201,䬁,jiᴇ³³,j,iᴇ,³³,,,
19202,䬂,hʷjɤt³̲³̲,hʷj,ɤt̲̲,³,,,
19203,䬃,,,,,,,
19204,䬄,,,,,,,
19205,䬅,ɦep³̲³̲,ɦ,ep̲̲,³,kh‧l,e,̠bs
19206,䬆,lit³̲³̲,l,it̲̲,³,r,i,d
19207,䬇,jʷiᴇn³¹,jʷ,iᴇn,³¹,,,
19208,䬈,dʷɑi³¹,dʷ,ɑi,³¹,,,
19209,䬉,hʷɰɛk³̲³̲,hʷɰ,ɛk̲̲,³,,,
19210,䬊,ʂɰæp³̲³̲,ʂɰæp̲̲,,³,,,
19211,䬋,ləŋ³³,l,əŋ,³³,,,
19212,䬌,pʰɨu³³,pʰ,ɨu,³³,,,
19213,䬍,hjut³̲³̲,hj,ut̲̲,³,m̥h,ɯ,̠d
19214,䬎,hʷɨk³̲³̲,hʷ,ɨk̲̲,³,,,
19215,䬏,,,,,,,
19216,䬐,ʔu̯oi³³,ʔ,u̯oi,³³,,,
19217,䬑,ɦʲjut³̲³̲,ɦʲj,ut̲̲,³,ɢr,u,d
19218,䬒,ʂɨu³⁵,ʂ,ɨu,³⁵,sr,u,
19219,䬓,,,,,,,
19220,䬔,,,,,,,
19221,䬕,,,,,,,
19222,䬖,,,,,,,
19223,䬗,,,,,,,
19224,䬘,hɰæu³³,hɰæ,u,³³,,,
19225,䬙,,,,,,,
19226,䬚,,,,,,,
19227,䬛,pit³̲³̲,p,it̲̲,³,,,
19228,䬜,,,,,,,
19229,䬝,ɦʷɰæŋ³³,ɦʷɰæŋ,,³³,,,
19230,䬞,dɑu³³,d,ɑu,³³,,,
19231,䬟,lɨu³³,l,ɨu,³³,,,
19232,䬠,pʰʷɨi³³,pʰʷ,ɨi,³³,,,
19233,䬡,tɕjɤ³¹,tɕj,ɤ,³¹,,,
19234,䬢,tʰɑu³³,tʰ,ɑu,³³,,,
19235,䬣,,,,,,,
19236,䬤,,,,,,,
19237,䬥,ʔit³̲³̲,ʔ,it̲̲,³,,,
19238,䬦,tu³¹,t,u,³¹,,,
19239,䬧,ŋʷjɤn³³,ŋʷj,ɤn,³³,,,
19240,䬨,kɨu³¹,k,ɨu,³¹,,,
19241,䬩,,,,,,,
19242,䬪,,,,,,,
19243,䬫,dei³³,d,ei,³³,,,
19244,䬬,ʔjaŋ³⁵,ʔj,aŋ,³⁵,,,
19245,䬭,,,,,,,
19246,䬮,jɨ³³,j,ɨ,³³,,,
19247,䬯,ȵiᴇm³³,ȵ,iᴇm,³³,mɡl,e,̠m
19248,䬰,tɕʰiᴇu³¹,tɕʰ,iᴇu,³¹,,,
19249,䬱,bu̯on³⁵,b,u̯on,³⁵,,,
19250,䬲,ku³³,k,u,³³,,,
19251,䬳,pʷɑn³⁵,pʷ,ɑn,³⁵,,,
19252,䬴,mʷɑt³̲³̲,mʷ,ɑt̲̲,³,m,a,̠d
19253,䬵,ʔɰɛi³¹,ʔɰ,ɛi,³¹,,,
19254,䬶,ŋən³¹,ŋ,ən,³¹,ŋɡ,ɯ,̠ns
19255,䬷,ɕjæ³⁵,ɕjæ,,³⁵,,,
19256,䬸,,,,,,,
19257,䬹,ʈit³̲³̲,ʈ,it̲̲,³,,,
19258,䬺,,,,,,,
19259,䬻,,,,,,,
19260,䬼,ʔʷen³¹,ʔʷ,en,³¹,qʷ,e,̠ns
19261,䬽,lʷɑi³¹,lʷ,ɑi,³¹,l̥,o,ds
19262,䬾,dei³³,d,ei,³³,,,
19263,䬿,mʷɑt³̲³̲,mʷ,ɑt̲̲,³,,,
19264,䭀,,,,,,,
19265,䭁,tɕiᴇt³̲³̲,tɕ,iᴇt̲̲,³,,,
19266,䭂,ʔɰip³̲³̲,ʔɰ,ip̲̲,³,,,
19267,䭃,ȵim³⁵,ȵ,im,³⁵,mɡlj,ɯ,mʔ
19268,䭄,dʐɨ³¹,dʐ,ɨ,³¹,,,
19269,䭅,ku̯o³¹,k,u̯o,³¹,,,
19270,䭆,ɳɰɛk³̲³̲,ɳɰ,ɛk̲̲,³,,,
19271,䭇,ʔet³̲³̲,ʔ,et̲̲,³,q,i,̠ɡ
19272,䭈,tɕiᴇn³³,tɕ,iᴇn,³³,,,
19273,䭉,sʷɰiᴇ³⁵,sʷɰ,iᴇ,³⁵,,,
19274,䭊,ʔjaŋ³⁵,ʔj,aŋ,³⁵,,,
19275,䭋,,,,,,,
19276,䭌,,,,,,,
19277,䭍,,,,,,,
19278,䭎,jiᴇp³̲³̲,j,iᴇp̲̲,³,,,
19279,䭏,,,,,,,
19280,䭐,jaŋ³¹,j,aŋ,³¹,,,
19281,䭑,kʰem³⁵,kʰ,em,³⁵,ɡ,ə,r
19282,䭒,sɨk³̲³̲,s,ɨk̲̲,³,,,
19283,䭓,ŋu̯on³¹,ŋ,u̯on,³¹,ŋɡ,ɯ,̠ns
19284,䭔,tu̯oi³³,t,u̯oi,³³,,,
19285,䭕,dzɑm³¹,dz,ɑm,³¹,,,
19286,䭖,tɕjɤ³¹,tɕj,ɤ,³¹,,,
19287,䭗,ʔɰjæŋ³⁵,ʔɰjæŋ,,³⁵,,,
19288,䭘,ʔɰjæŋ³⁵,ʔɰjæŋ,,³⁵,,,
19289,䭙,tsim³⁵,ts,im,³⁵,,,
19290,䭚,ɖɰɔŋ³³,ɖɰɔŋ,,³³,,,
19291,䭛,,,,,,,
19292,䭜,,,,,,,
19293,䭝,kʷɑi³¹,kʷ,ɑi,³¹,,,
19294,䭞,jiᴇk³̲³̲,j,iᴇk̲̲,³,,,
19295,䭟,,,,,,,
19296,䭠,kem³⁵,k,em,³⁵,,,
19297,䭡,ʔu̯on³¹,ʔ,u̯on,³¹,q,ɯ,̠ns
19298,䭢,ɳɰɛŋ³³,ɳɰ,ɛŋ,³³,,,
19299,䭣,dzi³³,dz,i,³³,,,
19300,䭤,kʰiᴇn³⁵,kʰ,iᴇn,³⁵,,,
19301,䭥,,,,,,,
19302,䭦,bɑk³̲³̲,b,ɑk̲̲,³,,,
19303,䭧,,,,,,,
19304,䭨,jʷiᴇi³¹,jʷ,iᴇi,³¹,,,
19305,䭩,mʷɑ³³,mʷ,ɑ,³³,,,
19306,䭪,,,,,,,
19307,䭫,,,,,kh,i,̠ʔ
19308,䭬,kʰei³⁵,kʰ,ei,³⁵,kh,i,̠ʔ
19309,䭭,ɕɨu³⁵,ɕ,ɨu,³⁵,,,
19310,䭮,pʰjut³̲³̲,pʰj,ut̲̲,³,,,
19311,䭯,pʰu̯ot³̲³̲,pʰ,u̯ot̲̲,³,,,
19312,䭰,buŋ³⁵,b,uŋ,³⁵,,,
19313,䭱,pʰet³̲³̲,pʰ,et̲̲,³,,,
19314,䭲,ʔɰiᴇ³⁵,ʔɰ,iᴇ,³⁵,,,
19315,䭳,ŋʷɨi³¹,ŋʷ,ɨi,³¹,,,
19316,䭴,ɦen³³,ɦ,en,³³,,,
19317,䭵,bju̯am³³,bj,u̯am,³³,,,
19318,䭶,,,,,,,
19319,䭷,mɑu³³,m,ɑu,³³,,,
19320,䭸,bjʊ³⁵,bj,ʊ,³⁵,,,
19321,䭹,ŋɑŋ³³,ŋ,ɑŋ,³³,ŋ,a,̠ŋs
19322,䭺,ŋɑŋ³⁵,ŋ,ɑŋ,³⁵,,,
19323,䭻,pʰjun³³,pʰj,un,³³,,,
19324,䭼,ɡɨ³³,ɡ,ɨ,³³,,,
19325,䭽,,,,,,,
19326,䭾,dɑ³¹,d,ɑ,³¹,,,
19327,䭿,det³̲³̲,d,et̲̲,³,l,i,̠ɡ
19328,䮀,bɰɔk³̲³̲,bɰɔk̲̲,,³,,,
19329,䮁,,,,,,,
19330,䮂,bʷɑt³̲³̲,bʷ,ɑt̲̲,³,,,
19331,䮃,,,,,,,
19332,䮄,ɦʷen³³,ɦʷ,en,³³,,,
19333,䮅,,,,,,,
19334,䮆,pʰɰi³³,pʰɰ,i,³³,,,
19335,䮇,ʑʷit³̲³̲,ʑʷ,it̲̲,³,,,
19336,䮈,ɖiᴇ³³,ɖ,iᴇ,³³,,,
19337,䮉,ljɤ³¹,lj,ɤ,³¹,,,
19338,䮊,ji³³,j,i,³³,,,
19339,䮋,liᴇi³¹,l,iᴇi,³¹,,,
19340,䮌,,,,,,,
19341,䮍,,,,,,,
19342,䮎,hɨi³¹,h,ɨi,³¹,,,
19343,䮏,ŋu̯o³³,ŋ,u̯o,³³,,,
19344,䮐,,,,,,,
19345,䮑,lʷɑi³¹,lʷ,ɑi,³¹,,,
19346,䮒,pʰu̯o³³,pʰ,u̯o,³³,,,
19347,䮓,ʈɰɔk³̲³̲,ʈɰɔk̲̲,,³,,,
19348,䮔,tɕʷiᴇ³⁵,tɕʷ,iᴇ,³⁵,tj,o,lʔ
19349,䮕,tɕʷiᴇt³̲³̲,tɕʷ,iᴇt̲̲,³,,,
19350,䮖,,,,,,,
19351,䮗,ŋɰæn³¹,ŋɰæn,,³¹,ŋɡ,a,̠ns
19352,䮘,,,,,,,
19353,䮙,ɦʲʷɨk³̲³̲,ɦʲʷ,ɨk̲̲,³,,,
19354,䮚,ləŋ³¹,l,əŋ,³¹,,,
19355,䮛,bjʊ³¹,bj,ʊ,³¹,,,
19356,䮜,jiᴇp³̲³̲,j,iᴇp̲̲,³,,,
19357,䮝,hʷɨi³³,hʷ,ɨi,³³,ɡ,u,̠n
19358,䮞,tɕʰʷin³⁵,tɕʰʷ,in,³⁵,,,
19359,䮟,ʂɨu³³,ʂ,ɨu,³³,,,
19360,䮠,pɨk³̲³̲,p,ɨk̲̲,³,,,
19361,䮡,pɰɔk³̲³̲,pɰɔk̲̲,,³,,,
19362,䮢,ʑɰɛp³̲³̲,ʑɰ,ɛp̲̲,³,,,
19363,䮣,sɑŋ³⁵,s,ɑŋ,³⁵,,,
19364,䮤,ŋɰɔk³̲³̲,ŋɰɔk̲̲,,³,ɡ,o,̠wɡ
19365,䮥,lek³̲³̲,l,ek̲̲,³,,,
19366,䮦,,,,,,,
19367,䮧,ɦɑn³¹,ɦ,ɑn,³¹,ɡ,a,̠ns
19368,䮨,tsəi³⁵,ts,əi,³⁵,,,
19369,䮩,ku̯ot³̲³̲,k,u̯ot̲̲,³,,,
19370,䮪,,,,,,,
19371,䮫,ljɤ³³,lj,ɤ,³³,,,
19372,䮬,,,,,,,
19373,䮭,mek³̲³̲,m,ek̲̲,³,,,
19374,䮮,mɰɛk³̲³̲,mɰ,ɛk̲̲,³,,,
19375,䮯,ŋɑu³¹,ŋ,ɑu,³¹,,,
19376,䮰,ʈɰɛk³̲³̲,ʈɰ,ɛk̲̲,³,,,
19377,䮱,ɖjuk³̲³̲,ɖj,uk̲̲,³,,,
19378,䮲,ɦʷɑŋ³³,ɦʷ,ɑŋ,³³,,,
19379,䮳,bʷjɤn³³,bʷj,ɤn,³³,,,
19380,䮴,tʰəŋ³³,tʰ,əŋ,³³,,,
19381,䮵,duŋ³³,d,uŋ,³³,,,
19382,䮶,dʐip³̲³̲,dʐ,ip̲̲,³,,,
19383,䮷,duk³̲³̲,d,uk̲̲,³,,,
19384,䮸,kɰɔk³̲³̲,kɰɔk̲̲,,³,qr,u,̠ɡ
19385,䮹,ʔʷjai³¹,ʔʷj,ai,³¹,,,
19386,䮺,,,,,,,
19387,䮻,tɑu³¹,t,ɑu,³¹,,,
19388,䮼,,,,,,,
19389,䮽,,,,,,,
19390,䮾,luŋ³³,l,uŋ,³³,,,
19391,䮿,,,,,,,
19392,䯀,ɳiᴇp³̲³̲,ɳ,iᴇp̲̲,³,,,
19393,䯁,lʷɑ³³,lʷ,ɑ,³³,,,
19394,䯂,dʐip³̲³̲,dʐ,ip̲̲,³,sr,i,n
19395,䯃,,,,,,,
19396,䯄,,,,,,,
19397,䯅,,,,,,,
19398,䯆,,,,,,,
19399,䯇,kʰu̯ot³̲³̲,kʰ,u̯ot̲̲,³,,,
19400,䯈,ŋʷɑn³³,ŋʷ,ɑn,³³,,,
19401,䯉,ʔʷɰɛt³̲³̲,ʔʷɰ,ɛt̲̲,³,qr,u,̠d
19402,䯊,kʰɑ³³,kʰ,ɑ,³³,,,
19403,䯋,kʰɑt³̲³̲,kʰ,ɑt̲̲,³,,,
19404,䯌,kʰɑu³³,kʰ,ɑu,³³,,,
19405,䯍,leŋ³³,l,eŋ,³³,,,
19406,䯎,kɑn³¹,k,ɑn,³¹,,,
19407,䯏,ɦʷɑt³̲³̲,ɦʷ,ɑt̲̲,³,k,o,̠d
19408,䯐,,,,,,,
19409,䯑,kʰʷɑŋ³³,kʰʷ,ɑŋ,³³,,,
19410,䯒,ɦɰæŋ³³,ɦɰæŋ,,³³,,,
19411,䯓,kʰʷei³³,kʰʷ,ei,³³,,,
19412,䯔,,,,,,,
19413,䯕,tʰeŋ³³,tʰ,eŋ,³³,,,
19414,䯖,lɑŋ³³,l,ɑŋ,³³,,,
19415,䯗,bei³⁵,b,ei,³⁵,,,
19416,䯘,ɦʷɑn³¹,ɦʷ,ɑn,³¹,,,
19417,䯙,pjʊ³⁵,pj,ʊ,³⁵,,,
19418,䯚,jiᴇu³⁵,j,iᴇu,³⁵,,,
19419,䯛,,,,,,,
19420,䯜,jɰɛk³̲³̲,jɰ,ɛk̲̲,³,kh‧l,e,̠ɡ
19421,䯝,sʷɰiᴇ³⁵,sʷɰ,iᴇ,³⁵,,,
19422,䯞,kʰʷɰæ³³,kʰʷɰæ,,³³,,,
19423,䯟,du̯oi³¹,d,u̯oi,³¹,,,
19424,䯠,ʔɑu³⁵,ʔ,ɑu,³⁵,,,
19425,䯡,kem³¹,k,em,³¹,,,
19426,䯢,mʷɑ³⁵,mʷ,ɑ,³⁵,m,a,̠l
19427,䯣,ku̯oi³¹,k,u̯oi,³¹,khr,u,ds
19428,䯤,kʷɑi³¹,kʷ,ɑi,³¹,k,o,̠bs
19429,䯥,kʰɰip³̲³̲,kʰɰ,ip̲̲,³,,,
19430,䯦,mɰɛt³̲³̲,mɰ,ɛt̲̲,³,,,
19431,䯧,kʰeŋ³⁵,kʰ,eŋ,³⁵,khʷ,e,ŋʔ
19432,䯨,,,,,,,
19433,䯩,,,,,,,
19434,䯪,kʰɑu³¹,kʰ,ɑu,³¹,,,
19435,䯫,ɦɑu³⁵,ɦ,ɑu,³⁵,,,
19436,䯬,tɑ³⁵,t,ɑ,³⁵,,,
19437,䯭,,,,,,,
19438,䯮,nəi³³,n,əi,³³,,,
19439,䯯,,,,,,,
19440,䯰,kɰɛi³¹,kɰ,ɛi,³¹,kr,e,̠ds
19441,䯱,bɰi³³,bɰ,i,³³,,,
19442,䯲,bɰæ³¹,bɰæ,,³¹,,,
19443,䯳,suŋ³³,s,uŋ,³³,,,
19444,䯴,,,,,,,
19445,䯵,ŋɑt³̲³̲,ŋ,ɑt̲̲,³,,,
19446,䯶,,,,,,,
19447,䯷,sjuŋ³³,sj,uŋ,³³,,,
19448,䯸,tsʰi³¹,tsʰ,i,³¹,sh,i,s
19449,䯹,siᴇm³³,s,iᴇm,³³,,,
19450,䯺,,,,,,,
19451,䯻,,,,,,,
19452,䯼,,,,,,,
19453,䯽,pʰu³⁵,pʰ,u,³⁵,b,ɯ,̠
19454,䯾,ɖɨu³³,ɖ,ɨu,³³,ɡ‧l,ɯ,w
19455,䯿,tsu̯ot³̲³̲,ts,u̯ot̲̲,³,,,
19456,䰀,ʔʷɑ³⁵,ʔʷ,ɑ,³⁵,,,
19457,䰁,pʰʷɨi³¹,pʰʷ,ɨi,³¹,m̥,ɯ,ds
19458,䰂,tsʰəi³¹,tsʰ,əi,³¹,,,
19459,䰃,bɰæŋ³³,bɰæŋ,,³³,b,a,̠ŋs
19460,䰄,səi³³,s,əi,³³,,,
19461,䰅,sjʊ³³,sj,ʊ,³³,,,
19462,䰆,ȵɨu³³,ȵ,ɨu,³³,,,
19463,䰇,,,,,,,
19464,䰈,tʂʰʷɰiᴇ³⁵,tʂʰʷɰ,iᴇ,³⁵,sh,a,̠lʔ
19465,䰉,pʷɑn³⁵,pʷ,ɑn,³⁵,b,a,̠n
19466,䰊,pɑk³̲³̲,p,ɑk̲̲,³,,,
19467,䰋,,,,,,,
19468,䰌,tsuŋ³⁵,ts,uŋ,³⁵,,,
19469,䰍,hɨu³³,h,ɨu,³³,qh,u,
19470,䰎,kʰʷɰi³¹,kʰʷɰ,i,³¹,khr,u,ds
19471,䰏,tsei³¹,ts,ei,³¹,,,
19472,䰐,lɰæm³³,lɰæm,,³³,ɡ,ə,r
19473,䰑,,,,,,,
19474,䰒,muŋ³³,m,uŋ,³³,,,
19475,䰓,men³³,m,en,³³,mb,e,̠n
19476,䰔,,,,,,,
19477,䰕,lu̯o³³,l,u̯o,³³,ɡ,ə,r
19478,䰖,,,,,,,
19479,䰗,,,,,,,
19480,䰘,lɨu³³,l,ɨu,³³,ɡ,ə,r
19481,䰙,ŋɰiᴇ³⁵,ŋɰ,iᴇ,³⁵,ŋɡr,e,ʔ
19482,䰚,mjun³³,mj,un,³³,,,
19483,䰛,lek³̲³̲,l,ek̲̲,³,,,
19484,䰜,,,,,r,e,̠ɡ
19485,䰝,tsɨŋ³¹,ts,ɨŋ,³¹,s,ɯ,ŋs
19486,䰞,tɕjɤ³⁵,tɕj,ɤ,³⁵,klj,a,ʔ
19487,䰟,ɦu̯on³³,ɦ,u̯on,³³,,,
19488,䰠,ɕin³³,ɕ,in,³³,l̥,i,n
19489,䰡,ʈʰiᴇ³³,ʈʰ,iᴇ,³³,kh‧l,ɯ,ɡs
19490,䰢,,,,,,,
19491,䰣,,,,,,,
19492,䰤,tuŋ³³,t,uŋ,³³,,,
19493,䰥,ɦʷək³̲³̲,ɦʷ,ək̲̲,³,,,
19494,䰦,,,,,,,
19495,䰧,hu̯o³³,h,u̯o,³³,qhl,a,̠
19496,䰨,,,,,,,
19497,䰩,tu̯o³³,t,u̯o,³³,,,
19498,䰪,,,,,,,
19499,䰫,tʂʰɰæu³³,tʂʰɰæ,u,³³,,,
19500,䰬,,,,,,,
19501,䰭,,,,,,,
19502,䰮,,,,,,,
19503,䰯,ŋɨ³¹,ŋ,ɨ,³¹,,,
19504,䰰,nu³¹,n,u,³¹,nj,o,
19505,䰱,,,,,,,
19506,䰲,ʔɰɛt³̲³̲,ʔɰ,ɛt̲̲,³,,,
19507,䰳,,,,,,,
19508,䰴,kɨt³̲³̲,k,ɨt̲̲,³,,,
19509,䰵,,,,,,,
19510,䰶,,,,,,,
19511,䰷,bɰɔŋ³⁵,bɰɔŋ,,³⁵,br,o,̠ŋʔ
19512,䰸,kuŋ³³,k,uŋ,³³,,,
19513,䰹,,,,,,,
19514,䰺,,,,,,,
19515,䰻,ŋjɤ³³,ŋj,ɤ,³³,,,
19516,䰼,dzim³⁵,dz,im,³⁵,sɡ,ɯ,̠mʔ
19517,䰽,pɑi³¹,p,ɑi,³¹,p,o,̠ds
19518,䰾,,,,,,,
19519,䰿,dɑ³³,d,ɑ,³³,,,
19520,䱀,ʔjaŋ³³,ʔj,aŋ,³³,,,
19521,䱁,,,,,ɡr,e,w
19522,䱂,ʔju³⁵,ʔj,u,³⁵,q,ɯ,wʔ
19523,䱃,ɖit³̲³̲,ɖ,it̲̲,³,,,
19524,䱄,,,,,,,
19525,䱅,mʷɑt³̲³̲,mʷ,ɑt̲̲,³,,,
19526,䱆,jɨŋ³¹,j,ɨŋ,³¹,,,
19527,䱇,dʑiᴇn³⁵,dʑ,iᴇn,³⁵,dj,a,nʔ
19528,䱈,ɡɰi³³,ɡɰ,i,³³,,,
19529,䱉,,,,,skh,a,
19530,䱊,mei³⁵,m,ei,³⁵,,,
19531,䱋,kjʊŋ³⁵,kj,ʊŋ,³⁵,,,
19532,䱌,jɨ³³,j,ɨ,³³,,,
19533,䱍,kəŋ³¹,k,əŋ,³¹,k,ɯ,̠ŋs
19534,䱎,kəŋ³¹,k,əŋ,³¹,k,ɯ,̠ŋs
19535,䱏,du³¹,d,u,³¹,kh‧l,o,̠ʔ
19536,䱐,bɨu³³,b,ɨu,³³,,,
19537,䱑,ʑiᴇt³̲³̲,ʑ,iᴇt̲̲,³,,,
19538,䱒,ʔjap³̲³̲,ʔj,ap̲̲,³,,,
19539,䱓,deŋ³³,d,eŋ,³³,,,
19540,䱔,jɨu³³,j,ɨu,³³,ɢl,ɯ,w
19541,䱕,mu̯oi³³,m,u̯oi,³³,,,
19542,䱖,lɨu³³,l,ɨu,³³,,,
19543,䱗,tsʰɑn³³,tsʰ,ɑn,³³,,,
19544,䱘,,,,,,,
19545,䱙,ɕjuk³̲³̲,ɕj,uk̲̲,³,qhj,u,ɡ
19546,䱚,,,,,,,
19547,䱛,hʷɨk³̲³̲,hʷ,ɨk̲̲,³,,,
19548,䱜,tsʰjak³̲³̲,tsʰj,ak̲̲,³,,,
19549,䱝,piᴇ³³,p,iᴇ,³³,,,
19550,䱞,,,,,,,
19551,䱟,kjɤ³¹,kj,ɤ,³¹,,,
19552,䱠,dʐɰɛn³⁵,dʐɰ,ɛn,³⁵,,,
19553,䱡,kʰjuk³̲³̲,kʰj,uk̲̲,³,k,u,ɡ
19554,䱢,dʐɰɛŋ³³,dʐɰ,ɛŋ,³³,,,
19555,䱣,tsʷit³̲³̲,tsʷ,it̲̲,³,,,
19556,䱤,ɦɰɛm³¹,ɦɰ,ɛm,³¹,ɡr,o,̠ms
19557,䱥,tsiᴇi³¹,ts,iᴇi,³¹,,,
19558,䱦,,,,,,,
19559,䱧,,,,,,,
19560,䱨,,,,,,,
19561,䱩,,,,,,,
19562,䱪,,,,,,,
19563,䱫,lɑt³̲³̲,l,ɑt̲̲,³,,,
19564,䱬,sjɤ³³,sj,ɤ,³³,sŋ,a,
19565,䱭,,,,,k,ɯ,̠ŋ
19566,䱮,ŋɰæk³̲³̲,ŋɰæk̲̲,,³,,,
19567,䱯,,,,,,,
19568,䱰,,,,,,,
19569,䱱,tei³¹,t,ei,³¹,ɡ‧l,e,̠
19570,䱲,jʷiᴇn³³,jʷ,iᴇn,³³,,,
19571,䱳,,,,,,,
19572,䱴,kəŋ³¹,k,əŋ,³¹,k,ɯ,̠ŋ
19573,䱵,ʔuŋ³³,ʔ,uŋ,³³,ql,o,̠ŋ
19574,䱶,,,,,,,
19575,䱷,ŋjɤ³³,ŋj,ɤ,³³,ŋ,a,
19576,䱸,ʂɨu³³,ʂ,ɨu,³³,,,
19577,䱹,tʂɰæ³⁵,tʂɰæ,,³⁵,,,
19578,䱺,ŋəi³³,ŋ,əi,³³,,,
19579,䱻,ku̯ot³̲³̲,k,u̯ot̲̲,³,ɡr,u,̠d
19580,䱼,,,,,,,
19581,䱽,,,,,,,
19582,䱾,ljʊ³³,lj,ʊ,³³,ɡ,ə,r
19583,䱿,,,,,,,
19584,䲀,tɕi³¹,tɕ,i,³¹,klj,i,bs
19585,䲁,ʔʷɨi³¹,ʔʷ,ɨi,³¹,,,
19586,䲂,zʷiᴇn³³,zʷ,iᴇn,³³,,,
19587,䲃,tsɑu³⁵,ts,ɑu,³⁵,sk,a,̠wʔ
19588,䲄,,,,,,,
19589,䲅,,,,,,,
19590,䲆,,,,,,,
19591,䲇,,,,,,,
19592,䲈,,,,,,,
19593,䲉,siᴇ³³,s,iᴇ,³³,,,
19594,䲊,tʰʷɑ³¹,tʰʷ,ɑ,³¹,ɡ‧l,o,̠lʔ
19595,䲋,,,,,,,
19596,䲌,kʰʷɑn³¹,kʰʷ,ɑn,³¹,,,
19597,䲍,,,,,,,
19598,䲎,,,,,,,
19599,䲏,,,,,,,
19600,䲐,lu̯o³⁵,l,u̯o,³⁵,ɡ,ə,r
19601,䲑,ŋɰiᴇ³³,ŋɰ,iᴇ,³³,,,
19602,䲒,ɦɰɛ³⁵,ɦɰ,ɛ,³⁵,,,
19603,䲓,ŋɰiᴇm³⁵,ŋɰ,iᴇm,³⁵,,,
19604,䲔,ɡjaŋ³³,ɡj,aŋ,³³,ɡ,a,ŋ
19605,䲕,,,,,,,
19606,䲖,ɖɨu³³,ɖ,ɨu,³³,ɡ‧l,u,
19607,䲗,,,,,,,
19608,䲘,,,,,,,
19609,䲙,tset³̲³̲,ts,et̲̲,³,,,
19610,䲚,tʰɑt³̲³̲,tʰ,ɑt̲̲,³,b,ə,r
19611,䲛,məŋ³¹,m,əŋ,³¹,m,ɯ,̠ŋs
19612,䲜,ŋjap³̲³̲,ŋj,ap̲̲,³,,,
19613,䲝,,,,,,,
19614,䲞,,,,,,,
19615,䲟,,,,,,,
19616,䲠,,,,,,,
19617,䲡,,,,,,,
19618,䲢,,,,,,,
19619,䲣,ŋjɤ³³,ŋj,ɤ,³³,,,
19620,䲤,,,,,,,
19621,䲥,,,,,,,
19622,䲦,dei³¹,d,ei,³¹,d,a,̠ds
19623,䲧,du̯o³⁵,d,u̯o,³⁵,,,
19624,䲨,ɦuŋ³³,ɦ,uŋ,³³,,,
19625,䲩,,,,,,,
19626,䲪,,,,,,,
19627,䲫,,,,,,,
19628,䲬,ɡiᴇ³³,ɡ,iᴇ,³³,,,
19629,䲭,dʑiᴇ³³,dʑ,iᴇ,³³,,,
19630,䲮,ŋʷjɤn³³,ŋʷj,ɤn,³³,,,
19631,䲯,ɡɰip³̲³̲,ɡɰ,ip̲̲,³,,,
19632,䲰,ɦʲjun³¹,ɦʲj,un,³¹,,,
19633,䲱,pʰʷjaŋ³⁵,pʰʷj,aŋ,³⁵,ph,a,ŋʔ
19634,䲲,sjuŋ³³,sj,uŋ,³³,,,
19635,䲳,ɦɑŋ³³,ɦ,ɑŋ,³³,,,
19636,䲴,,,,,,,
19637,䲵,tsjak³̲³̲,tsj,ak̲̲,³,,,
19638,䲶,,,,,,,
19639,䲷,,,,,,,
19640,䲸,kɰɛi³¹,kɰ,ɛi,³¹,kr,e,̠ds
19641,䲹,bɰi³³,bɰ,i,³³,br,ɯ,
19642,䲺,kəm³¹,k,əm,³¹,,,
19643,䲻,,,,,,,
19644,䲼,ʂɰæŋ³³,ʂɰæŋ,,³³,,,
19645,䲽,teu³⁵,t,eu,³⁵,,,
19646,䲾,kʰɰæu³⁵,kʰɰæ,u,³⁵,,,
19647,䲿,,,,,,,
19648,䳀,det³̲³̲,d,et̲̲,³,l,i,̠ɡ
19649,䳁,pʷɑt³̲³̲,pʷ,ɑt̲̲,³,b,o,̠d
19650,䳂,heu³³,h,eu,³³,,,
19651,䳃,ʔʷjɤn³⁵,ʔʷj,ɤn,³⁵,,,
19652,䳄,tsʰiᴇ³⁵,tsʰ,iᴇ,³⁵,,,
19653,䳅,tɕiᴇ³⁵,tɕ,iᴇ,³⁵,kj,e,ʔ
19654,䳆,bɰæk³̲³̲,bɰæk̲̲,,³,,,
19655,䳇,mjʊ³⁵,mj,ʊ,³⁵,m,ɯ,ʔ
19656,䳈,pɑu³⁵,p,ɑu,³⁵,p,u,̠ʔ
19657,䳉,tu̯oŋ³³,t,u̯oŋ,³³,,,
19658,䳊,bʷɑt³̲³̲,bʷ,ɑt̲̲,³,,,
19659,䳋,ɖjuŋ³¹,ɖj,uŋ,³¹,ɡ‧l,u,̠ŋ
19660,䳌,kʷen³³,kʷ,en,³³,,,
19661,䳍,kjʊŋ³³,kj,ʊŋ,³³,,,
19662,䳎,ɡɨu³⁵,ɡ,ɨu,³⁵,,,
19663,䳏,kʷei³¹,kʷ,ei,³¹,kʷ,e,̠s
19664,䳐,tsʰi³¹,tsʰ,i,³¹,sh,i,s
19665,䳑,ɦʲɨu³⁵,ɦʲ,ɨu,³⁵,ɢʷ,ɯ,ʔ
19666,䳒,jʷiᴇn³³,jʷ,iᴇn,³³,ɢʷ,e,n
19667,䳓,,,,,,,
19668,䳔,ɡɨu³⁵,ɡ,ɨu,³⁵,k,u,ɡ
19669,䳕,bɨu³³,b,ɨu,³³,,,
19670,䳖,ɳiᴇp³̲³̲,ɳ,iᴇp̲̲,³,,,
19671,䳗,,,,,,,
19672,䳘,,,,,ŋ,a,̠l
19673,䳙,heŋ³⁵,h,eŋ,³⁵,,,
19674,䳚,kʰɑt³̲³̲,kʰ,ɑt̲̲,³,,,
19675,䳛,ʔen³¹,ʔ,en,³¹,,,
19676,䳜,jɤ³³,j,ɤ,³³,,,
19677,䳝,bu³⁵,b,u,³⁵,,,
19678,䳞,buŋ³⁵,b,uŋ,³⁵,,,
19679,䳟,mɰjæŋ³³,mɰjæŋ,,³³,mɡʷr,a,ŋ
19680,䳠,ʈjʊ³¹,ʈj,ʊ,³¹,,,
19681,䳡,ʔɰæn³¹,ʔɰæn,,³¹,kʷj,i,l
19682,䳢,ɡɨ³³,ɡ,ɨ,³³,ɡ,ɯ,
19683,䳣,,,,,,,
19684,䳤,piᴇt³̲³̲,p,iᴇt̲̲,³,,,
19685,䳥,,,,,,,
19686,䳦,hʷjɤn³³,hʷj,ɤn,³³,,,
19687,䳧,,,,,,,
19688,䳨,ɦʷɑŋ³³,ɦʷ,ɑŋ,³³,,,
19689,䳩,ʔiᴇu³³,ʔ,iᴇu,³³,q,e,w
19690,䳪,,,,,,,
19691,䳫,ɡʷɰi³³,ɡʷɰ,i,³³,,,
19692,䳬,,,,,,,
19693,䳭,tsiᴇk³̲³̲,ts,iᴇk̲̲,³,,,
19694,䳮,mɰɛk³̲³̲,mɰ,ɛk̲̲,³,,,
19695,䳯,tɕʰjʊŋ³⁵,tɕʰj,ʊŋ,³⁵,,,
19696,䳰,pɑu³⁵,p,ɑu,³⁵,,,
19697,䳱,,,,,,,
19698,䳲,tɕin³¹,tɕ,in,³¹,,,
19699,䳳,sʷit³̲³̲,sʷ,it̲̲,³,skl,u,d
19700,䳴,dəp³̲³̲,d,əp̲̲,³,,,
19701,䳵,,,,,,,
19702,䳶,kʰei³³,kʰ,ei,³³,,,
19703,䳷,,,,,,,
19704,䳸,,,,,,,
19705,䳹,,,,,,,
19706,䳺,ʔəm³³,ʔ,əm,³³,,,
19707,䳻,dzɑm³³,dz,ɑm,³³,,,
19708,䳼,ʔu³³,ʔ,u,³³,q,o,̠
19709,䳽,,,,,,,
19710,䳾,təŋ³³,t,əŋ,³³,,,
19711,䳿,ȵiᴇn³³,ȵ,iᴇn,³³,,,
19712,䴀,duŋ³³,d,uŋ,³³,,,
19713,䴁,ŋjʊ³¹,ŋj,ʊ,³¹,,,
19714,䴂,zjaŋ³⁵,zj,aŋ,³⁵,,,
19715,䴃,ɳɰæu³³,ɳɰæ,u,³³,,,
19716,䴄,ɕʷin³¹,ɕʷ,in,³¹,,,
19717,䴅,pu̯on³³,p,u̯on,³³,p,ɯ,̠n
19718,䴆,pʰuk³̲³̲,pʰ,uk̲̲,³,,,
19719,䴇,leŋ³³,l,eŋ,³³,,,
19720,䴈,,,,,,,
19721,䴉,zʷiᴇn³³,zʷ,iᴇn,³³,,,
19722,䴊,ŋɰiᴇ³³,ŋɰ,iᴇ,³³,,,
19723,䴋,ɦʷɰæn³³,ɦʷɰæn,,³³,,,
19724,䴌,muŋ³³,m,uŋ,³³,m,o,̠ŋ
19725,䴍,ʔɰɛŋ³³,ʔɰ,ɛŋ,³³,,,
19726,䴎,lʷi³³,lʷ,i,³³,r,o,lʔ
19727,䴏,,,,,,,
19728,䴐,,,,,,,
19729,䴑,dep³̲³̲,d,ep̲̲,³,,,
19730,䴒,leŋ³³,l,eŋ,³³,,,
19731,䴓,,,,,,,
19732,䴔,,,,,,,
19733,䴕,,,,,,,
19734,䴖,,,,,,,
19735,䴗,,,,,,,
19736,䴘,,,,,,,
19737,䴙,,,,,,,
19738,䴚,kɑŋ³⁵,k,ɑŋ,³⁵,,,
19739,䴛,siᴇu³¹,s,iᴇu,³¹,,,
19740,䴜,ʔʷɰɛi³³,ʔʷɰ,ɛi,³³,,,
19741,䴝,tʂʰʷɰæi³¹,tʂʰʷɰæ,i,³¹,,,
19742,䴞,dek³̲³̲,d,ek̲̲,³,,,
19743,䴟,ɦʷɑn³³,ɦʷ,ɑn,³³,,,
19744,䴠,ʔɰiᴇu³⁵,ʔɰ,iᴇu,³⁵,q,o,̠wʔ
19745,䴡,,,,,,,
19746,䴢,ɡjun³³,ɡj,un,³³,,,
19747,䴣,,,,,,,
19748,䴤,ʂɰæŋ³³,ʂɰæŋ,,³³,,,
19749,䴥,kɰæ³³,kɰæ,,³³,,,
19750,䴦,ŋɨn³³,ŋ,ɨn,³³,ŋr,ɯ,n
19751,䴧,ʔʷɰiᴇ³³,ʔʷɰ,iᴇ,³³,,,
19752,䴨,,,,,,,
19753,䴩,,,,,,,
19754,䴪,,,,,,,
19755,䴫,,,,,,,
19756,䴬,jɨk³̲³̲,j,ɨk̲̲,³,,,
19757,䴭,dzəi³³,dz,əi,³³,z,ɯ,̠
19758,䴮,ʂɰæn³¹,ʂɰæn,,³¹,,,
19759,䴯,hu̯ot³̲³̲,h,u̯ot̲̲,³,,,
19760,䴰,ʑjʊk³̲³̲,ʑj,ʊk̲̲,³,,,
19761,䴱,tʰɑ³³,tʰ,ɑ,³³,,,
19762,䴲,mʷɑt³̲³̲,mʷ,ɑt̲̲,³,,,
19763,䴳,hɰɛt³̲³̲,hɰ,ɛt̲̲,³,ɡʷr,e,̠d
19764,䴴,tʰep³̲³̲,tʰ,ep̲̲,³,,,
19765,䴵,piᴇŋ³⁵,p,iᴇŋ,³⁵,p,e,ŋʔ
19766,䴶,buŋ³³,b,uŋ,³³,,,
19767,䴷,ɦʷɑn³⁵,ɦʷ,ɑn,³⁵,,,
19768,䴸,pʰjʊ³³,pʰj,ʊ,³³,,,
19769,䴹,kʷɑ³⁵,kʷ,ɑ,³⁵,,,
19770,䴺,bu³⁵,b,u,³⁵,,,
19771,䴻,li³³,l,i,³³,,,
19772,䴼,tʂʰɰɛn³⁵,tʂʰɰ,ɛn,³⁵,,,
19773,䴽,pɰiᴇ³³,pɰ,iᴇ,³³,,,
19774,䴾,dzɑ³³,dz,ɑ,³³,z,a,̠l
19775,䴿,muŋ³³,m,uŋ,³³,,,
19776,䵀,sʷɑ³⁵,sʷ,ɑ,³⁵,sl,o,̠lʔ
19777,䵁,tsʰjaŋ³¹,tsʰj,aŋ,³¹,,,
19778,䵂,ɖɰɛk³̲³̲,ɖɰ,ɛk̲̲,³,ɡ‧l,e,ɡ
19779,䵃,kʷɰæŋ³⁵,kʷɰæŋ,,³⁵,kʷr,a,̠ŋʔ
19780,䵄,,,,,,,
19781,䵅,ŋɑu³³,ŋ,ɑu,³³,,,
19782,䵆,,,,,,,
19783,䵇,sen³¹,s,en,³¹,,,
19784,䵈,kʰuk³̲³̲,kʰ,uk̲̲,³,kh,o,̠ɡ
19785,䵉,,,,,,,
19786,䵊,tʰʷɑn³³,tʰʷ,ɑn,³³,,,
19787,䵋,ɦʲʷi³⁵,ɦʲʷ,i,³⁵,ɢʷr,ɯ,ʔ
19788,䵌,hem³³,h,em,³³,qh,e,̠m
19789,䵍,tʰən³³,tʰ,ən,³³,,,
19790,䵎,tʰʷɑn³³,tʰʷ,ɑn,³³,kh‧l,o,̠n
19791,䵏,lɑu³¹,l,ɑu,³¹,,,
19792,䵐,tɕʰiᴇn³⁵,tɕʰ,iᴇn,³⁵,,,
19793,䵑,ɳit³̲³̲,ɳ,it̲̲,³,n,i,d
19794,䵒,ɳit³̲³̲,ɳ,it̲̲,³,m‧l,i,ɡ
19795,䵓,,,,,,,
19796,䵔,tuŋ³⁵,t,uŋ,³⁵,,,
19797,䵕,,,,,,,
19798,䵖,kʰen³¹,kʰ,en,³¹,,,
19799,䵗,pɨk³̲³̲,p,ɨk̲̲,³,b,ɯ,̠ɡ
19800,䵘,ʂɰæ³¹,ʂɰæ,,³¹,,,
19801,䵙,ʈɰæ³³,ʈɰæ,,³³,,,
19802,䵚,tʰɑu³⁵,tʰ,ɑu,³⁵,,,
19803,䵛,kʰen³⁵,kʰ,en,³⁵,,,
19804,䵜,,,,,,,
19805,䵝,ʔɨi³¹,ʔ,ɨi,³¹,,,
19806,䵞,ɡɰjæŋ³³,ɡɰjæŋ,,³³,,,
19807,䵟,kɑn³⁵,k,ɑn,³⁵,,,
19808,䵠,tɕjak³̲³̲,tɕj,ak̲̲,³,,,
19809,䵡,,,,,,,
19810,䵢,mu̯oi³¹,m,u̯oi,³¹,,,
19811,䵣,tɑt³̲³̲,t,ɑt̲̲,³,t,a,̠d
19812,䵤,ten³⁵,t,en,³⁵,ɡ,e,̠nʔ
19813,䵥,,,,,,,
19814,䵦,zjæ³⁵,zjæ,,³⁵,,,
19815,䵧,tsəi³¹,ts,əi,³¹,,,
19816,䵨,mɰɔŋ³³,mɰɔŋ,,³³,,,
19817,䵩,,,,,,,
19818,䵪,,,,,,,
19819,䵫,hjun³³,hj,un,³³,qh,u,n
19820,䵬,dəp³̲³̲,d,əp̲̲,³,,,
19821,䵭,tɕjæ³¹,tɕjæ,,³¹,,,
19822,䵮,jaŋ³¹,j,aŋ,³¹,l̥,a,ŋ
19823,䵯,tʰu̯on³⁵,tʰ,u̯on,³⁵,,,
19824,䵰,ɕjaŋ³³,ɕj,aŋ,³³,,,
19825,䵱,ɕiᴇk³̲³̲,ɕ,iᴇk̲̲,³,,,
19826,䵲,tsʰiᴇu³³,tsʰ,iᴇu,³³,,,
19827,䵳,ʔʷɰæi³¹,ʔʷɰæ,i,³¹,q,o,̠bs
19828,䵴,tsəŋ³¹,ts,əŋ,³¹,,,
19829,䵵,tʂʷiᴇt³̲³̲,tʂʷ,iᴇt̲̲,³,skhr,o,̠d
19830,䵶,,,,,ɡ,o,
19831,䵷,ʔɰɛ³³,ʔɰ,ɛ,³³,qʷr,e,̠
19832,䵸,tsʰɨu³³,tsʰ,ɨu,³³,,,
19833,䵹,ʈiᴇ³³,ʈ,iᴇ,³³,t,e,
19834,䵺,tʰeŋ³⁵,tʰ,eŋ,³⁵,,,
19835,䵻,sʷiᴇi³¹,sʷ,iᴇi,³¹,,,
19836,䵼,ɕjaŋ³³,ɕj,aŋ,³³,,,
19837,䵽,tsʰɑp³̲³̲,tsʰ,ɑp̲̲,³,,,
19838,䵾,bjʊ³³,bj,ʊ,³³,b,o,
19839,䵿,tʰep³̲³̲,tʰ,ep̲̲,³,,,
19840,䶀,kʰəp³̲³̲,kʰ,əp̲̲,³,kh‧l,u,̠b
19841,䶁,,,,,,,
19842,䶂,tɕjak³̲³̲,tɕj,ak̲̲,³,plj,e,wɡ
19843,䶃,ɦəm³³,ɦ,əm,³³,ɡ,ɯ,̠m
19844,䶄,beŋ³³,b,eŋ,³³,b,e,̠ŋ
19845,䶅,ɦɑk³̲³̲,ɦ,ɑk̲̲,³,ɡl,a,̠ɡ
19846,䶆,tɕʷi³³,tɕʷ,i,³³,,,
19847,䶇,,,,,,,
19848,䶈,pɑk³̲³̲,p,ɑk̲̲,³,,,
19849,䶉,lɨu³³,l,ɨu,³³,,,
19850,䶊,,,,,,,
19851,䶋,,,,,,,
19852,䶌,bɰæu³¹,bɰæ,u,³¹,,,
19853,䶍,,,,,,,
19854,䶎,həp³̲³̲,h,əp̲̲,³,,,
19855,䶏,hɰi³⁵,hɰ,i,³⁵,,,
19856,䶐,hʷɰæi³¹,hʷɰæ,i,³¹,,,
19857,䶑,tei³¹,t,ei,³¹,,,
19858,䶒,tsei³³,ts,ei,³³,z,i,̠l
19859,䶓,tsei³¹,ts,ei,³¹,,,
19860,䶔,ɖiᴇ³³,ɖ,iᴇ,³³,,,
19861,䶕,bɰæ³¹,bɰæ,,³¹,,,
19862,䶖,ɡɰim³¹,ɡɰ,im,³¹,,,
19863,䶗,kʰɰæ³⁵,kʰɰæ,,³⁵,,,
19864,䶘,lip³̲³̲,l,ip̲̲,³,,,
19865,䶙,kjɤ³⁵,kj,ɤ,³⁵,ɡ,a,ʔ
19866,䶚,,,,,,,
19867,䶛,liᴇt³̲³̲,l,iᴇt̲̲,³,,,
19868,䶜,ɦu̯ok³̲³̲,ɦ,u̯ok̲̲,³,,,
19869,䶝,,,,,,,
19870,䶞,kʰɨ³³,kʰ,ɨ,³³,,,
19871,䶟,ɦɰɛm³¹,ɦɰ,ɛm,³¹,,,
19872,䶠,ŋɰɛm³³,ŋɰ,ɛm,³³,,,
19873,䶡,,,,,,,
19874,䶢,ɦɰɛp³̲³̲,ɦɰ,ɛp̲̲,³,khr,o,̠b
19875,䶣,ŋəi³³,ŋ,əi,³³,k,ɯ,̠l
19876,䶤,ɦɰɛt³̲³̲,ɦɰ,ɛt̲̲,³,ɡr,u,̠d
19877,䶥,dʐɰæ³³,dʐɰæ,,³³,skr,a,̠
19878,䶦,dʐɰɛk³̲³̲,dʐɰ,ɛk̲̲,³,shr,e,̠ɡ
19879,䶧,ŋɰæu³⁵,ŋɰæ,u,³⁵,,,
19880,䶨,,,,,,,
19881,䶩,dzei³¹,dz,ei,³¹,,,
19882,䶪,tʂʰɰɛt³̲³̲,tʂʰɰ,ɛt̲̲,³,,,
19883,䶫,ŋɰɛm³¹,ŋɰ,ɛm,³¹,,,
19884,䶬,ŋet³̲³̲,ŋ,et̲̲,³,k,e,̠n
19885,䶭,,,,,,,
19886,䶮,,,,,,,
19887,䶯,,,,,,,
19888,䶰,,,,,,,
19889,䶱,du̯oŋ³³,d,u̯oŋ,³³,,,
19890,䶲,ȵiᴇm³³,ȵ,iᴇm,³³,n,o,̠m
19891,䶳,jak³̲³̲,j,ak̲̲,³,,,
19892,䶴,tɕʰʷiᴇ³³,tɕʰʷ,iᴇ,³³,khj,o,l
19893,䶵,ɖiᴇ³³,ɖ,iᴇ,³³,ɡ‧l,e,
19894,䶶,,,,,,,
19895,䶷,,,,,,,
19896,䶸,,,,,,,
19897,䶹,,,,,,,
19898,䶺,,,,,,,
19899,䶻,,,,,,,
19900,䶼,,,,,,,
19901,䶽,,,,,,,
19902,䶾,,,,,,,
19903,䶿,,,,,,,
